"","time_point","temperature","load","voltage"
"1",0,21.6272397744361,-3.65873333333333,4.173
"2",0.1,21.6165565671642,-3.6091724137931,4.17527586206897
"3",0.2,21.6242170676692,-3.50277777777778,4.17442222222222
"4",0.3,21.6010425373134,-3.6292,4.173
"5",0.4,21.6056768,-3.50893333333333,4.173
"6",0.5,21.6221608270677,-3.5834,4.173
"7",0.6,21.6375550746269,-3.72101612903226,4.17285483870968
"8",0.7,21.644040075188,-3.51170588235294,4.173
"9",0.8,21.6424671641791,-3.537,4.173
"10",0.9,21.6164517171717,-3.68919565217391,4.173
"11",1,21.6070863432836,-3.6745,4.173
"12",1.1,21.6276013432836,-3.50688888888889,4.17571111111111
"13",1.2,21.6296693984962,-3.68966666666667,4.17313333333333
"14",1.3,21.6104149253731,-3.73028571428572,4.173
"15",1.4,21.627055,-3.49,4.173
"16",1.5,21.6734466917293,-3.5525,4.17183333333333
"18",1.7,21.6963494736842,-3.34366666666667,4.173
"19",1.8,21.710525,-3.31288888888889,4.173
"20",1.9,21.7215122,-3.399,4.173
"21",2,21.7205891729323,-2.25033333333333,4.173
"22",2.1,21.7202654545455,-2.80640425531915,4.17289361702128
"23",2.2,21.7283884210526,-3.10337777777778,4.17328888888889
"24",2.3,21.730312238806,-3.5185,4.173
"25",2.4,21.7323968421053,-3.5046,4.173
"26",2.5,21.7211972,-3.44280434782609,4.17141304347826
"27",2.6,21.7434949253731,-3.332,4.1726
"28",2.7,21.7444311363636,-3.2263,4.173
"29",2.8,21.7556240298507,-3.6278,4.173
"30",2.9,21.7398459398496,-2.74606666666667,4.173
"31",3,21.7475564179104,-2.40009090909091,4.173
"32",3.1,21.754780990099,-3.018734375,4.172296875
"33",3.2,21.7501668421053,-3.11408695652174,4.17380434782609
"34",3.3,21.7489574626866,-3.16138888888889,4.173
"35",3.4,21.7368342105263,-3.25173913043478,4.173
"36",3.5,21.6955852941176,-3.45988888888889,4.17355555555556
"37",3.6,21.698867,-3.48791304347826,4.17373913043478
"38",3.7,21.6670102255639,-3.44826666666667,4.17304444444444
"39",3.8,21.6774220895522,-3.3108,4.173
"40",3.9,21.6463186363636,-3.6990652173913,4.173
"41",4,21.6542705970149,-3.74991304347826,4.173
"42",4.1,21.6754873684211,-3.17973333333333,4.17364444444445
"43",4.2,21.6454604,-3.17104347826087,4.173
"44",4.3,21.636748358209,-3.20304347826087,4.173
"45",4.4,21.6713162121212,-3.43469565217391,4.17319565217391
"46",4.5,21.670968358209,-3.43591489361702,4.1733829787234
"47",4.6,21.6656538345865,-3.46866666666667,4.17344444444444
"48",4.7,21.6463571641791,-3.30010869565217,4.173
"49",4.8,21.640033960396,-3.49124444444444,4.173
"50",4.9,21.6409642105263,-3.96852,4.173
"51",5,21.6250232352941,-4.07734782608696,4.17382608695652
"52",5.1,21.6385513636364,-4.01193478260869,4.173
"53",5.2,21.6319826865672,-3.75122222222222,4.173
"54",5.3,21.6502045,-3.65714285714285,4.173
"55",5.4,21.6625189473684,-3.9815,4.17454166666667
"56",5.5,21.6700898507463,-3.90587755102041,4.174
"57",5.6,21.6531471212121,-3.6595,4.173
"58",5.7,21.6253533823529,-3.85883018867925,4.173
"59",5.8,21.6251218811881,-3.930375,4.173
"60",5.9,21.6208481954887,-4.02784905660377,4.173
"61",6,21.6373876119403,-3.96350980392157,4.17337254901961
"62",6.1,21.6342313636364,-3.96782978723404,4.173
"63",6.2,21.6348373134328,-3.74666666666667,4.173
"64",6.3,21.6277,-3.63549999999999,4.173
"65",6.4,21.6310871,-4.031,4.17466666666667
"66",6.5,21.615491641791,-3.88341666666667,4.174
"67",6.6,21.62806,-3.657,4.173
"68",6.7,21.64069,-3.860375,4.173
"69",6.8,21.6202118181818,-4.04127450980392,4.17496078431373
"70",6.9,21.6272246268657,-3.955,4.173
"71",7,21.6141136633663,-3.83136734693877,4.173
"72",7.1,21.6011407518797,-3.924625,4.173
"73",7.2,21.6091502941176,-3.80214583333333,4.173
"74",7.3,21.6161426515151,-3.7983125,4.173
"75",7.4,21.6432583823529,-4.0029375,4.1736875
"76",7.5,21.6450135,-3.8365306122449,4.173
"77",7.6,21.6517421052632,-3.8029375,4.173
"78",7.7,21.6560426865672,-4.04097916666667,4.173
"79",7.8,21.67193,-3.96377083333333,4.17360416666667
"80",7.9,21.6790167647059,-4.087,4.17371739130435
"81",8,21.6687864393939,-3.93419565217391,4.173
"82",8.1,21.6806488,-3.93964,4.173
"83",8.2,21.675001641791,-4.01615217391304,4.173
"84",8.3,21.6995766165414,-3.98947826086957,4.17332608695652
"85",8.4,21.6978959701493,-3.90552173913043,4.173
"86",8.5,21.6926927272727,-3.8545652173913,4.173
"87",8.6,21.6788802985075,-3.99149999999999,4.173
"88",8.7,21.7005646534653,-3.93270588235294,4.17296078431373
"89",8.8,21.6962669924812,-4.468,4.171
"90",8.9,21.6954741176471,-4.74017391304348,4.173
"91",9,21.6646171212121,-4.83793617021277,4.173
"92",9.1,21.6523204477612,-3.86363043478261,4.173
"93",9.2,21.6703244,-4.01441304347826,4.172
"94",9.3,21.6910152631579,-4.16984615384616,4.17326923076923
"95",9.4,21.6817676119403,-4.27972340425532,4.173
"96",9.5,21.6795272727273,-4.06447826086956,4.173
"97",9.6,21.68917,-4.00191304347826,4.173
"98",9.7,21.6902848,-4.26621739130435,4.17173913043478
"99",9.8,21.6661302255639,-4.71404347826087,4.173
"100",9.9,21.6486952238806,-4.97804255319149,4.173
"101",10,21.6506209090909,-3.98706521739131,4.173
"102",10.1,21.6494247058824,-4.01101960784313,4.17227450980392
"103",10.2,21.6461390909091,-4.20355319148936,4.172
"104",10.3,21.6514764,-4.24213043478261,4.173
"105",10.4,21.6375308955224,-4.54686956521739,4.173
"106",10.5,21.6569003759398,-4.34439130434783,4.173
"107",10.6,21.6557702985075,-4.38385106382979,4.173
"108",10.7,21.656990530303,-4.35811666666667,4.17251666666667
"109",10.8,21.6546235294118,-4.324,4.173
"110",10.9,21.6552893,-4.36921739130435,4.173
"111",11,21.656942481203,-4.26836956521739,4.173
"112",11.1,21.6677088235294,-4.10847826086957,4.17202173913044
"113",11.2,21.6668653383459,-4.62913043478261,4.17473913043478
"114",11.3,21.6741102941176,-4.57166666666667,4.173
"115",11.4,21.6603875,-4.3590625,4.173
"116",11.5,21.6721388059701,-4.27308510638298,4.173
"117",11.6,21.6770643939394,-4.43152173913044,4.173
"118",11.7,21.6543657894737,-4.25689361702128,4.17274468085106
"119",11.8,21.6418763636364,-4.43454347826087,4.173
"120",11.9,21.6559521804511,-4.23948936170213,4.173
"121",12,21.6167335,-4.23021739130435,4.17278260869565
"122",12.1,21.64814,-4.11954347826085,4.17365217391304
"123",12.2,21.6279330075188,-5.03534782608696,4.173
"124",12.3,21.6318541791045,-4.56926086956522,4.173
"125",12.4,21.6265545112782,-4.34917391304347,4.173
"126",12.5,21.6262353731343,-4.21272727272727,4.17545454545455
"127",12.6,21.6462316,-4.76031914893617,4.173
"128",12.7,21.6527429850746,-4.505,4.173
"129",12.8,21.6179632835821,-4.474,4.173
"130",12.9,21.6226572932331,-3.84778260869565,4.173
"131",13,21.609177761194,-4.02334782608696,4.17191304347826
"132",13.1,21.6334463636364,-4.86252173913043,4.17369565217391
"133",13.2,21.6413514925373,-4.81212,4.173
"134",13.3,21.6547263636364,-4.56325531914894,4.173
"135",13.4,21.6212373684211,-4.27202173913043,4.173
"136",13.5,21.6154194117647,-4.19979166666667,4.173
"137",13.6,21.61109,-4.59630434782609,4.173
"138",13.7,21.611561119403,-4.35678723404256,4.173
"139",13.8,21.61018,-3.91617021276596,4.173
"140",13.9,21.6196763909774,-3.94582608695652,4.17091304347826
"141",14,21.6290519402985,-3.8205652173913,4.173
"142",14.1,21.6596684962406,-3.70117021276596,4.173
"143",14.2,21.6515936,-3.91517857142858,4.173
"144",14.3,21.6812266666667,-4.42795744680851,4.173
"145",14.4,21.6670257142857,-4.25220408163265,4.17381632653061
"146",14.5,21.6400526865672,-4.25886956521739,4.173
"147",14.6,21.6459928571429,-4.14991304347826,4.173
"148",14.7,21.6524373134328,-3.97116666666667,4.173
"149",14.8,21.644943,-3.99478181818182,4.17343636363636
"150",14.9,21.6436874626866,-4.00795833333333,4.171375
"151",15,21.656963880597,-3.65986956521739,4.173
"152",15.1,21.6469996240602,-3.81460869565217,4.173
"153",15.2,21.6624976470588,-4.39034782608696,4.173
"154",15.3,21.6516345454545,-4.26387234042553,4.17308510638298
"155",15.4,21.6410119402985,-4.29721739130435,4.173
"156",15.5,21.6504036363636,-4.16260869565218,4.173
"157",15.6,21.6510403759398,-4.09339130434783,4.173
"158",15.7,21.6497347761194,-3.94830434782609,4.173
"159",15.8,21.6495054887218,-3.83065217391304,4.17113043478261
"160",15.9,21.6512184,-3.69693617021277,4.17204255319149
"161",16,21.6685393939394,-2.70830434782608,4.173
"162",16.1,21.6149757142857,-2.65458695652173,4.173
"163",16.2,21.6178847761194,-2.83443478260869,4.17365217391304
"164",16.3,21.6194257142857,-2.74726086956522,4.173
"165",16.4,21.610163880597,-3.9655,4.173
"166",16.5,21.60956,-3.84828260869565,4.173
"167",16.6,21.6261326865672,-3.74263829787234,4.173
"168",16.7,21.6249392537313,-3.93210869565217,4.17215217391304
"169",16.8,21.6252047368421,-3.58804347826088,4.17295652173913
"170",16.9,21.6556037313433,-2.91539285714286,4.173
"171",17,21.6320284,-2.56042857142857,4.173
"172",17.1,21.6340786466165,-2.79017021276595,4.173
"173",17.2,21.6208242424242,-2.74727272727273,4.17474545454545
"174",17.3,21.6373585714286,-2.80647826086956,4.173
"175",17.4,21.6185116176471,-3.92673913043478,4.173
"176",17.5,21.6252524,-3.77036170212765,4.173
"177",17.6,21.6233888721804,-3.7501914893617,4.173
"178",17.7,21.6147915151515,-3.6324,4.17316
"179",17.8,21.6516492537313,-3.96585454545454,4.17358181818182
"180",17.9,21.6648534328358,-3.99982456140351,4.173
"181",18,21.6354892481203,-3.96817391304348,4.173
"182",18.1,21.6386872,-3.91715217391305,4.173
"183",18.2,21.6550552238806,-3.83517647058824,4.17347058823529
"184",18.3,21.6780751515152,-2.72165217391309,4.173
"185",18.4,21.71241,-2.12908695652174,4.173
"186",18.5,21.6963585714286,-3.89008695652174,4.173
"187",18.6,21.6770979104478,-3.714,4.173
"188",18.7,21.666558019802,-3.69217391304348,4.17230434782609
"189",18.8,21.6612566666667,-4.13956521739131,4.173
"190",18.9,21.6508228358209,-3.95348936170213,4.173
"191",19,21.6815271428571,-4.03134042553191,4.173
"192",19.1,21.6887677941176,-3.87021276595745,4.173
"193",19.2,21.6910391,-3.51571999999999,4.17332
"194",19.3,21.6987777443609,-2.02737500000001,4.173
"195",19.4,21.6914047761194,-2.07589361702128,4.173
"196",19.5,21.6808807575758,-1.97531914893616,4.173
"197",19.6,21.6784105970149,-1.8564262295082,4.1726393442623
"198",19.7,21.6885614285714,-1.922,4.171
"199",19.8,21.6971815841584,-3.32208695652173,4.173
"200",19.9,21.6623053731343,-3.546,4.173
"201",20,21.6817312878788,-3.46714285714286,4.173
"202",20.1,21.7005280597015,-3.20840425531914,4.17117021276596
"203",20.2,21.7231657142857,-3.3465744680851,4.17321276595745
"204",20.3,21.7342859701493,-3.6242765957447,4.173
"205",20.4,21.7406592079208,-2.32017021276596,4.173
"206",20.5,21.7296868939394,-1.91065217391304,4.173
"207",20.6,21.7110226865672,-1.846,4.17225531914894
"208",20.7,21.7341371428571,-2.20251063829787,4.17304255319149
"209",20.8,21.7286413636364,-3.43990909090909,4.173
"210",20.9,21.7207718,-3.393375,4.173
"211",21,21.718027593985,-3.552,4.173
"212",21.1,21.7016804477612,-3.34383333333334,4.17266666666667
"213",21.2,21.7233333082707,-3.21925,4.17375
"214",21.3,21.7413526470588,-3.75389655172414,4.173
"215",21.4,21.7552534,-3.90653191489362,4.173
"216",21.5,21.7490414285714,-3.83312765957447,4.17302127659574
"217",21.6,21.7558013432836,-4.14393617021277,4.17263829787234
"218",21.7,21.7531624242424,-4.10651063829787,4.173
"219",21.8,21.7326052238806,-3.90943750000001,4.173
"220",21.9,21.7417983458647,-3.79914893617022,4.173
"221",22,21.7457996,-3.92946808510638,4.173
"222",22.1,21.7425495522388,-3.91155319148936,4.17389361702128
"223",22.2,21.7303129545455,-4.04690740740741,4.173
"224",22.3,21.725926119403,-3.8280909090909,4.173
"225",22.4,21.7185620300752,-3.85055319148936,4.17282978723404
"226",22.5,21.714196119403,-3.99897872340426,4.17340425531915
"227",22.6,21.709117029703,-4.16344680851064,4.173
"228",22.7,21.7115552631579,-4.08689361702128,4.173
"229",22.8,21.7147667647059,-3.88685245901639,4.173
"230",22.9,21.708973030303,-3.8664255319149,4.173
"231",23,21.7002808823529,-3.91261702127659,4.173
"232",23.1,21.7217102,-3.96070212765957,4.17359574468085
"233",23.2,21.7136171428571,-4.07275675675676,4.173
"234",23.3,21.7318473134328,-3.91407692307692,4.173
"235",23.4,21.7180059090909,-4.42387234042554,4.173
"236",23.5,21.7041641176471,-4.51314893617021,4.172
"237",23.6,21.71922,-4.22052173913043,4.173
"238",23.7,21.715847,-4.24648936170213,4.173
"239",23.8,21.7215994117647,-4.02531914893617,4.173
"240",23.9,21.718223030303,-4.16912765957445,4.173
"241",24,21.7180164705882,-5.15213043478261,4.173
"242",24.1,21.7238636363636,-5.05946808510638,4.173
"243",24.2,21.7326819402985,-4.86729787234043,4.173
"244",24.3,21.7316856,-3.9843829787234,4.173
"245",24.4,21.7281829545455,-4.29995744680851,4.173
"246",24.5,21.7077792647059,-4.47025531914893,4.172
"247",24.6,21.6987570454545,-4.27770212765957,4.173
"248",24.7,21.713093880597,-4.26338461538461,4.173
"249",24.8,21.692238,-4.01460784313726,4.173
"250",24.9,21.6917268421053,-4.87513559322035,4.173
"251",25,21.7092751470588,-5.131,4.173
"252",25.1,21.7071070454545,-5.03289130434783,4.173
"253",25.2,21.7177217647059,-5.02865217391304,4.173
"254",25.3,21.6948481,-4.933,4.17386
"255",25.4,21.7019312781955,-5.51197872340426,4.17187234042553
"256",25.5,21.7043462686567,-4.829,4.174
"257",25.6,21.6763229545455,-4.57393617021277,4.17387234042553
"258",25.7,21.652326119403,-4.76404255319149,4.173
"259",25.8,21.6579169172932,-4.56621212121213,4.173
"260",25.9,21.6564052,-4.70976595744681,4.173
"261",26,21.675328358209,-4.65159574468085,4.17395744680851
"262",26.1,21.6814242424242,-4.85866666666666,4.173
"263",26.2,21.6755447058824,-5.13040425531914,4.173
"264",26.3,21.6659921212121,-4.9198085106383,4.17359574468085
"265",26.4,21.6723285074627,-5.12357446808511,4.173
"266",26.5,21.6550828712871,-4.63463829787233,4.174
"267",26.6,21.6636857894737,-4.64612765957447,4.17325531914894
"268",26.7,21.6743117647059,-4.81267857142857,4.173
"269",26.8,21.6744380451128,-4.69863829787234,4.173
"270",26.9,21.70195,-4.8045,4.173
"271",27,21.7073916,-3.76134042553198,4.173
"272",27.1,21.7013371641791,-5.589,4.173
"273",27.2,21.6883875757576,-5.37556140350877,4.173
"274",27.3,21.6858025757576,-5.22704255319149,4.17208510638298
"275",27.4,21.6617476119403,-4.98648936170213,4.17395744680851
"276",27.5,21.6750057575758,-4.74262499999999,4.172125
"277",27.6,21.6795344776119,-4.54565957446809,4.173
"278",27.7,21.6928572727273,-4.87878723404255,4.173
"279",27.8,21.6708713533835,-4.92633333333334,4.173
"280",27.9,21.6521301492537,-4.72033333333333,4.1705
"281",28,21.6453960902256,-4.90029787234042,4.17327659574468
"282",28.1,21.6752505970149,-5.48361702127659,4.173
"283",28.2,21.680974,-5.25661702127659,4.173
"284",28.3,21.7001469172932,-5.19172,4.17248
"285",28.4,21.69875,-4.9069375,4.1734375
"286",28.5,21.7011214285714,-4.66091489361702,4.17268085106383
"287",28.6,21.67685,-4.67376595744681,4.173
"288",28.7,21.6610338383838,-4.86463829787234,4.173
"289",28.8,21.6424619402985,-4.63153191489363,4.173
"290",28.9,21.6372389552239,-4.76344,4.173
"291",29,21.6174284962406,-4.75174468085105,4.17389361702128
"292",29.1,21.6143761764706,-4.89842553191489,4.173
"293",29.2,21.6226963636364,-4.8658085106383,4.173
"294",29.3,21.5860152238806,-4.78872916666667,4.17347916666667
"295",29.4,21.59439,-4.7385625,4.173
"296",29.5,21.6177584210526,-4.91982978723405,4.173
"297",29.6,21.6482373134328,-4.856,4.173
"298",29.7,21.6359812030075,-4.78810638297873,4.173
"299",29.8,21.6384594029851,-4.66444680851064,4.17351063829787
"300",29.9,21.632048,-4.80461702127659,4.173
"301",30,21.6278513533835,-4.65270588235294,4.17338235294118
"302",30.1,21.6554349253731,-4.89468085106383,4.173
"303",30.2,21.667642556391,-4.88055319148936,4.173
"304",30.3,21.6544449253731,-4.79276470588235,4.17358823529412
"305",30.4,21.6613512121212,-4.731,4.173
"306",30.5,21.6463947761194,-4.91982978723405,4.173
"307",30.6,21.6238743283582,-4.84387234042553,4.173
"308",30.7,21.6451595488722,-4.73051020408163,4.17708163265306
"309",30.8,21.6722179411765,-4.655,4.173
"310",30.9,21.6644216,-4.748625,4.173
"311",31,21.6653753383459,-4.52612765957447,4.173
"312",31.1,21.6845863636364,-4.50901351351351,4.173
"313",31.2,21.6940409774436,-4.66108333333333,4.173
"314",31.3,21.6826867164179,-4.47416363636363,4.17247272727273
"315",31.4,21.671822,-4.275,4.17376595744681
"316",31.5,21.6663596240601,-4.14302127659573,4.17340425531915
"317",31.6,21.6593781818182,-3.89471875,4.173
"318",31.7,21.6631165413534,-3.97155319148936,4.173
"319",31.8,21.6569208955224,-3.95178723404255,4.1733829787234
"320",31.9,21.6635357894737,-4.21562264150943,4.17233962264151
"321",32,21.6654486567164,-4.54502127659574,4.173
"322",32.1,21.6445641,-4.51544680851063,4.173
"323",32.2,21.6320772180451,-4.66033333333333,4.173
"324",32.3,21.6401398507463,-4.47004255319149,4.17259574468085
"325",32.4,21.6468816541353,-4.275,4.173609375
"326",32.5,21.6534176119403,-4.184,4.1735
"327",32.6,21.6385269,-3.90755319148938,4.173
"328",32.7,21.6555178195489,-3.99048936170212,4.173
"329",32.8,21.67443,-3.99412765957446,4.17317021276596
"330",32.9,21.6739160150376,-4.03131914893617,4.17204255319149
"331",33,21.6815464705882,-4.02393617021277,4.173
"332",33.1,21.68144,-4.54125,4.173
"333",33.2,21.684608,-4.50253191489362,4.173
"334",33.3,21.682848,-4.56091489361702,4.173
"335",33.4,21.6809028571429,-4.64593617021277,4.17353191489362
"336",33.5,21.6731249253731,-4.5312340425532,4.173
"337",33.6,21.687487443609,-4.5035744680851,4.173
"338",33.7,21.6866138383838,-4.51076595744681,4.17382978723404
"339",33.8,21.6702711940298,-4.32817021276596,4.17306382978723
"340",33.9,21.6702199242424,-3.97940425531915,4.173
"341",34,21.6609979104478,-4.40575,4.173
"342",34.1,21.6581652631579,-4.54717021276596,4.173
"343",34.2,21.6510192537313,-4.4533829787234,4.173
"344",34.3,21.6712866336634,-4.74968085106383,4.1733829787234
"345",34.4,21.6936144360902,-4.53927659574468,4.173
"346",34.5,21.6815808955224,-4.55910638297872,4.173
"347",34.6,21.6795465413534,-4.49289361702128,4.173
"348",34.7,21.6717523529412,-4.60112765957447,4.174
"349",34.8,21.666428,-4.60934042553191,4.17212765957447
"350",34.9,21.6690693233083,-4.58304255319149,4.173
"351",35,21.670851641791,-4.549,4.173
"352",35.1,21.6690042424242,-4.29212765957446,4.173
"353",35.2,21.6535994029851,-3.60960000000007,4.173
"354",35.3,21.6462369,-2.59631914893617,4.173
"355",35.4,21.6390997,-3.71983333333334,4.173
"356",35.5,21.640269009901,-4.10702985074627,4.173
"357",35.6,21.6399033333333,-4.02704255319149,4.173
"358",35.7,21.6382201492537,-4.48934042553191,4.17412765957447
"359",35.8,21.6375681203008,-4.617,4.172
"360",35.9,21.6269337313433,-4.52480392156863,4.173
"361",36,21.6684395,-4.5415625,4.173
"362",36.1,21.6842297727273,-4.27969230769231,4.173
"363",36.2,21.667421641791,-3.17655319148937,4.173
"364",36.3,21.6375319402985,-2.89351063829786,4.173
"365",36.4,21.6222808955224,-3.8895,4.173
"366",36.5,21.6428837,-4.14183333333334,4.173
"367",36.6,21.6526393233083,-4.05417021276597,4.17365957446809
"368",36.7,21.6366294029851,-4.2841063829787,4.173
"369",36.8,21.63286,-4.28812765957446,4.173
"370",36.9,21.6492054411765,-4.37725000000001,4.173
"371",37,21.6589871,-4.80447169811322,4.173
"372",37.1,21.6586267,-5.16298113207546,4.173
"373",37.2,21.683755049505,-4.97291489361702,4.173
"374",37.3,21.7172357575758,-4.76736170212766,4.173
"375",37.4,21.7199898507463,-4.65544680851065,4.173
"376",37.5,21.7134353383459,-4.640625,4.173
"377",37.6,21.716467761194,-4.16002127659574,4.17406382978723
"378",37.7,21.6765427,-4.07104255319152,4.173
"379",37.8,21.6703981203008,-4.27965384615385,4.173
"380",37.9,21.6860664705882,-4.38429787234043,4.173
"381",38,21.696743030303,-4.90791489361702,4.173
"382",38.1,21.6811894029851,-5.06691666666666,4.173
"383",38.2,21.6689794,-4.91653846153848,4.173
"384",38.3,21.6625166666667,-4.82038297872341,4.173
"385",38.4,21.6687676470588,-4.896125,4.173
"386",38.5,21.6637166666667,-4.65514893617022,4.173
"387",38.6,21.6386142647059,-4.83225,4.174
"388",38.7,21.6786952,-4.7959375,4.173
"389",38.8,21.6844396992481,-4.67485106382979,4.173
"390",38.9,21.7024286567164,-4.92159574468085,4.173
"391",39,21.6966768939394,-5.23191666666666,4.174
"392",39.1,21.7135504411765,-4.934,4.174
"393",39.2,21.7000421212121,-5.16759574468086,4.173
"394",39.3,21.6980478217822,-5.22094736842105,4.173
"395",39.4,21.7037105940594,-4.85421276595746,4.173
"396",39.5,21.69717,-4.76570833333333,4.17320833333333
"397",39.6,21.6904010447761,-4.77263829787234,4.17370212765957
"398",39.7,21.7211786466165,-4.74602127659576,4.173
"399",39.8,21.7171442424242,-4.758125,4.173
"400",39.9,21.6981516,-4.86552380952381,4.173
"401",40,21.68995,-5.12468085106383,4.17227659574468
"402",40.1,21.6806308823529,-4.98220833333334,4.17345833333333
"403",40.2,21.7040754545455,-5.14717021276596,4.173
"404",40.3,21.7108053731343,-5.21056140350877,4.173
"405",40.4,21.7205959,-5.39008510638299,4.173
"406",40.5,21.7020406766917,-6.01470689655173,4.17263793103448
"407",40.6,21.7105964705882,-5.70106382978719,4.173
"408",40.7,21.71071,-5.12556249999999,4.173
"409",40.8,21.7138864705882,-5.33866037735849,4.173
"410",40.9,21.716668,-5.23860416666667,4.17322916666667
"411",41,21.7182296,-5.35465957446809,4.174
"412",41.1,21.7044040594059,-5.24098245614035,4.17422807017544
"413",41.2,21.6797068181818,-5.12885106382978,4.173
"414",41.3,21.6838733823529,-5.27831914893616,4.173
"415",41.4,21.6711031818182,-5.49383333333332,4.173
"416",41.5,21.6599885074627,-6.11774468085109,4.17229787234043
"417",41.6,21.6706084,-5.50234042553189,4.173
"418",41.7,21.679502631579,-5.18431249999999,4.173
"419",41.8,21.6926950746269,-5.34672499999999,4.173
"420",41.9,21.6891190909091,-5.23185106382979,4.17310638297872
"421",42,21.70291,-5.366,4.174
"422",42.1,21.6944269,-5.24329166666667,4.17458333333333
"423",42.2,21.6865534586466,-5.10910638297871,4.173
"424",42.3,21.6683641176471,-5.29149999999999,4.173
"425",42.4,21.6553521052632,-5.25606382978723,4.173
"426",42.5,21.6636686567164,-5.45375438596491,4.173
"427",42.6,21.6604778,-5.21174074074074,4.17362962962963
"428",42.7,21.6801649253731,-5.51457446808509,4.173
"429",42.8,21.6838615151515,-6.15106382978722,4.173
"430",42.9,21.6841936842105,-6.24416666666667,4.17358333333333
"431",43,21.6815050746269,-5.89233333333332,4.173
"432",43.1,21.6824557575758,-5.64785416666667,4.17277083333333
"433",43.2,21.7196142,-5.48976595744682,4.173
"434",43.3,21.7591344554455,-5.33074468085107,4.173
"435",43.4,21.7866294736842,-5.235,4.173
"436",43.5,21.7927128358209,-5.25517021276595,4.17310638297872
"437",43.6,21.8015381818182,-5.25748979591837,4.173
"438",43.7,21.8109468656716,-5.93130769230769,4.173
"439",43.8,21.8020582,-6.40358620689655,4.173
"440",43.9,21.8027045112782,-6.18206382978724,4.17395744680851
"441",44,21.7832731343284,-5.81155319148935,4.17295744680851
"442",44.1,21.7951034090909,-5.63402127659574,4.173
"443",44.2,21.7996837313433,-5.48,4.173
"444",44.3,21.7961828,-5.62568085106383,4.173
"445",44.4,21.8051014285714,-5.76687234042553,4.17346808510638
"446",44.5,21.8120447058824,-5.657,4.173
"447",44.6,21.8059512878788,-5.30506382978722,4.173
"448",44.7,21.8169361764706,-5.19982978723403,4.173
"449",44.8,21.7991771,-5.38679166666667,4.174
"450",44.9,21.8002096,-5.37375,4.173
"451",45,21.8128759405941,-5.17791489361703,4.17417021276596
"452",45.1,21.81873,-5.36481632653061,4.173
"453",45.2,21.8105362686567,-5.31563829787234,4.173
"454",45.3,21.7639245454545,-5.59630612244898,4.173
"455",45.4,21.7096326865672,-5.77772340425532,4.17368085106383
"456",45.5,21.7006259,-5.67902127659575,4.173
"457",45.6,21.7052430827068,-5.12629166666664,4.173
"458",45.7,21.7232219402985,-5.29026923076923,4.173
"459",45.8,21.7244472180451,-5.37970833333333,4.174
"460",45.9,21.7117092537313,-5.61982978723404,4.17293617021277
"461",46,21.7129355555556,-5.2501875,4.174625
"462",46.1,21.7140579104478,-5.34639583333333,4.173
"463",46.2,21.7186526865672,-5.25057446808511,4.173
"464",46.3,21.7169266165414,-5.2142340425532,4.17402127659574
"465",46.4,21.710703880597,-5.19533333333333,4.174
"466",46.5,21.7177684848485,-4.92470212765958,4.173
"467",46.6,21.7194220895522,-4.73994736842105,4.173
"468",46.7,21.7124733333333,-4.72058333333334,4.173
"469",46.8,21.7100278195489,-4.79425,4.173
"470",46.9,21.6966685294118,-4.498,4.17266666666667
"471",47,21.679788989899,-3.85199999999997,4.173
"472",47.1,21.6840345544554,-4.31431914893624,4.173
"473",47.2,21.6982905,-5.24014285714286,4.173
"474",47.3,21.6935615037594,-5.1326595744681,4.17478723404255
"475",47.4,21.6729794029851,-5.17829629629629,4.174
"476",47.5,21.6235045864662,-4.71166666666667,4.173
"477",47.6,21.6143207462687,-4.745,4.173
"478",47.7,21.6257495959596,-4.7017659574468,4.173
"479",47.8,21.6201686466165,-4.72653571428572,4.17280357142857
"480",47.9,21.5872201492537,-4.39231914893618,4.173
"481",48,21.5999131578947,-3.708,4.173
"482",48.1,21.5947674626866,-4.00212500000002,4.173
"483",48.2,21.6074511111111,-4.47431914893615,4.17355319148936
"484",48.3,21.6175448507463,-4.752125,4.1734375
"485",48.4,21.6267471641791,-4.89460416666668,4.1740625
"486",48.5,21.6104290225564,-4.93675,4.173
"487",48.6,21.6148552941176,-4.89331914893617,4.173
"488",48.7,21.609814040404,-4.98173469387755,4.173
"489",48.8,21.6082369306931,-4.99362499999998,4.17295833333333
"490",48.9,21.6177613,-5.10610638297874,4.173
"491",49,21.6310009774436,-3.97375,4.173
"492",49.1,21.6433980597015,-4.32406382978724,4.17336170212766
"493",49.2,21.6365027067669,-4.6474716981132,4.17343396226415
"494",49.3,21.6248737313433,-4.87929787234042,4.17434042553191
"495",49.4,21.6458192929293,-4.9181875,4.173
"496",49.5,21.64449,-4.918,4.173
"497",49.6,21.6473795522388,-4.99837500000001,4.173
"498",49.7,21.6525787218045,-5.03133333333333,4.173
"499",49.8,21.6351705970149,-5.10607547169812,4.17241509433962
"500",49.9,21.645524,-5.031875,4.173
"501",50,21.6454769924812,-4.95208333333334,4.173
"502",50.1,21.639638358209,-4.68642553191486,4.17346808510638
"503",50.2,21.6342387218045,-4.22200000000001,4.1724375
"504",50.3,21.6563979104478,-3.35212765957447,4.17276595744681
"505",50.4,21.66326,-3.3733829787234,4.173
"506",50.5,21.6619003007519,-4.0883673469388,4.173
"507",50.6,21.6614,-4.43269387755102,4.173
"508",50.7,21.6674868421053,-4.59683333333335,4.1708125
"509",50.8,21.6597705882353,-4.45489361702128,4.17217021276596
"510",50.9,21.6610724,-4.56425,4.173
"511",51,21.6423948,-4.95775,4.173
"512",51.1,21.637348,-4.56381249999996,4.17377083333333
"513",51.2,21.6397987969925,-4.14561702127661,4.17291489361702
"514",51.3,21.6428432835821,-3.36102040816327,4.17387755102041
"515",51.4,21.6749580451128,-3.46644262295082,4.173
"516",51.5,21.6780229850746,-4.17216666666669,4.173
"517",51.6,21.6466896,-4.93033333333335,4.17625
"518",51.7,21.6487833333333,-4.547,4.17
"519",51.8,21.6474073134328,-4.41914893617022,4.17208510638298
"520",51.9,21.6337203759399,-4.3516923076923,4.173
"521",52,21.6338565671642,-4.578125,4.173
"522",52.1,21.631518,-4.964,4.173
"523",52.2,21.6302742857143,-5.29017021276596,4.17202127659574
"524",52.3,21.6379391044776,-5.34072916666667,4.173
"525",52.4,21.6319603759398,-5.31112765957447,4.173
"526",52.5,21.6268070588235,-5.031375,4.173
"527",52.6,21.6071628,-5.10916981132071,4.173
"528",52.7,21.6132924,-4.807125,4.172
"529",52.8,21.6245773267327,-5.19998113207548,4.17366037735849
"530",52.9,21.6274378030303,-4.54910638297872,4.173
"531",53,21.614341641791,-4.6795,4.173
"532",53.1,21.6216077443609,-5.18443750000002,4.173
"533",53.2,21.6217779104478,-5.20710416666667,4.17264583333333
"534",53.3,21.6276104,-5.28325,4.173
"535",53.4,21.6327533333333,-5.16272340425532,4.173
"536",53.5,21.6470064705882,-5.06171641791045,4.173
"537",53.6,21.6595466666667,-4.91059574468084,4.173
"538",53.7,21.6773131343284,-5.14475510204077,4.172
"539",53.8,21.7013855,-5.17785714285713,4.17314285714286
"540",53.9,21.6999927819549,-5.08320833333333,4.173
"541",54,21.6994523529412,-5.305625,4.173
"542",54.1,21.7035333333333,-5.28597872340425,4.173
"543",54.2,21.6908934328358,-5.27587499999998,4.17329166666667
"544",54.3,21.7011475,-5.48785106382978,4.173
"545",54.4,21.7086957894737,-5.5293125,4.173
"546",54.5,21.694963880597,-5.43366666666667,4.173
"547",54.6,21.7069411363636,-5.53542857142857,4.17314285714286
"548",54.7,21.7136170588235,-5.65593617021277,4.17346808510638
"549",54.8,21.721588,-5.13525,4.173
"550",54.9,21.729266,-5.04113725490196,4.173
"551",55,21.7185692079208,-5.39689361702128,4.173
"552",55.1,21.70861,-5.26077083333333,4.173
"553",55.2,21.7047623529412,-5.35697872340424,4.17376595744681
"554",55.3,21.7353933333333,-5.61334,4.173
"555",55.4,21.731963880597,-5.42658333333334,4.173
"556",55.5,21.7070695,-5.437,4.173
"557",55.6,21.7255886363636,-5.47408510638298,4.17225531914894
"558",55.7,21.7547483823529,-5.76763829787234,4.173
"559",55.8,21.7548186363636,-5.88158490566037,4.173
"560",55.9,21.7761525373134,-6.0915625,4.173
"561",56,21.7731,-6.57475000000001,4.173
"562",56.1,21.7772130827068,-6.6229649122807,4.17212280701754
"563",56.2,21.7669570588235,-5.86460000000001,4.173
"564",56.3,21.7748997727273,-5.72908474576271,4.173
"565",56.4,21.7910532352941,-5.80333333333333,4.173
"566",56.5,21.779843,-5.54104166666666,4.1719375
"567",56.6,21.785206,-5.60992307692309,4.17342307692308
"568",56.7,21.77876,-5.77859574468085,4.17351063829787
"569",56.8,21.7622781954887,-5.9625744680851,4.173
"570",56.9,21.7287507352941,-6.06927868852459,4.173
"571",57,21.7312067424242,-6.57121276595744,4.173
"572",57.1,21.7378389552239,-6.62476595744681,4.17197872340425
"573",57.2,21.7322968,-5.85025,4.173
"574",57.3,21.727582556391,-5.72016666666667,4.173
"575",57.4,21.7263958208955,-5.68787234042552,4.173
"576",57.5,21.7369566666667,-5.51814893617021,4.17082978723404
"577",57.6,21.7543595522388,-5.66978723404256,4.17385106382979
"578",57.7,21.7452985,-5.70000000000001,4.17302127659574
"579",57.8,21.7390431818182,-6.02883333333332,4.173
"580",57.9,21.7486130882353,-5.533,4.173
"581",58,21.7343281203008,-6.27000000000004,4.173
"582",58.1,21.7274895522388,-6.52493617021276,4.17378723404255
"583",58.2,21.7341090909091,-6.52911538461538,4.173
"584",58.3,21.7232341791045,-6.28455319148936,4.173
"585",58.4,21.7333118181818,-6.10579245283019,4.173
"586",58.5,21.7274183458647,-6.06466666666666,4.17508333333333
"587",58.6,21.7239104411765,-5.898,4.173
"588",58.7,21.7485018181818,-5.70259574468085,4.173
"589",58.8,21.736961980198,-5.67148979591837,4.173
"590",58.9,21.7081416831683,-5.04675000000004,4.173
"591",59,21.6906778195489,-6.503,4.173
"592",59.1,21.6795931343284,-6.50099999999999,4.17389583333333
"593",59.2,21.67558,-6.52501886792454,4.173
"594",59.3,21.670852238806,-6.26793617021277,4.173
"595",59.4,21.67745,-6.120375,4.1733125
"596",59.5,21.6756901503759,-6.04708333333333,4.1721875
"597",59.6,21.6795055223881,-5.91189583333333,4.17352083333333
"598",59.7,21.6747176691729,-6.00050000000001,4.173
"599",59.8,21.6847270149254,-5.87666666666667,4.173
"600",59.9,21.6852615151515,-5.88625,4.173
"601",60,21.6692219402985,-5.45817021276594,4.17385106382979
"602",60.1,21.6690080597015,-5.39112765957447,4.173
"603",60.2,21.6530672180451,-5.29025,4.173
"604",60.3,21.6479397058824,-5.55784615384614,4.173
"605",60.4,21.6364863636364,-6.11865957446809,4.17270212765957
"606",60.5,21.6398997029703,-5.99434042553192,4.17327659574468
"607",60.6,21.6494425,-5.91943750000001,4.173
"608",60.7,21.6622741353383,-5.95587234042553,4.173
"609",60.8,21.6585573134328,-5.89514893617021,4.173
"610",60.9,21.6520196240602,-5.824875,4.173
"611",61,21.6700213432836,-5.39729166666667,4.17329166666667
"612",61.1,21.6963718181818,-5.40445833333333,4.173
"613",61.2,21.7065695488722,-5.36602127659573,4.173
"614",61.3,21.7127355223881,-5.79833333333333,4.173
"615",61.4,21.7099562406015,-6.04475,4.17225
"616",61.5,21.6997014925373,-5.76103703703703,4.17274074074074
"617",61.6,21.7144345454545,-5.63120289855072,4.173
"618",61.7,21.7231611940298,-5.48200000000001,4.173
"619",61.8,21.7167040298507,-5.4311836734694,4.173
"620",61.9,21.7157651879699,-5.22194117647059,4.172
"621",62,21.7314159701493,-5.16614583333334,4.173
"622",62.1,21.7351926,-4.9598431372549,4.173
"623",62.2,21.7349434586466,-5.02642553191491,4.173
"624",62.3,21.7210924242424,-4.98585106382979,4.17387234042553
"625",62.4,21.7088912030075,-5.59977083333336,4.17204166666667
"626",62.5,21.6969361764706,-5.72258333333333,4.173
"627",62.6,21.7053372,-5.591375,4.173
"628",62.7,21.7060402,-5.44093442622951,4.173
"629",62.8,21.7081412,-5.33278846153846,4.173
"630",62.9,21.6955012781955,-5.24124489795918,4.172
"631",63,21.6894565671642,-5.18734042553192,4.173
"632",63.1,21.6725782706767,-4.92615686274513,4.173
"633",63.2,21.6764805970149,-4.96874999999999,4.173
"634",63.3,21.6612416161616,-4.98008333333333,4.174
"635",63.4,21.6665812030075,-4.89720833333333,4.17245833333333
"636",63.5,21.6833355223881,-4.98033333333333,4.17233333333333
"637",63.6,21.6789302255639,-4.93491489361702,4.173
"638",63.7,21.6855256716418,-4.54837500000001,4.173
"639",63.8,21.6826501,-4.55666666666667,4.173
"640",63.9,21.6749835338346,-4.39843749999999,4.17454166666667
"641",64,21.6679720895522,-4.49965957446808,4.173
"642",64.1,21.6811191729323,-4.39958333333332,4.173
"643",64.2,21.6678105882353,-5.50576595744678,4.17187234042553
"644",64.3,21.6754588,-5.293,4.174
"645",64.4,21.6704778,-5.0737755102041,4.17095918367347
"646",64.5,21.6806942,-4.935,4.173
"647",64.6,21.6940742105263,-4.89606382978722,4.173
"648",64.7,21.7000955223881,-4.45489583333332,4.173
"649",64.8,21.6996234586466,-4.56246808510638,4.173
"650",64.9,21.6948491044776,-4.35655319148936,4.1746170212766
"651",65,21.6865912,-4.527375,4.173
"652",65.1,21.7018443939394,-4.38702127659575,4.173
"653",65.2,21.7040432835821,-5.32535416666665,4.173
"654",65.3,21.7020439097744,-5.45929787234043,4.17246808510638
"655",65.4,21.7067689552239,-5.36175,4.17291666666667
"656",65.5,21.7077727,-5.23233333333335,4.173
"657",65.6,21.7003158646617,-5.17582978723405,4.173
"658",65.7,21.7028732835821,-4.97893442622947,4.173
"659",65.8,21.7050155639098,-3.85793749999998,4.174
"660",65.9,21.713522238806,-3.4676440677966,4.173
"661",66,21.7045613,-3.4189375,4.173
"662",66.1,21.6991745864662,-3.7113617021277,4.173
"663",66.2,21.7007110447761,-4.137693877551,4.173
"664",66.3,21.7124466666667,-5.38408510638301,4.17259574468085
"665",66.4,21.7069461764706,-5.35463265306123,4.17265306122449
"666",66.5,21.7093004,-5.20673584905661,4.173
"667",66.6,21.712714,-5.15002083333332,4.173
"668",66.7,21.6886674257426,-5.14691489361695,4.173
"669",66.8,21.6869710606061,-3.80242553191487,4.174
"670",66.9,21.7075489552239,-3.30440740740738,4.173
"671",67,21.7116611278195,-3.51589583333332,4.173
"672",67.1,21.7124410447761,-3.86819148936176,4.173
"673",67.2,21.7240482,-4.04348936170213,4.173
"674",67.3,21.7139303030303,-4.37985106382985,4.17182978723404
"675",67.4,21.6991059701493,-5.10035416666666,4.173
"676",67.5,21.6952446616541,-4.97740000000004,4.173
"677",67.6,21.6810956716418,-4.6456875,4.173
"678",67.7,21.6736556,-4.92904166666665,4.172
"679",67.8,21.6751690977444,-4.800375,4.173
"680",67.9,21.6705425,-5.24129166666677,4.17245833333333
"681",68,21.6700101515152,-6.08805882352942,4.173
"682",68.1,21.6686626470588,-5.53133333333326,4.173
"683",68.2,21.6812247,-4.30127659574468,4.17331914893617
"684",68.3,21.6804972180451,-4.5522291666667,4.17122916666667
"685",68.4,21.6605867164179,-5.04727083333334,4.173
"686",68.5,21.6491500757576,-4.86057142857145,4.173
"687",68.6,21.6486814705882,-4.67088888888889,4.173
"688",68.7,21.6770199242424,-4.9888125,4.172
"689",68.8,21.6924720895522,-4.83877083333334,4.173
"690",68.9,21.6896214851485,-5.68055319148935,4.17287234042553
"691",69,21.6802265909091,-6.06059183673471,4.173
"692",69.1,21.6850263235294,-5.90626315789474,4.17373684210526
"693",69.2,21.7079793181818,-5.53057446808514,4.17242553191489
"694",69.3,21.7460159701493,-5.42666666666666,4.173
"695",69.4,21.7668564,-5.31,4.173
"696",69.5,21.776604887218,-5.6777551020407,4.173
"697",69.6,21.7594147058824,-6.29790322580645,4.173
"698",69.7,21.7739625757576,-6.09780851063829,4.17212765957447
"699",69.8,21.793353880597,-6.18530612244896,4.17320408163265
"700",69.9,21.7979828,-6.21056250000001,4.173
"701",70,21.7974354135338,-6.25529787234041,4.173
"702",70.1,21.7925140298508,-6.10402127659575,4.173
"703",70.2,21.79368,-5.68798181818182,4.17294545454545
"704",70.3,21.7828258823529,-5.37968085106383,4.17355319148936
"705",70.4,21.7792348,-5.32906382978724,4.173
"706",70.5,21.7772424,-5.52702040816324,4.173
"707",70.6,21.7732773267327,-6.30006382978723,4.173
"708",70.7,21.7790302272727,-6.09141666666666,4.1728125
"709",70.8,21.7768214705882,-6.20748936170212,4.1733829787234
"710",70.9,21.7864243939394,-6.22412499999999,4.173
"711",71,21.7619779104478,-6.23946938775509,4.173
"712",71.1,21.7631744,-6.27137500000001,4.173
"713",71.2,21.7645381818182,-6.70974509803924,4.1721568627451
"714",71.3,21.7773147058824,-6.6420208333333,4.17377083333333
"715",71.4,21.7727981818182,-6.49640425531915,4.173
"716",71.5,21.76534,-6.473,4.173
"717",71.6,21.75344,-6.437,4.1730625
"718",71.7,21.74477,-6.43800000000001,4.17491666666667
"719",71.8,21.7523558823529,-6.92950000000001,4.17383333333333
"720",71.9,21.7735990909091,-6.84823404255319,4.173
"721",72,21.76363,-6.7375294117647,4.173
"722",72.1,21.7492236,-6.48719148936176,4.173
"723",72.2,21.7453721804511,-6.76391489361703,4.17231914893617
"724",72.3,21.7362641791045,-6.51991666666665,4.17358333333333
"725",72.4,21.725537593985,-6.52893617021277,4.173
"726",72.5,21.7388559701493,-6.48194117647058,4.173
"727",72.6,21.7353918181818,-6.37833333333332,4.17339583333333
"728",72.7,21.7198082352941,-6.403,4.1745
"729",72.8,21.7281256,-6.95825000000001,4.17341666666667
"730",72.9,21.7378145864662,-6.8631914893617,4.173
"731",73,21.7413366176471,-6.75895833333333,4.173
"732",73.1,21.738954887218,-6.64855319148937,4.17242553191489
"733",73.2,21.7543256716418,-6.490125,4.173
"734",73.3,21.7528118,-6.53093750000001,4.17322916666667
"735",73.4,21.7163472180451,-6.50071428571428,4.173
"736",73.5,21.665587761194,-6.68493877551022,4.173
"737",73.6,21.6625828571429,-6.77291836734696,4.173
"738",73.7,21.6425543283582,-6.591625,4.17389583333333
"739",73.8,21.6395880612245,-6.57525,4.173
"740",73.9,21.6341415789474,-6.58628571428571,4.173
"741",74,21.64267,-6.71628571428572,4.173
"742",74.1,21.6453778947368,-6.681625,4.172125
"743",74.2,21.6422435294118,-6.423875,4.17320833333333
"744",74.3,21.6416939393939,-6.53117021276595,4.173
"745",74.4,21.6402199,-6.6355,4.173
"746",74.5,21.631346039604,-6.69062499999999,4.173
"747",74.6,21.6360041353383,-6.82100000000001,4.173
"748",74.7,21.6513661764706,-6.62161702127659,4.17334042553192
"749",74.8,21.6611856390977,-6.5525,4.173
"750",74.9,21.6588610447761,-6.51465957446809,4.173
"751",75,21.6658118,-7.15374999999999,4.1720625
"752",75.1,21.6671615037594,-7.47687272727273,4.17210909090909
"753",75.2,21.666412238806,-7.36434042553192,4.173
"754",75.3,21.6698232575758,-7.13129166666667,4.173
"755",75.4,21.6789040298507,-7.1345,4.173
"756",75.5,21.6737948,-6.93512500000002,4.17379166666667
"757",75.6,21.6729189473684,-6.95095744680851,4.174
"758",75.7,21.6793235820896,-7.02261224489797,4.173
"759",75.8,21.67088,-6.9425,4.173
"760",75.9,21.6837529411765,-6.63617021276595,4.173
"761",76,21.6954990909091,-7.34075,4.172375
"762",76.1,21.6908434328358,-7.44825,4.1724375
"763",76.2,21.6654981818182,-7.345375,4.173
"764",76.3,21.6734515789474,-7.149375,4.173
"765",76.4,21.6919214925373,-6.98225000000003,4.173
"766",76.5,21.7248073684211,-6.8716875,4.1731875
"767",76.6,21.7165370149254,-6.99869811320756,4.174
"768",76.7,21.6858969,-6.84891489361705,4.173
"769",76.8,21.6794486666667,-7.017,4.173
"770",76.9,21.6935013432836,-7.11584615384616,4.17305769230769
"771",77,21.6684341353383,-6.86961224489792,4.17483673469388
"772",77.1,21.6695543283582,-6.80971428571429,4.173
"773",77.2,21.6775336363636,-6.76869230769232,4.173
"774",77.3,21.6819757142857,-6.63668965517244,4.173
"775",77.4,21.7039740909091,-6.75625000000001,4.17391666666667
"776",77.5,21.6906126315789,-7.060375,4.172
"777",77.6,21.6905194029851,-6.83,4.17220833333333
"778",77.7,21.69925,-6.6318510638298,4.173
"779",77.8,21.7079067164179,-7.03485714285714,4.173
"780",77.9,21.708866969697,-6.992,4.1735
"781",78,21.7046718796992,-6.98399999999996,4.17383333333333
"782",78.1,21.6990375,-6.79017021276596,4.173
"783",78.2,21.7089270707071,-6.71804081632653,4.173
"784",78.3,21.7207001980198,-6.76800000000002,4.173
"785",78.4,21.7133328,-6.66041666666653,4.172
"786",78.5,21.6991626315789,-7.35,4.172
"787",78.6,21.69711,-6.83044897959183,4.173
"788",78.7,21.6944372932331,-6.76,4.173
"789",78.8,21.684322238806,-6.98429166666673,4.17279166666667
"790",78.9,21.7082209090909,-6.91777551020409,4.173
"791",79,21.6867215789474,-6.84025000000005,4.17360416666667
"792",79.1,21.6751694029851,-6.88060416666666,4.173
"793",79.2,21.6868768421053,-6.6135,4.173
"794",79.3,21.6955585074627,-6.64634042553192,4.17368085106383
"795",79.4,21.6961760606061,-6.55670833333332,4.174
"796",79.5,21.6870998507463,-7.36033333333323,4.17385416666667
"797",79.6,21.6860639393939,-6.9829375,4.173
"798",79.7,21.6978015789474,-6.87127083333334,4.173
"799",79.8,21.71018,-7.48514583333322,4.17210416666667
"800",79.9,21.7448497979798,-6.8091875,4.1731875
"801",80,21.7586535820896,-6.73228124999997,4.173
"802",80.1,21.7432596969697,-6.84267346938771,4.173
"803",80.2,21.7363482706767,-6.61916666666668,4.173
"804",80.3,21.7387165671642,-6.68109090909091,4.174
"805",80.4,21.7420901503759,-6.54275,4.174
"806",80.5,21.7613034328358,-7.46866666666646,4.17395833333333
"807",80.6,21.78139,-7.46987499999998,4.173
"808",80.7,21.8023608955224,-7.24027586206897,4.173
"809",80.8,21.7968776119403,-8.37024999999998,4.17191666666667
"810",80.9,21.8075652631579,-8.164,4.174
"811",81,21.8192188059702,-7.84441666666667,4.17210416666667
"812",81.1,21.8116341414141,-7.57008333333343,4.173
"813",81.2,21.8081229850746,-8.56010416666668,4.173
"814",81.3,21.8135781818182,-8.08157142857142,4.173
"815",81.4,21.8213145112782,-8.26200000000004,4.173
"816",81.5,21.8244225373134,-8.48927083333342,4.173
"817",81.6,21.81333,-7.50304166666665,4.173
"818",81.7,21.8072487969925,-7.1915,4.173
"819",81.8,21.7920342424242,-7.60491489361715,4.17363829787234
"820",81.9,21.750692556391,-8.11119999999999,4.174
"821",82,21.7353023529412,-7.84566666666667,4.17241666666667
"822",82.1,21.71956,-7.791,4.173
"823",82.2,21.721025,-8.50475438596492,4.173
"824",82.3,21.720735,-8.06616666666666,4.173
"825",82.4,21.71312,-8.5236249999999,4.173
"826",82.5,21.7150802985075,-8.57146938775511,4.173
"827",82.6,21.7242194736842,-8.48816666666668,4.173
"828",82.7,21.7118491044776,-8.468306122449,4.173
"829",82.8,21.708122020202,-9.24621276595755,4.173
"830",82.9,21.7125767164179,-8.87570833333334,4.17397916666667
"831",83,21.7177127272727,-8.0739166666667,4.173
"832",83.1,21.713485112782,-8.43070212765984,4.173
"833",83.2,21.7246768656716,-9.29704166666665,4.17295833333333
"834",83.3,21.728355,-9.83544444444444,4.17211111111111
"835",83.4,21.7172389473684,-9.98258333333334,4.17308333333333
"836",83.5,21.7313278787879,-9.03622222222231,4.17311111111111
"837",83.6,21.7244643609023,-8.5065,4.173
"838",83.7,21.7295226470588,-8.45050000000002,4.173
"839",83.8,21.732755,-9.20179166666689,4.173
"840",83.9,21.7412694736842,-8.881125,4.1739375
"841",84,21.7543634328358,-8.08178723404257,4.173
"842",84.1,21.7606106060606,-8.3425384615385,4.173
"843",84.2,21.7509929850746,-9.30407142857151,4.173
"844",84.3,21.7555846616541,-9.84010638297871,4.17204255319149
"845",84.4,21.75506,-10.00625,4.173125
"846",84.5,21.7415130693069,-10.01675,4.173
"847",84.6,21.7414064661654,-10.7368367346939,4.173
"848",84.7,21.7514371641791,-11.0593333333333,4.17333333333333
"849",84.8,21.7605842857143,-11.7011428571429,4.1715306122449
"850",84.9,21.7497268656716,-11.9376666666667,4.173
"851",85,21.74125,-11.4909375,4.173
"852",85.1,21.740445112782,-12.6267258064516,4.173
"853",85.2,21.7369698484849,-12.3732244897959,4.17265306122449
"854",85.3,21.7236054887218,-12.4871041666667,4.1721875
"855",85.4,21.7301126865672,-12.3103749999999,4.173
"856",85.5,21.7262287,-10.3051489361702,4.173
"857",85.6,21.721815112782,-10.8342127659574,4.173
"858",85.7,21.7183327272727,-11.1581428571428,4.17389795918367
"859",85.8,21.7172103759398,-11.7194166666667,4.17179166666667
"860",85.9,21.7224722058824,-11.9257083333333,4.173
"861",86,21.7020078,-11.5400625,4.173
"862",86.1,21.6776854,-12.5890425531915,4.173
"863",86.2,21.6650033663366,-12.3545102040816,4.1729387755102
"864",86.3,21.6671273134328,-12.4974583333333,4.172625
"865",86.4,21.6692876119403,-12.7425833333334,4.173
"866",86.5,21.6691584210526,-13.0941666666666,4.173
"867",86.6,21.68843,-13.3327234042553,4.173
"868",86.7,21.6707291,-13.5247962962963,4.17368518518519
"869",86.8,21.6631786363636,-13.9186808510638,4.17323404255319
"870",86.9,21.6839645454545,-13.940125,4.1731875
"871",87,21.6719712781955,-14.2638125,4.173
"872",87.1,21.6697758208955,-14.7269375,4.173
"873",87.2,21.6742517,-15.0065416666666,4.1746875
"874",87.3,21.6866128571429,-15.7422083333334,4.172
"875",87.4,21.6958756716418,-14.3752083333335,4.173
"876",87.5,21.6966379545455,-13.18275,4.173
"877",87.6,21.6988397058824,-13.4374583333333,4.173
"878",87.7,21.7110424,-13.5855416666666,4.173125
"879",87.8,21.7117521804511,-13.9788363636364,4.174
"880",87.9,21.70924,-13.9599387755102,4.173
"881",88,21.7036761363636,-14.352375,4.173
"882",88.1,21.7126958823529,-14.7673333333333,4.17275925925926
"883",88.2,21.6905418181818,-15.0540816326531,4.17463265306122
"884",88.3,21.6742973134328,-15.8608333333334,4.17216666666667
"885",88.4,21.6944194059406,-16.42775,4.173
"886",88.5,21.6987852631579,-15.4363125000001,4.173
"887",88.6,21.6867594117647,-15.28475,4.173
"888",88.7,21.6946996969697,-15.6996458333333,4.17177083333333
"889",88.8,21.7045856716418,-15.7079375,4.1740625
"890",88.9,21.7076162,-15.838914893617,4.173
"891",89,21.711127593985,-16.2802083333333,4.173
"892",89.1,21.7069873134328,-16.778625,4.1735625
"893",89.2,21.7118702272727,-16.8467291666667,4.17435416666667
"894",89.3,21.7299935820896,-17.1019215686274,4.17262745098039
"895",89.4,21.7212712,-16.0834680851063,4.173
"896",89.5,21.7079243609023,-15.2445000000001,4.173
"897",89.6,21.6817555223881,-15.6615833333333,4.17308333333333
"898",89.7,21.6921133333333,-15.722,4.171
"899",89.8,21.6897270588235,-15.8559795918367,4.1720612244898
"900",89.9,21.6847992,-16.0397142857143,4.173
"901",90,21.6827156,-16.3233333333333,4.173
"902",90.1,21.6869862376238,-16.9068333333333,4.17410416666667
"903",90.2,21.6827009774436,-16.9160192307692,4.174
"904",90.3,21.650897761194,-17.5211666666667,4.17216666666667
"905",90.4,21.6328979545455,-17.7145909090909,4.173
"906",90.5,21.6442123880597,-18.1096615384615,4.173
"907",90.6,21.6163636,-18.333375,4.1735625
"908",90.7,21.6196262406015,-18.5646041666667,4.17335416666667
"909",90.8,21.6408075,-20.3204225352113,4.17249295774648
"910",90.9,21.6608170676692,-20.3793333333333,4.173
"911",91,21.6562332835821,-19.8785416666667,4.173
"912",91.1,21.6366451515152,-19.7075,4.173125
"913",91.2,21.6330592537313,-20.0274583333333,4.17220833333333
"914",91.3,21.6284818181818,-20.5342258064516,4.17125806451613
"915",91.4,21.64214,-19.0412083333332,4.173
"916",91.5,21.6406619117647,-17.8634166666666,4.173
"917",91.6,21.6338312121212,-18.2375416666667,4.17314583333333
"918",91.7,21.620058358209,-18.3300208333333,4.17377083333333
"919",91.8,21.6061827272727,-20.1903125,4.1723125
"920",91.9,21.6137698496241,-20.4518333333333,4.173
"921",92,21.6156156716418,-19.8978085106383,4.173
"922",92.1,21.627248989899,-19.7070816326531,4.17312244897959
"923",92.2,21.6489584158416,-20.0253125,4.1721875
"924",92.3,21.6691904,-20.5850208333334,4.17154166666667
"925",92.4,21.6661029850746,-21.0395531914894,4.173
"926",92.5,21.6599885074627,-21.1105625,4.173
"927",92.6,21.6701463909774,-21.4677959183674,4.173
"928",92.7,21.6736529850746,-21.5335833333333,4.17283333333333
"929",92.8,21.6613787878788,-21.9441836734694,4.17351020408163
"930",92.9,21.67042,-22.5475306122449,4.173
"931",93,21.6673618181818,-22.9510208333334,4.173
"932",93.1,21.6519267669173,-22.8453061224491,4.174
"933",93.2,21.6589398507463,-23.1804426229508,4.173
"934",93.3,21.6490776767677,-22.7373673469387,4.173
"935",93.4,21.6705617910448,-21.128875,4.173
"936",93.5,21.6968466666667,-21.1362916666666,4.173
"937",93.6,21.6793844360902,-21.488625,4.173
"938",93.7,21.6607776470588,-21.4961428571429,4.17371428571429
"939",93.8,21.6579723232323,-22.1044693877552,4.17308163265306
"940",93.9,21.6517574257426,-22.6257741935484,4.173
"941",94,21.6510356,-22.9318245614036,4.173
"942",94.1,21.6524391729323,-22.8413333333334,4.174
"943",94.2,21.6565898507463,-23.2025,4.173
"944",94.3,21.6543307462687,-23.2296666666667,4.173
"945",94.4,21.6710656716418,-23.7366326530612,4.173
"946",94.5,21.6552972727273,-24.1103333333333,4.173
"947",94.6,21.657237761194,-24.332625,4.1759375
"948",94.7,21.6820656716418,-24.9790625,4.1749375
"949",94.8,21.6974220454545,-25.4383541666667,4.173
"950",94.9,21.7005491044776,-25.2037234042553,4.173
"951",95,21.6987598989899,-24.9183541666667,4.1735625
"952",95.1,21.6999694776119,-24.5604791666667,4.175
"953",95.2,21.6956496969697,-25.2000625,4.1736875
"954",95.3,21.6851839097744,-23.7927916666666,4.173
"955",95.4,21.68047,-23.8549166666666,4.173
"956",95.5,21.6510592,-24.1472448979592,4.173
"957",95.6,21.6562430075188,-24.4616666666667,4.1741875
"958",95.7,21.6759537878788,-25.0820425531915,4.17429787234043
"959",95.8,21.687783880597,-25.360744680851,4.173
"960",95.9,21.6862208955224,-25.1878571428571,4.173
"961",96,21.6776436,-24.2696530612245,4.175
"962",96.1,21.6760692,-24.737,4.175
"963",96.2,21.6869548,-26.0805102040816,4.173
"964",96.3,21.6967148120301,-26.7255,4.173
"965",96.4,21.7016426865672,-27.285875,4.173
"966",96.5,21.6976332330827,-27.6073333333333,4.17241666666667
"967",96.6,21.6982782089552,-27.818375,4.173625
"968",96.7,21.6921753535354,-28.1879166666666,4.173
"969",96.8,21.690407761194,-28.3567708333333,4.173
"970",96.9,21.6984396969697,-28.8507777777778,4.173
"971",97,21.7039322556391,-29.4208541666666,4.17247916666667
"972",97.1,21.7175046268657,-29.0752631578947,4.172
"973",97.2,21.7176944,-26.486,4.173
"974",97.3,21.7242171428571,-26.7381836734694,4.173
"975",97.4,21.7287448484849,-27.3282777777778,4.173
"976",97.5,21.7110054887218,-27.616,4.17225
"977",97.6,21.7080919117647,-27.8218461538461,4.17366153846154
"978",97.7,21.7051513,-28.1016734693878,4.173
"979",97.8,21.6957757425743,-28.3521666666667,4.173
"980",97.9,21.7002532,-28.6635660377359,4.173
"981",98,21.714535112782,-29.3276666666667,4.172
"982",98.1,21.7097864179104,-29.611,4.172
"983",98.2,21.7011593233083,-29.9819818181818,4.17289090909091
"984",98.3,21.6974231818182,-30.6611886792453,4.173
"985",98.4,21.6990181,-30.9295,4.173
"986",98.5,21.6891385714286,-30.5268333333335,4.17383333333333
"987",98.6,21.6544323880597,-28.9305000000002,4.173
"988",98.7,21.6286857142857,-31.393,4.173
"989",98.8,21.6077194029851,-32.1260833333334,4.173
"990",98.9,21.5951546,-32.9163265306122,4.173
"991",99,21.5992783458647,-34.0996964285713,4.17673214285714
"992",99.1,21.6038862686567,-34.7635833333335,4.17204166666667
"993",99.2,21.6113178030303,-31.8005,4.173
"994",99.3,21.6286336764706,-30.665,4.173
"995",99.4,21.611541,-31.0397142857143,4.173
"996",99.5,21.6024627067669,-30.005479166667,4.17427083333333
"997",99.6,21.6161411940298,-29.5733404255318,4.17236170212766
"998",99.7,21.6376566666667,-31.5619999999999,4.173
"999",99.8,21.6272052238806,-32.2819166666667,4.173
"1000",99.9,21.6291096,-33.2228125,4.1734375
"1001",100,21.6376798,-34.1643265306122,4.1754693877551
"1002",100.1,21.638498019802,-34.8635,4.17258333333333
"1003",100.2,21.6436384210526,-35.0958085106383,4.173
"1004",100.3,21.6475655223881,-35.7909583333334,4.173
"1005",100.4,21.617782481203,-36.4733846153846,4.17221153846154
"1006",100.5,21.5908079104478,-37.1117916666666,4.17345833333333
"1007",100.6,21.6343156,-37.5454375,4.1738125
"1008",100.7,21.6965193233083,-37.8033125,4.173
"1009",100.8,21.7190885074627,-37.608625,4.173
"1010",100.9,21.7310890909091,-37.2574791666667,4.17222916666667
"1011",101,21.7542467164179,-38.3146458333333,4.173
"1012",101.1,21.76197,-37.08975,4.1730625
"1013",101.2,21.7608127067669,-35.2510701754386,4.173
"1014",101.3,21.7672532835821,-35.9193333333334,4.17408333333333
"1015",101.4,21.7604886363636,-36.536,4.172
"1016",101.5,21.7594717647059,-37.1644716981132,4.17392452830189
"1017",101.6,21.7483076,-37.599625,4.17395833333333
"1018",101.7,21.7317096,-37.8090322580645,4.173
"1019",101.8,21.7339435294118,-37.3260833333333,4.17408333333333
"1020",101.9,21.7433675757576,-37.249,4.172
"1021",102,21.738986119403,-38.45125,4.1730625
"1022",102.1,21.7257881203008,-39.4231041666667,4.17214583333333
"1023",102.2,21.7255668656716,-39.6131666666666,4.173
"1024",102.3,21.741773030303,-40.1654285714286,4.173
"1025",102.4,21.7511931578947,-40.899125,4.173
"1026",102.5,21.7555252941176,-41.3234583333334,4.172
"1027",102.6,21.7465428787879,-41.5905,4.173
"1028",102.7,21.7414117910448,-42.427875,4.173
"1029",102.8,21.7361034,-43.3347142857143,4.173
"1030",102.9,21.7429415037594,-44.0038958333333,4.172
"1031",103,21.7363467164179,-44.0465,4.1735
"1032",103.1,21.7436177272727,-40.2456666666665,4.173
"1033",103.2,21.7436714705882,-39.6711666666667,4.173
"1034",103.3,21.7321664,-40.2461875,4.173
"1035",103.4,21.7408142105263,-41.0494375000001,4.173
"1036",103.5,21.7360650746269,-41.3270333333333,4.172
"1037",103.6,21.7164427272727,-41.5905,4.173
"1038",103.7,21.7155441176471,-42.427875,4.173
"1039",103.8,21.74546,-43.3347142857143,4.173
"1040",103.9,21.7486385,-44.0038958333333,4.172
"1041",104,21.744279009901,-44.7471636363636,4.173
"1042",104.1,21.750269924812,-45.6890416666667,4.173
"1043",104.2,21.7445348529412,-46.1061551724138,4.173
"1044",104.3,21.7331597727273,-47.853,4.173
"1045",104.4,21.72923,-47.4339583333332,4.173
"1046",104.5,21.722527,-47.2377142857142,4.17442857142857
"1047",104.6,21.7257517293233,-47.8385416666667,4.173
"1048",104.7,21.7360950746269,-48.39375,4.173
"1049",104.8,21.7449031818182,-48.4359375,4.173
"1050",104.9,21.7554874626866,-49.5236458333333,4.173
"1051",105,21.762004,-46.5973333333335,4.17389583333333
"1052",105.1,21.7670212781955,-45.841875,4.173
"1053",105.2,21.7682637313433,-46.6173333333332,4.173
"1054",105.3,21.7621141666667,-48.2037916666666,4.173
"1055",105.4,21.7635525,-47.0919375,4.173
"1056",105.5,21.7557595,-47.4124629629629,4.17407407407407
"1057",105.6,21.762645,-47.9851666666667,4.173
"1058",105.7,21.7627498019802,-48.4464081632653,4.173
"1059",105.8,21.7448472727273,-49.028125,4.173625
"1060",105.9,21.7300502941176,-49.9028333333334,4.17370833333333
"1061",106,21.7170268181818,-50.305,4.173
"1062",106.1,21.7184962686567,-50.903875,4.173
"1063",106.2,21.757782,-51.5773333333333,4.173
"1064",106.3,21.76069,-52.25475,4.17475
"1065",106.4,21.7359367647059,-52.0440625,4.174
"1066",106.5,21.7464231060606,-52.891875,4.173
"1067",106.6,21.7461432835821,-54.9523333333336,4.173
"1068",106.7,21.733729,-54.7816250000001,4.17379166666667
"1069",106.8,21.7348059398496,-54.883625,4.173125
"1070",106.9,21.7405845454545,-52.0502999999998,4.1739
"1071",107,21.7537078195489,-50.3090204081633,4.173
"1072",107.1,21.7535841791045,-50.9086734693878,4.173
"1073",107.2,21.7544755555556,-51.6553333333333,4.173
"1074",107.3,21.7617355223881,-52.3946875,4.1749375
"1075",107.4,21.7662666666667,-52.1781041666668,4.17385416666667
"1076",107.5,21.7749410526316,-52.7390000000001,4.173
"1077",107.6,21.7853027941176,-55.7335,4.173
"1078",107.7,21.7834522222222,-54.7517916666666,4.174
"1079",107.8,21.7829852,-54.6687407407407,4.173
"1080",107.9,21.7720008910891,-54.3657916666665,4.173
"1081",108,21.7684181954887,-54.968625,4.173
"1082",108.1,21.7596473529412,-55.6884166666669,4.173
"1083",108.2,21.7353835338346,-55.8219591836735,4.173
"1084",108.3,21.7245185074627,-57.73625,4.173
"1085",108.4,21.7270446,-57.1369375,4.174
"1086",108.5,21.7382803759398,-59.0302083333328,4.173
"1087",108.6,21.7523032835821,-58.3721666666666,4.173
"1088",108.7,21.7411254135338,-57.2159387755103,4.173
"1089",108.8,21.7385877272727,-56.9261874999993,4.17304166666667
"1090",108.9,21.7536233333333,-55.6891249999999,4.173
"1091",109,21.7669897014925,-54.7088333333333,4.173
"1092",109.1,21.7625533333333,-56.5940625,4.173
"1093",109.2,21.7479473684211,-55.8525999999999,4.173
"1094",109.3,21.7385626470588,-58.3502499999999,4.17320833333333
"1095",109.4,21.7424922222222,-56.8921041666666,4.17372916666667
"1096",109.5,21.7485492,-59.4122083333334,4.173
"1097",109.6,21.7449871287129,-58.0795,4.173
"1098",109.7,21.7306037593985,-59.1268723404257,4.17351063829787
"1099",109.8,21.7218979104478,-59.8842857142857,4.17257142857143
"1100",109.9,21.7293822556391,-59.0101875,4.173
"1101",110,21.7238820895522,-60.2771666666667,4.173
"1102",110.1,21.6849,-59.0075625,4.1738125
"1103",110.2,21.6692492537313,-61.2765624999998,4.1736875
"1104",110.3,21.6577862686567,-60.2888958333333,4.17235416666667
"1105",110.4,21.6496279699248,-61.0429583333331,4.173
"1106",110.5,21.6341871641791,-62.6643877551022,4.173
"1107",110.6,21.6365311111111,-61.4572244897959,4.173
"1108",110.7,21.6454134328358,-62.5938333333334,4.17329166666667
"1109",110.8,21.64507,-59.878724137931,4.173
"1110",110.9,21.6505057894737,-59.0141764705882,4.173
"1111",111,21.6559945588235,-60.4226666666667,4.173
"1112",111.1,21.6408185,-59.110693877551,4.17361224489796
"1113",111.2,21.6359469172932,-61.0396875,4.1730625
"1114",111.3,21.6462466666667,-60.1915208333333,4.17222916666667
"1115",111.4,21.6502578947368,-61.3413333333331,4.173
"1116",111.5,21.6470992537313,-62.5602916666667,4.173
"1117",111.6,21.6409436,-61.5818285714286,4.173
"1118",111.7,21.644322,-61.2348163265306,4.17369387755102
"1119",111.8,21.6454145544554,-64.1730208333332,4.173
"1120",111.9,21.6456017164179,-62.7408958333334,4.17370833333333
"1121",112,21.6495619402985,-62.4015625,4.173
"1122",112.1,21.6541346616541,-65.1691538461537,4.173
"1123",112.2,21.6799032835821,-63.836875,4.173
"1124",112.3,21.6880563636364,-63.0171224489796,4.1720612244898
"1125",112.4,21.7022595522388,-67.7658775510204,4.17297959183673
"1126",112.5,21.7123122727273,-66.3111694915254,4.173
"1127",112.6,21.7150494736842,-65.3227799999999,4.173
"1128",112.7,21.7162826470588,-69.4974489795914,4.173
"1129",112.8,21.71983,-68.2351799999999,4.174
"1130",112.9,21.7266416541353,-62.6730408163266,4.17395918367347
"1131",113,21.7209333333333,-62.4916458333326,4.173
"1132",113.1,21.7097810526316,-65.0428571428571,4.173
"1133",113.2,21.7140632835821,-63.7624107142858,4.173
"1134",113.3,21.7092052525253,-63.0773387096778,4.172
"1135",113.4,21.7030142574257,-67.7827755102041,4.17279591836735
"1136",113.5,21.706444,-66.3050000000001,4.173
"1137",113.6,21.7007352631579,-65.4198571428571,4.173
"1138",113.7,21.6917767164179,-68.304795918367,4.173
"1139",113.8,21.6876071641791,-73.3517818181818,4.17450909090909
"1140",113.9,21.6717874626866,-71.4204081632653,4.173
"1141",114,21.6781188888889,-69.9473469387756,4.173
"1142",114.1,21.6727834328358,-69.0670612244898,4.173
"1143",114.2,21.6743332835821,-72.7184897959183,4.173
"1144",114.3,21.6806347368421,-73.852,4.173
"1145",114.4,21.6828020588235,-72.077,4.173
"1146",114.5,21.7011681818182,-71.2183673469388,4.173
"1147",114.6,21.6952708955224,-70.5157884615384,4.173
"1148",114.7,21.6812522727273,-71.1468749999983,4.17372916666667
"1149",114.8,21.6881833333333,-80.63865,4.17308333333333
"1150",114.9,21.6916049253731,-74.7913076923073,4.17592307692308
"1151",115,21.6676684,-70.0935416666668,4.173
"1152",115.1,21.6576678947368,-69.1145208333333,4.173
"1153",115.2,21.6591078787879,-71.5908923076919,4.173
"1154",115.3,21.6783329104478,-74.388901960784,4.173
"1155",115.4,21.6810231343284,-72.2999166666667,4.173
"1156",115.5,21.6638012,-71.3157959183674,4.173
"1157",115.6,21.6710744,-70.5649583333332,4.173
"1158",115.7,21.6771992,-70.6906249999989,4.17352083333333
"1159",115.8,21.6784534328358,-80.3959374999999,4.1731875
"1160",115.9,21.673418358209,-78.4571666666666,4.1751875
"1161",116,21.6781452631579,-77.5357916666667,4.173
"1162",116.1,21.6781871641791,-77.0263673469388,4.173
"1163",116.2,21.6525033333333,-77.589375,4.172875
"1164",116.3,21.6456310526316,-85.6819830508473,4.17396610169492
"1165",116.4,21.6454621212121,-83.8219591836735,4.1739387755102
"1166",116.5,21.6278857142857,-82.4795,4.173
"1167",116.6,21.6279176470588,-81.5007083333333,4.173
"1168",116.7,21.640992,-81.5464285714273,4.17383673469388
"1169",116.8,21.6453526865672,-88.252882352941,4.17141176470588
"1170",116.9,21.6413533333333,-80.8198571428574,4.17385714285714
"1171",117,21.6375084210526,-77.6598333333334,4.173
"1172",117.1,21.6293208955224,-76.9959999999999,4.173
"1173",117.2,21.640028,-78.8491428571426,4.17275510204082
"1174",117.3,21.6484976,-85.4820625,4.174
"1175",117.4,21.638642,-83.6384897959183,4.17373469387755
"1176",117.5,21.6288010526316,-82.3270000000001,4.173
"1177",117.6,21.6286082089552,-81.4384166666667,4.173
"1178",117.7,21.6265384210526,-84.6335531914897,4.17297872340426
"1179",117.8,21.6293368181818,-87.9598749999998,4.1728125
"1180",117.9,21.6459627,-86.4846875,4.173
"1181",118,21.6716342857143,-85.3919375000001,4.173
"1182",118.1,21.6813623880597,-84.7383333333333,4.173
"1183",118.2,21.65513,-86.27975,4.1745
"1184",118.3,21.6476982352941,-92.5392203389828,4.1726779661017
"1185",118.4,21.6668936,-90.5343333333334,4.17333333333333
"1186",118.5,21.6968126315789,-89.3534583333334,4.173
"1187",118.6,21.7077990909091,-88.4599387755102,4.173
"1188",118.7,21.7147042857143,-87.6964583333334,4.17227083333333
"1189",118.8,21.73043,-93.5075999999995,4.17538181818182
"1190",118.9,21.7213939,-86.5884791666668,4.173
"1191",119,21.7100914285714,-85.3663125,4.173
"1192",119.1,21.7029217910448,-84.6542291666666,4.173
"1193",119.2,21.7245109090909,-86.3884583333331,4.17441666666667
"1194",119.3,21.723893880597,-92.223375,4.172875
"1195",119.4,21.7214408,-90.6727346938777,4.173
"1196",119.5,21.7154952,-89.036,4.173
"1197",119.6,21.7116113861386,-88.2734693877551,4.173
"1198",119.7,21.7133628571429,-88.9476458333319,4.17229166666667
"1199",119.8,21.7126504477612,-95.0974199999998,4.17478
"1200",119.9,21.7082542857143,-93.4286458333333,4.173
"1201",120,21.7078408955224,-92.1144375,4.173
"1202",120.1,21.7167865,-91.277875,4.173
"1203",120.2,21.7127757142857,-92.7318124999998,4.17204166666667
"1204",120.3,21.7051986567164,-99.3374583333331,4.17339583333333
"1205",120.4,21.6989690909091,-97.821612244898,4.173
"1206",120.5,21.6868761764706,-96.9218125,4.17227083333333
"1207",120.6,21.6834567,-96.1139375,4.1738125
"1208",120.7,21.6844571428571,-96.0958124999999,4.17141666666667
"1209",120.8,21.6859582089552,-94.590192982456,4.17417543859649
"1210",120.9,21.6746043181818,-93.077625,4.173
"1211",121,21.6697055882353,-91.8081250000001,4.173
"1212",121.1,21.6794503030303,-90.9277999999999,4.173
"1213",121.2,21.6661338,-94.2983199999994,4.17292
"1214",121.3,21.6749193069307,-98.9207499999999,4.173
"1215",121.4,21.6748214285714,-97.7767142857144,4.17404081632653
"1216",121.5,21.65673,-96.791,4.172
"1217",121.6,21.6716452272727,-96.0289166666666,4.17408333333333
"1218",121.7,21.68556,-96.5106949152542,4.17215254237288
"1219",121.8,21.6727542,-100.811631578947,4.17268421052632
"1220",121.9,21.6794209774436,-99.1835,4.173
"1221",122,21.6852027941177,-98.2592083333334,4.17395833333333
"1222",122.1,21.6742314285714,-97.1110625000001,4.175
"1223",122.2,21.6799495522388,-107.991368421052,4.17128070175439
"1224",122.3,21.6794853,-105.3416,4.17304
"1225",122.4,21.6737357142857,-104.03504,4.173
"1226",122.5,21.6503455223881,-103.07525,4.173
"1227",122.6,21.6385342857143,-109.537,4.17325
"1228",122.7,21.6167847761194,-105.500693877551,4.17218367346939
"1229",122.8,21.5974833333333,-100.7328125,4.17279166666667
"1230",122.9,21.595607593985,-99.2006666666666,4.173
"1231",123,21.593043880597,-98.303274509804,4.17386274509804
"1232",123.1,21.6028803007519,-97.1499999999999,4.17470833333333
"1233",123.2,21.6040062686567,-107.822612244898,4.17504081632653
"1234",123.3,21.6043125252525,-105.292,4.173
"1235",123.4,21.6041883,-103.878555555556,4.173
"1236",123.5,21.6048336633663,-103.016444444444,4.173
"1237",123.6,21.6128882706767,-111.511166666668,4.17304166666667
"1238",123.7,21.6168042647059,-110.178520833334,4.174
"1239",123.8,21.6189581818182,-108.312854166667,4.173
"1240",123.9,21.6222929850746,-107.0255625,4.173
"1241",124,21.620475,-112.568333333332,4.173
"1242",124.1,21.618947518797,-113.724229166667,4.17364583333333
"1243",124.2,21.6080295522388,-112.001416666667,4.17383333333333
"1244",124.3,21.6100177272727,-111.6685,4.173
"1245",124.4,21.6106052941176,-116.379375,4.173
"1246",124.5,21.6211664,-114.401041666667,4.17247916666667
"1247",124.6,21.6465653383459,-112.694395833333,4.1728125
"1248",124.7,21.6655270149254,-109.616714285714,4.17365306122449
"1249",124.8,21.6896193233083,-107.958208333333,4.173
"1250",124.9,21.7133564179104,-107.015,4.173
"1251",125,21.7121119191919,-112.568333333332,4.173
"1252",125.1,21.7064897,-113.750897959184,4.17367346938776
"1253",125.2,21.6973225742574,-112.032375,4.17375
"1254",125.3,21.7086332330827,-111.583458333334,4.173
"1255",125.4,21.7141198507463,-116.352916666667,4.173
"1256",125.5,21.7091490977444,-114.4878,4.1726
"1257",125.6,21.7201032835821,-113.182979166667,4.1718125
"1258",125.7,21.7170521212121,-117.071244897959,4.17265306122449
"1259",125.8,21.7306851492537,-117.824375,4.173
"1260",125.9,21.7256497014925,-116.32425,4.173
"1261",126,21.7061251879699,-116.903833333333,4.17308333333333
"1262",126.1,21.7117375,-119.796833333333,4.17372916666667
"1263",126.2,21.709046969697,-118.04024,4.17334
"1264",126.3,21.7254717910448,-122.012125,4.173
"1265",126.4,21.7381645454545,-120.010142857143,4.173
"1266",126.5,21.7378562406015,-122.623,4.1725
"1267",126.6,21.7363935820895,-122.6330625,4.1709375
"1268",126.7,21.7118635353535,-121.517722222222,4.17318888888889
"1269",126.8,21.7033753731343,-123.011461538462,4.17376923076923
"1270",126.9,21.6822303030303,-125.588934065934,4.173
"1271",127,21.6657797744361,-124.280945652174,4.173
"1272",127.1,21.6732750746269,-123.48736,4.173
"1273",127.2,21.6748056565657,-122.80538,4.173
"1274",127.3,21.6758677227723,-124.138029411765,4.17273529411765
"1275",127.4,21.6717119,-127.54795959596,4.17225252525253
"1276",127.5,21.6776694029851,-126.39086,4.17326
"1277",127.6,21.6870798507463,-125.49338,4.17348
"1278",127.7,21.6906748120301,-124.819252525253,4.17226262626263
"1279",127.8,21.6817126865672,-125.025922330097,4.17326213592233
"1280",127.9,21.6719875757576,-127.329020408163,4.17375510204082
"1281",128,21.6752694029851,-127.46668,4.173
"1282",128.1,21.6693166666667,-126.622336283186,4.173
"1283",128.2,21.6536957894737,-125.922714285714,4.173
"1284",128.3,21.6425314705882,-126.354634615385,4.17342307692308
"1285",128.4,21.6518792,-129.038549450549,4.17440659340659
"1286",128.5,21.6535074626866,-127.905099009901,4.17226732673267
"1287",128.6,21.6589909090909,-127.6311,4.17352
"1288",128.7,21.6666968421053,-128.46156,4.17448
"1289",128.8,21.6586834848485,-128.351557522124,4.173
"1290",128.9,21.6841324242424,-127.894988372093,4.173
"1291",129,21.696166119403,-128.928673267327,4.173
"1292",129.1,21.7096112121212,-128.912767676768,4.173
"1293",129.2,21.7196509022556,-128.629826923077,4.173
"1294",129.3,21.7061888235294,-129.194239583333,4.17323958333333
"1295",129.4,21.7147913533835,-129.09672,4.174
"1296",129.5,21.7167410447761,-129.009841584158,4.17373267326733
"1297",129.6,21.7111304,-129.45996,4.17326
"1298",129.7,21.729915,-129.4695,4.17374
"1299",129.8,21.7358543939394,-129.853828282828,4.173
"1300",129.9,21.7172787969925,-130.154247524752,4.173
"1301",130,21.7247179411765,-130.873383838384,4.173
"1302",130.1,21.7268633333333,-131.37500990099,4.173
"1303",130.2,21.7242996268657,-132.2047,4.17326
"1304",130.3,21.7241568181818,-134.10275,4.1735
"1305",130.4,21.7209307518797,-134.907632653061,4.17222448979592
"1306",130.5,21.7205440298507,-135.722164948454,4.173
"1307",130.6,21.7142423,-135.496326732674,4.17326732673267
"1308",130.7,21.7048522556391,-135.813660000001,4.17374
"1309",130.8,21.69877,-141.054787878788,4.173
"1310",130.9,21.712815112782,-141.737693069307,4.173
"1311",131,21.7227014925373,-142.89894,4.173
"1312",131.1,21.72167,-143.02500990099,4.173
"1313",131.2,21.73586,-142.649232323232,4.17274747474747
"1314",131.3,21.743948,-143.37388,4.17356
"1315",131.4,21.732108358209,-145.163911504425,4.1770796460177
"1316",131.5,21.7140340298507,-145.741704545455,4.17385227272727
"1317",131.6,21.7149898496241,-146.567,4.17325
"1318",131.7,21.7265840298507,-147.140171717172,4.17374747474747
"1319",131.8,21.7316454545455,-148.251079207921,4.173
"1320",131.9,21.7251880597015,-148.617823529412,4.173
"1321",132,21.7306296969697,-148.872443298969,4.173
"1322",132.1,21.7441727819549,-148.76703960396,4.173
"1323",132.2,21.7340155882353,-148.411,4.1725
"1324",132.3,21.7398858585859,-148.171841584158,4.17174257425743
"1325",132.4,21.7477,-148.415428571429,4.17448979591837
"1326",132.5,21.7463172727273,-149.381769911504,4.17530973451328
"1327",132.6,21.7322847368421,-150.679511363636,4.173
"1328",132.7,21.7222892537313,-151.145767676768,4.173
"1329",132.8,21.7369538613861,-151.24174,4.173
"1330",132.9,21.732027368421,-151.548466019418,4.173
"1331",133,21.7201131343284,-151.762173469388,4.173
"1332",133.1,21.7347414393939,-151.98695959596,4.173
"1333",133.2,21.7619659701493,-152.1193,4.173
"1334",133.3,21.7634261654135,-152.68236,4.17326
"1335",133.4,21.75044,-153.207912280702,4.174
"1336",133.5,21.7515271287129,-153.534272727273,4.17372727272727
"1337",133.6,21.7616082706767,-153.583734693878,4.17248979591837
"1338",133.7,21.7666468656716,-153.78874,4.17374
"1339",133.8,21.7523684848485,-154.89202970297,4.173
"1340",133.9,21.7578152941176,-155.303168316832,4.173
"1341",134,21.7625303,-155.853387755102,4.173
"1342",134.1,21.7697182706767,-156.559425742574,4.173
"1343",134.2,21.7677748484848,-156.75175,4.173
"1344",134.3,21.7705727067669,-157.285,4.172
"1345",134.4,21.7732240298507,-157.863851851852,4.16969444444444
"1346",134.5,21.773606,-158.224793721973,4.17207623318386
"1347",134.6,21.7768005263158,-158.358874439462,4.17252466367713
"1348",134.7,21.7748786363636,-158.492955156951,4.1729730941704
"1349",134.8,21.7790938059701,-159.023083333333,4.173
"1350",134.9,21.7780062686567,-159.56649,4.173
"1351",135,21.781226,-160.28119,4.173
"1352",135.1,21.746058,-160.903329896907,4.173
"1353",135.2,21.716398,-161.74898,4.17274
"1354",135.3,21.6916852238806,-162.55664,4.17226
"1355",135.4,21.6581841791045,-163.03737254902,4.17350980392157
"1356",135.5,21.6593352631579,-162.658983606557,4.17460655737705
"1357",135.6,21.6563992537314,-162.135721518987,4.173
"1358",135.7,21.6375026,-162.68898989899,4.173
"1359",135.8,21.6476866666667,-163.143176470588,4.173
"1360",135.9,21.6656572727273,-163.62895412844,4.173
"1361",136,21.6672395488722,-164.121103448276,4.173
"1362",136.1,21.6671941176471,-164.588363636364,4.17323636363636
"1363",136.2,21.64918,-164.759296703297,4.17417582417582
"1364",136.3,21.6395641791045,-165.259787878788,4.17474747474748
"1365",136.4,21.6520033333333,-165.744227722772,4.17374257425743
"1366",136.5,21.6687602255639,-166.113794871795,4.17364102564103
"1367",136.6,21.6733289552239,-166.430781609195,4.17572413793104
"1368",136.7,21.669126,-166.9996,4.173
"1369",136.8,21.6741555639098,-167.325288888889,4.173
"1370",136.9,21.6795607462687,-168.09712,4.173
"1371",137,21.6779781818182,-168.722287128713,4.173
"1372",137.1,21.6638540298508,-169.408,4.17325
"1373",137.2,21.6531421804511,-169.628764150943,4.174
"1374",137.3,21.6688936363636,-169.624634408602,4.17379569892473
"1375",137.4,21.737080990099,-170.116137254902,4.173
"1376",137.5,21.7800353383459,-170.794333333333,4.17178787878788
"1377",137.6,21.7949513432836,-171.23875,4.16925
"1378",137.7,21.7886129323308,-171.495737373737,4.173
"1379",137.8,21.7581129411765,-171.8309,4.173
"1380",137.9,21.75415,-172.355890756303,4.17321848739496
"1381",138,21.7695287969925,-173.908654320988,4.17391358024691
"1382",138.1,21.7860667164179,-175.005699029126,4.173
"1383",138.2,21.7872872727273,-174.757826530612,4.1734693877551
"1384",138.3,21.7826313432836,-174.765,4.17525
"1385",138.4,21.7863739,-174.87825,4.17525
"1386",138.5,21.780462631579,-175.192737373737,4.173
"1387",138.6,21.7666320895522,-175.53658,4.173
"1388",138.7,21.7600606818182,-176.091188118812,4.173
"1389",138.8,21.7678410447761,-176.818,4.173
"1390",138.9,21.791656,-177.51801010101,4.173
"1391",139,21.787166,-178.537613861386,4.173
"1392",139.1,21.7912606930693,-179.696222222222,4.173
"1393",139.2,21.8052353383459,-180.209103448276,4.17277586206897
"1394",139.3,21.791988358209,-180.548261904762,4.172
"1395",139.4,21.7394239849624,-181.23666,4.17226
"1396",139.5,21.7066520895522,-181.880980392157,4.173
"1397",139.6,21.6961184,-182.639795918367,4.173
"1398",139.7,21.6997969924812,-183.18134,4.173
"1399",139.8,21.6970575757576,-183.44892,4.173
"1400",139.9,21.6753818796992,-183.89042,4.173
"1401",140,21.6668725,-184.424718446602,4.173
"1402",140.1,21.6674246,-184.080479591837,4.173
"1403",140.2,21.6686367669173,-183.9645,4.17275
"1404",140.3,21.6663879104478,-184.09425,4.17225
"1405",140.4,21.6633933333333,-184.8225,4.17325
"1406",140.5,21.6556610447761,-185.182460784314,4.17375490196078
"1407",140.6,21.656008,-185.627175257732,4.173
"1408",140.7,21.6620054887218,-185.677544554455,4.173
"1409",140.8,21.6602128358209,-185.934272727273,4.173
"1410",140.9,21.6603533333333,-186.794782178218,4.173
"1411",141,21.6683861764706,-187.199769911504,4.173
"1412",141.1,21.6781548484848,-187.588484210526,4.173
"1413",141.2,21.6835864179104,-188.424630434783,4.17263043478261
"1414",141.3,21.6749352475248,-188.573,4.1715
"1415",141.4,21.6686590977444,-188.8565,4.17275
"1416",141.5,21.6620248529412,-189.158485148515,4.17224752475247
"1417",141.6,21.6694566666667,-189.620522123894,4.173
"1418",141.7,21.695555,-190.008294117647,4.173
"1419",141.8,21.7011349,-190.8754,4.173
"1420",141.9,21.7001360902256,-191.54286,4.173
"1421",142,21.6982844776119,-191.868450980392,4.173
"1422",142.1,21.6833766666667,-191.938836734694,4.173
"1423",142.2,21.6855054411765,-192.383782178218,4.17325742574257
"1424",142.3,21.7081182828283,-192.657792079208,4.17424752475248
"1425",142.4,21.7031179699248,-192.756636363636,4.17427272727273
"1426",142.5,21.6886428358209,-192.725425742574,4.17224752475247
"1427",142.6,21.6930966666667,-192.244489795918,4.173
"1428",142.7,21.7006623529412,-191.97528,4.173
"1429",142.8,21.7056461616162,-191.65356,4.173
"1430",142.9,21.7181783,-191.79622,4.173
"1431",143,21.7231521782178,-192.426663366336,4.173
"1432",143.1,21.7151106015038,-193.98025,4.17325
"1433",143.2,21.7024123529412,-194.860918918919,4.17445045045045
"1434",143.3,21.7080774242424,-195.253522727273,4.17536363636364
"1435",143.4,21.7162428358209,-195.682087378641,4.1727572815534
"1436",143.5,21.6815908,-195.921804123711,4.17452577319588
"1437",143.6,21.6480209774436,-196.24464,4.173
"1438",143.7,21.6238931343284,-196.7485,4.173
"1439",143.8,21.6339922727273,-197.33114,4.173
"1440",143.9,21.6439679411765,-198.126660714286,4.173
"1441",144,21.6299776,-198.694141414141,4.17314141414141
"1442",144.1,21.6391924,-199.418666666667,4.17366666666667
"1443",144.2,21.6334134653465,-199.792373831776,4.172
"1444",144.3,21.6430626515152,-200.45664516129,4.17238709677419
"1445",144.4,21.6642622058824,-201.23025,4.174
"1446",144.5,21.6591033333333,-201.79525,4.17375
"1447",144.6,21.6525886466165,-202.480181818182,4.173
"1448",144.7,21.6495107575758,-203.109829787234,4.173
"1449",144.8,21.6466789473684,-203.81884375,4.173
"1450",144.9,21.645476119403,-204.48575,4.173
"1451",145,21.6639384090909,-205.23302020202,4.17274747474747
"1452",145.1,21.6860417647059,-205.92044,4.17226
"1453",145.2,21.6638534,-206.18462,4.17326
"1454",145.3,21.6594021052632,-206.2289,4.17478
"1455",145.4,21.6637791176471,-206.4135,4.17596
"1456",145.5,21.653014962406,-206.89716,4.173
"1457",145.6,21.6537128358209,-206.997725490196,4.173
"1458",145.7,21.6506752,-206.016081632653,4.173
"1459",145.8,21.6441727819549,-204.473801980198,4.17274257425743
"1460",145.9,21.6441097014925,-204.363595959596,4.172
"1461",146,21.6396495488722,-204.83728,4.17148
"1462",146.1,21.6404997014925,-206.122841269841,4.1704126984127
"1464",146.3,21.6602926865672,-207.89264,4.17348
"1465",146.4,21.6520225757576,-208.734754385965,4.17245614035088
"1466",146.5,21.6438057894737,-209.602517241379,4.17386206896552
"1467",146.6,21.6355855223881,-210.8975,4.173
"1468",146.7,21.6401109090909,-211.777,4.173
"1469",146.8,21.6539224,-213.19,4.173
"1470",146.9,21.6812424752475,-213.96675,4.173
"1471",147,21.6735078947368,-214.6145,4.17275
"1472",147.1,21.6498338235294,-215.714490740741,4.172
"1473",147.2,21.6494571212121,-216.557076923077,4.17218681318681
"1474",147.3,21.6455655223881,-217.045287128713,4.17274257425743
"1475",147.4,21.6455523,-217.7335,4.172
"1476",147.5,21.6385857894737,-218.228666666667,4.17225252525253
"1477",147.6,21.629046119403,-219.0935,4.173
"1478",147.7,21.6382684090909,-219.768112359551,4.173
"1479",147.8,21.6588132352941,-220.834515151515,4.173
"1480",147.9,21.6837929,-221.088405940594,4.17325742574257
"1481",148,21.6779831578947,-221.163343434343,4.17349494949495
"1482",148.1,21.6584513432836,-221.864533980582,4.1727572815534
"1483",148.2,21.6467405263158,-222.017520408163,4.1745306122449
"1484",148.3,21.64483,-221.68725,4.17325
"1485",148.4,21.6466754545455,-221.82975,4.17375
"1486",148.5,21.6627801492537,-222.9675,4.173
"1487",148.6,21.6763281818182,-224.278391304348,4.173
"1488",148.7,21.6545146616541,-225.372093023256,4.173
"1489",148.8,21.658573880597,-225.255084745763,4.173
"1490",148.9,21.6919752631579,-225.18143902439,4.173
"1491",149,21.7018873134328,-225.341424242424,4.173
"1492",149.1,21.697518,-226.032578431372,4.17324509803922
"1493",149.2,21.6957494029851,-226.944193877551,4.17376530612245
"1494",149.3,21.7056844776119,-228.065382352941,4.17275490196078
"1495",149.4,21.7199342105263,-228.715797979798,4.17223232323232
"1496",149.5,21.73175,-228.601559322034,4.173
"1497",149.6,21.7254619191919,-229.456951219512,4.173
"1498",149.7,21.7223776119403,-229.992272727273,4.173
"1499",149.8,21.7130339393939,-230.901386138614,4.173
"1500",149.9,21.7017247368421,-230.886909090909,4.173
"1501",150,21.7075419402985,-231.359,4.173
"1502",150.1,21.7006390909091,-232.47325,4.17275
"1503",150.2,21.7091747761194,-232.424247524753,4.17224752475247
"1504",150.3,21.7240436363636,-233.143545454546,4.17324242424242
"1505",150.4,21.7244754887218,-234.182564356436,4.17375247524753
"1506",150.5,21.714318358209,-233.8482,4.173
"1507",150.6,21.6979612,-235.20424,4.173
"1508",150.7,21.6887896,-234.703818181818,4.173
"1509",150.8,21.7008204,-234.194272727273,4.173
"1510",150.9,21.7353,-235.863166666667,4.173
"1511",151,21.7644358208955,-235.354,4.17322935779817
"1512",151.1,21.7691073684211,-236.069304347826,4.17434782608696
"1513",151.2,21.7775480597015,-238.790666666667,4.17527272727273
"1514",151.3,21.7818471,-237.654,4.17275
"1515",151.4,21.7690547014925,-237.723702970297,4.17224752475247
"1516",151.5,21.7477128787879,-240.671939393939,4.173
"1517",151.6,21.7489357894737,-241.302780701755,4.173
"1518",151.7,21.7589038235294,-240.385436781609,4.173
"1519",151.8,21.7696291919192,-239.879606060606,4.173
"1520",151.9,21.7886315789474,-241.0625,4.173
"1521",152,21.801152238806,-241.5725,4.17275
"1522",152.1,21.7869927272727,-240.448376237624,4.172
"1523",152.2,21.7680232835821,-239.538121212121,4.17248484848485
"1524",152.3,21.7887203960396,-239.307837606838,4.17357264957265
"1525",152.4,21.7903016,-241.096047619048,4.17209523809524
"1526",152.5,21.7789927722772,-245.291666666667,4.173
"1527",152.6,21.7770053030303,-244.066089108911,4.173
"1528",152.7,21.7809402985075,-243.10612,4.173
"1529",152.8,21.7865445454545,-242.160181818182,4.173
"1530",152.9,21.7685892,-243.34893069307,4.17349504950495
"1531",153,21.766506,-248.8976,4.17404
"1532",153.1,21.7700191729323,-249.97272173913,4.17141739130435
"1533",153.2,21.7742226865672,-248.712719101123,4.17320224719101
"1534",153.3,21.7658577443609,-247.5296,4.175
"1535",153.4,21.7489786764706,-246.42475,4.17458333333333
"1536",153.5,21.7591471,-247.147669565217,4.173
"1537",153.6,21.7503236842105,-252.199522727273,4.173
"1538",153.7,21.7333097014925,-253.090857142857,4.173
"1539",153.8,21.7313915909091,-251.876520408163,4.173
"1540",153.9,21.7406043283582,-250.801,4.17325
"1541",154,21.7503996,-249.776386138614,4.17375247524753
"1542",154.1,21.7599188,-250.048651376147,4.173
"1543",154.2,21.7612576237624,-254.180974358975,4.173
"1544",154.3,21.7601921052632,-258.174136752137,4.173
"1545",154.4,21.767078358209,-256.594222222222,4.173
"1546",154.5,21.7740125,-255.47584,4.173
"1547",154.6,21.7742883,-254.687151515152,4.173
"1548",154.7,21.7733392,-253.872225225225,4.173
"1549",154.8,21.7621951908397,-254.674101123596,4.173
"1550",154.9,21.7545464179104,-258.10004950495,4.17324752475248
"1551",155,21.7456540601504,-256.6206,4.17352
"1552",155.1,21.7293529850746,-255.59088,4.17224
"1553",155.2,21.741459,-254.663514285714,4.173
"1554",155.3,21.7391479699248,-254.525,4.1728
"1555",155.4,21.7231176470588,-257.631787878788,4.17224242424242
"1556",155.5,21.7263157575758,-262.062130434783,4.173
"1557",155.6,21.7354294117647,-260.629705882353,4.173
"1558",155.7,21.7295492,-259.540471698113,4.173
"1559",155.8,21.7220908,-258.6456,4.173
"1560",155.9,21.7251362376238,-259.071445544555,4.17252475247525
"1561",156,21.7205231818182,-263.381846938775,4.1714693877551
"1562",156.1,21.7226304411765,-265.643273584906,4.173
"1563",156.2,21.7447190909091,-264.3276,4.1728
"1564",156.3,21.7399188,-263.092060606061,4.17248484848485
"1565",156.4,21.7289656,-262.00775,4.17375
"1566",156.5,21.7189021212121,-262.253198019802,4.173
"1567",156.6,21.7325923529412,-264.875846153846,4.173
"1568",156.7,21.7462564646465,-266.220125,4.173
"1569",156.8,21.7288495,-264.983242424242,4.173
"1570",156.9,21.716393,-263.918595959596,4.17325252525253
"1571",157,21.7208464661654,-263.188826086957,4.174
"1572",157.1,21.7297682352941,-263.250197674418,4.17425581395349
"1573",157.2,21.7065303030303,-267.481653465347,4.17476237623762
"1574",157.3,21.6816829411765,-267.075068965517,4.17141379310345
"1575",157.4,21.6717336,-266.183060240964,4.173
"1576",157.5,21.6641952631579,-265.31725,4.173
"1577",157.6,21.6594126865672,-266.222749999999,4.173
"1578",157.7,21.64795,-268.380405940594,4.173
"1579",157.8,21.6395170588235,-267.074454545455,4.17324242424242
"1580",157.9,21.6441360606061,-266.055304347826,4.17421739130435
"1581",158,21.6616955,-266.113333333333,4.1747619047619
"1582",158.1,21.6455405940594,-271.101927272727,4.17276363636364
"1583",158.2,21.6332993939394,-270.655186813187,4.17182417582417
"1584",158.3,21.6419641176471,-269.387343137255,4.17149019607843
"1585",158.4,21.637453030303,-268.540846938776,4.173
"1586",158.5,21.6387915,-268.828,4.173
"1587",158.6,21.6566545,-273.376029702969,4.173
"1588",158.7,21.66124,-277.68106060606,4.173
"1589",158.8,21.6594189705882,-275.904702970297,4.173
"1590",158.9,21.6629250757576,-274.733204081633,4.17275510204082
"1591",159,21.6670480597015,-273.646828571429,4.17224761904762
"1592",159.1,21.663887,-274.53507368421,4.17344210526316
"1593",159.2,21.6649884962406,-280.50162,4.17474
"1594",159.3,21.6713838235294,-280.837666666667,4.17377777777778
"1595",159.4,21.6868238636364,-279.411662650603,4.173
"1596",159.5,21.7030416176471,-277.73444,4.173
"1597",159.6,21.693322,-276.72184,4.173
"1598",159.7,21.687661,-276.01268,4.173
"1599",159.8,21.6941433663366,-277.829450980393,4.173
"1600",159.9,21.6967169924812,-280.540909090909,4.17275757575758
"1601",160,21.7064140298507,-279.04725,4.172
"1602",160.1,21.7077715151515,-278.143508196721,4.17220491803279
"1603",160.2,21.704635,-277.544642857143,4.17292857142857
"1604",160.3,21.7238066336634,-276.482989361702,4.17140425531915
"1605",160.4,21.7370176691729,-276.480262626263,4.173
"1606",160.5,21.7243926865672,-279.878539999999,4.173
"1607",160.6,21.7062463636364,-284.747336633664,4.173
"1608",160.7,21.717333,-283.442616161616,4.17325252525253
"1609",160.8,21.7130739393939,-282.501666666667,4.174
"1610",160.9,21.7136559398496,-281.599385542169,4.17356626506024
"1611",161,21.7261017647059,-280.828695238095,4.17074285714286
"1612",161.1,21.7198640601504,-280.26263,4.17258
"1613",161.2,21.7171152941176,-281.217156250001,4.1714375
"1614",161.3,21.7344068,-287.942576923077,4.173
"1615",161.4,21.72595,-290.155669902913,4.173
"1616",161.5,21.7065045454545,-288.855870967742,4.173
"1617",161.6,21.6941984210526,-287.6075,4.173
"1618",161.7,21.6837253731343,-286.727,4.173
"1619",161.8,21.6784587755102,-285.850090909091,4.173
"1620",161.9,21.6943914,-285.1536,4.17222
"1621",162,21.6981406930693,-287.707719999998,4.17078
"1622",162.1,21.6849280451128,-296.518396551724,4.17344827586207
"1623",162.2,21.6838759701493,-295.929294117647,4.17476470588235
"1624",162.3,21.6882058585859,-294.422712871287,4.173
"1625",162.4,21.6921218,-293.357563636364,4.173
"1626",162.5,21.6821708,-292.327842696629,4.173
"1627",162.6,21.6805230827068,-291.1745,4.173
"1628",162.7,21.6794956716418,-290.23175,4.173
"1629",162.8,21.6860385714286,-291.749750000001,4.1735
"1630",162.9,21.6886513432836,-298.239,4.175
"1631",163,21.6898533333333,-298.580121212121,4.17424242424242
"1632",163.1,21.67998,-296.87148,4.17252
"1633",163.2,21.6693368656716,-295.6558,4.17348
"1634",163.3,21.6851017910448,-294.650485436893,4.17225242718447
"1635",163.4,21.7175952941176,-293.619459183673,4.173
"1636",163.5,21.7458368686869,-292.8645,4.173
"1637",163.6,21.7680688118812,-293.735687499999,4.173
"1638",163.7,21.7680988,-299.80427586207,4.173
"1639",163.8,21.7569409090909,-306.46134,4.173
"1640",163.9,21.7526458208955,-304.55122,4.173
"1641",164,21.7443286868687,-303.29874,4.173
"1642",164.1,21.7410291089109,-302.037574257426,4.173
"1643",164.2,21.7383733333333,-300.789444444444,4.17325252525253
"1644",164.3,21.7353987969925,-299.695138613861,4.17374257425743
"1645",164.4,21.7321956716418,-298.725919191919,4.173
"1646",164.5,21.747138,-303.435579999997,4.173
"1647",164.6,21.7590054,-318.29062,4.173
"1648",164.7,21.77622,-316.936888888889,4.17277777777778
"1649",164.8,21.777,-315.015785714285,4.17253571428571
"1650",164.9,21.7514949253731,-313.06423364486,4.17583177570093
"1651",165,21.7342067669173,-311.74835483871,4.17238709677419
"1652",165.1,21.7197614705882,-310.41325,4.1735
"1653",165.2,21.7218039393939,-309.274333333333,4.172
"1654",165.3,21.7437105970149,-310.274366336634,4.17225742574257
"1655",165.4,21.7604578787879,-316.508772277228,4.173
"1656",165.5,21.758015112782,-319.321272727273,4.173
"1657",165.6,21.7486105970149,-317.588444444445,4.173
"1658",165.7,21.74653,-316.3032,4.173
"1659",165.8,21.7596838,-315.149803571428,4.17276785714286
"1660",165.9,21.757946,-314.132707865168,4.17247191011236
"1661",166,21.7614105263158,-313.399495049505,4.17425742574257
"1662",166.1,21.7708231343284,-312.45356,4.172
"1663",166.2,21.7618688,-314.107030303031,4.17248484848485
"1664",166.3,21.749527,-320.836673267327,4.17375247524753
"1665",166.4,21.7619666666667,-319.676158415842,4.173
"1666",166.5,21.7628921052632,-318.595756756757,4.173
"1667",166.6,21.7585843283582,-317.652103448276,4.173
"1668",166.7,21.7688572932331,-316.548356435643,4.173
"1669",166.8,21.7770137313433,-315.76992,4.17252
"1670",166.9,21.7807323,-316.290303030303,4.17221212121212
"1671",167,21.7843454135338,-320.863712871287,4.17525742574257
"1672",167.1,21.7905462686567,-323.152939393939,4.17372727272727
"1673",167.2,21.7709687218045,-322.131524752475,4.17550495049505
"1674",167.3,21.754735,-320.996,4.17376
"1675",167.4,21.7714324,-320.067393939394,4.173
"1676",167.5,21.7489474,-321.061,4.173
"1677",167.6,21.743314,-326.698,4.173
"1678",167.7,21.7471193984962,-327.482792079208,4.173
"1679",167.8,21.7378662686567,-326.300825688073,4.173
"1680",167.9,21.7250724,-325.202912087912,4.17267032967033
"1681",168,21.7141832,-324.02364,4.17148
"1682",168.1,21.7088212,-324.834515151515,4.17324242424242
"1683",168.2,21.696985,-330.998,4.17375
"1684",168.3,21.6864431343284,-334.4745,4.173
"1685",168.4,21.6979161,-332.564625,4.173
"1686",168.5,21.7161112,-331.4318125,4.173
"1687",168.6,21.7232772,-330.072910891089,4.173
"1688",168.7,21.7127334586466,-328.96432,4.17324
"1689",168.8,21.7028631343284,-328.103925233645,4.17332710280374
"1690",168.9,21.7229181954887,-329.211627659574,4.171
"1691",169,21.7304,-336.572979591837,4.17170408163265
"1692",169.1,21.7108488,-336.095287128713,4.17350495049505
"1693",169.2,21.7194630075188,-334.742181818182,4.17224242424242
"1694",169.3,21.728065,-333.592811881188,4.173
"1695",169.4,21.7221889473684,-332.51048,4.173
"1696",169.5,21.7311431343284,-331.55528,4.173
"1697",169.6,21.7318231,-330.632907563025,4.173
"1698",169.7,21.7236424,-330.374864197533,4.173
"1699",169.8,21.7222913861386,-339.374588235294,4.17276470588235
"1700",169.9,21.73392,-345.854672413793,4.172
"1701",170,21.7474356716418,-343.614951219512,4.17207317073171
"1702",170.1,21.7321807,-341.79284,4.17324
"1703",170.2,21.7279915,-340.46776,4.17352
"1704",170.3,21.7332556,-339.206201680672,4.17220168067227
"1705",170.4,21.7342061363636,-338.272864197531,4.173
"1706",170.5,21.7284217910448,-340.70984,4.173
"1707",170.6,21.7185676691729,-352.179272727273,4.173
"1708",170.7,21.7155388059701,-351.451,4.173
"1709",170.8,21.7263864,-349.41775,4.17325
"1710",170.9,21.7232046616541,-347.911158415841,4.17325742574257
"1711",171,21.7205694117647,-346.49396,4.17172
"1712",171.1,21.7260277272727,-345.24816,4.17352
"1713",171.2,21.7341182352941,-344.160654867257,4.17221238938053
"1714",171.3,21.7167008,-344.402625,4.173
"1715",171.4,21.7123638,-352.184091836735,4.173
"1716",171.5,21.725764950495,-354.553386138614,4.173
"1717",171.6,21.73803,-352.86703030303,4.173
"1718",171.7,21.73346,-351.3955,4.173
"1719",171.8,21.7262315,-350.01375,4.173
"1720",171.9,21.7322862,-348.99075,4.17325
"1721",172,21.7369737,-348.1095,4.17375
"1722",172.1,21.7463547727273,-350.478999999997,4.173
"1723",172.2,21.7351370588235,-361.002712871287,4.173
"1724",172.3,21.7297892,-362.69888,4.173
"1725",172.4,21.7481539,-360.644333333333,4.173
"1726",172.5,21.74276,-358.996891089109,4.173
"1727",172.6,21.7466005263158,-357.618484848485,4.173
"1728",172.7,21.74858,-358.09896039604,4.17374257425743
"1729",172.8,21.7365241984733,-362.61108,4.17528
"1730",172.9,21.7499722058824,-363.73208,4.173
"1731",173,21.758799,-362.25448,4.17324
"1732",173.1,21.7449922556391,-360.929121212121,4.17375757575758
"1733",173.2,21.7454935820896,-359.722693069307,4.173
"1734",173.3,21.7523306818182,-361.25504,4.173
"1735",173.4,21.7534358208955,-365.314060606061,4.173
"1736",173.5,21.738346,-363.4035,4.173
"1737",173.6,21.7402876,-362.034,4.1725
"1738",173.7,21.738247029703,-360.871,4.1715
"1739",173.8,21.7374598496241,-361.129811881188,4.173
"1740",173.9,21.7478137313433,-363.859606060606,4.173
"1741",174,21.7392199,-362.65475,4.173
"1742",174.1,21.7301108,-361.52025,4.17325
"1743",174.2,21.7303139,-362.22525,4.17375
"1744",174.3,21.7336743939394,-366.260128440367,4.173
"1745",174.4,21.7392776470588,-364.877826086957,4.173
"1746",174.5,21.7460071969697,-364.439603960396,4.173
"1747",174.6,21.7408611940299,-366.883969387755,4.173
"1748",174.7,21.7340512,-368.122504950495,4.17324752475248
"1749",174.8,21.7420481818182,-366.8286,4.174
"1750",174.9,21.7522847058824,-367.616254545454,4.17378181818182
"1751",175,21.7435436363636,-371.926111111111,4.17346666666667
"1752",175.1,21.7287382352941,-370.376085714286,4.17531428571429
"1753",175.2,21.7170524,-369.388942857143,4.17245714285714
"1754",175.3,21.7139056,-369.077,4.173
"1755",175.4,21.7119168316832,-370.19075,4.173
"1756",175.5,21.7250531818182,-368.781336633663,4.173
"1757",175.6,21.7220070588235,-368.937181818182,4.173
"1758",175.7,21.7151995959596,-370.353405940594,4.173
"1759",175.8,21.7246902970297,-369.367939393939,4.1739696969697
"1760",175.9,21.7366069,-370.138439655172,4.17613793103448
"1761",176,21.7025512030075,-372.230058139535,4.17289534883721
"1762",176.1,21.6709813432836,-371.008071428571,4.1724693877551
"1763",176.2,21.6495383838384,-371.07325,4.17375
"1764",176.3,21.6358656,-370.886036697248,4.173
"1765",176.4,21.6380977777778,-370.260285714286,4.173
"1766",176.5,21.6437654135338,-370.376681818182,4.173
"1767",176.6,21.6529711764706,-369.7605,4.17316666666667
"1768",176.7,21.6452993939394,-369.838693069307,4.17375247524753
"1769",176.8,21.6345540298507,-369.55288,4.17276
"1770",176.9,21.6302424,-369.83804,4.17176
"1771",177,21.6469286466165,-370.282,4.17172
"1772",177.1,21.6638013432836,-373.78603030303,4.17375757575758
"1773",177.2,21.6638669924812,-374.169138613861,4.173
"1774",177.3,21.6650640298507,-374.3226,4.173
"1775",177.4,21.6696534,-375.0408,4.173
"1776",177.5,21.6827998,-378.071515151515,4.173
"1777",177.6,21.6642455445545,-379.213859649123,4.173
"1778",177.7,21.6592772932331,-378.777252873564,4.173
"1779",177.8,21.680331641791,-380.551,4.17251515151515
"1780",177.9,21.666144040404,-379.72325,4.17175
"1781",178,21.6581476,-380.0755,4.174
"1782",178.1,21.6894618,-381.583485148514,4.17375247524753
"1783",178.2,21.7052892481203,-384.316606060606,4.173
"1784",178.3,21.71035,-384.852287128713,4.173
"1785",178.4,21.7220231818182,-385.770818181818,4.173
"1786",178.5,21.723581641791,-385.6115,4.173
"1787",178.6,21.736269,-385.808950495049,4.173
"1788",178.7,21.7438770149254,-386.17928,4.17324
"1789",178.8,21.7379313432836,-386.194333333333,4.17424242424242
"1790",178.9,21.7370032330827,-386.417930693069,4.17425742574257
"1791",179,21.7518405882353,-386.188699115044,4.17242477876106
"1792",179.1,21.7440556565657,-386.222448275862,4.17387356321839
"1793",179.2,21.7379948,-387.56748,4.173
"1794",179.3,21.7425071287129,-389.22596,4.173
"1795",179.4,21.7294960902256,-388.88856,4.17276
"1796",179.5,21.7114741791045,-388.556848484848,4.17248484848485
"1797",179.6,21.7025960606061,-389.735235294117,4.17375490196078
"1798",179.7,21.7022116831683,-391.799101010101,4.17323232323232
"1799",179.8,21.7200575757576,-393.366454545455,4.174
"1800",179.9,21.7408436842105,-394.12725,4.17375
"1801",180,21.7567526865672,-394.32825,4.17275
"1802",180.1,21.7612296969697,-394.7075,4.17225
"1803",180.2,21.7702916831683,-395.57475,4.173
"1804",180.3,21.8022484848485,-396.916425742575,4.173
"1805",180.4,21.8239865671642,-401.380575757576,4.173
"1806",180.5,21.8225907462687,-402.85975,4.173
"1807",180.6,21.7999332330827,-402.013316831683,4.17324752475248
"1808",180.7,21.797351641791,-402.60444,4.174
"1809",180.8,21.7986203,-404.62352,4.17376
"1810",180.9,21.7978836567164,-405.651636363636,4.173
"1811",181,21.7979528787879,-405.6405,4.173
"1812",181.1,21.8094254887218,-405.64998019802,4.173
"1813",181.2,21.8134276470588,-405.829212121212,4.173
"1814",181.3,21.8188544,-405.65502970297,4.173
"1815",181.4,21.8037195959596,-405.809151515151,4.173
"1816",181.5,21.8148093069307,-406.443752475248,4.173
"1817",181.6,21.8373237593985,-406.88468,4.17396
"1818",181.7,21.8269901492537,-407.280484848485,4.17651515151515
"1819",181.8,21.8236022222222,-408.0555,4.1745
"1820",181.9,21.825832,-408.575107142857,4.17255357142857
"1821",182,21.843293030303,-408.81006741573,4.17129213483146
"1822",182.1,21.8350321052632,-408.852971962617,4.173
"1823",182.2,21.810061641791,-409.525787878788,4.173
"1824",182.3,21.7991110526316,-409.749129032258,4.173
"1825",182.4,21.7914858208955,-409.5515,4.173
"1826",182.5,21.7751126262626,-409.893881188119,4.173
"1827",182.6,21.7910692537313,-410.19264,4.17324
"1828",182.7,21.7975071641791,-410.802738317757,4.17467289719626
"1829",182.8,21.7989505263158,-411.977387096774,4.1762688172043
"1830",182.9,21.8009330882353,-413.40644,4.173
"1831",183,21.7794379,-414.182428571429,4.173
"1832",183.1,21.7886665,-414.631475247525,4.173
"1833",183.2,21.8041461386139,-414.093446808511,4.173
"1834",183.3,21.8008565413534,-413.7068,4.173
"1835",183.4,21.8077601492537,-413.89752,4.173
"1836",183.5,21.8358608,-414.415285714286,4.173
"1837",183.6,21.830036,-414.828235955056,4.173
"1838",183.7,21.8369908,-415.631676767677,4.17276767676768
"1839",183.8,21.8431751908397,-415.94072,4.172
"1840",183.9,21.8415674626866,-416.051099009901,4.172
"1841",184,21.840673,-416.445131313131,4.17246464646465
"1842",184.1,21.856005,-417.1744,4.17376
"1843",184.2,21.872734,-417.832811881188,4.173
"1844",184.3,21.8465726315789,-418.18571,4.173
"1845",184.4,21.8100564179104,-417.834747474747,4.173
"1846",184.5,21.8178557894737,-416.93784,4.17348
"1847",184.6,21.8340223880597,-416.81298019802,4.17452475247525
"1848",184.7,21.845963,-416.935707070707,4.173
"1849",184.8,21.8652636842105,-417.036603960396,4.17276237623762
"1850",184.9,21.8772042424242,-417.30397979798,4.172
"1851",185,21.8740509022556,-417.7912,4.172
"1852",185.1,21.8752991176471,-418.564108910891,4.17223762376238
"1853",185.2,21.900141,-419.223878787879,4.173
"1854",185.3,21.91107,-419.846117647059,4.173
"1855",185.4,21.9220961386139,-420.514666666667,4.173
"1856",185.5,21.9411202272727,-421.282946428571,4.173
"1857",185.6,21.9726671641791,-421.829269662921,4.17275280898876
"1858",185.7,22.019114,-422.138673469388,4.17122448979592
"1859",185.8,22.035847,-422.91298019802,4.17247524752475
"1860",185.9,22.014718,-423.80296,4.174
"1861",186,22.0428381818182,-424.844858585859,4.17376767676768
"1862",186.1,22.0984920588235,-425.8606,4.173
"1863",186.2,22.1320934848485,-426.71148,4.173
"1864",186.3,22.167473880597,-426.96708,4.17324
"1865",186.4,22.1732582,-427.341339130435,4.17379130434783
"1866",186.5,22.2175662406015,-428.043534883721,4.173
"1867",186.6,22.2684385294118,-428.575939393939,4.173
"1868",186.7,22.2898983333333,-428.853058823529,4.17323529411765
"1869",186.8,22.3352308823529,-428.926555555556,4.17355555555556
"1870",186.9,22.369198,-429.215909090909,4.17246464646465
"1871",187,22.432711,-429.831217821782,4.17376237623762
"1872",187.1,22.4659868316832,-431.088054545454,4.173
"1873",187.2,22.5022186363636,-431.094370786517,4.173
"1874",187.3,22.5461548529412,-431.348584158416,4.173
"1875",187.4,22.5630990909091,-431.574,4.173
"1876",187.5,22.608762,-431.87809,4.173
"1877",187.6,22.65542,-431.92526,4.17277
"1878",187.7,22.6798803030303,-432.25511,4.17246
"1879",187.8,22.7103538235294,-432.854531531532,4.17420720720721
"1880",187.9,22.713799,-433.525545454545,4.17472727272727
"1881",188,22.738321,-433.70636,4.173
"1882",188.1,22.774869,-434.026287128713,4.173
"1883",188.2,22.8239005263158,-434.61994949495,4.173
"1884",188.3,22.8440741791045,-435.456294117647,4.173
"1885",188.4,22.8670039393939,-436.10392,4.173
"1886",188.5,22.9138926865672,-436.896918367347,4.17322448979592
"1887",188.6,22.9381529,-437.347851485149,4.17376237623762
"1888",188.7,22.9435497744361,-437.78322,4.17323
"1889",188.8,22.9653591044776,-438.3471875,4.174
"1890",188.9,22.9922915909091,-439.088402298851,4.17387356321839
"1891",189,23.0230507352941,-439.882345794393,4.173
"1892",189.1,23.0292952,-440.377212765957,4.173
"1893",189.2,23.032725,-439.816616161616,4.173
"1894",189.3,23.0474322772277,-439.4154,4.173
"1895",189.4,23.0486531818182,-439.768831683168,4.17323762376238
"1896",189.5,23.0697864179104,-439.88948,4.17377
"1897",189.6,23.0858711,-439.624598214286,4.17341071428571
"1898",189.7,23.0822172,-439.551724137931,4.17474712643678
"1899",189.8,23.0891146534653,-439.464752475248,4.17323762376238
"1900",189.9,23.0963777272727,-439.581060606061,4.174
"1901",190,23.1173602941176,-439.991277227723,4.17376237623762
"1902",190.1,23.1392128787879,-440.328464646465,4.173
"1903",190.2,23.1472514925373,-440.690792079208,4.173
"1904",190.3,23.1433657575758,-440.785685185185,4.173
"1905",190.4,23.1569948120301,-440.501241758242,4.173
"1906",190.5,23.2058510294118,-441.00796,4.17324
"1907",190.6,23.2290452272727,-442.2846,4.174
"1908",190.7,23.2515961764706,-443.382355555556,4.17384444444444
"1909",190.8,23.2992808,-443.948059405941,4.17323762376238
"1910",190.9,23.3077256,-444.602714285714,4.17378095238095
"1911",191,23.3038914851485,-445.106806451613,4.173
"1912",191.1,23.3165748484848,-445.211424528302,4.173
"1913",191.2,23.3436270588235,-445.3222,4.173
"1914",191.3,23.359489,-445.835435643564,4.173
"1915",191.4,23.366108,-446.332234693878,4.17323469387755
"1916",191.5,23.380629,-446.432264705882,4.17375490196078
"1917",191.6,23.3909077272727,-446.269262626263,4.17369696969697
"1918",191.7,23.4110544117647,-446.180898305085,4.17538983050847
"1919",191.8,23.4122714285714,-445.897294117647,4.173
"1920",191.9,23.4107464,-445.454659793814,4.173
"1921",192,23.443832,-444.862727272727,4.173
"1922",192.1,23.4647763157895,-444.222673267327,4.173
"1923",192.2,23.4759,-443.76232,4.173
"1924",192.3,23.4967328787879,-443.757555555556,4.17277777777778
"1925",192.4,23.4994737313433,-445.037485148515,4.172
"1926",192.5,23.4890624,-445.859406593407,4.172
"1927",192.6,23.4903851879699,-446.06528,4.17176
"1928",192.7,23.4701989552239,-446.09548,4.17124
"1929",192.8,23.4542027272727,-446.03288,4.172
"1930",192.9,23.4521741176471,-445.925009174312,4.17222018348624
"1931",193,23.464192,-446.024380434783,4.173
"1932",193.1,23.478978,-445.938656565657,4.173
"1933",193.2,23.4967022772277,-446.129079207921,4.173
"1934",193.3,23.5147973880597,-446.494858585859,4.173
"1935",193.4,23.5342230882353,-447.268757575758,4.173
"1936",193.5,23.5746009090909,-447.976663366337,4.1720099009901
"1937",193.6,23.598273,-448.88268,4.16972
"1938",193.7,23.626644,-449.7862,4.17224
"1939",193.8,23.6485831578947,-450.016575757576,4.17251515151515
"1940",193.9,23.657977761194,-450.575336633663,4.17149504950495
"1941",194,23.668726969697,-451.579181818182,4.173
"1942",194.1,23.6779628358209,-452.210504950495,4.173
"1943",194.2,23.68576,-452.33564,4.173
"1944",194.3,23.6948719548872,-452.578181818182,4.173
"1945",194.4,23.7103206060606,-452.9405,4.1735
"1946",194.5,23.726525112782,-453.314598039216,4.175
"1947",194.6,23.7489645588235,-453.518252525253,4.17430303030303
"1948",194.7,23.7927676767677,-453.63812,4.17272
"1949",194.8,23.828878019802,-453.650636363636,4.17451515151515
"1950",194.9,23.8880192079208,-453.287,4.173
"1951",195,23.8905505263158,-452.933181818182,4.17275757575758
"1952",195.1,23.9107111940298,-452.4645,4.172
"1953",195.2,23.9366257575758,-452.031811881188,4.172
"1954",195.3,23.9102624752475,-451.09276,4.17176
"1955",195.4,23.9436837373737,-450.07328,4.17148
"1956",195.5,23.9624739097744,-450.058181818182,4.17275757575758
"1957",195.6,23.9662288235294,-450.343465346535,4.172
"1958",195.7,23.985265959596,-450.447943925234,4.172
"1959",195.8,24.0231341,-450.492817204301,4.17181720430108
"1960",195.9,24.0362044444444,-450.34976,4.17124
"1961",196,24.0763768421053,-450.1016,4.17176
"1962",196.1,24.132387761194,-450.242545454545,4.17124242424242
"1963",196.2,24.1617396992481,-451.5565,4.17175
"1964",196.3,24.1714995454545,-453.006554455445,4.17124752475248
"1965",196.4,24.168598,-452.79544,4.17152
"1966",196.5,24.1940653383459,-453.03128,4.17024
"1967",196.6,24.2175837313433,-456.317,4.171
"1968",196.7,24.2418634586466,-460.44008,4.17052
"1969",196.8,24.258303880597,-459.977666666667,4.169
"1970",196.9,24.2811769,-460.099288288288,4.16945045045045
"1971",197,24.298187,-460.299577777778,4.17084444444444
"1972",197.1,24.3295204950495,-460.0634,4.17
"1973",197.2,24.3577495488722,-459.50892,4.17
"1974",197.3,24.3951334782609,-459.23444,4.17024
"1975",197.4,24.421294040404,-459.33228,4.17052
"1976",197.5,24.4627075,-458.71736,4.16996
"1977",197.6,24.4715825,-457.439393939394,4.17227272727273
"1978",197.7,24.499510075188,-456.403,4.16925
"1979",197.8,24.526073030303,-456.072294117647,4.16724509803922
"1980",197.9,24.5408426315789,-455.884484848485,4.168
"1981",198,24.5520629850746,-455.34896969697,4.16775757575758
"1982",198.1,24.5573363636364,-453.983435643565,4.167
"1983",198.2,24.5916847014925,-452.52532,4.167
"1984",198.3,24.6432677272727,-451.30144,4.167
"1985",198.4,24.6660959398496,-450.65648,4.16748
"1986",198.5,24.6773847058824,-449.916396039604,4.16804950495049
"1987",198.6,24.7191190909091,-449.049282828283,4.16523232323232
"1988",198.7,24.7404126119403,-448.89636,4.16624
"1989",198.8,24.7863877272727,-448.800636363636,4.16675757575758
"1990",198.9,24.7902671428571,-447.375613861386,4.166
"1991",199,24.7630308955224,-446.61388,4.16576
"1992",199.1,24.7822165656566,-446.61984,4.165
"1993",199.2,24.8070900990099,-446.17124,4.165
"1994",199.3,24.8073544,-445.637336633663,4.165
"1995",199.4,24.8142969402985,-445.182282828283,4.16546464646465
"1996",199.5,24.8282720895522,-444.398848484849,4.16627272727273
"1997",199.6,24.8649948,-443.14775,4.1645
"1998",199.7,24.9031984,-442.14475,4.16525
"1999",199.8,24.9046254545455,-441.43179338843,4.16361983471074
"2000",199.9,24.9189463432836,-441.020569620253,4.166
"2001",200,24.9579868181818,-440.427,4.166
"2002",200.1,24.9544135338346,-439.976811881188,4.166
"2003",200.2,24.9208656716418,-439.309515151515,4.16624242424242
"2004",200.3,24.9477585858586,-438.69325,4.167
"2005",200.4,24.9962891044776,-438.422267326733,4.16551485148515
"2006",200.5,25.0135675757576,-437.50956,4.1622
"2007",200.6,25.0215683458647,-436.515696969697,4.16575757575758
"2008",200.7,25.0555989705882,-435.41505940594,4.16574257425743
"2009",200.8,25.0520112121212,-434.690623762376,4.16776237623762
"2010",200.9,25.0760325742574,-434.27173,4.167
"2011",201,25.0956591,-433.47428,4.167
"2012",201.1,25.098612406015,-431.70187,4.167
"2013",201.2,25.14415,-430.834717171717,4.167
"2014",201.3,25.1778345454545,-430.881455445545,4.16723762376238
"2015",201.4,25.2160324752475,-431.011584158416,4.16777227722772
"2016",201.5,25.1888690909091,-430.989111111111,4.167
"2017",201.6,25.2018698507463,-430.41212,4.16723
"2018",201.7,25.2217831818182,-429.543606060606,4.16730303030303
"2019",201.8,25.2225372932331,-429.711,4.16523762376238
"2020",201.9,25.2348826865672,-430.38217,4.16623
"2021",202,25.2566584,-432.33653,4.167
"2022",202.1,25.2679539849624,-434.671929292929,4.16676767676768
"2023",202.2,25.2748993939394,-434.199277227723,4.166
"2024",202.3,25.296177443609,-434.041641025641,4.166
"2025",202.4,25.3049901470588,-433.522142857143,4.16592857142857
"2026",202.5,25.316115,-431.824888888889,4.165
"2027",202.6,25.3237587218045,-431.739051724138,4.165
"2028",202.7,25.320166969697,-430.635807228916,4.1650843373494
"2029",202.8,25.3104960150376,-428.38792,4.166
"2030",202.9,25.3274659701492,-425.800900990099,4.166
"2031",203,25.335853,-423.85808,4.166
"2032",203.1,25.33907,-423.27039,4.166
"2033",203.2,25.3487932,-421.05833,4.16577
"2034",203.3,25.3602953731343,-419.313137254902,4.16522549019608
"2035",203.4,25.343298358209,-419.406642857143,4.166
"2036",203.5,25.355374,-419.813313432836,4.16565671641791
"2037",203.6,25.3516953,-418.510328358209,4.16416417910448
"2038",203.7,25.3697397,-416.226625,4.164
"2039",203.8,25.3982356390977,-414.573613861386,4.164
"2040",203.9,25.4203557575758,-412.653090909091,4.164
"2041",204,25.4203209774436,-410.960711111111,4.164
"2042",204.1,25.4315520895522,-409.453454545455,4.16423232323232
"2043",204.2,25.416688,-408.33984,4.165
"2044",204.3,25.4065651879699,-406.819647058824,4.16476470588235
"2045",204.4,25.4234536363636,-406.545777777778,4.16577777777778
"2046",204.5,25.4164997744361,-406.303808080808,4.17037373737374
"2047",204.6,25.4069385294118,-406.90164,4.16476
"2048",204.7,25.4117594,-406.8952,4.16424
"2049",204.8,25.439796,-405.316603960396,4.165
"2050",204.9,25.4543998,-403.832175925926,4.16478703703704
"2051",205,25.458661641791,-402.089510869565,4.164
"2052",205.1,25.4490541791045,-401.57736,4.164
"2053",205.2,25.4826713,-402.16012,4.164
"2054",205.3,25.5124859,-400.58465,4.16469
"2055",205.4,25.5327685,-397.949323529412,4.16632352941176
"2056",205.5,25.5226690977444,-395.631625,4.164
"2057",205.6,25.5224360606061,-394.429011764706,4.16410588235294
"2058",205.7,25.5314033834586,-393.53536,4.16476
"2059",205.8,25.5279444776119,-392.07036,4.16424
"2060",205.9,25.5270472,-389.510235294118,4.165
"2061",206,25.5553983458647,-386.092408163265,4.165
"2062",206.1,25.5653768656716,-384.978285714286,4.165
"2063",206.2,25.5442154545455,-384.667550561798,4.16473033707865
"2064",206.3,25.5399205882353,-383.252939393939,4.16369696969697
"2065",206.4,25.5666042,-381.939705882353,4.16529411764706
"2066",206.5,25.5898818045113,-381.307530612245,4.16367346938776
"2067",206.6,25.5932686567164,-382.390287128713,4.16552475247525
"2068",206.7,25.5952177272727,-381.655282828282,4.16423232323232
"2069",206.8,25.5573297014925,-381.30708,4.165
"2070",206.9,25.557055,-385.161411764706,4.16476470588235
"2071",207,25.5813925,-380.817,4.16422222222222
"2072",207.1,25.6000137623762,-379.64463,4.16477
"2073",207.2,25.5834904511278,-383.379329999999,4.16423
"2074",207.3,25.5986305970149,-377.26965,4.165
"2075",207.4,25.5861628,-371.372303030303,4.16453535353535
"2076",207.5,25.5706244,-366.128257425743,4.16323762376238
"2077",207.6,25.5690546,-363.001656565656,4.164
"2078",207.7,25.5849795488722,-363.09928,4.16376
"2079",207.8,25.5947888059701,-356.540564356436,4.16276237623762
"2080",207.9,25.6045457575758,-350.81341,4.162
"2081",208,25.5985425373134,-345.42784,4.162
"2082",208.1,25.5961875,-340.912128440367,4.162
"2083",208.2,25.6106481203008,-339.089666666667,4.162
"2084",208.3,25.6177504477612,-342.777666666667,4.16266666666667
"2085",208.4,25.6258343181818,-336.088580645162,4.16431182795699
"2086",208.5,25.6383491176471,-329.931676470589,4.16054901960784
"2087",208.6,25.6348525,-324.655285714286,4.15964285714286
"2088",208.7,25.6341525,-319.967259999999,4.16177
"2089",208.8,25.6161896039604,-318.127294117647,4.16080672268908
"2090",208.9,25.6246233834586,-323.898271604939,4.16
"2091",209,25.6386897014925,-319.120666666667,4.16
"2092",209.1,25.6273006,-312.787525773197,4.16
"2093",209.2,25.6374002,-307.586,4.16023762376238
"2094",209.3,25.6543922,-303.312848484849,4.16216161616162
"2095",209.4,25.6728481203008,-299.56072,4.16432
"2096",209.5,25.6767192537313,-298.461769230769,4.15923076923077
"2097",209.6,25.6603959090909,-303.895144144144,4.16
"2098",209.7,25.6285534328358,-304.907453488371,4.16
"2099",209.8,25.6461335643564,-298.30372,4.16
"2100",209.9,25.6827687969925,-293.780444444444,4.16
"2101",210,25.6864620895522,-290.063339805825,4.15976699029126
"2102",210.1,25.690938030303,-286.708618556702,4.15921649484536
"2103",210.2,25.6970008823529,-283.71808,4.16
"2104",210.3,25.6805981818182,-281.1636,4.15976
"2105",210.4,25.6963833834586,-279.841909090909,4.15921818181818
"2106",210.5,25.6997813432836,-283.068869565216,4.16015217391304
"2107",210.6,25.6979015037594,-289.963666666667,4.16077777777778
"2108",210.7,25.7166898507463,-284.473939393939,4.16
"2109",210.8,25.7147357575758,-280.31128,4.16
"2110",210.9,25.702732,-276.87388,4.16
"2111",211,25.7368085148515,-274.097176470588,4.15976470588235
"2112",211.1,25.7399269172932,-271.750102040817,4.15922448979592
"2113",211.2,25.7251852941176,-269.473871287129,4.15928712871287
"2114",211.3,25.7176664,-269.50697,4.15746
"2115",211.4,25.7165054,-276.20447,4.15946
"2116",211.5,25.7159712,-279.821108333334,4.16080833333333
"2117",211.6,25.7064236842105,-275.835012658228,4.16
"2118",211.7,25.7037988059702,-272.276376237624,4.16
"2119",211.8,25.7036601526718,-269.673152380952,4.16
"2120",211.9,25.7061859701493,-267.397294736842,4.16
"2121",212,25.7328744,-265.397712871287,4.16
"2122",212.1,25.7446828571429,-263.802537037037,4.16
"2123",212.2,25.7813879104478,-262.65694,4.16
"2124",212.3,25.7803184848485,-265.089666666668,4.16015555555556
"2125",212.4,25.7554876470588,-273.74348,4.16052
"2126",212.5,25.7361644,-270.881077669903,4.15923300970874
"2127",212.6,25.7177244,-268.493319587629,4.16021649484536
"2128",212.7,25.7321420792079,-266.44248,4.16076
"2129",212.8,25.7303462686567,-264.91492,4.16
"2130",212.9,25.7248820588235,-263.32444,4.16
"2131",213,25.7231293939394,-261.772714285714,4.16
"2132",213.1,25.7230722,-262.131199999999,4.1604
"2133",213.2,25.7032268,-267.822256410257,4.162
"2134",213.3,25.7144986466165,-272.237166666666,4.16183333333333
"2135",213.4,25.7630031343284,-269.030689320388,4.16044660194175
"2136",213.5,25.7582648484848,-266.777505050505,4.16159595959596
"2137",213.6,25.7358508823529,-264.761714285714,4.16
"2138",213.7,25.7262385858586,-263.23298989899,4.16023232323232
"2139",213.8,25.7423048120301,-261.614142857143,4.161
"2140",213.9,25.7628645454545,-259.9096,4.16086666666667
"2141",214,25.7650214285714,-259.005679245283,4.16
"2142",214.1,25.7441808823529,-260.104161290322,4.16017204301075
"2143",214.2,25.7393424242424,-269.761292929293,4.16030303030303
"2144",214.3,25.7435191044776,-270.696554455446,4.15847524752475
"2145",214.4,25.72945,-268.254797979798,4.16046464646465
"2146",214.5,25.74549,-266.318789473684,4.16178947368421
"2147",214.6,25.7281670149254,-264.678689655173,4.161
"2148",214.7,25.7652856,-263.01873,4.161
"2149",214.8,25.7618166336634,-261.490525252525,4.161
"2150",214.9,25.75638,-260.133207920792,4.161
"2151",215,25.7686837313433,-259.11949,4.16077
"2152",215.1,25.7733037313433,-258.412868686869,4.16
"2153",215.2,25.7690232,-261.676336633663,4.16023762376238
"2154",215.3,25.7708884,-271.399830357143,4.161
"2155",215.4,25.7806946464646,-268.857222222222,4.16124444444444
"2156",215.5,25.7673699253731,-266.585142857143,4.16257142857143
"2157",215.6,25.7552454545455,-264.853657657658,4.161
"2158",215.7,25.7663860902256,-263.426292134831,4.161
"2159",215.8,25.7774945454545,-261.890151515152,4.161
"2160",215.9,25.7948804040404,-260.793495049505,4.161
"2161",216,25.8061720149254,-259.61452,4.161
"2162",216.1,25.8207075757576,-258.642336633663,4.161
"2163",216.2,25.8510089473684,-257.696,4.161
"2164",216.3,25.8484541176471,-256.787445544554,4.16123762376238
"2165",216.4,25.8250464,-255.92348,4.162
"2166",216.5,25.8467152,-255.23324,4.16177
"2167",216.6,25.8630972,-254.39813592233,4.161
"2168",216.7,25.8580902985075,-253.770639175258,4.161
"2169",216.8,25.846756119403,-252.97783,4.161
"2170",216.9,25.8293125,-252.30274,4.161
"2171",217,25.78055,-251.686595959596,4.16123232323232
"2172",217.1,25.7824154545455,-251.185378378378,4.162
"2173",217.2,25.8091771641791,-250.568505617978,4.16185393258427
"2174",217.3,25.7940854545455,-249.990165048544,4.16123300970874
"2175",217.4,25.7809032,-249.416060606061,4.16157575757576
"2176",217.5,25.7669616,-248.898222222222,4.16022222222222
"2177",217.6,25.7847128,-248.34132,4.161
"2178",217.7,25.7758428571429,-247.896242424242,4.161
"2179",217.8,25.7762348484848,-247.39203960396,4.161
"2180",217.9,25.7699363157895,-247.024747474747,4.161
"2181",218,25.7662564705882,-246.62568,4.16076
"2182",218.1,25.7723364,-246.002893203884,4.16
"2183",218.2,25.7825957142857,-245.551474226804,4.16064948453608
"2184",218.3,25.8006853030303,-245.214411764706,4.16276470588235
"2185",218.4,25.7782921052632,-244.88972,4.16156
"2186",218.5,25.7566458208955,-244.495555555556,4.16022222222222
"2187",218.6,25.7648395,-244.036118811881,4.161
"2188",218.7,25.7520808,-243.62668,4.161
"2189",218.8,25.7650999,-243.310666666667,4.16077777777778
"2190",218.9,25.7986144029851,-242.96709,4.16023
"2191",219,25.8305302985075,-242.65308,4.161
"2192",219.1,25.8452352,-242.2925,4.16032352941176
"2193",219.2,25.8779372,-241.810428571429,4.15885714285714
"2194",219.3,25.9105748,-241.56171,4.16177
"2195",219.4,25.8823642857143,-241.286584158416,4.161
"2196",219.5,25.8514590909091,-241.0782,4.161
"2197",219.6,25.8507026315789,-240.599344827586,4.161
"2198",219.7,25.8770607462687,-240.339285714286,4.161
"2199",219.8,25.8810431,-240.059,4.161
"2200",219.9,25.8631042105263,-239.63596039604,4.16077227722772
"2201",220,25.8575370149254,-239.3592,4.15956
"2202",220.1,25.8581716666667,-239.117407407407,4.15881481481481
"2203",220.2,25.8692130882353,-238.838461538462,4.16184615384615
"2204",220.3,25.8707882,-238.405714285714,4.15997321428571
"2205",220.4,25.8735419,-238.094588888889,4.15661111111111
"2206",220.5,25.8866015841584,-237.785214285714,4.161
"2207",220.6,25.8732457142857,-237.464019607843,4.161
"2208",220.7,25.8430132835821,-237.362582524272,4.161
"2209",220.8,25.845354,-237.079454545455,4.161
"2210",220.9,25.8654264,-236.700009009009,4.161
"2211",221,25.8538324,-236.463752941177,4.161
"2212",221.1,25.8106757142857,-236.185574257426,4.16122772277228
"2213",221.2,25.7762307462687,-235.94578,4.162
"2214",221.3,25.769321010101,-235.754277777778,4.16138888888889
"2215",221.4,25.7356713,-235.70997826087,4.15930434782609
"2216",221.5,25.7490554,-235.330666666667,4.161
"2217",221.6,25.7464536842105,-235.146544554455,4.161
"2218",221.7,25.7478474626866,-234.87812,4.161
"2219",221.8,25.7476516666667,-234.50062,4.161
"2220",221.9,25.7559842647059,-234.496222222222,4.16077777777778
"2221",222,25.7716713,-234.244026315789,4.16020175438597
"2222",222.1,25.7870142105263,-234.037790697674,4.16089534883721
"2223",222.2,25.7782989552239,-233.698623762376,4.16022772277228
"2224",222.3,25.75607,-233.5319,4.16122
"2225",222.4,25.7506147761194,-233.274888888889,4.16177777777778
"2226",222.5,25.7659562,-233.158427184466,4.161
"2227",222.6,25.7368362,-232.903113402062,4.161
"2228",222.7,25.7690367326733,-232.580094339623,4.161
"2229",222.8,25.7596694736842,-232.543031914894,4.161
"2230",222.9,25.7477295522388,-232.370464646465,4.16123232323232
"2231",223,25.7579929,-232.09288,4.162
"2232",223.1,25.7822071,-231.8866,4.16176
"2233",223.2,25.7974241,-231.681529411765,4.16123529411765
"2234",223.3,25.8055068421053,-231.452,4.16133333333333
"2235",223.4,25.8195311940298,-231.33692,4.15946
"2236",223.5,25.8253925,-231.176242424242,4.161
"2237",223.6,25.830101641791,-231.100421052632,4.161
"2238",223.7,25.8368154,-230.921222222222,4.16088888888889
"2239",223.8,25.847614887218,-230.749166666667,4.16020833333333
"2240",223.9,25.8436913432836,-230.569,4.16076
"2241",224,25.8424413636364,-230.471346534653,4.16
"2242",224.1,25.8322764705882,-230.175323232323,4.16069696969697
"2243",224.2,25.8286216,-229.997,4.16277777777778
"2244",224.3,25.832606,-229.843276595745,4.162
"2245",224.4,25.8429672277228,-229.656444444444,4.16177777777778
"2246",224.5,25.8661725,-229.568747474747,4.161
"2247",224.6,25.8734475,-229.436851485149,4.161
"2248",224.7,25.8394,-229.2345,4.161
"2249",224.8,25.8349442,-228.991536082474,4.161
"2250",224.9,25.8502714,-228.789693069307,4.16052475247525
"2251",225,25.8316810526316,-228.6539,4.15946
"2252",225.1,25.8581460294117,-228.53537,4.16054
"2253",225.2,25.86917,-228.28726,4.15946
"2254",225.3,25.8383542,-228.168473214286,4.16120535714286
"2255",225.4,25.8592318,-228.103,4.161875
"2256",225.5,25.846440075188,-227.944272727273,4.161
"2257",225.6,25.8082495522388,-227.8034,4.161
"2258",225.7,25.80237,-227.706176470588,4.16076470588235
"2259",225.8,25.8192958823529,-227.474857142857,4.16
"2260",225.9,25.846288,-227.3705,4.16
"2261",226,25.8342351879699,-227.145727272727,4.16027272727273
"2262",226.1,25.8192928358209,-226.98628,4.16152
"2263",226.2,25.8198381818182,-226.893692307692,4.16
"2264",226.3,25.8213788235294,-226.81775257732,4.16
"2265",226.4,25.8474418181818,-226.667853211009,4.16021100917431
"2266",226.5,25.848169,-226.495384615385,4.16084615384615
"2267",226.6,25.8372568316832,-226.398111111111,4.16023232323232
"2268",226.7,25.8567193984962,-226.334692307692,4.16076923076923
"2269",226.8,25.8607585294118,-226.047416666667,4.16
"2270",226.9,25.8650222222222,-225.962745454545,4.16043636363636
"2271",227,25.881648,-225.895822222222,4.16184444444445
"2272",227.1,25.8449678,-225.6348,4.16076
"2273",227.2,25.8470304511278,-225.336828571429,4.16045714285714
"2274",227.3,25.8651335820896,-225.324083333333,4.16160416666667
"2275",227.4,25.8520990909091,-225.136141414141,4.16
"2276",227.5,25.8232186567164,-225.11008,4.16
"2277",227.6,25.8211601,-225.03836,4.16
"2278",227.7,25.8264715037594,-224.960857142857,4.16
"2279",227.8,25.8316995522388,-224.741681818182,4.16
"2280",227.9,25.8584591729323,-224.50384,4.15976
"2281",228,25.8712750746269,-224.380821782178,4.15947524752475
"2282",228.1,25.861645,-224.126515151515,4.16076767676768
"2283",228.2,25.8515683,-224.070111111111,4.15977777777778
"2284",228.3,25.8517508910891,-223.923150537634,4.15934408602151
"2285",228.4,25.8410166917293,-223.914383838384,4.16076767676768
"2286",228.5,25.8541870149254,-223.726742857143,4.16
"2287",228.6,25.8654324242424,-223.698,4.16
"2288",228.7,25.8352276237624,-223.548563106796,4.16023300970874
"2289",228.8,25.8430512121212,-223.510237113402,4.16078350515464
"2290",228.9,25.8429063432836,-223.307752293578,4.16
"2291",229,25.8294940298507,-223.178484848485,4.16030303030303
"2292",229.1,25.8486206060606,-223.089666666667,4.16183333333333
"2293",229.2,25.8262967326733,-222.950680412371,4.16079381443299
"2294",229.3,25.8249078,-222.835267326733,4.16
"2295",229.4,25.8208892537313,-222.721632653061,4.16
"2296",229.5,25.7827066666667,-222.818495049505,4.16
"2297",229.6,25.7659176691729,-222.53929,4.16
"2298",229.7,25.7744080882353,-222.47678,4.16
"2299",229.8,25.7853922222222,-222.430686868687,4.15976767676768
"2300",229.9,25.7664435338346,-222.27512,4.159
"2301",230,25.7664436363636,-222.150513274336,4.159
"2302",230.1,25.7804437593985,-222.114528735632,4.159
"2303",230.2,25.8004176119403,-221.87616,4.15972
"2304",230.3,25.7753668686869,-221.766357142857,4.16157142857143
"2305",230.4,25.7897512871287,-221.669638297872,4.16
"2306",230.5,25.7654404,-221.538553191489,4.16
"2307",230.6,25.759275112782,-221.471428571429,4.16
"2308",230.7,25.7624644117647,-221.410719101124,4.16013483146067
"2309",230.8,25.7600962,-221.344407407407,4.16057407407407
"2310",230.9,25.7710862376238,-221.227,4.159
"2311",231,25.7591461,-220.999475247525,4.159
"2312",231.1,25.7440163157895,-220.940131313131,4.15923232323232
"2313",231.2,25.7609968656716,-220.754207920792,4.16
"2314",231.3,25.7596133333333,-220.772333333333,4.16
"2315",231.4,25.7404163636364,-220.667432989691,4.16
"2316",231.5,25.7750795959596,-220.641660869565,4.16
"2317",231.6,25.8021797014925,-220.527325581395,4.16010465116279
"2318",231.7,25.7965033333333,-220.398363636364,4.16076767676768
"2319",231.8,25.8333970676692,-220.270970873786,4.16
"2320",231.9,25.8289761764706,-220.219428571429,4.15978571428571
"2321",232,25.8413962626263,-220.034474747475,4.15923232323232
"2322",232.1,25.8281878217822,-219.9162,4.16
"2323",232.2,25.8055969,-219.823782178218,4.16
"2324",232.3,25.8249594029851,-219.67449,4.16
"2325",232.4,25.8384631343284,-219.757936936937,4.16
"2326",232.5,25.8285562,-219.593494382022,4.16
"2327",232.6,25.854826,-219.520585858586,4.16
"2328",232.7,25.8424624242424,-219.346871287129,4.16
"2329",232.8,25.8373342105263,-219.303732673267,4.16022772277228
"2330",232.9,25.8199040298507,-219.197285714286,4.16144897959184
"2331",233,25.820836,-219.033608695652,4.16237391304348
"2332",233.1,25.8420636,-218.900930232558,4.15979069767442
"2333",233.2,25.8245909090909,-218.81933,4.15823
"2334",233.3,25.8205776119403,-218.7384,4.15923
"2335",233.4,25.8340184848485,-218.777929292929,4.16
"2336",233.5,25.8315745112782,-218.674584158416,4.16
"2337",233.6,25.8291401470588,-218.56481,4.16
"2338",233.7,25.8287081818182,-218.48237,4.16
"2339",233.8,25.8551818518519,-218.30206,4.16023
"2340",233.9,25.8730563636364,-218.163151785714,4.161
"2341",234,25.882345037594,-218.1455,4.160875
"2342",234.1,25.8749801492537,-218.06903960396,4.16
"2343",234.2,25.8601454,-218.038571428571,4.16022448979592
"2344",234.3,25.8902405,-217.969371428571,4.16077142857143
"2345",234.4,25.8692782,-217.963510416667,4.16
"2346",234.5,25.8756871641791,-217.89195959596,4.16
"2347",234.6,25.8754110447761,-217.79504,4.16
"2348",234.7,25.8708724,-217.813257142857,4.15977142857143
"2349",234.8,25.8700094,-217.793525773196,4.159
"2350",234.9,25.8664760606061,-217.389714285714,4.15944897959184
"2351",235,25.8647982089552,-217.3016,4.161
"2352",235.1,25.8734990909091,-217.33272,4.161
"2353",235.2,25.8821263909774,-217.31628,4.16076
"2354",235.3,25.8746273134328,-217.215058252427,4.16
"2355",235.4,25.8693492929293,-217.073625,4.16
"2356",235.5,25.8993573134328,-217.042682242991,4.16
"2357",235.6,25.9302312121212,-216.867234042553,4.16
"2358",235.7,25.9510686466165,-216.957576470588,4.16009411764706
"2359",235.8,25.9487220895522,-216.806320754717,4.16056603773585
"2360",235.9,25.954644,-216.678436170213,4.15954255319149
"2361",236,25.962264,-216.61148,4.16131
"2362",236.1,25.948114,-216.59599,4.15946
"2363",236.2,25.9346198496241,-216.582089108911,4.16077227722772
"2364",236.3,25.9419762686567,-216.47218,4.16
"2365",236.4,25.91395,-216.394222222222,4.16
"2366",236.5,25.937784,-216.424656862745,4.16
"2367",236.6,25.932516,-216.230363636364,4.16
"2368",236.7,25.9481935338346,-216.209460869565,4.16019130434783
"2369",236.8,25.9550097014925,-216.229666666667,4.16083333333333
"2370",236.9,25.965822,-216.074333333333,4.15967647058824
"2371",237,25.9708667326733,-215.94506,4.162
"2372",237.1,25.951254,-215.85323364486,4.16101869158879
"2373",237.2,25.9603538345865,-215.854129032258,4.15745161290323
"2374",237.3,25.9582739393939,-215.874106796116,4.16
"2375",237.4,25.9404063157895,-215.744979381443,4.16
"2376",237.5,25.9764565671642,-215.59743,4.16
"2377",237.6,25.94273,-215.49975,4.16
"2378",237.7,25.924324887218,-215.48296969697,4.15957575757576
"2379",237.8,25.892706969697,-215.45638,4.158
"2380",237.9,25.8703310526316,-215.28318,4.15844
"2381",238,25.8623243283582,-215.135824561403,4.15980701754386
"2382",238.1,25.8547248,-215.110941176471,4.15881176470588
"2383",238.2,25.8504056,-215.0855,4.15769
"2384",238.3,25.8619881188119,-214.966392156863,4.16
"2385",238.4,25.8507684210526,-214.956264705882,4.16
"2386",238.5,25.8427289552239,-214.91809375,4.16
"2387",238.6,25.857904,-214.74318,4.16
"2388",238.7,25.860045049505,-214.75881,4.16
"2389",238.8,25.8489534,-214.65089,4.16
"2390",238.9,25.7901447368421,-214.635766990291,4.16
"2391",239,25.737406969697,-214.462081632653,4.15979591836735
"2392",239.1,25.7605415789474,-214.41062,4.15878
"2393",239.2,25.7695947761194,-214.3232,4.15844
"2394",239.3,25.760086,-214.350315789474,4.16
"2395",239.4,25.7543087218045,-214.272689655172,4.16
"2396",239.5,25.759836969697,-214.29149,4.16
"2397",239.6,25.7600643609023,-214.1838,4.16021
"2398",239.7,25.7681086567164,-214.15729,4.16079
"2399",239.8,25.781344,-214.098333333333,4.16021212121212
"2400",239.9,25.7843929,-214.031156862745,4.16078431372549
"2401",240,25.7551352475248,-214.008090909091,4.16020202020202
"2402",240.1,25.7333690909091,-213.86038,4.16037
"2403",240.2,25.7573350746269,-213.765714285714,4.15842857142857
"2404",240.3,25.7462014,-213.76309009009,4.16
"2405",240.4,25.7718451,-213.711,4.16
"2406",240.5,25.7791838,-213.59819047619,4.16
"2407",240.6,25.7659398496241,-213.589765957447,4.16
"2408",240.7,25.7392282352941,-213.465881188119,4.15977227722772
"2409",240.8,25.7681894949495,-213.39622,4.15944
"2410",240.9,25.7889959405941,-213.319215686275,4.16078431372549
"2411",241,25.81467,-213.281616161616,4.15959595959596
"2412",241.1,25.8144813533835,-213.139857142857,4.15821428571429
"2413",241.2,25.827351641791,-213.149539823009,4.15920353982301
"2414",241.3,25.8190557575758,-213.066681818182,4.16
"2415",241.4,25.8037571641791,-213.17872,4.16
"2416",241.5,25.8227948,-212.97892,4.16
"2417",241.6,25.8146194736842,-212.878673267327,4.16
"2418",241.7,25.8212347761194,-212.829428571429,4.15978571428571
"2419",241.8,25.7952318181818,-212.751316831683,4.15968316831683
"2420",241.9,25.8048464179104,-212.590555555556,4.16155555555556
"2421",242,25.841149,-212.596574257426,4.16022772277228
"2422",242.1,25.815314,-212.66514,4.16078
"2423",242.2,25.8213289108911,-212.69538,4.16
"2424",242.3,25.8197766917293,-212.52086,4.16
"2425",242.4,25.8217388059701,-212.369444444444,4.16
"2426",242.5,25.8315027,-212.376415841584,4.16
"2427",242.6,25.8297391089109,-212.460554455446,4.16
"2428",242.7,25.820346,-212.405151515151,4.15957575757576
"2429",242.8,25.7973778947368,-212.24846,4.15822
"2430",242.9,25.826922238806,-212.16082,4.15922
"2431",243,25.8208790909091,-212.118336633663,4.15956435643564
"2432",243.1,25.8070447761194,-212.030366972477,4.15838532110092
"2433",243.2,25.8180355,-212.082351648352,4.16
"2434",243.3,25.8276673684211,-212.054151515151,4.16
"2435",243.4,25.8048668656716,-211.83948,4.16
"2436",243.5,25.7889804545455,-211.842777777778,4.16
"2437",243.6,25.8188913432836,-211.876990384615,4.15977884615385
"2438",243.7,25.8053084,-211.794969072165,4.15919587628866
"2439",243.8,25.8092704,-211.74638,4.15978
"2440",243.9,25.8127683168317,-211.66878,4.15944
"2441",244,25.7843779545455,-211.579,4.16034
"2442",244.1,25.7613711764706,-211.54572,4.15844
"2443",244.2,25.7825327272727,-211.55632,4.16
"2444",244.3,25.804839,-211.4901,4.16
"2445",244.4,25.8025174,-211.39328,4.16
"2446",244.5,25.801457443609,-211.446425742574,4.16
"2447",244.6,25.7907130882353,-211.412818181818,4.15978787878788
"2448",244.7,25.7729881818182,-211.343444444444,4.159
"2449",244.8,25.7825822772277,-211.316257425743,4.15922772277228
"2450",244.9,25.7905463,-211.2592,4.16044
"2451",245,25.8267061654135,-211.137611650485,4.16071844660194
"2452",245.1,25.8341653731343,-211.121885416667,4.15659375
"2453",245.2,25.8410986466165,-211.211346534653,4.15922772277228
"2454",245.3,25.8543176119403,-211.11544,4.16
"2455",245.4,25.8773727272727,-211.123333333333,4.15977777777778
"2456",245.5,25.8608379104478,-211.025401639344,4.15918852459016
"2457",245.6,25.8589509090909,-211.09646835443,4.15998734177215
"2458",245.7,25.8640791729323,-211.078544554455,4.15921782178218
"2459",245.8,25.8855595522388,-210.88531,4.15979
"2460",245.9,25.8673116161616,-210.829515151515,4.15921212121212
"2461",246,25.8265554,-210.643184466019,4.15978640776699
"2462",246.1,25.8431416831683,-210.807729166667,4.159
"2463",246.2,25.8576136090226,-210.677811881188,4.15922772277228
"2464",246.3,25.8437783823529,-210.66568,4.16
"2465",246.4,25.8713763636364,-210.673571428571,4.15980357142857
"2466",246.5,25.8561344554455,-210.70691011236,4.159
"2467",246.6,25.8391227272727,-210.531333333333,4.15878787878788
"2468",246.7,25.8677573134328,-210.388222222222,4.15844444444445
"2469",246.8,25.8797054545455,-210.268029411765,4.16022549019608
"2470",246.9,25.8785541353383,-210.122389380531,4.16044247787611
"2471",247,25.8743376470588,-210.144436781609,4.15809195402299
"2472",247.1,25.8668045454545,-210.108857142857,4.15921428571429
"2473",247.2,25.8676644776119,-210.04604,4.15977
"2474",247.3,25.8562818181818,-210.084138613861,4.15922772277228
"2475",247.4,25.873844962406,-210.058811881188,4.16
"2476",247.5,25.8891268656716,-209.96933,4.16
"2477",247.6,25.8786486868687,-209.999142857143,4.16
"2478",247.7,25.8740197029703,-209.87584,4.16046
"2479",247.8,25.871173,-209.806036036036,4.16137837837838
"2480",247.9,25.8842115789474,-209.770764044944,4.15913483146067
"2481",248,25.8839735820896,-209.53402970297,4.16
"2482",248.1,25.8799126,-209.584177570093,4.15979439252336
"2483",248.2,25.9046152,-209.580184782609,4.15916304347826
"2484",248.3,25.9073135353535,-209.55003960396,4.15977227722772
"2485",248.4,25.8696625373134,-209.44924,4.159
"2486",248.5,25.8464923880597,-209.402355140187,4.159
"2487",248.6,25.8591338,-209.383608695652,4.15932608695652
"2488",248.7,25.8930431683168,-209.305653465347,4.161
"2489",248.8,25.8974312,-209.228304347826,4.16080869565217
"2490",248.9,25.8820086567164,-209.100658823529,4.16016470588235
"2491",249,25.8567545454545,-209.03154,4.16178
"2492",249.1,25.8484036842105,-209.045444444444,4.16055555555556
"2493",249.2,25.8527425373134,-209.06833,4.159
"2494",249.3,25.8761545454545,-209.054881188119,4.159
"2495",249.4,25.8592440601504,-209.03044,4.159
"2496",249.5,25.8428971212121,-208.850490566038,4.15920754716981
"2497",249.6,25.8511198496241,-208.878602150538,4.15982795698925
"2498",249.7,25.8520307462687,-208.74415,4.15877
"2499",249.8,25.8691914,-208.68181,4.15846
"2500",249.9,25.8773045,-208.702287128713,4.15931683168317
"2501",250,25.9133305,-208.65604,4.15766
"2502",250.1,25.9218493283582,-208.6667,4.15978
"2503",250.2,25.8998932835821,-208.640851851852,4.159
"2504",250.3,25.886118,-208.697806451613,4.159
"2505",250.4,25.8644054,-208.497090909091,4.159
"2506",250.5,25.8877137373737,-208.5984,4.15922
"2507",250.6,25.8738882835821,-208.58078,4.16
"2508",250.7,25.8990009090909,-208.45508,4.16022
"2509",250.8,25.9006444360902,-208.400111111111,4.16055555555555
"2510",250.9,25.8972302941176,-208.29749,4.15946
"2511",251,25.8770462,-208.23795,4.16077
"2512",251.1,25.8652412781955,-208.131217741935,4.16
"2513",251.2,25.9010148484849,-208.119120967742,4.16
"2514",251.3,25.9218059398496,-208.191584158416,4.159
"2515",251.4,25.9395568656716,-208.095009345794,4.15920560747664
"2516",251.5,25.9540172,-208.040419354839,4.16
"2517",251.6,25.961674,-207.905930693069,4.16
"2518",251.7,25.976750990099,-207.926121212121,4.15936363636364
"2519",251.8,25.941553030303,-207.8702,4.1576
"2520",251.9,25.9631455223881,-207.832866666667,4.16013333333333
"2521",252,25.9678607,-207.866287128713,4.16056435643564
"2522",252.1,25.9688457,-207.73122,4.159
"2523",252.2,25.9849695,-207.676181818182,4.159
"2524",252.3,25.9797904477612,-207.7848,4.159
"2525",252.4,25.9738043283582,-207.637098901099,4.159
"2526",252.5,25.9481356,-207.54866,4.159
"2527",252.6,25.9552028712871,-207.54846,4.159
"2528",252.7,25.9829484,-207.421818181818,4.15878787878788
"2529",252.8,25.9696981818182,-207.416932038835,4.15864077669903
"2530",252.9,25.9448015151515,-207.292760416667,4.16060416666667
"2531",253,25.9346136090226,-207.416683168317,4.159
"2532",253.1,25.9302968656716,-207.277666666667,4.15921568627451
"2533",253.2,25.9313944,-207.315897959184,4.15979591836735
"2534",253.3,25.8881143609023,-207.26052,4.159
"2535",253.4,25.851066969697,-207.2587,4.159
"2536",253.5,25.8058752631579,-207.15102,4.159
"2537",253.6,25.7746488059702,-206.967950495049,4.15921782178218
"2538",253.7,25.771566,-207.04293,4.15979
"2539",253.8,25.7728288118812,-207.041636363636,4.15942424242424
"2540",253.9,25.7703095049505,-206.930633663366,4.16078217821782
"2541",254,25.7844230075188,-206.900606060606,4.15978787878788
"2542",254.1,25.8099474626866,-206.916803921569,4.159
"2543",254.2,25.8016838,-206.920131313131,4.159
"2544",254.3,25.8022192929293,-206.86822,4.159
"2545",254.4,25.7814996,-206.738303030303,4.159
"2546",254.5,25.8011138345865,-206.610930693069,4.15943564356436
"2547",254.6,25.809132238806,-206.654421052632,4.16063157894737
"2548",254.7,25.7994259848485,-206.693735632184,4.15908045977011
"2549",254.8,25.8163125,-206.542821782178,4.15920792079208
"2550",254.9,25.792876,-206.444514563107,4.15655339805825
"2551",255,25.7671742857143,-206.4166,4.159
"2552",255.1,25.7559674626866,-206.4472,4.159
"2553",255.2,25.7812537878788,-206.404631578947,4.159
"2554",255.3,25.7944053731343,-206.49608045977,4.159
"2555",255.4,25.768806,-206.444551020408,4.15920408163265
"2556",255.5,25.7738832,-206.24638,4.15978
"2557",255.6,25.7734978217822,-206.263448598131,4.15941121495327
"2558",255.7,25.7574586363636,-206.22629245283,4.161
"2559",255.8,25.7525759701493,-206.124352272727,4.161
"2560",255.9,25.7739136,-206.04542,4.16058
"2561",256,25.7865904,-205.95372,4.159
"2562",256.1,25.8291796,-205.919558823529,4.159
"2563",256.2,25.8113531578947,-205.973453608247,4.159
"2564",256.3,25.79662,-205.877666666667,4.15922222222222
"2565",256.4,25.8105736363636,-205.833119402985,4.15982835820896
"2566",256.5,25.785554950495,-205.751029850746,4.15908208955224
"2567",256.6,25.7723887,-205.767970873786,4.15977669902913
"2568",256.7,25.7853681203008,-205.627892857143,4.159
"2569",256.8,25.7750826865672,-205.46223255814,4.15881395348837
"2570",256.9,25.7795886363636,-205.609666666667,4.15766666666667
"2571",257,25.7817768656716,-205.644326732673,4.15977227722772
"2572",257.1,25.7966084,-205.660306930693,4.159
"2573",257.2,25.8042752631579,-205.637554455446,4.159
"2574",257.3,25.807178358209,-205.545857142857,4.159
"2575",257.4,25.7896227272727,-205.577142857143,4.159
"2576",257.5,25.8224616417911,-205.488988764045,4.15911235955056
"2577",257.6,25.817908,-205.39969,4.15979
"2578",257.7,25.834232,-205.38638,4.159
"2579",257.8,25.8523340594059,-205.3585,4.15878571428571
"2580",257.9,25.8339231578947,-205.333663366337,4.15822772277228
"2581",258,25.8353856716418,-205.345333333333,4.159
"2582",258.1,25.800366,-205.214891089109,4.159
"2583",258.2,25.8331396,-205.199459459459,4.159
"2584",258.3,25.808092,-205.28125,4.159
"2585",258.4,25.8258852631579,-205.395469387755,4.15919387755102
"2586",258.5,25.809733880597,-205.241571428571,4.16
"2587",258.6,25.8096309090909,-205.08987,4.16023
"2588",258.7,25.8188494117647,-205.044672727273,4.16079090909091
"2589",258.8,25.824282,-204.964,4.15915217391304
"2590",258.9,25.8265805263158,-204.979909090909,4.15506060606061
"2591",259,25.8144411940298,-205.017854368932,4.159
"2592",259.1,25.8140381818182,-204.921587628866,4.159
"2593",259.2,25.7893370588235,-204.859940594059,4.159
"2594",259.3,25.8176087878788,-204.912058823529,4.159
"2595",259.4,25.813522,-204.918432989691,4.159
"2596",259.5,25.8293064356436,-204.911128712871,4.159
"2597",259.6,25.8392678947368,-204.872214285714,4.159
"2598",259.7,25.8118320895522,-204.74905,4.159
"2599",259.8,25.7924051515152,-204.783742574257,4.15854455445545
"2600",259.9,25.7897805,-204.79328,4.15766
"2601",260,25.7943715,-204.73532,4.15978
"2602",260.1,25.8061066165413,-204.75034,4.159
"2603",260.2,25.8528505882353,-204.7782,4.159
"2604",260.3,25.8446115151515,-204.736,4.159
"2605",260.4,25.8338659405941,-204.63122,4.159
"2606",260.5,25.8282644,-204.45014,4.15878
"2607",260.6,25.8328436842105,-204.59518,4.15844
"2608",260.7,25.8061892537313,-204.430096153846,4.15978846153846
"2609",260.8,25.7994363636364,-204.353,4.15868421052632
"2610",260.9,25.75646,-204.418853658537,4.15709756097561
"2611",261,25.7603690909091,-204.42244,4.159
"2612",261.1,25.7723998496241,-204.28632,4.159
"2613",261.2,25.7770474626866,-204.226803921569,4.159
"2614",261.3,25.7616850757576,-204.292463917526,4.15920618556701
"2615",261.4,25.7704048529412,-204.312831683168,4.16022772277228
"2616",261.5,25.7778357575758,-204.169733333333,4.1601619047619
"2617",261.6,25.782646,-204.132252631579,4.15735789473684
"2618",261.7,25.7621324752475,-204.125339622642,4.159
"2619",261.8,25.7566021804511,-204.063723404255,4.15865957446809
"2620",261.9,25.7542394117647,-204.009666666667,4.15744444444444
"2621",262,25.7635112121212,-204.02515,4.159
"2622",262.1,25.767977,-203.97155,4.159
"2623",262.2,25.723699,-204.02159223301,4.159
"2624",262.3,25.7362639097744,-203.987454545455,4.15918181818182
"2625",262.4,25.7513513432836,-204.059827586207,4.16011494252874
"2626",262.5,25.7375365413534,-203.925237623762,4.16054455445544
"2627",262.6,25.7502964705882,-203.82562,4.15878
"2628",262.7,25.7337806060606,-203.706490196078,4.15821568627451
"2629",262.8,25.7465050746269,-203.804168316832,4.15880198019802
"2630",262.9,25.7754354545455,-203.896041237113,4.15819587628866
"2631",263,25.7660584210526,-203.87172,4.159
"2632",263.1,25.7561729850746,-203.80586,4.159
"2633",263.2,25.7750881818182,-203.760945945946,4.159
"2634",263.3,25.7550371641791,-203.685370786517,4.159
"2635",263.4,25.745126969697,-203.6276,4.15922
"2636",263.5,25.7287952631579,-203.67086,4.16022
"2637",263.6,25.7507532835821,-203.55944,4.16056
"2638",263.7,25.7620182828283,-203.426531914894,4.159
"2639",263.8,25.7697745544554,-203.524404255319,4.159
"2640",263.9,25.8213632,-203.571,4.1574
"2641",264,25.8462180597015,-203.467,4.159
"2642",264.1,25.834446119403,-203.467407407407,4.159
"2643",264.2,25.8606615,-203.480894736842,4.159
"2644",264.3,25.8587436633663,-203.49076744186,4.159
"2645",264.4,25.8821366666667,-203.438069306931,4.15856435643564
"2646",264.5,25.8587356716418,-203.298575757576,4.15742424242424
"2647",264.6,25.84456,-203.19014,4.15878
"2648",264.7,25.847487443609,-203.143623762376,4.15821782178218
"2649",264.8,25.858702238806,-203.046857142857,4.159
"2650",264.9,25.8433308080808,-203.156653465347,4.159
"2651",265,25.8453552238806,-203.081333333333,4.159
"2652",265.1,25.8322606060606,-203.024663366337,4.159
"2653",265.2,25.825477593985,-203.13206,4.159
"2654",265.3,25.8540273134328,-203.05374,4.159
"2655",265.4,25.8699827272727,-202.97558,4.159
"2656",265.5,25.8210500990099,-202.94384,4.15856
"2657",265.6,25.7875928,-202.973207920792,4.15765346534653
"2658",265.7,25.7961867164179,-202.85684,4.16
"2659",265.8,25.8273031343283,-202.790264705882,4.15979411764706
"2660",265.9,25.8480875757576,-202.796114583333,4.159
"2661",266,25.8434133663366,-202.708598039216,4.159
"2662",266.1,25.8518676767677,-202.80573,4.159
"2663",266.2,25.8592104477612,-202.7202,4.159
"2664",266.3,25.8478048484849,-202.669515151515,4.159
"2665",266.4,25.8639603759398,-202.70478,4.15878
"2666",266.5,25.8701466176471,-202.643,4.1581981981982
"2667",266.6,25.853796,-202.5495,4.159
"2668",266.7,25.8653315789474,-202.508529411765,4.159
"2669",266.8,25.8306290909091,-202.502150943396,4.15880188679245
"2670",266.9,25.8504779699248,-202.616709677419,4.15816129032258
"2671",267,25.8788032835821,-202.648105263158,4.159
"2672",267.1,25.8885798,-202.579209302326,4.159
"2673",267.2,25.8596093984962,-202.44936,4.15878
"2674",267.3,25.8377575757576,-202.360096153846,4.15821153846154
"2675",267.4,25.8522404511278,-202.3610625,4.1591875
"2676",267.5,25.8725847761194,-202.36256,4.16
"2677",267.6,25.880342,-202.24642,4.15956
"2678",267.7,25.8758326,-202.247376237624,4.15843564356436
"2679",267.8,25.885222970297,-202.239558823529,4.15979411764706
"2680",267.9,25.8788247761194,-202.283659793814,4.159
"2681",268,25.8575525373134,-202.16864,4.159
"2682",268.1,25.913094,-202.205306306306,4.159
"2683",268.2,25.8936212871287,-202.154,4.159
"2684",268.3,25.8950687878788,-202.114611650485,4.159
"2685",268.4,25.8946080451128,-202.0728,4.1594
"2686",268.5,25.90247,-202.063183673469,4.16079591836735
"2687",268.6,25.9178663909774,-202.01446,4.15978
"2688",268.7,25.9421298507463,-201.87544,4.15856
"2689",268.8,25.9285656,-201.962537037037,4.15740740740741
"2690",268.9,25.9358688721804,-201.977543478261,4.159
"2691",269,25.9379768181818,-201.894555555556,4.159
"2692",269.1,25.9336727067669,-201.865504950495,4.159
"2693",269.2,25.93239,-201.792666666667,4.159
"2694",269.3,25.9178257,-201.802647058824,4.159
"2695",269.4,25.9180225,-201.8472,4.1582
"2696",269.5,25.9331526,-201.718063157895,4.1555052631579
"2697",269.6,25.9165251492537,-201.661008849558,4.158
"2698",269.7,25.9173613432836,-201.612574712644,4.15827586206897
"2699",269.8,25.9240931683168,-201.51528,4.16058
"2700",269.9,25.9524105,-201.635484848485,4.159
"2701",270,25.9512635,-201.57074,4.159
"2702",270.1,25.9321007518797,-201.517747572816,4.159
"2703",270.2,25.9315787878788,-201.566145833333,4.15880208333333
"2704",270.3,25.8971448484849,-201.576401960784,4.158
"2705",270.4,25.8870897058824,-201.54336,4.158
"2706",270.5,25.8933094,-201.544757575758,4.158
"2707",270.6,25.9061306,-201.46912,4.158
"2708",270.7,25.8870883168317,-201.330111111111,4.15844444444445
"2709",270.8,25.8764718939394,-201.280009803922,4.15977450980392
"2710",270.9,25.8923665671642,-201.3371,4.159
"2711",271,25.8737752,-201.327216216216,4.159
"2712",271.1,25.8819658,-201.228045454546,4.159
"2713",271.2,25.8766028,-201.08662,4.15878
"2714",271.3,25.8874047368421,-201.221375,4.15839285714286
"2715",271.4,25.9131507462687,-201.215,4.15988888888889
"2716",271.5,25.8975886,-201.083848484848,4.159
"2717",271.6,25.9081706,-200.969742574257,4.15879207920792
"2718",271.7,25.8918296,-201.040565656566,4.158
"2719",271.8,25.906631969697,-200.97866,4.15821
"2720",271.9,25.9411873134328,-201.05599,4.159
"2721",272,25.9338468,-200.929633663366,4.159
"2722",272.1,25.9668395049505,-200.990171717172,4.159
"2723",272.2,25.906035,-200.994801980198,4.159
"2724",272.3,25.8409365413534,-201.016212121212,4.15879797979798
"2725",272.4,25.8240532835821,-200.860297029703,4.15820792079208
"2726",272.5,25.8160610606061,-200.818,4.1588
"2727",272.6,25.7717447761194,-200.721515151515,4.15759595959596
"2728",272.7,25.7810884,-200.84975,4.1565625
"2729",272.8,25.7843298,-200.855670454546,4.159
"2730",272.9,25.8112924752475,-200.78222,4.159
"2731",273,25.786165,-200.811787878788,4.159
"2732",273.1,25.7557574626866,-200.682089108911,4.159
"2733",273.2,25.8122078,-200.687696969697,4.15878787878788
"2734",273.3,25.7720796039604,-200.687529411765,4.158
"2735",273.4,25.8175,-200.650326530612,4.15820408163265
"2736",273.5,25.802882406015,-200.56664,4.15878
"2737",273.6,25.7736092537313,-200.45372,4.158
"2738",273.7,25.7833526,-200.460485148515,4.158
"2739",273.8,25.76931,-200.539060606061,4.15821212121212
"2740",273.9,25.7982644,-200.497470588235,4.15878431372549
"2741",274,25.7823612781955,-200.499181818182,4.15820202020202
"2742",274.1,25.7841479104478,-200.409606060606,4.15878787878788
"2743",274.2,25.8166415909091,-200.37434,4.158
"2744",274.3,25.8556979411765,-200.311207920792,4.15843564356436
"2745",274.4,25.890127,-200.376915254237,4.1598220338983
"2746",274.5,25.9011725,-200.390851851852,4.159
"2747",274.6,25.8831864356436,-200.2918,4.159
"2748",274.7,25.8786510606061,-200.356196428571,4.15919642857143
"2749",274.8,25.8750726470588,-200.484391304348,4.15978260869565
"2750",274.9,25.8512168686869,-200.39356,4.158
"2751",275,25.8710621,-200.273278350515,4.15818556701031
"2752",275.1,25.8516429,-200.29426,4.15879
"2753",275.2,25.8489657142857,-200.221272727273,4.15821212121212
"2754",275.3,25.8417274626866,-200.251702970297,4.15921782178218
"2755",275.4,25.8727918181818,-200.373155339806,4.16
"2756",275.5,25.88107,-200.482408163265,4.15963265306122
"2757",275.6,25.9164456,-200.4094,4.1578
"2758",275.7,25.924045112782,-200.1934,4.1574
"2759",275.8,25.9287514705882,-200.156656565657,4.15879797979798
"2760",275.9,25.8913366666667,-200.118757281553,4.158
"2761",276,25.9093420792079,-200.18375,4.158
"2762",276.1,25.9256038,-200.15189380531,4.158
"2763",276.2,25.9089752631579,-200.160102040816,4.15809183673469
"2764",276.3,25.898613880597,-200.086835164835,4.15887912087912
"2765",276.4,25.8955338636364,-200.07062745098,4.15839215686275
"2766",276.5,25.9068864705882,-199.846082474227,4.15962886597938
"2767",276.6,25.8915984848485,-199.818364485981,4.15760747663551
"2768",276.7,25.9406644,-199.939795698925,4.15645161290323
"2769",276.8,25.9078908910891,-199.85967,4.15879
"2770",276.9,25.9016894736842,-199.889029411765,4.158
"2771",277,25.9000934328358,-199.913731958763,4.15819587628866
"2772",277.1,25.9080457575758,-199.872534653465,4.15878217821782
"2773",277.2,25.8920517821782,-199.805333333333,4.158
"2774",277.3,25.8847042424242,-199.76003960396,4.158
"2775",277.4,25.9118585074627,-199.742805825243,4.158
"2776",277.5,25.89994,-199.714505154639,4.158
"2777",277.6,25.8921375757576,-199.76521,4.15884
"2778",277.7,25.9011233663366,-199.7114,4.16137
"2779",277.8,25.8792009090909,-199.503920792079,4.15879207920792
"2780",277.9,25.9017595522388,-199.492078431373,4.158
"2781",278,25.9039390909091,-199.489360824742,4.158
"2782",278.1,25.8948652,-199.53036,4.158
"2783",278.2,25.8680056435644,-199.46001,4.15821
"2784",278.3,25.8798739393939,-199.41266,4.159
"2785",278.4,25.8812122772277,-199.319747572816,4.159
"2786",278.5,25.868823,-199.401510204082,4.159
"2787",278.6,25.8832779699248,-199.266517241379,4.15848275862069
"2788",278.7,25.8773019402985,-199.273722891566,4.15609638554217
"2789",278.8,25.8599744,-199.35629,4.15821
"2790",278.9,25.879921,-199.294151515151,4.15878787878788
"2791",279,25.8868042424242,-199.210386138614,4.158
"2792",279.1,25.898945112782,-199.21203030303,4.158
"2793",279.2,25.9073298507463,-199.25718,4.158
"2794",279.3,25.9096464,-199.28366,4.15822
"2795",279.4,25.8999812,-199.33490990991,4.159
"2796",279.5,25.9221144444445,-199.337285714286,4.159
"2797",279.6,25.9153397014925,-199.0368,4.1584
"2798",279.7,25.9004889552239,-198.965333333333,4.15640404040404
"2799",279.8,25.911652,-199.091909090909,4.158
"2800",279.9,25.9108735643564,-199.071058823529,4.158
"2801",280,25.8721836363636,-199.058059405941,4.158
"2802",280.1,25.8843620895522,-199.059785714286,4.158
"2803",280.2,25.9267981818182,-199.14117,4.15821
"2804",280.3,25.9170234586466,-199.02237,4.15921
"2805",280.4,25.9136907462687,-198.95885,4.16
"2806",280.5,25.94208,-198.980257425743,4.15958415841584
"2807",280.6,25.9678357425743,-198.802363636364,4.158
"2808",280.7,25.9296044,-198.79094,4.158
"2809",280.8,25.9638645112782,-198.848735294118,4.158
"2810",280.9,25.9588368656716,-198.988845360825,4.158
"2811",281,25.9677044,-198.852621359223,4.158
"2812",281.1,25.9409732,-198.936982300885,4.158
"2813",281.2,25.9700288888889,-198.834571428571,4.15807142857143
"2814",281.3,25.985866119403,-198.847803738318,4.159
"2815",281.4,25.9708489552239,-198.798138297872,4.15884042553192
"2816",281.5,25.9822256,-198.719902912621,4.15820388349515
"2817",281.6,25.9753448,-198.853714285714,4.15863265306122
"2818",281.7,25.9926252,-198.7928,4.1572
"2819",281.8,26.0007409774436,-198.734040816327,4.158
"2820",281.9,25.9783416666667,-198.7497,4.158
"2821",282,25.9792619,-198.758844660194,4.158
"2822",282.1,25.9764840594059,-198.669670103093,4.158
"2823",282.2,25.9879604,-198.598475247525,4.15843564356436
"2824",282.3,25.9833684,-198.627117647059,4.15958823529412
"2825",282.4,25.9699008,-198.46912244898,4.158
"2826",282.5,25.9722094736842,-198.53179,4.15842
"2827",282.6,25.9622356716418,-198.522939393939,4.15957575757576
"2828",282.7,25.916006,-198.473396039604,4.158
"2829",282.8,25.916352,-198.424212121212,4.158
"2830",282.9,25.9163388,-198.474247524752,4.158
"2831",283,25.9436466666667,-198.363660194175,4.15820388349515
"2832",283.1,25.9333134328358,-198.3449375,4.1588125
"2833",283.2,25.9089299,-198.3374,4.15822
"2834",283.3,25.8843924,-198.163663366337,4.159
"2835",283.4,25.8947875,-198.187073170732,4.159
"2836",283.5,25.9012414285714,-198.201707317073,4.159
"2837",283.6,25.9070735820896,-198.223080808081,4.15859595959596
"2838",283.7,25.8905374,-198.23946,4.15721
"2839",283.8,25.9267416831683,-198.18352,4.158
"2840",283.9,25.8710316,-198.173272727273,4.158
"2841",284,25.8757182706767,-198.108884615385,4.158
"2842",284.1,25.884235,-198.142,4.158
"2843",284.2,25.8865104511278,-198.147641025641,4.15818803418803
"2844",284.3,25.9161604477612,-198.165235294118,4.159
"2845",284.4,25.9289378,-198.057202020202,4.15859595959596
"2846",284.5,25.9149125,-198.032264705882,4.15761764705882
"2847",284.6,25.9124915,-197.958591836735,4.15980612244898
"2848",284.7,25.877917443609,-198.06689,4.15879
"2849",284.8,25.8844468656716,-198.06266,4.158
"2850",284.9,25.8870419,-198.071757575758,4.158
"2851",285,25.8656614,-198.216155339806,4.158
"2852",285.1,25.8756969,-198.048142857143,4.158
"2853",285.2,25.8909943181818,-198.04403030303,4.15821212121212
"2854",285.3,25.874695882353,-197.884450980392,4.15856862745098
"2855",285.4,25.8277387878788,-197.815181818182,4.15720202020202
"2856",285.5,25.84726,-197.799029126214,4.158
"2857",285.6,25.861345,-197.762183486239,4.158
"2858",285.7,25.8629618796992,-197.756438202247,4.158
"2859",285.8,25.8712357352941,-197.7676,4.158
"2860",285.9,25.8844509090909,-197.688383838384,4.158
"2861",286,25.8876134653465,-197.71833,4.15821
"2862",286.1,25.9015193,-197.855415841584,4.15879207920792
"2863",286.2,25.9041979,-197.8658,4.158
"2864",286.3,25.8875598019802,-197.869080808081,4.158
"2865",286.4,25.9081066666667,-197.72536,4.15821
"2866",286.5,25.9086944776119,-197.66003960396,4.15837623762376
"2867",286.6,25.9256516,-197.658343434343,4.15640404040404
"2868",286.7,25.9007226,-197.61207826087,4.158
"2869",286.8,25.9100147,-197.510720930233,4.158
"2870",286.9,25.9180729545455,-197.595282828283,4.158
"2871",287,25.8848065671642,-197.618227722772,4.158
"2872",287.1,25.906131,-197.558169811321,4.15781132075472
"2873",287.2,25.881895,-197.451063829787,4.15714893617021
"2874",287.3,25.8858996039604,-197.443366336634,4.15819801980198
"2875",287.4,25.8988184962406,-197.604797979798,4.15880808080808
"2876",287.5,25.8910847058823,-197.5558,4.158
"2877",287.6,25.8939633333333,-197.550559633028,4.158
"2878",287.7,25.9067622772277,-197.369555555556,4.158
"2879",287.8,25.8520788888889,-197.646131868132,4.158
"2880",287.9,25.8809745864662,-197.601881188119,4.158
"2881",288,25.9251101492537,-197.462448979592,4.158
"2882",288.1,25.9188548484848,-197.583336633663,4.15778217821782
"2883",288.2,25.8821331343284,-197.527151515151,4.15742424242424
"2884",288.3,25.901599,-197.399445544554,4.15878217821782
"2885",288.4,25.896423,-197.430851485149,4.158
"2886",288.5,25.9234934653465,-197.452237623762,4.15819801980198
"2887",288.6,25.9146590151515,-197.38583,4.15881
"2888",288.7,25.9125853731343,-197.459070707071,4.158
"2889",288.8,25.8967213861386,-197.2532,4.158
"2890",288.9,25.8841535,-197.3212,4.158
"2891",289,25.890415,-197.2356,4.158
"2892",289.1,25.8985981060606,-197.189843137255,4.15780392156863
"2893",289.2,25.874161617647,-197.279618181818,4.15732727272727
"2894",289.3,25.8758082653061,-197.154540229885,4.15881609195402
"2895",289.4,25.8974318,-197.140878787879,4.157
"2896",289.5,25.9096283,-197.106128712871,4.15721782178218
"2897",289.6,25.8664915789474,-197.092694444444,4.158
"2898",289.7,25.8567647058824,-197.062585106383,4.158
"2899",289.8,25.8478272727273,-197.110367346939,4.158
"2900",289.9,25.8601297029703,-196.967821782178,4.158
"2901",290,25.858405,-196.937070707071,4.158
"2902",290.1,25.89018,-197.008932038835,4.15820388349515
"2903",290.2,25.8669816831683,-196.878428571429,4.159
"2904",290.3,25.8903290909091,-196.8916,4.1592
"2905",290.4,25.8914379411765,-196.84494949495,4.15979797979798
"2906",290.5,25.9074194949495,-196.869848484848,4.15836363636364
"2907",290.6,25.896762,-196.731685714286,4.15641904761905
"2908",290.7,25.885729,-196.716447916667,4.158
"2909",290.8,25.8800652631579,-196.811676470588,4.158
"2910",290.9,25.8986330882353,-196.707551020408,4.158
"2911",291,25.9289624242424,-196.7888,4.158
"2912",291.1,25.929976,-196.767294736842,4.158
"2913",291.2,25.926223,-196.742666666667,4.15816666666667
"2914",291.3,25.9226495488722,-196.7178,4.1588
"2915",291.4,25.9174752941176,-196.56601010101,4.158
"2916",291.5,25.8781853535354,-196.645230769231,4.15782051282051
"2917",291.6,25.9116410891089,-196.629176470588,4.15704705882353
"2918",291.7,25.8931734,-196.654567010309,4.158
"2919",291.8,25.8970759090909,-196.671237623762,4.158
"2920",291.9,25.8867791044776,-196.680212121212,4.158
"2921",292,25.8953568181818,-196.574174311927,4.15779816513761
"2922",292.1,25.93556,-196.55845631068,4.15712621359223
"2923",292.2,25.9313645454545,-196.513179775281,4.15788764044944
"2924",292.3,25.9189104,-196.394851485149,4.15720792079208
"2925",292.4,25.9188431683168,-196.382653061224,4.15779591836735
"2926",292.5,25.9043418181818,-196.403504854369,4.15678640776699
"2927",292.6,25.9092308823529,-196.186556521739,4.15633043478261
"2928",292.7,25.8998863636364,-196.345421686747,4.158
"2929",292.8,25.9140578217822,-196.320693069307,4.158
"2930",292.9,25.938483,-196.255050505051,4.158
"2931",293,25.9226919548872,-196.1792,4.158
"2932",293.1,25.91622,-196.137207920792,4.158
"2933",293.2,25.9248745454545,-196.2136,4.1578
"2934",293.3,25.908865,-196.218807017544,4.15717543859649
"2935",293.4,25.883778989899,-196.319294117647,4.158
"2936",293.5,25.9050426865672,-196.2214375,4.158
"2937",293.6,25.9497974626866,-196.18202247191,4.158
"2938",293.7,25.9327352525252,-196.210612244898,4.158
"2939",293.8,25.9292998039216,-196.240784313725,4.158
"2940",293.9,25.9471127272727,-196.181632653061,4.15779591836735
"2941",294,25.9478817,-196.118712871287,4.15721782178218
"2942",294.1,25.922336039604,-196.13845,4.15821
"2943",294.2,25.9420535338346,-196.083564356436,4.159
"2944",294.3,25.9316179104478,-196.014693877551,4.15879591836735
"2945",294.4,25.9361727272727,-195.92744,4.15844
"2946",294.5,25.952288,-195.949339285714,4.15960714285714
"2947",294.6,25.9149521,-195.883337078652,4.158
"2948",294.7,25.92307,-195.941712871287,4.158
"2949",294.8,25.9295162686567,-195.850755102041,4.15779591836735
"2950",294.9,25.9146312121212,-195.8816,4.15722
"2951",295,25.9329704,-196.009584158416,4.15778217821782
"2952",295.1,25.9524636,-195.920297029703,4.15720792079208
"2953",295.2,25.9645519548872,-195.77198019802,4.158
"2954",295.3,25.9820130882353,-195.843551020408,4.15780612244898
"2955",295.4,25.9465672727273,-195.773079207921,4.15637623762376
"2956",295.5,25.9387073267327,-195.790090909091,4.15480808080808
"2957",295.6,25.9662698,-195.801754545455,4.158
"2958",295.7,25.9475489473684,-195.707397849462,4.158
"2959",295.8,25.9449189552239,-195.801408163265,4.158
"2960",295.9,25.9347263157895,-195.9112,4.1578
"2961",296,25.9604910447761,-195.7706,4.157
"2962",296.1,25.9295158585859,-195.6844,4.1572
"2963",296.2,25.9444112,-195.644056074766,4.158
"2964",296.3,25.9476196039604,-195.488784946237,4.158
"2965",296.4,25.9534726315789,-195.557,4.158
"2966",296.5,25.9831868656717,-195.5952,4.158
"2967",296.6,25.9655316161616,-195.593535353535,4.158
"2968",296.7,25.9430511881188,-195.532647058824,4.15779411764706
"2969",296.8,25.9293754545455,-195.707463917526,4.157
"2970",296.9,25.9632615789474,-195.69066,4.15722
"2971",297,25.9871240298508,-195.542663366337,4.158
"2972",297.1,25.9608156,-195.550696969697,4.15842424242424
"2973",297.2,26.0010536,-195.465912621359,4.15957281553398
"2974",297.3,25.9701903030303,-195.356801980198,4.15762376237624
"2975",297.4,26.0285235820896,-195.500505154639,4.15618556701031
"2976",297.5,26.0033302985074,-195.459108910891,4.157
"2977",297.6,26.0071444,-195.4112,4.157
"2978",297.7,26.0106496039604,-195.410257425743,4.157
"2979",297.8,25.9632858585859,-195.410797979798,4.157
"2980",297.9,25.9894326732673,-195.48695959596,4.15720202020202
"2981",298,26.0113644,-195.405930693069,4.158
"2982",298.1,26.0070410526316,-195.4434,4.1578
"2983",298.2,25.9832047761194,-195.376098039216,4.15739215686275
"2984",298.3,25.9897945454545,-195.341306122449,4.15826530612245
"2985",298.4,26.0017273267327,-195.2892,4.155
"2986",298.5,26.0216074747475,-195.321661016949,4.15533898305085
"2987",298.6,26.0053096240602,-195.223160493827,4.157
"2988",298.7,25.9979,-195.258601941748,4.157
"2989",298.8,25.9808772,-195.216591304348,4.157
"2990",298.9,25.9855632,-195.209542168675,4.15703614457831
"2991",299,26.017537979798,-195.230060606061,4.15759595959596
"2992",299.1,26.0030650746269,-195.23594,4.15642
"2993",299.2,26.0109435820896,-195.141235294118,4.15779411764706
"2994",299.3,25.9945464,-195.053929292929,4.157
"2995",299.4,25.9830295049505,-195.097695652174,4.15682608695652
"2996",299.5,25.9872074747475,-194.988590909091,4.15605681818182
"2997",299.6,25.9869047761194,-195.01324742268,4.157
"2998",299.7,25.9718227272727,-194.9746,4.157
"2999",299.8,25.9745006766917,-194.880878787879,4.157
"3000",299.9,25.9719152238806,-194.978732673267,4.157
"3001",300,25.9756012121212,-194.9654,4.1572
"3002",300.1,25.9728177227723,-195.061828282828,4.158
"3003",300.2,25.9823848,-194.93033,4.158
"3004",300.3,25.9769521804511,-194.94327,4.15779
"3005",300.4,25.9847611940299,-194.791217821782,4.157
"3006",300.5,25.9943512,-194.875424242424,4.157
"3007",300.6,25.9630072,-194.911818181818,4.157
"3008",300.7,25.9687044444444,-194.74500990099,4.157
"3009",300.8,25.9755733082707,-194.842207920792,4.157
"3010",300.9,25.9792350746269,-194.840373737374,4.157
"3011",301,25.9981918,-194.825425742574,4.15679207920792
"3012",301.1,25.982963,-194.816080808081,4.15660606060606
"3013",301.2,26.0178312,-194.828663366337,4.15858415841584
"3014",301.3,25.9794272180451,-194.768267326733,4.15660396039604
"3015",301.4,26.0227788059701,-194.805714285714,4.15538775510204
"3016",301.5,26.0770975,-194.73989,4.157
"3017",301.6,26.085520990099,-194.73041,4.157
"3018",301.7,26.0870256,-194.647,4.157
"3019",301.8,26.0969272,-194.592882352941,4.157
"3020",301.9,26.0893252,-194.693306122449,4.157
"3021",302,26.1127866917293,-194.647,4.1566
"3022",302.1,26.1379941791045,-194.5866,4.1556
"3023",302.2,26.1398948,-194.6892,4.158
"3024",302.3,26.0805132,-194.719450980392,4.15780392156863
"3025",302.4,26.1223443434343,-194.717907216495,4.157
"3026",302.5,26.1334159398496,-194.717676470588,4.157
"3027",302.6,26.1397026865672,-194.567727272727,4.157
"3028",302.7,26.1358378,-194.5972,4.157
"3029",302.8,26.1113493,-194.672534653465,4.15719801980198
"3030",302.9,26.1284183,-194.630090909091,4.15780808080808
"3031",303,26.1212182706767,-194.657565656566,4.157
"3032",303.1,26.1412682089552,-194.5335,4.15658
"3033",303.2,26.1092766,-194.42634,4.15542
"3034",303.3,26.173794950495,-194.486330097087,4.15720388349515
"3035",303.4,26.13495,-194.565368421053,4.15784210526316
"3036",303.5,26.0850907518797,-194.622674698795,4.157
"3037",303.6,26.0579222727273,-194.538495049505,4.157
"3038",303.7,26.0539344360902,-194.458303030303,4.157
"3039",303.8,26.0652405970149,-194.4305,4.157
"3040",303.9,26.0742158,-194.479388235294,4.157
"3041",304,26.0830942,-194.4902,4.1572
"3042",304.1,26.0318446,-194.398073684211,4.15787368421053
"3043",304.2,26.0354009774436,-194.206237113402,4.15682474226804
"3044",304.3,26.037633880597,-194.265,4.15618867924528
"3045",304.4,26.0385616,-194.332234042553,4.15714893617021
"3046",304.5,26.0458568,-194.224,4.1578
"3047",304.6,26.0406526,-194.2098,4.157
"3048",304.7,26.0405793181818,-194.1926,4.157
"3049",304.8,26.0570295588235,-194.28325,4.157
"3050",304.9,26.0530038,-194.257818181818,4.15709090909091
"3051",305,26.0510813,-194.192,4.1578
"3052",305.1,26.0391125,-194.252767676768,4.157
"3053",305.2,26.0786365413534,-194.18204,4.15679
"3054",305.3,26.0742408955224,-193.975213592233,4.15620388349515
"3055",305.4,26.0696521212121,-194.038836734694,4.157
"3056",305.5,26.0658251485149,-194.130434343434,4.157
"3057",305.6,26.0603234,-194.11838,4.157
"3058",305.7,26.0582932,-194.00205,4.157
"3059",305.8,26.1091818811881,-193.923365384615,4.15720192307692
"3060",305.9,26.0773415151515,-193.919408163265,4.15765306122449
"3061",306,26.0888049253731,-193.99009,4.15657
"3062",306.1,26.0935145,-194.044,4.15866666666667
"3063",306.2,26.1022418,-193.868011627907,4.15694186046512
"3064",306.3,26.100844,-193.913631067961,4.15655339805825
"3065",306.4,26.0945040909091,-193.815134020619,4.15867010309278
"3066",306.5,26.1151355223881,-193.7424,4.157
"3067",306.6,26.104918,-193.7328,4.157
"3068",306.7,26.122826,-193.82126,4.157
"3069",306.8,26.0956602,-193.78381,4.157
"3070",306.9,26.0966487969925,-193.80086,4.15719
"3071",307,26.1003774626866,-193.826717171717,4.15838383838384
"3072",307.1,26.098515,-193.6176,4.1596
"3073",307.2,26.1160724752475,-193.636118811881,4.15681188118812
"3074",307.3,26.1431789,-193.67223,4.15276
"3075",307.4,26.1246320300752,-193.705,4.15619
"3076",307.5,26.1098289552239,-193.76282,4.157
"3077",307.6,26.1189302272727,-193.67376635514,4.157
"3078",307.7,26.102955522388,-193.733446601942,4.157
"3079",307.8,26.1243766,-193.830258426966,4.157
"3080",307.9,26.1179834,-193.715217821782,4.15739603960396
"3081",308,26.115358019802,-193.696101010101,4.15880808080808
"3082",308.1,26.1052287218045,-193.632071428571,4.15782142857143
"3083",308.2,26.1191817910448,-193.563574468085,4.15682978723404
"3084",308.3,26.1392497,-193.508778947368,4.1552947368421
"3085",308.4,26.1201679,-193.47301980198,4.157
"3086",308.5,26.0929806,-193.505363636364,4.157
"3087",308.6,26.1102513533835,-193.53894,4.157
"3088",308.7,26.1230592537313,-193.566275229358,4.157
"3089",308.8,26.1295551515152,-193.604556701031,4.157
"3090",308.9,26.122514,-193.645747368421,4.15713684210526
"3091",309,26.1072726,-193.440181818182,4.15781818181818
"3092",309.1,26.1273421804511,-193.450166666667,4.157
"3093",309.2,26.1446269117647,-193.412294117647,4.15694117647059
"3094",309.3,26.1313406060606,-193.5268,4.1562
"3095",309.4,26.0958092,-193.579669902913,4.157
"3096",309.5,26.1064968,-193.559835051546,4.157
"3097",309.6,26.0818742,-193.4832,4.157
"3098",309.7,26.1247743564356,-193.394336633663,4.157
"3099",309.8,26.1072663909775,-193.50252,4.157
"3100",309.9,26.1022234328358,-193.478635514019,4.157
"3101",310,26.110166969697,-193.33864516129,4.15687096774194
"3102",310.1,26.0809366,-193.332444444444,4.15619191919192
"3103",310.2,26.0774138,-193.296,4.1568
"3104",310.3,26.0927989552239,-193.317708737864,4.15619417475728
"3105",310.4,26.0755576470588,-193.289767676768,4.157
"3106",310.5,26.0807064646465,-193.344666666667,4.157
"3107",310.6,26.0384112,-193.282120879121,4.157
"3108",310.7,26.0726218,-193.386909090909,4.157
"3109",310.8,26.0874460902256,-193.144168539326,4.157
"3110",310.9,26.0834756716418,-193.136090909091,4.157
"3111",311,26.0587560606061,-193.211888888889,4.15688888888889
"3112",311.1,26.0816606,-193.2124,4.1562
"3113",311.2,26.0693926,-193.237128712871,4.15719801980198
"3114",311.3,26.0757309090909,-193.19298,4.15781
"3115",311.4,26.082721641791,-193.228540540541,4.157
"3116",311.5,26.0669428571429,-193.237887640449,4.157
"3117",311.6,26.0683008955224,-193.242606060606,4.157
"3118",311.7,26.090989,-193.1726,4.157
"3119",311.8,26.089984,-193.130247524752,4.15719801980198
"3120",311.9,26.0830600990099,-193.125108910891,4.15762376237624
"3121",312,26.0876763157895,-193.195454545455,4.15618181818182
"3122",312.1,26.0827191176471,-193.201343434343,4.157
"3123",312.2,26.1412703030303,-193.089956521739,4.15613043478261
"3124",312.3,26.1098546534653,-193.284,4.15228735632184
"3125",312.4,26.0795625,-193.114181818182,4.157
"3126",312.5,26.0919264661654,-193.099323232323,4.157
"3127",312.6,26.0944504477612,-193.126056603774,4.15681132075472
"3128",312.7,26.091586969697,-193.038085106383,4.15614893617021
"3129",312.8,26.0794638,-193.044059405941,4.15739603960396
"3130",312.9,26.093664040404,-193.015293577982,4.159
"3131",313,26.0968137313433,-192.987,4.15888888888889
"3132",313.1,26.1166807575758,-192.92098019802,4.15720792079208
"3133",313.2,26.1046545,-192.84344,4.15438
"3134",313.3,26.1118598019802,-192.824,4.15619
"3135",313.4,26.1456682828283,-192.81402970297,4.157
"3136",313.5,26.157947,-192.786795918367,4.157
"3137",313.6,26.1584905940594,-192.889277227723,4.15680198019802
"3138",313.7,26.1493232330827,-192.97516,4.15619
"3139",313.8,26.1537011764706,-192.795898989899,4.15680808080808
"3140",313.9,26.1482896969697,-192.848574257426,4.156
"3141",314,26.1589626,-192.85685483871,4.15615322580645
"3142",314.1,26.1896748,-192.845564516129,4.15695967741935
"3143",314.2,26.1701184210526,-192.71447,4.155
"3144",314.3,26.1459964179105,-192.781626262626,4.15538383838384
"3145",314.4,26.176478989899,-192.666572815534,4.157
"3146",314.5,26.154658,-192.619857142857,4.157
"3147",314.6,26.166891,-192.628222222222,4.15680808080808
"3148",314.7,26.1595571428571,-192.577,4.1562
"3149",314.8,26.1579131343284,-192.641594059406,4.15739603960396
"3150",314.9,26.1671561616162,-192.712879310345,4.15883620689655
"3151",315,26.1621697029703,-192.645,4.15796385542169
"3152",315.1,26.1829051515151,-192.492920792079,4.15660396039604
"3153",315.2,26.1733231343284,-192.5421,4.15519
"3154",315.3,26.1787020895522,-192.606747474747,4.15619191919192
"3155",315.4,26.1343771428571,-192.5528,4.157
"3156",315.5,26.130135,-192.5074,4.1568
"3157",315.6,26.1250798989899,-192.597158415842,4.15619801980198
"3158",315.7,26.141365,-192.482707070707,4.15680808080808
"3159",315.8,26.155502,-192.5872,4.156
"3160",315.9,26.1527473880597,-192.4852,4.1562
"3161",316,26.146122238806,-192.4478,4.1568
"3162",316.1,26.1433881818182,-192.341217821782,4.15520792079208
"3163",316.2,26.1702368316832,-192.349737373737,4.15276767676768
"3164",316.3,26.1222529292929,-192.411643564356,4.156
"3165",316.4,26.1548025373134,-192.379797979798,4.156
"3166",316.5,26.1625584848485,-192.302718446602,4.15619417475728
"3167",316.6,26.1553885,-192.258408163265,4.15682653061224
"3168",316.7,26.116052,-192.36354,4.156
"3169",316.8,26.124402020202,-192.281973214286,4.15616964285714
"3170",316.9,26.1309008955224,-192.406840909091,4.157
"3171",317,26.1405521212121,-192.291401960784,4.157
"3172",317.1,26.1266008,-192.16287755102,4.15734693877551
"3173",317.2,26.088521980198,-192.245313131313,4.15861616161616
"3174",317.3,26.0941604040404,-192.309,4.1568
"3175",317.4,26.0919326732673,-192.2962,4.156
"3176",317.5,26.063737,-192.295485436893,4.156
"3177",317.6,26.1137171428571,-192.163010309278,4.156
"3178",317.7,26.1720644776119,-192.123524752475,4.156
"3179",317.8,26.1284745,-192.13443,4.156
"3180",317.9,26.146958,-192.068080808081,4.15657575757576
"3181",318,26.1451908080808,-192.116576576577,4.15863963963964
"3182",318.1,26.1530150746269,-192.025,4.15690909090909
"3183",318.2,26.1337937313433,-192.156538461538,4.15610989010989
"3184",318.3,26.171035,-192.012181818182,4.15680808080808
"3185",318.4,26.1720545,-192.0332,4.156
"3186",318.5,26.1569919191919,-192.029223300971,4.156
"3187",318.6,26.1599420895522,-192.015591836735,4.156
"3188",318.7,26.1413415151515,-191.96068,4.156
"3189",318.8,26.1599412,-191.899669565217,4.156
"3190",318.9,26.1547892,-191.707303370786,4.15595505617978
"3191",319,26.1823128,-191.760515463918,4.15515463917526
"3192",319.1,26.1862633834586,-191.888244897959,4.15563265306122
"3193",319.2,26.207815,-191.860158415842,4.15439603960396
"3194",319.3,26.1759982089552,-191.94071,4.156
"3195",319.4,26.2023276470588,-191.85294,4.156
"3196",319.5,26.1893455,-191.78787,4.156
"3197",319.6,26.151108,-191.78899,4.15619
"3198",319.7,26.145853,-191.87883,4.15681
"3199",319.8,26.1343371428571,-191.800818181818,4.15638383838384
"3200",319.9,26.1454295522388,-191.653059405941,4.15760396039604
"3201",320,26.1419685,-191.772376237624,4.156
"3202",320.1,26.137236,-191.710734693878,4.15618367346939
"3203",320.2,26.129058,-191.778356435644,4.15680198019802
"3204",320.3,26.1414328571429,-191.719222222222,4.156
"3205",320.4,26.1355309090909,-191.741752475248,4.156
"3206",320.5,26.1424904,-191.76131147541,4.156
"3207",320.6,26.1372612,-191.762950819672,4.156
"3208",320.7,26.1385852,-191.583878787879,4.156
"3209",320.8,26.1542409774436,-191.531643564356,4.15639603960396
"3210",320.9,26.1466095454545,-191.567363636364,4.15780808080808
"3211",321,26.1549422,-191.497862745098,4.15719607843137
"3212",321.1,26.1345618811881,-191.669979591837,4.15744897959184
"3213",321.2,26.1223628,-191.5952,4.1552
"3214",321.3,26.1449775247525,-191.646851485149,4.156
"3215",321.4,26.119409,-191.623696969697,4.156
"3216",321.5,26.1509928571429,-191.586407407407,4.156
"3217",321.6,26.1653467164179,-191.486290322581,4.156
"3218",321.7,26.1472855,-191.62791,4.15619
"3219",321.8,26.1365037373737,-191.60741,4.157
"3220",321.9,26.1170724,-191.558191919192,4.157
"3221",322,26.0955930827068,-191.5478,4.157
"3222",322.1,26.1044701492537,-191.494,4.1572
"3223",322.2,26.0990696,-191.481168316832,4.15760396039604
"3224",322.3,26.1097536,-191.531787610619,4.156
"3225",322.4,26.0972884,-191.32176744186,4.156
"3226",322.5,26.0787121052632,-191.3882,4.156
"3227",322.6,26.10137,-191.43597029703,4.156
"3228",322.7,26.0656969,-191.387291262136,4.15581553398058
"3229",322.8,26.0938036633663,-191.455333333333,4.1555
"3230",322.9,26.1072308,-191.338,4.1576
"3231",323,26.1103457142857,-191.304424242424,4.15640404040404
"3232",323.1,26.0881736363636,-191.333336633663,4.15779207920792
"3233",323.2,26.1178401503759,-191.363767676768,4.15679797979798
"3234",323.3,26.1390414925373,-191.216495049505,4.156
"3235",323.4,26.1159678,-191.286594059406,4.156
"3236",323.5,26.133185,-191.22206,4.156
"3237",323.6,26.1726936633663,-191.29473,4.156
"3238",323.7,26.131164962406,-191.341707070707,4.15619191919192
"3239",323.8,26.1072056716418,-191.311198019802,4.15660396039604
"3240",323.9,26.154308,-191.296454545455,4.15519191919192
"3241",324,26.1475444,-191.230801980198,4.1569900990099
"3242",324.1,26.1169976,-191.23247,4.16005
"3243",324.2,26.1127517293233,-191.224342342342,4.156
"3244",324.3,26.1255352238806,-191.143545454545,4.156
"3245",324.4,26.1334212121212,-191.251277227723,4.156
"3246",324.5,26.1500912,-191.29929,4.156
"3247",324.6,26.1093071,-191.29143,4.15619
"3248",324.7,26.1210192481203,-191.2776,4.15719
"3249",324.8,26.1323546268657,-191.24002,4.15762
"3250",324.9,26.1353348484848,-191.238918367347,4.156
"3251",325,26.1190404950495,-191.064574257426,4.156
"3252",325.1,26.0809331,-191.149450980392,4.15580392156863
"3253",325.2,26.0928456,-191.091,4.15516666666667
"3254",325.3,26.0813410891089,-191.061555555556,4.156
"3255",325.4,26.07757,-191.0884,4.156
"3256",325.5,26.101003880597,-191.0198,4.156
"3257",325.6,26.1071264,-191.0086,4.156
"3258",325.7,26.0852707,-190.9458,4.156
"3259",325.8,26.0918165,-190.994148514851,4.15619801980198
"3260",325.9,26.074317443609,-191.011267857143,4.157
"3261",326,26.1204301492537,-190.987511363636,4.15684090909091
"3262",326.1,26.1065167,-190.932841584158,4.15518811881188
"3263",326.2,26.067792,-190.989181818182,4.156
"3264",326.3,26.1009092,-191.07004040404,4.156
"3265",326.4,26.0907019548872,-191.0388,4.156
"3266",326.5,26.0800244776119,-190.924455445545,4.156
"3267",326.6,26.0801609090909,-190.923614678899,4.15582568807339
"3268",326.7,26.0928512,-191.0169,4.1551
"3269",326.8,26.084927,-190.932362637363,4.15578021978022
"3270",326.9,26.0864178947368,-190.890173076923,4.15454807692308
"3271",327,26.1106913432836,-190.8073125,4.157
"3272",327.1,26.1150801515152,-190.858529411765,4.1568137254902
"3273",327.2,26.0988308823529,-190.861666666667,4.156
"3274",327.3,26.1148816,-190.967777777778,4.156
"3275",327.4,26.1196496,-190.950451612903,4.156
"3276",327.5,26.1203027722772,-190.846574257426,4.156
"3277",327.6,26.1000593984962,-190.928594059406,4.15618811881188
"3278",327.7,26.1027611764706,-190.867818181818,4.157
"3279",327.8,26.0913563636364,-190.769898989899,4.157
"3280",327.9,26.1242316,-190.74,4.1568
"3281",328,26.1156279,-190.759603960396,4.156
"3282",328.1,26.0950183458647,-190.836205882353,4.156
"3283",328.2,26.044943880597,-190.800755102041,4.156
"3284",328.3,26.0523854545455,-190.717252525252,4.156
"3285",328.4,26.0515412,-190.812396039604,4.156
"3286",328.5,26.084693,-190.72977,4.156
"3287",328.6,26.0898205263158,-190.7065,4.156
"3288",328.7,26.089207761194,-190.662353535354,4.15561616161616
"3289",328.8,26.0619375757576,-190.6426,4.1546
"3290",328.9,26.0649730693069,-190.6306,4.157
"3291",329,26.0562494,-190.6412,4.1566
"3292",329.1,26.0733474,-190.622316831683,4.15519801980198
"3293",329.2,26.078435049505,-190.725484848485,4.156
"3294",329.3,26.0748896240601,-190.6734,4.156
"3295",329.4,26.0556573134328,-190.6542,4.156
"3296",329.5,26.0741906060606,-190.632821782178,4.156
"3297",329.6,26.0403096,-190.624330434783,4.1558347826087
"3298",329.7,26.037405,-190.622941176471,4.15504705882353
"3299",329.8,26.0309863157895,-190.545262626263,4.15619191919192
"3300",329.9,26.0406776470588,-190.4616,4.1572
"3301",330,26.076247979798,-190.387643564356,4.15780198019802
"3302",330.1,26.07795,-190.391303030303,4.15680808080808
"3303",330.2,26.1099768,-190.454203883495,4.156
"3304",330.3,26.1608879104478,-190.358091836735,4.156
"3305",330.4,26.1567494029851,-190.41879,4.156
"3306",330.5,26.1579435353535,-190.352767676768,4.156
"3307",330.6,26.1364888,-190.288,4.1558
"3308",330.7,26.1476042,-190.344761904762,4.15538095238095
"3309",330.8,26.1483189473684,-190.382157894737,4.15684210526316
"3310",330.9,26.1494551515152,-190.3504,4.1562
"3311",331,26.1338756390977,-190.28198019802,4.15680198019802
"3312",331.1,26.1324314705882,-190.507474747475,4.156
"3313",331.2,26.1308572727273,-190.435098039216,4.156
"3314",331.3,26.1788055,-190.55806122449,4.15581632653061
"3315",331.4,26.1551281188119,-190.4616,4.1552
"3316",331.5,26.1578673684211,-190.414,4.1558
"3317",331.6,26.1605780882353,-190.2888,4.1552
"3318",331.7,26.1525274747475,-190.335793103448,4.1558275862069
"3319",331.8,26.185777029703,-190.357285714286,4.155
"3320",331.9,26.1657147474748,-190.404,4.156
"3321",332,26.1690391044776,-190.302851485148,4.15920792079208
"3322",332.1,26.1779254545455,-190.21031,4.156
"3323",332.2,26.1599260606061,-190.256045454545,4.156
"3324",332.3,26.1536823762376,-190.275,4.1559
"3325",332.4,26.1022139393939,-190.18994,4.15519
"3326",332.5,26.1311831343284,-190.18744,4.15619
"3327",332.6,26.1493706060606,-190.10049,4.15681
"3328",332.7,26.1608849,-190.149431372549,4.15544117647059
"3329",332.8,26.1585495049505,-190.116857142857,4.15334693877551
"3330",332.9,26.1435327272727,-190.141151515152,4.15519191919192
"3331",333,26.1349206716418,-190.151585585586,4.156
"3332",333.1,26.1553004545454,-190.1623,4.156
"3333",333.2,26.1517744360902,-190.042294117647,4.156
"3334",333.3,26.1374341414141,-190.099816326531,4.156
"3335",333.4,26.14502,-190.106101010101,4.156
"3336",333.5,26.126722970297,-190.05401980198,4.156
"3337",333.6,26.1605267,-190.041589285714,4.15616964285714
"3338",333.7,26.1673936567164,-190.0169375,4.15685416666667
"3339",333.8,26.1714268656716,-189.980510869565,4.15523913043478
"3340",333.9,26.1815967676768,-189.97943,4.157
"3341",334,26.1186928712871,-189.89961,4.15681
"3342",334.1,26.1314171717172,-189.913272727273,4.156
"3343",334.2,26.1391475373134,-189.927747572816,4.156
"3344",334.3,26.1521215151515,-190.032224489796,4.156
"3345",334.4,26.18397,-190.083878787879,4.15580808080808
"3346",334.5,26.2062328282828,-190.0048,4.1552
"3347",334.6,26.16595,-189.9354,4.156
"3348",334.7,26.2159425373134,-189.85272815534,4.15580582524272
"3349",334.8,26.2159671641791,-189.907244897959,4.15534693877551
"3350",334.9,26.1975029323308,-189.840762376238,4.15662376237624
"3351",335,26.1851158823529,-189.778673469388,4.15518367346939
"3352",335.1,26.1605685858586,-189.7854,4.156
"3353",335.2,26.1629959405941,-189.77131372549,4.156
"3354",335.3,26.1536575247525,-189.857727272727,4.156
"3355",335.4,26.1472363909774,-189.782070707071,4.156
"3356",335.5,26.1385791044776,-189.723,4.1564
"3357",335.6,26.1631374747475,-189.7442,4.1576
"3358",335.7,26.1871894059406,-189.71901980198,4.156
"3359",335.8,26.1787048979592,-189.78193,4.156
"3360",335.9,26.1954621641791,-189.742838383838,4.156
"3361",336,26.2096631818182,-189.7182,4.156
"3362",336.1,26.1734768,-189.5838,4.1558
"3363",336.2,26.1541246464646,-189.704840707965,4.15517699115044
"3364",336.3,26.15066,-189.739477272727,4.156
"3365",336.4,26.1831793939394,-189.80453,4.156
"3366",336.5,26.18374,-189.721636363636,4.156
"3367",336.6,26.14267,-189.746316831683,4.156
"3368",336.7,26.1166402970297,-189.7066,4.156
"3369",336.8,26.1438353465347,-189.716353535354,4.156
"3370",336.9,26.1614626315789,-189.6296,4.156
"3371",337,26.1686827272727,-189.657,4.156
"3372",337.1,26.1616136842105,-189.6226,4.156
"3373",337.2,26.1457148484849,-189.6042,4.156
"3374",337.3,26.18323,-189.643980392157,4.15580392156863
"3375",337.4,26.17321,-189.678897959184,4.15518367346939
"3376",337.5,26.16471,-189.6278,4.1558
"3377",337.6,26.1402547761194,-189.5748,4.1548
"3378",337.7,26.1291620895522,-189.4908,4.1542
"3379",337.8,26.1566816,-189.575504950495,4.15519801980198
"3380",337.9,26.1621356565657,-189.470623762376,4.156
"3381",338,26.14957,-189.553181818182,4.156
"3382",338.1,26.1519603030303,-189.56718,4.156
"3383",338.2,26.17143,-189.573676767677,4.156
"3384",338.3,26.19057,-189.538920353982,4.156
"3385",338.4,26.21032,-189.608704545455,4.15607954545455
"3386",338.5,26.18171,-189.67787,4.15681
"3387",338.6,26.1799205263158,-189.48336,4.156
"3388",338.7,26.1932536633663,-189.447404040404,4.15580808080808
"3389",338.8,26.21162,-189.478891891892,4.15536036036036
"3390",338.9,26.1931942574257,-189.4439,4.1568
"3391",339,26.2252345,-189.46252,4.155
"3392",339.1,26.2194319,-189.44829,4.155
"3393",339.2,26.1972665346535,-189.36342,4.155
"3394",339.3,26.2002796969697,-189.391267241379,4.15516379310345
"3395",339.4,26.2390802985075,-189.458152941176,4.15607058823529
"3396",339.5,26.1783888,-189.427653061224,4.15726530612245
"3397",339.6,26.1955405,-189.3774,4.1542
"3398",339.7,26.2386761,-189.308188118812,4.15519801980198
"3399",339.8,26.2366387218045,-189.323514563107,4.15581553398058
"3400",339.9,26.2149143434343,-189.378412371134,4.155
"3401",340,26.21048,-189.404878787879,4.155
"3402",340.1,26.19821,-189.332445544554,4.155
"3403",340.2,26.19846,-189.283484848485,4.15519191919192
"3404",340.3,26.2388114925373,-189.198883495146,4.15619417475728
"3405",340.4,26.21711,-189.355587628866,4.15682474226804
"3406",340.5,26.2236582178218,-189.236,4.1558
"3407",340.6,26.20648,-189.21,4.1552
"3408",340.7,26.22046,-189.1004,4.1558
"3409",340.8,26.2204450746269,-189.106571428571,4.15515873015873
"3410",340.9,26.2237597014925,-189.249428571429,4.15595238095238
"3411",341,26.2460541791045,-189.126103092783,4.155
"3412",341.1,26.24689,-189.1608,4.155
"3414",341.3,26.2103161386139,-189.117009803922,4.1551862745098
"3415",341.4,26.22593,-189.160414141414,4.15582828282828
"3416",341.5,26.2134259701493,-189.151,4.15481818181818
"3417",341.6,26.23262,-188.92999,4.15419
"3418",341.7,26.22153,-188.9641,4.15538
"3419",341.8,26.20592,-189.046320754717,4.15664150943396
"3420",341.9,26.18665,-189.090936170213,4.155
"3421",342,26.2053271641791,-189.0973,4.155
"3422",342.1,26.23376,-189.083110091743,4.155
"3423",342.2,26.2228359405941,-189.118802197802,4.155
"3424",342.3,26.23743,-189.013932773109,4.15515966386555
"3426",342.5,26.2278628358209,-188.955909090909,4.156
"3427",342.6,26.24643,-188.888623762376,4.15618811881188
"3428",342.7,26.2263395049505,-188.9879,4.157
"3429",342.8,26.20129,-189.056727272727,4.15663636363636
"3430",342.9,26.17645,-189.0132,4.155
"3431",343,26.18448,-189.117801980198,4.155
"3432",343.1,26.1868265346535,-188.952181818182,4.155
"3433",343.2,26.1938395488722,-189.006188034188,4.155
"3434",343.3,26.2007743434343,-189.001152941177,4.155
"3435",343.4,26.19834,-188.967888888889,4.155
"3436",343.5,26.21008,-188.94982,4.15482
"3437",343.6,26.16354,-188.833636363636,4.15436363636364
"3438",343.7,26.2173029850746,-188.88358,4.156
"3439",343.8,26.2299,-188.96368,4.15581
"3440",343.9,26.2203384,-189.000578431373,4.155
"3441",344,26.2724815,-188.890171717172,4.155
"3442",344.1,26.2557277443609,-188.7901,4.155
"3443",344.2,26.2485021804511,-188.749818181818,4.155
"3444",344.3,26.2250839393939,-188.929099009901,4.15537623762376
"3445",344.4,26.236529009901,-188.7815,4.15646
"3446",344.5,26.2506467,-188.632363636364,4.15418181818182
"3447",344.6,26.2809438345865,-188.640673267327,4.15556435643564
"3448",344.7,26.2743272932331,-188.764363636364,4.15745454545455
"3449",344.8,26.2765067424242,-188.67498,4.155
"3450",344.9,26.2611809848485,-188.678450980392,4.155
"3451",345,26.2664701010101,-188.546717171717,4.155
"3452",345.1,26.2471834,-188.583909090909,4.155
"3453",345.2,26.2619042574257,-188.710237623762,4.155
"3454",345.3,26.2547581203007,-188.66898,4.15464
"3455",345.4,26.2523852941177,-188.571930693069,4.15317821782178
"3456",345.5,26.2879,-188.624846938776,4.15417346938776
"3457",345.6,26.2530732,-188.49588,4.15481
"3458",345.7,26.2476427,-188.46105982906,4.15416239316239
"3459",345.8,26.2669220300752,-188.484674698795,4.155
"3460",345.9,26.287125037594,-188.568153846154,4.155
"3461",346,26.28743,-188.475,4.155
"3462",346.1,26.28743,-188.584414141414,4.15510101010101
"3463",346.2,26.28743,-188.573344086021,4.15576344086021
"3464",346.3,26.28743,-188.4087,4.15436
"3465",346.4,26.28743,-188.50844,4.15582
"3466",346.5,26.28743,-188.673454545454,4.155
"3467",346.6,26.28743,-188.486105769231,4.15481730769231
"3468",346.7,26.28743,-188.561494845361,4.15415463917526
"3469",346.8,26.28743,-188.426818181818,4.155
"3470",346.9,26.28743,-188.436247524753,4.155
"3471",347,26.28743,-188.56586,4.155
"3472",347.1,26.28743,-188.44,4.15518181818182
"3473",347.2,26.28743,-188.481803571429,4.156
"3474",347.3,26.28743,-188.334943820225,4.156
"3476",347.5,26.28743,-188.27356,4.15482
"3477",347.6,26.28743,-188.367727272727,4.15472727272727
"3478",347.7,26.28743,-188.46245,4.15743
"3479",347.8,26.28743,-188.472386138614,4.155
"3480",347.9,26.2877157575758,-188.338517241379,4.155
"3481",348,26.3156697744361,-188.422119047619,4.155
"3482",348.1,26.3131584962406,-188.406,4.155
"3483",348.2,26.3096729292929,-188.507287128713,4.155
"3484",348.3,26.3105591176471,-188.521603960396,4.15464356435644
"3485",348.4,26.2872027272727,-188.327821782178,4.15333663366337
"3486",348.5,26.2975440298507,-188.180775510204,4.155
"3487",348.6,26.3112455223881,-188.305454545455,4.155
"3488",348.7,26.263657593985,-188.22449,4.155
"3489",348.8,26.3005372932331,-188.1428,4.155
"3490",348.9,26.3460977777778,-188.238893203884,4.155
"3491",349,26.3342568,-188.236474226804,4.155
"3492",349.1,26.3009344554455,-188.25204,4.15481
"3493",349.2,26.3359902255639,-188.264247524752,4.15437623762376
"3494",349.3,26.3665015037594,-188.261,4.156
"3495",349.4,26.384937979798,-188.249386138614,4.15583168316832
"3496",349.5,26.4321437623762,-188.197113402062,4.15516494845361
"3497",349.6,26.4015336363636,-188.179225490196,4.1558137254902
"3498",349.7,26.391318358209,-188.024255102041,4.155
"3499",349.8,26.4017362686567,-188.20422,4.155
"3500",349.9,26.409931,-188.20593,4.155
"3501",350,26.4004084,-188.09102970297,4.155
"3502",350.1,26.3644967676768,-188.133636363636,4.155
"3503",350.2,26.4081679104478,-188.140594059406,4.155
"3504",350.3,26.3817649253731,-188.115326732673,4.15482178217822
"3505",350.4,26.3911357,-188.170734693878,4.15417346938776
"3506",350.5,26.3785089108911,-188.09173,4.15519
"3507",350.6,26.3712125252525,-188.072524752475,4.156
"3508",350.7,26.3385765346535,-188.095,4.15581818181818
"3509",350.8,26.4243706,-188.07603,4.155
"3510",350.9,26.3920944776119,-188.166495049505,4.155
"3511",351,26.393818358209,-188.094396039604,4.155
"3512",351.1,26.4037506,-188.15196969697,4.155
"3513",351.2,26.4329566336633,-188.06554,4.15482
"3515",351.4,26.3806702238806,-188.10493877551,4.15665306122449
"3516",351.5,26.3596926119403,-188.057940594059,4.15462376237624
"3517",351.6,26.3938126,-188.06524,4.15336
"3518",351.7,26.3953925,-188.055269565217,4.155
"3519",351.8,26.4279225252525,-187.924607142857,4.155
"3520",351.9,26.3899440298507,-187.96555,4.155
"3521",352,26.3896455223881,-187.837048543689,4.155
"3522",352.1,26.3861966,-187.857649484536,4.15483505154639
"3523",352.2,26.3626306,-188.02515,4.15419
"3524",352.3,26.345014,-188.001712871287,4.15518811881188
"3525",352.4,26.3686194736842,-187.931869565217,4.15584347826087
"3526",352.5,26.3630931578947,-187.822159090909,4.15496590909091
"3527",352.6,26.3841106766917,-187.950824742268,4.15430927835051
"3528",352.7,26.3761332330827,-187.993636363636,4.15581818181818
"3529",352.8,26.3771565,-187.93805,4.155
"3530",352.9,26.3745454,-188.003712871287,4.155
"3531",353,26.3664377,-187.948533980583,4.155
"3532",353.1,26.3504688059701,-187.9239375,4.155
"3533",353.2,26.3810956716418,-187.925336633663,4.155
"3534",353.3,26.4039424,-187.805118811881,4.155
"3535",353.4,26.4272294,-187.854131313131,4.155
"3536",353.5,26.4341503030303,-187.832359223301,4.155
"3537",353.6,26.437735,-187.86959375,4.155
"3538",353.7,26.411235,-187.76675,4.155
"3539",353.8,26.4075615,-187.72804,4.155
"3540",353.9,26.4090169306931,-187.81421,4.15481
"3541",354,26.4228426,-187.780344827586,4.15416379310345
"3542",354.1,26.4005485714286,-187.777428571429,4.155
"3543",354.2,26.3819771428571,-187.774045977011,4.15488505747126
"3544",354.3,26.3934276,-187.51004,4.15354
"3545",354.4,26.3897151,-187.5767,4.15546
"3546",354.5,26.3985268,-187.590747572816,4.15334951456311
"3547",354.6,26.426174,-187.587711340206,4.155
"3548",354.7,26.3934161386139,-187.49414,4.15482
"3549",354.8,26.4068053030303,-187.373362068965,4.15415517241379
"3550",354.9,26.3965704545455,-187.505023809524,4.155
"3551",355,26.4077408,-187.511764705882,4.15482352941176
"3552",355.1,26.4140709,-187.701134020619,4.15416494845361
"3553",355.2,26.3866122,-187.532237623762,4.155
"3554",355.3,26.3443443609023,-187.4421,4.155
"3555",355.4,26.3341563909774,-187.4952,4.155
"3556",355.5,26.3033395,-187.587,4.15517647058824
"3557",355.6,26.2944891089109,-187.667571428571,4.15583673469388
"3558",355.7,26.2703518,-187.656545454545,4.155
"3559",355.8,26.2887364661654,-187.69227184466,4.155
"3560",355.9,26.2480597744361,-187.729072164948,4.15483505154639
"3561",356,26.2535788,-187.773524271845,4.15418446601942
"3562",356.1,26.2535931,-187.728306122449,4.15483673469388
"3563",356.2,26.2557459,-187.502909090909,4.15454545454546
"3564",356.3,26.2699426315789,-187.41444,4.15643
"3565",356.4,26.2733636842105,-187.548783783784,4.15382882882883
"3566",356.5,26.2873179545454,-187.502913043478,4.15308695652174
"3567",356.6,26.2655831060606,-187.435734693878,4.15416326530612
"3568",356.7,26.2939392,-187.427,4.15481818181818
"3569",356.8,26.2501936,-187.458293577982,4.15417431192661
"3570",356.9,26.2267334653465,-187.435666666667,4.15488888888889
"3571",357,26.2439941353384,-187.43002970297,4.15419801980198
"3572",357.1,26.2587986466165,-187.416871287129,4.15481188118812
"3573",357.2,26.2451271,-187.4123,4.15415
"3574",357.3,26.2034657425743,-187.413966666667,4.15498333333333
"3575",357.4,26.218951,-187.45125,4.15481
"3576",357.5,26.23263,-187.58312,4.154
"3577",357.6,26.25263,-187.53378,4.15419
"3578",357.7,26.2677513131313,-187.52238,4.15481
"3579",357.8,26.2160754,-187.59455,4.154
"3580",357.9,26.2216223,-187.515838383838,4.15419191919192
"3581",358,26.2381567669173,-187.3446,4.1548
"3582",358.1,26.2263823308271,-187.241,4.1542
"3583",358.2,26.1984409,-187.262821782178,4.15519801980198
"3584",358.3,26.2250068316832,-187.268901960784,4.1561862745098
"3585",358.4,26.2048328282828,-187.315785714286,4.15647959183674
"3586",358.5,26.2143426,-187.235396039604,4.154
"3587",358.6,26.2341374257426,-187.22664,4.154
"3588",358.7,26.2025282442748,-187.0907,4.154
"3589",358.8,26.2269404580153,-187.196053097345,4.1541592920354
"3590",358.9,26.1975724242424,-187.04095,4.15495
"3591",359,26.1667316,-187.085333333333,4.15405747126437
"3592",359.1,26.1617476,-186.890294117647,4.15482352941176
"3593",359.2,26.1576490977444,-186.865,4.15416326530612
"3594",359.3,26.1886265413534,-186.858527272727,4.155
"3595",359.4,26.183286969697,-187.078685393258,4.15491011235955
"3596",359.5,26.1951543564356,-187.63234,4.154
"3597",359.6,26.2051563,-188.072873786408,4.154
"3598",359.7,26.1808217164179,-187.859649484536,4.154
"3599",359.8,26.2035455970149,-187.550207920792,4.15418811881188
"3600",359.9,26.178636969697,-187.59788,4.15554
"3601",360,26.2172381,-187.823,4.15709090909091
"3602",360.1,26.21421,-188.506166666667,4.1528137254902
"3603",360.2,26.170215112782,-188.881397959184,4.15217346938776
"3604",360.3,26.1587188721805,-188.592843137255,4.15337254901961
"3605",360.4,26.1262877272727,-188.4225,4.15482653061225
"3606",360.5,26.1535453030303,-188.267342857143,4.154
"3607",360.6,26.1654976,-188.101,4.154
"3608",360.7,26.1831268686869,-188.03021875,4.154
"3609",360.8,26.1744107920792,-188.067306930693,4.15418811881188
"3610",360.9,26.1505970676692,-186.161700000002,4.15482
"3611",361,26.1692737593985,-177.384939999999,4.154
"3612",361.1,26.1572736,-173.340964285714,4.15351785714286
"3613",361.2,26.1745584158416,-173.082954545455,4.15113636363636
"3614",361.3,26.1327502,-173.38718,4.15336
"3615",361.4,26.1617135338346,-173.642636363636,4.15481818181818
"3616",361.5,26.1461646616541,-173.89906,4.154
"3617",361.6,26.1734390909091,-174.050431372549,4.154
"3618",361.7,26.1662701980198,-174.136591836735,4.154
"3619",361.8,26.1169963636364,-174.32658,4.154
"3620",361.9,26.1077494736842,-174.34012,4.15419
"3621",362,26.1114863157895,-174.46399,4.15519
"3622",362.1,26.1031802020202,-173.163610619469,4.15549557522124
"3623",362.2,26.1045892079208,-165.869103448272,4.15313793103448
"3624",362.3,26.0687758585859,-155.492578431373,4.1548137254902
"3625",362.4,26.092033,-156.02996969697,4.154
"3626",362.5,26.0552138613861,-156.27712,4.154
"3627",362.6,26.0983723308271,-156.354588235294,4.154
"3628",362.7,26.0906806015038,-156.586326530612,4.154
"3629",362.8,26.0677714141414,-156.624363636364,4.15418181818182
"3630",362.9,26.029104,-156.787059405941,4.155
"3631",363,26.0254905,-156.78606,4.15464
"3632",363.1,26.0383557142857,-156.81013592233,4.15334951456311
"3633",363.2,26.03707,-156.85356122449,4.15515306122449
"3634",363.3,26.0429743434344,-156.863171717172,4.15582828282828
"3635",363.4,26.0185078217822,-155.773454545456,4.15481818181818
"3636",363.5,26.0255728,-148.666844660194,4.15418446601942
"3637",363.6,26.0241431578948,-142.260981308411,4.155
"3638",363.7,25.9867221052632,-142.591835164835,4.155
"3639",363.8,26.0322805050505,-142.832454545455,4.15481818181818
"3640",363.9,26.0156235643564,-143.01286,4.154
"3641",364,25.9654385858586,-143.4099,4.154
"3642",364.1,25.9849860150376,-143.750116504854,4.15363106796117
"3643",364.2,25.9871063157895,-143.815224489796,4.15265306122449
"3644",364.3,25.9687684210526,-143.992818181818,4.15563636363636
"3645",364.4,25.9501368421053,-144.16597029703,4.15418811881188
"3646",364.5,25.977404949495,-144.42094059406,4.155
"3647",364.6,25.9521846,-144.607828282828,4.15482828282828
"3648",364.7,25.9272558415842,-144.11648,4.15418
"3649",364.8,25.9366170676692,-139.947000000005,4.15482
"3650",364.9,25.9541584210526,-127.854117647059,4.15417647058823
"3651",365,25.9332725252525,-128.505428571429,4.15516326530612
"3652",365.1,25.8781917821782,-128.90194,4.15582
"3653",365.2,25.8740123762376,-129.131272727273,4.155
"3654",365.3,25.901407593985,-129.115666666667,4.155
"3655",365.4,25.8749940601504,-129.116325581395,4.155
"3656",365.5,25.8795303030303,-129.397,4.155
"3657",365.6,25.8470603960396,-129.442,4.155
"3658",365.7,25.8274489795918,-129.676470588235,4.155
"3659",365.8,25.8207824626866,-129.844857142857,4.15483673469388
"3660",365.9,25.8274317164179,-129.975,4.154
"3661",366,25.7852385,-129.878910891089,4.15418811881188
"3662",366.1,25.783483,-128.730955752214,4.155
"3663",366.2,25.7734668686869,-121.480560439561,4.155
"3664",366.3,25.7927946534654,-112.771884210526,4.155
"3665",366.4,25.7610085,-113.273237623762,4.155
"3666",366.5,25.7703187218045,-113.678423076923,4.155
"3667",366.6,25.7290931578947,-113.76662745098,4.155
"3668",366.7,25.7697268686869,-114.002494845361,4.15487628865979
"3669",366.8,25.7421467326733,-114.190690721649,4.154
"3670",366.9,25.7569235353535,-114.31816,4.15454
"3671",367,25.7777508955224,-114.5672,4.15646
"3672",367.1,25.7947658208955,-114.745,4.15418181818182
"3673",367.2,25.768057,-114.817436893204,4.15518446601942
"3674",367.3,25.7700083168317,-114.708412371134,4.15583505154639
"3675",367.4,25.7667470707071,-114.767930693069,4.155
"3676",367.5,25.7269620149254,-114.4846,4.15482
"3677",367.6,25.7354023134328,-110.390500000003,4.15418
"3678",367.7,25.7354315,-99.2055820895523,4.155
"3679",367.8,25.731492,-99.5921492537313,4.155
"3680",367.9,25.7266984848485,-99.9222234042552,4.15413829787234
"3681",368,25.6966719402985,-100.36898,4.155
"3682",368.1,25.6980376119403,-100.74809,4.15519
"3683",368.2,25.6837582706767,-100.875817307692,4.156
"3684",368.3,25.6935627819549,-101.090625,4.15584375
"3685",368.4,25.6800960606061,-101.39419,4.155
"3686",368.5,25.6578876237624,-101.6249375,4.155
"3687",368.6,25.6363992,-101.589556818182,4.155
"3688",368.7,25.6235932835821,-101.920737864078,4.155
"3689",368.8,25.6479813432836,-100.843422680415,4.15516494845361
"3690",368.9,25.6386341414141,-94.1400693069303,4.15562376237624
"3691",369,25.5848482352941,-88.9555882352943,4.15382352941177
"3692",369.1,25.5294761616162,-89.6470408163264,4.15332653061224
"3693",369.2,25.4672891044776,-89.9689126213593,4.155
"3694",369.3,25.5078711940298,-90.2137522935779,4.155
"3695",369.4,25.5243955,-90.4266363636363,4.155
"3696",369.5,25.5072065,-90.5974200000001,4.155
"3697",369.6,25.50567,-90.9246153846154,4.155
"3698",369.7,25.4779708270677,-91.0611276595745,4.155
"3699",369.8,25.482587368421,-91.1641123595506,4.15507865168539
"3700",369.9,25.4610238,-91.1354545454546,4.15583636363636
"3701",370,25.4824186,-89.8498651685333,4.155
"3702",370.1,25.4247082,-77.3462884615384,4.155
"3703",370.2,25.435509,-78.18585,4.155
"3704",370.3,25.4199376237624,-78.6003092783504,4.155
"3705",370.4,25.4021931818182,-79.0541818181818,4.155
"3706",370.5,25.4090568181818,-79.31354,4.155
"3707",370.6,25.4239536,-79.66244,4.155
"3708",370.7,25.4219171287129,-79.9022330097088,4.155
"3709",370.8,25.3881285,-80.0200206185566,4.155
"3710",370.9,25.3755560150376,-78.8795980392157,4.1551862745098
"3711",371,25.3716763157895,-72.2690303030304,4.15582828282828
"3712",371.1,25.3633225,-69.4560999999999,4.15482
"3713",371.2,25.369989,-70.0883203883495,4.15417475728155
"3714",371.3,25.3326145,-70.2400937499999,4.155
"3715",371.4,25.3199772180451,-70.52664,4.155
"3716",371.5,25.3277215789474,-70.55661,4.155
"3717",371.6,25.3063214141414,-70.5568415841584,4.155
"3718",371.7,25.2897366,-70.87646,4.155
"3719",371.8,25.2843218,-69.514181818184,4.15518181818182
"3720",371.9,25.3078589473684,-62.45294,4.156
"3721",372,25.3001747368421,-61.6918700000001,4.156
"3722",372.1,25.2805718181818,-62.25594,4.15619
"3723",372.2,25.2819354545455,-62.73976,4.15662
"3724",372.3,25.2661521,-63.0443168316831,4.155
"3725",372.4,25.2307746,-63.3207272727272,4.155
"3726",372.5,25.2185701980198,-63.47228,4.155
"3727",372.6,25.2317584210526,-63.00408,4.155
"3728",372.7,25.2232321052632,-59.1175643564353,4.15518811881188
"3729",372.8,25.214952020202,-54.2515428571426,4.15582857142857
"3730",372.9,25.1974341584158,-54.9684999999999,4.15513829787234
"3731",373,25.2006615,-55.5367400000001,4.15581
"3732",373.1,25.1697972932331,-56.0816078431373,4.1551862745098
"3733",373.2,25.1561431578947,-56.2847653061225,4.15582653061225
"3734",373.3,25.1496804040404,-56.0569207920794,4.15518811881188
"3735",373.4,25.1031483168317,-52.0248181818193,4.156
"3736",373.5,25.1423209090909,-48.5142272727274,4.156
"3737",373.6,25.1247561654135,-49.2545000000001,4.156
"3738",373.7,25.1011922556391,-49.8129560439561,4.156
"3739",373.8,25.1441536363636,-50.3932352941176,4.156
"3740",373.9,25.1125411881188,-50.6969611650486,4.15646601941748
"3741",374,25.0742503030303,-50.5830744680839,4.15844680851064
"3742",374.1,25.0691483,-47.0959449541285,4.15517431192661
"3743",374.2,25.0368235643564,-43.6731827956989,4.156
"3744",374.3,25.0423722727273,-44.69817,4.156
"3745",374.4,25.0199101515152,-45.2577565217391,4.156
"3746",374.5,25.0282009090909,-45.6158795180723,4.156
"3747",374.6,25.0501288,-46.00188,4.156
"3748",374.7,25.0224825,-45.6961982758618,4.156
"3749",374.8,25.0301963157895,-42.6147159090912,4.15606818181818
"3750",374.9,25.0640008270677,-40.895824742268,4.15769072164948
"3751",375,25.0108954545455,-41.6999200000001,4.15582
"3752",375.1,25.0031268316832,-42.1584599999999,4.15536
"3753",375.2,24.9837286,-42.4754400000001,4.15682
"3754",375.3,24.9625015037594,-42.7569391304349,4.156
"3755",375.4,24.9641932330827,-42.2187529411776,4.156
"3756",375.5,24.9794457575758,-35.5110909090912,4.156
"3757",375.6,24.9699896,-36.4406633663367,4.156
"3758",375.7,24.9621129,-36.9304200000002,4.156
"3759",375.8,24.9291042105263,-37.4913333333333,4.15583333333333
"3760",375.9,24.9428786466165,-37.6653118279571,4.15521505376344
"3761",376,24.9413346212121,-35.9888181818183,4.157
"3762",376.1,24.9331149242424,-31.8143861386136,4.157
"3763",376.2,24.9206674,-32.8243939393939,4.15682828282828
"3764",376.3,24.9050011,-33.2780588235293,4.15617647058824
"3765",376.4,24.9199104950495,-33.6400612244899,4.15683673469388
"3766",376.5,24.8990559398496,-34.07316,4.156
"3767",376.6,24.9049882706767,-33.6252800000007,4.15618
"3768",376.7,24.8952679591837,-30.4997799999996,4.15682
"3769",376.8,24.885392970297,-29.2962376237622,4.15617821782178
"3770",376.9,24.8911818,-29.98539,4.157
"3771",377,24.8980960902256,-30.42502,4.157
"3772",377.1,24.879697593985,-30.72932,4.15683
"3773",377.2,24.8475303030303,-30.2893899999999,4.15617
"3774",377.3,24.8380677227723,-26.4064174757283,4.157
"3775",377.4,24.8021460606061,-23.8082708333334,4.157
"3776",377.5,24.7632464925373,-24.5269026548674,4.157
"3777",377.6,24.7509106716418,-24.8959659090909,4.157
"3778",377.7,24.765367,-24.77918,4.15683
"3779",377.8,24.7717944,-22.7604112149533,4.15663551401869
"3780",377.9,24.7405938383838,-22.0237204301074,4.15967741935484
"3781",378,24.6864324,-22.7859696969697,4.157
"3782",378.1,24.6907115841584,-22.8218200000004,4.15718
"3783",378.2,24.6781263157895,-20.9824999999998,4.15782
"3784",378.3,24.6707879699248,-20.3950194174755,4.157
"3785",378.4,24.648216969697,-21.0728265306122,4.157
"3786",378.5,24.6888504,-20.9848585858586,4.157
"3787",378.6,24.6564068,-18.89462,4.157
"3788",378.7,24.6559729323308,-19.1724615384617,4.15715384615385
"3789",378.8,24.6366345864662,-19.7430119047623,4.1580119047619
"3790",378.9,24.6478091919192,-18.3849514563107,4.15866990291262
"3791",379,24.6617454455446,-17.8987835051547,4.15714432989691
"3792",379.1,24.6515079,-18.2002020202021,4.15782828282828
"3793",379.2,24.652527368421,-17.0485207100592,4.157
"3794",379.3,24.6143469172932,-16.9958579881657,4.157
"3795",379.4,24.6931365656566,-17.3892692307693,4.157
"3796",379.5,24.679897029703,-15.487,4.157
"3797",379.6,24.7394793939394,-15.9300000000001,4.15717
"3798",379.7,24.7064928358209,-14.84199,4.15783
"3799",379.8,24.6984032835821,-14.9870606060605,4.15734343434343
"3800",379.9,24.6483210526316,-16.1974464285711,4.15916071428571
"3801",380,24.6405842105263,-17.7295056179774,4.15979775280899
"3802",380.1,24.6225996969697,-17.3398181818182,4.157
"3803",380.2,24.6583921782178,-17.0530399999998,4.157
"3804",380.3,24.6360532,-16.2925399999999,4.157
"3805",380.4,24.6750368656716,-16.2644054054057,4.157
"3806",380.5,24.6443726865672,-15.2188571428571,4.15707142857143
"3807",380.6,24.6476237373737,-14.6675543478261,4.15790217391304
"3808",380.7,24.6508983168317,-14.24164,4.15717
"3809",380.8,24.6257795959596,-13.49565,4.15885
"3810",380.9,24.6070188059701,-13.5073396226415,4.16219811320755
"3811",381,24.619003880597,-13.3265673076922,4.15789423076923
"3812",381.1,24.6223488,-12.9275326086956,4.15707608695652
"3813",381.2,24.6097408910891,-12.8282857142857,4.158
"3814",381.3,24.5861623232323,-12.7210588235294,4.158
"3815",381.4,24.5991162686567,-12.8779175257732,4.158
"3816",381.5,24.5684446268657,-12.8789684210526,4.158
"3817",381.6,24.5703164,-12.89144,4.158
"3818",381.7,24.5141296,-12.9088686868687,4.15767676767677
"3819",381.8,24.5179364,-13.11558,4.15617
"3820",381.9,24.4884796,-13.3716138613861,4.15716831683168
"3821",382,24.4814236,-13.5358571428572,4.158
"3822",382.1,24.4715217293233,-13.4875800000002,4.158
"3823",382.2,24.4521683458647,-12.3705799999995,4.158
"3824",382.3,24.4356764,-10.6163157894738,4.158
"3825",382.4,24.4518984,-10.0873033707865,4.158
"3826",382.5,24.4384954545454,-10.0436224489796,4.158
"3827",382.6,24.4299089552239,-10.1251818181818,4.15817171717172
"3828",382.7,24.4273417910448,-10.17876,4.15882
"3829",382.8,24.4492948,-10.31598,4.158
"3830",382.9,24.4252574257426,-10.4511153846154,4.158
"3831",383,24.4126824242424,-10.4534128440367,4.15825688073395
"3832",383.1,24.3813862686567,-10.368,4.15988636363636
"3833",383.2,24.4087146268657,-10.32227,4.158
"3834",383.3,24.4532032,-10.0988316831683,4.158
"3835",383.4,24.4105016,-10.0931559633027,4.158
"3836",383.5,24.4211454545454,-10.0600222222222,4.158
"3837",383.6,24.4170458955224,-9.96700000000001,4.158
"3838",383.7,24.4238891791045,-9.77459595959593,4.15751515151515
"3839",383.8,24.4356506766917,-9.60953535353538,4.15551515151515
"3840",383.9,24.4076581954887,-9.32923529411777,4.15817647058824
"3841",384,24.3953995,-8.8520526315789,4.15885964912281
"3842",384.1,24.4130713,-8.62635294117642,4.158
"3843",384.2,24.4048885,-8.11597,4.158
"3844",384.3,24.4268176119403,-7.98961,4.158
"3845",384.4,24.4212355223881,-8.09038613861384,4.15816831683168
"3846",384.5,24.4023336,-8.61639393939416,4.15883838383838
"3847",384.6,24.3776948,-9.58299999999998,4.15817171717172
"3848",384.7,24.3717784,-10.1788230088496,4.159
"3849",384.8,24.3575492481203,-10.2715,4.159
"3850",384.9,24.3437898496241,-9.87716666666667,4.159
"3851",385,24.3604667,-9.7283092783504,4.159
"3852",385.1,24.3444111881188,-9.41574257425753,4.15882178217822
"3853",385.2,24.3493396,-9.03883838383839,4.15817171717172
"3854",385.3,24.3282214285714,-8.68963366336641,4.15882178217822
"3855",385.4,24.3273642857143,-8.44388785046729,4.158
"3856",385.5,24.3103992,-8.32408695652164,4.15810869565217
"3857",385.6,24.3188024,-8.09467326732678,4.15882178217822
"3858",385.7,24.296181,-7.91833333333334,4.158
"3859",385.8,24.2221116,-7.805688,4.158144
"3860",385.9,24.2389236633663,-7.787288,4.158944
"3861",386,24.2492281818182,-7.65282178217821,4.159
"3862",386.1,24.2344554545455,-7.72518181818183,4.15883838383838
"3863",386.2,24.216376,-7.67154,4.15817
"3864",386.3,24.208811,-7.58106930693069,4.159
"3865",386.4,24.211243,-7.6898775510204,4.159
"3866",386.5,24.2090755639098,-7.64400000000001,4.159
"3867",386.6,24.2082484962406,-7.67733333333334,4.159
"3868",386.7,24.1925734,-7.68961224489799,4.15834693877551
"3869",386.8,24.189951980198,-7.84219999999997,4.15549090909091
"3870",386.9,24.2211396,-7.93968131868128,4.15826373626374
"3871",387,24.2723308270677,-8.06973,4.16066
"3872",387.1,24.2524661654135,-7.97307,4.159
"3873",387.2,24.2596596,-8.02979,4.159
"3874",387.3,24.2641602,-8.01125742574258,4.159
"3875",387.4,24.2403865,-7.9919090909091,4.159
"3876",387.5,24.231055112782,-8.12012871287128,4.15883168316832
"3877",387.6,24.2198896992481,-8.27708080808079,4.158
"3878",387.7,24.2230447727273,-8.15466666666669,4.15817171717172
"3879",387.8,24.211764469697,-7.02071287128765,4.159
"3880",387.9,24.225966,-5.38682000000003,4.15883
"3881",388,24.204843,-5.137,4.15816666666667
"3882",388.1,24.1906413861386,-5.45828865979374,4.159
"3883",388.2,24.2264763157895,-6.19057425742603,4.159
"3884",388.3,24.2342131578947,-6.96572000000002,4.159
"3885",388.4,24.2111256,-6.71557575757576,4.159
"3886",388.5,24.2129891,-6.61100934579435,4.159
"3887",388.6,24.2036903,-6.39553763440871,4.15911827956989
"3888",388.7,24.1833287218045,-6.05613999999997,4.15982
"3889",388.8,24.182870075188,-5.88781818181827,4.159
"3890",388.9,24.1590845454545,-5.62740594059407,4.15881188118812
"3891",389,24.1779418811881,-5.75390566037736,4.15816981132076
"3892",389.1,24.1587169,-5.75377419354839,4.159
"3893",389.2,24.1468964,-5.54216831683166,4.159
"3894",389.3,24.1407187128713,-5.22945544554449,4.159
"3895",389.4,24.1206643434343,-5.41582828282828,4.159
"3896",389.5,24.18339,-5.38711764705879,4.159
"3897",389.6,24.1836465,-5.26238775510203,4.15916326530612
"3898",389.7,24.1820073,-5.30450000000002,4.15966666666667
"3899",389.8,24.1388491,-5.28765934065943,4.15821978021978
"3900",389.9,24.1341847727273,-4.54386,4.15981
"3901",390,24.122904469697,-4.44949523809523,4.159
"3902",390.1,24.1267163636364,-4.3678333333333,4.159
"3903",390.2,24.126574,-4.24900000000023,4.159
"3904",390.3,24.1179,-5.04931967213118,4.159
"3905",390.4,24.1346726315789,-6.08784426229523,4.159
"3906",390.5,24.1061989473684,-6.70067415730341,4.159
"3907",390.6,24.0858245454545,-6.87312500000001,4.15915625
"3908",390.7,24.0926046534653,-6.74974257425741,4.16
"3909",390.8,24.1047106,-6.48104000000002,4.15982
"3910",390.9,24.0885416,-6.36332000000007,4.15918
"3911",391,24.116835049505,-5.95199999999978,4.15982524271845
"3912",391.1,24.1292874747475,-5.28293749999999,4.159
"3913",391.2,24.0780897,-5.32622999999999,4.159
"3914",391.3,24.1086631,-5.24188118811882,4.159
"3915",391.4,24.1021288,-5.16454545454546,4.159
"3916",391.5,24.1057907,-5.20286238532113,4.159
"3917",391.6,24.120375,-5.4630505050505,4.15910101010101
"3918",391.7,24.1082083333333,-5.48931182795695,4.16
"3919",391.8,24.1141509090909,-5.33709090909093,4.16018181818182
"3920",391.9,24.093563,-5.26338613861386,4.16081188118812
"3921",392,24.096145,-5.19172277227722,4.15982178217822
"3922",392.1,24.056194887218,-5.14486868686869,4.15917171717172
"3923",392.2,24.0747437593985,-5.03418181818185,4.15981818181818
"3924",392.3,24.0752772727273,-5.11616666666667,4.159
"3925",392.4,24.054936,-5.09694252873561,4.159
"3926",392.5,24.049794,-5.52850000000004,4.15934615384615
"3927",392.6,24.0449327067669,-5.67932631578949,4.16055789473684
"3928",392.7,24.0427597744361,-5.96496000000002,4.158
"3929",392.8,24.0671629292929,-6.09932673267327,4.15818811881188
"3930",392.9,24.0492508910891,-6.01980000000002,4.15918
"3931",393,24.007153,-5.79818181818156,4.16
"3932",393.1,23.957328,-4.92741999999999,4.15981
"3933",393.2,23.931349009901,-3.91297058823522,4.1591862745098
"3934",393.3,23.8807536363636,-3.40859999999995,4.15983
"3935",393.4,23.9044553465347,-3.96156999999997,4.15917
"3936",393.5,23.9173290909091,-4.30361616161616,4.16017171717172
"3937",393.6,23.88479,-4.28437999999998,4.1601
"3938",393.7,23.87619,-4.37052631578949,4.15663157894737
"3939",393.8,23.8509869172932,-4.4297777777778,4.16008888888889
"3940",393.9,23.8626560902256,-4.41328571428573,4.16171428571429
"3941",394,23.8744885858586,-4.60980000000001,4.16
"3942",394.1,23.8708051,-4.64533333333335,4.16
"3943",394.2,23.8799168,-4.59164835164839,4.16
"3944",394.3,23.8262532330827,-4.64873000000001,4.16
"3945",394.4,23.8733735338346,-4.59168686868686,4.15982828282828
"3946",394.5,23.8646048484849,-4.82839999999998,4.15936
"3947",394.6,23.8736847524752,-4.7091359223302,4.16117475728155
"3948",394.7,23.872121,-4.43663917525772,4.16169072164948
"3949",394.8,23.839357,-4.56325999999997,4.15982
"3950",394.9,23.8799667326733,-4.59735643564365,4.15917821782178
"3951",395,23.8791018181818,-4.36493939393939,4.16
"3952",395.1,23.8511279207921,-4.44145544554455,4.16
"3953",395.2,23.8640754545455,-4.40878999999999,4.16
"3954",395.3,23.877978,-4.18673999999998,4.15983
"3955",395.4,23.909012,-4.35829292929293,4.159
"3956",395.5,23.9068943939394,-4.14052475247499,4.15882178217822
"3957",395.6,23.8855383333333,-3.43022330097087,4.15816504854369
"3958",395.7,23.871977,-3.50654166666668,4.159
"3959",395.8,23.874527,-3.61038000000002,4.15936
"3960",395.9,23.866723,-3.87159999999963,4.16082
"3961",396,23.8458857142857,-5.55938000000039,4.16
"3962",396.1,23.8757428571429,-6.84466371681413,4.16
"3963",396.2,23.8398745454545,-6.96267816091954,4.15994252873563
"3964",396.3,23.836133,-6.85830000000029,4.15918
"3965",396.4,23.8170883838384,-6.09072000000002,4.16
"3966",396.5,23.8195135074627,-6.06024000000007,4.16018
"3967",396.6,23.7899090298508,-6.2560535714286,4.161
"3968",396.7,23.8131504,-6.05518181818148,4.16093181818182
"3969",396.8,23.7997448514852,-5.03375999999997,4.15982
"3970",396.9,23.7968946464646,-5.11935643564354,4.15917821782178
"3971",397,23.8178592079208,-5.18963793103448,4.16
"3972",397.1,23.823045,-5.09572941176495,4.16
"3973",397.2,23.809957,-4.24153333333334,4.16
"3974",397.3,23.8075465346535,-4.34786170212749,4.16
"3975",397.4,23.7998854545455,-4.8005,4.16
"3976",397.5,23.801974,-4.79474,4.15983
"3977",397.6,23.809553,-4.58234653465346,4.15916831683168
"3978",397.7,23.7949698484849,-4.70430434782612,4.16
"3979",397.8,23.8045683333333,-4.89948192771081,4.16001204819277
"3980",397.9,23.8131166666667,-5.0144705882353,4.16082352941176
"3981",398,23.7980424752475,-5.05502040816334,4.16
"3982",398.1,23.7824411111111,-5.43682352941174,4.16
"3983",398.2,23.7941852238806,-5.51094949494948,4.16
"3984",398.3,23.7813120895522,-5.5089405940594,4.16
"3985",398.4,23.7678744444445,-5.72097979797979,4.16
"3986",398.5,23.8018511764706,-5.68889,4.16
"3987",398.6,23.7584766666667,-5.38333333333356,4.16
"3988",398.7,23.7342785148515,-3.34695876288661,4.16030927835051
"3989",398.8,23.7353884158416,-3.21743564356436,4.16164356435644
"3990",398.9,23.7358156,-3.21937373737374,4.16
"3991",399,23.7362621,-3.32583636363639,4.16
"3992",399.1,23.7506654545455,-3.42439622641508,4.16
"3993",399.2,23.738616,-3.52797872340432,4.16
"3994",399.3,23.7010719191919,-4.14372527472523,4.16
"3995",399.4,23.7076217293233,-4.35585858585858,4.16
"3996",399.5,23.7435465413534,-4.4033267326732,4.16017821782178
"3997",399.6,23.7869244444444,-4.22449,4.16083
"3998",399.7,23.7987235643564,-4.19813131313132,4.16
"3999",399.8,23.7924411111111,-4.0997524752475,4.16
"4000",399.9,23.7703953731343,-4.19193939393939,4.16
"4001",400,23.7699401492537,-4.25241584158414,4.16
"4002",400.1,23.8319876,-4.21205357142857,4.16
"4003",400.2,23.8030815841584,-4.28580459770115,4.16
"4004",400.3,23.8336177777778,-4.30113861386138,4.16
"4005",400.4,23.816982238806,-4.2229090909091,4.15982828282828
"4006",400.5,23.7646389552239,-3.82410000000004,4.159
"4007",400.6,23.7746889,-3.94210891089109,4.15935643564356
"4008",400.7,23.7609325,-3.954,4.16116666666667
"4009",400.8,23.7872174,-4.03841176470588,4.16174789915966
"4010",400.9,23.7882411,-4.06782352941176,4.16006722689076
"4011",401,23.7534033,-3.95852525252524,4.16
"4012",401.1,23.7754213,-4.490138613861,4.16
"4013",401.2,23.7843079,-5.66982,4.16
"4014",401.3,23.7589641,-5.68454000000001,4.16
"4015",401.4,23.7759038,-5.56373684210526,4.16
"4016",401.5,23.7615329,-5.52587209302323,4.16
"4017",401.6,23.7773741666667,-5.44949000000001,4.16017
"4018",401.7,23.7725938636364,-5.27333333333333,4.16083333333333
"4019",401.8,23.7664064,-4.78134020618562,4.16
"4020",401.9,23.7393532,-4.56857425742575,4.16
"4021",402,23.73284,-4.56732323232323,4.16
"4022",402.1,23.7760714285714,-4.59012,4.16
"4023",402.2,23.7605,-4.59548648648652,4.16
"4024",402.3,23.7398912,-4.70398888888889,4.16007777777778
"4025",402.4,23.7551146534653,-4.77969696969698,4.16065656565657
"4026",402.5,23.7428775,-4.42684000000003,4.15882
"4027",402.6,23.7346284210526,-4.55529999999998,4.15854
"4028",402.7,23.7385231578947,-4.60999999999998,4.161
"4029",402.8,23.72049,-4.53197701149424,4.16095402298851
"4030",402.9,23.7283132,-4.58286,4.16
"4031",403,23.7085152,-4.64443,4.16
"4032",403.1,23.6922644,-4.7117,4.16
"4033",403.2,23.6861040594059,-4.82483333333333,4.16
"4034",403.3,23.7008322222222,-5.30879381443304,4.16
"4035",403.4,23.7283042574257,-5.10411999999998,4.16018
"4036",403.5,23.6836188888889,-5.1861881188119,4.16082178217822
"4037",403.6,23.6377396,-5.26011428571428,4.16032380952381
"4038",403.7,23.6294396,-5.31710204081633,4.16187755102041
"4039",403.8,23.6108381203008,-5.24217525773195,4.16085567010309
"4040",403.9,23.5909057894737,-5.27510999999999,4.16
"4041",404,23.6356177777778,-5.30082,4.16
"4042",404.1,23.6258412,-5.00653000000004,4.16
"4043",404.2,23.6514816,-4.58034951456311,4.16
"4044",404.3,23.5954163909774,-4.34585416666714,4.16
"4045",404.4,23.6053863157895,-3.41682000000013,4.16
"4046",404.5,23.6195372727273,-2.91373999999999,4.16
"4047",404.6,23.6145085148515,-2.88391999999998,4.16018
"4048",404.7,23.6093048,-2.9489417475728,4.161
"4049",404.8,23.5925092,-2.87990816326532,4.16084693877551
"4050",404.9,23.5879210891089,-2.84118018018018,4.16
"4051",405,23.5845544444444,-3.00293181818184,4.16
"4052",405.1,23.5914874257426,-3.1381782178217,4.16
"4053",405.2,23.6037377777778,-3.35133333333333,4.16
"4054",405.3,23.6204688,-3.18881632653059,4.16015306122449
"4055",405.4,23.5899024,-3.34615999999998,4.161
"4056",405.5,23.5984581818182,-3.54993939393939,4.16082828282828
"4057",405.6,23.6146096969697,-3.54712871287128,4.16017821782178
"4058",405.7,23.6787296969697,-3.56229166666667,4.16071666666667
"4059",405.8,23.6595223,-3.45812500000004,4.15905
"4060",405.9,23.7037543,-3.38883000000008,4.16083
"4061",406,23.6849433082707,-2.57551515151515,4.16
"4062",406.1,23.7135072180451,-2.60011881188128,4.16
"4063",406.2,23.7387103030303,-2.33140594059406,4.16
"4064",406.3,23.7148600990099,-2.38015999999998,4.16
"4065",406.4,23.6723332,-2.44432323232323,4.15967676767677
"4066",406.5,23.6927131578947,-2.43206,4.15851
"4067",406.6,23.7022394736842,-2.37310101010101,4.161
"4068",406.7,23.67551,-2.42150000000001,4.161
"4069",406.8,23.6625697029703,-2.41500000000005,4.16082
"4070",406.9,23.6271484848485,-2.26116831683173,4.16
"4071",407,23.6025615,-2.42431313131309,4.16
"4072",407.1,23.5764255445545,-3.92975999999996,4.16
"4073",407.2,23.5954668,-4.08152,4.16018
"4074",407.3,23.5872032673267,-4.07358823529414,4.16082352941176
"4075",407.4,23.57987,-3.96955999999999,4.16
"4076",407.5,23.5669264,-3.92906060606065,4.16016161616162
"4077",407.6,23.6034908,-4.04174257425744,4.16083168316832
"4078",407.7,23.6012309090909,-3.82888073394495,4.16
"4079",407.8,23.5780718181818,-3.8431,4.16
"4080",407.9,23.5686348484848,-3.90824242424243,4.16
"4081",408,23.5524228,-3.67844859813081,4.16
"4082",408.1,23.5621406,-3.59076923076915,4.16
"4083",408.2,23.5406344360902,-3.82513333333332,4.16
"4084",408.3,23.571822406015,-3.73648484848484,4.16
"4085",408.4,23.5722145454545,-3.79350000000003,4.16
"4086",408.5,23.5691992079208,-3.70666000000002,4.16018
"4087",408.6,23.576469,-3.76160396039606,4.161
"4088",408.7,23.5608142,-3.66676767676768,4.161
"4089",408.8,23.55484,-3.57952631578947,4.16084210526316
"4090",408.9,23.5668690909091,-3.61934482758625,4.16
"4091",409,23.5777413861386,-3.75256999999999,4.16
"4092",409.1,23.5781212121212,-3.36523148148148,4.16
"4093",409.2,23.5739421782178,-3.41881318681319,4.16
"4094",409.3,23.5979296,-3.40450485436894,4.16
"4095",409.4,23.578695037594,-3.37345454545456,4.16030303030303
"4096",409.5,23.5791536842105,-3.29119191919192,4.16183838383838
"4097",409.6,23.5902212121212,-3.32855555555555,4.161
"4098",409.7,23.5812766,-3.53852941176472,4.16082352941176
"4099",409.8,23.6040032323232,-3.56396000000004,4.16
"4100",409.9,23.6102263157895,-3.48000000000002,4.16016326530612
"4101",410,23.6011285714286,-3.51241176470582,4.16082352941176
"4102",410.1,23.5888721212121,-3.28052,4.16
"4103",410.2,23.6010526732673,-3.26636363636362,4.16016161616162
"4104",410.3,23.5686594,-3.21516666666666,4.16066666666667
"4105",410.4,23.5926990977444,-3.23221212121214,4.159
"4106",410.5,23.5809998496241,-3.08586868686871,4.15916161616162
"4107",410.6,23.5793341414141,-3.16763636363636,4.16017171717172
"4108",410.7,23.5842592079208,-3.20265346534656,4.161
"4109",410.8,23.5842397979798,-3.3025922330097,4.16083495145631
"4110",410.9,23.5664205940594,-3.51957142857143,4.16014285714286
"4111",411,23.5595152,-3.54155999999998,4.161
"4112",411.1,23.5644157,-3.46098989898987,4.16083838383838
"4113",411.2,23.5533224,-3.51042574257426,4.16
"4114",411.3,23.577798989899,-3.48209803921567,4.16062745098039
"4115",411.4,23.6064227722772,-3.51585714285713,4.16328571428571
"4116",411.5,23.5814037373737,-3.42832673267327,4.15915841584158
"4117",411.6,23.5748832835821,-3.43857575757576,4.16030303030303
"4118",411.7,23.560263880597,-3.4041287128713,4.16184158415841
"4119",411.8,23.5482701,-3.43264356435644,4.16085148514851
"4120",411.9,23.5530638,-3.384,4.16014285714286
"4121",412,23.5520791919192,-3.59484848484872,4.161
"4122",412.1,23.5564837313433,-4.71040594059402,4.161
"4123",412.2,23.5629389552239,-5.56171999999998,4.16068
"4124",412.3,23.5283712,-5.41014851485153,4.159
"4125",412.4,23.5404864356436,-5.33174999999999,4.15945
"4126",412.5,23.5347817171717,-5.47122448979596,4.16169387755102
"4127",412.6,23.551970990099,-5.56588118811881,4.16016831683168
"4128",412.7,23.5631445,-5.5909696969697,4.16083838383838
"4129",412.8,23.5476054,-5.59502857142857,4.1601619047619
"4130",412.9,23.5455309,-5.58142857142857,4.161
"4131",413,23.5487078,-5.51783505154639,4.161
"4132",413.1,23.5263986,-5.52598198198198,4.161
"4133",413.2,23.5107438383839,-5.64806666666669,4.161
"4134",413.3,23.5478010526316,-5.70994117647064,4.16052941176471
"4135",413.4,23.5335228571429,-5.57341414141413,4.158
"4136",413.5,23.5737304,-5.49258035714285,4.15840178571429
"4137",413.6,23.5450082,-5.46406896551724,4.161
"4138",413.7,23.534957979798,-5.46888,4.161
"4139",413.8,23.5417771641791,-5.46403960396044,4.161
"4140",413.9,23.5112249253731,-5.37163636363635,4.161
"4141",414,23.519835,-5.42747474747472,4.161
"4142",414.1,23.5086264356436,-5.3359801980198,4.161
"4143",414.2,23.5262905050505,-5.42072000000001,4.16084
"4144",414.3,23.513612238806,-5.47861616161616,4.16016161616162
"4145",414.4,23.5269853731343,-5.48615841584158,4.16083168316832
"4146",414.5,23.5485954,-5.46343999999998,4.16016
"4147",414.6,23.5187154,-5.35048000000003,4.161
"4148",414.7,23.4900268,-5.04499999999978,4.161
"4149",414.8,23.487949,-3.87603999999999,4.161
"4150",414.9,23.4887032,-3.91844000000001,4.161
"4151",415,23.490397,-3.9859743589744,4.161
"4152",415.1,23.5647502,-4.22956410256402,4.161
"4153",415.2,23.5569128,-4.18384848484851,4.16126262626263
"4154",415.3,23.5208156,-4.24136363636366,4.16271717171717
"4155",415.4,23.5743838,-4.20910891089108,4.161
"4156",415.5,23.5609131578947,-4.25415999999996,4.16086
"4157",415.6,23.54965,-4.06624242424243,4.16014141414141
"4158",415.7,23.5372576,-4.26556435643564,4.161
"4159",415.8,23.5540756,-4.26465346534661,4.161
"4160",415.9,23.5483586,-4.17047474747468,4.161
"4161",416,23.5681684210526,-4.41418811881187,4.161
"4162",416.1,23.5469428571429,-4.34266666666667,4.161
"4163",416.2,23.544946,-4.3179595959596,4.161
"4164",416.3,23.5392747524753,-4.31620000000003,4.16085
"4165",416.4,23.5337814,-4.20602678571426,4.16013392857143
"4166",416.5,23.5290354,-4.43589772727268,4.16106818181818
"4167",416.6,23.5351702,-4.35064705882353,4.16270588235294
"4168",416.7,23.511708,-4.34590909090905,4.161
"4169",416.8,23.5234254,-4.23850495049496,4.161
"4170",416.9,23.4937776,-4.38160194174759,4.161
"4171",417,23.5239828,-4.29125000000007,4.161
"4172",417.1,23.5143174,-4.45374999999999,4.161
"4173",417.2,23.492255,-4.73252040816324,4.16086734693878
"4174",417.3,23.476505,-4.64335643564358,4.16
"4175",417.4,23.4221415,-4.53858000000001,4.15986
"4176",417.5,23.4265785,-4.59625423728812,4.1591186440678
"4177",417.6,23.404952,-4.41235593220343,4.15996610169491
"4178",417.7,23.4206742857143,-4.4209494949495,4.161
"4179",417.8,23.3981028571429,-4.43908823529413,4.161
"4180",417.9,23.3980975,-4.36141747572817,4.161
"4181",418,23.3986216831683,-4.29269565217387,4.161
"4182",418.1,23.3848832,-4.19965217391304,4.161
"4183",418.2,23.4003521052632,-4.16782178217819,4.161
"4184",418.3,23.37951,-4.08082568807336,4.1608623853211
"4185",418.4,23.3943766666667,-4.27380434782609,4.16013043478261
"4186",418.5,23.397137,-4.24936363636362,4.16185858585859
"4187",418.6,23.402929,-4.10966666666667,4.161
"4188",418.7,23.4111465,-4.10291919191924,4.161
"4189",418.8,23.4057332673267,-4.28933333333334,4.161
"4190",418.9,23.367195959596,-4.17584848484849,4.161
"4191",419,23.3948044554456,-4.08517543859644,4.161
"4192",419.1,23.4161447474747,-3.87593023255813,4.161
"4193",419.2,23.387038,-3.80645454545457,4.161
"4194",419.3,23.4368065,-3.86872277227723,4.161
"4195",419.4,23.4483556818182,-3.75260396039607,4.16084158415841
"4196",419.5,23.4793935606061,-3.88050000000001,4.160125
"4197",419.6,23.4442733333333,-3.89716666666667,4.16095833333333
"4198",419.7,23.4650392,-3.9207227722772,4.161
"4199",419.8,23.4878116,-3.85891836734689,4.161
"4200",419.9,23.4792163157895,-4.13968999999999,4.161
"4201",420,23.4740057894737,-4.25729126213592,4.161
"4202",420.1,23.4772063636364,-4.20942857142858,4.16114285714286
"4203",420.2,23.460470990099,-4.32205217391306,4.16172173913043
"4204",420.3,23.471389,-4.40843023255815,4.16001162790698
"4205",420.4,23.4615785,-4.35005102040817,4.16084693877551
"4206",420.5,23.4611393069307,-4.2872427184466,4.16016504854369
"4207",420.6,23.455244949495,-4.11969072164944,4.161
"4208",420.7,23.441896,-3.36512,4.161
"4209",420.8,23.4754335,-3.38843859649123,4.161
"4210",420.9,23.4311395,-3.35344827586206,4.161
"4211",421,23.453694,-3.41980392156862,4.161
"4212",421.1,23.4315586363636,-3.41435051546392,4.16056701030928
"4213",421.2,23.4508162121212,-3.42531,4.15834
"4214",421.3,23.4638909090909,-3.30248,4.16
"4215",421.4,23.421408,-3.35027722772277,4.16016831683168
"4216",421.5,23.4510044,-3.39109803921566,4.161
"4217",421.6,23.4340567669173,-3.33985714285716,4.161
"4218",421.7,23.3919740601504,-3.49784955752211,4.161
"4219",421.8,23.3839872727273,-3.40746511627906,4.161
"4220",421.9,23.4139942574257,-3.42097000000001,4.161
"4221",422,23.3934615,-3.06585436893199,4.161
"4222",422.1,23.4050393984962,-1.93985714285714,4.161
"4223",422.2,23.3937687218045,-1.93757142857141,4.16083673469388
"4224",422.3,23.3969184848485,-1.81750495049508,4.15982178217822
"4225",422.4,23.3928731683168,-1.74254999999999,4.15934
"4226",422.5,23.4259354545455,-1.86943396226415,4.161
"4227",422.6,23.4309516,-2.23130526315737,4.161
"4228",422.7,23.3860284158416,-3.74056,4.161
"4229",422.8,23.3910821212121,-3.76183999999998,4.161
"4230",422.9,23.3981024752475,-3.82316000000002,4.161
"4231",423,23.3916348484849,-3.90735294117644,4.161
"4232",423.1,23.4231932,-3.82814285714288,4.161
"4233",423.2,23.4190648,-4.0671391304348,4.16086086956522
"4234",423.3,23.4055,-4.16671764705883,4.16001176470588
"4235",423.4,23.4085,-4.13265656565656,4.161
"4236",423.5,23.3952490909091,-4.05420183486239,4.161
"4237",423.6,23.4097718811881,-3.92799999999998,4.161
"4238",423.7,23.389536969697,-3.97479,4.161
"4239",423.8,23.3848933834586,-3.81907999999999,4.161
"4240",423.9,23.3887956390977,-3.94749999999999,4.161
"4241",424,23.4170427272727,-4.06644554455446,4.161
"4242",424.1,23.407374950495,-4.02796000000002,4.16116
"4243",424.2,23.3923084,-3.95751999999999,4.16184
"4244",424.3,23.4029272,-3.81038383838402,4.16067676767677
"4245",424.4,23.4064587128713,-3.40535999999999,4.15934
"4246",424.5,23.3894996969697,-3.47156310679611,4.161
"4247",424.6,23.4049418811881,-3.37941237113403,4.161
"4248",424.7,23.3994209090909,-3.52682,4.161
"4249",424.8,23.4004356,-3.34651000000006,4.161
"4250",424.9,23.3813068,-2.65487128712872,4.16083168316832
"4251",425,23.3756865413534,-2.50002020202019,4.16032323232323
"4252",425.1,23.380039924812,-2.4410101010101,4.16165656565657
"4253",425.2,23.4024738383838,-2.37265346534664,4.16
"4254",425.3,23.4193707,-2.85067326732669,4.16033663366337
"4255",425.4,23.406686,-3.6528571428571,4.16183673469388
"4256",425.5,23.4059621052632,-3.43665346534653,4.161
"4257",425.6,23.3538568421053,-3.46214999999998,4.161
"4258",425.7,23.3052836,-3.70923232323232,4.161
"4259",425.8,23.3026265346535,-3.73390099009899,4.161
"4260",425.9,23.305054,-3.78150495049505,4.161
"4261",426,23.3392648120301,-3.70208,4.161
"4262",426.1,23.3284302255639,-3.73830909090904,4.16085454545455
"4263",426.2,23.3456454545455,-3.88443820224718,4.16013483146067
"4264",426.3,23.3401064,-3.88350495049504,4.16183168316832
"4265",426.4,23.3410926262626,-3.99489795918361,4.161
"4266",426.5,23.3376000990099,-3.7194455445545,4.161
"4267",426.6,23.3444628,-3.87353999999999,4.161
"4268",426.7,23.3422716,-4.04818181818181,4.161
"4269",426.8,23.32941,-4.21366336633668,4.161
"4270",426.9,23.3293601010101,-4.10152999999999,4.161
"4271",427,23.2986518811881,-4.18792,4.16083
"4272",427.1,23.3106157575758,-4.16032743362832,4.16045132743363
"4273",427.2,23.3167277443609,-4.11204545454543,4.16286363636364
"4274",427.3,23.3241262406015,-3.98688000000004,4.16032
"4275",427.4,23.3404582,-3.89231067961167,4.16184466019417
"4276",427.5,23.3478428,-4.0610312500002,4.161
"4277",427.6,23.3206413131313,-4.44274137931036,4.161
"4278",427.7,23.3028244776119,-3.69465060240979,4.161
"4279",427.8,23.3286826865672,-4.10594059405936,4.161
"4280",427.9,23.3198704,-4.22631313131313,4.161
"4281",428,23.3235103960396,-4.11134285714281,4.161
"4282",428.1,23.2928211111111,-3.94400000000004,4.161
"4283",428.2,23.2954432673267,-3.78158000000001,4.161
"4284",428.3,23.2828036,-3.85772340425523,4.16109574468085
"4285",428.4,23.2877352,-4.05423364485981,4.16185981308411
"4286",428.5,23.289074,-4.13607692307701,4.161
"4287",428.6,23.287368,-4.33248514851485,4.161
"4288",428.7,23.326746,-4.35988000000004,4.161
"4289",428.8,23.3574908080808,-4.53836000000001,4.161
"4290",428.9,23.3811334586466,-4.5120606060606,4.161
"4291",429,23.3663890977444,-4.50353,4.16083
"4292",429.1,23.3677581,-4.49265346534654,4.16033663366337
"4293",429.2,23.3898819,-4.3832525252525,4.16183838383838
"4294",429.3,23.4037754545455,-4.31633333333332,4.161
"4295",429.4,23.3747843283582,-4.49049999999999,4.161
"4296",429.5,23.3545305970149,-4.64785000000008,4.161
"4297",429.6,23.371343,-4.84884426229505,4.161
"4298",429.7,23.3971906930693,-5.06113934426229,4.161
"4299",429.8,23.3812090909091,-4.45774257425744,4.161
"4300",429.9,23.3340264925373,-4.07616161616162,4.161
"4301",430,23.3241235074627,-4.08440594059406,4.16116831683168
"4302",430.1,23.3368304,-4.08292000000008,4.16184
"4303",430.2,23.3287491,-3.86826315789472,4.161
"4304",430.3,23.344945,-3.78293617021265,4.161
"4305",430.4,23.3379141,-4.01232258064516,4.161
"4306",430.5,23.3216035,-4.07821212121222,4.161
"4307",430.6,23.3405172,-4.28873333333337,4.161
"4308",430.7,23.3420606930693,-4.19151578947371,4.161
"4309",430.8,23.3498292,-4.36785858585846,4.16116161616161
"4310",430.9,23.3653852,-4.74313999999996,4.162
"4311",431,23.3126664,-5.04284158415843,4.162
"4312",431.1,23.3078648484849,-4.6582786885247,4.16186885245902
"4313",431.2,23.2566451515151,-4.32877049180319,4.16104918032787
"4314",431.3,23.2733784,-4.15945544554456,4.16183168316832
"4315",431.4,23.2619254,-4.16144444444447,4.161
"4316",431.5,23.2670596,-4.28703225806445,4.161
"4317",431.6,23.2638831578947,-4.13232692307692,4.161
"4318",431.7,23.272567368421,-4.13869148936166,4.161
"4319",431.8,23.2510078,-3.97465346534654,4.161
"4320",431.9,23.2480037623762,-3.86831999999998,4.16116
"4321",432,23.2396416,-3.80792000000002,4.16184
"4322",432.1,23.2281861,-3.95610891089101,4.16131683168317
"4323",432.2,23.2065669,-4.13912121212121,4.16284848484849
"4324",432.3,23.226184,-4.07032673267352,4.16184158415842
"4325",432.4,23.236501,-3.57099999999996,4.161
"4326",432.5,23.2583234,-4.05983673469401,4.161
"4327",432.6,23.2322359,-4.33204310344827,4.161
"4328",432.7,23.2730651,-4.40304761904746,4.161
"4329",432.8,23.2245648120301,-3.90327619047623,4.161
"4330",432.9,23.2271813533835,-3.454,4.161
"4331",433,23.237823,-3.46943999999995,4.16116
"4332",433.1,23.338927,-3.19551485148512,4.16184158415842
"4333",433.2,23.3581137,-3.28779999999999,4.161
"4334",433.3,23.3700351879699,-3.42029807692309,4.161
"4335",433.4,23.3444186466165,-3.34733684210528,4.161
"4336",433.5,23.3801008080808,-3.34827999999994,4.161
"4337",433.6,23.4036487128713,-2.95340000000013,4.161
"4338",433.7,23.4118627,-2.48601010100994,4.161
"4339",433.8,23.4133382706767,-1.88471999999998,4.161
"4340",433.9,23.3912104511278,-2.25473999999991,4.16117
"4341",434,23.3703121212121,-3.25213000000001,4.16183
"4342",434.1,23.3794665346535,-3.6303333333333,4.161
"4343",434.2,23.3645733333333,-3.9110099009901,4.16114851485148
"4344",434.3,23.3445674,-3.92500000000003,4.16185714285714
"4345",434.4,23.3927848514851,-3.87730303030303,4.161
"4346",434.5,23.3951762626263,-3.91799,4.161
"4347",434.6,23.4014035294118,-3.93779000000001,4.161
"4348",434.7,23.3693612121212,-3.81922857142857,4.161
"4349",434.8,23.3856966,-3.65341509433964,4.16088679245283
"4350",434.9,23.374505,-3.35293258426969,4.16
"4351",435,23.3799209022556,-3.19460396039606,4.16
"4352",435.1,23.3751615037594,-2.73290099009923,4.16
"4353",435.2,23.335526969697,-2.34603030303021,4.16030303030303
"4354",435.3,23.315432,-3.03935643564342,4.16184158415842
"4355",435.4,23.289061,-3.40393939393936,4.161
"4356",435.5,23.3363091729323,-3.67026086956525,4.161
"4357",435.6,23.3302490225564,-3.79689130434783,4.161
"4358",435.7,23.3262654545455,-3.97113114754104,4.161
"4359",435.8,23.3252472277228,-3.86810526315786,4.161
"4360",435.9,23.3081188,-4.12112121212121,4.161
"4361",436,23.2887868,-4.10356,4.161
"4362",436.1,23.2957751485148,-4.14175999999991,4.161
"4363",436.2,23.3025854,-4.39435643564358,4.161
"4364",436.3,23.2898996039604,-4.42760000000004,4.161
"4365",436.4,23.3092951515151,-4.22915000000001,4.161
"4366",436.5,23.288176,-4.17672566371691,4.161
"4367",436.6,23.3240756,-4.38322727272727,4.161
"4368",436.7,23.3137941666667,-4.31823076923074,4.161
"4369",436.8,23.3378775,-4.11111711711712,4.161
"4370",436.9,23.3253003030303,-4.08228828828828,4.161
"4371",437,23.3113002,-4.127625,4.161875
"4372",437.1,23.3088254,-4.47380808080811,4.161
"4373",437.2,23.2985808270677,-4.43333333333333,4.161
"4374",437.3,23.2916409774436,-4.60785714285716,4.161
"4375",437.4,23.3251981818182,-4.54325999999999,4.161
"4376",437.5,23.3237036633663,-4.68224752475248,4.161
"4377",437.6,23.3346328,-4.69793069306917,4.161
"4378",437.7,23.364182,-5.0867352941176,4.161
"4379",437.8,23.3941375555556,-5.51042708333336,4.16113541666667
"4380",437.9,23.3440146464646,-5.21210000000009,4.162
"4381",438,23.3378711881188,-4.20241,4.16183
"4382",438.1,23.3379213131313,-4.054900990099,4.16116831683168
"4383",438.2,23.3223523762376,-4.26437254901961,4.162
"4384",438.3,23.349267,-4.30688659793813,4.16185567010309
"4385",438.4,23.3245949,-4.29925742574258,4.161
"4386",438.5,23.3203713861386,-4.16499999999999,4.161
"4387",438.6,23.3193948484848,-4.12135999999996,4.161
"4388",438.7,23.3386146,-4.20399009900988,4.161
"4389",438.8,23.3437561616162,-4.11124324324324,4.16086486486486
"4390",438.9,23.3291112781955,-4.16931818181821,4.16009090909091
"4391",439,23.3408406015038,-4.34839393939403,4.16183838383838
"4392",439.1,23.3378136363636,-4.71466666666666,4.16133333333333
"4393",439.2,23.3379198019802,-4.79655769230769,4.16271153846154
"4394",439.3,23.33544,-4.74835416666679,4.161
"4395",439.4,23.3040571428571,-4.41230000000002,4.161
"4396",439.5,23.3079894736842,-4.24865000000001,4.161
"4397",439.6,23.3030603030303,-4.27163265306123,4.161
"4398",439.7,23.2850594117647,-4.237,4.161
"4399",439.8,23.283921,-4.14306060606062,4.16115151515151
"4400",439.9,23.2764156,-4.05771428571428,4.16157142857143
"4401",440,23.2790896039604,-4.01175280898875,4.15908988764045
"4402",440.1,23.2548007070707,-3.96854545454545,4.161
"4403",440.2,23.2717104,-3.95815999999996,4.161
"4404",440.3,23.2577754545454,-3.75928000000002,4.161
"4405",440.4,23.308731,-3.72239393939395,4.161
"4406",440.5,23.3030459,-3.81333333333333,4.161
"4407",440.6,23.30703,-3.74357142857145,4.161
"4408",440.7,23.3083457894737,-3.61763157894737,4.1608947368421
"4409",440.8,23.3072154545455,-3.65427184466018,4.16029126213592
"4410",440.9,23.3035789108911,-3.716875,4.16175
"4411",441,23.3034118181818,-3.57401010101011,4.16032323232323
"4412",441.1,23.3037657462687,-3.64679207920791,4.162
"4413",441.2,23.275743358209,-3.78668686868675,4.16183838383838
"4414",441.3,23.25769,-3.29448514851486,4.161
"4415",441.4,23.2584885,-3.17229292929291,4.161
"4416",441.5,23.3105885858586,-3.026,4.161
"4417",441.6,23.293477761194,-3.0718673469388,4.161
"4418",441.7,23.2732165671642,-2.94731683168317,4.161
"4419",441.8,23.27826,-2.85947999999999,4.16116
"4420",441.9,23.2785724752475,-2.85859595959594,4.16183838383838
"4421",442,23.2889623232323,-2.72762376237624,4.161
"4422",442.1,23.2813953465346,-2.83981818181788,4.16083838383838
"4423",442.2,23.3138698,-3.54902678571429,4.16015178571429
"4424",442.3,23.2976182,-3.62522222222223,4.161
"4425",442.4,23.3170705940594,-3.4903,4.161
"4426",442.5,23.3057766,-3.46780612244896,4.161
"4427",442.6,23.3104316,-3.46369999999998,4.161
"4428",442.7,23.2975236363636,-3.62423,4.161
"4429",442.8,23.3152205223881,-3.53463157894738,4.161
"4430",442.9,23.2988548507463,-3.3952413793104,4.161
"4431",443,23.2895459,-3.10136000000004,4.161
"4432",443.1,23.3062408,-3.30539999999996,4.161
"4433",443.2,23.32085,-3.37633962264148,4.161
"4434",443.3,23.3108574626866,-3.22072549019609,4.161
"4435",443.4,23.3168947761194,-3.10319780219784,4.161
"4436",443.5,23.315318,-2.94133333333333,4.161
"4437",443.6,23.2990145544554,-2.94204999999989,4.161
"4438",443.7,23.3032695,-3.43642857142859,4.16115306122449
"4439",443.8,23.31052,-3.27467326732672,4.162
"4440",443.9,23.2949415,-3.48878787878785,4.16216161616162
"4441",444,23.3197445,-3.35175247524751,4.16283168316832
"4442",444.1,23.3262951,-3.82187999999982,4.16184
"4443",444.2,23.3263906,-4.26182352941173,4.161
"4444",444.3,23.3237217,-4.07167010309275,4.161
"4445",444.4,23.3368946464646,-4.09653000000001,4.161
"4446",444.5,23.3087359701493,-3.94456435643564,4.161
"4447",444.6,23.3242658208955,-3.93460000000008,4.161
"4448",444.7,23.3231386,-3.72007079646019,4.161
"4449",444.8,23.3250246,-3.77181443298968,4.16096907216495
"4450",444.9,23.3150782828283,-3.8645842696629,4.16
"4451",445,23.333526119403,-3.94654545454546,4.16
"4452",445.1,23.2999067164179,-4.05507692307693,4.16007692307692
"4453",445.2,23.29868,-4.17919266055051,4.161
"4454",445.3,23.304094,-4.40776923076923,4.161
"4455",445.4,23.309886,-4.42242148760331,4.161
"4456",445.5,23.3253337593985,-4.45630578512397,4.161
"4457",445.6,23.351852556391,-4.251594059406,4.161
"4458",445.7,23.3167460606061,-4.25797368421042,4.161
"4459",445.8,23.3036612871287,-5.26305747126432,4.161
"4460",445.9,23.337514,-5.46057142857144,4.161
"4461",446,23.336198,-5.55231999999997,4.16084
"4462",446.1,23.3374074257426,-5.36081188118818,4.16015841584158
"4463",446.2,23.3291239393939,-5.07462376237638,4.161
"4464",446.3,23.3053715841584,-4.1688000000001,4.161
"4465",446.4,23.2882001,-3.98128571428572,4.161
"4466",446.5,23.3616147,-4.0035544554455,4.161
"4467",446.6,23.3637602,-3.80959405940593,4.161
"4468",446.7,23.32921,-3.92021212121214,4.16114141414141
"4469",446.8,23.3196836842105,-4.02984158415843,4.16185148514851
