"","time_point","temperature","load","voltage"
"1",0,22.7745274,2.998,4.1662
"2",0.1,22.7764068,2.85142,4.16618
"3",0.2,22.7919430827068,2.92260869565217,4.166
"4",0.3,22.7932513533835,2.79177777777778,4.166
"5",0.4,22.7730122222222,2.95166666666667,4.166
"6",0.5,22.7971842,3.07111724137931,4.166
"7",0.6,22.7703354,3.1105652173913,4.16552173913044
"8",0.7,22.7659958646617,3.0588,4.1632
"9",0.8,22.8052890977444,3.0092,4.166
"10",0.9,22.8212017171717,3.00502222222222,4.166
"11",1,22.7884894059406,3.08044444444444,4.166
"12",1.1,22.7619275,2.93121739130435,4.16647826086957
"13",1.2,22.7815536567164,2.85566666666667,4.168
"14",1.3,22.7889193283582,2.86133333333333,4.166
"15",1.4,22.775845959596,2.82377777777778,4.166
"16",1.5,22.7934347524752,2.96491111111111,4.166
"17",1.6,22.8103651515152,3.02763461538462,4.16678846153846
"18",1.7,22.797333960396,2.96651785714286,4.16476785714286
"19",1.8,22.8063645,2.9235652173913,4.166
"20",1.9,22.7989539,3.02583673469388,4.166
"21",2,22.8050652,3.02041818181818,4.16592727272727
"22",2.1,22.7837003030303,2.815,4.16592452830189
"23",2.2,22.7743553465347,2.83076859504132,4.16203305785124
"24",2.3,22.7954568686869,2.95,4.16666666666667
"25",2.4,22.8001722556391,3.02991304347826,4.166
"26",2.5,22.806285037594,1.2256,4.166
"27",2.6,22.8039458,0.323844444444448,4.16648888888889
"28",2.7,22.7950036,2.81533333333333,4.16437777777778
"29",2.8,22.7755942424242,2.8436,4.166
"30",2.9,22.799647238806,3.06939130434783,4.166
"31",3,22.7862218656716,3.02144444444444,4.166
"32",3.1,22.7832548,2.84102173913043,4.16576086956522
"33",3.2,22.7850403960396,2.8208,4.16647272727273
"34",3.3,22.7890962626263,3.01612244897959,4.166
"35",3.4,22.7964551485149,2.70786956521739,4.166
"36",3.5,22.7908396,0.649456521739128,4.166
"37",3.6,22.7978461,0.00730434782608679,4.16717391304348
"38",3.7,22.8092704,-0.00739130434782652,4.16495652173913
"39",3.8,22.8023625,0.466586956521739,4.16645652173913
"40",3.9,22.8005894,1.13170212765957,4.166
"41",4,22.7968982828283,1.76239130434782,4.166
"42",4.1,22.8289391729323,1.15999999999999,4.16782608695652
"43",4.2,22.8223978195489,0.318634615384615,4.166
"44",4.3,22.8196972,0.339066666666666,4.166
"45",4.4,22.8156492,0.254194444444447,4.166
"46",4.5,22.8402623232323,0.0676086956521739,4.17034782608696
"47",4.6,22.8478707462687,-0.015,4.166
"48",4.7,22.8552289552239,0.112304347826085,4.16458695652174
"49",4.8,22.8534959405941,0.68271739130435,4.166
"50",4.9,22.8557125742574,1.51258181818182,4.166
"52",5.1,22.8389097014925,0.80486956521739,4.1674347826087
"53",5.2,22.8358798507463,0.283754385964913,4.166
"54",5.3,22.84184,0.333428571428573,4.166
"55",5.4,22.842339,0.358942307692307,4.166
"56",5.5,22.8659894,-0.343017857142858,4.166
"57",5.6,22.8274794,-0.147673469387755,4.167
"58",5.7,22.862498,-0.508391304347822,4.1665652173913
"59",5.8,22.8514171287129,-0.888434782608694,4.16539130434783
"60",5.9,22.8656473267327,-0.837769230769231,4.166
"61",6,22.86738,-1.25218367346939,4.16697959183674
"62",6.1,22.86157,-0.949499999999999,4.16762
"63",6.2,22.83314,-1.37849999999999,4.16716666666667
"64",6.3,22.83895,-2.26461538461538,4.166
"65",6.4,22.8210552631579,-1.75493103448276,4.166
"66",6.5,22.8124473,-0.3422,4.166
"67",6.6,22.8317537,-0.105812499999999,4.167
"68",6.7,22.8094312,-0.742375000000002,4.165875
"69",6.8,22.8175315151515,-0.86248148148148,4.16557407407407
"70",6.9,22.823683030303,-0.8553125,4.166
"71",7,22.8048392,-1.24918965517241,4.16706896551724
"72",7.1,22.8087364356436,-0.951895833333332,4.1675625
"73",7.2,22.7888806,-1.28731578947368,4.16698245614035
"74",7.3,22.7825262,-2.28906382978723,4.166
"75",7.4,22.8055,-2.19010638297872,4.166
"76",7.5,22.7879182,-2.03033898305085,4.166
"77",7.6,22.7911878,-1.95108333333333,4.16558333333333
"78",7.7,22.8111608,-1.846375,4.166375
"79",7.8,22.7868858,-2.13502083333334,4.166
"80",7.9,22.7965704,-2.44908510638298,4.166
"81",8,22.8245997744361,-2.29620833333333,4.166
"82",8.1,22.8040884962406,-3.13415789473683,4.16426315789474
"83",8.2,22.8219242,-3.3158085106383,4.166
"84",8.3,22.812971,-3.12205882352941,4.166
"85",8.4,22.8200218,-2.52652,4.166
"86",8.5,22.8032305263158,-2.17723404255318,4.166
"87",8.6,22.8167568421053,-1.85527659574468,4.16585106382979
"88",8.7,22.8377626,-1.87714285714286,4.16671428571429
"89",8.8,22.8363204950495,-2.30080434782609,4.166
"90",8.9,22.8079732,-2.4286170212766,4.166
"91",9,22.8267588721805,-2.21545652173913,4.16532608695652
"92",9.1,22.827202481203,-3.45647058823529,4.16552941176471
"93",9.2,22.8199936,-3.21276923076923,4.166
"94",9.3,22.8449643,-3.05219565217391,4.166
"95",9.4,22.8331748,-1.65895652173914,4.16669565217391
"96",9.5,22.8336208,-1.00413043478261,4.16752173913043
"97",9.6,22.8123841584158,-0.908304347826086,4.165
"98",9.7,22.8358876767677,-2.31404347826088,4.166
"99",9.8,22.8285172277228,-2.34530434782609,4.166
"100",9.9,22.828546,-1.94453731343284,4.166
"101",10,22.8028328,-2.36741379310345,4.16518965517241
"102",10.1,22.8251128,-2.21260869565217,4.16532608695652
"103",10.2,22.8282368421053,-2.05446153846154,4.166
"104",10.3,22.7570789473684,-2.3548,4.166
"105",10.4,22.7256191919192,-1.35776086956522,4.16632608695652
"106",10.5,22.692513,-1.0205652173913,4.16726086956522
"107",10.6,22.6895953,-0.922608695652173,4.165
"108",10.7,22.6863279699248,-2.40026086956523,4.166
"109",10.8,22.6902603007519,-2.33930909090909,4.166
"110",10.9,22.7161209090909,-1.90667391304348,4.16610869565217
"111",11,22.70655,-2.52432608695652,4.1645652173913
"112",11.1,22.7066721,-2.09632608695653,4.16545652173913
"113",11.2,22.7106722,-2.11934782608696,4.166
"114",11.3,22.7119108910891,-1.28726086956521,4.166
"115",11.4,22.6975337373737,-0.58225,4.1658125
"116",11.5,22.711414,-0.673565217391304,4.16734782608696
"117",11.6,22.6997543,-0.843500000000003,4.167
"118",11.7,22.70539,-1.5521527777778,4.166
"119",11.8,22.7051284,-2.45617391304348,4.166
"120",11.9,22.6976789473684,-2.35678260869565,4.16641304347826
"121",12,22.7313105263158,-2.45634782608696,4.16645652173913
"122",12.1,22.6979646,-2.60993749999999,4.1665625
"123",12.2,22.7222028,-3.61806521739129,4.166
"124",12.3,22.7597009,-1.18835087719298,4.166
"125",12.4,22.7889729323308,-0.571782608695652,4.16552173913044
"126",12.5,22.8260706766917,-0.67763829787234,4.16676595744681
"127",12.6,22.8033021212121,-0.807608695652178,4.1664347826087
"128",12.7,22.8137422772277,-2.21900000000002,4.166
"129",12.8,22.7943144,-2.43966037735849,4.166
"130",12.9,22.8154380451128,-2.46439130434782,4.16695652173913
"131",13,22.8250395488722,-2.454375,4.166703125
"132",13.1,22.8091812121212,-2.82497826086955,4.16623913043478
"133",13.2,22.786160990099,-3.8461914893617,4.166
"134",13.3,22.8019939393939,-3.31625,4.166
"135",13.4,22.8265044,-3.25471739130435,4.16397826086957
"136",13.5,22.8202321782178,-3.28168085106383,4.166
"137",13.6,22.8170657575758,-3.9272075471698,4.16530188679245
"138",13.7,22.8216884313726,-5.0886923076923,4.166
"139",13.8,22.797325959596,-4.85576595744681,4.166
"140",13.9,22.8059992,-4.55282608695652,4.16595652173913
"141",14,22.8107961,-4.4588085106383,4.16485106382979
"142",14.1,22.8210769172932,-4.228265625,4.165265625
"143",14.2,22.8446408270677,-6.02780882352942,4.166
"144",14.3,22.7913496969697,-5.97354347826087,4.166
"145",14.4,22.7901788,-4.70245652173913,4.166
"146",14.5,22.7625652,-3.27132608695652,4.16371739130435
"147",14.6,22.7686205263158,-0.870826086956571,4.16382608695652
"148",14.7,22.7668836842105,-5.373,4.166
"149",14.8,22.743588989899,-4.82901960784313,4.166
"150",14.9,22.7405276237624,-4.50153191489362,4.16578723404255
"151",15,22.7459108,-4.45657446808511,4.16544680851064
"152",15.1,22.7437312,-4.2454347826087,4.16513043478261
"153",15.2,22.7718300990099,-6.0669387755102,4.166
"154",15.3,22.7771109090909,-5.93338666666667,4.166
"155",15.4,22.7673792079208,-5.72429787234043,4.16689361702128
"156",15.5,22.7630396969697,-5.56064516129032,4.16877419354839
"157",15.6,22.7504832,-5.55934782608695,4.16817391304348
"158",15.7,22.7867224,-5.255,4.166
"159",15.8,22.773392631579,-9.29,4.166
"160",15.9,22.7747084210526,-8.65569565217391,4.166
"161",16,22.7874193939394,-8.30848936170212,4.16876595744681
"162",16.1,22.7545972,-8.203,4.166
"163",16.2,22.7499004,-7.89495833333333,4.166
"164",16.3,22.7317884962406,-8.74399999999989,4.166
"165",16.4,22.7527509022556,-12.2638367346939,4.166
"166",16.5,22.78564,-5.82746938775508,4.16789795918367
"167",16.6,22.8016751485148,-5.39787234042553,4.16610638297872
"168",16.7,22.7999112,-5.29875,4.1663125
"169",16.8,22.8101508270677,-9.13490566037739,4.166
"170",16.9,22.8014215037594,-8.6246170212766,4.166
"171",17,22.788024040404,-8.30299999999999,4.16873076923077
"172",17.1,22.7919204950495,-8.21691489361702,4.166
"173",17.2,22.7924693939394,-7.89951063829787,4.166
"174",17.3,22.8046705,-9.35378260869556,4.166
"175",17.4,22.7936073267327,-13.0953043478261,4.16534782608696
"176",17.5,22.8041436,-12.2964042553191,4.16540425531915
"177",17.6,22.8194573267327,-11.9078723404255,4.16665957446808
"178",17.7,22.8386757575758,-11.6974782608696,4.166
"179",17.8,22.8123958415842,-11.6506666666667,4.166
"180",17.9,22.8298003030303,-11.4443818181818,4.16661818181818
"181",18,22.8156085074627,-15.46248,4.16804
"182",18.1,22.8125711940299,-14.5523333333333,4.167
"183",18.2,22.8117532,-14.1547659574468,4.166
"184",18.3,22.8138272,-13.6985744680851,4.166
"185",18.4,22.8105531313131,-13.2223076923077,4.16530769230769
"186",18.5,22.825568358209,-12.2705471698113,4.1651320754717
"187",18.6,22.8251355223881,-11.8980434782609,4.16671739130435
"188",18.7,22.7974695,-11.9138695652174,4.166
"189",18.8,22.8034533663366,-11.603,4.166
"190",18.9,22.8003592929293,-11.7827272727273,4.16710909090909
"191",19,22.7663795049505,-15.0553846153846,4.167
"192",19.1,22.7659056,-14.4813913043478,4.167
"193",19.2,22.7548064,-14.1412363636364,4.166
"194",19.3,22.7560828,-13.7555217391304,4.166
"195",19.4,22.7589338383838,-13.5465192307692,4.16613461538462
"196",19.5,22.7342242574257,-13.2395744680851,4.166
"197",19.6,22.7430051515151,-17.7354680851064,4.16668085106383
"198",19.7,22.7802620149254,-18.8624893617021,4.166
"199",19.8,22.7677023134328,-18.2940740740741,4.166
"200",19.9,22.7464688,-17.874,4.166
"201",20,22.770208,-17.6850869565217,4.1644347826087
"202",20.1,22.7642408080808,-17.3445714285714,4.16642857142857
"203",20.2,22.7554969402985,-17.1887142857143,4.166
"204",20.3,22.7702357462687,-20.5559787234042,4.166
"205",20.4,22.7463695,-13.5456170212766,4.166
"206",20.5,22.7522365,-13.052,4.166
"207",20.6,22.7496311111111,-19.4793404255319,4.166
"208",20.7,22.7737819402985,-18.5811702127659,4.166
"209",20.8,22.7811476119403,-18.1255744680851,4.16640425531915
"210",20.9,22.7804244,-17.7205106382979,4.16444680851064
"211",21,22.7820255445545,-17.5066956521739,4.16634782608696
"212",21.1,22.781857,-17.2106956521739,4.166
"213",21.2,22.788091,-19.9136382978724,4.166
"214",21.3,22.772385,-20.1738260869565,4.16586956521739
"215",21.4,22.80905,-19.6052127659574,4.167
"216",21.5,22.8044305940594,-18.995847826087,4.16658695652174
"217",21.6,22.8207176,-18.8470212765957,4.166
"218",21.7,22.80187,-18.4703617021277,4.166
"219",21.8,22.8172118181818,-23.1383749999999,4.166
"220",21.9,22.8113617164179,-22.6367755102041,4.16681632653061
"221",22,22.8169960447761,-22.059,4.16604347826087
"222",22.1,22.7715525,-21.6839565217391,4.166
"223",22.2,22.7836855,-20.6856,4.166
"224",22.3,22.823181,-19.7730869565217,4.16539130434783
"225",22.4,22.7786014179104,-19.2035531914894,4.167
"226",22.5,22.8024297761194,-18.943,4.166
"227",22.6,22.823627,-18.6146808510638,4.166
"228",22.7,22.8082087128713,-20.5735208333334,4.166
"229",22.8,22.808458,-23.2058979591837,4.166
"230",22.9,22.8008388,-22.2825652173913,4.167
"231",23,22.7909776,-21.7923191489362,4.166
"232",23.1,22.7683288,-21.5408085106383,4.166
"233",23.2,22.7727596,-21.3660204081633,4.16869387755102
"234",23.3,22.7595568686869,-26.0658333333333,4.166
"235",23.4,22.77473,-24.9190638297872,4.16551063829787
"236",23.5,22.7359876767677,-24.3830425531915,4.166
"237",23.6,22.7537120895522,-23.7261836734694,4.16669387755102
"238",23.7,22.7459135820896,-26.521695652174,4.166
"239",23.8,22.7516010891089,-27.3357446808511,4.16893617021277
"240",23.9,22.7464212,-26.7533571428571,4.166
"241",24,22.7415506060606,-22.848,4.166
"242",24.1,22.7442612686567,-21.3322391304348,4.16645652173913
"243",24.2,22.731686641791,-22.7091276595745,4.16740425531915
"244",24.3,22.7223864646465,-25.4290869565217,4.1655652173913
"245",24.4,22.7246168,-24.64225,4.166
"246",24.5,22.7174658,-24.07124,4.166
"247",24.6,22.7334309022556,-23.662,4.16627083333333
"248",24.7,22.7264459398496,-27.7602452830189,4.166
"249",24.8,22.7350295,-26.9849787234043,4.16729787234043
"250",24.9,22.7513036633663,-26.260375,4.166
"251",25,22.7610126,-25.915375,4.166
"252",25.1,22.785946,-30.7911176470588,4.16505882352941
"253",25.2,22.7833233663366,-29.7435,4.168
"254",25.3,22.784989,-29.1428510638297,4.166
"255",25.4,22.7862296039604,-29.6462127659574,4.166
"256",25.5,22.7987504,-28.7808723404255,4.166
"257",25.6,22.7828732,-28.958170212766,4.16902127659574
"258",25.7,22.815776,-32.2958888888889,4.16544444444444
"259",25.8,22.8026806015038,-29.9882181818182,4.166
"260",25.9,22.7956956390977,-26.1012765957447,4.166
"261",26,22.789891,-29.7993829787235,4.166
"262",26.1,22.8051625,-30.22896,4.16656
"263",26.2,22.7802515,-29.5249285714286,4.168
"264",26.3,22.7696374242424,-29.6024255319148,4.166
"265",26.4,22.7999859090909,-29.4647346938776,4.166
"266",26.5,22.7880855,-28.7001276595745,4.166
"267",26.6,22.7767158415842,-29.236914893617,4.16948936170213
"268",26.7,22.7930244,-31.9084347826087,4.16510869565217
"269",26.8,22.8277338,-31.0510188679245,4.166
"270",26.9,22.8131773267327,-32.6715869565217,4.166
"271",27,22.7722913131313,-32.8903829787234,4.166
"272",27.1,22.7640026,-32.2736170212766,4.16485106382979
"273",27.2,22.772643,-33.2628085106383,4.16702127659575
"274",27.3,22.780541,-33.44884375,4.166
"275",27.4,22.7926718,-32.8577323943662,4.166
"276",27.5,22.7855177443609,-32.9547777777778,4.166
"277",27.6,22.7754801503759,-32.1688775510204,4.16720408163265
"278",27.7,22.7709504,-34.9142553191491,4.16491489361702
"279",27.8,22.76878,-35.3041489361703,4.166
"280",27.9,22.7531494,-31.6716808510638,4.166
"281",28,22.7737686466165,-33.4548510638298,4.166
"282",28.1,22.7807460902256,-32.3187894736842,4.16521052631579
"283",28.2,22.7635678787879,-32.5138125,4.16645833333333
"284",28.3,22.7731479,-33.527085106383,4.166
"285",28.4,22.7656536,-32.8978936170213,4.166
"286",28.5,22.8003536842105,-32.6676382978723,4.16714893617021
"287",28.6,22.7715491729323,-31.9795,4.1655
"288",28.7,22.7690852525253,-35.4830545454546,4.165
"289",28.8,22.75128,-35.0931276595745,4.166
"290",28.9,22.7517273,-36.2309090909092,4.166
"291",29,22.7593773,-36.5129166666666,4.166
"292",29.1,22.7836291089109,-36.3515106382979,4.16555319148936
"293",29.2,22.8045236363636,-38.1203191489362,4.165
"294",29.3,22.8021489215686,-37.9513,4.166
"295",29.4,22.8071078787879,-37.9435,4.166
"296",29.5,22.806879,-38.456375,4.166
"297",29.6,22.7778978,-38.7678723404255,4.16634042553192
"298",29.7,22.7869542857143,-39.2413928571429,4.16782142857143
"299",29.8,22.8105257142857,-39.3122340425532,4.166
"300",29.9,22.820966969697,-36.0529787234042,4.166
"301",30,22.8114679,-36.4645744680851,4.166
"302",30.1,22.8038917,-36.5482765957447,4.1653829787234
"303",30.2,22.8383594736842,-37.9861914893617,4.165
"304",30.3,22.8217805263158,-38.3787234042553,4.166
"305",30.4,22.7958662626263,-37.7307678571429,4.166
"306",30.5,22.794838019802,-38.3066226415094,4.166
"307",30.6,22.8035785,-39.3451489361702,4.16693617021277
"308",30.7,22.8266897,-39.8814255319149,4.166
"309",30.8,22.8173257425743,-39.8092553191489,4.166
"310",30.9,22.8076351515152,-40.3840212765957,4.166
"311",31,22.8058062376238,-40.9862777777778,4.16761111111111
"312",31.1,22.7716766666667,-41.7203090909091,4.16716363636364
"313",31.2,22.7357336,-40.6924042553191,4.16670212765957
"314",31.3,22.7204002,-41.5522127659574,4.166
"315",31.4,22.6956310526316,-43.5271458333334,4.166
"316",31.5,22.6890746616541,-44.8498235294118,4.16541176470588
"317",31.6,22.6862727272727,-46.0906382978723,4.16785106382979
"318",31.7,22.7049334,-44.4913829787234,4.16644680851064
"319",31.8,22.6995684,-39.8865744680851,4.166
"320",31.9,22.7051321052632,-40.3717872340426,4.166
"321",32,22.6767336090226,-41.1450196078432,4.16713725490196
"322",32.1,22.6695746464646,-42.2719361702128,4.16991489361702
"323",32.2,22.6586684158416,-40.2799148936169,4.166
"324",32.3,22.6750048484848,-42.1650476190476,4.166
"325",32.4,22.656991641791,-44.3844042553191,4.16595744680851
"326",32.5,22.6478871641791,-45.3556551724138,4.16772413793103
"327",32.6,22.657836,-46.3558723404256,4.16882978723404
"328",32.7,22.6530988118812,-46.764294117647,4.16603921568627
"329",32.8,22.6569764646465,-48.7209411764706,4.166
"330",32.9,22.6156206930693,-48.8720714285714,4.16692857142857
"331",33,22.6071609,-49.7373191489362,4.164
"332",33.1,22.6250473,-49.8974339622642,4.166
"333",33.2,22.6572610891089,-50.247914893617,4.16608510638298
"334",33.3,22.6990627272727,-51.6413939393939,4.166
"335",33.4,22.7188131683168,-54.7624042553192,4.1653829787234
"336",33.5,22.72731,-54.645085106383,4.16602127659574
"337",33.6,22.7242597761194,-58.6697659574469,4.166
"338",33.7,22.7116851492537,-49.457,4.166
"339",33.8,22.7022334,-48.7197021276596,4.166
"340",33.9,22.7292109,-49.0782765957447,4.16623404255319
"341",34,22.7203765656566,-49.7915319148936,4.16476595744681
"342",34.1,22.7051313432836,-50.0164285714286,4.16642857142857
"343",34.2,22.7237731343284,-50.2364255319149,4.166
"344",34.3,22.7184204,-53.432,4.166
"345",34.4,22.690250990099,-54.7295957446809,4.1673829787234
"346",34.5,22.714904949495,-54.6105961538462,4.16563461538462
"347",34.6,22.6892756,-55.4732352941176,4.16529411764706
"348",34.7,22.7110062376238,-56.3292765957447,4.166
"349",34.8,22.7097646,-56.4107659574468,4.166
"350",34.9,22.7218131,-57.6751568627451,4.16690196078431
"351",35,22.727265050505,-59.0904666666667,4.166
"352",35.1,22.7679312,-59.7571063829787,4.166
"353",35.2,22.7367568,-60.1879361702128,4.166
"354",35.3,22.7107383458647,-61.7725084745762,4.166
"355",35.4,22.7194676691729,-62.7681428571429,4.166
"356",35.5,22.7112111111111,-63.9258723404256,4.16565957446809
"357",35.6,22.7402778217822,-58.3155744680847,4.166
"358",35.7,22.7181071717172,-56.3858510638298,4.166
"359",35.8,22.6879691044776,-56.5565769230769,4.166
"360",35.9,22.7027079104478,-57.9318510638298,4.167
"361",36,22.6954148,-59.1195306122449,4.166
"362",36.1,22.6822816,-59.9221063829787,4.166
"363",36.2,22.6995506060606,-60.5251063829786,4.166
"364",36.3,22.7243935074627,-62.0643829787234,4.166
"365",36.4,22.7096547014925,-63.2879787234042,4.16459574468085
"366",36.5,22.708352,-63.9162765957447,4.166
"367",36.6,22.6992175247525,-62.8262641509433,4.166
"368",36.7,22.7171916,-63.9624680851064,4.166
"369",36.8,22.6944128,-64.9695098039215,4.16501960784314
"370",36.9,22.71196,-65.5114255319149,4.16678723404255
"371",37,22.6761948,-66.6857872340426,4.16408510638298
"372",37.1,22.700260990099,-67.5481929824562,4.166
"373",37.2,22.6878688,-69.2025833333334,4.166
"374",37.3,22.689149,-70.238,4.166
"375",37.4,22.7211065656566,-70.0964545454545,4.166
"376",37.5,22.7308046268657,-70.4252127659574,4.16587234042553
"377",37.6,22.7507374626866,-62.0450833333333,4.166
"378",37.7,22.7283208,-63.343,4.166
"379",37.8,22.7440155445545,-64.501914893617,4.16589361702128
"380",37.9,22.7335219191919,-65.3215106382979,4.16776595744681
"381",38,22.7281001492537,-66.1270425531915,4.16495744680851
"382",38.1,22.7142270149254,-67.1259166666667,4.166
"383",38.2,22.7391712,-68.4137659574468,4.166
"384",38.3,22.727624,-69.8963125,4.166
"385",38.4,22.7386424,-70.1011428571429,4.166
"386",38.5,22.7660768,-70.7572452830189,4.16567924528302
"387",38.6,22.7545728,-71.1410425531915,4.166
"388",38.7,22.7398232,-71.3035744680851,4.166
"389",38.8,22.7479524,-72.6560769230769,4.167
"390",38.9,22.7474236,-73.9262127659574,4.16589361702128
"391",39,22.7942932,-73.444,4.16727659574468
"392",39.1,22.7666562626263,-73.1353125,4.166
"393",39.2,22.7479344776119,-73.4066595744681,4.166
"394",39.3,22.7236508955224,-74.2797021276595,4.16782978723404
"395",39.4,22.7518548,-75.4401960784313,4.16603921568627
"396",39.5,22.7950412,-72.0644999999999,4.166
"397",39.6,22.8295664,-71.2829361702128,4.166
"398",39.7,22.814940075188,-71.555,4.16631914893617
"399",39.8,22.8123160150376,-73.5379574468085,4.16610638297872
"400",39.9,22.8331226,-73.7701276595745,4.16776595744681
"401",40,22.8503843,-73.2673191489362,4.166
"402",40.1,22.8491232,-73.1957446808511,4.166
"403",40.2,22.8537036090226,-73.600914893617,4.166
"404",40.3,22.8694103759399,-74.688,4.16725531914894
"405",40.4,22.8776090909091,-75.8959361702128,4.166
"406",40.5,22.8747534653465,-77.147,4.166
"407",40.6,22.8664453,-78.315125,4.166
"408",40.7,22.8515998,-79.6866603773585,4.16669811320755
"409",40.8,22.8555230693069,-81.2337872340425,4.16882978723404
"410",40.9,22.8475386868687,-82.4224042553192,4.166
"411",41,22.8528183168317,-82.418673076923,4.166
"412",41.1,22.8506652,-80.1342708333334,4.166
"413",41.2,22.8311904,-81.22275,4.1645
"414",41.3,22.8218316,-81.3690638297874,4.166
"415",41.4,22.8178269924812,-76.6959166666666,4.166
"416",41.5,22.8077893984962,-77.3698085106383,4.166
"417",41.6,22.7798295,-78.6808936170213,4.166
"418",41.7,22.7852366,-80.2504035087719,4.16461403508772
"419",41.8,22.7724066336634,-81.5621818181818,4.16681818181818
"420",41.9,22.7921256390977,-82.661431372549,4.166
"421",42,22.7873211278195,-81.4271276595744,4.166
"422",42.1,22.7709156,-80.6229375,4.166
"423",42.2,22.7707395049505,-81.3198085106383,4.16723404255319
"424",42.3,22.7812782828283,-81.9908333333333,4.16672222222222
"425",42.4,22.7970040601504,-81.9645416666667,4.166
"426",42.5,22.7760491729323,-82.418,4.166
"427",42.6,22.7448790909091,-83.9226808510639,4.166
"428",42.7,22.731702,-86.2708958333332,4.16564583333333
"429",42.8,22.716951,-87.9427083333333,4.16654166666667
"430",42.9,22.713407,-88.0914042553191,4.16555319148936
"431",43,22.7347076237624,-88.266,4.166
"432",43.1,22.7462180451128,-88.3772340425532,4.166
"433",43.2,22.7287518796992,-87.8352083333334,4.16745833333333
"434",43.3,22.7344587,-85.9713333333334,4.16733333333333
"435",43.4,22.7110334,-81.9811063829787,4.166
"436",43.5,22.7112275,-82.5574680851064,4.166
"437",43.6,22.7298685714286,-84.4562978723404,4.166
"438",43.7,22.7372971428571,-86.9776808510638,4.16504255319149
"439",43.8,22.7332727272727,-88.1365,4.165875
"440",43.9,22.755339,-87.7707659574468,4.166
"441",44,22.744193,-88.358,4.166
"442",44.1,22.7377019548872,-88.3326885245902,4.166
"443",44.2,22.7355215037594,-87.8819148936171,4.16727659574468
"444",44.3,22.7828516161616,-88.7530425531914,4.16634042553192
"445",44.4,22.7720974257426,-91.0358823529412,4.166
"446",44.5,22.752847,-91.0309803921569,4.166
"447",44.6,22.758484,-91.1592765957447,4.16665957446809
"448",44.7,22.7748698019802,-92.1204680851064,4.16676595744681
"449",44.8,22.7618393,-93.4086808510638,4.16242553191489
"450",44.9,22.75831,-94.0942553191489,4.16578723404255
"451",45,22.7717178787879,-95.082,4.166
"452",45.1,22.7818196,-96.4557021276596,4.16697872340426
"453",45.2,22.7926948,-96.5771041666669,4.165
"454",45.3,22.7948903759399,-91.1117659574468,4.16914893617021
"455",45.4,22.795770075188,-91.0573333333333,4.166
"456",45.5,22.7927183838384,-91.0605625,4.166
"457",45.6,22.8017991089109,-91.4413191489362,4.16644680851064
"458",45.7,22.793938,-92.7266595744681,4.16631914893617
"459",45.8,22.7008575757576,-93.73,4.16428
"460",45.9,22.6660772727273,-94.3987058823529,4.166
"461",46,22.6563609090909,-95.684,4.166
"462",46.1,22.665056,-96.5691914893617,4.16608510638298
"463",46.2,22.65866,-97.2439787234042,4.16589361702128
"464",46.3,22.6663743609023,-98.3544375,4.166
"465",46.4,22.6598179699248,-98.9356595744681,4.166
"466",46.5,22.685374040404,-99.8455957446808,4.166
"467",46.6,22.6674175,-98.5453404255318,4.16565957446809
"468",46.7,22.6621519,-98.2785957446808,4.167
"469",46.8,22.635316039604,-99.9719574468085,4.166
"470",46.9,22.6617952475248,-101.624,4.166
"471",47,22.6653382706767,-104.319468085106,4.166
"472",47.1,22.6465412781955,-101.563829787234,4.16768085106383
"473",47.2,22.6393821,-97.6870517241379,4.16791379310345
"474",47.3,22.6550064356436,-98.4221063829787,4.166
"475",47.4,22.6666772,-98.9783050847458,4.166
"476",47.5,22.6433095488722,-99.8480638297872,4.166
"477",47.6,22.6520539097744,-98.4195957446808,4.16540425531915
"478",47.7,22.6587158585859,-98.1181702127659,4.167
"479",47.8,22.6745326,-99.774085106383,4.166
"480",47.9,22.7242918181818,-101.495153846154,4.166
"481",48,22.7589107518797,-104.081595744681,4.166
"482",48.1,22.7829182706767,-104.868872340426,4.168
"483",48.2,22.7865955555556,-105.460127659574,4.166
"484",48.3,22.7976334653465,-106.795957446808,4.166
"485",48.4,22.8113153535354,-107.803232142857,4.166
"486",48.5,22.814367,-108.420617021277,4.16702127659575
"487",48.6,22.8230586138614,-108.838255319149,4.16753191489362
"488",48.7,22.8294715151515,-109.211529411765,4.16537254901961
"489",48.8,22.813776372549,-109.103638297872,4.166
"490",48.9,22.7836945454545,-107.905957446809,4.167
"491",49,22.78815,-109.14,4.167
"492",49.1,22.783624,-106.892074074074,4.16503703703704
"493",49.2,22.765549924812,-105.888333333333,4.166
"494",49.3,22.7572491729323,-107.041531914894,4.166
"495",49.4,22.7452483838384,-108.024361702128,4.166
"496",49.5,22.7537263366337,-108.441212765957,4.16855319148936
"497",49.6,22.753541,-109.109875,4.16525
"498",49.7,22.7440978195489,-109.209117647059,4.166
"499",49.8,22.7593760150376,-109.106617021277,4.166
"500",49.9,22.7590643434343,-108.743531914894,4.1661914893617
"501",50,22.760075049505,-109.555234042553,4.16670212765957
"502",50.1,22.7518668686869,-112.900574468085,4.1648085106383
"503",50.2,22.7569940601504,-112.803791666667,4.166
"504",50.3,22.7561218796992,-113.128020833333,4.166
"505",50.4,22.7655433333333,-113.485914893617,4.166
"506",50.5,22.7695953465347,-114.305595744681,4.16672340425532
"507",50.6,22.7488888888889,-115.443183673469,4.16379591836735
"508",50.7,22.7679772,-116.407352941176,4.166
"509",50.8,22.7429961386139,-117.3950625,4.166
"510",50.9,22.7546640601504,-117.999927272727,4.16583636363636
"511",51,22.7537918796992,-113.465553191489,4.16334042553192
"512",51.1,22.7634641414141,-113.240333333333,4.166
"513",51.2,22.7567317821782,-112.919875,4.166
"514",51.3,22.745297,-113.23829787234,4.166
"515",51.4,22.7545296240602,-113.653,4.1665
"516",51.5,22.7580258646617,-114.787458333333,4.166
"517",51.6,22.780726969697,-115.788234042553,4.16434042553192
"518",51.7,22.7887788118812,-116.947446808511,4.166
"519",51.8,22.781355959596,-117.580808510638,4.16529787234043
"520",51.9,22.7724204477612,-118.345368421053,4.166
"521",52,22.7481517910448,-119.119106382979,4.16514893617021
"522",52.1,22.7114008,-119.39514893617,4.16829787234043
"523",52.2,22.7084965,-120.156319148936,4.166
"524",52.3,22.7480488888889,-121.282212765957,4.16487234042553
"525",52.4,22.7492906930693,-121.912,4.167
"526",52.5,22.7421181,-123.273428571429,4.16791836734694
"527",52.6,22.7340425,-124.389166666667,4.166
"528",52.7,22.7342712871287,-124.91675,4.166
"529",52.8,22.7207585858586,-123.19350877193,4.166
"530",52.9,22.7010466336634,-119.771404255319,4.16491489361702
"531",53,22.7340463636364,-119.23875,4.1665625
"532",53.1,22.7476073134328,-119.51372,4.16744
"533",53.2,22.7142192537313,-120.464212765957,4.166
"534",53.3,22.713816,-121.507448979592,4.166
"535",53.4,22.7249908910891,-122.247638297872,4.167
"536",53.5,22.6823890909091,-123.5245,4.16744642857143
"537",53.6,22.6963132089552,-124.5724375,4.166
"538",53.7,22.7088878358209,-124.140574468085,4.166
"539",53.8,22.6902245,-123.472679245283,4.166
"540",53.9,22.6780888,-124.2288125,4.16504166666667
"541",54,22.6607622222222,-128.378963636364,4.16652727272727
"542",54.1,22.6716202985075,-132.636166666667,4.166
"543",54.2,22.675956119403,-134.600375,4.166
"544",54.3,22.65275,-135.712625,4.16741666666667
"545",54.4,22.6708348,-136.016375,4.16683333333333
"546",54.5,22.6642166666667,-136.014,4.167
"547",54.6,22.663481980198,-137.361708333334,4.166
"548",54.7,22.6816052,-136.630811320755,4.16505660377358
"549",54.8,22.6747933082707,-127.627981818182,4.16596363636364
"550",54.9,22.6861542105263,-124.279638297872,4.16595744680851
"551",55,22.6784588888889,-128.975149253731,4.16671641791045
"552",55.1,22.6857994117647,-133.572833333334,4.166
"553",55.2,22.6804896969697,-134.686458333333,4.166
"554",55.3,22.6603535074627,-136.5923125,4.166375
"555",55.4,22.6577490298507,-135.510476190476,4.16993650793651
"556",55.5,22.6435969,-135.51893877551,4.167
"557",55.6,22.6329863,-135.406020833334,4.166
"558",55.7,22.6355122222222,-137.147953846154,4.16583076923077
"559",55.8,22.6419401492537,-138.825916666667,4.16595833333333
"560",55.9,22.6653580597015,-138.3864375,4.1660625
"561",56,22.6695836,-138.1465,4.16502
"562",56.1,22.6411716,-138.55625,4.166
"563",56.2,22.640594,-140.331125,4.166
"564",56.3,22.6511908,-142.40275,4.16570833333333
"565",56.4,22.6505192,-143.980357142857,4.16778571428571
"566",56.5,22.6537076,-143.709,4.166
"567",56.6,22.6581721782178,-144.963724137931,4.166
"568",56.7,22.6542086,-144.854058823529,4.166
"569",56.8,22.6311767,-147.407,4.166
"570",56.9,22.6382844444444,-141.226771929824,4.166
"571",57,22.6451555223881,-138.193407407407,4.16518518518518
"572",57.1,22.6421182089552,-138.650315789474,4.166
"573",57.2,22.6238692,-140.050507462687,4.166
"574",57.3,22.649534950495,-141.391020833333,4.166
"575",57.4,22.6634192,-141.7041875,4.16425
"576",57.5,22.7063261654135,-143.859166666667,4.16685416666667
"577",57.6,22.6779276691729,-145.884551020408,4.166
"578",57.7,22.6904168,-146.269269230769,4.166
"579",57.8,22.6801936,-146.548234042553,4.166
"580",57.9,22.68865,-146.944,4.1664375
"581",58,22.6688721052632,-147.892416666667,4.16547916666667
"582",58.1,22.6745563157895,-149.075340425532,4.166
"583",58.2,22.6720464,-146.503595744681,4.166
"584",58.3,22.6855301,-146.7433,4.16663333333333
"585",58.4,22.6815845,-147.685553191489,4.16627659574468
"586",58.5,22.6883496,-148.376,4.16525
"587",58.6,22.7113834,-149.725,4.16616666666667
"588",58.7,22.7407991791045,-152.143083333333,4.166
"589",58.8,22.7182544029851,-154.383468085107,4.16597872340426
"590",58.9,22.6839084,-148.995125,4.16775
"591",59,22.6677202970297,-148.210166666667,4.16520833333333
"592",59.1,22.6737354,-148.376063829787,4.166
"593",59.2,22.6811239097744,-146.09025,4.166
"594",59.3,22.6824321804511,-146.810714285714,4.16614285714286
"595",59.4,22.6884448,-148.2336875,4.1665625
"596",59.5,22.6802156,-149.372909090909,4.16590909090909
"597",59.6,22.6855568,-150.021666666667,4.166
"598",59.7,22.6724178947368,-151.863,4.166
"599",59.8,22.6737336842105,-154.4880625,4.16495833333333
"600",59.9,22.7176227272727,-153.90375,4.167
"601",60,22.7068332673267,-154.33785106383,4.16668085106383
"602",60.1,22.6889078787879,-155.583104166667,4.166
"603",60.2,22.6880499,-155.945470588235,4.166
"604",60.3,22.6916282178218,-155.175346153846,4.16519230769231
"605",60.4,22.6860354545455,-155.705708333333,4.165875
"606",60.5,22.6896993137255,-154.952291666667,4.16579166666667
"607",60.6,22.6696144444444,-154.634210526316,4.166
"608",60.7,22.6967812,-155.084101694915,4.166
"609",60.8,22.6766792,-156.461354166667,4.16460416666667
"610",60.9,22.6807079699248,-153.998833333333,4.167
"611",61,22.6929410526316,-154.220408163265,4.16644897959184
"612",61.1,22.6892918181818,-155.527285714286,4.166
"613",61.2,22.7105305940594,-156.074,4.166
"614",61.3,22.6787732,-155.190916666667,4.165125
"615",61.4,22.7088734586466,-155.386875,4.165
"616",61.5,22.7040689473684,-154.8395,4.166
"617",61.6,22.6780736363636,-154.717021276596,4.166
"618",61.7,22.6915205,-155.427208955224,4.16546268656716
"619",61.8,22.6686192,-159.65806122449,4.1649387755102
"620",61.9,22.6669854135338,-160.2128,4.166
"621",62,22.6621809022556,-160.511625,4.166
"622",62.1,22.6631136363636,-161.433090909091,4.166
"623",62.2,22.6647745544554,-163.257210526316,4.166
"624",62.3,22.6689323232323,-165.512638297872,4.16504255319149
"625",62.4,22.6723802,-166.038224489796,4.16524489795918
"626",62.5,22.6877733663366,-167.767875,4.166
"627",62.6,22.69028,-171.291254901961,4.166
"628",62.7,22.6915564705882,-168.366708333334,4.16572916666667
"629",62.8,22.6970684,-159.903,4.16466666666667
"630",62.9,22.6778218811881,-160.232566037736,4.166
"631",63,22.670657,-160.670586206897,4.166
"632",63.1,22.6635337593985,-161.34275,4.166
"633",63.2,22.674022481203,-163.227690909091,4.166
"634",63.3,22.6636022222222,-165.471565217391,4.16508695652174
"635",63.4,22.6961336,-165.3485,4.16522916666667
"636",63.5,22.7189048484848,-168.23778,4.16618
"637",63.6,22.6624135074627,-170.2855,4.166
"638",63.7,22.640286641791,-169.926166666667,4.166
"639",63.8,22.6283782828283,-171.93681632653,4.16608163265306
"640",63.9,22.6001541584158,-170.059063829787,4.16404255319149
"641",64,22.6015970707071,-170.36525,4.166
"642",64.1,22.5889272,-173.747541666667,4.166
"643",64.2,22.5938820792079,-173.2175,4.16525
"644",64.3,22.5851769,-180.406833333333,4.16420833333333
"645",64.4,22.5730949019608,-178.249423076923,4.16553846153846
"646",64.5,22.5902133333333,-185.915,4.166
"647",64.6,22.5860156,-182.421916666667,4.166
"648",64.7,22.5927536,-180.1985,4.16583333333333
"649",64.8,22.5922705263158,-175.166416666666,4.16533333333333
"650",64.9,22.6136915789474,-169.939367346939,4.16432653061224
"651",65,22.5911636363636,-170.990458333333,4.166
"652",65.1,22.6051562376238,-173.600489361702,4.166
"653",65.2,22.5993712,-174.054875,4.16597916666667
"654",65.3,22.5959363636364,-180.592333333333,4.16408333333333
"655",65.4,22.5800727272727,-178.165833333333,4.16533333333333
"656",65.5,22.5737535353535,-185.165,4.166
"657",65.6,22.6045750495049,-182.515,4.166
"658",65.7,22.6903967676768,-180.796916666666,4.16583333333333
"659",65.8,22.7183442105263,-184.151666666666,4.16408333333333
"660",65.9,22.71966,-181.563125,4.166
"661",66,22.7296056565657,-185.927958333333,4.166
"662",66.1,22.73214,-187.399041666667,4.16658333333333
"663",66.2,22.7147428282828,-185.604125,4.167
"664",66.3,22.7285194059406,-191.371666666667,4.16583333333333
"665",66.4,22.7246403960396,-191.348106382979,4.166
"666",66.5,22.7253662,-189.675208333333,4.166
"667",66.6,22.7300205940594,-193.263125,4.166
"668",66.7,22.7507866666667,-192.191125000001,4.166
"669",66.8,22.7487056435644,-183.832719298245,4.16480701754386
"670",66.9,22.7544639393939,-181.357375,4.166
"671",67,22.7239373134328,-186.832708333333,4.166
"672",67.1,22.7326089552239,-187.334979166667,4.16670833333333
"673",67.2,22.7468822,-185.5668125,4.167
"674",67.3,22.6933012,-191.612166666667,4.16608333333333
"675",67.4,22.716724040404,-191.296712121212,4.166
"676",67.5,22.7390117910448,-189.841555555556,4.166
"677",67.6,22.7468102985075,-190.910000000001,4.166
"678",67.7,22.74168,-195.032571428571,4.16628571428571
"679",67.8,22.7038054,-193.025479166667,4.16645833333333
"680",67.9,22.6798185858586,-192.741723404255,4.166
"681",68,22.6789486138614,-196.341379310345,4.166
"682",68.1,22.6745784,-194.6030625,4.166
"683",68.2,22.6808364,-194.005395833333,4.1658125
"684",68.3,22.6939254,-198.271117647059,4.16609803921569
"685",68.4,22.6715668,-196.538270833333,4.166
"686",68.5,22.6813976,-196.701102040816,4.166
"687",68.6,22.6833583838384,-199.091458333333,4.165
"688",68.7,22.7009942537313,-196.968461538462,4.166
"689",68.8,22.6988226119403,-193.0985,4.16625
"690",68.9,22.6997714,-192.899666666667,4.166
"691",69,22.711717029703,-196.201979166667,4.166
"692",69.1,22.6895463636364,-194.429520833333,4.166
"693",69.2,22.68762,-194.325604166666,4.1651875
"694",69.3,22.68112,-198.01,4.165625
"695",69.4,22.6911254,-196.334638297872,4.166
"696",69.5,22.6842468,-197.2734375,4.166
"697",69.6,22.6739413131313,-198.6498125,4.165
"698",69.7,22.6630909701493,-197.0889375,4.166
"699",69.8,22.6639641044776,-198.057770833334,4.1666875
"700",69.9,22.688185,-204.078285714286,4.166
"701",70,22.703932,-201.663191489362,4.166
"702",70.1,22.7498505,-203.023833333334,4.166
"703",70.2,22.7557155,-209.381421052632,4.16656140350877
"704",70.3,22.7412345,-207.029421052632,4.166
"705",70.4,22.739718,-208.317375,4.16554166666667
"706",70.5,22.7342575247525,-207.253875,4.166
"707",70.6,22.7204798,-210.163183673469,4.16661224489796
"708",70.7,22.7243015841584,-203.6086875,4.1665625
"709",70.8,22.727902020202,-197.98078,4.16678
"710",70.9,22.7381970149254,-203.89524,4.166
"711",71,22.7360328358209,-201.676090909091,4.166
"712",71.1,22.7309922,-202.828395833334,4.166
"713",71.2,22.717651,-209.1390625,4.16629166666667
"714",71.3,22.7240902,-206.758375,4.166
"715",71.4,22.7366336842105,-208.900375,4.165875
"716",71.5,22.71916,-206.916208333334,4.166
"717",71.6,22.7050085,-209.854291666666,4.16716666666667
"718",71.7,22.6958875,-210.175125,4.166125
"719",71.8,22.731472,-209.731333333333,4.166
"720",71.9,22.7295505,-216.596229166667,4.166
"721",72,22.7060835,-214.1205625,4.166
"722",72.1,22.7314445,-220.1984375,4.16560416666667
"723",72.2,22.7424745,-218.188857142857,4.16641071428571
"724",72.3,22.7523735,-221.1890625,4.16720833333333
"725",72.4,22.7498515,-220.020104166667,4.166
"726",72.5,22.725371,-223.52475,4.166
"727",72.6,22.7611215789474,-222.971604166667,4.16491666666667
"728",72.7,22.7493321052632,-224.323173913044,4.16405434782609
"729",72.8,22.7418365,-223.49705,4.16513
"730",72.9,22.7412030693069,-224.67015,4.166
"731",73,22.7203814,-224.4583,4.166
"732",73.1,22.7025115789474,-224.437049019608,4.166
"733",73.2,22.70688,-224.287675438596,4.166
"734",73.3,22.7165735,-224.793815789474,4.166
"735",73.4,22.707911,-226.128513043478,4.16577391304348
"736",73.5,22.672753,-226.409382608696,4.1640347826087
"737",73.6,22.6716036090226,-224.59209009009,4.166
"738",73.7,22.6672276691729,-223.075291666667,4.16602083333333
"739",73.8,22.6739342424242,-223.351244897959,4.1669387755102
"740",73.9,22.68675,-223.869333333333,4.166
"741",74,22.701834,-225.03264,4.166
"742",74.1,22.6865828,-225.477366336634,4.166
"743",74.2,22.689275049505,-225.555777777778,4.166
"744",74.3,22.6922996969697,-225.858606060606,4.166
"745",74.4,22.6928004950495,-226.981612612613,4.16635135135135
"746",74.5,22.7207785,-229.360573033708,4.16895505617978
"747",74.6,22.7151508910891,-232.230064814815,4.16687962962963
"748",74.7,22.711606,-231.694054347826,4.16594565217391
"749",74.8,22.709267368421,-231.450193277311,4.16521848739496
"750",74.9,22.6747485714286,-232.913218487395,4.16689915966387
"751",75,22.6855376767677,-234.51589,4.166
"752",75.1,22.698818,-234.824555555556,4.166
"753",75.2,22.733593,-234.836521367521,4.166
"754",75.3,22.7137359398496,-235.154516853933,4.16697752808989
"755",75.4,22.7229088721805,-235.846633663366,4.166
"756",75.5,22.7524615151515,-236.77096969697,4.166
"757",75.6,22.7351804,-236.13496,4.166
"758",75.7,22.7632,-235.43359,4.166
"759",75.8,22.756154,-234.86496039604,4.16587128712871
"760",75.9,22.7278003960396,-235.01604,4.16512
"761",76,22.7321627272727,-235.892428571429,4.166
"762",76.1,22.7293956,-235.230446808511,4.166
"763",76.2,22.7312068,-235.17669,4.16587
"764",76.3,22.7374576,-235.796764150944,4.16512264150943
"765",76.4,22.7457236,-238.909382978723,4.166
"766",76.5,22.739037593985,-238.927544554455,4.16574257425743
"767",76.6,22.746022556391,-238.91492,4.16448
"768",76.7,22.7428687878788,-239.529,4.16756363636364
"769",76.8,22.7418082178218,-240.661626373626,4.16404395604396
"770",76.9,22.7126445,-240.911214285714,4.166
"771",77,22.7295566165414,-240.938722772277,4.166
"772",77.1,22.7435340601504,-241.25868,4.166
"773",77.2,22.7324263636364,-242.110151515152,4.16612121212121
"774",77.3,22.73411,-243.3778,4.16687
"775",77.4,22.7512568,-243.113782178218,4.166
"776",77.5,22.7504771428571,-242.66956,4.16588
"777",77.6,22.7273342857143,-242.129108108108,4.16532432432432
"778",77.7,22.7406591919192,-241.926887640449,4.16795505617978
"779",77.8,22.7495136633663,-241.4686,4.16421818181818
"780",77.9,22.7408307070707,-241.4046,4.166
"781",78,22.7545462,-242.16368,4.166
"782",78.1,22.7473018811881,-246.503357142857,4.166
"784",78.3,22.7232016666667,-247.82396969697,4.166
"785",78.4,22.7442357575758,-247.391495049505,4.166
"786",78.5,22.7711479207921,-247.370861386139,4.166
"787",78.6,22.772938,-247.49,4.16611111111111
"788",78.7,22.7456848120301,-248.01196,4.16652
"789",78.8,22.7548502255639,-249.41424,4.16336
"790",78.9,22.7635121212121,-251.608256410256,4.166
"791",79,22.7541946534653,-253.193726495726,4.166
"792",79.1,22.7708251515152,-253.030688172043,4.166
"793",79.2,22.7635521052632,-251.47764,4.166
"794",79.3,22.7858152631579,-252.526247524752,4.16564356435644
"795",79.4,22.8009463636364,-256.8415,4.16333
"796",79.5,22.7920742574257,-260.490333333333,4.166
"797",79.6,22.7691101010101,-261.572891891892,4.16578378378378
"798",79.7,22.7667993,-261.699666666667,4.16403125
"799",79.8,22.7735320792079,-261.277462365591,4.16694623655914
"800",79.9,22.7674797979798,-261.1436,4.166
"801",80,22.7620302970297,-261.639504950495,4.166
"802",80.1,22.7682563636364,-262.836695652174,4.166
"803",80.2,22.7743384,-265.797565217391,4.166
"804",80.3,22.7558181,-266.16794,4.16711
"805",80.4,22.7522917293233,-265.5972,4.1675
"806",80.5,22.7514195488722,-265.638775280899,4.16304494382022
"807",80.6,22.7635294949495,-266.02032,4.16712
"808",80.7,22.7600384158416,-266.52432,4.16764
"809",80.8,22.7854688,-267.51928,4.16512
"810",80.9,22.7819814285714,-267.202690909091,4.166
"811",81,22.7815528571429,-267.590244444444,4.166
"812",81.1,22.7654585858586,-270.324028037383,4.166
"813",81.2,22.7612854455446,-272.729129032258,4.16594623655914
"814",81.3,22.7820590909091,-272.87252,4.16464
"815",81.4,22.7957401503759,-273.17303960396,4.16271287128713
"816",81.5,22.7874469172932,-273.521888888889,4.16788888888889
"817",81.6,22.7885395959596,-273.9676,4.16712
"818",81.7,22.7897453465347,-274.175603960396,4.16776237623762
"819",81.8,22.7906962626263,-274.06247,4.166
"820",81.9,22.7778954,-274.22604,4.166
"821",82,22.768661980198,-275.265222222222,4.166
"822",82.1,22.7563891,-277.522027027027,4.166
"823",82.2,22.7760604950495,-278.312602150538,4.16601075268817
"824",82.3,22.777051010101,-278.936896551724,4.16727586206897
"825",82.4,22.7712997029703,-279.148103448276,4.17072413793103
"826",82.5,22.7635132,-279.655316831683,4.16852475247525
"827",82.6,22.7461637313433,-279.445555555556,4.16477777777778
"828",82.7,22.7504995522388,-279.453821428571,4.16332142857143
"830",82.9,22.7768168316832,-280.65124,4.166
"831",83,22.7659517171717,-281.707528301887,4.166
"832",83.1,22.7426070895522,-282.544844660194,4.166
"833",83.2,22.7599429104478,-283.480266666667,4.16604444444445
"834",83.3,22.7655165,-284.298677966102,4.16820338983051
"835",83.4,22.7430265,-284.787661016949,4.16989830508475
"836",83.5,22.740251010101,-284.726,4.16421875
"837",83.6,22.7567781188119,-284.95636,4.16689
"838",83.7,22.7544526,-285.5139,4.166
"839",83.8,22.7525867,-286.715918367347,4.166
"840",83.9,22.7612742,-286.390391304348,4.166
"841",84,22.7499762626263,-285.666066037736,4.166
"842",84.1,22.7754420792079,-286.261509615385,4.16604807692308
"843",84.2,22.777645050505,-286.9331,4.16702222222222
"844",84.3,22.767308,-287.76576,4.16856
"845",84.4,22.7660191111111,-288.78484,4.165
"846",84.5,22.756484040404,-289.768083333333,4.1652037037037
"847",84.6,22.763765,-290.258582417582,4.16696703296703
"848",84.7,22.7825475757576,-290.741237623762,4.16588118811881
"849",84.8,22.7658609774436,-291.542444444445,4.16511111111111
"850",84.9,22.7663045864662,-293.11348,4.166
"851",85,22.7830493,-294.43684,4.166
"852",85.1,22.7876031,-295.68692,4.166
"853",85.2,22.7719890909091,-296.558699115044,4.16610619469027
"854",85.3,22.7685126,-296.37285840708,4.16699115044248
"855",85.4,22.7619535643564,-296.808347826087,4.16791304347826
"856",85.5,22.7830965,-298.521547169811,4.16577358490566
"857",85.6,22.7785079,-299.159568421053,4.16418947368421
"858",85.7,22.7910856565657,-299.705541284404,4.16689908256881
"859",85.8,22.8043517647059,-300.546733333333,4.166
"860",85.9,22.7704490909091,-301.35298019802,4.166
"861",86,22.78554,-301.8522,4.166
"862",86.1,22.7872012871287,-301.70454,4.16611
"863",86.2,22.7985684,-301.8179,4.1669
"864",86.3,22.8108268316832,-301.943966292135,4.16601123595506
"865",86.4,22.79261,-303.795642201835,4.16677981651376
"866",86.5,22.8176852238806,-305.28347826087,4.165
"867",86.6,22.8081553731343,-305.633888888889,4.16511111111111
"868",86.7,22.7993344,-305.788920792079,4.166
"869",86.8,22.7741256565657,-306.39864,4.166
"870",86.9,22.8031091,-306.829333333333,4.166
"871",87,22.7928058,-307.263821428571,4.166
"873",87.2,22.7717559,-308.01004,4.16612
"874",87.3,22.804298,-308.554611650485,4.16676699029126
"875",87.4,22.7821984,-309.502020408163,4.16518367346939
"876",87.5,22.7927693,-310.609111111111,4.167
"877",87.6,22.7825486868687,-311.56808,4.16688
"878",87.7,22.7611162,-312.30852,4.166
"879",87.8,22.7310723762376,-312.70972,4.166
"880",87.9,22.7392656,-313.0412,4.166
"881",88,22.7387221,-313.950693069307,4.166
"882",88.1,22.7479633333333,-315.012336538462,4.166
"883",88.2,22.7610820895522,-315.86307368421,4.16607368421053
"884",88.3,22.7671492537313,-316.896914285714,4.16688571428571
"885",88.4,22.7609626,-318.189431578947,4.16592631578947
"886",88.5,22.7480893069307,-319.586486486487,4.16510810810811
"887",88.6,22.7428807,-319.971433333333,4.166
"888",88.7,22.7477419,-320.22,4.166
"889",88.8,22.7373649,-321.26876,4.166
"890",88.9,22.7440374,-321.59352,4.166
"891",89,22.7436304,-319.714336633663,4.166
"892",89.1,22.7202928,-320.417444444445,4.16588888888889
"893",89.2,22.717256,-321.196564356436,4.16511881188119
"894",89.3,22.7104218181818,-321.56546,4.166
"895",89.4,22.7206534,-322.2379,4.166
"896",89.5,22.6951388,-322.803051546392,4.16601030927835
"897",89.6,22.6979728,-323.60076,4.16696
"898",89.7,22.7107332,-324.241415841584,4.166
"899",89.8,22.7266526,-325.392021978022,4.166
"900",89.9,22.7166909090909,-326.246566037736,4.166
"901",90,22.7344304950495,-327.282085106383,4.166
"902",90.1,22.7279258,-328.708953271028,4.16577570093458
"903",90.2,22.727776,-329.445720430107,4.16421505376344
"904",90.3,22.702879,-329.810730769231,4.16765384615385
"905",90.4,22.6966302255639,-330.46524742268,4.1649175257732
"906",90.5,22.7254648120301,-331.803663865546,4.16418487394958
"907",90.6,22.7103481818182,-332.618789915966,4.16586554621849
"908",90.7,22.7101396039604,-333.729776699029,4.166
"909",90.8,22.711007,-334.076300970874,4.166
"910",90.9,22.7440744,-334.640244897959,4.166
"911",91,22.7283393069307,-334.66612371134,4.16592783505155
"912",91.1,22.7231473737374,-334.434755102041,4.16479591836735
"913",91.2,22.7304744,-334.166384615385,4.16320512820513
"914",91.3,22.73095,-333.927923076923,4.16491452991453
"915",91.4,22.7286496,-333.813072164948,4.16790721649484
"916",91.5,22.7218294,-334.27816,4.16688
"917",91.6,22.7373363636364,-335.322,4.166
"918",91.7,22.7259804950495,-336.497782608696,4.166
"919",91.8,22.7032681818182,-336.295618181818,4.166
"920",91.9,22.7244358,-336.129333333333,4.166
"921",92,22.7478131,-336.6115,4.166
"922",92.1,22.7647214285714,-337.549830188679,4.16607547169811
"923",92.2,22.7620973684211,-338.206272727273,4.1669595959596
"924",92.3,22.7665845454545,-338.671911764706,4.16511764705882
"925",92.4,22.772659009901,-339.202422222222,4.169
"926",92.5,22.7756306,-339.74504587156,4.16869724770642
"927",92.6,22.791557,-340.299235955056,4.166
"928",92.7,22.7902241584158,-341.215805555556,4.166
"929",92.8,22.7773362626263,-341.834326086957,4.166
"930",92.9,22.7615484158416,-342.509084033613,4.166
"931",93,22.7462777777778,-342.971268907563,4.166
"932",93.1,22.7605826,-343.738878504673,4.1658785046729
"933",93.2,22.7387426,-344.046736842105,4.1651052631579
"934",93.3,22.7616745454545,-344.492350877193,4.16685964912281
"935",93.4,22.717991980198,-345.309628318584,4.1679203539823
"936",93.5,22.7262445454545,-345.638831858407,4.16703539823009
"937",93.6,22.7465178,-346.110165048544,4.166
"938",93.7,22.75935,-346.662237113402,4.166
"939",93.8,22.7734873,-347.589432432432,4.166
"940",93.9,22.7650459405941,-348.128966666667,4.166
"941",94,22.7369709090909,-348.901094339623,4.1658962264151
"942",94.1,22.7429465346535,-349.464655913979,4.16494623655914
"943",94.2,22.7617890909091,-349.868878787879,4.16448484848485
"944",94.3,22.7480457142857,-350.508796296296,4.16763888888889
"945",94.4,22.7432336842105,-351.189239130435,4.16510869565217
"946",94.5,22.7530629292929,-351.60112,4.16687
"947",94.6,22.7576947524752,-351.357891089109,4.166
"948",94.7,22.7429606,-350.200018181818,4.166
"949",94.8,22.7344241,-350.562098901099,4.16602197802198
"950",94.9,22.747514950495,-351.913357142857,4.16688775510204
"951",95,22.70977,-353.153547826087,4.16554782608696
"952",95.1,22.662250990099,-353.850069565217,4.16206956521739
"953",95.2,22.6361154545455,-354.408746031746,4.16603968253968
"954",95.3,22.6507161,-355.143666666667,4.16683333333333
"955",95.4,22.627527,-356.812166666667,4.16511904761905
"956",95.5,22.6336090909091,-359.074644444444,4.16795555555556
"957",95.6,22.6279594059406,-361.359603773585,4.166
"958",95.7,22.6282577777778,-362.867580645161,4.166
"959",95.8,22.627262,-363.402119266055,4.166
"960",95.9,22.649008,-364.116306930693,4.166
"961",96,22.6446694736842,-365.133636363636,4.166
"962",96.1,22.6346168421053,-365.64152688172,4.16612903225807
"963",96.2,22.6318907070707,-365.87742,4.16867
"964",96.3,22.6111031683168,-366.463169811321,4.16620754716981
"965",96.4,22.6147188,-366.742914893617,4.16778723404255
"966",96.5,22.6310461,-366.781971153846,4.16431730769231
"967",96.6,22.6284168316832,-366.833989583333,4.16692708333333
"968",96.7,22.6400236363636,-366.888666666667,4.166
"969",96.8,22.64831,-366.321766990291,4.166
"970",96.9,22.6343154545455,-366.423028846154,4.16608653846154
"971",97,22.6389097,-366.53623655914,4.16689247311828
"972",97.1,22.6313936,-366.304205607477,4.16544859813084
"973",97.2,22.6406598,-366.379193548387,4.16883870967742
"974",97.3,22.6228109,-366.303376237624,4.16611881188119
"975",97.4,22.6367254545455,-366.50142,4.16689
"976",97.5,22.646082970297,-366.657063063063,4.166
"978",97.7,22.650984,-371.117311926605,4.166
"979",97.8,22.6534340594059,-372.213202020202,4.1660202020202
"980",97.9,22.6461933,-372.517424242424,4.16693939393939
"981",98,22.6280259,-372.637924731183,4.16504301075269
"982",98.1,22.6173803030303,-372.94018,4.16611
"983",98.2,22.598602238806,-373.52812,4.16689
"984",98.3,22.6198634328358,-374.500935185185,4.16610185185185
"985",98.4,22.6271303,-375.333989010989,4.16696703296703
"986",98.5,22.6400387128713,-376.59184,4.166
"987",98.6,22.6454154545455,-377.309417475728,4.166
"988",98.7,22.628147029703,-378.035041237113,4.166
"989",98.8,22.6305118181818,-378.004386138614,4.166
"990",98.9,22.6574096,-377.594565217391,4.16619130434783
"991",99,22.6371035,-377.28152173913,4.16793043478261
"992",99.1,22.6414229,-378.380071428571,4.16781632653061
"993",99.2,22.6403543,-380.315666666667,4.166
"994",99.3,22.6241877777778,-381.107407079646,4.166
"995",99.4,22.620402,-381.994132743363,4.166
"996",99.5,22.632848,-382.75205,4.166
"997",99.6,22.63796,-383.119944444445,4.166
"998",99.7,22.636216,-383.60372826087,4.166
"999",99.8,22.626538989899,-384.40154,4.166
"1000",99.9,22.6143200746269,-384.728009433962,4.16610377358491
"1001",100,22.6069394776119,-385.174,4.16681981981982
"1002",100.1,22.621792,-385.974,4.16321621621622
"1003",100.2,22.6301607920792,-386.1527,4.167
"1004",100.3,22.6298031,-386.850566037736,4.16681132075472
"1005",100.4,22.6214392,-387.526845360825,4.1650412371134
"1006",100.5,22.6538238613861,-387.470267326733,4.166
"1007",100.6,22.6274338,-387.085905263158,4.166
"1008",100.7,22.6332742,-387.436333333333,4.166
"1009",100.8,22.64457,-388.60002970297,4.16611881188119
"1010",100.9,22.6294502,-389.568666666667,4.16688888888889
"1011",101,22.6549660606061,-389.66836,4.166
"1012",101.1,22.672836,-389.664743589744,4.166
"1013",101.2,22.658424,-389.24594017094,4.166
"1014",101.3,22.638542,-388.840366336634,4.164
"1015",101.4,22.636684,-389.406693877551,4.16420408163265
"1016",101.5,22.624592,-390.688216216216,4.166
"1017",101.6,22.6457818181818,-391.852556701031,4.166
"1018",101.7,22.651387029703,-392.593913043478,4.166
"1019",101.8,22.633076,-392.99295049505,4.166
"1020",101.9,22.63017,-393.42013,4.16589
"1021",102,22.628314,-393.92349,4.165
"1022",102.1,22.6193110526316,-393.818625,4.16510576923077
"1023",102.2,22.6394163157895,-394.174708333333,4.16607291666667
"1024",102.3,22.6197159,-396.82776,4.16667
"1025",102.4,22.6310300990099,-399.6738,4.1642
"1026",102.5,22.634942,-400.323572916667,4.166
"1027",102.6,22.635174,-399.818315789474,4.166
"1028",102.7,22.64785,-400.150470588235,4.166
"1029",102.8,22.650752,-401.56975,4.166
"1030",102.9,22.655288,-402.426928571429,4.16578571428571
"1032",103.1,22.654238,-404.055287128713,4.16788118811881
"1033",103.2,22.6501778787879,-404.411444444444,4.16677777777778
"1034",103.3,22.6584215841584,-405.18932,4.16512
"1035",103.4,22.688882,-405.423930693069,4.166
"1036",103.5,22.720026,-405.91458,4.166
"1037",103.6,22.718634,-405.579580357143,4.166
"1038",103.7,22.717004,-405.139401785714,4.166
"1039",103.8,22.7053321804511,-406.20452,4.16612
"1040",103.9,22.7166930827068,-407.099972972973,4.16689189189189
"1041",104,22.715142,-410.7087,4.16597777777778
"1042",104.1,22.6875959405941,-411.108465346535,4.16432673267327
"1043",104.2,22.6910804,-411.726414141414,4.16689898989899
"1044",104.3,22.6878937373737,-412.12525,4.166
"1045",104.4,22.67424,-412.4244,4.166
"1046",104.5,22.692606,-412.911711111111,4.166
"1047",104.6,22.704342,-412.757555555556,4.166
"1048",104.7,22.693766,-413.184280373832,4.166
"1049",104.8,22.69202,-413.433623655914,4.16594623655914
"1050",104.9,22.706664,-413.56748,4.16512
"1051",105,22.6841438383838,-413.28408,4.166
"1052",105.1,22.6948372,-413.221798165138,4.166
"1053",105.2,22.7011829,-414.237093457944,4.16597196261682
"1054",105.3,22.7112069,-419.573542056075,4.16503738317757
"1055",105.4,22.6823641,-419.24308,4.166
"1056",105.5,22.6737406060606,-421.31548,4.166
"1057",105.6,22.6758201980198,-421.600834862385,4.166
"1058",105.7,22.6647622,-422.776395604396,4.166
"1059",105.8,22.6722895,-421.991603960396,4.166
"1060",105.9,22.6802587,-423.795592592593,4.16610185185185
"1061",106,22.6707063157895,-422.747141304348,4.1669347826087
"1062",106.1,22.6798792481203,-423.367871559633,4.16510091743119
"1063",106.2,22.666326969697,-423.05497029703,4.1659603960396
"1064",106.3,22.669792970297,-423.5014375,4.16402083333333
"1065",106.4,22.6865638,-423.731947368421,4.166
"1066",106.5,22.6906813,-423.842393939394,4.166
"1067",106.6,22.6706081188119,-424.96353,4.166
"1068",106.7,22.6760624242424,-424.76738,4.16622
"1069",106.8,22.67025,-425.044265486726,4.16780530973451
"1070",106.9,22.6984849,-423.855769911504,4.16603539823009
"1071",107,22.6770318,-421.64129,4.16611
"1072",107.1,22.6800541,-422.43222,4.16678
"1073",107.2,22.689576969697,-422.849792079208,4.16489108910891
"1074",107.3,22.691804,-423.410515151515,4.16420202020202
"1075",107.4,22.7034936,-424.070633663366,4.166
"1076",107.5,22.7103046,-424.358285714286,4.166
"1077",107.6,22.7039334,-425.26144,4.166
"1078",107.7,22.6918308270677,-425.749,4.166
"1079",107.8,22.6883345864662,-425.345786885246,4.166
"1080",107.9,22.7133694,-425.102344262295,4.166
"1081",108,22.6818250495049,-425.504980392157,4.166
"1082",108.1,22.7015673,-425.593108695653,4.16597826086957
"1083",108.2,22.6948683,-428.7296,4.1653
"1084",108.3,22.6915065346535,-430.9741,4.1678
"1085",108.4,22.664955959596,-430.8528,4.166
"1086",108.5,22.6741819,-431.5051,4.166
"1087",108.6,22.6795954,-432.719327102804,4.166
"1088",108.7,22.6793845,-432.968130434783,4.166
"1089",108.8,22.6787897,-433.0846,4.166
"1090",108.9,22.7014548484848,-433.291384615385,4.16603296703297
"1091",109,22.7078262376238,-432.763272727273,4.16869696969697
"1092",109.1,22.6969687878788,-432.622947368421,4.16580701754386
"1093",109.2,22.6935126,-433.186105263158,4.16405263157895
"1094",109.3,22.6924724,-433.975080808081,4.16693939393939
"1095",109.4,22.69202,-433.427727272727,4.166
"1096",109.5,22.6921507843137,-433.1841,4.166
"1097",109.6,22.6901351515152,-432.817414141414,4.166
"1098",109.7,22.6860928,-432.857447619048,4.16610476190476
"1099",109.8,22.7084396,-433.168547368421,4.167
"1100",109.9,22.7221494736842,-434.474881188119,4.16689108910891
"1101",110,22.7164652631579,-435.883306122449,4.166
"1102",110.1,22.7086111111111,-435.934198019802,4.16611881188119
"1103",110.2,22.7283454455446,-435.68899009901,4.167
"1104",110.3,22.7376544,-436.3138,4.1669
"1105",110.4,22.7176596,-438.479737373737,4.16610101010101
"1106",110.5,22.7183789108911,-440.4864,4.16689
"1107",110.6,22.7257354545455,-440.694316831683,4.166
"1108",110.7,22.7216084158416,-441.4453,4.1659
"1109",110.8,22.7278172727273,-442.031626262626,4.16510101010101
"1110",110.9,22.7224062,-441.7683,4.1658
"1111",111,22.7256206,-442.451707547169,4.16402830188679
"1112",111.1,22.7179655555556,-448.422462264151,4.16685849056604
"1113",111.2,22.7353258415842,-450.803698275862,4.16509482758621
"1114",111.3,22.7288788888889,-451.637318965517,4.16595689655172
"1115",111.4,22.708783,-451.503444444444,4.166
"1116",111.5,22.7112259,-452.41281512605,4.166
"1117",111.6,22.726077593985,-456.227941176471,4.166
"1118",111.7,22.7225888721805,-456.3017,4.166
"1119",111.8,22.7434077777778,-456.094448979592,4.16602040816327
"1120",111.9,22.7502213861386,-455.480130434783,4.1679347826087
"1121",112,22.7536906,-456.174867924528,4.166
"1122",112.1,22.740654962406,-456.766157894737,4.16615789473684
"1123",112.2,22.726677518797,-456.821244897959,4.16879591836735
"1124",112.3,22.7551522222222,-456.500287128713,4.16688118811881
"1125",112.4,22.7451024752475,-456.50100990099,4.166
"1126",112.5,22.7450811111111,-456.016747474747,4.166
"1127",112.6,22.73974,-457.676876190476,4.166
"1128",112.7,22.7528052475248,-457.134857142857,4.16611428571429
"1129",112.8,22.7535618,-458.49445054945,4.168
"1130",112.9,22.7585158,-457.866467889908,4.16781651376147
"1131",113,22.7334655555556,-458.378474747475,4.166
"1132",113.1,22.7394842574257,-458.60646,4.16594
"1133",113.2,22.7515944444444,-457.942171428571,4.16305714285714
"1134",113.3,22.7458107,-460.350742857143,4.16591428571429
"1135",113.4,22.7139963366337,-459.951793814433,4.166
"1136",113.5,22.7141655555556,-468.082823529412,4.166
"1137",113.6,22.7360973267327,-481.936178217822,4.16609900990099
"1138",113.7,22.7275255555556,-478.451318181818,4.167
"1139",113.8,22.7066858955224,-475.910409090909,4.167
"1140",113.9,22.7123202238806,-476.572192307692,4.16694230769231
"1141",114,22.7319085,-474.9475,4.166
"1142",114.1,22.755845049505,-473.250672268908,4.16591596638655
"1143",114.2,22.7551411111111,-475.857394957983,4.1650756302521
"1144",114.3,22.7604379207921,-474.471541284404,4.166
"1146",114.5,22.7376034,-473.837514851485,4.166
"1147",114.6,22.7549086,-473.60412,4.16609
"1148",114.7,22.7461788888889,-472.524525862069,4.167
"1149",114.8,22.7433624752475,-475.008146551724,4.167
"1150",114.9,22.7388211111111,-477.02051,4.16691
"1151",115,22.71352,-475.789116504854,4.16591262135922
"1152",115.1,22.7032275,-474.930134020619,4.1650618556701
"1153",115.2,22.6706611111111,-475.097104347826,4.166
"1154",115.3,22.6785686138614,-474.064930434783,4.166
"1155",115.4,22.6888849494949,-477.1303,4.166
"1156",115.5,22.7033070149254,-476.977,4.166
"1157",115.6,22.6946279104478,-476.7138,4.1659
"1158",115.7,22.700371010101,-483.6094,4.165
"1159",115.8,22.6712323529412,-485.909439252336,4.165
"1160",115.9,22.6550811111111,-484.299793478261,4.16503260869565
"1161",116,22.6777271641791,-483.105480392157,4.16610784313726
"1162",116.1,22.6838017910448,-486.37055,4.16691
"1163",116.2,22.6689463,-489.572285714286,4.166
"1164",116.3,22.6754256,-487.845692982456,4.166
"1165",116.4,22.6838788,-486.597447368421,4.166
"1166",116.5,22.6895666,-488.233722772277,4.166
"1167",116.6,22.694732,-487.648090909091,4.16609090909091
"1168",116.7,22.7155233,-487.536798165138,4.16690825688073
"1169",116.8,22.711673,-488.292725274725,4.16601098901099
"1170",116.9,22.6794051,-487.030574257426,4.167
"1171",117,22.6898334,-487.200636363636,4.16690909090909
"1172",117.1,22.698783030303,-486.8368,4.166
"1173",117.2,22.7206064,-486.752327586207,4.166
"1174",117.3,22.7035011881188,-486.825603448276,4.166
"1175",117.4,22.707415,-486.444757281554,4.166
"1176",117.5,22.6959384,-486.717822429907,4.166
"1178",117.7,22.7220926315789,-485.493450980392,4.16490196078431
"1179",117.8,22.7164084210526,-485.100153846154,4.16392307692308
"1180",117.9,22.7033204,-485.082475247525,4.16307920792079
"1181",118,22.6997608910891,-485.244548387097,4.16509677419355
"1182",118.1,22.7131233,-486.73894117647,4.16780392156863
"1183",118.2,22.7035642,-485.779676767677,4.166
"1184",118.3,22.6988496,-486.538363636364,4.166
"1185",118.4,22.706557,-486.040118811881,4.166
"1186",118.5,22.6985387,-486.626090909091,4.16590909090909
"1187",118.6,22.703536,-486.28058490566,4.16509433962264
"1188",118.7,22.6885071,-486.176473684211,4.166
"1189",118.8,22.712595050505,-485.15599,4.16618
"1190",118.9,22.7002732,-484.574411214953,4.16783177570094
"1191",119,22.7178424,-484.075395833333,4.166
"1192",119.1,22.7330636,-483.971865979381,4.166
"1193",119.2,22.7363864,-484.285909090909,4.166
"1194",119.3,22.7295788,-484.896739130435,4.166
"1195",119.4,22.7243419548872,-488.214130434783,4.166
"1196",119.5,22.7282667669173,-491.818272727273,4.166
"1197",119.6,22.7086376,-490.849095238095,4.16609523809524
"1198",119.7,22.7220203960396,-490.564882978723,4.167
"1199",119.8,22.7041477,-491.066,4.16689108910891
"1200",119.9,22.6989179699248,-492.4654,4.1661
"1201",120,22.7364743609023,-493.84811881188,4.16719801980198
"1202",120.1,22.7417012,-503.599909090909,4.16872727272727
"1203",120.2,22.755642,-515.4568,4.166
"1204",120.3,22.7343628,-512.6025,4.166
"1205",120.4,22.7357552,-510.8054,4.1661
"1206",120.5,22.7192505940594,-512.794613861386,4.16690099009901
"1207",120.6,22.7139317171717,-512.676178571429,4.166
"1208",120.7,22.7413536,-513.522607142857,4.166
"1209",120.8,22.7391656,-513.72318,4.16673
"1210",120.9,22.7265084,-514.23631,4.16409
"1211",121,22.7430316,-517.40067,4.16509
"1212",121.1,22.7403981818182,-515.973572815534,4.166
"1213",121.2,22.7419537623762,-518.592082474227,4.166
"1214",121.3,22.7512492,-519.490182692308,4.166
"1215",121.4,22.7513472,-518.690631578947,4.166
"1216",121.5,22.7477228,-518.6009,4.1661
"1217",121.6,22.7548010526316,-521.073,4.16680198019802
"1218",121.7,22.7622221052632,-520.809166666667,4.165
"1219",121.8,22.7410836363636,-519.904112244898,4.16502040816327
"1220",121.9,22.7404155445545,-519.428308510638,4.167
"1221",122,22.73469,-519.336221238938,4.1669203539823
"1222",122.1,22.7585436,-518.883123893805,4.16603539823009
"1223",122.2,22.7859314851485,-518.277257425743,4.166
"1224",122.3,22.7673384848485,-518.123320754717,4.166
"1225",122.4,22.7573656435644,-518.999532608696,4.166
"1226",122.5,22.7550114141414,-519.299166666667,4.166
"1227",122.6,22.7487692,-519.220524271845,4.16626213592233
"1228",122.7,22.7591268,-519.541649484536,4.16869072164948
"1229",122.8,22.7418596969697,-520.042540816327,4.16418367346939
"1230",122.9,22.7278726732673,-519.942792079208,4.166
"1231",123,22.7382915151515,-519.895636363636,4.166
"1233",123.2,22.7169975,-521.102272727273,4.166
"1235",123.4,22.6861273529412,-520.322306122449,4.166
"1236",123.5,22.6793401010101,-521.972291262136,4.16619417475728
"1237",123.6,22.690547029703,-522.517322916667,4.16778125
"1238",123.7,22.7006066,-522.436712871287,4.16510891089109
"1239",123.8,22.7003621212121,-523.8409,4.166
"1240",123.9,22.7012409090909,-527.976134615385,4.16590384615385
"1241",124,22.712816969697,-530.152625,4.1650625
"1242",124.1,22.7034269306931,-529.0061,4.166
"1243",124.2,22.6862096969697,-528.321055555556,4.16609259259259
"1244",124.3,22.695655,-528.31264516129,4.16697849462366
"1245",124.4,22.683852970297,-529.128897959184,4.166
"1246",124.5,22.6936445454545,-532.333111111111,4.16588888888889
"1247",124.6,22.6917243137255,-531.560178217822,4.16523762376238
"1248",124.7,22.6885506060606,-530.394,4.16689
"1249",124.8,22.6757212871287,-529.91369,4.16611
"1250",124.9,22.678962,-529.643465346535,4.16710891089109
"1251",125,22.6861853535354,-529.8135,4.1678
"1252",125.1,22.7002571287129,-530.262777777778,4.166
"1253",125.2,22.7186422222222,-530.792900990099,4.16589108910891
"1254",125.3,22.7166128,-530.880346938775,4.16510204081633
"1255",125.4,22.7358708,-530.668882352941,4.166
"1256",125.5,22.7336147368421,-532.028526315789,4.166
"1257",125.6,22.7205094736842,-533.333789473684,4.166
"1258",125.7,22.729253030303,-532.8709,4.1651
"1259",125.8,22.7106125,-532.8028,4.16616
"1260",125.9,22.7152625,-533.5708,4.16776
"1261",126,22.718025,-534.936740740741,4.16509259259259
"1262",126.1,22.7195876237624,-535.092979591837,4.166
"1263",126.2,22.7265839393939,-535.233224489796,4.166
"1264",126.3,22.7184914705882,-536.313,4.166
"1265",126.4,22.7316776767677,-536.596333333333,4.166
"1266",126.5,22.7180516,-536.308721649485,4.1660824742268
"1267",126.6,22.7207216,-535.847307692308,4.16689423076923
"1268",126.7,22.7257557575758,-536.259368932039,4.166
"1269",126.8,22.6941874257426,-537.036434782609,4.16604347826087
"1270",126.9,22.7003506060606,-537.806891089109,4.167
"1271",127,22.711635,-538.36648,4.16689
"1272",127.1,22.71526,-538.098009345794,4.166
"1273",127.2,22.710035,-537.541731182796,4.166
"1274",127.3,22.707705,-537.20013,4.166
"1275",127.4,22.718914949495,-537.26178,4.166
"1276",127.5,22.7201681188119,-537.923972477064,4.16610091743119
"1277",127.6,22.6987025,-538.281829787234,4.16702127659574
"1278",127.7,22.6868289552239,-537.894113207547,4.16792452830189
"1279",127.8,22.6846647761194,-537.174284210526,4.16697894736842
"1280",127.9,22.6865,-536.652083333333,4.16614583333333
"1281",128,22.687805,-536.32,4.1678
"1282",128.1,22.6889635353535,-536.06778125,4.166
"1283",128.2,22.6834432673267,-536.064052631579,4.166
"1284",128.3,22.6715325,-536.3791,4.166
"1285",128.4,22.67575,-536.525737373737,4.16610101010101
"1286",128.5,22.6700127722772,-537.367587155963,4.16689908256881
"1287",128.6,22.6906766666667,-539.061450980392,4.16598039215686
"1289",128.8,22.6998584848485,-546.95802970297,4.16621782178218
"1290",128.9,22.72136,-548.36090990991,4.16781981981982
"1291",129,22.7353025,-547.660009009009,4.16601801801802
"1292",129.1,22.7195885858586,-545.742076923077,4.166
"1293",129.2,22.7105755445545,-549.13241818182,4.166
"1294",129.3,22.7017007070707,-562.60332727273,4.166
"1295",129.4,22.6893514925373,-563.451421052632,4.16606315789474
"1296",129.5,22.7036649253731,-562.501555555556,4.16666666666667
"1297",129.6,22.689605,-562.381445544554,4.16423762376238
"1298",129.7,22.7084083168317,-563.720243478261,4.16590434782609
"1299",129.8,22.7288511111111,-564.331547826087,4.1650347826087
"1300",129.9,22.7531476,-564.605263157895,4.166
"1301",130,22.7363063366337,-566.042204081633,4.166
"1302",130.1,22.69914,-566.090823529412,4.166
"1303",130.2,22.7180692079208,-565.668,4.166
"1304",130.3,22.7086287878788,-564.5277,4.1657
"1305",130.4,22.71875,-563.409202020202,4.16320202020202
"1306",130.5,22.7231075,-562.5704,4.16511
"1307",130.6,22.7377775,-562.54843,4.16589
"1308",130.7,22.736615,-565.20159,4.16489
"1309",130.8,22.7196313131313,-567.084813084112,4.16430841121495
"1310",130.9,22.7217895049505,-566.671553191489,4.16695744680851
"1311",131,22.7235708080808,-566.645761904762,4.166
"1312",131.1,22.7286106,-566.734788135593,4.166
"1313",131.2,22.7092962,-567.230550847458,4.166
"1314",131.3,22.6965844,-567.544893617021,4.166
"1315",131.4,22.7195200990099,-566.95691,4.16622
"1316",131.5,22.712232020202,-566.576774509804,4.16789215686275
"1317",131.6,22.7144658208955,-566.58207,4.16691
"1318",131.7,22.6979882089552,-567.347454545455,4.166
"1319",131.8,22.6993732,-568.4145,4.1661
"1320",131.9,22.7135264,-568.318111111111,4.16691452991453
"1321",132,22.694878,-568.029222222222,4.16605982905983
"1322",132.1,22.6758316,-567.750118811881,4.166
"1323",132.2,22.6919968,-568.130181818182,4.166
"1324",132.3,22.692698,-569.568138613862,4.16609900990099
"1325",132.4,22.6895558415842,-571.454094827586,4.16731034482759
"1326",132.5,22.6625275,-572.577370689655,4.17075862068966
"1327",132.6,22.67313,-573.307636363636,4.16872727272727
"1328",132.7,22.6963136363636,-573.890534653465,4.16590099009901
"1329",132.8,22.7142736,-574.492705357143,4.16516071428571
"1330",132.9,22.6947766,-574.456098214286,4.16694642857143
"1331",133,22.6928294,-574.2696,4.166
"1332",133.1,22.692612,-574.1949,4.166
"1333",133.2,22.7059081818182,-574.511871794872,4.166
"1334",133.3,22.706521641791,-574.36058974359,4.166
"1335",133.4,22.6913425373134,-574.394669902912,4.16761165048544
"1336",133.5,22.6993693,-574.825680412371,4.16414432989691
"1337",133.6,22.7227241584158,-575.91,4.1659
"1338",133.7,22.7543708,-576.3527,4.1651
"1339",133.8,22.7750646,-576.4326,4.166
"1340",133.9,22.7904516,-575.491363636364,4.166
"1342",134.1,22.8009277227723,-574.601336734694,4.166
"1343",134.2,22.79265,-574.8055,4.16592857142857
"1344",134.3,22.8120975,-575.230358490566,4.16508490566038
"1345",134.4,22.8060415151515,-575.548031914893,4.16596808510638
"1346",134.5,22.7869092,-575.95552293578,4.16516513761468
"1348",134.7,22.790953,-576.57701,4.167
"1349",134.8,22.7818602,-576.543909090909,4.16690909090909
"1350",134.9,22.7795006,-576.3652,4.166
"1351",135,22.7822741414141,-576.9065,4.166
"1352",135.1,22.7803417,-577.595652173913,4.166
"1353",135.2,22.785134,-578.052173913044,4.166
"1354",135.3,22.7821403960396,-578.375690265487,4.1660796460177
"1355",135.4,22.7873522,-578.950026548673,4.16696460176991
"1356",135.5,22.7947796240601,-580.367634408602,4.16502150537634
"1357",135.6,22.8035089473684,-582.554636363636,4.16590909090909
"1358",135.7,22.7725017171717,-584.669,4.1648
"1359",135.8,22.7442466,-585.522683168317,4.16329702970297
"1360",135.9,22.7255684,-585.29614,4.166
"1361",136,22.7108621,-585.686545454545,4.166
"1362",136.1,22.7081572277228,-586.492891089109,4.166
"1363",136.2,22.7038604040404,-587.01837,4.16609
"1364",136.3,22.7357773267327,-587.71806122449,4.167
"1365",136.4,22.7161812,-588.480291666667,4.16681666666667
"1366",136.5,22.7127986,-589.201125,4.16515
"1367",136.6,22.7269986,-591.270329896907,4.1689381443299
"1368",136.7,22.7346760606061,-591.618727272727,4.16781818181818
"1369",136.8,22.7327391,-591.78380952381,4.166
"1370",136.9,22.7341241,-592.484907216495,4.166
"1371",137,22.7313881,-593.650612244898,4.166
"1372",137.1,22.7283385,-595.053118811881,4.166
"1373",137.2,22.7325527819549,-595.743727272727,4.166
"1374",137.3,22.7277482706767,-596.489918918919,4.16572972972973
"1375",137.4,22.7249196,-596.879108108108,4.16302702702703
"1376",137.5,22.7296333663366,-596.8422,4.16591428571429
"1377",137.6,22.7283412,-597.46488,4.16508
"1378",137.7,22.7083132,-599.128510638298,4.16695744680851
"1379",137.8,22.705649,-601.168119266055,4.166
"1380",137.9,22.6933296969697,-603.004206521739,4.166
"1381",138,22.6862224,-605.301415254237,4.166
"1382",138.1,22.669164,-607.361584745762,4.166
"1383",138.2,22.6703804,-607.769727272727,4.16709090909091
"1384",138.3,22.6542988,-606.6085,4.1677
"1385",138.4,22.6619572727273,-606.325663366337,4.16509900990099
"1386",138.5,22.6497191089109,-606.06098,4.16609
"1387",138.6,22.655591,-605.57553,4.167
"1388",138.7,22.6630091,-603.08991,4.16691
"1389",138.8,22.6697293,-601.7933,4.166
"1390",138.9,22.6858363636364,-602.53261,4.166
"1391",139,22.6874435643564,-602.930811320755,4.166
"1392",139.1,22.6789145454545,-603.019723404255,4.16596808510638
"1393",139.2,22.6915348514851,-603.182054054054,4.16475675675676
"1394",139.3,22.6852507,-603.393765765766,4.16205405405405
"1395",139.4,22.6740409774436,-603.0059,4.166
"1396",139.5,22.6827853383459,-602.782272727273,4.16609090909091
"1398",139.7,22.6728296039604,-603.6028,4.1642
"1399",139.8,22.6858909090909,-605.1796,4.166
"1400",139.9,22.682514,-605.9926,4.166
"1401",140,22.6948779207921,-606.442689655172,4.166
"1402",140.1,22.7111945454545,-606.299586206897,4.166
"1403",140.2,22.7089337254902,-606.327653465347,4.16609900990099
"1404",140.3,22.7155616,-607.211727272727,4.16690909090909
"1405",140.4,22.7183804,-608.569495049505,4.166
"1406",140.5,22.7195842,-610.65799,4.166
"1407",140.6,22.714606969697,-611.52129,4.166
"1408",140.7,22.7312505940594,-611.89788,4.166
"1409",140.8,22.7178041414141,-612.155163636364,4.166
"1410",140.9,22.7213635,-611.656981818182,4.166
"1411",141,22.7372348,-610.73306,4.166
"1412",141.1,22.7172658646617,-609.986990909091,4.16591818181818
"1413",141.2,22.6967320300752,-609.442445454545,4.16500909090909
"1414",141.3,22.7030060204082,-609.321769911504,4.16508849557522
"1415",141.4,22.7231975247525,-609.439469026549,4.16597345132743
"1416",141.5,22.7107576,-610.14754,4.16409
"1417",141.6,22.7204916,-610.574186915888,4.16508411214953
"1418",141.7,22.7188901980198,-610.201739130435,4.166
"1419",141.8,22.7440463636364,-610.0037,4.166
"1420",141.9,22.7374956,-609.930839285714,4.166
"1421",142,22.697436,-609.769232142857,4.166
"1422",142.1,22.677906,-609.484471153846,4.16591346153846
"1423",142.2,22.6846964,-609.210263157895,4.16505263157895
"1424",142.3,22.6784468,-609.160247524753,4.166
"1425",142.4,22.681309009901,-609.56362,4.166
"1426",142.5,22.6761487,-610.49512,4.166
"1427",142.6,22.6731729,-611.610657142857,4.166
"1428",142.7,22.6602507,-613.212347368421,4.166
"1429",142.8,22.6750590909091,-614.87973,4.166
"1430",142.9,22.669634,-615.820818181818,4.166
"1431",143,22.6784681818182,-616.186884615385,4.166
"1432",143.1,22.6793820792079,-616.4961875,4.1660625
"1433",143.2,22.6709564,-617.288132231405,4.1668347107438
"1434",143.3,22.6758678947368,-618.129454545455,4.16518181818182
"1435",143.4,22.6680032330827,-619.2702,4.1669
"1436",143.5,22.6635855555556,-620.525271186441,4.16625423728814
"1437",143.6,22.6509107920792,-621.537983050847,4.16879661016949
"1438",143.7,22.6492502020202,-621.821169811321,4.166
"1439",143.8,22.654868,-621.802548387097,4.166
"1440",143.9,22.6675383168317,-621.1085,4.166
"1441",144,22.6822584848485,-620.305666666667,4.166
"1442",144.1,22.6922005882353,-619.530065217391,4.166
"1443",144.2,22.6932836363636,-619.182816513761,4.16618348623853
"1444",144.3,22.6948146534654,-619.286,4.16797802197802
"1445",144.4,22.6497369,-619.8304,4.1661
"1446",144.5,22.63802,-619.7248,4.1669
"1447",144.6,22.6427946534653,-618.291465346535,4.166
"1448",144.7,22.65075,-617.1211,4.166
"1449",144.8,22.6207968,-616.8976,4.166
"1450",144.9,22.6396672727273,-616.56325,4.166
"1451",145,22.6691266917293,-616.51399,4.16609
"1452",145.1,22.6643221804511,-616.73453,4.167
"1453",145.2,22.6859258585859,-617.02156,4.16727
"1454",145.3,22.6789320792079,-617.000636363636,4.16963636363636
"1455",145.4,22.6591803,-616.9147,4.166
"1456",145.5,22.6784715,-616.7187,4.166
"1457",145.6,22.6636532673267,-616.9857,4.1661
"1458",145.7,22.6470604040404,-619.616300000001,4.1669
"1459",145.8,22.6706477227723,-625.886900000001,4.166
"1460",145.9,22.6549751515151,-633.406,4.166
"1461",146,22.6588175,-636.6633,4.166
"1462",146.1,22.6580358,-637.1692,4.1661
"1463",146.2,22.6622721212121,-637.3615,4.1669
"1464",146.3,22.6897570588235,-636.9002,4.166
"1465",146.4,22.6993504040404,-636.196455445545,4.166
"1466",146.5,22.6850368,-635.49244,4.166
"1467",146.6,22.6727298,-635.310535714286,4.166
"1468",146.7,22.6765538383838,-635.149821428571,4.166
"1469",146.8,22.6693214851485,-634.76977,4.16609
"1470",146.9,22.6798744444444,-634.473953271028,4.16708411214953
"1471",147,22.676826039604,-636.733301075268,4.16791397849463
"1472",147.1,22.654134,-639.48744,4.16418
"1473",147.2,22.6560067910448,-639.53927,4.16591
"1474",147.3,22.6781336567164,-638.93066,4.16509
"1475",147.4,22.6921606060606,-638.21204,4.16609
"1476",147.5,22.6841752475248,-637.618363636364,4.16690909090909
"1477",147.6,22.6799493939394,-637.6457,4.166
"1478",147.7,22.7028634653465,-639.025732673268,4.166
"1479",147.8,22.7046869,-643.087,4.166
"1480",147.9,22.6976241,-642.9395,4.166
"1481",148,22.6917730693069,-641.927663716814,4.16608849557522
"1482",148.1,22.6889854545455,-641.484300884956,4.16697345132743
"1483",148.2,22.6834895049505,-642.349545454546,4.16790909090909
"1485",148.4,22.6838964,-643.704198198198,4.167
"1486",148.5,22.7162386,-644.58618018018,4.167
"1487",148.6,22.6938378787879,-646.277029411764,4.16602941176471
"1488",148.7,22.7072074257426,-646.495572815534,4.166
"1489",148.8,22.7195958585859,-646.227670212766,4.166
"1490",148.9,22.7567197014925,-646.09596039604,4.166
"1491",149,22.7380853731343,-645.4152,4.16616
"1492",149.1,22.731645,-644.72672,4.16776
"1493",149.2,22.7097132673267,-644.28444,4.16508
"1494",149.3,22.7217608080808,-643.82997979798,4.16591919191919
"1495",149.4,22.702541,-643.39476,4.16509
"1496",149.5,22.7080717821782,-642.90943,4.166
"1497",149.6,22.6977311,-643.117920792079,4.166
"1498",149.7,22.6879835,-645.166631578948,4.1660701754386
"1499",149.8,22.7114829292929,-647.27452631579,4.16694736842105
"1500",149.9,22.714678,-647.181505050505,4.16608080808081
"1501",150,22.702018,-646.69938,4.16682
"1502",150.1,22.714156,-646.06851,4.16509
"1503",150.2,22.7009052475248,-645.270169642857,4.16616071428571
"1504",150.3,22.717146969697,-644.094276785714,4.16794642857143
"1505",150.4,22.7513787128713,-643.177,4.165
"1506",150.5,22.7460663636364,-643.194415841584,4.16508910891089
"1507",150.6,22.749306,-644.09544,4.16592
"1508",150.7,22.740297,-646.28516,4.165
"1509",150.8,22.763704,-646.06316,4.16508
"1510",150.9,22.7844259405941,-644.99136,4.16608
"1511",151,22.7848984848485,-643.98504,4.16676
"1512",151.1,22.7734298507463,-643.64472,4.16432
"1513",151.2,22.7543626865672,-644.577360000001,4.16784
"1514",151.3,22.76434,-650.974489795919,4.16608163265306
"1515",151.4,22.758357,-659.750517241379,4.167
"1516",151.5,22.740359,-658.355689655172,4.167
"1517",151.6,22.741816,-657.038202020202,4.166
"1518",151.7,22.744893,-657.97295,4.166
"1519",151.8,22.758246,-658.620117647059,4.166
"1520",151.9,22.7702677227723,-658.173060344827,4.16593965517241
"1521",152,22.7653128,-657.673922413793,4.1650775862069
"1522",152.1,22.7553603,-657.72716,4.16418
"1523",152.2,22.7529743434343,-657.488516949152,4.16607627118644
"1524",152.3,22.74843,-656.616483050847,4.16692372881356
"1525",152.4,22.759524,-656.910272727273,4.166
"1526",152.5,22.723039,-657.717158415841,4.166
"1527",152.6,22.681901,-659.78552,4.166
"1528",152.7,22.6869472727273,-660.94171,4.166
"1529",152.8,22.6965358208955,-660.303930693069,4.16582178217822
"1530",152.9,22.6961029850746,-659.179588235294,4.1641568627451
"1531",153,22.6740741,-659.244836734694,4.166
"1532",153.1,22.6516164356436,-662.08108,4.16608
"1533",153.2,22.649766,-663.58656,4.16692
"1534",153.3,22.660637,-662.278,4.166
"1535",153.4,22.6646848514851,-661.25731372549,4.166
"1536",153.5,22.6721406060606,-662.466199999998,4.166
"1537",153.6,22.652846,-670.330839999999,4.166
"1538",153.7,22.67313,-672.94608,4.166
"1539",153.8,22.674412,-671.531912280702,4.1660701754386
"1540",153.9,22.677781,-671.093315789474,4.16694736842105
"1541",154,22.6725433333333,-669.642319148936,4.16887234042553
"1542",154.1,22.6920942574257,-669.03436,4.165
"1543",154.2,22.708352,-668.23603960396,4.165
"1544",154.3,22.704281,-667.517414141414,4.16508080808081
"1545",154.4,22.712533,-667.908718181818,4.166
"1546",154.5,22.7099975757576,-667.527809090909,4.166
"1547",154.6,22.6790925742574,-666.984319148936,4.16502127659574
"1548",154.7,22.6863651515152,-665.846191919192,4.166
"1549",154.8,22.6791178,-665.220216216216,4.16591891891892
"1550",154.9,22.6741628,-664.43372972973,4.16501801801802
"1551",155,22.6817934586466,-664.128595959596,4.16683838383838
"1552",155.1,22.684417518797,-664.96523,4.165
"1553",155.2,22.6739119191919,-665.147651785714,4.16508035714286
"1554",155.3,22.6816241584158,-664.677116071428,4.16597321428571
"1555",155.4,22.6690856,-664.86429,4.166
"1556",155.5,22.6765944,-663.990853211009,4.16591743119266
"1557",155.6,22.6586783168317,-662.567,4.165
"1558",155.7,22.6581706060606,-662.192862068965,4.16586206896552
"1559",155.8,22.6776504901961,-662.81847,4.16591
"1560",155.9,22.6760487878788,-666.08258,4.16491
"1561",156,22.675741,-667.869762711864,4.16407627118644
"1562",156.1,22.669294,-666.878237288136,4.16492372881356
"1563",156.2,22.6825442424242,-667.29375,4.16501086956522
"1564",156.3,22.6778583168317,-666.7147,4.16618
"1565",156.4,22.6620233333333,-671.399799999998,4.16782
"1566",156.5,22.6537889,-682.3752,4.166
"1567",156.6,22.66703,-679.882108910891,4.166
"1568",156.7,22.6686569172932,-678.88292,4.16584
"1569",156.8,22.673905037594,-680.02276,4.16424
"1570",156.9,22.6529073737374,-678.06308,4.16684
"1571",157,22.6629422772277,-677.922696969697,4.16508080808081
"1572",157.1,22.6734811,-676.518008403361,4.166
"1573",157.2,22.6758687,-675.862546218487,4.166
"1574",157.3,22.6711888118812,-676.121193548387,4.16696774193548
"1575",157.4,22.6795124242424,-674.570849056604,4.16608490566038
"1576",157.5,22.6995853465347,-675.37664,4.166
"1577",157.6,22.6905290909091,-673.85728,4.16592
"1578",157.7,22.6959307,-674.278979591837,4.16508163265306
"1579",157.8,22.7068625,-674.059900990099,4.166
"1580",157.9,22.7179442424242,-673.13249,4.16627
"1581",158,22.7001435294118,-676.57589,4.16882
"1582",158.1,22.6780018181818,-675.751991150443,4.1668407079646
"1583",158.2,22.69412,-674.474115044248,4.16507079646018
"1584",158.3,22.7004175,-676.764257142857,4.166
"1585",158.4,22.690572,-675.409147368421,4.166
"1586",158.5,22.701873,-674.532293577981,4.166
"1588",158.7,22.7178504950495,-675.870185185185,4.16609259259259
"1589",158.8,22.7385804040404,-674.728717391305,4.167
"1590",158.9,22.75326,-680.6272,4.1668
"1591",159,22.74676,-680.6216,4.1651
"1592",159.1,22.7577452525253,-679.4969,4.1661
"1593",159.2,22.7623952941176,-681.978400000001,4.1669
"1594",159.3,22.7583261616162,-684.850217821782,4.166
"1595",159.4,22.7665852,-682.961743119266,4.16608256880734
"1597",159.6,22.7697884,-686.090820754717,4.166
"1598",159.7,22.7698362376238,-685.008989361702,4.16603191489362
"1599",159.8,22.7905872727273,-683.314623853211,4.167
"1601",160,22.7531998,-685.973170212766,4.165
"1602",160.1,22.7508999,-684.350168316832,4.16519801980198
"1603",160.2,22.7414676,-684.560818181819,4.16690909090909
"1604",160.3,22.730068,-687.125930693069,4.166
"1605",160.4,22.722006039604,-685.500454545455,4.166
"1606",160.5,22.723335,-683.940346534654,4.166
"1607",160.6,22.7222006015038,-683.264799999999,4.16591
"1608",160.7,22.7143359398496,-689.73599,4.165
"1609",160.8,22.7325685714286,-689.46654,4.16482
"1610",160.9,22.7248011881188,-687.39027,4.16327
"1611",161,22.728637979798,-685.534447368421,4.166
"1612",161.1,22.7497648,-684.094973684211,4.166
"1613",161.2,22.7638584158416,-687.993400000002,4.1651
"1614",161.3,22.7513733333333,-695.464009174311,4.166
"1615",161.4,22.7309097029703,-693.27501010101,4.166
"1616",161.5,22.7093796969697,-691.234795698924,4.166
"1617",161.6,22.7232964,-692.890272727271,4.166
"1618",161.7,22.7461164,-701.5149,4.1658
"1619",161.8,22.7414574257426,-698.7143,4.164
"1620",161.9,22.7478152475248,-696.674454545455,4.16409090909091
"1622",162.1,22.7864345098039,-699.27429,4.165
"1623",162.2,22.8084219191919,-699.42174,4.16509
"1624",162.3,22.825999,-697.243514563106,4.16591262135922
"1625",162.4,22.834532,-695.446,4.1650618556701
"1626",162.5,22.850601,-694.887129999999,4.16591
"1627",162.6,22.859479,-702.876454545455,4.16509090909091
"1628",162.7,22.8533727272727,-701.071891089109,4.166
"1629",162.8,22.8593372180451,-699.195090909091,4.16609090909091
"1630",162.9,22.8876830827068,-697.7928,4.1668
"1631",163,22.8733356,-699.0996,4.1652
"1632",163.1,22.8680496,-698.0081,4.1669
"1633",163.2,22.8605772727273,-696.473574257425,4.16590099009901
"1634",163.3,22.8828906930693,-695.091905172414,4.165
"1635",163.4,22.886424,-696.668629310345,4.165
"1636",163.5,22.8702932,-696.314388888889,4.16590740740741
"1637",163.6,22.8866248514851,-695.021673469388,4.1649387755102
"1638",163.7,22.8776928282828,-693.427409523809,4.16207619047619
"1639",163.8,22.8679841176471,-692.362647619048,4.16398095238095
"1640",163.9,22.8752263636364,-697.9453,4.166
"1641",164,22.8935512,-696.5629,4.166
"1642",164.1,22.885756,-695.105100917431,4.16590825688073
"1643",164.2,22.8822006,-694.288565217392,4.165
"1644",164.3,22.8972746534653,-699.93611,4.165
"1645",164.4,22.889543030303,-698.40386,4.16509
"1646",164.5,22.8903549253731,-696.89178,4.16591
"1647",164.6,22.8877579104478,-697.225636363636,4.165
"1648",164.7,22.9133783,-701.849641509434,4.16509433962264
"1649",164.8,22.9274987878788,-700.325851485148,4.166
"1650",164.9,22.9147408080808,-698.867191489362,4.16596808510638
"1651",165,22.9105983,-700.010859999999,4.16509
"1652",165.1,22.9233346534653,-704.00326,4.16591
"1653",165.2,22.9112016,-702.32423076923,4.165
"1654",165.3,22.909498,-700.715683760683,4.165
"1655",165.4,22.9130191919192,-704.801537037037,4.165
"1656",165.5,22.905503960396,-705.88395652174,4.16502173913044
"1657",165.6,22.9179246464646,-703.8922,4.1659
"1658",165.7,22.9192966,-702.023108910891,4.165
"1659",165.8,22.9359515841584,-700.855672727273,4.165
"1660",165.9,22.9415404,-704.184737373737,4.1649898989899
"1661",166,22.9491296039604,-704.211,4.166
"1662",166.1,22.9683674747475,-702.28601980198,4.16682178217822
"1663",166.2,22.9775496,-700.78020338983,4.16506779661017
"1664",166.3,22.9470588,-699.332745762712,4.16591525423729
"1665",166.4,22.9415536,-697.9622,4.1651
"1666",166.5,22.9372152,-701.310153846153,4.16507692307692
"1667",166.6,22.9387264,-703.356042105263,4.16591578947368
"1668",166.7,22.935499924812,-701.689763157894,4.16423684210526
"1669",166.8,22.9599059398496,-700.353798245614,4.16686842105263
"1670",166.9,22.9733476,-699.174800000001,4.165
"1671",167,22.9959408,-706.641010101009,4.16508080808081
"1672",167.1,22.9774139,-710.699722772277,4.16591089108911
"1673",167.2,22.9706845,-708.672991150442,4.16492920353982
"1674",167.3,22.9736207,-706.885380530973,4.16404424778761
"1675",167.4,22.9546193,-706.542787878789,4.165
"1676",167.5,22.9870054455446,-719.597465346535,4.165
"1677",167.6,23.0083724,-718.09968,4.16492
"1678",167.7,23.0097252,-715.56288,4.16408
"1679",167.8,22.9952876,-713.28059223301,4.165
"1680",167.9,22.9878027272727,-711.909864583333,4.16489583333333
"1681",168,23.0159376,-714.95386,4.16318
"1682",168.1,23.0110752,-712.81965,4.165
"1683",168.2,23.0018931683168,-710.819455445544,4.16491089108911
"1684",168.3,23.0456356,-709.426651376147,4.16407339449541
"1685",168.4,23.0556231578947,-713.297293577981,4.16499082568807
"1686",168.5,23.0425705263158,-716.4573,4.16391
"1687",168.6,23.0647947,-714.18265,4.16336
"1688",168.7,23.0664352,-712.606064220183,4.16666972477064
"1690",168.9,23.077427,-718.73078,4.16409
"1691",169,23.1012853,-716.580673267327,4.165
"1692",169.1,23.1087242,-714.773254901961,4.165
"1693",169.2,23.1114531,-716.411444444445,4.16494444444445
"1694",169.3,23.1059058,-724.668851851853,4.16401851851852
"1695",169.4,23.1430365,-722.443888888889,4.16490740740741
"1696",169.5,23.1334982,-719.782326732673,4.16408910891089
"1697",169.6,23.14953,-718.275470588234,4.1648431372549
"1698",169.7,23.1664371287129,-725.649835051546,4.16312371134021
"1699",169.8,23.1408149,-723.869833333333,4.165
"1700",169.9,23.1235659405941,-721.644065217391,4.16501086956522
"1701",170,23.1446736,-719.765722689075,4.1658487394958
"1702",170.1,23.1145609090909,-723.095974789915,4.16416806722689
"1703",170.2,23.0867077227723,-721.726841584158,4.16491089108911
"1704",170.3,23.0934755555556,-719.58892,4.164
"1705",170.4,23.1355474,-718.492227722772,4.16415841584158
"1706",170.5,23.1707755,-719.238686868687,4.16578787878788
"1707",170.6,23.2047903759398,-717.09672,4.16316
"1709",170.8,23.19349,-712.468855855856,4.163
"1710",170.9,23.240944,-710.667054054054,4.163
"1711",171,23.260509,-709.722858585859,4.164
"1712",171.1,23.253423,-714.180070707071,4.164
"1713",171.2,23.2540624752475,-712.392323529411,4.16408823529412
"1714",171.3,23.26502,-710.893857142857,4.16492857142857
"1715",171.4,23.2571425742574,-716.456,4.16392173913043
"1716",171.5,23.2291067,-719.056,4.16305217391304
"1717",171.6,23.250601,-716.694979381443,4.16694845360825
"1718",171.7,23.2725267,-715.455480000001,4.16584
"1719",171.8,23.2702,-720.933656565656,4.164
"1720",171.9,23.2633423762376,-718.905,4.16407692307692
"1721",172,23.2543833333333,-716.882777777778,4.16493162393162
"1722",172.1,23.2630208910891,-716.579705882353,4.164
"1723",172.2,23.2589849,-715.7726,4.164
"1724",172.3,23.2598690225564,-714.015121212121,4.164
"1726",172.5,23.26402,-713.73184,4.16444
"1727",172.6,23.234848,-713.95548,4.15856
"1728",172.7,23.2423916,-713.496504950495,4.165
"1729",172.8,23.247687,-712.02284,4.16507
"1730",172.9,23.2608755445545,-714.314262626262,4.16585858585859
"1731",173,23.2547866666667,-712.46194059406,4.164
"1732",173.1,23.2720044,-711.910212121212,4.16407070707071
"1733",173.2,23.2589858,-711.00724,4.16492
"1734",173.3,23.2663306,-710.050369369369,4.164
"1735",173.4,23.2912528,-709.291536082474,4.164
"1736",173.5,23.3099496969697,-707.707,4.164
"1737",173.6,23.3208074509804,-707.595444444445,4.16491919191919
"1738",173.7,23.3179533333333,-706.2007,4.164
"1739",173.8,23.33892,-707.10705,4.16409
"1740",173.9,23.3419721,-706.09153,4.16491
"1741",174,23.3376233333333,-708.56451,4.16391
"1742",174.1,23.3042832673267,-711.168262135923,4.16308737864078
"1743",174.2,23.3012133333333,-709.549577319588,4.1639381443299
"1744",174.3,23.3146592079208,-710.500416666667,4.163
"1745",174.4,23.3453166666667,-709.241076086957,4.16303260869565
"1746",174.5,23.3478681954887,-714.394613861386,4.166
"1747",174.6,23.3395285074627,-714.77525925926,4.16585185185185
"1749",174.8,23.3417208910891,-712.2978,4.16568
"1750",174.9,23.3510651515152,-711.06244,4.16216
"1751",175,23.365187,-711.481515151515,4.16383838383838
"1752",175.1,23.3545120792079,-711.430267326731,4.16217821782178
"1753",175.2,23.3581276767677,-720.190171717172,4.16391919191919
"1754",175.3,23.3518614705882,-719.169923076923,4.16307692307692
"1755",175.4,23.3905233333333,-717.291290598291,4.16393162393162
"1756",175.5,23.3865016,-717.766666666667,4.161125
"1757",175.6,23.3878404,-715.72724,4.16392
"1758",175.7,23.3949516161616,-715.034414141414,4.16291919191919
"1759",175.8,23.40644,-714.106252173913,4.16215652173913
"1760",175.9,23.4004274747475,-713.220165217391,4.16389565217391
"1761",176,23.4115908910891,-712.05893939394,4.163
"1762",176.1,23.4483292,-711.245584158416,4.163
"1763",176.2,23.4513403007519,-712.131070707071,4.16308080808081
"1764",176.3,23.4399532835821,-713.419079207921,4.16391089108911
"1765",176.4,23.4401778787879,-712.1902,4.16316
"1766",176.5,23.4626701980198,-711.15532,4.16484
"1767",176.6,23.4634251515151,-710.49604,4.16308
"1768",176.7,23.4922705263158,-710.976373737374,4.16391919191919
"1769",176.8,23.5276265671642,-713.005207920792,4.16308910891089
"1770",176.9,23.5081682828283,-714.034323232323,4.16391919191919
"1771",177,23.536160990099,-713.806,4.16307692307692
"1772",177.1,23.5790781818182,-713.250444444445,4.16393162393162
"1773",177.2,23.5910748,-713.221827956989,4.16301075268817
"1774",177.3,23.584889009901,-712.88316,4.16292
"1775",177.4,23.613692,-716.629080000001,4.162
"1776",177.5,23.6207877227723,-723.011,4.16208
"1777",177.6,23.6457046464646,-720.908343434344,4.163
"1778",177.7,23.6735711881188,-719.60116,4.16291
"1779",177.8,23.681265,-718.0904,4.16209
"1780",177.9,23.6820334,-718.17975,4.16291
"1781",178,23.6771588,-717.50462,4.16209
"1782",178.1,23.6919526262626,-716.292663366337,4.16291089108911
"1783",178.2,23.7004211881188,-714.754351351351,4.16178378378378
"1784",178.3,23.7373567676768,-712.946243243243,4.15908108108108
"1785",178.4,23.7429975373134,-711.65525,4.16150862068966
"1786",178.5,23.7352051515152,-711.802534482758,4.16184482758621
"1787",178.6,23.799946,-712.797362068965,4.16012068965517
"1788",178.7,23.8370725,-711.516093457944,4.163
"1789",178.8,23.8735843434343,-711.12897029703,4.1629801980198
"1790",178.9,23.89783,-710.772010752688,4.162
"1791",179,23.90509,-709.8226,4.162
"1792",179.1,23.931254,-708.31492,4.162
"1793",179.2,23.9376427722772,-707.120813559322,4.16206779661017
"1794",179.3,23.9487711111111,-706.580983050848,4.16291525423729
"1795",179.4,23.9644807920792,-704.52596,4.15924
"1796",179.5,23.9714593939394,-702.71606779661,4.16193220338983
"1797",179.6,24.002037,-701.516915254238,4.16108474576271
"1798",179.7,24.0287015,-700.404722772277,4.161
"1799",179.8,24.0639805,-700.236474747475,4.161
"1800",179.9,24.08516,-700.924314285714,4.161
"1801",180,24.0977166666667,-701.003357894737,4.161
"1802",180.1,24.1228795522388,-699.851584158416,4.161
"1804",180.3,24.1186495959596,-695.077,4.16008910891089
"1805",180.4,24.137132,-692.417838095238,4.16092380952381
"1806",180.5,24.1710221212121,-690.239617021277,4.15996808510638
"1807",180.6,24.2051258208955,-688.556309734513,4.1591592920354
"1808",180.7,24.2204196969697,-688.181973451327,4.16092920353982
"1809",180.8,24.2089444,-686.6752,4.159
"1810",180.9,24.1869288,-685.25652,4.15908
"1811",181,24.2177116,-683.480357142857,4.15992857142857
"1812",181.1,24.2470192,-682.047321428572,4.15903571428571
"1813",181.2,24.2587684,-680.237153846154,4.15992307692308
"1814",181.3,24.2858388,-678.827752136752,4.15906837606838
"1815",181.4,24.3089957425743,-676.604811881188,4.159
"1816",181.5,24.333079,-673.990838095239,4.15907619047619
"1817",181.6,24.3251040594059,-670.619159574468,4.15996808510638
"1818",181.7,24.3187867676768,-667.8897,4.15891
"1819",181.8,24.3566625,-665.862076923077,4.15807692307692
"1820",181.9,24.3774895,-664.262931623932,4.15893162393162
"1821",182,24.399426,-661.94351,4.158
"1822",182.1,24.431598,-659.923357142858,4.158
"1823",182.2,24.455246,-657.727198019802,4.15782178217822
"1824",182.3,24.4648642105263,-655.549707070707,4.15624242424242
"1825",182.4,24.4993936363636,-653.753891089109,4.15882178217822
"1826",182.5,24.4862888,-652.140113043479,4.157
"1827",182.6,24.5198052,-650.254026086957,4.157
"1828",182.7,24.543832,-645.797170212765,4.15702127659574
"1829",182.8,24.5515893069307,-640.870140186915,4.15792523364486
"1830",182.9,24.548966,-636.101787878788,4.157
"1831",183,24.577047,-630.576872340427,4.15697872340426
"1832",183.1,24.6132331683168,-624.920120000001,4.15608
"1833",183.2,24.6520596,-619.85204,4.15692
"1834",183.3,24.6431256,-615.011,4.156
"1835",183.4,24.640201,-610.461814159293,4.156
"1836",183.5,24.6559735353535,-606.426415929204,4.156
"1837",183.6,24.6784895,-601.661151515152,4.15507070707071
"1838",183.7,24.698282,-597.757128712871,4.156
"1839",183.8,24.7317875,-593.93874,4.15607
"1840",183.9,24.7624195,-590.03397,4.15693
"1841",184,24.78373,-586.309545454545,4.156
"1842",184.1,24.8247878787879,-582.665640000001,4.15592
"1843",184.2,24.8128908,-579.24001980198,4.15507920792079
"1844",184.3,24.8051136,-575.750317307692,4.15593269230769
"1845",184.4,24.8411212,-572.723303030304,4.1550303030303
"1846",184.5,24.8869358646617,-569.593536082475,4.1559175257732
"1847",184.6,24.9039998507463,-566.341770000001,4.15407
"1848",184.7,24.92549,-563.557090909091,4.155
"1849",184.8,24.9150261386139,-560.787168316831,4.155
"1850",184.9,24.9461890909091,-557.587264150943,4.15493396226415
"1851",185,24.9543931,-555.187863157895,4.15401052631579
"1852",185.1,24.9556365346535,-552.491429906542,4.155
"1853",185.2,24.9748790909091,-550.065261682242,4.155
"1854",185.3,24.9975530392157,-547.54504,4.15958
"1855",185.4,25.0074481818182,-544.866504273504,4.154
"1856",185.5,25.0377416831683,-542.845136752137,4.154
"1857",185.6,25.057324,-540.2671,4.15493
"1858",185.7,25.0866318181818,-538.105917431193,4.154
"1859",185.8,25.0966816831683,-536.061880733945,4.154
"1860",185.9,25.1111368686869,-534.109196078432,4.154
"1861",186,25.1236044,-532.065978723405,4.154
"1862",186.1,25.1309388,-530.130843137255,4.15407843137255
"1863",186.2,25.1773773684211,-528.368285714286,4.15487755102041
"1864",186.3,25.19461,-526.46088,4.15308
"1865",186.4,25.1883118181818,-524.79744,4.15384
"1866",186.5,25.2190979207921,-523.14644,4.15224
"1867",186.6,25.2375518181818,-521.579752136752,4.15493162393162
"1868",186.7,25.2496049,-520.189153846154,4.15407692307692
"1869",186.8,25.2708546534653,-518.742066666667,4.154
"1870",186.9,25.2711163636364,-517.27524742268,4.154
"1871",187,25.2747918627451,-515.982787037037,4.154
"1872",187.1,25.2926014141414,-514.598527777778,4.154
"1873",187.2,25.310128,-513.311606060606,4.15592929292929
"1874",187.3,25.3427912,-512.068103448276,4.15493103448276
"1875",187.4,25.3730672727273,-510.881896551724,4.15406896551724
"1876",187.5,25.3858122772277,-509.26329,4.152
"1877",187.6,25.3803963636364,-508.20945,4.15214
"1878",187.7,25.3968847524752,-507.142396226415,4.154
"1879",187.8,25.3878236,-506.047529411765,4.15399019607843
"1880",187.9,25.4120190909091,-504.900470588235,4.15300980392157
"1881",188,25.4250435643564,-503.771009433962,4.15406603773585
"1882",188.1,25.4430654545455,-502.561591836735,4.15497959183674
"1883",188.2,25.4382534653465,-501.8094375,4.153
"1884",188.3,25.4401381818182,-500.696383838384,4.15285858585859
"1885",188.4,25.4323082706767,-499.674952380952,4.15107619047619
"1886",188.5,25.4176185074627,-498.83215625,4.15203125
"1887",188.6,25.397185959596,-497.84456,4.15307
"1888",188.7,25.4384371287129,-496.93016,4.15393
"1889",188.8,25.4718418181818,-495.758595959596,4.153
"1890",188.9,25.464656,-495.093579439252,4.153
"1891",189,25.4690322772277,-494.075846938775,4.15301020408163
"1892",189.1,25.5122244,-493.065237113402,4.15390721649485
"1893",189.2,25.5297481188119,-492.204666666667,4.15118181818182
"1894",189.3,25.5176472727273,-491.32284,4.154
"1895",189.4,25.5090305940594,-490.533717171717,4.15392929292929
"1896",189.5,25.501714,-489.721683168317,4.153
"1897",189.6,25.5309424,-488.832282828283,4.153
"1898",189.7,25.5351108,-488.133034482759,4.153
"1899",189.8,25.5520718181818,-487.395965517241,4.153
"1900",189.9,25.5507798019802,-486.61097979798,4.15292929292929
"1901",190,25.5521163636364,-485.67724,4.15208
"1902",190.1,25.5732897744361,-485.156880733945,4.15307339449541
"1903",190.2,25.6115740298507,-484.367889908257,4.15399082568807
"1904",190.3,25.6066787878788,-483.569204081633,4.15212244897959
"1905",190.4,25.6217043564356,-482.85428,4.15384
"1906",190.5,25.6348081818182,-482.106434343435,4.15208080808081
"1907",190.6,25.64082,-481.222544554456,4.153
"1908",190.7,25.6402197029703,-480.58228,4.15292
"1909",190.8,25.6556264646465,-480.01804,4.15208
"1910",190.9,25.6792643137255,-479.120747572815,4.153
"1911",191,25.7028,-478.40758490566,4.153
"1912",191.1,25.7231264,-477.979283018868,4.153
"1913",191.2,25.7201315,-477.190161290322,4.15202150537634
"1914",191.3,25.7191165656566,-476.46964,4.15291
"1915",191.4,25.6898996039604,-475.95412,4.15209
"1916",191.5,25.7187475757576,-475.31222,4.153
"1917",191.6,25.7344721782178,-474.59875,4.153
"1918",191.7,25.722231,-474.13487,4.153
"1919",191.8,25.7362688,-473.30955,4.153
"1920",191.9,25.7652056,-472.779551724138,4.1529224137931
"1921",192,25.7663547474747,-471.996793103448,4.15206034482759
"1922",192.1,25.7633588118812,-471.501473684211,4.15297894736842
"1923",192.2,25.7585170707071,-470.785092783505,4.15394845360825
"1924",192.3,25.7686095522388,-470.338962962963,4.15314814814815
"1926",192.5,25.8264076,-469.355929824562,4.153
"1927",192.6,25.8118442,-468.855052631579,4.153
"1928",192.7,25.8064317171717,-468.13859223301,4.153
"1929",192.8,25.8104840594059,-467.52125,4.153
"1930",192.9,25.8212448,-467.145021505376,4.153
"1931",193,25.8207708,-466.62404,4.15308
"1932",193.1,25.8309220792079,-465.85512,4.15384
"1933",193.2,25.8460487,-465.30102020202,4.15175757575758
"1934",193.3,25.8655318811881,-464.832554455446,4.14926732673267
"1935",193.4,25.8880763636364,-464.412871287129,4.15207920792079
"1936",193.5,25.8915738,-463.844185840708,4.15293805309734
"1937",193.6,25.8961847,-463.546840707965,4.15205309734513
"1938",193.7,25.8968881,-463.033666666667,4.15291919191919
"1939",193.8,25.8826398,-462.47624,4.15191
"1940",193.9,25.9000629292929,-461.99136,4.15109
"1941",194,25.925636119403,-461.329058823529,4.152
"1942",194.1,25.9292509090909,-460.993285714286,4.152
"1943",194.2,25.9004052,-460.473851485148,4.152
"1944",194.3,25.9074218,-460.001296296296,4.15207407407407
"1946",194.5,25.9707078217822,-459.018049504951,4.152
"1947",194.6,25.9932672,-458.791357142857,4.152
"1948",194.7,26.000782,-458.36955,4.152
"1949",194.8,25.9700151485148,-457.94799,4.15209
"1950",194.9,25.9687165,-457.37483,4.15291
"1951",195,25.9913016,-456.96606,4.15209
"1952",195.1,26.0052368686869,-456.58827,4.15291
"1953",195.2,26.0206196,-456.1117,4.15209
"1954",195.3,26.023287,-455.82254054054,4.15291891891892
"1955",195.4,26.048232,-455.339657657658,4.15201801801802
"1956",195.5,26.0450538613861,-454.783814159292,4.152
"1957",195.6,26.02741,-454.442217391304,4.152
"1958",195.7,26.0215588,-453.802,4.152
"1959",195.8,26.0426854,-453.598916666667,4.152
"1960",195.9,26.0601956,-453.205795698925,4.15201075268817
"1961",196,26.0651014,-452.516494949495,4.15291919191919
"1962",196.1,26.0643172,-452.201900990099,4.15208910891089
"1963",196.2,26.0808728571429,-452.0152,4.15284
"1964",196.3,26.0814951515151,-451.395686956522,4.15106956521739
"1965",196.4,26.0883125,-451.241773913044,4.15193913043478
"1966",196.5,26.102163,-450.791567567568,4.152
"1967",196.6,26.1104617,-450.264540540541,4.152
"1968",196.7,26.105366,-450.110584158416,4.15191089108911
"1969",196.8,26.1071918,-449.65236,4.151
"1970",196.9,26.0937408,-449.34636,4.15132
"1971",197,26.0877203960396,-449.049379310345,4.15479310344828
"1972",197.1,26.1204962,-448.591620689655,4.15220689655172
"1973",197.2,26.1317612871287,-448.290292929293,4.15016161616162
"1974",197.3,26.1591103,-447.812574257426,4.152
"1975",197.4,26.1569805,-447.400343434343,4.152
"1976",197.5,26.1290266,-447.04041,4.152
"1977",197.6,26.1419002,-446.77942,4.152
"1978",197.7,26.1524967,-446.4077,4.15182
"1979",197.8,26.1602303030303,-445.95075,4.15009
"1980",197.9,26.1674771428571,-445.63979,4.15118
"1981",198,26.1494306060606,-445.44703,4.15291
"1982",198.1,26.1465906,-445.030347457627,4.15222881355932
"1983",198.2,26.1741857,-444.782307692308,4.1552967032967
"1984",198.3,26.2026679,-444.49,4.152
"1985",198.4,26.2033517,-444.13819047619,4.152
"1987",198.6,26.1852007,-443.568831683168,4.152
"1988",198.7,26.1604069,-443.22432,4.152
"1989",198.8,26.1542,-443.028,4.15192307692308
"1990",198.9,26.1652576,-442.822653465347,4.1510396039604
"1991",199,26.1709293939394,-442.486810526316,4.15196842105263
"1992",199.1,26.162706,-442.09795412844,4.151
"1993",199.2,26.1647641584158,-441.909880733945,4.151
"1994",199.3,26.1728514851485,-441.549642857143,4.152
"1995",199.4,26.1707433663366,-441.307678571429,4.152
"1996",199.5,26.1980144444444,-440.974121212121,4.152
"1997",199.6,26.2384152,-440.72253,4.15191
"1998",199.7,26.2135406,-440.44889,4.15127
"1999",199.8,26.1982470707071,-440.25477,4.15382
"2000",199.9,26.1964999,-439.906564356436,4.152
"2001",200,26.2030291,-439.570485148515,4.15184158415842
"2002",200.1,26.1979123308271,-439.472252525253,4.15014141414141
"2003",200.2,26.2107985074627,-438.85012,4.152
"2004",200.3,26.2063266666667,-438.59384,4.152
"2005",200.4,26.206428,-438.399929824561,4.152
"2006",200.5,26.183744,-438.299052631579,4.152
"2007",200.6,26.19891,-438.013445544554,4.15191089108911
"2008",200.7,26.2272122772277,-437.629622641509,4.15107547169811
"2009",200.8,26.2593151,-437.375643564356,4.1519801980198
"2010",200.9,26.2517011881188,-437.15901010101,4.1510101010101
"2011",201,26.2417282,-437.051473684211,4.15202105263158
"2012",201.1,26.2488375247525,-436.554052083333,4.15285416666667
"2013",201.2,26.2570061,-436.423701923077,4.15110576923077
"2014",201.3,26.2534582828283,-436.15542,4.152
"2015",201.4,26.2272868,-435.865307692308,4.152
"2016",201.5,26.2364836,-435.619888888889,4.152
"2017",201.6,26.2626018,-435.451,4.152
"2018",201.7,26.2634358,-435.120836734694,4.1529387755102
"2019",201.8,26.2784527272727,-434.89290990991,4.15207207207207
"2020",201.9,26.2813727272727,-434.566783783784,4.15297297297297
"2021",202,26.2849,-434.28404,4.15207
"2022",202.1,26.281238,-434.14701,4.15293
"2023",202.2,26.273288,-433.898056074766,4.152
"2024",202.3,26.269054,-433.756,4.152
"2026",202.5,26.2738963636364,-433.0855,4.152
"2027",202.6,26.274376,-432.934971153846,4.15190384615385
"2028",202.7,26.307186,-432.772270833333,4.15002083333333
"2029",202.8,26.3232058415842,-432.39615,4.15195
"2030",202.9,26.3336852,-431.966969387755,4.15089795918367
"2031",203,26.3389787878788,-431.688788990826,4.14919266055046
"2032",203.1,26.3187178217822,-431.442917431193,4.15194495412844
"2033",203.2,26.3183146,-431.120026086956,4.152
"2034",203.3,26.3356709,-431.006113043478,4.152
"2035",203.4,26.3475767,-430.759916666667,4.152
"2036",203.5,26.3618193939394,-430.515082568807,4.152
"2037",203.6,26.3566542574257,-430.353614678899,4.152
"2038",203.7,26.3315272727273,-430.200571428571,4.152
"2039",203.8,26.314384,-429.945214285714,4.152
"2040",203.9,26.329092,-429.46592,4.15016
"2041",204,26.36104,-429.14044,4.152
"2042",204.1,26.3814687128713,-429.08292,4.152
"2043",204.2,26.399203030303,-428.75184,4.152
"2044",204.3,26.3760821782178,-428.629572815534,4.15192233009709
"2045",204.4,26.375125,-428.278030927835,4.151
"2046",204.5,26.3975866,-427.993495238095,4.15107619047619
"2047",204.6,26.3864256,-427.652894736842,4.152
"2048",204.7,26.3966063636364,-427.418037037037,4.15177777777778
"2050",204.9,26.4062663636364,-426.959811881188,4.15213861386139
"2051",205,26.4085151485149,-426.814396226415,4.15388679245283
"2052",205.1,26.4072482,-426.671,4.152
"2053",205.2,26.4358566666667,-426.470019607843,4.152
"2054",205.3,26.4408513861386,-426.186682926829,4.15193495934959
"2055",205.4,26.4370227272727,-425.945219512195,4.15112195121951
"2056",205.5,26.428374,-425.806157894737,4.15095789473684
"2057",205.6,26.45757,-425.65636,4.14914
"2058",205.7,26.44348,-425.40793,4.151
"2059",205.8,26.4167362376238,-425.206717171717,4.151
"2060",205.9,26.4387978787879,-424.998168316832,4.151
"2061",206,26.456838,-424.74101010101,4.151
"2062",206.1,26.461628,-424.546275229358,4.151
"2063",206.2,26.477708,-424.57471559633,4.151
"2064",206.3,26.483518,-424.201615384615,4.152
"2065",206.4,26.5036798989899,-424.122294736842,4.15196842105263
"2066",206.5,26.5007867326733,-423.961054545455,4.15121818181818
"2067",206.6,26.5108195959596,-423.749236363636,4.15394545454545
"2068",206.7,26.5063667,-423.18596,4.15116
"2069",206.8,26.4984864,-422.95308,4.15292
"2070",206.9,26.5175612121212,-422.782465346535,4.15160396039604
"2071",207,26.5193452941176,-422.649627272727,4.14725454545455
"2072",207.1,26.5316685858586,-422.501445454545,4.15089090909091
"2073",207.2,26.5313602970297,-422.321543103448,4.152
"2074",207.3,26.551598,-422.129301724138,4.152
"2075",207.4,26.53583,-422.047504854369,4.152
"2076",207.5,26.5331773267327,-421.717429906542,4.15282242990654
"2077",207.6,26.5519142424242,-421.5013,4.153
"2078",207.7,26.5499335643564,-421.185293478261,4.15102173913043
"2079",207.8,26.5413593939394,-421.03245,4.15279
"2080",207.9,26.530244,-420.8664,4.15007
"2081",208,26.52862,-420.68203030303,4.15107070707071
"2082",208.1,26.5190794949495,-420.446379310345,4.15193103448276
"2083",208.2,26.4896248514851,-420.288620689655,4.15106896551724
"2084",208.3,26.4740837373737,-420.128255102041,4.15105102040816
"2085",208.4,26.4898459,-419.938797979798,4.15207070707071
"2086",208.5,26.4859444,-419.823136752137,4.15293162393162
"2087",208.6,26.475764,-419.724846153846,4.15207692307692
"2088",208.7,26.4820753465346,-419.475148514851,4.151
"2089",208.8,26.4666726262626,-419.146525252525,4.15085858585859
"2090",208.9,26.4746027722772,-418.915821782178,4.14923762376238
"2091",209,26.48508,-418.739125,4.1519375
"2092",209.1,26.504712,-418.569482142857,4.15104464285714
"2093",209.2,26.508114,-418.5255625,4.152
"2094",209.3,26.5093361616162,-418.34986,4.152
"2095",209.4,26.5004583168317,-418.23561,4.15193
"2096",209.5,26.4802293939394,-417.97023,4.151
"2097",209.6,26.5054573,-417.85272,4.15107
"2098",209.7,26.5106030693069,-417.661727272727,4.15180909090909
"2099",209.8,26.4918554545455,-417.643545454545,4.14908181818182
"2100",209.9,26.5011983168317,-417.422414141414,4.14921212121212
"2101",210,26.5148421212121,-417.24668,4.15192
"2102",210.1,26.5258009,-417.115924528302,4.151
"2103",210.2,26.5484315,-416.960468085106,4.151
"2104",210.3,26.5744308080808,-416.592935779816,4.151
"2105",210.4,26.5923008910891,-416.327323232323,4.1509898989899
"2106",210.5,26.6117543434343,-416.295,4.152
"2107",210.6,26.6416732,-416.39608,4.15116
"2108",210.7,26.630773,-416.256592592593,4.15262962962963
"2110",210.9,26.6011060784314,-415.706669724771,4.15377981651376
"2111",211,26.6263367676768,-415.452541284404,4.15102752293578
"2112",211.1,26.633877029703,-415.53634,4.151
"2113",211.2,26.631065,-415.21269,4.151
"2114",211.3,26.623801,-415.07472,4.15107
"2115",211.4,26.6335192079208,-414.88584,4.152
"2116",211.5,26.6358642424242,-414.86522,4.15193
"2117",211.6,26.6491771287129,-414.439464646465,4.15107070707071
"2118",211.7,26.6543506060606,-414.365514851485,4.15192079207921
"2119",211.8,26.6483615,-414.04082,4.151
"2120",211.9,26.658175,-413.98509,4.151
"2121",212,26.6610066,-414.1530625,4.151
"2122",212.1,26.6609158,-414.068241071429,4.151
"2123",212.2,26.6324105050505,-413.7374375,4.151
"2124",212.3,26.6071051485149,-413.690841584158,4.15184158415842
"2125",212.4,26.6016613131313,-413.48599,4.15007
"2126",212.5,26.6042098,-413.258727272727,4.151
"2127",212.6,26.587237029703,-413.21976,4.15116
"2128",212.7,26.5630286,-412.95352,4.1526
"2129",212.8,26.578259009901,-412.85852,4.14824
"2130",212.9,26.594162020202,-413.12264,4.151
"2131",213,26.5990515,-412.777424778761,4.151
"2132",213.1,26.6139601,-412.682734513274,4.151
"2133",213.2,26.613557,-412.5154375,4.15103125
"2134",213.3,26.6183094,-412.426375,4.1518125
"2135",213.4,26.6051639393939,-412.193830188679,4.15193396226415
"2136",213.5,26.5719402970297,-412.150085106383,4.151
"2137",213.6,26.5820915,-412.2461,4.15107
"2138",213.7,26.6019636,-412.165048076923,4.15193269230769
"2139",213.8,26.6114898,-411.94084375,4.151
"2140",213.9,26.6147623,-411.831718446602,4.151
"2141",214,26.5976989,-411.678237113402,4.151
"2142",214.1,26.5851416161616,-411.69237,4.151
"2143",214.2,26.5902144,-411.49177,4.151
"2144",214.3,26.577866,-411.410817307692,4.151
"2145",214.4,26.5503684,-411.427789473684,4.151
"2146",214.5,26.5306658,-411.163588785047,4.15092523364486
"2147",214.6,26.5198506060606,-411.00767,4.15004
"2148",214.7,26.5203546,-410.776505376344,4.15396774193548
"2149",214.8,26.5218172277228,-410.71468,4.151
"2150",214.9,26.5150428,-410.50228,4.151
"2151",215,26.5320354455446,-410.213547169811,4.151
"2152",215.1,26.5297187878788,-410.155,4.15097894736842
"2153",215.2,26.5255269306931,-409.95738,4.15007
"2154",215.3,26.5366606,-409.796,4.151
"2155",215.4,26.5409681,-409.696,4.151
"2156",215.5,26.5445559,-409.313080808081,4.151
"2157",215.6,26.5746713,-409.288722772277,4.15068316831683
"2158",215.7,26.5697641,-409.13697,4.14728
"2159",215.8,26.5487683,-409.00923,4.151
"2160",215.9,26.5746234343434,-408.90306,4.151
"2161",216,26.5657826,-408.86036,4.151
"2162",216.1,26.5591158,-408.802808080808,4.15092929292929
"2163",216.2,26.5566174,-408.68536,4.15008
"2164",216.3,26.5673466,-408.697306930693,4.151
"2165",216.4,26.5992193939394,-408.39078,4.151
"2166",216.5,26.5968631683168,-408.423326732673,4.15113861386139
"2167",216.6,26.578079,-408.173939393939,4.15293939393939
"2168",216.7,26.5758054455446,-407.991313131313,4.15192929292929
"2169",216.8,26.5699555,-408.061473684211,4.151
"2170",216.9,26.5626701010101,-408.229894736842,4.151
"2171",217,26.5754089108911,-408.218231578947,4.151
"2172",217.1,26.5674311111111,-408.072345454545,4.15092727272727
"2173",217.2,26.5761902,-408.014163636364,4.15001818181818
"2174",217.3,26.5893394,-407.745696969697,4.15006060606061
"2175",217.4,26.568183,-407.699561403509,4.15106140350877
"2176",217.5,26.5703527722772,-407.550438596491,4.15193859649123
"2177",217.6,26.5753807070707,-407.47183,4.15093
"2178",217.7,26.5871222,-407.3325,4.15006481481482
"2179",217.8,26.5908728,-407.0825,4.15099074074074
"2180",217.9,26.5888198,-407.008881188119,4.151
"2181",218,26.5716518,-406.86044,4.151
"2182",218.1,26.5685672727273,-406.755910891089,4.15093069306931
"2183",218.2,26.5819705,-406.70544,4.15006
"2184",218.3,26.577953,-406.758818181818,4.151
"2185",218.4,26.5954136,-406.499822429907,4.151
"2187",218.6,26.5938205050505,-406.182534653465,4.14620792079208
"2188",218.7,26.5981041176471,-406.026606060606,4.14912121212121
"2189",218.8,26.5956296,-405.792240384615,4.151
"2190",218.9,26.6120266336634,-405.848735294118,4.151
"2191",219,26.6074636,-405.773468085106,4.15101063829787
"2192",219.1,26.6189861,-405.71924,4.15179
"2193",219.2,26.6197397029703,-405.647405940594,4.14920792079208
"2194",219.3,26.6129875510204,-405.52948,4.15188
"2195",219.4,26.6324998019802,-405.47302,4.15
"2196",219.5,26.6480583838384,-405.20514,4.15024
"2197",219.6,26.6412626,-405.174982142857,4.15383928571429
"2198",219.7,26.6303382,-405.158017857143,4.15116071428571
"2199",219.8,26.6242090909091,-405.105363636364,4.151
"2200",219.9,26.6221415841584,-405.025,4.151
"2201",220,26.6162381818182,-404.833388888889,4.151
"2202",220.1,26.6190347,-404.773203703704,4.151
"2203",220.2,26.6329741,-404.544615384615,4.15290384615385
"2204",220.3,26.6332039,-404.636927083333,4.151
"2205",220.4,26.632752254902,-404.717551020408,4.15079591836735
"2206",220.5,26.6358454545455,-404.57445,4.14742
"2207",220.6,26.6358582178218,-404.50175,4.15286
"2208",220.7,26.6181681,-404.31884,4.151
"2209",220.8,26.593243,-404.04358,4.151
"2210",220.9,26.5938615,-403.93205,4.151
"2211",221,26.5962198989899,-403.74698,4.151
"2212",221.1,26.6017022772277,-403.572970588235,4.151
"2213",221.2,26.6171025252525,-403.561764227642,4.151
"2214",221.3,26.6114336363636,-403.617048780488,4.151
"2215",221.4,26.6031100990099,-403.48314,4.15076
"2216",221.5,26.5776133333333,-403.359757575758,4.14718181818182
"2217",221.6,26.5534983168317,-403.33556,4.15007
"2218",221.7,26.5881233333333,-403.06239,4.151
"2219",221.8,26.6023847524752,-403.03043,4.151
"2220",221.9,26.5908684,-402.868653465347,4.151
"2221",222,26.6068036363636,-402.582606060606,4.15093939393939
"2222",222.1,26.5969271287129,-402.57954,4.15
"2223",222.2,26.5808472727273,-402.41101980198,4.15
"2224",222.3,26.5778324,-402.364089285714,4.15
"2225",222.4,26.599911,-402.248910714286,4.15
"2226",222.5,26.6069484848485,-402.242990291262,4.15093203883495
"2227",222.6,26.6123219607843,-402.090979591837,4.15
"2228",222.7,26.6071642424242,-402.0544,4.15006
"2229",222.8,26.6258552475248,-401.849727272727,4.151
"2230",222.9,26.6483715151515,-401.741782178218,4.151
"2231",223,26.6294017,-401.7886,4.151
"2232",223.1,26.6446181188119,-401.509490566038,4.15094339622642
"2233",223.2,26.6634112121212,-401.401,4.15
"2234",223.3,26.6660291089109,-401.384739837398,4.15081300813008
"2235",223.4,26.6658812121212,-401.2141,4.15088
"2236",223.5,26.6588229,-401.149307692308,4.14910256410256
"2237",223.6,26.645927,-401.087769230769,4.15081196581197
"2238",223.7,26.6394972,-400.853051020408,4.151
"2239",223.8,26.6519643,-400.80218,4.151
"2240",223.9,26.662076969697,-400.568188679245,4.151
"2242",224.1,26.6897624,-400.311401869159,4.14922429906542
"2243",224.2,26.699796,-400.23476635514,4.15296261682243
"2244",224.3,26.6934683168317,-400.20504,4.15
"2245",224.4,26.6836315151515,-400.058691588785,4.14992523364486
"2246",224.5,26.6999687128713,-400.090177083333,4.14902083333333
"2247",224.6,26.712384040404,-399.907255102041,4.151
"2248",224.7,26.7133812,-399.721087719298,4.151
"2249",224.8,26.700726,-399.650912280702,4.151
"2250",224.9,26.69155,-399.47581,4.15007
"2251",225,26.6943262376238,-399.20128,4.15014
"2252",225.1,26.67469,-399.193633663366,4.152
"2253",225.2,26.6736876,-399.043121212121,4.15187878787879
"2254",225.3,26.6777294059406,-399.065818181818,4.14978787878788
"2255",225.4,26.6784986868687,-398.920514851485,4.14723762376238
"2256",225.5,26.6768030693069,-398.77916,4.15
"2257",225.6,26.6560753535354,-398.666375,4.15
"2258",225.7,26.6495824,-398.543160714286,4.15
"2259",225.8,26.6840899009901,-398.37752,4.15
"2260",225.9,26.7129803030303,-398.210384615385,4.15007692307692
"2261",226,26.7108616831683,-398.194047619048,4.1509619047619
"2262",226.1,26.7085341414141,-397.970238095238,4.15000952380952
"2263",226.2,26.7300768,-397.979945454545,4.15087272727273
"2264",226.3,26.7317333333333,-398.036309090909,4.14905454545455
"2265",226.4,26.720328,-397.860633663366,4.15
"2266",226.5,26.7267474257426,-397.760787878788,4.15
"2267",226.6,26.7534811111111,-397.57568,4.15
"2268",226.7,26.7567582352941,-397.573772277228,4.15
"2269",226.8,26.7459058585859,-397.32217,4.15
"2270",226.9,26.7558764,-397.2564375,4.15
"2271",227,26.7494991089109,-397.234116071429,4.15
"2272",227.1,26.73267,-397.08636,4.15093
"2273",227.2,26.73267,-397.034159292035,4.15
"2274",227.3,26.73267,-396.979292035398,4.15
"2275",227.4,26.73267,-397.012764705882,4.1536862745098
"2276",227.5,26.73267,-396.85796969697,4.15
"2277",227.6,26.73267,-396.680277227723,4.15
"2278",227.7,26.73267,-396.581515151515,4.15
"2279",227.8,26.73267,-396.465921568627,4.15
"2280",227.9,26.73267,-396.66875257732,4.15
"2281",228,26.73267,-396.413592592593,4.15014814814815
"2283",228.2,26.73267,-396.07986,4.15107
"2284",228.3,26.73267,-396.069708737864,4.1518640776699
"2285",228.4,26.73267,-395.958680412371,4.1499587628866
"2286",228.5,26.73267,-396.01085,4.14907
"2287",228.6,26.73267,-395.869134615385,4.15
"2288",228.7,26.73267,-395.7665625,4.15
"2289",228.8,26.73267,-395.538633663366,4.15
"2290",228.9,26.73267,-395.557163265306,4.15012244897959
"2291",229,26.73267,-395.302089108911,4.152
"2292",229.1,26.7354056435644,-395.338636363636,4.15157575757576
"2293",229.2,26.738084,-395.330287128713,4.14623762376238
"2294",229.3,26.7351888,-395.122070707071,4.14914141414141
"2295",229.4,26.7255344,-394.93212,4.15092
"2296",229.5,26.713976,-394.83762745098,4.15
"2297",229.6,26.708838,-394.656757575758,4.15
"2298",229.7,26.7132633333333,-394.641121212121,4.15
"2299",229.8,26.7278345,-394.466861386139,4.15
"2300",229.9,26.734234,-394.255434343434,4.15007070707071
"2301",230,26.722456,-394.25272,4.151
"2302",230.1,26.729809,-394.296702970297,4.15092079207921
"2303",230.2,26.7599281818182,-394.16804,4.15014
"2304",230.3,26.765807,-394.045054545455,4.15193636363636
"2305",230.4,26.7598956435644,-393.988690909091,4.15102727272727
"2306",230.5,26.7394815,-393.89788,4.15
"2307",230.6,26.719628019802,-393.887612244898,4.15
"2308",230.7,26.7202376,-393.75156,4.15
"2309",230.8,26.729288,-393.65904,4.15
"2310",230.9,26.7270532,-393.572882352941,4.15007843137255
"2311",231,26.7180344,-393.49176,4.15106
"2312",231.1,26.7138068,-393.3422,4.152
"2313",231.2,26.7103108,-393.264103448276,4.15189655172414
"2314",231.3,26.7165304,-393.215827586207,4.1501724137931
"2315",231.4,26.719378,-393.106730769231,4.14903846153846
"2317",231.6,26.727857,-392.86256,4.15
"2318",231.7,26.724096,-392.689545454546,4.15
"2319",231.8,26.712459,-392.5312,4.15
"2320",231.9,26.717962,-392.368873786408,4.15003883495146
"2321",232,26.7217690909091,-392.512563106796,4.15198058252427
"2322",232.1,26.713459009901,-392.24701980198,4.14827722772277
"2323",232.2,26.7026325,-392.207654545455,4.15194545454546
"2324",232.3,26.7215305,-392.218563636364,4.15103636363636
"2325",232.4,26.7152965,-392.053696969697,4.15
"2326",232.5,26.7034290909091,-391.92668,4.15
"2327",232.6,26.7125136,-391.94984,4.15
"2328",232.7,26.7045822,-391.95078,4.15
"2329",232.8,26.711770990099,-391.802272727273,4.15006363636364
"2330",232.9,26.726544,-391.620454545455,4.15097272727273
"2331",233,26.7099765,-391.442862745098,4.14888235294118
"2332",233.1,26.6952805,-391.463768421053,4.14614736842105
"2333",233.2,26.706714,-391.438722772277,4.15286138613861
"2334",233.3,26.712128,-391.24387755102,4.1509387755102
"2335",233.4,26.703549,-391.187026086957,4.15
"2336",233.5,26.7141465,-391.074852173913,4.15
"2337",233.6,26.711595,-391.08018,4.15
"2338",233.7,26.7099818181818,-390.953375,4.15
"2339",233.8,26.7204904,-390.81440625,4.15003125
"2340",233.9,26.7177798,-390.650641509434,4.1508679245283
"2341",234,26.7127058,-390.786616161616,4.1490101010101
"2342",234.1,26.7167772,-390.749102040816,4.15002040816327
"2343",234.2,26.7321365656566,-390.744391752577,4.15087628865979
"2344",234.3,26.7171200990099,-390.532171717172,4.14814141414141
"2345",234.4,26.699107,-390.658168316832,4.15
"2346",234.5,26.7610574257426,-390.403484848485,4.15
"2347",234.6,26.8179515,-390.23476,4.15
"2348",234.7,26.827048,-390.18585046729,4.14992523364486
"2349",234.8,26.8387441584158,-390.18295,4.14903
"2350",234.9,26.8418222222222,-390.07745631068,4.152
"2351",235,26.8452055,-389.923087378641,4.152
"2352",235.1,26.844353,-389.840528301887,4.14915094339623
"2353",235.2,26.8286775,-389.845914893617,4.15097872340425
"2354",235.3,26.830577,-389.795186440678,4.15
"2355",235.4,26.8256672727273,-389.785016949153,4.15
"2356",235.5,26.8218302970297,-389.561062992126,4.15
"2357",235.6,26.8524236363636,-389.582322834646,4.15
"2358",235.7,26.8706828,-389.53018,4.15
"2359",235.8,26.8889478,-389.39702020202,4.15
"2360",235.9,26.8968051515152,-389.187226415094,4.14992452830189
"2361",236,26.871092254902,-389.188063157895,4.14902105263158
"2362",236.1,26.8743890909091,-389.083653465347,4.15006930693069
"2363",236.2,26.8839718,-388.884454545455,4.15093939393939
"2364",236.3,26.8834448,-388.782125,4.15
"2365",236.4,26.8487063636364,-388.765903846154,4.15
"2366",236.5,26.8415602970297,-388.629365384615,4.15
"2367",236.6,26.8551831313131,-388.474280373832,4.15
"2369",236.8,26.864254,-388.493294117647,4.15
"2370",236.9,26.8515982,-388.625941176471,4.14990196078431
"2371",237,26.859204950495,-388.480484848485,4.148
"2372",237.1,26.8608272727273,-388.201808695652,4.14810434782609
"2373",237.2,26.8666051485149,-388.047026086956,4.15071304347826
"2374",237.3,26.8857045,-388.125033898305,4.14949152542373
"2375",237.4,26.8793425,-387.97889010989,4.14978021978022
"2376",237.5,26.8723735,-387.896676767677,4.15
"2377",237.6,26.8640781818182,-387.935184210526,4.15
"2378",237.7,26.8665218,-387.662043478261,4.15
"2379",237.8,26.8796249494949,-387.579434782609,4.15
"2380",237.9,26.8761533,-387.498532110092,4.14833027522936
"2381",238,26.8697028,-387.34094,4.14706
"2382",238.1,26.8685136363636,-387.33184,4.148
"2383",238.2,26.8827711764706,-387.196606060606,4.14812121212121
"2384",238.3,26.8876671717172,-387.085058252427,4.15
"2385",238.4,26.8674518811881,-387.124793103448,4.15
"2386",238.5,26.8681124,-387.069620689655,4.15
"2387",238.6,26.8693424,-387.039791208791,4.15
"2388",238.7,26.8628425742574,-386.8831,4.14993
"2389",238.8,26.8582818181818,-386.720582524272,4.149
"2390",238.9,26.8533562376238,-386.652412371134,4.1489175257732
"2391",239,26.8653390909091,-386.475405660377,4.14706603773585
"2392",239.1,26.8793422,-386.465979166667,4.14802083333333
"2393",239.2,26.8748648,-386.377418367347,4.15
"2394",239.3,26.8729090909091,-386.525613861386,4.14993069306931
"2395",239.4,26.8825336633663,-386.403411764706,4.14905882352941
"2396",239.5,26.8831913131313,-386.254412371134,4.15
"2397",239.6,26.8975423,-386.350207920792,4.14993069306931
"2398",239.7,26.9126187,-386.24928,4.14894
"2399",239.8,26.9020147,-386.11116,4.14824
"2400",239.9,26.8825146078431,-386.31542,4.15182
"2401",240,26.8918154545455,-386.03102970297,4.14911881188119
"2402",240.1,26.895377,-385.885923076923,4.15091452991453
"2403",240.2,26.8917898,-385.824384615385,4.14920512820513
"2404",240.3,26.8787831313131,-385.897830188679,4.14994339622641
"2406",240.5,26.90077,-385.702852631579,4.14998947368421
"2407",240.6,26.89792,-385.597303030303,4.14906060606061
"2408",240.7,26.8885934,-385.63223,4.15007
"2409",240.8,26.8830287878788,-385.61178,4.15114
"2410",240.9,26.8888434653465,-385.465326732673,4.15272277227723
"2411",241,26.9004138383838,-385.325333333333,4.14906060606061
"2412",241.1,26.885186039604,-385.376306930693,4.15
"2413",241.2,26.9006374747475,-385.349242424242,4.15
"2414",241.3,26.8935933,-385.079472727273,4.15
"2415",241.4,26.8799032,-385.157654545455,4.15
"2416",241.5,26.8902234343434,-384.908313131313,4.14905050505051
"2417",241.6,26.8827929411765,-384.832235294118,4.14994117647059
"2418",241.7,26.8762566666667,-384.727793814433,4.1489175257732
"2419",241.8,26.8904095049505,-384.81565,4.14714
"2420",241.9,26.9040586,-384.811,4.14913725490196
"2421",242,26.8897584848485,-384.804333333333,4.15084848484848
"2422",242.1,26.8805651485149,-384.67222,4.14812
"2423",242.2,26.8557741414141,-384.57062,4.15
"2424",242.3,26.8302402970297,-384.61324,4.14994
"2425",242.4,26.8608122,-384.156589285714,4.14905357142857
"2426",242.5,26.8718818,-384.316410714286,4.14994642857143
"2427",242.6,26.8510163366337,-384.154079207921,4.15013861386139
"2428",242.7,26.8540954545455,-384.001151515151,4.15193939393939
"2429",242.8,26.8499604,-384.09849,4.15086
"2430",242.9,26.858486969697,-383.925861386139,4.149
"2431",243,26.8646363,-384.014424242424,4.14893939393939
"2432",243.1,26.8475685,-383.94781372549,4.14806862745098
"2433",243.2,26.8427657,-383.79403030303,4.149
"2434",243.3,26.8479562376238,-383.751424242424,4.14906060606061
"2435",243.4,26.836176969697,-383.658552631579,4.14993859649123
"2436",243.5,26.8347061386139,-383.566447368421,4.14906140350877
"2437",243.6,26.8563212121212,-383.40466,4.149
"2438",243.7,26.8499804,-383.3207,4.14888
"2439",243.8,26.8395036,-383.313,4.14712
"2440",243.9,26.8378982828283,-383.26882,4.14918
"2441",244,26.8393361386139,-383.30498019802,4.15188118811881
"2442",244.1,26.8438923232323,-383.167711538462,4.14995192307692
"2443",244.2,26.841844,-382.963733333333,4.149
"2444",244.3,26.8257144,-382.937066666667,4.149
"2445",244.4,26.8244344,-382.946766990291,4.149
"2446",244.5,26.8351866336634,-382.7404375,4.149
"2447",244.6,26.8438826262626,-382.49229,4.14921
"2448",244.7,26.8396888,-382.7143,4.15193
"2449",244.8,26.8442496039604,-382.61151,4.15079
"2450",244.9,26.8281852,-382.59233,4.14821
"2451",245,26.7998173267327,-382.41469,4.15093
"2452",245.1,26.8273980808081,-382.287403669725,4.14993577981651
"2453",245.2,26.8271425,-382.236027522936,4.14901834862385
"2454",245.3,26.8262845,-382.285346534653,4.14906930693069
"2455",245.4,26.8543466,-382.01652,4.15
"2456",245.5,26.8425488,-382.13386,4.15
"2457",245.6,26.8152062626263,-381.87872,4.14994
"2458",245.7,26.8157300990099,-381.855610169492,4.14894915254237
"2459",245.8,26.8405815151515,-382.065779661017,4.14810169491525
"2460",245.9,26.8278124,-381.983237623762,4.14993069306931
"2461",246,26.83036,-381.78404,4.149
"2462",246.1,26.8561356,-381.759138613861,4.149
"2463",246.2,26.8581571287129,-381.598454545455,4.14905050505051
"2464",246.3,26.8520838383838,-381.506515151515,4.14993939393939
"2465",246.4,26.8568104,-381.3978125,4.149
"2466",246.5,26.868716,-381.280848214286,4.149
"2467",246.6,26.873444,-381.365932692308,4.15
"2468",246.7,26.8569416,-381.27075,4.15
"2469",246.8,26.8575048,-381.35292,4.15
"2470",246.9,26.8840124,-381.31018,4.15007
"2471",247,26.8791888,-381.28971,4.15086
"2472",247.1,26.8632944,-381.327287128713,4.149
"2473",247.2,26.87537,-381.159454545455,4.149
"2474",247.3,26.883891,-380.98473,4.149
"2475",247.4,26.8687221,-380.83913,4.14893
"2476",247.5,26.868379,-380.89841,4.14814
"2477",247.6,26.8767237373737,-380.94048,4.15014
"2478",247.7,26.8775708,-380.729732673267,4.15179207920792
"2479",247.8,26.8818632,-380.830454545455,4.149
"2480",247.9,26.8721244,-380.5705,4.149
"2481",248,26.8632344,-380.517866071429,4.149
"2482",248.1,26.8739903030303,-380.4151875,4.149
"2483",248.2,26.8937129,-380.486159574468,4.149
"2484",248.3,26.9143777,-380.394137614679,4.149
"2485",248.4,26.9336767326733,-380.14643119266,4.149
"2486",248.5,26.9289724,-380.116787878788,4.14918181818182
"2487",248.6,26.9259704,-380.01186,4.15165
"2488",248.7,26.9468856,-380.090524752475,4.14727722772277
"2489",248.8,26.9578188,-379.91166,4.15082
"2490",248.9,26.9758838613861,-379.73532,4.14806
"2491",249,26.9748804,-379.7416,4.149
"2492",249.1,26.9408571,-379.51516,4.149
"2493",249.2,26.9307971,-379.4963,4.149
"2494",249.3,26.9376424242424,-379.412840707965,4.149
"2495",249.4,26.9293120792079,-379.510185840708,4.149
"2496",249.5,26.9409124242424,-379.30775,4.149
"2497",249.6,26.9558924,-379.43040776699,4.15
"2498",249.7,26.9602504,-379.42728,4.14992
"2499",249.8,26.9518621212121,-379.221714285714,4.14812244897959
"2500",249.9,26.938816039604,-379.292277777778,4.15088888888889
"2501",250,26.9157884848485,-379.013574074074,4.14903703703704
"2502",250.1,26.9113487128713,-378.930376237624,4.149
"2503",250.2,26.930188,-378.99615,4.149
"2504",250.3,26.9539739393939,-378.752925925926,4.149
"2505",250.4,26.9679634653465,-378.771444444444,4.149
"2506",250.5,26.966693030303,-378.597723404255,4.15
"2507",250.6,26.9756585,-378.665972222222,4.14987037037037
"2508",250.7,26.9693949,-378.679861111111,4.14801851851852
"2509",250.8,26.9575116,-378.556305555556,4.15087037037037
"2510",250.9,26.9627641584158,-378.403527777778,4.14901851851852
"2511",251,26.9639036363636,-378.34001,4.149
"2512",251.1,26.960842745098,-378.2798,4.149
"2513",251.2,26.9628131313131,-378.176835051546,4.149
"2514",251.3,26.9849944,-378.072383838384,4.149
"2515",251.4,26.9874552,-378.04138317757,4.149
"2516",251.5,26.9836045454545,-378.031171717172,4.1490101010101
"2517",251.6,26.9832033663366,-378.014,4.148
"2518",251.7,26.9688842424242,-377.859517241379,4.14806034482759
"2519",251.8,26.9907186,-377.952620689655,4.1489224137931
"2520",251.9,27.001339,-377.624725490196,4.149
"2521",252,26.9926115151515,-377.702887755102,4.149
"2522",252.1,26.9933510891089,-377.4595625,4.149
"2523",252.2,27.0049265656566,-377.473947368421,4.149
"2524",252.3,27.0015620792079,-377.355,4.149
"2525",252.4,26.985885,-377.35492,4.14982
"2526",252.5,26.9649112,-377.28656,4.1473
"2527",252.6,26.9330016831683,-377.21124,4.15182
"2528",252.7,26.9181748484848,-377.12532,4.14894
"2529",252.8,26.899950990099,-377.185545454545,4.14806060606061
"2530",252.9,26.9102692,-377.06944,4.149
"2531",253,26.916546,-377.04495049505,4.149
"2532",253.1,26.892066,-376.81522,4.149
"2533",253.2,26.9069090909091,-376.801764705882,4.149
"2534",253.3,26.9216030693069,-376.779690721649,4.1489587628866
"2535",253.4,26.9197463636364,-376.724833333333,4.14811666666667
"2536",253.5,26.9214963,-376.708166666667,4.14978333333333
"2537",253.6,26.9175528,-376.54974,4.14706
"2538",253.7,26.9298835,-376.65995049505,4.148
"2539",253.8,26.9429916,-376.48219047619,4.14804761904762
"2541",254,26.9309350495049,-376.33868907563,4.149
"2542",254.1,26.9310653,-376.192470588235,4.149
"2543",254.2,26.9109272,-376.278292134831,4.149
"2544",254.3,26.9096805,-376.12685,4.15
"2545",254.4,26.9252591919192,-375.975861386139,4.15009900990099
"2546",254.5,26.9185479207921,-376.049666666667,4.15192592592593
"2547",254.6,26.9040467676768,-376.041333333333,4.15007407407407
"2548",254.7,26.91613,-376.025373737374,4.1480404040404
"2549",254.8,26.9341325742574,-376.0484,4.149
"2550",254.9,26.9369338383838,-375.858373737374,4.149
"2551",255,26.911662745098,-375.71032,4.149
"2552",255.1,26.9424090909091,-375.636287128713,4.149
"2553",255.2,26.9687315,-375.616831683168,4.149
"2554",255.3,26.9350955,-375.459632653061,4.14891836734694
"2555",255.4,26.9416137,-375.450882352941,4.14723529411765
"2556",255.5,26.93842,-375.444414634146,4.15093495934959
"2557",255.6,26.9227416161616,-375.329780487805,4.14930894308943
"2558",255.7,26.930935,-375.179854545455,4.14905454545455
"2559",255.8,26.92792,-375.260763636364,4.14996363636364
"2560",255.9,26.93774,-375.025959183674,4.14902040816327
"2561",256,26.953945,-374.918176470588,4.149
"2562",256.1,26.9327680808081,-374.964434343434,4.149
"2563",256.2,26.9221846534653,-374.848425742574,4.14895049504951
"2564",256.3,26.92056,-374.705244897959,4.148
"2565",256.4,26.92508,-374.753909090909,4.14794545454545
"2566",256.5,26.936991980198,-374.685727272727,4.14703636363636
"2567",256.6,26.9301657575758,-374.7312,4.14810909090909
"2568",256.7,26.9460115686275,-374.7512,4.14992727272727
"2569",256.8,26.9534887878788,-374.5664,4.149
"2570",256.9,26.9364654,-374.564404040404,4.149
"2571",257,26.9250826,-374.37866,4.149
"2572",257.1,26.9256214,-374.301356435644,4.149
"2573",257.2,26.9472234,-374.38475,4.14895
"2574",257.3,26.9743354,-374.06355,4.14815
"2575",257.4,26.9930975247525,-374.18335,4.15075
"2576",257.5,26.988666969697,-374.09745,4.1462
"2577",257.6,26.9631353,-374.147922413793,4.15004310344828
"2578",257.7,26.9406276,-374.226370689655,4.15090517241379
"2579",257.8,26.9383814,-374.094322580645,4.14908602150538
"2580",257.9,26.9476810891089,-373.877058823529,4.149
"2581",258,26.9484663636364,-373.785504761905,4.1489619047619
"2582",258.1,26.9483758,-373.873123809524,4.14800952380952
"2583",258.2,26.9506055,-373.576656565657,4.149
"2584",258.3,26.9815737373737,-373.61185,4.14925
"2585",258.4,26.99846,-373.526535353535,4.15369696969697
"2586",258.5,26.9912907070707,-373.41301980198,4.14811881188119
"2587",258.6,26.9800722772277,-373.519744897959,4.14994897959184
"2588",258.7,26.92823,-373.14598019802,4.149
"2589",258.8,26.89105,-373.1854,4.149
"2590",258.9,26.8774300990099,-373.171393939394,4.14893939393939
"2591",259,26.888294949495,-373.094046728972,4.14806542056075
"2593",259.2,26.8935214141414,-373.003863636364,4.14804545454545
"2594",259.3,26.9080433663366,-373.001136363636,4.14895454545455
"2595",259.4,26.908089,-373.0082,4.14612
"2596",259.5,26.9027097,-372.87826,4.148
"2597",259.6,26.8677694,-372.75286,4.14806
"2598",259.7,26.8624795959596,-372.67864,4.149
"2599",259.8,26.872655,-372.53674,4.149
"2600",259.9,26.883495,-372.609,4.149
"2601",260,26.8973565656566,-372.574726315789,4.149
"2602",260.1,26.896165,-372.44684,4.14894
"2603",260.2,26.8903902020202,-372.32482,4.148
"2604",260.3,26.8862858415842,-372.40022,4.148
"2605",260.4,26.8839461,-372.155787878788,4.148
"2606",260.5,26.8816686,-372.1927,4.14807
"2607",260.6,26.8699383168317,-372.099782178218,4.14893069306931
"2608",260.7,26.8929881818182,-371.968333333333,4.14805555555556
"2609",260.8,26.9311257425743,-371.840555555556,4.14898148148148
"2610",260.9,26.9340818181818,-371.817090909091,4.149
"2611",261,26.9261756,-371.71482,4.14894
"2612",261.1,26.9383393,-371.85103960396,4.148
"2613",261.2,26.9409126262626,-371.812295918367,4.14820408163265
"2614",261.3,26.9384668316832,-371.66585,4.15179
"2615",261.4,26.9475397979798,-371.62358,4.149
"2616",261.5,26.92707,-371.61233,4.149
"2617",261.6,26.932415,-371.53112,4.14893
"2618",261.7,26.938875,-371.45006,4.14807
"2619",261.8,26.94448,-371.407603960396,4.149
"2620",261.9,26.9467680808081,-371.347151515152,4.14893939393939
"2621",262,26.9442937,-371.115215686274,4.148
"2622",262.1,26.9444127,-371.096202020202,4.14810101010101
"2623",262.2,26.9348361,-371.192455445545,4.15005940594059
"2624",262.3,26.9451109,-371.15465,4.1509
"2625",262.4,26.9677812,-370.900605263158,4.14895614035088
"2626",262.5,26.9724452,-370.892710526316,4.14807894736842
"2627",262.6,26.9660843,-370.79104,4.14712
"2628",262.7,26.9569674,-370.6862,4.14894
"2629",262.8,26.9738961386139,-370.738756756757,4.14805405405405
"2630",262.9,27.0033,-370.518036036036,4.14895495495495
"2631",263,27.00773,-370.520613861386,4.149
"2632",263.1,27.0089609090909,-370.501119266055,4.149
"2633",263.2,26.9980194,-370.486440366972,4.149
"2634",263.3,26.9868472,-370.31252,4.14888
"2635",263.4,26.9902705,-370.35452,4.14718
"2636",263.5,27.0133642,-370.38812,4.14988
"2637",263.6,27.0121889,-370.2921,4.148
"2638",263.7,26.9947642424242,-370.22326,4.148
"2639",263.8,26.9784064,-370.101196428571,4.148
"2640",263.9,26.9596988,-370.087803571429,4.148
"2641",264,26.9373333663366,-370.035392156863,4.148
"2642",264.1,26.9346713,-369.924781818182,4.14883636363636
"2643",264.2,26.9282376,-369.86648,4.148
"2644",264.3,26.9256317,-369.923727272727,4.148
"2645",264.4,26.9423022,-369.952831683168,4.14806930693069
"2646",264.5,26.9560594059406,-369.771245283019,4.14894339622641
"2648",264.7,26.949295,-369.506234693878,4.148
"2649",264.8,26.9531080808081,-369.22588,4.148
"2650",264.9,26.940361,-369.38923,4.148
"2651",265,26.9227517,-369.285861386139,4.148
"2652",265.1,26.9271069,-369.2852,4.148
"2653",265.2,26.9454578,-369.30447368421,4.14802105263158
"2654",265.3,26.9276119,-369.255363636364,4.14981818181818
"2655",265.4,26.8968218181818,-369.249287128713,4.147
"2656",265.5,26.9036364356436,-369.08714,4.14706
"2657",265.6,26.9214848484848,-369.004634782609,4.148
"2658",265.7,26.9514388118812,-368.898547826087,4.148
"2659",265.8,26.9641496,-368.92618556701,4.148
"2660",265.9,26.9382039393939,-368.74808,4.148
"2661",266,26.9168725742574,-368.8105,4.14805555555556
"2662",266.1,26.9239263636364,-368.7855,4.14898148148148
"2663",266.2,26.9072824,-368.754316326531,4.149
"2664",266.3,26.8956516,-368.713605263158,4.14887719298246
"2665",266.4,26.9462624,-368.579394736842,4.14712280701754
"2666",266.5,26.9588031683168,-368.492829787234,4.147
"2667",266.6,26.9515709090909,-368.48249,4.148
"2668",266.7,26.9496665346535,-368.314472222222,4.148
"2669",266.8,26.922605,-368.478361111111,4.148
"2670",266.9,26.9112359,-368.224515151515,4.148
"2671",267,26.9314372,-368.335247524753,4.14813861386139
"2672",267.1,26.9444215151515,-368.251524752475,4.14988118811881
"2673",267.2,26.9571764,-368.156826086957,4.14804347826087
"2674",267.3,26.9562,-368.313347826087,4.14891304347826
"2675",267.4,26.9456252,-368.279470588235,4.14979411764706
"2676",267.5,26.9580456,-368.2113,4.14705
"2677",267.6,26.9578507070707,-368.078494949495,4.148
"2678",267.7,26.9556684158416,-367.96924,4.148
"2679",267.8,26.9419027272727,-367.867848484849,4.148
"2680",267.9,26.9237255445545,-367.696663366337,4.148
"2681",268,26.9422512,-367.72176,4.148
"2682",268.1,26.9921524,-367.76518,4.14776
"2683",268.2,27.0372088118812,-367.755762376238,4.14423762376238
"2684",268.3,27.0547296969697,-367.561363636364,4.14795454545455
"2685",268.4,27.0662316,-367.548636363636,4.14704545454545
"2686",268.5,27.0753412,-367.304134020618,4.1489587628866
"2687",268.6,27.0642592,-367.279718446602,4.148
"2688",268.7,27.05876,-367.424041666667,4.148
"2689",268.8,27.054698989899,-367.09514,4.148
"2690",268.9,27.0522861764706,-367.06924,4.148
"2691",269,27.0453333333333,-367.124752475248,4.148
"2692",269.1,27.0368788,-367.197727272727,4.14815151515151
"2693",269.2,27.0418876,-367.153176,4.150856
"2694",269.3,27.0425245454545,-367.122776,4.148456
"2695",269.4,27.0557986138614,-366.925945652174,4.148
"2696",269.5,27.0496854545454,-366.784851851852,4.148
"2697",269.6,27.0274662376238,-366.725592592593,4.148
"2698",269.7,27.0331384,-366.67736,4.148
"2699",269.8,27.0329327272727,-366.773606060606,4.14806060606061
"2700",269.9,27.0338230693069,-366.714554455446,4.14886138613861
"2701",270,27.05169,-366.636495049505,4.147
"2702",270.1,27.0491144554455,-366.75325,4.14715
"2703",270.2,27.0408375757576,-366.430242424242,4.14984848484849
"2704",270.3,27.023416,-366.684528301887,4.147
"2706",270.5,27.0472888888889,-366.403227722772,4.148
"2707",270.6,27.0405339215686,-366.302142857143,4.148
"2709",270.8,27.04887,-366.198752475248,4.148
"2710",270.9,27.0640236,-366.265069306931,4.14805940594059
"2711",271,27.0612396969697,-366.089424242424,4.149
"2712",271.1,27.0519962376238,-366.041059405941,4.149
"2713",271.2,27.0378511111111,-366.042303030303,4.149
"2714",271.3,27.0448795,-366.046336633663,4.14894059405941
"2715",271.4,27.0674119,-366.006831683168,4.148
"2716",271.5,27.0638341414141,-365.75043697479,4.148
"2717",271.6,27.0629310891089,-365.661361344538,4.148
"2718",271.7,27.078456969697,-365.80092,4.148
"2719",271.8,27.0578693069307,-365.840918367347,4.14804081632653
"2720",271.9,27.0278355,-365.704415841584,4.14894059405941
"2721",272,27.0247681,-365.793277227723,4.1480495049505
"2722",272.1,27.0190802970297,-365.554694915254,4.14896610169492
"2723",272.2,27.021568989899,-365.69706779661,4.1481186440678
"2724",272.3,27.0094944554455,-365.568034482759,4.148
"2725",272.4,27.0040406060606,-365.543896551724,4.148
"2726",272.5,27.0163839,-365.500803921569,4.148
"2727",272.6,27.0121362,-365.396701030928,4.148
"2728",272.7,27.0019991919192,-365.3339,4.148
"2729",272.8,27.0024070588235,-365.303673076923,4.14804807692308
"2730",272.9,27.0309486868687,-365.118463917526,4.14901030927835
"2731",273,27.044967029703,-365.071080808081,4.14979797979798
"2732",273.1,27.0477075757576,-365.160525252525,4.14515151515151
"2733",273.2,27.0501673,-365.010613861386,4.14794059405941
"2734",273.3,27.0226985,-364.864196969697,4.14703787878788
"2735",273.4,27.025082020202,-364.908136363636,4.14779545454545
"2736",273.5,27.0251470588235,-364.8267,4.148
"2737",273.6,27.0118139393939,-364.9057,4.148
"2738",273.7,27.0078721,-364.712425742574,4.148
"2739",273.8,27.0157534,-364.75044,4.148
"2740",273.9,27.0088095,-364.551912621359,4.14788349514563
"2741",274,26.9950198,-364.721656565657,4.14504040404041
"2742",274.1,27.0034981818182,-364.589265306122,4.14897959183673
"2743",274.2,27.0097168,-364.551137254902,4.148
"2744",274.3,27.0170374257426,-364.482587628866,4.148
"2745",274.4,27.0139773,-364.546316831683,4.148
"2746",274.5,27.014537029703,-364.32684,4.148
"2747",274.6,27.0113850505051,-364.43832,4.148
"2748",274.7,27.0090801980198,-364.312181818182,4.148
"2749",274.8,27.006994949495,-363.990287128713,4.148
"2750",274.9,26.9964014,-364.10224,4.14792
"2751",275,27.0008673,-363.89584,4.14604
"2752",275.1,27.0155054545455,-363.982509090909,4.147
"2753",275.2,27.037459009901,-363.845236363636,4.147
"2754",275.3,27.025103030303,-363.843188118812,4.14611881188119
"2755",275.4,27.0153398,-363.8505,4.148
"2756",275.5,27.0072052,-363.636595959596,4.148
"2757",275.6,27.0058445454545,-363.712247524753,4.14794059405941
"2758",275.7,27.0102571568627,-363.54305,4.14705
"2759",275.8,27.0028831313131,-363.568101010101,4.148
"2760",275.9,27.021429,-363.650352941177,4.148
"2761",276,27.0044613861386,-363.435653846154,4.14803846153846
"2763",276.2,26.9991505,-363.35795959596,4.148
"2764",276.3,27.0039904040404,-363.37201980198,4.148
"2765",276.4,26.9751634653465,-363.304138888889,4.148
"2766",276.5,26.9503917171717,-363.206916666667,4.148
"2767",276.6,26.9467784,-363.095981818182,4.148
"2768",276.7,26.9469952475248,-363.120527272727,4.148
"2769",276.8,26.9621142,-363.12312037037,4.148
"2770",276.9,26.9593287,-362.905527777778,4.148
"2771",277,26.9442306060606,-362.946491071429,4.15277678571429
"2772",277.1,26.9235024,-363.1563125,4.1483125
"2773",277.2,26.920712,-362.83685,4.148
"2774",277.3,26.9400244,-362.70195959596,4.148
"2775",277.4,26.9566331683168,-362.71796,4.148
"2776",277.5,26.9684917171717,-362.686653465347,4.148
"2777",277.6,26.9584222,-362.6912,4.148
"2778",277.7,26.9535664,-362.579636363636,4.148
"2779",277.8,26.9609,-362.552363636364,4.148
"2780",277.9,26.969288,-362.540808080808,4.14708080808081
"2781",278,26.9910536,-362.555277777778,4.14890740740741
"2782",278.1,26.978982,-362.460833333333,4.14705555555556
"2783",278.2,26.9681446534654,-362.391585585586,4.14787387387387
"2784",278.3,26.9849428282828,-362.54572,4.148
"2785",278.4,26.9849237623762,-362.33892,4.148
"2786",278.5,26.9829878,-362.143545454545,4.148
"2787",278.6,26.986831,-362.107181818182,4.148
"2788",278.7,26.9955747,-362.0961875,4.148
"2789",278.8,27.0106931313131,-361.960158415842,4.14790099009901
"2790",278.9,27.0098484,-362.036816326531,4.146
"2791",279,27.0037756,-361.958435643564,4.14617821782178
"2792",279.1,26.9898388,-361.899644230769,4.14885576923077
"2793",279.2,26.9768774,-361.853081818182,4.14601818181818
"2794",279.3,26.9941662,-361.861263636364,4.14783636363636
"2795",279.4,27.0108784158416,-361.925212121212,4.148
"2796",279.5,27.0235548484848,-361.798343434343,4.148
"2797",279.6,27.0369600990099,-361.660785714286,4.148
"2798",279.7,27.0306531,-361.5965,4.148
"2799",279.8,27.0267687878788,-361.5498,4.14688
"2800",279.9,27.0168466336634,-361.61448,4.14416
"2801",280,26.9974192929293,-361.55364,4.14792
"2802",280.1,26.9945556,-361.543429906542,4.14607476635514
"2803",280.2,27.0197014,-361.504177570093,4.14794392523364
"2804",280.3,27.0164664,-361.478375,4.148
"2805",280.4,27.029675,-361.319,4.148
"2806",280.5,27.0344027272727,-361.36808,4.148
"2807",280.6,27.0152902941176,-361.16032,4.14796
"2808",280.7,27.0186296969697,-361.3048,4.147
"2809",280.8,27.0122112,-361.13456,4.14716
"2810",280.9,27.018748,-361.191836734694,4.15087755102041
"2811",281,27.0515672727273,-361.089805309735,4.148
"2812",281.1,27.0524201980198,-361.01989380531,4.148
"2813",281.2,27.0307109090909,-360.84503960396,4.148
"2814",281.3,27.0326853465346,-360.954571428572,4.148
"2815",281.4,27.0453056,-360.793857142857,4.148
"2816",281.5,27.0484254545455,-360.642,4.148
"2817",281.6,27.0419334653465,-360.668101010101,4.148
"2818",281.7,27.0328,-360.7235,4.14795
"2819",281.8,27.0212445,-360.819287128713,4.14690099009901
"2820",281.9,27.039932,-360.6536,4.14508
"2821",282,27.036697,-360.693818181818,4.1470404040404
"2822",282.1,27.046165049505,-360.724330097087,4.148
"2823",282.2,27.0480409090909,-360.475775510204,4.148
"2824",282.3,27.0355935643564,-360.456070707071,4.148
"2825",282.4,27.0228646,-360.25285,4.14795
"2826",282.5,27.0232598019802,-360.414512396694,4.14704132231405
"2827",282.6,27.0433284,-360.304190476191,4.14819047619048
"2828",282.7,27.0748023232323,-360.053,4.147
"2829",282.8,27.1135238613861,-360.090254901961,4.14994117647059
"2830",282.9,27.1385491919192,-360.232577981651,4.147
"2831",283,27.1312974,-360.204137614679,4.147
"2832",283.1,27.1380024,-360.168737373737,4.148
"2833",283.2,27.1657818181818,-360.1143,4.14795
"2834",283.3,27.1671797029703,-360.0976,4.14705
"2835",283.4,27.1689754545454,-360.0174,4.148
"2836",283.5,27.151669,-359.7258,4.148
"2837",283.6,27.146478,-359.82125,4.14805
"2838",283.7,27.157465,-359.8923,4.14885
"2839",283.8,27.14542,-359.705589285714,4.14604464285714
"2840",283.9,27.1445472727273,-359.657375,4.1469375
"2841",284,27.1531333663366,-359.626670103093,4.14701030927835
"2842",284.1,27.1586845454545,-359.50292,4.14796
"2843",284.2,27.156655,-359.59316,4.147
"2844",284.3,27.1565225,-359.500070707071,4.147
"2845",284.4,27.1559355555556,-359.4803,4.147
"2846",284.5,27.1558474509804,-359.512514851485,4.1470495049505
"2847",284.6,27.1620009090909,-359.28976,4.148
"2848",284.7,27.1483426732673,-359.23664,4.14796
"2849",284.8,27.134327,-359.253696969697,4.147
"2850",284.9,27.1148981818182,-359.282861386139,4.1470495049505
"2851",285,27.1067978217822,-359.068515151515,4.148
"2852",285.1,27.0969472727273,-359.05665,4.14795
"2853",285.2,27.0680051485148,-359.04445,4.147
"2854",285.3,27.0702472727273,-358.942217821782,4.147
"2855",285.4,27.0725255555556,-358.99956,4.147
"2856",285.5,27.0726535643564,-358.892717171717,4.1470404040404
"2857",285.6,27.0817711111111,-358.880207920792,4.1479504950495
"2858",285.7,27.0930104950495,-358.774890909091,4.147
"2859",285.8,27.1060266666667,-358.922163636364,4.147
"2860",285.9,27.1057648,-358.960227722772,4.1470495049505
"2861",286,27.1098611881188,-358.713424242424,4.148
"2862",286.1,27.0984355555556,-358.6697,4.14795
"2863",286.2,27.0912909803922,-358.554,4.147
"2864",286.3,27.1034382,-358.634,4.147
"2865",286.4,27.1162902970297,-358.584262626263,4.147
"2866",286.5,27.0988105,-358.653257731959,4.147
"2867",286.6,27.064414949495,-358.585962264151,4.14711320754717
"2868",286.7,27.052579009901,-358.585018867925,4.14994339622641
"2869",286.8,27.0886107142857,-358.524972477064,4.14896330275229
"2870",286.9,27.140642,-358.49928440367,4.14804587155963
"2871",287,27.157049,-358.50724,4.14604
"2872",287.1,27.1551033333333,-358.344070707071,4.147
"2873",287.2,27.1373632673267,-358.31596039604,4.147
"2874",287.3,27.1298288888889,-358.195863247863,4.14703418803419
"2875",287.4,27.1349015841584,-358.092444444444,4.14788888888889
"2876",287.5,27.1484544444444,-358.294534653465,4.1479603960396
"2877",287.6,27.1653284,-358.164424242424,4.1469696969697
"2878",287.7,27.1433111881188,-358.23908,4.146
"2879",287.8,27.1177522222222,-358.162616161616,4.14608080808081
"2880",287.9,27.1290979207921,-358.004366336634,4.148
"2881",288,27.1428233333333,-357.88272,4.14796
"2882",288.1,27.1297525742574,-358.01188,4.147
"2883",288.2,27.1311933333333,-357.815303030303,4.147
"2884",288.3,27.1577128,-357.769558823529,4.147
"2885",288.4,27.1458261386139,-357.665470588235,4.14702941176471
"2886",288.5,27.1153455555556,-357.712214285714,4.14801020408163
"2887",288.6,27.1271029411765,-357.542345132743,4.149
"2888",288.7,27.1236181818182,-357.653849557522,4.149
"2889",288.8,27.118624,-357.652602040816,4.147
"2890",288.9,27.1201355,-357.451089108911,4.147
"2891",289,27.1185177777778,-357.466693069307,4.147
"2892",289.1,27.0892306930693,-357.33668,4.147
"2893",289.2,27.0758388888889,-357.29439,4.14703
"2894",289.3,27.104734,-357.301313043478,4.14797391304348
"2895",289.4,27.1097724,-357.111747826087,4.14710434782609
"2896",289.5,27.1339124,-357.304121212121,4.1479696969697
"2897",289.6,27.1326476,-357.273678571429,4.147
"2898",289.7,27.1198258585859,-357.215642857143,4.147
"2899",289.8,27.1371226,-357.154515151515,4.147
"2900",289.9,27.1331584158416,-357.10344,4.147
"2901",290,27.1158848,-357.01896,4.147
"2902",290.1,27.1109336633663,-357.032297029703,4.147
"2903",290.2,27.1430055555556,-356.796976190476,4.147
"2904",290.3,27.151371980198,-356.796182539683,4.147
"2905",290.4,27.1505595,-356.855528301887,4.147
"2906",290.5,27.155041,-356.818735849057,4.147
"2907",290.6,27.1588215,-356.61345,4.1452
"2908",290.7,27.1628155555556,-356.69485,4.14895
"2909",290.8,27.159360990099,-356.631116504854,4.14795145631068
"2910",290.9,27.1650488888889,-356.55412244898,4.147
"2911",291,27.1609,-356.51168,4.147
"2912",291.1,27.1447772,-356.502464646465,4.147
"2913",291.2,27.1454911111111,-356.46685,4.147
"2914",291.3,27.1531259405941,-356.472,4.147
"2915",291.4,27.1605951515152,-356.266,4.14705
"2916",291.5,27.1535552475247,-356.327,4.14785
"2917",291.6,27.1673568,-356.408594059406,4.14509900990099
"2918",291.7,27.1831328,-356.51408,4.14704
"2919",291.8,27.1639076,-356.45828,4.148
"2920",291.9,27.1634046464646,-356.2268,4.14796
"2921",292,27.1855995049505,-356.26712,4.147
"2922",292.1,27.1831722222222,-356.19632,4.147
"2923",292.2,27.1599571,-356.15144,4.147
"2924",292.3,27.1519401980198,-356.042137931034,4.147
"2925",292.4,27.16818,-356.045586206897,4.147
"2926",292.5,27.158509009901,-355.991969387755,4.1469387755102
"2927",292.6,27.1557266666667,-355.9898,4.14515
"2928",292.7,27.1668712,-355.9663,4.148
"2929",292.8,27.1744904,-355.94419266055,4.14795412844037
"2930",292.9,27.1635132,-355.76804587156,4.14703669724771
"2931",293,27.1489132,-355.74665,4.147
"2932",293.1,27.1473386868687,-355.683792079208,4.147
"2933",293.2,27.1220765,-355.695678571429,4.147
"2934",293.3,27.1204842,-355.612642857143,4.147
"2935",293.4,27.1277385,-355.480706422018,4.14795412844037
"2936",293.5,27.1183699,-355.634834862385,4.14703669724771
"2937",293.6,27.1237241,-355.597528301887,4.14609433962264
"2938",293.7,27.1099519,-355.58252,4.14604
"2939",293.8,27.087946,-355.49328,4.147
"2940",293.9,27.0896052,-355.353818181818,4.147
"2941",294,27.0985985148515,-355.300486238532,4.147
"2942",294.1,27.1200652,-355.270211009174,4.147
"2943",294.2,27.1120176,-355.298481481482,4.147
"2944",294.3,27.10448,-355.335518518518,4.147
"2945",294.4,27.1058189,-355.275285714286,4.14797959183673
"2946",294.5,27.1134331,-355.2726,4.1518
"2947",294.6,27.1199643,-355.150403669725,4.14795412844037
"2948",294.7,27.1080297029703,-355.13847706422,4.14703669724771
"2949",294.8,27.1156339393939,-354.949409090909,4.14795454545455
"2950",294.9,27.124078,-354.957590909091,4.14704545454545
"2951",295,27.0968807,-354.81788,4.147
"2952",295.1,27.1039212,-354.85664,4.147
"2953",295.2,27.1124986,-354.7036,4.147
"2954",295.3,27.0919339,-354.6926,4.147
"2955",295.4,27.0804126,-354.660292929293,4.1469595959596
"2956",295.5,27.0940745,-354.6904,4.14605
"2957",295.6,27.0919628,-354.677712871287,4.1469504950495
"2958",295.7,27.0904893,-354.65104,4.14604
"2959",295.8,27.0878647,-354.598,4.147
"2960",295.9,27.077383,-354.455649122807,4.147
"2961",296,27.087471,-354.496877192982,4.147
"2962",296.1,27.0813245454545,-354.43725,4.147
"2963",296.2,27.0867797029703,-354.351554455446,4.147
"2964",296.3,27.0975237623762,-354.437549019608,4.14696078431373
"2965",296.4,27.0953835643564,-354.402708333333,4.14597916666667
"2966",296.5,27.081706,-354.423405940594,4.14517821782178
"2967",296.6,27.0864766666667,-354.22595,4.1479
"2968",296.7,27.0976132,-354.261910891089,4.1460495049505
"2969",296.8,27.1003732,-354.23862264151,4.147
"2970",296.9,27.1063988,-354.179188679245,4.147
"2971",297,27.1100812,-354.10185,4.147
"2972",297.1,27.1060060606061,-354.008166666667,4.147
"2973",297.2,27.1061855,-354.0915,4.147
"2974",297.3,27.1118854545455,-353.871259259259,4.147
"2975",297.4,27.1142724,-353.82016,4.14892
"2976",297.5,27.114832,-353.91784,4.147
"2977",297.6,27.1014628,-353.87304,4.14696
"2978",297.7,27.1084858,-354.03008,4.14604
"2979",297.8,27.0934506,-353.74052,4.147
"2980",297.9,27.086276039604,-353.657121212121,4.147
"2981",298,27.0978614,-353.6605,4.147
"2982",298.1,27.0998123,-353.667722772277,4.147
"2983",298.2,27.1040156,-353.62264,4.14692
"2984",298.3,27.0965812121212,-353.588608695652,4.14510434782609
"2985",298.4,27.0910872,-353.559393258427,4.14824719101124
"2986",298.5,27.0927,-353.474,4.146
"2987",298.6,27.1061318811881,-353.370366336634,4.1470495049505
"2988",298.7,27.1062575,-353.33803030303,4.1479595959596
"2989",298.8,27.0982124242424,-353.31155,4.147
"2990",298.9,27.0850712,-353.2374,4.14695
"2991",299,27.1044724,-353.075846846847,4.14604504504505
"2992",299.1,27.122241,-353.112783783784,4.14694594594595
"2993",299.2,27.1236696,-353.21505,4.147
"2994",299.3,27.118091,-353.142079207921,4.1470495049505
"2995",299.4,27.1168012871287,-353.174606060606,4.1479595959596
"2996",299.5,27.1171972727273,-353.001252252252,4.14695495495496
"2997",299.6,27.1189604,-353.046297297297,4.14605405405405
"2998",299.7,27.1308342,-353.045202020202,4.14789898989899
"2999",299.8,27.1499334653465,-352.96296,4.147
"3000",299.9,27.1582497,-352.8678,4.147
"3001",300,27.1542212121212,-352.91116,4.147
"3002",300.1,27.1579300990099,-352.91116,4.147
"3003",300.2,27.1599178,-352.81779245283,4.147
"3004",300.3,27.1595618,-352.787603773585,4.147
"3005",300.4,27.1756512,-352.794871287129,4.147
"3006",300.5,27.1763003030303,-352.750363636364,4.1470404040404
"3007",300.6,27.1713727722772,-352.66465,4.14795
"3008",300.7,27.1514296969697,-352.67025,4.147
"3009",300.8,27.149051,-352.5443,4.147
"3010",300.9,27.1545976,-352.570090909091,4.147
"3011",301,27.1437607070707,-352.211909090909,4.147
"3012",301.1,27.1611571287129,-352.442757575758,4.1469595959596
"3013",301.2,27.1705657575758,-352.4488,4.1462
"3014",301.3,27.1707496,-352.662257425743,4.14985148514852
"3015",301.4,27.1597078,-352.452040816327,4.147
"3016",301.5,27.1605332,-352.352943925234,4.14694392523364
"3017",301.6,27.1599200990099,-352.252009345794,4.14600934579439
"3018",301.7,27.1677932323232,-352.278727272727,4.147
"3019",301.8,27.1834267326733,-352.288121212121,4.147
"3020",301.9,27.1854096,-352.137089108911,4.147
"3021",302,27.1972534,-352.086424528302,4.14695283018868
"3022",302.1,27.181896,-351.99491509434,4.14600943396226
"3023",302.2,27.1686077777778,-352.066121212121,4.14691919191919
"3024",302.3,27.1926557425742,-351.973166666667,4.14518518518518
"3025",302.4,27.2026407070707,-351.9565,4.14888888888889
"3026",302.5,27.1875283168317,-351.91703960396,4.14790099009901
"3027",302.6,27.1718004,-351.752232323232,4.1460404040404
"3028",302.7,27.1680583838384,-351.917476190476,4.147
"3030",302.9,27.1716096969697,-351.737470588235,4.147
"3031",303,27.1980646534654,-351.72672,4.147
"3032",303.1,27.1895328282828,-351.667481481482,4.147
"3033",303.2,27.1897854,-351.554518518518,4.147
"3034",303.3,27.2065193069307,-351.692534653465,4.14619801980198
"3035",303.4,27.2073956565657,-351.626525252525,4.14987878787879
"3036",303.5,27.2067933663366,-351.628504950495,4.147
"3037",303.6,27.2080249494949,-351.428373737374,4.1469595959596
"3038",303.7,27.2271523,-351.454716814159,4.14604424778761
"3039",303.8,27.210524,-351.329053097345,4.14692920353982
"3040",303.9,27.2017374747475,-351.474408695652,4.147
"3041",304,27.1773547058823,-351.359626086956,4.147
"3042",304.1,27.1549605050505,-351.422227722772,4.147
"3043",304.2,27.1630602970297,-351.353909090909,4.147
"3044",304.3,27.1777644,-351.312090909091,4.14687878787879
"3045",304.4,27.1885681818182,-351.155590909091,4.14413636363636
"3046",304.5,27.1716710891089,-351.307409090909,4.14686363636364
"3047",304.6,27.1751426262626,-351.260309090909,4.14603636363636
"3048",304.7,27.1683811881188,-351.293036363636,4.14694545454546
"3049",304.8,27.1880880808081,-351.088254716981,4.14604716981132
"3050",304.9,27.2093713,-351.153349056604,4.14699056603774
"3051",305,27.1994646,-351.1325,4.14605
"3052",305.1,27.1704516161616,-351.1207,4.14705
"3053",305.2,27.1630365346535,-351.0697,4.14785
"3054",305.3,27.1836985858586,-350.934131313131,4.1450505050505
"3055",305.4,27.188074,-350.993059405941,4.146
"3056",305.5,27.1875389108911,-350.99255,4.146
"3057",305.6,27.1641677777778,-350.9679,4.146
"3058",305.7,27.12159,-351.02076,4.146
"3059",305.8,27.1153508080808,-350.97596,4.146
"3060",305.9,27.1149199,-350.668274509804,4.14696078431373
"3061",306,27.0897978,-350.772841584158,4.1460198019802
"3062",306.1,27.0864461616162,-350.765316326531,4.14697959183674
"3063",306.2,27.104831980198,-350.78996969697,4.1450303030303
"3064",306.3,27.0994701010101,-350.59948,4.14608
"3065",306.4,27.1273510891089,-350.662128712871,4.1479603960396
"3066",306.5,27.1370489,-350.734368421053,4.14697368421053
"3067",306.6,27.1201852525253,-350.613315789474,4.14609649122807
"3068",306.7,27.1060916831683,-350.41537,4.146
"3069",306.8,27.102665050505,-350.583476635514,4.146
"3070",306.9,27.1109243564356,-350.399364485981,4.146
"3071",307,27.1116864646465,-350.280454545455,4.1460303030303
"3072",307.1,27.119514,-350.385217821782,4.14692079207921
"3073",307.2,27.129632,-350.247427272727,4.14494545454545
"3074",307.3,27.142904,-350.328336363636,4.14312727272727
"3075",307.4,27.152568,-350.357794642857,4.14602678571429
"3076",307.5,27.1653321212121,-350.217616071428,4.14691964285714
"3077",307.6,27.1678366336634,-350.218910891089,4.146
"3078",307.7,27.187518,-350.242393939394,4.146
"3079",307.8,27.195338,-350.28428,4.146
"3080",307.9,27.2057010891089,-350.213714285714,4.146
"3081",308,27.2184444444444,-350.081571428571,4.146
"3082",308.1,27.2157058823529,-350.038128712871,4.14519801980198
"3083",308.2,27.2300355555556,-349.919153846154,4.14992307692308
"3084",308.3,27.2531578,-349.890948717949,4.14735897435898
"3085",308.4,27.2429156,-349.93,4.14419565217391
"3086",308.5,27.2348216,-349.922047619048,4.14695238095238
"3087",308.6,27.234958,-349.743,4.146
"3088",308.7,27.2482584848485,-349.672411764706,4.146
"3089",308.8,27.234142,-349.613207920792,4.146
"3090",308.9,27.200748,-349.503226415094,4.146
"3091",309,27.19641,-349.710773584906,4.146
"3092",309.1,27.191378,-349.58528,4.14616
"3093",309.2,27.20009,-349.449663366337,4.14984158415842
"3094",309.3,27.2045826732673,-349.490357798165,4.146
"3095",309.4,27.205736,-349.50228440367,4.146
"3096",309.5,27.204516,-349.405303030303,4.14793939393939
"3097",309.6,27.1794140594059,-349.38296039604,4.146
"3098",309.7,27.1824474,-349.380393939394,4.146
"3099",309.8,27.169022,-349.33156,4.146
"3100",309.9,27.1634151515152,-349.38836,4.146
"3101",310,27.160284,-349.27912,4.146
"3102",310.1,27.17057,-349.324495049505,4.14592079207921
"3103",310.2,27.181876,-349.18992,4.14406
"3104",310.3,27.1867702970297,-349.156706422018,4.14597247706422
"3105",310.4,27.1970185,-349.213587155963,4.14505504587156
"3106",310.5,27.1942835353535,-349.115554455446,4.14686138613861
"3107",310.6,27.185244,-349.175537735849,4.146
"3108",310.7,27.19461,-349.129311320755,4.146
"3109",310.8,27.198734,-349.19354,4.146
"3110",310.9,27.183312,-349.11124,4.14603
"3111",311,27.1957557575758,-349.01876,4.14706
"3112",311.1,27.2249359405941,-348.912188118812,4.14882178217822
"3113",311.2,27.2219784848485,-348.854734693878,4.1430612244898
"3114",311.3,27.2275637,-348.935672727273,4.14607272727273
"3115",311.4,27.2336232,-348.877490909091,4.14789090909091
"3116",311.5,27.2309819,-348.859712871287,4.146
"3117",311.6,27.2291812871287,-348.784424242424,4.146
"3118",311.7,27.2243706060606,-348.91688,4.146
"3119",311.8,27.2022175247525,-348.6988,4.146
"3120",311.9,27.195328,-348.71312,4.146
"3121",312,27.2036247524752,-348.60056,4.14608
"3122",312.1,27.1933994,-348.70724,4.14788
"3123",312.2,27.2151822222222,-348.642465346535,4.1450396039604
"3124",312.3,27.243168,-348.672636363636,4.1460303030303
"3125",312.4,27.256948,-348.503891089109,4.147
"3126",312.5,27.263662,-348.57562,4.14697
"3127",312.6,27.275844,-348.621454545455,4.146
"3128",312.7,27.2558496969697,-348.413663366337,4.146
"3129",312.8,27.2550393069307,-348.44896,4.146
"3130",312.9,27.2467215151515,-348.289757575758,4.146
"3131",313,27.2277951,-348.409287128713,4.14615841584158
"3132",313.1,27.224226,-348.392333333333,4.14987878787879
"3133",313.2,27.2210684,-348.397257425743,4.146
"3134",313.3,27.2047492079208,-348.258848484848,4.1459696969697
"3135",313.4,27.2174578787879,-348.282290909091,4.14503636363636
"3136",313.5,27.2252574257426,-348.189563636364,4.14594545454545
"3137",313.6,27.214766,-348.190515151515,4.146
"3138",313.7,27.22027,-348.199435643564,4.146
"3139",313.8,27.20529,-348.019575757576,4.1460303030303
"3140",313.9,27.1859190909091,-348.135174311927,4.14696330275229
"3141",314,27.1873148514852,-348.164532110092,4.14604587155963
"3142",314.1,27.2022848484849,-348.135118811881,4.144
"3143",314.2,27.1977375247525,-348.03998,4.14409
"3144",314.3,27.1824305940594,-348.001666666667,4.1469696969697
"3145",314.4,27.1850863636364,-347.83092,4.146
"3146",314.5,27.1843747524752,-347.8216,4.146
"3147",314.6,27.2063080808081,-347.64312,4.146
"3148",314.7,27.1881495049505,-347.62216,4.146
"3149",314.8,27.1727265306122,-347.622482758621,4.146
"3150",314.9,27.1735042424242,-347.534551724138,4.146
"3151",315,27.1782295049505,-347.535693069307,4.15184158415842
"3152",315.1,27.203095050505,-347.506727272727,4.14793939393939
"3153",315.2,27.2014432673267,-347.58581981982,4.146
"3154",315.3,27.2153009090909,-347.381315315315,4.146
"3155",315.4,27.2305026,-347.504256880734,4.146
"3156",315.5,27.2242295049505,-347.510678899083,4.146
"3157",315.6,27.2147127272727,-347.435272727273,4.146
"3158",315.7,27.2214321568628,-347.46816,4.146
"3159",315.8,27.2184036363636,-347.276316831683,4.1459603960396
"3160",315.9,27.2469796039604,-347.189181818182,4.145
"3161",316,27.262966,-347.25999047619,4.1450380952381
"3162",316.1,27.2218984848485,-347.284752380952,4.14599047619048
"3163",316.2,27.2241827722772,-347.373773913043,4.146
"3164",316.3,27.2405448484848,-347.21812173913,4.146
"3165",316.4,27.2333395,-347.28592,4.146
"3166",316.5,27.2150122,-347.282548672566,4.146
"3167",316.6,27.2135103,-347.246265486726,4.146
"3168",316.7,27.2108996039604,-347.103396039604,4.146
"3169",316.8,27.185763030303,-347.02013592233,4.14605825242718
"3171",317,27.215081,-346.90357,4.14594
"3172",317.1,27.2004664,-347.018696969697,4.1440303030303
"3173",317.2,27.1903731,-347.001237623762,4.145
"3174",317.3,27.1950465656566,-346.814539823009,4.14502654867257
"3175",317.4,27.1900862745098,-346.865867256637,4.14591150442478
"3176",317.5,27.1852727272727,-346.855515151515,4.146
"3177",317.6,27.1790687,-346.61972,4.146
"3178",317.7,27.2062712,-346.71124,4.14604
"3179",317.8,27.2139466666667,-346.75792,4.14696
"3180",317.9,27.2093930693069,-346.588884955752,4.14610619469027
"3181",318,27.1890914141414,-346.611008849558,4.1487610619469
"3182",318.1,27.1870501980198,-346.57896,4.14792
"3183",318.2,27.2198958,-346.56992,4.14596
"3184",318.3,27.2204459,-346.377259259259,4.14503703703704
"3185",318.4,27.2063636633663,-346.408740740741,4.14596296296296
"3186",318.5,27.2044572727273,-346.47103030303,4.146
"3187",318.6,27.2241238613861,-346.369782178218,4.146
"3188",318.7,27.24151,-346.219666666667,4.146
"3189",318.8,27.2159783,-346.241888888889,4.146
"3190",318.9,27.2020778787879,-346.30565,4.14694
"3191",319,27.1858208,-346.362056074766,4.14502803738318
"3192",319.1,27.1918524,-346.463925233645,4.14596261682243
"3193",319.2,27.22191,-346.299419354839,4.14502419354839
"3194",319.3,27.2359063,-346.180064516129,4.14583064516129
"3195",319.4,27.2289941584158,-346.193584158416,4.146
"3196",319.5,27.2293798,-345.94074137931,4.146
"3197",319.6,27.2417376237624,-345.932120689655,4.146
"3198",319.7,27.2463994949495,-346.01868,4.14604
"3199",319.8,27.2542597029703,-345.99156,4.14696
"3200",319.9,27.2646569,-346.097,4.14604
"3201",320,27.2652121,-345.995495049505,4.1469603960396
"3202",320.1,27.2836239,-345.86509,4.14603
"3203",320.2,27.2795948484848,-345.96548,4.14697
"3204",320.3,27.2622254455446,-345.976783783784,4.146
"3205",320.4,27.2568848484848,-345.836243243243,4.146
"3206",320.5,27.262192,-345.795333333333,4.146
"3207",320.6,27.2746427722772,-345.728666666667,4.146
"3208",320.7,27.2451696969697,-345.87678,4.146
"3209",320.8,27.2233906930693,-345.614622641509,4.14611320754717
"3210",320.9,27.2513282828283,-345.735377358491,4.14988679245283
"3211",321,27.2730848,-345.804069565217,4.146
"3212",321.1,27.2519458,-345.705808695652,4.146
"3213",321.2,27.2348887878788,-345.57224,4.14408
"3214",321.3,27.2385341176471,-345.622849557522,4.146
"3215",321.4,27.2424209090909,-345.544088495575,4.146
"3216",321.5,27.2404396,-345.5768125,4.146
"3217",321.6,27.2150428,-345.589466019418,4.146
"3218",321.7,27.2163736,-345.502037735849,4.14600943396226
"3219",321.8,27.2251222,-345.505811320755,4.14695283018868
"3220",321.9,27.2318323232323,-345.452831683168,4.1450396039604
"3221",322,27.2427670588235,-345.568757575758,4.1460303030303
"3222",322.1,27.2570790909091,-345.524626168224,4.147
"3223",322.2,27.2541945544554,-345.415280373832,4.147
"3224",322.3,27.2450416,-345.41888,4.146
"3225",322.4,27.2276029,-345.38776,4.146
"3226",322.5,27.2202378,-345.28568,4.14596
"3227",322.6,27.204518989899,-345.27824,4.14504
"3228",322.7,27.2102768,-345.273386138614,4.146
"3229",322.8,27.2181078787879,-345.02008,4.146
"3230",322.9,27.2086382,-345.153227272727,4.146
"3231",323,27.2150751,-345.194136363636,4.146
"3232",323.1,27.2237983,-345.026454545455,4.1450303030303
"3233",323.2,27.2144634,-345.01704,4.146
"3234",323.3,27.2128894,-345.202752475248,4.146
"3235",323.4,27.2285665,-345.01767,4.146
"3236",323.5,27.2549265346535,-344.72101,4.146
"3237",323.6,27.2745852,-344.876454545455,4.146
"3238",323.7,27.2862683168317,-344.678168316832,4.1459603960396
"3239",323.8,27.2837885858586,-344.94744,4.14506
"3240",323.9,27.2692292,-344.89976,4.147
"3241",324,27.287785,-344.98357,4.14703
"3242",324.1,27.302088,-344.80788,4.14794
"3243",324.2,27.296613,-344.79716,4.146
"3244",324.3,27.2953598,-344.58227,4.146
"3245",324.4,27.2805294,-344.77822,4.146
"3246",324.5,27.2725632,-344.56149,4.146
"3247",324.6,27.2956662,-344.6426,4.14597
"3248",324.7,27.3016456,-344.666151515152,4.14512121212121
"3249",324.8,27.3091672,-344.803208695652,4.14893043478261
"3250",324.9,27.2823526732673,-344.908426086956,4.14719130434783
"3251",325,27.2700462626263,-344.55608,4.146
"3252",325.1,27.305901,-344.483046728972,4.146
"3253",325.2,27.3195434653465,-344.409214953271,4.146
"3254",325.3,27.3024407070707,-344.344957264957,4.146
"3255",325.4,27.2760496,-344.368888888889,4.146
"3256",325.5,27.2169964646464,-344.33988,4.146
"3257",325.6,27.1611604,-344.268,4.14596
"3258",325.7,27.1505342,-344.341108910891,4.1450396039604
"3259",325.8,27.1364021,-344.369090909091,4.146
"3260",325.9,27.1185491089109,-344.399326732673,4.146
"3261",326,27.1402052,-344.28579,4.14603
"3262",326.1,27.1798938,-344.27333,4.14694
"3263",326.2,27.1791586,-344.09183,4.14503
"3264",326.3,27.1583962,-344.152528301887,4.146
"3265",326.4,27.1333032,-344.203471698113,4.146
"3266",326.5,27.1098548,-344.18208,4.14597
"3267",326.6,27.1233748,-344.116708737864,4.145
"3269",326.8,27.1503446,-343.8738,4.14884
"3270",326.9,27.1491798,-344.1966,4.14496
"3271",327,27.1451812,-343.99148,4.14404
"3272",327.1,27.1510604,-343.90676,4.14504
"3273",327.2,27.1553642,-343.90036,4.146
"3274",327.3,27.1669783838384,-343.874663366337,4.1459603960396
"3275",327.4,27.1829777227723,-343.628757575758,4.1450303030303
"3276",327.5,27.1922848,-343.78124,4.146
"3277",327.6,27.1924741584158,-343.789311926605,4.14622018348624
"3278",327.7,27.1933663,-343.847110091743,4.1517247706422
"3279",327.8,27.1809171428571,-343.806848484849,4.14115151515152
"3280",327.9,27.1767314,-343.734198019802,4.1460396039604
"3281",328,27.1905548,-343.63606,4.14694
"3282",328.1,27.2125279,-343.44547,4.145
"3283",328.2,27.2241508,-343.49888,4.145
"3284",328.3,27.197151,-343.67332173913,4.14502608695652
"3285",328.4,27.1979418,-343.150713043478,4.14589565217391
"3286",328.5,27.2068262,-343.507891089109,4.146
"3287",328.6,27.2011579,-343.479,4.14606060606061
"3288",328.7,27.2088473,-343.41768,4.14788
"3289",328.8,27.2164334653465,-343.47928440367,4.14507339449541
"3290",328.9,27.1996658,-343.411394495413,4.14690825688073
"3291",329,27.2021342424242,-343.34565625,4.14403125
"3292",329.1,27.2058208910891,-343.165108910891,4.1450396039604
"3293",329.2,27.2067234,-343.386878787879,4.146
"3294",329.3,27.216517979798,-343.40944,4.146
"3295",329.4,27.2014566,-343.26584,4.146
"3296",329.5,27.2133381818182,-343.02812,4.14596
"3297",329.6,27.2310415841584,-343.18032,4.14508
"3298",329.7,27.2207045454545,-343.300973913043,4.1469652173913
"3299",329.8,27.2012606930693,-343.12532173913,4.14609565217391
"3300",329.9,27.2217091,-343.043554455446,4.1459603960396
"3301",330,27.2315426,-343.057622641509,4.14502830188679
"3302",330.1,27.2323972277228,-343.078377358491,4.14597169811321
"3303",330.2,27.2386345454545,-343.037909090909,4.1450303030303
"3304",330.3,27.2400525742574,-342.905307692308,4.14596153846154
"3306",330.5,27.202626,-342.99639,4.146
"3307",330.6,27.2181826,-342.91344,4.14603
"3308",330.7,27.2272833333333,-342.963939393939,4.14690909090909
"3309",330.8,27.2292348514851,-343.08628,4.14408
"3310",330.9,27.2052775757576,-342.992309090909,4.14596363636364
"3311",331,27.1953825,-342.875036363636,4.14505454545454
"3312",331.1,27.2147497,-342.92332,4.14504
"3313",331.2,27.2074936363636,-342.766326732673,4.1459603960396
"3314",331.3,27.2062377227723,-342.84169,4.145
"3315",331.4,27.2033209090909,-342.669818181818,4.1450303030303
"3316",331.5,27.2062458415842,-342.66328,4.146
"3317",331.6,27.2105604,-342.64948,4.146
"3318",331.7,27.2155154545455,-342.73564,4.146
"3319",331.8,27.2113406930693,-342.79132,4.14592
"3320",331.9,27.2339190909091,-342.60464,4.14408
"3321",332,27.2425892,-342.54392,4.14596
"3322",332.1,27.2465132,-342.4436,4.145
"3323",332.2,27.2528252,-342.385485148515,4.1450396039604
"3324",332.3,27.2593244554455,-342.373438461538,4.146
"3325",332.4,27.2454163636364,-342.388053846154,4.146
"3326",332.5,27.2439176,-342.382079646018,4.14496460176991
"3327",332.6,27.2696344,-342.35907079646,4.1440796460177
"3328",332.7,27.2874584,-342.375628571429,4.14014285714286
"3329",332.8,27.2634052,-342.329914285714,4.14490476190476
"3330",332.9,27.2660716161616,-342.2659,4.145
"3331",333,27.3107382178218,-342.101606060606,4.145
"3332",333.1,27.2964226262626,-342.1194,4.145
"3333",333.2,27.2962795,-342.0794,4.145
"3334",333.3,27.2922385,-342.101306930693,4.1450396039604
"3335",333.4,27.2870517171717,-342.224121212121,4.14593939393939
"3336",333.5,27.2668223529412,-342.03392,4.14404
"3337",333.6,27.263097979798,-341.989968253968,4.145
"3338",333.7,27.2735702970297,-342.139174603175,4.145
"3339",333.8,27.2465856,-342.028754716981,4.145
"3340",333.9,27.2255832,-341.84762264151,4.145
"3341",334,27.2580223762376,-341.87938,4.14503
"3342",334.1,27.2567254545455,-341.821445544554,4.1459702970297
"3343",334.2,27.249602970297,-341.643632653061,4.145
"3344",334.3,27.2691072727273,-341.81556,4.145
"3345",334.4,27.2668936,-341.755862745098,4.145
"3346",334.5,27.2653248,-341.726469387755,4.1450612244898
"3347",334.6,27.2612098989899,-341.65328,4.14792
"3348",334.7,27.2534363366337,-341.65804,4.14596
"3349",334.8,27.2675015151515,-341.606603960396,4.1450396039604
"3350",334.9,27.276816,-341.502363636364,4.1459696969697
"3351",335,27.2748495,-341.578606060606,4.145
"3352",335.1,27.2571836363636,-341.623277777778,4.145
"3353",335.2,27.2488641176471,-341.533,4.145
"3354",335.3,27.2565742424242,-341.418593220339,4.145
"3355",335.4,27.2441861386139,-341.366706896552,4.14505172413793
"3356",335.5,27.233664,-341.452051724138,4.14763793103448
"3357",335.6,27.233626,-341.346884615385,4.14598076923077
"3358",335.7,27.2554288,-341.391115384615,4.14501923076923
"3359",335.8,27.2400240404041,-341.534415841584,4.145
"3360",335.9,27.2469912871287,-341.205424242424,4.145
"3361",336,27.2523074747475,-341.219396039604,4.145
"3362",336.1,27.267423,-341.225435643564,4.145
"3363",336.2,27.239081980198,-341.110333333333,4.145
"3364",336.3,27.1979846464647,-341.17595049505,4.145
"3365",336.4,27.1971259405941,-341.206333333333,4.145
"3366",336.5,27.1835563636364,-341.17349,4.14506
"3367",336.6,27.1717095,-341.15526,4.14694
"3368",336.7,27.1734915,-341.09726,4.14503
"3369",336.8,27.1766524242424,-341.03641,4.14597
"3370",336.9,27.1604103960396,-340.89859,4.145
"3371",337,27.1707474747475,-341.23059,4.145
"3372",337.1,27.1909256,-340.89574,4.145
"3373",337.2,27.168888,-340.949333333333,4.145
"3374",337.3,27.1857416,-340.86984,4.14496
"3375",337.4,27.1874205940594,-341.00332,4.14412
"3376",337.5,27.1655734343434,-340.838042735043,4.14689743589744
"3377",337.6,27.1656541176471,-340.714111111111,4.14433333333333
"3378",337.7,27.1824248484849,-340.70792,4.14496
"3379",337.8,27.1741235,-340.63416,4.14404
"3380",337.9,27.1586963366337,-340.638712871287,4.145
"3381",338,27.1521946464646,-340.65309,4.145
"3382",338.1,27.163727029703,-340.56383,4.145
"3383",338.2,27.1770695959596,-340.71733,4.145
"3384",338.3,27.2015946534653,-340.62863,4.14497
"3385",338.4,27.251615959596,-340.551817391304,4.14389565217391
"3386",338.5,27.2667005,-340.545730434783,4.14041739130435
"3387",338.6,27.276657,-340.662876106195,4.14500884955752
"3388",338.7,27.278867979798,-340.750486725664,4.14589380530973
"3389",338.8,27.2861450495049,-340.612858585859,4.1440202020202
"3390",338.9,27.2998,-340.51044,4.145
"3391",339,27.32039,-340.55472,4.145
"3392",339.1,27.319395049505,-340.477545454545,4.145
"3393",339.2,27.293728,-340.368108910891,4.145
"3394",339.3,27.2930086138614,-340.396242424242,4.1450303030303
"3395",339.4,27.2980077777778,-340.433504950495,4.14592079207921
"3396",339.5,27.296111,-340.37108,4.144
"3397",339.6,27.2906075,-340.311333333333,4.144
"3398",339.7,27.280842,-340.38132,4.14412
"3399",339.8,27.275884,-340.26984,4.14692
"3400",339.9,27.2621786868687,-340.29396,4.145
"3401",340,27.2727379207921,-340.38792,4.145
"3402",340.1,27.2805435,-340.35572,4.145
"3403",340.2,27.2776185,-340.20352,4.145
"3404",340.3,27.2825635,-340.172118811881,4.145
"3405",340.4,27.2833345,-340.27248,4.14509
"3406",340.5,27.2685185,-340.282181818182,4.14790909090909
"3407",340.6,27.2645915,-340.099287128713,4.145
"3408",340.7,27.2689012121212,-340.17684,4.145
"3409",340.8,27.2779486,-340.101412844037,4.145
"3410",340.9,27.283745,-339.915174311927,4.145
"3411",341,27.2770438,-339.843232323232,4.145
"3412",341.1,27.2958998,-339.672490566038,4.145
"3413",341.2,27.2908933333333,-339.847018867925,4.145
"3414",341.3,27.2762511881188,-339.85398019802,4.145
"3415",341.4,27.2653084,-339.853212121212,4.1449898989899
"3416",341.5,27.2562064356436,-339.87132,4.144
"3417",341.6,27.2727465,-339.74012,4.14406
"3418",341.7,27.2736525,-339.74508,4.14696
"3419",341.8,27.2696926732673,-339.70048,4.145
"3420",341.9,27.2638488888889,-339.720105263158,4.145
"3421",342,27.263469,-339.525368421053,4.145
"3422",342.1,27.2688295,-339.6155,4.145
"3423",342.2,27.293368,-339.59058,4.14498
"3424",342.3,27.2967645,-339.57236,4.14396
"3425",342.4,27.3216808080808,-339.68536,4.14206
"3426",342.5,27.319492,-339.55678,4.14504
"3427",342.6,27.3173562,-339.596616161616,4.1469797979798
"3428",342.7,27.2916262,-339.66699,4.14597
"3429",342.8,27.29038,-339.405415841584,4.145
"3430",342.9,27.3012733333333,-339.316457943925,4.145
"3431",343,27.3068648514851,-339.089355140187,4.145
"3432",343.1,27.3311174,-339.280831683168,4.145
"3433",343.2,27.3205201980198,-339.223727272727,4.145
"3434",343.3,27.313119,-339.29344,4.14504
"3435",343.4,27.3165005050505,-339.219101010101,4.1469797979798
"3436",343.5,27.304313960396,-339.324059405941,4.1460297029703
"3437",343.6,27.320506969697,-339.420982142857,4.14696428571429
"3438",343.7,27.3278174,-339.270089285714,4.14517857142857
"3439",343.8,27.3129194,-339.150848484848,4.145
"3440",343.9,27.2928544,-339.09266,4.145
"3441",344,27.2901820792079,-339.01964,4.145
"3442",344.1,27.3023778787879,-339.09987,4.145
"3443",344.2,27.302435,-338.933327102804,4.14505607476635
"3444",344.3,27.309007,-338.910897196262,4.14692523364486
"3445",344.4,27.2904388,-338.964102040816,4.14598979591837
"3446",344.5,27.2663718,-338.96521,4.145
"3447",344.6,27.24604,-338.685235294118,4.1450294117647
"3448",344.7,27.2438756435644,-338.82601010101,4.1459898989899
"3449",344.8,27.2326333333333,-338.92118,4.145
"3450",344.9,27.2402353,-338.73666,4.145
"3451",345,27.2421742,-338.865403361345,4.145
"3452",345.1,27.2618518181818,-338.785571428571,4.145
"3453",345.2,27.2642566666667,-338.822774193548,4.14608064516129
"3454",345.3,27.26509,-338.761483870968,4.1501129032258
"3455",345.4,27.2475263366337,-338.788659574468,4.14602127659575
"3456",345.5,27.2461512,-338.861361344538,4.145
"3457",345.6,27.266256,-338.706739495798,4.145
"3458",345.7,27.2432469306931,-338.78204494382,4.145
"3459",345.8,27.2304755,-338.767079207921,4.145
"3460",345.9,27.2211435,-338.63803030303,4.145
"3461",346,27.2215955,-338.591461538462,4.145
"3462",346.1,27.234623,-338.606846153846,4.145
"3463",346.2,27.2306075,-338.555,4.14487878787879
"3464",346.3,27.252037979798,-338.55295049505,4.13917821782178
"3465",346.4,27.2555174,-338.485252525253,4.145
"3466",346.5,27.2436694,-338.4505,4.14497
"3467",346.6,27.2288622,-338.496529411765,4.14402941176471
"3468",346.7,27.2085622,-338.415427184466,4.145
"3469",346.8,27.2290866666667,-338.458145631068,4.145
"3470",346.9,27.2299983168317,-338.287433962264,4.145
"3471",347,27.22189,-338.459132075472,4.145
"3472",347.1,27.2086256435644,-338.394653465347,4.1450396039604
"3473",347.2,27.2000326,-338.327,4.1469797979798
"3474",347.3,27.2312733333333,-338.227981818182,4.145
"3475",347.4,27.2353502970297,-338.177072727273,4.145
"3476",347.5,27.2487733333333,-338.06986,4.14498
"3477",347.6,27.2689986,-338.01364,4.14402
"3478",347.7,27.2420537,-337.9957,4.145
"3479",347.8,27.2351192079208,-337.98064,4.145
"3480",347.9,27.2513104950495,-337.963262626263,4.1449797979798
"3481",348,27.2130998989899,-337.97531,4.14403
"3482",348.1,27.2194393069307,-337.955881188119,4.1450297029703
"3483",348.2,27.227425050505,-338.049684210526,4.146
"3484",348.3,27.22636,-338.033894736842,4.146
"3485",348.4,27.2386873,-337.966916666667,4.146
"3486",348.5,27.2327618181818,-337.941425531915,4.14404255319149
"3487",348.6,27.220957029703,-337.872495145631,4.14495145631068
"3488",348.7,27.2290743434343,-337.838786407767,4.145
"3489",348.8,27.2356368,-337.828106796117,4.145
"3490",348.9,27.2328408,-337.73006,4.145
"3491",349,27.2213728,-337.682242424242,4.145
"3492",349.1,27.2223148514851,-337.602669724771,4.14497247706422
"3493",349.2,27.2526150505051,-337.791660550459,4.14405504587156
"3494",349.3,27.2527016831683,-337.61796,4.14302
"3495",349.4,27.2459145,-337.7147,4.144
"3496",349.5,27.2520248,-337.74394949495,4.1440202020202
"3497",349.6,27.2488313861386,-337.500069306931,4.145
"3498",349.7,27.2452833333333,-337.53372,4.145
"3499",349.8,27.2503174257426,-337.468414141414,4.145
"3500",349.9,27.2913133333333,-337.341633663366,4.1449702970297
"3501",350,27.311897,-337.297464646465,4.144
"3502",350.1,27.3037259,-337.319315789474,4.144
"3503",350.2,27.3132675757576,-337.29650877193,4.144
"3504",350.3,27.3064379207921,-337.478544554455,4.1430297029703
"3505",350.4,27.2685927272727,-337.330528301887,4.14401886792453
"3506",350.5,27.2543812,-337.206943396226,4.14496226415094
"3507",350.6,27.3036424,-337.312019230769,4.145
"3508",350.7,27.2971109090909,-337.179326923077,4.145
"3509",350.8,27.2889164705882,-337.302485148515,4.145
"3510",350.9,27.2918595959596,-337.23368,4.145
"3511",351,27.2947328712871,-337.36306,4.14502
"3512",351.1,27.3026898,-337.269940594059,4.1460396039604
"3513",351.2,27.2925231,-337.366222222222,4.148
"3514",351.3,27.3053501,-337.386534653465,4.14794059405941
"3515",351.4,27.3269696969697,-337.31335,4.14501
"3516",351.5,27.3466566336634,-337.249313131313,4.1459898989899
"3517",351.6,27.3367850505051,-337.27616,4.145
"3518",351.7,27.3144512,-337.085571428571,4.145
"3519",351.8,27.2975405940594,-336.964142857143,4.145
"3520",351.9,27.3123004040404,-337.07633,4.145
"3521",352,27.2837883168317,-336.80209,4.145
"3522",352.1,27.2717380808081,-337.00008,4.14512
"3523",352.2,27.2762932,-337.03416,4.14888
"3524",352.3,27.2792404,-337.006079207921,4.145
"3525",352.4,27.2526888,-336.976585858586,4.145
"3526",352.5,27.2534428,-336.99912,4.145
"3527",352.6,27.2644158585859,-336.80873,4.145
"3528",352.7,27.2843143564357,-336.800623762376,4.145
"3529",352.8,27.2884687878788,-336.820443478261,4.145
"3530",352.9,27.2865486,-336.792617391304,4.145
"3531",353,27.2888391089109,-336.71894,4.14496
"3532",353.1,27.2803696,-336.66878,4.14312
"3533",353.2,27.2837976237624,-336.751943925234,4.14892523364486
"3534",353.3,27.2705719191919,-336.549140186916,4.14518691588785
"3535",353.4,27.2760536633663,-336.69094,4.14596
"3536",353.5,27.2553541,-336.63912,4.14402
"3537",353.6,27.2724855,-336.64534,4.145
"3538",353.7,27.2976335,-336.662828282828,4.145
"3539",353.8,27.2904858585859,-336.696316831683,4.145
"3540",353.9,27.2919174257426,-336.477732142857,4.14498214285714
"3541",354,27.2636525252525,-336.464339285714,4.14408928571429
"3542",354.1,27.2413128,-336.39326,4.15182
"3543",354.2,27.244774,-336.340653465347,4.14594059405941
"3544",354.3,27.2579770707071,-336.460686868687,4.1440202020202
"3545",354.4,27.2514558415842,-336.489061946903,4.14497345132743
"3546",354.5,27.2495276767677,-336.324460176991,4.14408849557522
"3547",354.6,27.2961988,-336.096797979798,4.1440202020202
"3548",354.7,27.2629222772277,-336.184,4.145
"3549",354.8,27.2433128,-336.18604950495,4.145
"3550",354.9,27.2320236,-336.25222,4.145
"3551",355,27.2302619191919,-336.21544,4.145
"3552",355.1,27.2424288,-336.28244,4.145
"3553",355.2,27.2188263,-336.10778,4.145
"3554",355.3,27.2215456,-336.095080808081,4.1449595959596
"3555",355.4,27.2459837623762,-336.01016,4.14303
"3556",355.5,27.2548,-336.269574257426,4.144
"3557",355.6,27.2567039,-336.123178571429,4.144
"3558",355.7,27.2776417821782,-336.032107142857,4.144
"3559",355.8,27.2475392,-336.089171717172,4.144
"3560",355.9,27.2255872,-335.76634,4.14403
"3561",356,27.2362743434344,-336.03456,4.14491
"3562",356.1,27.2747030693069,-335.987607476636,4.14202803738318
"3563",356.2,27.304106969697,-335.974523364486,4.14296261682243
"3564",356.3,27.301324,-335.9823,4.14598
"3565",356.4,27.2867234,-335.75354,4.14498
"3566",356.5,27.2678367,-335.827078431373,4.144
"3568",356.7,27.3097448,-335.698666666667,4.144
"3569",356.8,27.3170396969697,-335.954222222222,4.144
"3570",356.9,27.3224571287129,-335.81461,4.14494
"3571",357,27.3461789,-335.705,4.14308035714286
"3572",357.1,27.3182932673267,-335.705,4.14575892857143
"3573",357.2,27.316412,-335.76868,4.14588
"3574",357.3,27.3141510891089,-335.474933333333,4.14303333333333
"3575",357.4,27.3168771,-335.523266666667,4.14386666666667
"3576",357.5,27.3242484,-335.569393939394,4.1440303030303
"3577",357.6,27.3031828,-335.353697478992,4.145
"3578",357.7,27.3252961,-335.246134453782,4.145
"3579",357.8,27.3452321212121,-335.545762376238,4.1440396039604
"3580",357.9,27.3184705050505,-335.535696969697,4.1449696969697
"3581",358,27.3174401,-335.3946,4.14408
"3582",358.1,27.3350682,-335.31856,4.14588
"3583",358.2,27.3432641,-335.446851485148,4.1430396039604
"3584",358.3,27.3518254,-335.321213592233,4.144
"3585",358.4,27.3749936363636,-335.295,4.144
"3586",358.5,27.398736,-335.224310344828,4.144
"3587",358.6,27.3924505940594,-335.32098,4.14402
"3588",358.7,27.3783268,-335.2715,4.14498
"3589",358.8,27.3830967,-335.29618,4.144
"3590",358.9,27.3926356,-335.3053,4.14402
"3591",359,27.3951760606061,-335.318060606061,4.14491919191919
"3592",359.1,27.406979,-335.22112,4.14109
"3593",359.2,27.406503,-335.12614,4.14406
"3594",359.3,27.3835389108911,-335.068821782178,4.14594059405941
"3595",359.4,27.3941678,-335.157404040404,4.144
"3596",359.5,27.3918482,-334.98876,4.144
"3597",359.6,27.371778,-335.141732673267,4.144
"3598",359.7,27.3608179,-334.074474747475,4.144
"3599",359.8,27.3787213861386,-335.02035,4.144
"3600",359.9,27.3807192,-335.061178217822,4.1439702970297
"3601",360,27.3959788,-334.971323232323,4.1429797979798
"3602",360.1,27.393598,-335.084764705882,4.14205882352941
"3603",360.2,27.3831091919192,-335.106818181818,4.1440101010101
"3604",360.3,27.3172262,-334.797111111111,4.14498148148148
"3605",360.4,27.2829454,-334.902666666667,4.14405555555556
"3606",360.5,27.283879,-334.86096039604,4.144
"3607",360.6,27.2503666,-334.82734,4.144
"3608",360.7,27.2224796969697,-334.84362,4.144
"3609",360.8,27.2357218811881,-334.82918,4.144
"3610",360.9,27.2350127272727,-335.03188,4.14402
"3611",361,27.2261637623762,-334.929212121212,4.145
"3612",361.1,27.2247604,-334.98617,4.14497
"3613",361.2,27.1989966,-334.92646,4.14403
"3614",361.3,27.1970634653465,-334.903742574257,4.1449702970297
"3615",361.4,27.2299914141414,-334.731818181818,4.144
"3616",361.5,27.2136533,-334.723052173913,4.14402608695652
"3617",361.6,27.1874107,-334.724791304348,4.14489565217391
"3618",361.7,27.2240133,-334.634147058824,4.144
"3619",361.8,27.2322463,-334.506888888889,4.1439898989899
"3620",361.9,27.2343118181818,-334.497561904762,4.14311428571429
"3621",362,27.2442676237624,-334.575657142857,4.14882857142857
"3622",362.1,27.2435519,-334.766465346535,4.144
"3623",362.2,27.2387795,-334.6502,4.14402
"3624",362.3,27.2281057,-334.608588785047,4.14498130841121
"3625",362.4,27.222773030303,-334.488028037383,4.14404672897196
"3626",362.5,27.20582,-334.50503030303,4.144
"3627",362.6,27.198819,-333.898950495049,4.144
"3628",362.7,27.212847,-334.416888888889,4.1440202020202
"3629",362.8,27.205228,-334.26594,4.14494
"3630",362.9,27.2358041414141,-334.26418,4.14291
"3631",363,27.2173864356436,-334.272138613861,4.14011881188119
"3632",363.1,27.228932020202,-334.34212,4.14402
"3633",363.2,27.2183362376238,-334.349515151515,4.1449797979798
"3634",363.3,27.206756,-334.42198,4.144
"3635",363.4,27.209518,-334.39146,4.144
"3636",363.5,27.2328938613862,-334.46299,4.144
"3637",363.6,27.2190848484849,-334.205277777778,4.144
"3638",363.7,27.2244178217822,-334.247263157895,4.144
"3639",363.8,27.2386454,-334.302,4.144
"3640",363.9,27.2287503,-334.17003,4.14306
"3641",364,27.2439754,-334.17274,4.145
"3642",364.1,27.2612512121212,-334.227128712871,4.1450297029703
"3643",364.2,27.246131980198,-334.161191919192,4.1459595959596
"3644",364.3,27.2324409090909,-333.929782178218,4.144
"3645",364.4,27.211353,-333.9838,4.144
"3646",364.5,27.23456,-333.77724,4.144
"3647",364.6,27.2649309090909,-333.74396,4.144
"3648",364.7,27.2668594059406,-333.9364,4.14402
"3649",364.8,27.2564696969697,-333.855898989899,4.14485858585859
"3650",364.9,27.2428106930693,-333.754920792079,4.13808910891089
"3651",365,27.245081,-333.785886792453,4.14105660377359
"3652",365.1,27.229997,-333.830226415094,4.14388679245283
"3653",365.2,27.2257853465347,-333.7548,4.14498
"3654",365.3,27.2390848484848,-333.647787878788,4.144
"3655",365.4,27.2503267326733,-333.686861386139,4.144
"3656",365.5,27.256496969697,-333.715693069307,4.144
"3657",365.6,27.266666,-333.749591836735,4.144
"3658",365.7,27.244872,-333.708235294118,4.14397058823529
"3659",365.8,27.2478127272727,-333.651397959184,4.1430306122449
"3660",365.9,27.2578617647059,-333.78205,4.14594
"3661",366,27.2876118181818,-333.62131,4.144
"3662",366.1,27.284925,-333.60332,4.144
"3663",366.2,27.285566,-333.74162,4.144
"3664",366.3,27.31936,-333.6919,4.144
"3665",366.4,27.2984547524752,-333.52547,4.144
"3666",366.5,27.278325959596,-333.47902970297,4.144
"3667",366.6,27.230653,-333.5759,4.144
"3668",366.7,27.2475735,-333.47394,4.14398
"3669",366.8,27.263865959596,-333.518920353982,4.14289380530974
"3670",366.9,27.2447365346535,-333.464938053097,4.13758407079646
"3671",367,27.2323795959596,-333.31286,4.144
"3672",367.1,27.212381980198,-333.40298,4.14398
"3673",367.2,27.2561471,-333.35214,4.14302
"3674",367.3,27.2302754455446,-333.307858585859,4.144
"3675",367.4,27.2116566336634,-333.206554455446,4.144
"3676",367.5,27.211476969697,-333.290303030303,4.144
"3677",367.6,27.2276437254902,-333.302212389381,4.144
"3678",367.7,27.2020766666667,-333.209292035398,4.144
"3679",367.8,27.1944558,-333.09323,4.14494
"3680",367.9,27.2363051,-333.226722689076,4.14302521008403
"3681",368,27.2445742424242,-333.117478991597,4.14386554621849
"3682",368.1,27.2422371287129,-333.12924,4.144
"3683",368.2,27.2658633333333,-333.091515151515,4.144
"3684",368.3,27.276278,-333.06104950495,4.144
"3685",368.4,27.2618265656566,-332.835142857143,4.144
"3686",368.5,27.2620577,-332.892285714286,4.144
"3687",368.6,27.2762811,-332.98068,4.144
"3688",368.7,27.3249022222222,-332.96848,4.14402
"3689",368.8,27.3549341176471,-333.138515151515,4.1449595959596
"3690",368.9,27.3924046464646,-333.11167,4.14306
"3691",369,27.4317728,-333.000405940594,4.1449405940594
"3692",369.1,27.433426039604,-332.88486,4.14302
"3693",369.2,27.442944,-332.976539130435,4.144
"3694",369.3,27.440089,-333.003495652174,4.144
"3695",369.4,27.4297452525253,-332.867598130841,4.144
"3696",369.5,27.4230324,-332.897,4.144
"3697",369.6,27.4218673,-332.937,4.144
"3698",369.7,27.4001607,-332.858568627451,4.14498039215686
"3699",369.8,27.4069243564356,-332.83059,4.144
"3700",369.9,27.4253468686869,-332.78794,4.14406
"3701",370,27.4416251485149,-332.87766,4.14591
"3702",370.1,27.4145157575758,-332.703852941176,4.14302941176471
"3703",370.2,27.4100372,-332.666673469388,4.144
"3704",370.3,27.3965629,-332.724353982301,4.144
"3705",370.4,27.4199005050505,-332.469486725664,4.144
"3706",370.5,27.425206039604,-332.75397979798,4.1430101010101
"3707",370.6,27.4328716161616,-332.561373737374,4.1440202020202
"3708",370.7,27.3943908,-332.822088235294,4.14505882352941
"3709",370.8,27.3774008,-332.822354545455,4.14697272727273
"3710",370.9,27.3723427272727,-332.557809090909,4.14424545454546
"3711",371,27.3600803960396,-332.563714285714,4.144
"3712",371.1,27.3512848,-332.600198019802,4.1449801980198
"3713",371.2,27.3715744,-332.511434343434,4.1439898989899
"3714",371.3,27.3944402970297,-332.550141414141,4.1430202020202
"3715",371.4,27.3808325,-332.365651785714,4.144
"3716",371.5,27.3756926732673,-332.454044642857,4.144
"3717",371.6,27.3784296969697,-332.58468,4.14392
"3718",371.7,27.3739412871287,-332.22925862069,4.14005172413793
"3719",371.8,27.3445972727273,-332.392189655172,4.14263793103448
"3720",371.9,27.3428256,-332.361717391304,4.1439347826087
"3721",372,27.3553336,-332.313373737374,4.1430505050505
"3722",372.1,27.376326,-332.3205,4.14395
"3723",372.2,27.3268446,-332.237863636364,4.144
"3724",372.3,27.3488405,-332.133318181818,4.144
"3725",372.4,27.3469023232323,-332.387663366337,4.144
"3726",372.5,27.35489,-332.1494,4.144
"3727",372.6,27.366376,-332.21656,4.14402
"3728",372.7,27.3636223762376,-332.1453,4.14498
"3729",372.8,27.3565283,-332.1081,4.144
"3730",372.9,27.3540792,-331.96826,4.14396
"3731",373,27.3515757,-332.076090909091,4.1420404040404
"3732",373.1,27.3438579,-331.936693069307,4.144
"3733",373.2,27.3624639,-331.98492,4.144
"3734",373.3,27.3562161,-331.64602020202,4.1439797979798
"3735",373.4,27.3679352,-332.029882352941,4.14302941176471
"3736",373.5,27.3735231,-331.859707070707,4.144
"3737",373.6,27.3717112121212,-331.73894,4.14402
"3738",373.7,27.4033420792079,-332.02752,4.14496
"3739",373.8,27.385446,-331.907592592593,4.14301851851852
"3740",373.9,27.3874647,-331.987222222222,4.14394444444445
"3741",374,27.3934016,-331.82968,4.14397
"3742",374.1,27.4021538383838,-331.786138613861,4.1430297029703
"3743",374.2,27.400822,-331.7595,4.144
"3744",374.3,27.3974912,-331.832393939394,4.144
"3745",374.4,27.3892952,-331.805168316832,4.144
"3746",374.5,27.3971156,-331.876,4.1440202020202
"3747",374.6,27.4109681818182,-331.87411,4.145
"3748",374.7,27.4053963366337,-331.812643564356,4.1449702970297
"3749",374.8,27.4119863636364,-331.798818181818,4.144
"3750",374.9,27.3767792079208,-331.690342857143,4.14397142857143
"3751",375,27.3847016,-331.601771428571,4.14301904761905
"3752",375.1,27.3918864,-331.433372727273,4.14397272727273
"3753",375.2,27.3884184158416,-331.612463636364,4.14306363636364
"3754",375.3,27.3868955555556,-331.605,4.144
"3755",375.4,27.3779146534653,-331.60088,4.14398
"3756",375.5,27.3760356,-331.401888888889,4.1430202020202
"3757",375.6,27.3664534,-331.541732673267,4.14391089108911
"3758",375.7,27.3709362,-331.530801980198,4.1410396039604
"3759",375.8,27.3825123232323,-331.422690909091,4.14299090909091
"3760",375.9,27.4115287128713,-331.491781818182,4.14208181818182
"3761",376,27.3743771717171,-331.357723809524,4.14300952380952
"3762",376.1,27.3310608,-331.330104761905,4.1439619047619
"3763",376.2,27.306354,-330.626237623762,4.144
"3764",376.3,27.2971218181818,-331.134282828283,4.144
"3765",376.4,27.2829901980198,-331.2595,4.144
"3766",376.5,27.2955409090909,-331.2338,4.14402
"3767",376.6,27.2959636633663,-331.17503960396,4.1449405940594
"3768",376.7,27.272442,-331.176474747475,4.1420101010101
"3769",376.8,27.2883444,-331.124078431373,4.14301960784314
"3771",377,27.2785666666667,-330.97261,4.14399
"3772",377.1,27.2689336,-331.033188118812,4.143
"3774",377.3,27.30589,-331.008216216216,4.144
"3775",377.4,27.2997444,-331.019027027027,4.144
"3776",377.5,27.3189254545455,-330.996405940594,4.1440297029703
"3778",377.7,27.2872443434343,-330.86782,4.14402
"3779",377.8,27.2731916,-330.752202020202,4.1459797979798
"3780",377.9,27.2972344,-330.870198019802,4.144
"3781",378,27.3081818181818,-330.879757575758,4.1439898989899
"3782",378.1,27.3259412871287,-330.8493,4.14302
"3783",378.2,27.3695718181818,-330.520900990099,4.1439801980198
"3784",378.3,27.3862708,-330.518,4.143
"3785",378.4,27.4089626,-330.718,4.143
"3786",378.5,27.403702020202,-330.7855,4.14412
"3787",378.6,27.42266,-330.810851485149,4.14988118811881
"3788",378.7,27.4129025252525,-330.851323232323,4.1439898989899
"3789",378.8,27.4209521782178,-330.688069306931,4.143
"3790",378.9,27.4498517,-330.74089,4.143
"3791",379,27.4590226,-330.73038,4.143
"3792",379.1,27.4539788118812,-330.76853,4.143
"3793",379.2,27.4402054545455,-330.81925,4.143
"3794",379.3,27.4254912745098,-330.646212121212,4.1430101010101
"3795",379.4,27.4317918181818,-330.666267326733,4.1440198019802
"3796",379.5,27.4194524,-330.62957,4.14501
"3797",379.6,27.452336,-330.587645454545,4.14597272727273
"3798",379.7,27.4574354545455,-330.652190909091,4.14324545454545
"3799",379.8,27.4263281188119,-330.780311827957,4.14495698924731
"3800",379.9,27.4089,-330.6769,4.143
"3801",380,27.4246057,-330.470027522936,4.14300917431193
"3802",380.1,27.4065819,-330.572779816514,4.14392660550459
"3803",380.2,27.4324427,-330.446389473684,4.144
"3804",380.3,27.4364648,-330.40356,4.14302
"3805",380.4,27.4466686868687,-330.47878,4.14402
"3806",380.5,27.4531065346535,-330.421,4.14498148148148
"3807",380.6,27.4540066,-330.521,4.14405555555556
"3808",380.7,27.4533681,-330.44487368421,4.14301052631579
"3809",380.8,27.4554187,-330.392504950495,4.1420198019802
"3810",380.9,27.4469227272727,-330.36747826087,4.143
"3811",381,27.4411135643564,-330.315304347826,4.143
"3812",381.1,27.459131010101,-330.222,4.143
"3813",381.2,27.4480804,-329.990089108911,4.1430099009901
"3815",381.4,27.4295919191919,-330.242252252252,4.14396396396396
"3816",381.5,27.4163641176471,-330.054864864865,4.14216216216216
"3817",381.6,27.4427772727273,-330.337018691589,4.14398130841122
"3818",381.7,27.4515936,-330.337953271028,4.14304672897196
"3819",381.8,27.439044,-330.014217821782,4.1439801980198
"3820",381.9,27.4523374747475,-330.12403960396,4.143
"3821",382,27.4537430693069,-330.128,4.143
"3822",382.1,27.4540025252525,-330.174226415094,4.143
"3823",382.2,27.4292148,-330.02459,4.143
"3824",382.3,27.4139822,-329.984634146341,4.143
"3825",382.4,27.406933,-330.048048780488,4.143
"3826",382.5,27.4056888,-330.031089108911,4.1449405940594
"3827",382.6,27.3899437373737,-329.98576,4.14201
"3828",382.7,27.3939670588235,-329.961393939394,4.143
"3829",382.8,27.3870783838384,-329.9009,4.143
"3830",382.9,27.3800678,-329.84782,4.143
"3831",383,27.3553052475247,-329.887425742574,4.1430198019802
"3832",383.1,27.3796157,-329.858727272727,4.144
"3833",383.2,27.3708874257426,-329.82818,4.14398
"3834",383.3,27.3636116,-329.64722,4.14304
"3835",383.4,27.3595728712871,-329.949392857143,4.14496428571428
"3836",383.5,27.3665723232323,-329.819035714286,4.14317857142857
"3837",383.6,27.3575928,-329.77174,4.143
"3838",383.7,27.3354512,-329.74675,4.143
"3839",383.8,27.3734690909091,-329.81949,4.143
"3840",383.9,27.393827,-329.66837,4.143
"3841",384,27.3963592929293,-329.50803,4.143
"3842",384.1,27.3711934,-329.61012,4.143
"3843",384.2,27.3412506,-329.62045,4.143
"3844",384.3,27.3552834,-329.467919191919,4.1429898989899
"3845",384.4,27.3681265346535,-329.55924,4.14194
"3846",384.5,27.3798328282828,-329.618666666667,4.13909259259259
"3847",384.6,27.4176386,-329.552,4.14372222222222
"3848",384.7,27.413087,-329.571257731959,4.144
"3849",384.8,27.40984,-329.503657407407,4.143
"3850",384.9,27.3992208,-329.569398148148,4.143
"3851",385,27.4092225252525,-329.425158415842,4.143
"3852",385.1,27.42147,-329.432514851485,4.143
"3853",385.2,27.406014,-329.384,4.143
"3854",385.3,27.41484,-329.442,4.143
"3855",385.4,27.4283979207921,-329.435850574713,4.14889655172414
"3856",385.5,27.4248738,-329.637,4.142
"3857",385.6,27.4338553,-329.62851,4.144
"3858",385.7,27.4458492929293,-329.48066,4.14399
"3859",385.8,27.4181912,-329.44573,4.143
"3860",385.9,27.4103268,-329.32051,4.143
"3861",386,27.4161226,-329.37046,4.143
"3862",386.1,27.4072058,-329.31563,4.143
"3863",386.2,27.394301010101,-329.18125,4.14301666666667
"3864",386.3,27.39375,-329.30625,4.14468333333333
"3865",386.4,27.426625,-329.434626262626,4.1459696969697
"3866",386.5,27.4215275,-329.495561403509,4.14301754385965
"3867",386.6,27.4307427722772,-329.473631578947,4.1438947368421
"3868",386.7,27.4559694,-329.38571,4.14399
"3869",386.8,27.4418224752475,-329.25731,4.143
"3870",386.9,27.4446988,-329.18858,4.143
"3871",387,27.4290368,-329.147484848485,4.143
"3872",387.1,27.4331375247525,-329.192844660194,4.143
"3873",387.2,27.4166316,-329.085077669903,4.143
"3874",387.3,27.4204576,-329.226838383838,4.1449393939394
"3875",387.4,27.4535290909091,-329.210421487603,4.13906611570248
"3876",387.5,27.4556344,-329.181495867769,4.14237190082645
"3877",387.6,27.4715011,-329.11442,4.14596
"3878",387.7,27.48146,-328.992178217822,4.1439801980198
"3879",387.8,27.4513712121212,-329.197444444444,4.143
"3880",387.9,27.447812020202,-329.04596,4.143
"3881",388,27.43533,-329.090090909091,4.143
"3882",388.1,27.4236,-328.944636363636,4.143
"3883",388.2,27.447685,-328.90971,4.14299
"3884",388.3,27.4519302970297,-328.979323232323,4.1419898989899
"3885",388.4,27.4346646,-328.911752475248,4.1410396039604
"3886",388.5,27.4216528282828,-328.852202020202,4.1430101010101
"3887",388.6,27.39494,-329.066470588235,4.14398039215686
"3889",388.8,27.3581483168317,-328.822574257426,4.143
"3890",388.9,27.3566442,-328.58,4.143
"3891",389,27.3729918,-328.687079646018,4.143
"3892",389.1,27.3779626,-328.837137254902,4.143
"3893",389.2,27.3716584,-328.744,4.143
"3894",389.3,27.3909352,-328.792623853211,4.14391743119266
"3895",389.4,27.378712,-328.713388888889,4.14296296296296
"3896",389.5,27.3415632,-328.832833333333,4.14111111111111
"3897",389.6,27.352003,-328.904265306122,4.14195918367347
"3898",389.7,27.3906892929293,-328.856714285714,4.14291428571429
"3899",389.8,27.417955,-328.644079207921,4.143
"3900",389.9,27.4131925,-328.552,4.143
"3901",390,27.3880225,-328.557882352941,4.143
"3902",390.1,27.37064,-328.48903960396,4.143
"3903",390.2,27.3761236363636,-328.621101010101,4.14306060606061
"3904",390.3,27.351866,-328.62403960396,4.14594059405941
"3905",390.4,27.361626,-328.56174,4.144
"3906",390.5,27.3736028712871,-328.6483,4.14398
"3907",390.6,27.3848575,-328.70924,4.143
"3908",390.7,27.4078725,-328.57375,4.143
"3909",390.8,27.417067029703,-328.56125,4.143
"3910",390.9,27.4278839393939,-328.322646464646,4.143
"3911",391,27.4205320792079,-328.48104950495,4.1430198019802
"3912",391.1,27.4341952,-328.33596039604,4.1440297029703
"3914",391.3,27.4373884,-328.23951,4.13805
"3915",391.4,27.4280256565657,-328.192622641509,4.143
"3916",391.5,27.4138040594059,-328.354886792453,4.143
"3917",391.6,27.3981546464647,-328.336939393939,4.143
"3918",391.7,27.3851725,-328.33607,4.143
"3919",391.8,27.415625,-328.4036,4.143
"3920",391.9,27.4187575757576,-328.41904,4.143
"3921",392,27.4325211881188,-328.289980582524,4.14297087378641
"3923",392.2,27.4069379207921,-328.198141414141,4.14389898989899
"3924",392.3,27.4395025,-328.206235294118,4.13908823529412
"3925",392.4,27.4301539393939,-328.246525252525,4.1420202020202
"3926",392.5,27.4310697029703,-328.200090909091,4.14398181818182
"3927",392.6,27.435343030303,-328.204636363636,4.14307272727273
"3928",392.7,27.4007244,-328.02044,4.143
"3929",392.8,27.3984336,-328.09034,4.143
"3930",392.9,27.431354,-328.05461682243,4.143
"3931",393,27.4161135643564,-327.885457943925,4.143
"3932",393.1,27.4117427272727,-327.87734,4.14292
"3933",393.2,27.4188343564356,-328.041433333333,4.13906666666667
"3934",393.3,27.4131875,-328.0631,4.1424
"3935",393.4,27.401165,-328.03265,4.14398
"3936",393.5,27.41966,-327.99696039604,4.1420099009901
"3938",393.7,27.4240572,-327.84134,4.143
"3939",393.8,27.4145344,-327.906607142857,4.143
"3940",393.9,27.4149432,-327.886964285714,4.143
"3941",394,27.416158,-327.913643564356,4.1429801980198
"3942",394.1,27.3906342424243,-327.79699,4.14199
"3943",394.2,27.373569009901,-327.79685,4.14101
"3944",394.3,27.3915815151515,-327.88012962963,4.14199074074074
"3945",394.4,27.3962251485149,-327.793092592593,4.14106481481481
"3946",394.5,27.3770268,-327.670851485149,4.143
"3948",394.7,27.415256039604,-327.493732673267,4.143
"3950",394.9,27.4648635294118,-327.829,4.14202
"3951",395,27.4999848484849,-327.684112149533,4.14296261682243
"3952",395.1,27.4799275,-327.802631578947,4.14084210526316
"3953",395.2,27.4795075,-327.65,4.144
"3954",395.3,27.4842442424242,-327.784717948718,4.14206837606837
"3955",395.4,27.4835685148515,-327.620615384615,4.14548717948718
"3956",395.5,27.4944806060606,-327.627113207547,4.14399056603774
"3957",395.6,27.5086032,-327.538433962264,4.14304716981132
"3958",395.7,27.5116236,-327.61385,4.143
"3959",395.8,27.5072664,-327.49953,4.143
"3960",395.9,27.497575049505,-327.45174,4.143
"3961",396,27.4791709090909,-327.32848,4.14303
"3962",396.1,27.4678467326733,-327.47419,4.14593
"3963",396.2,27.500825,-327.394474747475,4.1390303030303
"3964",396.3,27.4885403030303,-327.43731372549,4.14198039215686
"3966",396.5,27.4786290909091,-327.461534653465,4.143
"3967",396.6,27.4773592079208,-327.38679,4.14299
"3968",396.7,27.4779163636364,-327.16958,4.14201
"3969",396.8,27.4952129292929,-327.324702970297,4.143
"3970",396.9,27.4867253465347,-327.195,4.143
"3972",397.1,27.4055707843137,-327.205257425743,4.1440099009901
"3973",397.2,27.3807009090909,-327.031,4.145
"3975",397.4,27.3549398,-327.067861386139,4.1420099009901
"3976",397.5,27.3641351515152,-327.054,4.143
"3977",397.6,27.3631348514851,-327.046,4.143
"3978",397.7,27.3696644444444,-327.022576576577,4.143
"3979",397.8,27.3759775,-326.970765957447,4.14205319148936
"3980",397.9,27.38017,-326.843363636364,4.143
"3981",398,27.3951272727273,-326.879727272727,4.143
"3982",398.1,27.392459009901,-327.031171717172,4.1459797979798
"3983",398.2,27.3673524242424,-326.95146,4.14398
"3984",398.3,27.3836984,-327.019078431373,4.143
"3986",398.5,27.3758966,-326.841494949495,4.1420101010101
"3987",398.6,27.3883693069307,-326.882297029703,4.143
"3988",398.7,27.3916236363636,-326.50527,4.143
"3989",398.8,27.3648124509804,-326.92664,4.143
"3990",398.9,27.38356,-326.792950495049,4.1429801980198
"3991",399,27.3948984,-326.888,4.141
"3992",399.1,27.3977976,-326.838,4.143
"3993",399.2,27.4220276,-326.794571428571,4.143
"3994",399.3,27.436766,-326.766,4.143
"3996",399.5,27.424431372549,-326.78838,4.142
"3997",399.6,27.4409166666667,-326.628722772277,4.1420099009901
"3999",399.8,27.4590904,-326.549161616162,4.1420101010101
"4000",399.9,27.4491684848485,-326.56595049505,4.1429801980198
"4001",400,27.4222332673267,-326.611678571429,4.14197321428571
"4002",400.1,27.4642424242424,-326.479535714286,4.13929464285714
"4003",400.2,27.4491599,-326.543122222222,4.14295555555556
"4004",400.3,27.4706443,-326.49679245283,4.14396226415094
"4005",400.4,27.467276,-326.53641509434,4.14207547169811
"4006",400.5,27.4579444,-326.356547169811,4.14299056603774
"4007",400.6,27.4675477777778,-326.411264150943,4.14204716981132
"4008",400.7,27.4486414,-326.098737373737,4.142
"4009",400.8,27.4411334653465,-326.27142,4.14202
"4010",400.9,27.4532417,-326.39098,4.14302
"4011",401,27.4700066336634,-326.438699115044,4.14391150442478
"4012",401.1,27.4434166666667,-326.423654867257,4.13948672566372
"4013",401.2,27.4383178217822,-326.394141414141,4.143
"4014",401.3,27.4112644,-326.212857142857,4.14298214285714
"4015",401.4,27.4145764,-326.255714285714,4.14208928571429
"4016",401.5,27.4172492,-326.322757281553,4.142
"4017",401.6,27.4322388888889,-325.660621359224,4.142
"4018",401.7,27.4041916831683,-326.207581818182,4.14298181818182
"4019",401.8,27.4003717171717,-326.236672727273,4.14207272727273
"4020",401.9,27.3726858,-326.082762376238,4.14217821782178
"4021",402,27.3904743,-326.270175925926,4.15089814814814
"4022",402.1,27.4027077777778,-326.387768518518,4.14071296296296
"4023",402.2,27.3928014851485,-326.19495,4.14301
"4024",402.3,27.3946377777778,-326.288821782178,4.1439801980198
"4025",402.4,27.38362,-326.271,4.142
"4026",402.5,27.404734,-326.05885046729,4.142
"4027",402.6,27.413449,-325.99265625,4.14296875
"4028",402.7,27.4079803,-325.984471153846,4.14206730769231
"4029",402.8,27.4194648514851,-325.96084,4.14301
"4030",402.9,27.4130336,-326.046356435643,4.1439801980198
"4031",403,27.4143367676768,-326.282,4.142
"4032",403.1,27.4376311,-326.113817204301,4.142
"4033",403.2,27.4535243564356,-326.245,4.142
"4034",403.3,27.4641321212121,-326.153,4.143
"4035",403.4,27.4579442574257,-325.94,4.142
"4036",403.5,27.4781584,-325.99,4.142
"4038",403.7,27.4640284,-325.92631372549,4.14201960784314
"4040",403.9,27.4910886,-325.896860869565,4.13706956521739
"4041",404,27.4755725,-325.882947826087,4.14402608695652
"4042",404.1,27.4579988888889,-326.003254901961,4.14247058823529
"4043",404.2,27.4622436,-325.721090909091,4.142
"4044",404.3,27.445023,-325.733287128713,4.142
"4045",404.4,27.4961578,-325.895353535354,4.142
"4046",404.5,27.4954882,-325.81904,4.14202
"4047",404.6,27.481752,-325.19328,4.143
"4048",404.7,27.4548952,-325.650455445545,4.1429801980198
"4049",404.8,27.4706444,-325.772242424242,4.1419797979798
"4050",404.9,27.466740990099,-325.797128712871,4.14007920792079
"4051",405,27.4906831,-325.85178,4.14398
"4052",405.1,27.4698611881188,-325.731440366972,4.14200917431193
"4053",405.2,27.4362664,-325.77547706422,4.14292660550459
"4054",405.3,27.4562898989899,-325.64531,4.142
"4055",405.4,27.4548363,-325.47842,4.142
"4056",405.5,27.4483942,-325.51849,4.142
"4057",405.6,27.4649599,-325.36909,4.142
"4058",405.7,27.4994492,-325.37891,4.142
"4059",405.8,27.5224988888889,-325.46812,4.14207
"4060",405.9,27.4821917821782,-325.38094,4.14893
"4061",406,27.4712466666667,-325.37472,4.14199
"4062",406.1,27.488006,-325.347582608696,4.14100869565217
"4063",406.2,27.4739102,-325.405843478261,4.14187826086957
"4064",406.3,27.478634,-325.336383838384,4.142
"4065",406.4,27.4835583168317,-325.2695,4.142
"4066",406.5,27.4906822222222,-324.959735042735,4.142
"4067",406.6,27.473391,-325.396487179487,4.142
"4068",406.7,27.5023568,-325.105376237624,4.142
"4069",406.8,27.4933924,-325.126464646465,4.1420303030303
"4070",406.9,27.5041278,-325.36686,4.14496
"4071",407,27.48758,-325.313217821782,4.1429801980198
"4072",407.1,27.4688632673267,-325.41916,4.142
"4073",407.2,27.4752062,-325.039484848485,4.142
"4074",407.3,27.5141857425742,-325.087,4.142
"4075",407.4,27.5158256,-325.08582,4.142
"4076",407.5,27.4758666666667,-324.97042,4.142
"4077",407.6,27.4927594059406,-325.111,4.142
"4078",407.7,27.4839866666667,-325.110274509804,4.14209803921569
"4079",407.8,27.4999704,-325.074,4.147
"4080",407.9,27.5072362,-325.269,4.151
"4081",408,27.5050378787879,-325.193,4.142
"4082",408.1,27.4895333663366,-325.116235294118,4.14064705882353
"4083",408.2,27.4804936363636,-324.908,4.143
"4084",408.3,27.4874845544554,-325.129236363636,4.142
"4085",408.4,27.5142062,-325.041054545455,4.142
"4086",408.5,27.5197016,-325.001416666667,4.142
"4087",408.6,27.5296662376238,-324.977919191919,4.142
"4088",408.7,27.5179111111111,-325.067762376238,4.14217821782178
"4089",408.8,27.549326,-325.054939393939,4.151
"4090",408.9,27.5362686,-324.95204,4.15082
"4091",409,27.5315571287129,-324.99838,4.142
"4092",409.1,27.5152347,-324.77182,4.142
"4093",409.2,27.5076411111111,-324.763059405941,4.142
"4094",409.3,27.495294950495,-324.762071428572,4.142
"4095",409.4,27.5136011111111,-324.369214285714,4.142
"4096",409.5,27.5358858,-324.74828,4.142
"4097",409.6,27.5156394,-324.87485,4.14199
"4098",409.7,27.4955475757576,-324.85839,4.14105
"4099",409.8,27.5072724752475,-324.69904,4.14597
"4100",409.9,27.50528,-324.70345,4.14299
"4101",410,27.5136979207921,-324.746796116505,4.142
"4102",410.1,27.5103803030303,-324.62640776699,4.142
"4103",410.2,27.5213858,-324.597615384615,4.142
"4104",410.3,27.5309683168317,-324.524550458716,4.142
"4105",410.4,27.5546424242424,-324.452073394495,4.142
"4106",410.5,27.5379372277228,-324.65862745098,4.142
"4107",410.6,27.4969339393939,-324.62137254902,4.142
"4108",410.7,27.5263079,-324.4188,4.14198
"4109",410.8,27.5343011,-324.498972222222,4.14002777777778
"4110",410.9,27.5159987878788,-324.60488172043,4.143
"4111",411,27.4940219607843,-324.578,4.143
"4112",411.1,27.5278239393939,-324.459901960784,4.14100980392157
"4113",411.2,27.5090682178218,-324.350098039216,4.14199019607843
"4114",411.3,27.5139058,-324.237842105263,4.142
"4115",411.4,27.5246903030303,-324.170609756098,4.142
"4116",411.5,27.5392187128713,-324.295,4.142
"4117",411.6,27.5141457575758,-324.275,4.142
"4118",411.7,27.5195749504951,-324.213,4.142
"4119",411.8,27.5047857575758,-324.184,4.145
"4120",411.9,27.5108563,-324.316,4.142
"4121",412,27.5194306,-324.102,4.14
"4122",412.1,27.5062950505051,-324.144342342342,4.1418018018018
"4123",412.2,27.4765622772277,-324.101323232323,4.142
"4124",412.3,27.4915387878788,-324.369,4.142
"4125",412.4,27.502804,-324.18825,4.142
"4126",412.5,27.495843960396,-324.4094,4.142
"4127",412.6,27.5108843434343,-324.2494,4.142
"4128",412.7,27.5546696078431,-324.25718,4.14599
"4129",412.8,27.5281960606061,-324.27494,4.14496
"4130",412.9,27.4972893069307,-324.268622641509,4.14102830188679
"4131",413,27.4917764,-324.230886792453,4.14385849056604
"4132",413.1,27.49732,-324.129603960396,4.1429900990099
"4133",413.2,27.4760286138614,-323.99,4.142
"4134",413.3,27.4754178787879,-324.13587628866,4.142
"4135",413.4,27.5006052475248,-323.84,4.142
"4136",413.5,27.5087578787879,-324.144,4.142
"4137",413.6,27.5127903,-324.186857142857,4.142
"4138",413.7,27.5260977,-323.995717171717,4.13491919191919
"4139",413.8,27.5381016,-324.024,4.143
"4141",414,27.5201024242424,-323.843138613861,4.1400198019802
"4143",414.2,27.521344,-324.01006870229,4.142
"4144",414.3,27.5287703,-324.031442748092,4.142
"4145",414.4,27.50334,-323.79000990099,4.142
"4146",414.5,27.5070021212121,-323.791,4.142
"4147",414.6,27.5089266336634,-323.836535714286,4.14110714285714
"4148",414.7,27.5309636363636,-323.80176344086,4.1420752688172
"4149",414.8,27.520576,-323.748,4.141
"4150",414.9,27.523667029703,-323.754603773585,4.14194339622642
"4151",415,27.5155918,-323.754655913978,4.14415053763441
"4152",415.1,27.5090938613861,-323.631,4.142
"4153",415.2,27.5098793939394,-323.759,4.142
"4154",415.3,27.491894,-323.249,4.142
"4156",415.5,27.4731702,-323.726455445545,4.1419900990099
"4158",415.7,27.4993644444444,-323.801524752475,4.1419801980198
"4159",415.8,27.522728,-323.754,4.14
"4160",415.9,27.5059,-323.689,4.142
"4161",416,27.484354,-323.492,4.142
"4162",416.1,27.513784,-323.525,4.142
"4163",416.2,27.5503581818182,-323.558,4.142
"4164",416.3,27.5392720792079,-323.244313131313,4.142
"4165",416.4,27.510872,-323.313,4.142
"4166",416.5,27.536886,-323.232,4.142
"4167",416.6,27.5413256435644,-323.522099009901,4.142
"4168",416.7,27.5636032323232,-323.503097345133,4.142
"4169",416.8,27.5500265346535,-323.376659793814,4.14196907216495
"4170",416.9,27.5291437,-323.588,4.143
"4171",417,27.5257321,-323.541395604396,4.142
"4172",417.1,27.5145482,-323.537,4.142
"4173",417.2,27.5273674,-323.495,4.142
"4174",417.3,27.525813,-323.196,4.142
"4175",417.4,27.5144329292929,-323.538988505747,4.14214942528736
"4176",417.5,27.509364,-323.516,4.141
"4177",417.6,27.51232,-323.395425531915,4.13993617021277
"4178",417.7,27.509212,-323.305,4.141
"4179",417.8,27.516626,-323.244262626263,4.1409898989899
"4180",417.9,27.489434,-323.218,4.142
"4181",418,27.501574,-323.301,4.142
"4182",418.1,27.52472,-323.222153846154,4.142
"4183",418.2,27.502074,-323.084402061856,4.142
"4184",418.3,27.480198,-323.3062,4.142
"4185",418.4,27.49287,-323.038658536585,4.142
"4186",418.5,27.485956,-322.985,4.142
"4187",418.6,27.5024484848485,-322.835,4.151
"4188",418.7,27.5205551,-322.948,4.141
"4190",418.9,27.505694,-323.034247524753,4.1429900990099
"4192",419.1,27.5149754,-323.030362204724,4.142
"4193",419.2,27.4961503030303,-322.966582677165,4.142
"4194",419.3,27.507256,-322.916363636364,4.142
"4195",419.4,27.51912,-322.887161616162,4.142
"4196",419.5,27.481368,-322.971,4.142
"4197",419.6,27.46073,-323.12,4.136
"4198",419.7,27.5092904040404,-322.978,4.142
"4199",419.8,27.5439861,-322.97,4.142
"4200",419.9,27.5046957,-322.951,4.142
"4201",420,27.5312408,-322.855,4.142
"4202",420.1,27.5408515,-322.798137254902,4.142
"4203",420.2,27.5224643,-322.470333333333,4.142
"4204",420.3,27.4946667,-322.686736263736,4.142
"4205",420.4,27.4852253,-322.723,4.142
"4206",420.5,27.5079343564357,-322.842,4.142
"4207",420.6,27.486074,-322.95,4.14
"4208",420.7,27.4876648514851,-322.993978494624,4.142
"4209",420.8,27.4999725,-322.78,4.142
"4210",420.9,27.5226633333333,-322.682803738318,4.14106542056075
"4211",421,27.555186,-322.685489795918,4.14194897959184
"4212",421.1,27.562098,-322.609418367347,4.142
"4213",421.2,27.550086,-322.585224489796,4.142
"4214",421.3,27.5436,-322.59688,4.142
"4215",421.4,27.5404188888889,-322.743097087379,4.142
"4216",421.5,27.556871980198,-322.607772277228,4.1410099009901
"4218",421.7,27.5397261,-322.85699,4.14202
"4219",421.8,27.5639805,-322.756188118812,4.1439702970297
"4220",421.9,27.6028072,-322.675,4.141
"4221",422,27.5843230693069,-322.646,4.141
"4222",422.1,27.5485936363636,-322.556,4.141
"4223",422.2,27.5501712,-322.135487179487,4.1418547008547
"4224",422.3,27.5417858,-322.432989130435,4.14109782608696
"4225",422.4,27.5343604,-322.455268292683,4.14187804878049
"4226",422.5,27.5535453,-322.476,4.137
"4227",422.6,27.5837736363636,-322.318,4.142
"4228",422.7,27.5853462376238,-322.513,4.141
"4229",422.8,27.5755621782178,-322.45,4.142
"4230",422.9,27.5571027722772,-322.384,4.142
"4232",423.1,27.5296621212121,-322.251732673267,4.1419900990099
"4233",423.2,27.559258,-322.225,4.141
"4234",423.3,27.5581701010101,-322.249,4.142
"4235",423.4,27.56728,-322.279,4.142
"4236",423.5,27.5569395,-322.103074074074,4.14755555555556
"4237",423.6,27.5410772727273,-322.288333333333,4.14225
"4238",423.7,27.5697959405941,-322.320525773196,4.141
"4239",423.8,27.5402509090909,-322.303,4.141
"4240",423.9,27.5362502,-322.312708737864,4.141
"4241",424,27.5813024,-322.15314,4.141
"4242",424.1,27.5683006,-322.16615,4.141
"4243",424.2,27.5497372277228,-322.082128712871,4.1410099009901
"4245",424.4,27.5602177227723,-322.158555555556,4.1419595959596
"4246",424.5,27.561326,-322.113362204724,4.13804724409449
"4247",424.6,27.551432,-321.995666666667,4.141
"4248",424.7,27.581808,-322.057,4.141
"4249",424.8,27.5504436734694,-322.04941,4.14101
"4250",424.9,27.5632397029703,-321.991318965517,4.14199137931034
"4251",425,27.5581163636364,-322.077058823529,4.141
"4252",425.1,27.5541794059406,-321.75,4.141
"4253",425.2,27.602066,-321.970033898305,4.14100847457627
"4254",425.3,27.62104,-321.873423728814,4.14185593220339
"4255",425.4,27.6010221782178,-321.891851485148,4.141
"4256",425.5,27.6229327272727,-321.977,4.141
"4258",425.7,27.6028745454545,-321.871443478261,4.14397391304348
"4259",425.8,27.5852885148515,-321.836325581395,4.141
"4260",425.9,27.5826401980198,-321.634,4.141
"4261",426,27.5990135353535,-321.403181818182,4.141
"4262",426.1,27.5800497029703,-321.522722772277,4.1410198019802
"4263",426.2,27.580116969697,-321.70784,4.14199
"4264",426.3,27.610792,-321.789252525253,4.1410101010101
"4265",426.4,27.6064758,-321.62096,4.14188
"4266",426.5,27.5778645454545,-321.76408,4.1361
"4267",426.6,27.5498294117647,-321.66978,4.141
"4268",426.7,27.5568121212121,-321.66178,4.141
"4269",426.8,27.5910341,-321.79602,4.141
"4270",426.9,27.6258857,-321.693540540541,4.141
"4271",427,27.5712463636363,-321.420567567567,4.141
"4272",427.1,27.6118793069307,-321.411948453608,4.141
"4273",427.2,27.6021281818182,-321.413414141414,4.1419898989899
"4274",427.3,27.6017374,-321.4588,4.14114545454545
"4275",427.4,27.6414768,-321.6988,4.14841818181818
"4276",427.5,27.618704040404,-321.61713,4.14199
"4277",427.6,27.6300115841584,-321.62996039604,4.1410099009901
"4279",427.8,27.5893572,-321.472080808081,4.141
"4280",427.9,27.5873247,-321.47902,4.141
"4281",428,27.5895475,-321.43056,4.141
"4282",428.1,27.5931102970297,-321.41159047619,4.141
"4283",428.2,27.5837446464646,-321.547257731959,4.14096907216495
"4284",428.3,27.5929789215686,-321.472,4.142
"4285",428.4,27.5837554545455,-321.499,4.144
"4286",428.5,27.576497,-321.498137931034,4.14055172413793
"4287",428.6,27.6033354,-321.450564705882,4.14098823529412
"4288",428.7,27.6034780808081,-321.416545454545,4.1399898989899
"4289",428.8,27.5697467326733,-321.362,4.141
"4290",428.9,27.5650109090909,-321.304,4.141
"4291",429,27.5691551485149,-321.209818181818,4.141
"4292",429.1,27.5579862,-321.328,4.141
"4293",429.2,27.5924158,-321.188396039604,4.141
"4294",429.3,27.6114478,-321.17908,4.14199
"4295",429.4,27.6171448484848,-321.177666666667,4.14199019607843
"4296",429.5,27.5871610891089,-321.144333333333,4.14100980392157
"4297",429.6,27.56575,-321.26379,4.141
"4298",429.7,27.5761692,-321.35311,4.141
"4299",429.8,27.5579005940594,-321.128598214286,4.141
"4300",429.9,27.573307,-321.009869158879,4.141
"4301",430,27.592368,-320.881638297872,4.141
"4302",430.1,27.5816582828283,-321.021,4.141
"4303",430.2,27.5400173,-320.992121212121,4.1409898989899
"4304",430.3,27.5511285,-321.08,4.142
"4306",430.5,27.5517435643564,-321.133853211009,4.14100917431193
"4307",430.6,27.561802020202,-321.120695652174,4.14208695652174
"4308",430.7,27.5801577227723,-321.087,4.141
"4309",430.8,27.5472992,-321.01769,4.141
"4310",430.9,27.5749944,-321.083401960784,4.141
"4311",431,27.6010222,-320.823598039216,4.141
"4312",431.1,27.5920987878788,-320.810958762887,4.141
"4313",431.2,27.5940137623762,-320.679,4.141
"4314",431.3,27.5736817171717,-320.956685950413,4.14265289256198
"4315",431.4,27.6053401,-320.988712962963,4.14199074074074
"4316",431.5,27.5980224,-321.073956989247,4.1410752688172
"4317",431.6,27.5549184848485,-320.946,4.14
"4318",431.7,27.5869444554455,-320.852,4.141
"4319",431.8,27.5651016161616,-320.935,4.141
"4320",431.9,27.5537624,-320.579545454545,4.141
"4321",432,27.5600354455446,-320.549175824176,4.141
"4322",432.1,27.5298039393939,-320.625,4.141
"4323",432.2,27.5086770588235,-320.812,4.141
"4324",432.3,27.5496737373737,-320.724,4.144
"4325",432.4,27.5620521,-320.566,4.141
"4326",432.5,27.5609089,-320.690238095238,4.14119047619048
"4327",432.6,27.558631,-320.645,4.14
"4328",432.7,27.5790398,-320.534,4.141
"4329",432.8,27.5601347,-320.663,4.141
"4330",432.9,27.5659992079208,-320.498185185185,4.141
"4331",433,27.567364040404,-320.558495049505,4.141
"4332",433.1,27.5800931,-320.408,4.141
"4333",433.2,27.6182806,-320.586,4.142
"4334",433.3,27.5941777,-320.475,4.146
"4335",433.4,27.5918917,-320.574,4.14
"4336",433.5,27.6184448484849,-320.418,4.142
"4337",433.6,27.5853671287129,-320.360574257426,4.1410099009901
"4338",433.7,27.61004,-320.601696969697,4.141
"4339",433.8,27.6300496,-320.332,4.141
"4340",433.9,27.6342425,-320.485842105263,4.141
"4341",434,27.6050003,-320.349,4.141
"4342",434.1,27.5784988,-320.221,4.141
"4343",434.2,27.6021233,-320.308,4.143
"4344",434.3,27.6105866666667,-320.352,4.148
"4345",434.4,27.6203516831683,-320.35580952381,4.14133333333333
"4346",434.5,27.6212074,-320.22277,4.14001
"4347",434.6,27.6371973267327,-320.201237623762,4.141
"4348",434.7,27.6688934,-320.325,4.141
"4349",434.8,27.6616866666667,-320.124,4.141
"4350",434.9,27.6405006,-319.749,4.141
"4351",435,27.6403737,-320.015336633663,4.141
"4352",435.1,27.5893778,-320.23976,4.14199
"4353",435.2,27.6073486,-320.1628,4.14101
"4354",435.3,27.6290873737374,-320.12297979798,4.1430202020202
"4355",435.4,27.6490928,-320.125,4.141
"4356",435.5,27.637242,-320.113,4.142
"4357",435.6,27.6236684,-320.024009174312,4.14108256880734
"4358",435.7,27.616002,-320.104242424242,4.141
"4359",435.8,27.6214652,-319.830465346535,4.141
"4360",435.9,27.669068019802,-320.077,4.141
"4361",436,27.640555050505,-319.927978723404,4.14106382978723
"4362",436.1,27.6397620792079,-320.145,4.14
"4363",436.2,27.6531067,-319.973,4.145
"4365",436.4,27.6365615,-320.05675,4.13903
"4366",436.5,27.6586491919192,-320.130141509434,4.14199056603774
"4367",436.6,27.6225038613861,-320.043894736842,4.141
"4368",436.7,27.6256356565657,-319.966,4.141
"4370",436.9,27.623587,-319.816144230769,4.14099038461538
"4371",437,27.6580056565657,-320.130567307692,4.14002884615385
"4372",437.1,27.6506491089109,-319.962754901961,4.14012745098039
"4373",437.2,27.6259178787879,-319.838353535354,4.15313131313131
"4374",437.3,27.605688,-319.703,4.14
"4375",437.4,27.6153492,-319.69697029703,4.1409900990099
"4376",437.5,27.6397024,-319.694,4.14
"4377",437.6,27.6637821782178,-319.786,4.141
"4378",437.7,27.6490972727273,-319.823,4.1399898989899
"4379",437.8,27.65116,-319.823,4.141
"4380",437.9,27.6386488,-319.75,4.14
"4381",438,27.6230232,-319.813963963964,4.14
"4382",438.1,27.627134,-319.84046875,4.14648958333333
"4383",438.2,27.6095112121212,-319.795636363636,4.1399898989899
"4384",438.3,27.6000469306931,-319.732,4.141
"4385",438.4,27.6235036,-319.616717948718,4.139
"4386",438.5,27.6453393069307,-319.688512820513,4.139
"4387",438.6,27.6613181,-319.635444444444,4.1399898989899
"4388",438.7,27.6506,-319.591,4.141
"4389",438.8,27.6245167326733,-319.461,4.14
"4391",439,27.6271059,-319.385485148515,4.14009900990099
"4392",439.1,27.6302802,-319.634,4.15
"4393",439.2,27.5971743434343,-319.623,4.138
"4394",439.3,27.6124564,-319.564313253012,4.14
"4395",439.4,27.6146524242424,-319.586,4.14
"4396",439.5,27.6106238613861,-319.490611111111,4.14099074074074
"4397",439.6,27.6263821212121,-319.551722222222,4.14006481481481
"4398",439.7,27.6259965,-319.446180851064,4.14098936170213
"4399",439.8,27.6342298019802,-319.255683168317,4.14
"4400",439.9,27.608186969697,-319.524,4.14
"4401",440,27.60229,-319.432,4.141
"4402",440.1,27.6137619191919,-319.500316831683,4.1479306930693
"4403",440.2,27.6015116,-319.549414141414,4.1379797979798
"4404",440.3,27.6184648,-319.608,4.14
"4405",440.4,27.5984793939394,-319.39279047619,4.14
"4406",440.5,27.6312781188119,-319.472291666667,4.14
"4407",440.6,27.6188196969697,-319.54,4.14
"4408",440.7,27.5975336633663,-319.377217391304,4.14
"4409",440.8,27.6111312,-319.412,4.14
"4410",440.9,27.682904,-319.31055319149,4.14106382978723
"4411",441,27.7071378217822,-319.468,4.14
"4412",441.1,27.70525,-319.314,4.139
"4413",441.2,27.7219153465347,-319.176857142857,4.14090476190476
"4414",441.3,27.7212664646465,-319.547310344828,4.13885057471264
"4415",441.4,27.721384,-319.268,4.14
"4416",441.5,27.7407708,-319.294,4.14
"4417",441.6,27.7311681818182,-319.29102970297,4.14
"4418",441.7,27.7368034653465,-319.164656565657,4.14
"4419",441.8,27.7306906060606,-319.299,4.14
"4420",441.9,27.726967,-319.086,4.14
"4422",442.1,27.7202207070707,-319.155361111111,4.13505555555555
"4423",442.2,27.7426115686275,-319.191472222222,4.14061111111111
"4424",442.3,27.7197263636364,-319.152446808511,4.14001063829787
"4425",442.4,27.7167746534653,-319.185264,4.139208
"4426",442.5,27.718506,-319.067706666667,4.13998666666667
"4427",442.6,27.7235244,-319.1155,4.14
"4428",442.7,27.7169531683168,-318.987203883495,4.14
"4429",442.8,27.7350917171717,-318.948350515464,4.14
"4430",442.9,27.7382978217822,-319.059896226415,4.13998113207547
"4431",443,27.7407538383838,-319.049518867925,4.13809433962264
"4432",443.1,27.7284232,-318.86603030303,4.14404040404041
"4433",443.2,27.7357996,-319.163,4.14
"4434",443.3,27.7555136363636,-319.038651162791,4.14116279069767
"4435",443.4,27.754651980198,-318.934,4.14
"4436",443.5,27.7702063636364,-319.039098039216,4.14
"4437",443.6,27.742469,-318.948901960784,4.14
"4438",443.7,27.7546465,-318.732420560748,4.14
"4439",443.8,27.7425015151515,-318.745666666667,4.14
"4440",443.9,27.7516590196078,-318.83213,4.14
"4441",444,27.7368093939394,-318.82112,4.1499
"4442",444.1,27.7561898019802,-318.97841,4.13317000000001
"4443",444.2,27.7232718181818,-318.99485,4.13993
"4444",444.3,27.732890990099,-318.879028571429,4.14094285714286
"4445",444.4,27.7839896,-318.690453608247,4.14
"4446",444.5,27.76206,-318.842,4.14
"4447",444.6,27.715185,-318.829128712871,4.14
"4448",444.7,27.733697979798,-318.85078,4.14
"4449",444.8,27.7556264,-318.674798165138,4.14
"4450",444.9,27.7676652,-318.82468,4.13997
"4451",445,27.7786068,-318.696009803922,4.13702941176471
"4452",445.1,27.7090288,-318.896990196078,4.13997058823529
"4453",445.2,27.6684157575758,-318.660041666667,4.14095833333333
"4454",445.3,27.6754058415842,-318.759,4.142
"4455",445.4,27.6809816,-318.707514851485,4.14
"4457",445.6,27.662367029703,-318.695346534653,4.14
"4458",445.7,27.6603306060606,-318.63,4.14
"4459",445.8,27.663094,-318.59503030303,4.14
"4460",445.9,27.658575,-318.592,4.14
"4461",446,27.6672225,-318.563,4.15
"4462",446.1,27.6734293069307,-318.684568627451,4.13823529411765
"4463",446.2,27.645983030303,-318.58018,4.13898
"4464",446.3,27.6442705,-318.70442,4.13998
"4465",446.4,27.6538275,-318.57545045045,4.14
"4466",446.5,27.6451335,-318.434420454545,4.14
"4467",446.6,27.6554388118812,-318.704764705882,4.14
"4468",446.7,27.6596375757576,-318.37943877551,4.14
"4469",446.8,27.661132970297,-318.356926605505,4.14
"4470",446.9,27.6483596969697,-318.542912087912,4.13901098901099
"4471",447,27.6218405,-318.41927,4.1489
"4472",447.1,27.6388965,-318.44176,4.14009
"4473",447.2,27.6416382828283,-318.478267326733,4.1390198019802
"4474",447.3,27.6584001960784,-318.594779220779,4.14
"4475",447.4,27.6700942424242,-318.474,4.14
"4476",447.5,27.6814545,-318.382857142857,4.14
"4477",447.6,27.6912055,-318.14,4.14
"4478",447.7,27.677388,-318.196,4.14
"4479",447.8,27.6976245,-318.349921568627,4.14
"4480",447.9,27.7130634343434,-318.352203252032,4.13681300813008
"4481",448,27.6784027722772,-318.274321428571,4.14046428571429
"4482",448.1,27.6439284848485,-318.41764516129,4.14002150537634
"4483",448.2,27.6746546,-318.30732,4.14196
"4484",448.3,27.6908418,-318.160425742574,4.1400594059406
"4485",448.4,27.6773868,-318.063898989899,4.14
"4486",448.5,27.6951768316832,-318.07082,4.14
"4487",448.6,27.6796923232323,-318.0808,4.14
"4488",448.7,27.6807152475248,-317.891877192982,4.14
"4489",448.8,27.6567058415842,-318.248388235294,4.14
"4490",448.9,27.6641124,-318.187326732673,4.14490099009901
"4491",449,27.6767504,-318.186907407407,4.14046296296296
"4492",449.1,27.6848715151515,-318.190913043478,4.14195652173913
"4493",449.2,27.6929299009901,-318.16193220339,4.13950847457627
"4494",449.3,27.7005057142857,-318.054271604938,4.13998765432099
"4495",449.4,27.6545768,-318.15794,4.14
"4496",449.5,27.6474546,-316.6047,4.14
"4497",449.6,27.6321034343434,-318.00965,4.14
"4498",449.7,27.6361011881188,-318.0796875,4.14
"4499",449.8,27.625523030303,-317.938375,4.13909375
"4500",449.9,27.6334705,-317.874532608696,4.14988043478261
"4501",450,27.6358330693069,-317.897524752475,4.14019801980197
"4502",450.1,27.6398242,-317.83332,4.13706
"4503",450.2,27.631288019802,-317.88688,4.13994
"4504",450.3,27.6304197979798,-317.8096,4.14
"4505",450.4,27.668638,-317.81878,4.14
"4506",450.5,27.6676676,-317.1477,4.14
"4507",450.6,27.6411472,-317.7073,4.14
"4508",450.7,27.6575482,-317.709101010101,4.14
"4509",450.8,27.6362106060606,-317.709,4.14
"4510",450.9,27.6442946,-317.841,4.13902941176471
"4511",451,27.6459652475247,-317.80837755102,4.139
"4512",451.1,27.639715,-317.78028,4.13999
"4513",451.2,27.6472484,-317.74139,4.14
"4514",451.3,27.6517064646465,-317.68457,4.14
"4515",451.4,27.6769693069307,-317.68994,4.14
"4516",451.5,27.6418082828283,-317.01383,4.14
"4517",451.6,27.6412666,-317.61783,4.14
"4518",451.7,27.6535092079208,-317.69429,4.14
"4519",451.8,27.6816574,-317.68213,4.14099
"4520",451.9,27.6539394,-317.66913,4.141
"4521",452,27.663654040404,-317.64821,4.13902
"4522",452.1,27.6431595,-317.693080357143,4.139
"4523",452.2,27.6852523,-317.510191489362,4.139
"4524",452.3,27.6693082,-317.455842105263,4.13997894736842
"4525",452.4,27.698479009901,-317.6118,4.14
"4526",452.5,27.6550182,-317.12796969697,4.14
"4527",452.6,27.6628194,-317.58335,4.14
"4528",452.7,27.6457892,-317.58701,4.13901
"4529",452.8,27.6617178,-317.612575,4.139
"4530",452.9,27.649006,-317.651458823529,4.13807058823529
"4531",453,27.6177662,-317.621745098039,4.1398431372549
"4532",453.1,27.6476376,-317.579430107527,4.14
"4533",453.2,27.6315949494949,-317.630177966102,4.14
"4534",453.3,27.6301818,-317.428228915663,4.14
"4535",453.4,27.6299554,-317.596232323232,4.14
"4536",453.5,27.6975921,-317.37129,4.14
"4537",453.6,27.6887701,-317.24624,4.14
"4538",453.7,27.7478857575758,-317.29549,4.14
"4539",453.8,27.7177892,-317.39203,4.14
"4540",453.9,27.7188978217822,-317.54100990099,4.14
"4541",454,27.7478714,-317.334261682243,4.14
"4542",454.1,27.731447029703,-317.408935483871,4.13902150537634
"4543",454.2,27.7367902,-317.25322,4.13998
"4544",454.3,27.7507351515151,-317.072808080808,4.14
"4545",454.4,27.7360043,-316.398584158416,4.14
"4546",454.5,27.7351643,-317.19056,4.14
"4547",454.6,27.7223078,-317.21092,4.14
"4548",454.7,27.726701,-317.17376,4.13902
"4549",454.8,27.727563,-317.12792,4.14194
"4550",454.9,27.7188674,-317.264595959596,4.1400202020202
"4551",455,27.724443,-317.31352,4.13802
"4552",455.1,27.7379719,-316.980732673267,4.1399603960396
"4553",455.2,27.761503,-316.97988,4.14
"4554",455.3,27.7479142,-317.157625,4.14
"4555",455.4,27.7696469,-316.783643678161,4.14
"4556",455.5,27.7344451515151,-316.92849,4.13901
"4557",455.6,27.7191573267327,-317.091117647059,4.13997058823529
"4558",455.7,27.6799059,-316.84162244898,4.13802040816326
"4559",455.8,27.6628021,-316.71624,4.14493
"4560",455.9,27.6779593,-316.97735,4.14005
"4561",456,27.6856209090909,-316.88793,4.13901
"4562",456.1,27.6521232673267,-316.820057142857,4.13994285714286
"4563",456.2,27.644583030303,-316.803707070707,4.14
"4564",456.3,27.6597924752475,-316.933,4.14
"4565",456.4,27.6533204,-316.885818181818,4.1389898989899
"4566",456.5,27.6338009,-316.904,4.14
"4567",456.6,27.6415544554455,-316.807,4.14
"4568",456.7,27.6548195959596,-316.864,4.142
"4569",456.8,27.6492968,-316.933,4.139
"4570",456.9,27.6621561,-316.667,4.14
"4571",457,27.6535999,-316.517,4.14
"4572",457.1,27.6545243,-316.693237623762,4.14
"4573",457.2,27.6544957575758,-316.578575757576,4.14
"4574",457.3,27.693996,-316.421,4.14
"4575",457.4,27.6969084,-316.683376237624,4.14
"4576",457.5,27.6736724,-316.72956,4.14
"4577",457.6,27.6792356,-316.670769230769,4.14
"4578",457.7,27.6893977777778,-316.746939759036,4.14197590361446
"4579",457.8,27.6743501980198,-316.809752475247,4.142
"4580",457.9,27.6773532,-316.643191919192,4.1410101010101
"4581",458,27.6752893069307,-316.624,4.14
"4582",458.1,27.7000578,-316.573504950495,4.14
"4583",458.2,27.7131175757576,-316.478900990099,4.14
"4584",458.3,27.6988388118812,-316.542081632653,4.14
"4585",458.4,27.7087727272727,-316.688,4.14
"4586",458.5,27.695808,-316.416,4.14
"4587",458.6,27.6927628,-316.592,4.141
"4588",458.7,27.7093664,-316.33,4.14
"4589",458.8,27.7208072277228,-316.397,4.14
"4590",458.9,27.7040042424242,-316.292,4.141
"4591",459,27.6986576,-316.255,4.14
"4592",459.1,27.6963692,-316.361,4.14
"4593",459.2,27.7232844,-316.214465346535,4.14
"4594",459.3,27.7349364,-316.08232,4.14
"4595",459.4,27.7029888888889,-316.286747826087,4.14
"4596",459.5,27.7361003921569,-316.276517647059,4.14
"4597",459.6,27.7284372727273,-316.36015,4.14099
"4598",459.7,27.71585,-316.34318,4.13407
"4599",459.8,27.6805528,-316.39646,4.13895
"4600",459.9,27.6457888888889,-316.35245,4.139
"4601",460,27.6562688118812,-316.413777777778,4.1389898989899
"4602",460.1,27.6636655555556,-316.236,4.14
"4603",460.2,27.6599528712871,-316.193,4.14
"4604",460.3,27.6398064,-316.206,4.139
"4605",460.4,27.6317456,-316.187,4.14
"4606",460.5,27.6388341584158,-316.136,4.14
"4607",460.6,27.6423539393939,-316.125,4.138
"4608",460.7,27.640615049505,-316.263,4.14
"4609",460.8,27.6593972727273,-316.143,4.14
"4610",460.9,27.6566356,-316.112,4.14
"4611",461,27.6779968,-315.961444444445,4.14
"4612",461.1,27.6701922222222,-315.917,4.14
"4613",461.2,27.725614950495,-315.976,4.14
"4614",461.3,27.7178833333333,-315.753,4.139
"4615",461.4,27.7160757,-315.928282828283,4.14
"4616",461.5,27.6923893,-315.8,4.14
"4617",461.6,27.6953663636364,-315.819,4.14
"4618",461.7,27.7000005882353,-315.926,4.138
"4619",461.8,27.7142316,-315.909,4.138
"4620",461.9,27.7009744554455,-316.121585858586,4.1410101010101
"4621",462,27.7041253,-316.163,4.14
"4622",462.1,27.7058615151515,-315.980368421053,4.14005263157895
"4623",462.2,27.7253587128713,-315.653,4.139
"4624",462.3,27.7366803061224,-315.614,4.14
"4625",462.4,27.7120201,-315.922043478261,4.14026086956522
"4626",462.5,27.6943864,-315.759,4.137
"4627",462.6,27.6842162,-315.722,4.14
"4628",462.7,27.6997727722772,-315.779,4.139
"4629",462.8,27.688414,-315.792,4.139
"4630",462.9,27.7286431683168,-315.611393939394,4.14
"4631",463,27.6986627272727,-315.472,4.14
"4632",463.1,27.6859084,-315.57,4.14
"4633",463.2,27.6643724,-315.424,4.14
"4634",463.3,27.6384536,-315.488356435643,4.1390099009901
"4635",463.4,27.6388288,-315.468415841584,4.1399801980198
"4636",463.5,27.6477277777778,-315.669913793103,4.14168965517241
"4637",463.6,27.6685736,-315.622036144578,4.13706024096386
"4638",463.7,27.6527839,-315.632762376238,4.1389603960396
"4639",463.8,27.6230119191919,-315.75844,4.14096
"4640",463.9,27.6197952475247,-315.44642,4.14002
"4641",464,27.6498602020202,-315.454743362832,4.14
"4642",464.1,27.6368885148515,-315.316565217391,4.14
"4643",464.2,27.6338665,-315.05864893617,4.13901063829787
"4644",464.3,27.6380921,-315.467378640777,4.13996116504854
"4645",464.4,27.6617259405941,-315.456571428571,4.14
"4646",464.5,27.6767333333333,-315.496585858586,4.1459393939394
"4647",464.6,27.6934204950495,-315.607533980583,4.14023300970874
"4648",464.7,27.6874433333333,-315.570432989691,4.14
"4649",464.8,27.6825892079208,-315.36705,4.13901
"4650",464.9,27.6899284,-315.439918918919,4.13989189189189
"4651",465,27.6993336,-315.515247191011,4.14
"4652",465.1,27.74733,-315.249461538462,4.13904807692308
"4653",465.2,27.7517377777778,-315.095479166667,4.139
"4654",465.3,27.7833185148515,-315.12271,4.139
"4655",465.4,27.7624988888889,-315.26061,4.13999
"4656",465.5,27.7475675,-315.21943,4.14198
"4657",465.6,27.7616717821782,-315.381712871287,4.13905940594059
"4658",465.7,27.73313,-315.353266666667,4.13993333333333
"4659",465.8,27.7591194059406,-315.190452631579,4.13902105263158
"4660",465.9,27.7444377777778,-315.17426,4.13998
"4661",466,27.7687021,-315.22594,4.13902
"4662",466.1,27.7681096,-315.07902,4.13998
"4663",466.2,27.7909569,-315.172185185185,4.14
"4664",466.3,27.7671044,-315.180125,4.14
"4665",466.4,27.7877041414141,-315.078166666667,4.14
"4666",466.5,27.769092970297,-315.17204,4.14392
"4667",466.6,27.7556053,-315.14852,4.1391
"4668",466.7,27.7923075,-315.073757575758,4.1419696969697
"4669",466.8,27.7861876,-314.94529,4.14002
"4670",466.9,27.7976927,-315.023396039604,4.1390198019802
"4671",467,27.7745202,-315.059646464647,4.139
"4672",467.1,27.7551163636364,-314.918311926605,4.13990825688073
"4673",467.2,27.703636,-314.915739130435,4.13902173913043
"4674",467.3,27.707183,-314.976383838384,4.139
"4675",467.4,27.69127,-315.0481,4.1399
"4676",467.5,27.706832,-314.934366666667,4.14098888888889
"4677",467.6,27.6885518181818,-314.95577,4.14001
"4678",467.7,27.6941649,-314.785445544554,4.13705940594059
"4679",467.8,27.6963705940594,-314.98682,4.13896
"4680",467.9,27.695072,-314.959323232323,4.139
"4681",468,27.6918535643564,-314.41351,4.139
"4682",468.1,27.6946039,-314.058144067797,4.139
"4683",468.2,27.710298,-314.914204819277,4.139
"4684",468.3,27.7031743,-315.018296703297,4.1390989010989
"4685",468.4,27.7144755,-315.015,4.138
"4686",468.5,27.7110527,-314.898168316832,4.1389900990099
"4687",468.6,27.7039163,-314.786905172414,4.139
"4688",468.7,27.70311,-314.735392857143,4.139
"4689",468.8,27.7012041414141,-314.83697,4.139
"4690",468.9,27.689803,-314.84394,4.139
"4691",469,27.684726,-314.62422,4.139
"4692",469.1,27.691779,-314.49627,4.139
"4693",469.2,27.717567,-314.73062,4.139
"4694",469.3,27.7224309090909,-314.69637,4.139
"4695",469.4,27.7288735,-314.721485148515,4.1409603960396
"4696",469.5,27.7123351485149,-314.711111111111,4.1400101010101
"4697",469.6,27.713888,-314.71198019802,4.1390198019802
"4698",469.7,27.7049313861386,-314.668444444444,4.139
"4699",469.8,27.6972752,-314.72344,4.13999
"4700",469.9,27.7149891919192,-314.66262,4.13901
"4701",470,27.735142,-313.561237623762,4.139
"4702",470.1,27.733721,-314.60916,4.139
"4703",470.2,27.726338,-314.49968,4.13998
"4704",470.3,27.728044,-314.57148,4.14098
"4705",470.4,27.727411,-314.664070707071,4.1449595959596
"4706",470.5,27.717311980198,-314.58085,4.13906
"4707",470.6,27.6954581818182,-314.53295049505,4.1409603960396
"4708",470.7,27.707063,-314.483441441441,4.13923423423423
"4709",470.8,27.750793,-314.511602272727,4.139
"4710",470.9,27.737516,-314.479967741936,4.139
"4711",471,27.708916,-314.309,4.139
"4712",471.1,27.7025509090909,-314.511884615385,4.139
"4713",471.2,27.7148863,-314.250804123711,4.13998969072165
"4714",471.3,27.7206081,-314.41663559322,4.14
"4715",471.4,27.7305868,-314.493747474747,4.1400101010101
"4716",471.5,27.7331225,-314.319,4.139
"4717",471.6,27.7465439393939,-314.387316831683,4.139
"4718",471.7,27.7279527722772,-314.406163265306,4.139
"4719",471.8,27.7385052,-314.348,4.139
"4720",471.9,27.7248736633663,-314.18231372549,4.139
"4721",472,27.704727,-314.535363636364,4.139
"4722",472.1,27.724702,-314.323356435644,4.139
"4723",472.2,27.7167064356436,-314.434818181818,4.1399898989899
"4724",472.3,27.7269460606061,-314.33798019802,4.14490099009901
"4725",472.4,27.719771,-314.46928,4.14206
"4726",472.5,27.720243,-314.426464646465,4.1380404040404
"4727",472.6,27.721903,-314.385811881188,4.1370198019802
"4728",472.7,27.718686,-314.247404040404,4.1389797979798
"4729",472.8,27.7319554545454,-314.257762376238,4.139
"4730",472.9,27.7423654,-314.27956,4.139
"4731",473,27.7194726,-314.256242424242,4.139
"4732",473.1,27.740325,-314.331475247525,4.139
"4733",473.2,27.7063474,-314.252818181818,4.139
"4734",473.3,27.7063080808081,-314.282386138614,4.14292079207921
"4735",473.4,27.6907978217822,-314.48096,4.14104
"4736",473.5,27.6832349,-314.279375,4.140125
"4737",473.6,27.7206077227723,-314.190689655172,4.13802298850575
"4738",473.7,27.709849,-314.12367961165,4.13896116504854
"4739",473.8,27.7451718181818,-314.088412844037,4.139
"4740",473.9,27.7376887128713,-313.721170454545,4.139
"4741",474,27.7219145454545,-313.97737,4.139
"4742",474.1,27.7275216,-314.07702,4.139
"4743",474.2,27.7338438,-314.020330097087,4.13996116504854
"4744",474.3,27.7429176,-314.188636363636,4.14507070707071
"4745",474.4,27.7207487128713,-314.025,4.138
"4746",474.5,27.7102018181818,-314.065196078431,4.14192156862745
"4747",474.6,27.7033453465347,-314.07319266055,4.13930275229358
"4748",474.7,27.7195163636364,-314.108611111111,4.139
"4749",474.8,27.7367974,-313.939425742574,4.139
"4750",474.9,27.737703,-313.643903225806,4.139
"4751",475,27.7579909090909,-313.931,4.139
"4752",475.1,27.7252349019608,-313.920108910891,4.139
"4753",475.2,27.74428,-314.047425742574,4.1370396039604
"4754",475.3,27.731909,-313.921787878788,4.14404040404041
"4755",475.4,27.7122145,-313.843,4.14
"4756",475.5,27.737994949495,-313.852756097561,4.13918699186992
"4757",475.6,27.7050683168317,-313.892512820513,4.139
"4758",475.7,27.7172822222222,-313.887550458716,4.139
"4759",475.8,27.6914699009901,-313.753836734694,4.139
"4760",475.9,27.7262201,-313.438494845361,4.139
"4761",476,27.6874685,-313.874239583334,4.139
"4762",476.1,27.7177328712871,-313.657201923077,4.139
"4763",476.2,27.72052,-313.726523809524,4.13719047619048
"4764",476.3,27.7468820792079,-313.672391304348,4.137
"4765",476.4,27.7458627272727,-313.743262626263,4.1389797979798
"4766",476.5,27.719717,-313.764584158416,4.1380198019802
"4767",476.6,27.7114734,-313.73168,4.13898
"4768",476.7,27.6997785858586,-313.721754716981,4.139
"4769",476.8,27.6977537254902,-313.56929787234,4.139
"4770",476.9,27.7305490909091,-313.591191011236,4.139
"4771",477,27.7399734,-313.644,4.139
"4772",477.1,27.7436103,-313.550930693069,4.1380099009901
"4773",477.2,27.7228605050505,-313.53812,4.13899
"4774",477.3,27.7307474257426,-313.6667,4.14098
"4775",477.4,27.724897979798,-313.593504950495,4.1400198019802
"4776",477.5,27.7237534653465,-313.274242424242,4.1390101010101
"4777",477.6,27.7202238,-313.5383,4.139
"4778",477.7,27.7612344444445,-313.43111,4.139
"4779",477.8,27.752327029703,-312.73304,4.139
"4780",477.9,27.7744290909091,-313.38039,4.139
"4781",478,27.7861900990099,-313.306623762376,4.139
"4782",478.1,27.7527897979798,-313.37556,4.13704
"4783",478.2,27.7815928,-313.40934,4.13602
"4784",478.3,27.8008653465346,-313.42078,4.13894
"4785",478.4,27.8092544444444,-313.56702,4.139
"4786",478.5,27.8204209803922,-313.64644,4.13802
"4787",478.6,27.7882154545455,-313.572203125,4.138765625
"4788",478.7,27.7995947,-313.029833333333,4.139
"4789",478.8,27.7873909,-313.33252,4.139
"4790",478.9,27.7980611,-313.23316,4.139
"4791",479,27.7957203030303,-313.247051724138,4.139
"4792",479.1,27.7535732323232,-313.516269662921,4.14084269662921
"4793",479.2,27.7468357425743,-313.4274,4.13806315789474
"4794",479.3,27.7584621212121,-313.32308,4.13996
"4795",479.4,27.7892788,-313.214469387755,4.14104081632653
"4796",479.5,27.7900383168317,-313.191,4.139
"4797",479.6,27.7562012,-313.299910891089,4.139
"4798",479.7,27.7653210891089,-312.62879,4.139
"4799",479.8,27.7419851515152,-312.90118,4.139
"4800",479.9,27.751033960396,-313.177475247525,4.139
"4801",480,27.7288795,-313.173543859649,4.139
"4802",480.1,27.7164062,-313.252387096774,4.13990322580645
"4803",480.2,27.7330904,-313.227369565217,4.13604347826087
"4804",480.3,27.7400518181818,-313.322079207921,4.13894059405941
"4805",480.4,27.7708153465346,-313.11722,4.13998
"4806",480.5,27.751268989899,-313.01108,4.13902
"4807",480.6,27.7426384,-313.11095959596,4.139
"4808",480.7,27.7364762376238,-313.031262135922,4.139
"4809",480.8,27.7233738383838,-313.019932773109,4.139
"4810",480.9,27.7737353465346,-313.024921348315,4.139
"4811",481,27.7660208080808,-313.063714285714,4.13803296703297
"4812",481.1,27.7429856,-313.01941,4.13509
"4813",481.2,27.7189908,-312.956272727273,4.13891919191919
"4814",481.3,27.7094683838384,-312.85797029703,4.13705940594059
"4815",481.4,27.7488435294118,-312.889292929293,4.1389595959596
"4816",481.5,27.7281491919192,-313.017898305085,4.139
"4817",481.6,27.7081236,-312.897043478261,4.139
"4818",481.7,27.7178492,-312.525933333333,4.139
"4819",481.8,27.684514,-312.72282,4.13802
"4820",481.9,27.6676932,-312.64762,4.13898
"4821",482,27.6701792929293,-312.741089108911,4.1380297029703
"4822",482.1,27.7164443564356,-312.83033,4.138
"4823",482.2,27.6744736,-312.76219,4.13897
"4824",482.3,27.6735068,-312.76097979798,4.1380202020202
"4825",482.4,27.6627208910891,-312.76786,4.13898
"4826",482.5,27.6883849,-312.66902,4.139
"4827",482.6,27.6980461,-312.522425742574,4.139
"4828",482.7,27.7115075757576,-312.439239316239,4.139
"4829",482.8,27.6904133663366,-312.612565217391,4.139
"4830",482.9,27.6948102,-312.51721978022,4.13803296703297
"4831",483,27.689909,-312.556111111111,4.1399595959596
"4832",483.1,27.723667,-312.41098,4.14392
"4833",483.2,27.700624040404,-312.72454,4.13812
"4834",483.3,27.7425343434343,-312.66534,4.14094
"4835",483.4,27.7067563,-312.63362,4.13904
"4836",483.5,27.7271995,-312.52716,4.139
"4837",483.6,27.682994059406,-312.39368,4.139
"4838",483.7,27.6977344,-311.65992,4.139
"4839",483.8,27.7213296,-312.610865384615,4.139
"4840",483.9,27.7472888,-312.616145833333,4.13802083333333
"4841",484,27.7632444,-312.6101,4.13898
"4842",484.1,27.7608436,-312.498132075472,4.14177358490566
"4843",484.2,27.7696656,-312.656102040816,4.14012244897959
"4844",484.3,27.7679186138614,-312.499350515464,4.13903092783505
"4845",484.4,27.8120761616162,-312.507057692308,4.13806730769231
"4846",484.5,27.8196324,-312.5638,4.13897894736842
"4847",484.6,27.8037999009901,-311.85352,4.139
"4848",484.7,27.806224,-312.177633663366,4.139
"4849",484.8,27.8096958,-312.229843137255,4.13804901960784
"4850",484.9,27.7991627272727,-312.215350515464,4.1389793814433
"4851",485,27.7778412,-312.4404,4.14096
"4852",485.1,27.7898976,-312.289752475247,4.13905940594059
"4853",485.2,27.8063168,-312.238401960784,4.13614705882353
"4854",485.3,27.8240252,-312.033397959184,4.1379387755102
"4855",485.4,27.8104790909091,-312.177888888889,4.13889814814815
"4856",485.5,27.8403555,-312.115673913044,4.139
"4857",485.6,27.8292329,-311.550595959596,4.1380202020202
"4858",485.7,27.8091643,-312.244405940594,4.138
"4859",485.8,27.830224950495,-312.28637,4.13897
"4860",485.9,27.84504,-312.23996969697,4.14389898989899
"4861",486,27.8052108,-312.043,4.1391
"4862",486.1,27.802248,-312.15366,4.13704
"4863",486.2,27.7771288,-312.201603960396,4.1379702970297
"4864",486.3,27.7617196,-312.164034188034,4.13882905982906
"4865",486.4,27.7810124,-312.251609756098,4.139
"4866",486.5,27.775568,-312.040873786408,4.139
"4867",486.6,27.7678192,-311.774081632653,4.139
"4868",486.7,27.7871983838384,-311.948242424242,4.139
"4869",486.8,27.7800059,-312.011188118812,4.139
"4870",486.9,27.7871527,-312.115878787879,4.1419393939394
"4871",487,27.7850895,-312.23658,4.142
"4872",487.1,27.8061498,-311.90678,4.13906
"4873",487.2,27.7669333333333,-311.945733333333,4.1362
"4874",487.3,27.7894544,-311.98678125,4.13890625
"4875",487.4,27.8186396,-312.158484848485,4.139
"4876",487.5,27.7977748514852,-311.821094017094,4.139
"4877",487.6,27.8021815,-311.989321428571,4.139
"4878",487.7,27.7897595,-311.94077,4.139
"4879",487.8,27.7806778217822,-311.93415,4.139
"4880",487.9,27.8248183838384,-311.89035,4.14191
"4881",488,27.8158052,-311.967383838384,4.13808080808081
"4882",488.1,27.8081926,-311.96116,4.13898
"4883",488.2,27.8081736,-311.9316,4.139
"4884",488.3,27.7395574,-311.931,4.13802
"4885",488.4,27.7381006060606,-311.9114,4.138
"4886",488.5,27.7279348514851,-311.020623931624,4.13883760683761
"4887",488.6,27.7401335,-311.388,4.13803571428571
"4888",488.7,27.7658201,-311.89397,4.13897
"4889",488.8,27.7625557,-311.763944954128,4.13988990825688
"4890",488.9,27.7355851515151,-311.791360824742,4.14
"4891",489,27.7369156,-311.923204301075,4.14195698924731
"4892",489.1,27.754453,-311.643643564356,4.13811881188119
"4893",489.2,27.7509728,-311.71454,4.13897
"4894",489.3,27.747249,-311.71449137931,4.13816379310345
"4895",489.4,27.7423394949495,-311.717857142857,4.138
"4896",489.5,27.7295706930693,-310.93606122449,4.13898979591837
"4897",489.6,27.7214498989899,-311.82096039604,4.1380198019802
"4898",489.7,27.7549684158416,-311.75472,4.13898
"4899",489.8,27.7655888,-311.80984,4.13802
"4900",489.9,27.7666846,-311.69242,4.13506
"4901",490,27.7806431683168,-311.85072,4.13892
"4902",490.1,27.7706421212121,-311.63448,4.13998
"4903",490.2,27.7435913861386,-311.672693069307,4.1390297029703
"4904",490.3,27.7466613,-311.62794949495,4.1380202020202
"4905",490.4,27.7604971,-311.58192,4.138
"4906",490.5,27.7642349,-310.661383838384,4.138
"4907",490.6,27.7738339393939,-311.461643564356,4.1389801980198
"4908",490.7,27.775044950495,-311.458202020202,4.139
"4909",490.8,27.7904396969697,-311.440381355932,4.13983898305085
"4910",490.9,27.7894654,-311.451638554217,4.1468313253012
"4911",491,27.776368,-311.516343434343,4.13809090909091
"4912",491.1,27.7619147474747,-311.40018,4.13899
"4913",491.2,27.7526588118812,-311.33267,4.13801
"4914",491.3,27.7632195959596,-311.23696,4.138
"4915",491.4,27.7476976237624,-311.27857,4.13899
"4916",491.5,27.7622746,-310.53155,4.139
"4917",491.6,27.772059,-311.153357142857,4.139
"4918",491.7,27.765435049505,-311.15193258427,4.13802247191011
"4919",491.8,27.7502736363636,-311.299474747475,4.14294949494949
"4920",491.9,27.7544208910891,-311.389217821782,4.1449603960396
"4921",492,27.7663263636364,-311.29594,4.13814
"4922",492.1,27.7733586,-311.18326,4.138
"4923",492.2,27.7623202,-311.30448,4.138
"4924",492.3,27.7921922222222,-311.21586,4.138
"4925",492.4,27.75392,-310.470833333333,4.138
"4926",492.5,27.7937318181818,-311.050714285714,4.138
"4927",492.6,27.7652632,-311.162881188119,4.1389801980198
"4928",492.7,27.8008418,-311.094717171717,4.1370202020202
"4929",492.8,27.7563539393939,-311.26131,4.137
"4930",492.9,27.7611401980198,-311.10955,4.13403
"4931",493,27.7942151515152,-311.06741,4.13895
"4932",493.1,27.7791065,-310.99869,4.13702
"4933",493.2,27.779759,-311.078376237624,4.1379801980198
"4934",493.3,27.7468203030303,-310.977285714286,4.138
"4935",493.4,27.7802466336634,-310.813,4.138
"4936",493.5,27.77256,-310.994188118812,4.138
"4937",493.6,27.7763706930693,-310.976378378378,4.13889189189189
"4938",493.7,27.7379915,-310.964222222222,4.13802222222222
"4939",493.8,27.769115,-311.004585858586,4.14195959595959
"4940",493.9,27.7841223762376,-311.00599,4.13804
"4941",494,27.7522024242424,-310.89611,4.13701
"4942",494.1,27.7432511764706,-310.785217821782,4.1379801980198
"4943",494.2,27.75264,-310.83396,4.138
"4944",494.3,27.7416616,-310.980515151515,4.138
"4945",494.4,27.761365,-310.824188118812,4.138
"4946",494.5,27.7647286,-310.755755102041,4.13797959183673
"4947",494.6,27.7727936,-310.818,4.139
"4948",494.7,27.7843046464646,-310.843490196078,4.13998039215686
"4949",494.8,27.7844008910891,-310.75678,4.14098
"4950",494.9,27.7954411111111,-310.77166,4.13904
"4951",495,27.798025,-310.87588,4.13508
"4952",495.1,27.7897415,-310.7065,4.13892
"4953",495.2,27.7839166666667,-310.7324,4.13802
"4954",495.3,27.7738547058824,-310.441601769912,4.138
"4955",495.4,27.7780254545455,-310.387192307692,4.138
"4956",495.5,27.7829445,-310.546012195122,4.13898780487805
"4957",495.6,27.7984088118812,-310.534277227723,4.1380198019802
"4958",495.7,27.763274,-310.585722222222,4.14253703703704
"4959",495.8,27.8062216,-310.562630434783,4.13517391304348
"4960",495.9,27.7924463636364,-310.72174,4.13696
"4961",496,27.816279,-310.56232,4.137
"4962",496.1,27.7906665,-310.66386,4.13798
"4963",496.2,27.7940665,-310.43962,4.138
"4964",496.3,27.7730249504951,-310.1361,4.138
"4965",496.4,27.7568678787879,-310.501067961165,4.138
"4966",496.5,27.8181403960396,-310.522740384615,4.138
"4967",496.6,27.8451517171717,-310.437870967742,4.138
"4968",496.7,27.845392,-310.52616,4.13506
"4969",496.8,27.8359445,-310.58582,4.13794
"4970",496.9,27.836894,-310.50664,4.138
"4971",497,27.8359725,-310.383242424242,4.1399797979798
"4972",497.1,27.886612,-310.49486,4.13802
"4973",497.2,27.8579012121212,-310.3673,4.138
"4974",497.3,27.866228,-310.5145,4.138
"4975",497.4,27.8511932,-310.47280952381,4.138
"4976",497.5,27.830332970297,-310.42052,4.138
"4977",497.6,27.8631285,-310.30021,4.13899
"4978",497.7,27.8668005,-310.377415841584,4.139
"4979",497.8,27.8401195,-310.392858585859,4.1380101010101
"4980",497.9,27.8124235,-310.4344,4.138
"4981",498,27.8225904950495,-310.240461538461,4.138
"4982",498.1,27.834647,-310.319481481481,4.138
"4983",498.2,27.8249642,-310.354129032258,4.138
"4984",498.3,27.8216868,-310.182555555556,4.138
"4985",498.4,27.8131264646465,-310.24466,4.138
"4986",498.5,27.825885,-310.240178217822,4.138
"4987",498.6,27.8392815,-310.299767676768,4.1399595959596
"4988",498.7,27.7813825,-310.408702970297,4.14194059405941
"4989",498.8,27.7724195,-310.408080808081,4.13710101010101
"4990",498.9,27.7465847474748,-310.306436363636,4.13878181818182
"4991",499,27.7593628,-310.204065934066,4.13706593406593
"4992",499.1,27.7200136,-310.339151515151,4.1379797979798
"4993",499.2,27.7192814851485,-310.316772277228,4.138
"4994",499.3,27.7356985,-310.283666666667,4.138
"4995",499.4,27.715508,-310.268513043478,4.138
"4996",499.5,27.749854,-310.230847058824,4.138
"4997",499.6,27.735741,-310.20452,4.13702
"4998",499.7,27.7628585,-310.137676767677,4.1429393939394
"4999",499.8,27.7595895,-310.033240384615,4.13824038461538
"5000",499.9,27.7514265,-310.198612244898,4.138
"5001",500,27.748996,-309.945333333333,4.138
"5002",500.1,27.7424127272727,-310.011926605505,4.138
"5003",500.2,27.7447253465347,-310.021934782609,4.138
"5004",500.3,27.715847,-309.998484848485,4.138
"5005",500.4,27.7317525,-310.108133333333,4.138
"5006",500.5,27.7475185,-310.245221052632,4.138
"5007",500.6,27.7684611111111,-310.068495049505,4.14576237623763
"5008",500.7,27.7570961386139,-310.10471,4.14018
"5009",500.8,27.8435433333333,-310.216717171717,4.13706060606061
"5010",500.9,27.8598148,-310.117118811881,4.14088118811881
"5011",501,27.8625,-310.08005,4.13809
"5012",501.1,27.86259,-310.08094,4.138
"5013",501.2,27.8582586138614,-310.057484848485,4.138
"5014",501.3,27.87056,-309.983257425743,4.138
"5015",501.4,27.863554950495,-310.060131578947,4.138
"5016",501.5,27.8685012,-310.000651162791,4.13606976744186
"5017",501.6,27.8169856,-310.04844,4.13794
"5018",501.7,27.8491999009901,-310.224783018868,4.13891509433962
"5019",501.8,27.8611075,-310.059978494624,4.13802150537634
"5020",501.9,27.8860484158416,-310.0952,4.138
"5021",502,27.8974506,-310.025369369369,4.138
"5022",502.1,27.874157,-309.983375,4.138
"5023",502.2,27.8763148,-310.018988235294,4.138
"5024",502.3,27.906592020202,-309.875425742574,4.138
"5025",502.4,27.8769635,-309.839646464646,4.138
"5026",502.5,27.8917455,-309.899158415842,4.138
"5027",502.6,27.864167,-309.86123,4.13897
"5028",502.7,27.867344,-309.929285714286,4.13813392857143
"5029",502.8,27.8605813265306,-309.878448275862,4.1399540229885
"5030",502.9,27.8784826732673,-309.895435643564,4.1390297029703
"5031",503,27.8356712121212,-309.6826,4.13807619047619
"5032",503.1,27.843961980198,-309.721168421053,4.138
"5033",503.2,27.824584,-309.28359,4.138
"5034",503.3,27.856832,-309.686414141414,4.1370202020202
"5035",503.4,27.8792634653465,-309.75576,4.13798
"5036",503.5,27.8527716161616,-309.81188,4.13996
"5037",503.6,27.8600196,-309.7297,4.13314
"5038",503.7,27.8375412,-309.65254,4.1379
"5039",503.8,27.8550486138614,-309.655414414414,4.13711711711712
"5040",503.9,27.850804,-309.558366666667,4.13796666666667
"5041",504,27.8636956565657,-309.706868686869,4.138
"5042",504.1,27.8295189108911,-309.72862,4.138
"5043",504.2,27.848686,-309.202128712871,4.138
"5044",504.3,27.8562192929293,-309.665121212121,4.138
"5045",504.4,27.8559716,-309.447323232323,4.138
"5046",504.5,27.8392809090909,-309.583794117647,4.14091176470588
"5047",504.6,27.8307695049505,-309.65881,4.13712
"5048",504.7,27.8635745454546,-309.62705,4.137
"5049",504.8,27.8705836633663,-309.523237623762,4.1379603960396
"5050",504.9,27.8554988,-309.447,4.138
"5051",505,27.84078,-309.488108108108,4.138
"5052",505.1,27.7902265346535,-309.102210526316,4.138
"5053",505.2,27.8275490909091,-309.464913043478,4.138
"5054",505.3,27.7882416831683,-309.40932,4.138
"5055",505.4,27.7768148484848,-309.382034188034,4.13716239316239
"5056",505.5,27.818608,-309.482397590362,4.13407228915662
"5057",505.6,27.8294659405941,-309.36054,4.13792
"5058",505.7,27.81802,-309.406075471698,4.13707547169811
"5059",505.8,27.8056105882353,-309.307234042553,4.13797872340426
"5060",505.9,27.8235677777778,-309.301118811881,4.138
"5061",506,27.8173132,-309.219676767677,4.138
"5062",506.1,27.78294,-308.757784313726,4.138
"5063",506.2,27.7895587878788,-309.160818181818,4.138
"5064",506.3,27.804820990099,-309.136277777778,4.138
"5065",506.4,27.8017066666667,-309.276747252747,4.13702197802198
"5066",506.5,27.8177017,-309.290673267327,4.13311881188119
"5067",506.6,27.7799723,-309.34435,4.13785
"5068",506.7,27.7750961616162,-309.22766,4.13897
"5069",506.8,27.7722546534653,-309.184808080808,4.1380202020202
"5070",506.9,27.8004273737374,-309.258712871287,4.138
"5071",507,27.7939268316832,-309.15818,4.138
"5072",507.1,27.816505,-309.15694,4.138
"5073",507.2,27.8504325,-309.138481818182,4.138
"5074",507.3,27.8696018811881,-309.096898876405,4.138
"5075",507.4,27.8751790909091,-309.096,4.1389702970297
"5076",507.5,27.8619997029703,-309.16875,4.13813392857143
"5077",507.6,27.8620706060606,-309.066988636364,4.13703409090909
"5078",507.7,27.8733614,-309.04942,4.13894
"5079",507.8,27.8956029,-309.044101010101,4.1380202020202
"5080",507.9,27.8703741414141,-308.835386138614,4.138
"5081",508,27.8896321568628,-308.940504672897,4.138
"5082",508.1,27.8666048484848,-308.930709677419,4.138
"5083",508.2,27.8933789,-308.92127,4.138
"5084",508.3,27.9344947,-308.90742,4.138
"5085",508.4,27.9364062626263,-309.13398,4.13897
"5086",508.5,27.9025275247525,-308.99744,4.13706
"5087",508.6,27.8601327272727,-308.94547,4.13797
"5088",508.7,27.8813251485149,-308.85379,4.138
"5089",508.8,27.9060246464646,-309.069494949495,4.138
"5090",508.9,27.9048834,-308.91001980198,4.138
"5091",509,27.9100734,-308.78375,4.138
"5092",509.1,27.8910650505051,-308.835702970297,4.1370396039604
"5093",509.2,27.8737391176471,-308.763517241379,4.1378275862069
"5094",509.3,27.8847032323232,-308.699807228916,4.13896385542169
"5095",509.4,27.898856,-308.834191919192,4.14683838383838
"5096",509.5,27.8808499009901,-308.93108,4.1372
"5097",509.6,27.8781366,-308.9722,4.13798
"5098",509.7,27.8669005940594,-308.858504950495,4.1370297029703
"5099",509.8,27.8853006060606,-308.884393939394,4.1379797979798
"5100",509.9,27.8745895,-308.990762376238,4.1370297029703
"5101",510,27.8805935,-308.84559,4.13797
"5102",510.1,27.8878419,-308.93412,4.138
"5103",510.2,27.8579997,-308.833192982456,4.138
"5104",510.3,27.8766855555556,-308.69383908046,4.13895402298851
"5105",510.4,27.8462636633663,-308.749714285714,4.14487755102041
"5106",510.5,27.8621921212121,-308.791752475248,4.13723762376237
"5107",510.6,27.8892254,-308.799722772277,4.137
"5108",510.7,27.8717478,-308.949333333333,4.137
"5109",510.8,27.839922,-308.65233,4.13797
"5110",510.9,27.8785867326733,-308.74097,4.138
"5111",511,27.8711279,-308.337760683761,4.138
"5112",511.1,27.9016575,-308.645325301205,4.13703614457831
"5113",511.2,27.8735294,-308.46696039604,4.1379603960396
"5114",511.3,27.8507119191919,-308.797424242424,4.13606060606061
"5115",511.4,27.8378336,-308.841313131313,4.14089898989899
"5116",511.5,27.8287896969697,-308.626594059406,4.13711881188119
"5117",511.6,27.8232154,-308.671929292929,4.137
"5118",511.7,27.881275940594,-308.5897,4.137
"5119",511.8,27.8491003030303,-308.482194690266,4.13786725663717
"5120",511.9,27.8622608823529,-308.533613636364,4.138
"5121",512,27.8827362626263,-308.6039,4.138
"5122",512.1,27.8734186,-308.590323232323,4.1370202020202
"5123",512.2,27.8530712,-308.6194,4.137
"5124",512.3,27.8682616,-308.698037037037,4.14153703703704
"5125",512.4,27.8540172,-308.642129032258,4.13716129032258
"5126",512.5,27.8635496969697,-308.586111111111,4.137
"5127",512.6,27.8381060396039,-308.61146,4.137
"5128",512.7,27.8443015151515,-308.485861386139,4.137
"5129",512.8,27.8387765,-308.53147,4.137
"5130",512.9,27.8414722,-307.91511,4.137
"5131",513,27.8277786,-308.244623762376,4.1379603960396
"5132",513.1,27.82764,-308.469424242424,4.1370303030303
"5133",513.2,27.8259571717172,-308.40034,4.137
"5134",513.3,27.8303999009901,-308.27424137931,4.13950862068965
"5135",513.4,27.8266778,-308.333892857143,4.14
"5136",513.5,27.8456022,-308.370313131313,4.13608080808081
"5137",513.6,27.8852676237624,-308.193435643564,4.13794059405941
"5138",513.7,27.9026108,-308.28046728972,4.13709345794392
"5139",513.8,27.8605852,-308.042258064516,4.137
"5140",513.9,27.8999904040404,-308.09899,4.13797
"5141",514,27.898135,-308.16308,4.13703
"5142",514.1,27.8725118,-307.90116,4.13797
"5143",514.2,27.875959,-308.128297029703,4.138
"5144",514.3,27.894415,-308.004105263158,4.13547368421053
"5145",514.4,27.8971360606061,-308.132261904762,4.13695238095238
"5146",514.5,27.8888242,-308.02232,4.14092
"5147",514.6,27.9332009,-307.979247524752,4.13711881188118
"5148",514.7,27.9147707,-308.01389,4.137
"5149",514.8,27.8832332673268,-307.994424242424,4.137
"5150",514.9,27.8523585858586,-308.01164,4.13798
"5151",515,27.888383,-308.15802,4.13702
"5152",515.1,27.9040059,-307.81996,4.13798
"5153",515.2,27.8762222,-308.12366,4.13604
"5154",515.3,27.8581554545455,-308.0418,4.136
"5155",515.4,27.85661,-308.11875,4.136875
"5156",515.5,27.8944614851485,-307.982844444444,4.13604444444444
"5157",515.6,27.9403998,-308.04896,4.13696
"5158",515.7,27.8963793,-308.06448,4.137
"5159",515.8,27.920385940594,-307.795424242424,4.137
"5160",515.9,27.8925482,-308.078881818182,4.13788181818182
"5161",516,27.9012898,-307.972701030928,4.1371030927835
"5162",516.1,27.9267422222222,-307.875574468085,4.137
"5163",516.2,27.910962,-308.073696969697,4.13893939393939
"5164",516.3,27.9283626,-307.96748,4.139
"5165",516.4,27.9236593,-308.01444,4.13803
"5166",516.5,27.9088689,-307.84916,4.138
"5167",516.6,27.9210490909091,-307.91772,4.13703
"5168",516.7,27.95914,-307.90836,4.137
"5169",516.8,27.94701,-307.808118811881,4.137
"5170",516.9,27.9326,-307.85296,4.137
"5171",517,27.9369069306931,-307.88956,4.137
"5172",517.1,27.9264956,-307.67788,4.13796
"5173",517.2,27.8940368,-307.8898,4.14088
"5174",517.3,27.9149214851485,-307.854393939394,4.13518181818182
"5175",517.4,27.9009964646465,-307.889495049505,4.13884158415842
"5176",517.5,27.8835985148515,-307.88236,4.13708
"5177",517.6,27.8429426,-307.79848,4.137
"5178",517.7,27.8475884,-307.70076146789,4.137
"5179",517.8,27.836724,-307.709032967033,4.137
"5180",517.9,27.838945050505,-307.750470588235,4.137
"5181",518,27.8299808,-307.66093814433,4.137
"5182",518.1,27.8127135,-307.56488,4.137
"5183",518.2,27.8563352475247,-307.623465346535,4.12931683168317
"5184",518.3,27.8549464,-307.44456,4.13764
"5185",518.4,27.8136905050505,-307.65906060606,4.1370303030303
"5186",518.5,27.8127354,-307.51759,4.137
"5187",518.6,27.8489838,-307.32094,4.137
"5188",518.7,27.8370938,-307.416490740741,4.137
"5189",518.8,27.8644690909091,-306.713097826087,4.137
"5190",518.9,27.84656,-307.55424,4.137
"5191",519,27.90484,-307.348584158416,4.137
"5192",519.1,27.83107,-307.450515151515,4.1360303030303
"5193",519.2,27.82716,-307.490495049505,4.14080198019802
"5194",519.3,27.84985,-307.44304,4.13812
"5195",519.4,27.84939,-307.359545454546,4.13606060606061
"5196",519.5,27.8342733333333,-307.263841584158,4.1369603960396
"5197",519.6,27.84494,-307.44432,4.137
"5198",519.7,27.8273162376238,-307.28304,4.137
"5199",519.8,27.8217587128713,-307.244842105263,4.137
"5200",519.9,27.794994,-307.389651162791,4.137
"5201",520,27.8090912,-307.311666666667,4.137
"5202",520.1,27.8516982828283,-307.312841584158,4.13892079207921
"5203",520.2,27.8204218181818,-307.29284,4.13804
"5204",520.3,27.81824,-307.3064,4.13608
"5205",520.4,27.7973093069307,-307.237422018349,4.13864220183486
"5206",520.5,27.7975250505051,-307.058393939394,4.13724242424242
"5207",520.6,27.81502,-307.20047826087,4.137
"5208",520.7,27.8160041414141,-307.35872,4.137
"5209",520.8,27.81659,-307.40436,4.137
"5210",520.9,27.84719,-307.25144,4.137
"5211",521,27.86995,-307.27092,4.137
"5212",521.1,27.85774,-307.178909090909,4.1389393939394
"5213",521.2,27.8338751515152,-307.20025,4.13706
"5214",521.3,27.82936,-307.11467,4.137
"5215",521.4,27.8424095049505,-307.152563636364,4.13611818181818
"5216",521.5,27.832244,-307.231615384615,4.13695604395604
"5217",521.6,27.8293284,-307.21772,4.137
"5218",521.7,27.8034115,-307.27844,4.137
"5219",521.8,27.8170496,-307.202530434783,4.137
"5220",521.9,27.78848,-306.992214285714,4.137
"5221",522,27.8354526,-307.08296039604,4.1379603960396
"5222",522.1,27.850035049505,-307.15612,4.13896
"5223",522.2,27.8090665306122,-306.990272727273,4.1380303030303
"5224",522.3,27.81374,-306.895936363636,4.13888181818182
"5225",522.4,27.8073870707071,-306.942966666667,4.13706666666667
"5226",522.5,27.82868,-307.00902,4.137
"5227",522.6,27.83092,-306.96444,4.137
"5229",522.8,27.8283033663366,-307.08632,4.137
"5231",523,27.795971,-307.004765217391,4.13784347826087
"5232",523.1,27.8470735,-307.079952380952,4.14288095238096
"5233",523.2,27.8001471287129,-306.99086,4.13614000000001
"5234",523.3,27.82486,-306.891,4.13796
"5235",523.4,27.7914265656566,-306.91546,4.13702
"5236",523.5,27.80377,-306.98558,4.137
"5237",523.6,27.7784630693069,-307.02228,4.137
"5238",523.7,27.799198,-306.78486,4.137
"5239",523.8,27.8091923762376,-306.926514851485,4.137
"5240",523.9,27.8191018,-306.973131313131,4.137
"5241",524,27.8071638383838,-306.872118811881,4.14379207920793
"5242",524.1,27.8435621782178,-307.063,4.13818
"5243",524.2,27.8135834343435,-307.055527777778,4.13710185185185
"5244",524.3,27.8227771717172,-306.960801886793,4.13783962264151
"5245",524.4,27.82106,-306.813674418605,4.13703488372093
"5246",524.5,27.790391980198,-306.92152,4.137
"5248",524.7,27.7977548514851,-306.95568,4.137
"5250",524.9,27.822502,-306.966787037037,4.137
"5251",525,27.8456077227723,-306.859456521739,4.1350652173913
"5253",525.2,27.89912,-306.971297029703,4.137
"5254",525.3,27.8866238383838,-306.825979591837,4.13895918367347
"5255",525.4,27.92424,-307.027732673267,4.13705940594059
"5256",525.5,27.8793,-306.801787878788,4.137
"5258",525.7,27.8823095049505,-306.83862,4.137
"5260",525.9,27.8604398019802,-306.81164,4.138
"5261",526,27.91642,-306.9021,4.13898
"5263",526.2,27.9047673267327,-306.94876,4.13698
"5265",526.4,27.8923714851485,-306.821274336283,4.137
"5267",526.6,27.8887397979798,-305.82708,4.137
"5268",526.7,27.8437277227723,-306.592959999999,4.13602
"5269",526.8,27.8964853535354,-306.46494,4.13698
"5270",526.9,27.8872189108911,-306.64232,4.13798
"5271",527,27.887177979798,-306.647940594059,4.13508910891089
"5272",527.1,27.8400288,-306.566676767677,4.1369595959596
"5273",527.2,27.8446982352941,-306.43279245283,4.13792452830189
"5275",527.4,27.867677745098,-306.46018,4.137
"5276",527.5,27.8544447474747,-306.4179,4.137
"5277",527.6,27.84197,-306.54342,4.137
"5278",527.7,27.8225025252525,-306.43918,4.137
"5279",527.8,27.84325,-306.37918,4.137
"5280",527.9,27.85315,-306.3745,4.137875
"5281",528,27.82821,-306.650568181818,4.13506818181818
"5282",528.1,27.85158,-306.63152,4.13598
"5284",528.3,27.838268,-306.4928125,4.13709375
"5285",528.4,27.8472639,-306.407485436893,4.137
"5286",528.5,27.8753196,-306.441,4.137
"5287",528.6,27.8704802,-304.786779999999,4.137
"5288",528.7,27.8851716161616,-306.473336633663,4.137
"5289",528.8,27.8680498019802,-306.40475,4.137
"5290",528.9,27.8857157,-306.49121,4.137
"5291",529,27.8716478,-306.36208,4.13603
"5292",529.1,27.8931869306931,-306.381515151515,4.1369797979798
"5293",529.2,27.89088,-306.373403508772,4.13528070175439
"5294",529.3,27.89434,-306.301674418605,4.13695348837209
"5296",529.5,27.9235029,-306.375714285714,4.137
"5297",529.6,27.9117546,-305.68614,4.137
"5298",529.7,27.8969652,-306.201375,4.137
"5299",529.8,27.9555497029703,-306.282863636364,4.137
"5301",530,27.883168,-306.3165,4.13521999999999
"5302",530.1,27.8818917,-306.405297029703,4.1359702970297
"5303",530.2,27.873317,-306.274747474748,4.1369797979798
"5304",530.3,27.8902882,-306.39646,4.137
"5305",530.4,27.9329071717172,-306.184564356436,4.137
"5306",530.5,27.8594828,-306.27414159292,4.137
"5307",530.6,27.9247002,-306.289142857143,4.137
"5308",530.7,27.9194896,-306.198168539326,4.137
"5309",530.8,27.8799474,-306.28424,4.13603
"5310",530.9,27.8884502,-306.18127,4.13794
"5311",531,27.9032396,-306.26918,4.13703
"5312",531.1,27.907171,-306.29819,4.137
"5313",531.2,27.908092,-306.19133,4.13603
"5314",531.3,27.8786369306931,-306.100797979798,4.1369797979798
"5315",531.4,27.8710645,-306.113554455446,4.137
"5316",531.5,27.8713725742574,-306.031215517241,4.137
"5318",531.7,27.854611,-306.18589010989,4.13697802197802
"5319",531.8,27.8905283,-306.02038,4.137
"5320",531.9,27.9077459,-306.181950495049,4.13991089108911
"5321",532,27.8645763,-306.244808080808,4.1370606060606
"5322",532.1,27.8454955,-306.04412,4.13602
"5323",532.2,27.854881010101,-306.22522,4.136
"5324",532.3,27.8490644,-306.049495049505,4.1369702970297
"5325",532.4,27.8945514,-306.059676767677,4.137
"5326",532.5,27.8561766,-305.991108910891,4.137
"5327",532.6,27.8689416,-306.0957,4.137
"5328",532.7,27.8542094,-305.90791,4.137
"5329",532.8,27.8489548,-306.10958,4.14282
"5330",532.9,27.8571782,-306.06265,4.13621
"5331",533,27.8648766336634,-306.018868686869,4.136
"5332",533.1,27.8863341,-305.904475247525,4.136
"5333",533.2,27.8704738,-305.983594059406,4.1369603960396
"5334",533.3,27.8284014,-305.7518,4.13604
"5335",533.4,27.8409187878788,-305.80503030303,4.1369696969697
"5336",533.5,27.8896332,-305.83319,4.137
"5337",533.6,27.8806288,-305.7661,4.13603
"5338",533.7,27.8404481188119,-305.850435643564,4.136
"5339",533.8,27.8676755,-305.775454545455,4.13987878787879
"5340",533.9,27.876893030303,-305.78949,4.13612
"5341",534,27.8546158,-305.83656,4.13697
"5342",534.1,27.9008936,-305.84382,4.13894
"5343",534.2,27.8974166,-305.86825,4.13706
"5344",534.3,27.8865718,-305.831481132075,4.137
"5345",534.4,27.8906519191919,-305.617925531915,4.137
"5346",534.5,27.8469043564356,-305.514,4.13603
"5347",534.6,27.856522020202,-305.596475247525,4.1369603960396
"5348",534.7,27.8565165,-305.606787878788,4.137
"5349",534.8,27.8534715,-305.94359,4.14961
"5350",534.9,27.8638014,-305.855079207921,4.13751485148515
"5351",535,27.8831462376238,-305.83468,4.137
"5352",535.1,27.9001938383838,-305.928060606061,4.1350606060606
"5353",535.2,27.8619275247525,-305.83885,4.13597
"5354",535.3,27.8747964,-305.62648,4.13697
"5355",535.4,27.948661980198,-305.73252,4.137
"5356",535.5,27.9266588,-305.63221,4.137
"5357",535.6,27.8950445454546,-305.65034,4.137
"5358",535.7,27.9135113861386,-305.691336633663,4.13892079207921
"5359",535.8,27.9322397979798,-305.831666666667,4.13706060606061
"5360",535.9,27.9173524,-305.757247524753,4.1360396039604
"5361",536,27.9087972,-305.640545454545,4.1369696969697
"5362",536.1,27.8932343434344,-305.70199,4.137
"5363",536.2,27.9532330693069,-305.50806,4.137
"5364",536.3,27.9579753535353,-305.572915966387,4.137
"5365",536.4,27.9762128,-305.343857142857,4.13614285714286
"5366",536.5,27.9458257,-305.620066666667,4.136
"5367",536.6,27.9433016,-305.49881372549,4.136
"5368",536.7,27.949754950495,-305.598632653061,4.13987755102041
