"","time_point","temperature","load","voltage"
"1",0,22.61761,1.25266666666667,4.02517777777778
"2",0.1,22.607343880597,1.14027419354839,4.02672580645161
"3",0.2,22.58912,1.17333333333333,4.026
"4",0.3,22.6265698507463,1.327,4.026
"5",0.4,22.61354,1.25155555555556,4.02588888888889
"6",0.5,22.60598,1.00606666666667,4.02391111111111
"7",0.6,22.6011315151515,1.51625454545455,4.02656363636364
"8",0.7,22.585734962406,1.3844,4.026
"9",0.8,22.5962312030075,1.37425,4.025525
"10",0.9,22.5924704,1.39982142857143,4.025
"11",1,22.578684962406,1.23444444444444,4.026
"12",1.1,22.5821812030075,1.19482692307692,4.02846153846154
"13",1.2,22.5930063157895,1.12116,4.026
"14",1.3,22.5704023529412,1.27726086956522,4.026
"15",1.4,22.56527,1.41655555555556,4.02528888888889
"16",1.5,22.57573,1.10496078431372,4.02619607843137
"17",1.6,22.54432,0.9628,4.0238
"18",1.7,22.5546863366337,0.940666666666667,4.026
"19",1.8,22.5501089552239,0.985735849056604,4.026
"20",1.9,22.5449,1.06434782608696,4.026
"21",2,22.55828,0.246672727272727,4.02596363636364
"22",2.1,22.57399,-0.0533888888888901,4.02674074074074
"23",2.2,22.54665,-0.244800000000001,4.02506666666667
"24",2.3,22.5880742424242,0.401509090909089,4.026
"25",2.4,22.5962617293233,1.01377777777778,4.02571111111111
"26",2.5,22.6124346616541,0.948188679245283,4.02635849056604
"27",2.6,22.6222467,0.9878125,4.025296875
"28",2.7,22.619974962406,0.894260869565217,4.026
"29",2.8,22.6234712030075,1.08415555555556,4.026
"30",2.9,22.6444168421053,0.938347826086956,4.026
"31",3,22.6568470588235,0.187092592592593,4.02546296296296
"32",3.1,22.64145,-0.178867924528303,4.02581132075472
"33",3.2,22.6211,-0.192866666666667,4.02548888888889
"34",3.3,22.6416488721805,0.705822222222223,4.026
"35",3.4,22.6146093984962,1.18847826086957,4.02510869565217
"36",3.5,22.6045492481203,0.743239130434783,4.026
"37",3.6,22.5925576,0.731133333333333,4.026
"38",3.7,22.5877829,0.514422222222222,4.026
"39",3.8,22.6283548514851,0.0987826086956523,4.025
"40",3.9,22.59784,-0.0154583333333322,4.026
"41",4,22.6035672727273,-0.300524590163934,4.02572131147541
"42",4.1,22.5990918796992,-0.336934782608698,4.026
"43",4.2,22.6082798496241,-0.764812500000003,4.026
"44",4.3,22.5821051,-0.425999999999998,4.026
"45",4.4,22.5786984090909,-0.0613478260869562,4.02623913043478
"46",4.5,22.5835393181818,0.614386666666665,4.02508
"47",4.6,22.5671509848485,0.776677966101695,4.026
"48",4.7,22.581249469697,0.529103448275862,4.026
"49",4.8,22.5836008,0.203568627450976,4.02521568627451
"50",4.9,22.5698587969925,0.0707076923076921,4.02526153846154
"51",5,22.5667986466165,-0.216064935064934,4.026
"52",5.1,22.5871716666667,-0.294492753623188,4.02578985507246
"53",5.2,22.5673383333333,-0.358260869565217,4.0250652173913
"54",5.3,22.5771659,-0.535750000000001,4.026
"55",5.4,22.5462503,-0.673228070175439,4.026
"56",5.5,22.5641921782178,-0.369489795918368,4.026
"57",5.6,22.57341,-0.191217391304346,4.02689130434783
"58",5.7,22.5760539393939,0.118176470588235,4.02552941176471
"59",5.8,22.5867027,-0.956294117647057,4.026
"60",5.9,22.578095,-2.43817021276596,4.026
"61",6,22.5815483,-2.69802127659575,4.02542553191489
"62",6.1,22.5803283333333,-2.51857894736842,4.026
"63",6.2,22.5741616666667,-2.42240425531915,4.026
"64",6.3,22.5837874242424,-2.5968,4.0256
"65",6.4,22.5745298484849,-2.57659574468085,4.026
"66",6.5,22.5521906,-2.60348936170213,4.026
"67",6.6,22.5383863157895,-2.84168085106383,4.026
"68",6.7,22.5327021052632,-2.87070212765957,4.02576595744681
"69",6.8,22.5349306060606,-2.02122580645161,4.026
"70",6.9,22.5269912121212,-2.37114545454545,4.026
"71",7,22.5286449,-2.70687272727273,4.02552727272727
"72",7.1,22.5321393984962,-2.52927272727273,4.026
"73",7.2,22.5360792481203,-2.4268431372549,4.026
"74",7.3,22.5407550757576,-2.58804255319149,4.02551063829787
"75",7.4,22.5332626515152,-2.60918367346939,4.026
"76",7.5,22.522755,-2.60924,4.026
"77",7.6,22.5215754,-2.83362121212121,4.026
"78",7.7,22.5476947524752,-2.94095833333333,4.02504166666667
"79",7.8,22.5419506015038,-2.8006862745098,4.026
"80",7.9,22.5380107518797,-2.94578723404255,4.0251914893617
"81",8,22.543185037594,-2.9914358974359,4.026
"82",8.1,22.5466887969925,-2.97202,4.02542
"83",8.2,22.5362922,-2.92471428571429,4.025
"84",8.3,22.54811,-3.0918431372549,4.026
"85",8.4,22.52011,-3.32885714285714,4.026
"86",8.5,22.5285967424242,-3.31169863013699,4.026
"87",8.6,22.5272709848485,-3.4179375,4.0254375
"88",8.7,22.529479,-2.76946666666667,4.02548333333333
"89",8.8,22.5157013533835,-2.39639130434783,4.0244347826087
"90",8.9,22.5397690225564,-2.56091304347826,4.026
"91",9,22.5484712030075,-2.64788235294118,4.02541176470588
"92",9.1,22.5235313533835,-3.02147826086956,4.02547826086957
"93",9.2,22.5002296,-2.900125,4.02554166666667
"94",9.3,22.5076054,-3.04282608695653,4.02560869565217
"95",9.4,22.5339093069307,-3.24573913043478,4.026
"96",9.5,22.5374537593985,-3.31765217391304,4.026
"97",9.6,22.5488296992481,-3.37149152542373,4.02518644067797
"98",9.7,22.5408006060606,-2.76808695652173,4.02547826086957
"99",9.8,22.5378502,-2.44071428571429,4.02463265306123
"100",9.9,22.53365,-2.57912307692308,4.026
"101",10,22.495920075188,-2.51527692307692,4.026
"102",10.1,22.5204238345865,-2.62775,4.026
"103",10.2,22.5269922727273,-2.42128260869565,4.026
"104",10.3,22.5336059090909,-2.32326086956522,4.02597826086957
"105",10.4,22.5331901,-2.30913043478261,4.02560869565217
"106",10.5,22.5303656390977,-2.21263492063492,4.026
"107",10.6,22.5115536090226,-2.22655319148936,4.026
"108",10.7,22.4765528787879,-2.45432608695652,4.02519565217391
"109",10.8,22.4641968181818,-2.74167391304348,4.025
"110",10.9,22.4661336,-2.90828571428571,4.025
"111",11,22.4568511278195,-3.42569565217391,4.026
"112",11.1,22.449407518797,-3.56178260869565,4.026
"113",11.2,22.4636722727273,-3.32026086956521,4.02547826086957
"114",11.3,22.4477859090909,-2.35611764705882,4.02541176470588
"115",11.4,22.4642017171717,-2.31747826086957,4.0245652173913
"116",11.5,22.4741382,-2.31848,4.026
"117",11.6,22.4639113861386,-2.35326923076923,4.026
"118",11.7,22.480132406015,-2.54256521739131,4.025
"119",11.8,22.4722527067669,-2.823,4.025
"120",11.9,22.4651146969697,-3.13946808510638,4.02506382978723
"121",12,22.4615843939394,-3.42879661016949,4.026
"122",12.1,22.4761034,-3.66985714285714,4.026
"123",12.2,22.470144887218,-3.63103773584906,4.02505660377359
"124",12.3,22.4578892481203,-3.1377037037037,4.026
"125",12.4,22.4399415789474,-3.23783018867925,4.026
"126",12.5,22.4605205263158,-2.98616363636364,4.026
"127",12.6,22.4867803030303,-2.87090909090909,4.026
"128",12.7,22.5203453731343,-2.68081132075472,4.02583018867924
"129",12.8,22.5555244776119,-2.57351063829787,4.025
"130",12.9,22.5661123308271,-2.56606521739131,4.02523913043478
"131",13,22.5748566917293,-2.42056862745098,4.026
"132",13.1,22.5756224242424,-2.13508695652172,4.02491304347826
"133",13.2,22.5699716831683,-3.51930188679245,4.02545283018868
"134",13.3,22.571602,-3.17817021276596,4.026
"135",13.4,22.5688562406015,-3.18356363636364,4.026
"136",13.5,22.5736682706767,-2.95763829787234,4.026
"137",13.6,22.5685719191919,-2.85727272727273,4.02556363636364
"138",13.7,22.5592771287129,-2.66569565217391,4.02521739130435
"139",13.8,22.5536770707071,-2.56634,4.025
"140",13.9,22.5564809701493,-2.56309836065574,4.02527868852459
"141",14,22.573846641791,-3.318,4.02763636363636
"142",14.1,22.561592406015,-1.498,4.024
"143",14.2,22.5817127067669,-1.424,4.026
"144",14.3,22.5843786,-1.05901886792452,4.02501886792453
"145",14.4,22.5805635820896,-1.16191304347826,4.02513043478261
"146",14.5,22.5892426865672,-0.965173913043481,4.02569565217391
"147",14.6,22.5811564661654,-0.803565217391303,4.02569565217391
"148",14.7,22.5614797744361,-0.459217391304344,4.026
"149",14.8,22.5744055555556,-0.317347826086956,4.02558695652174
"150",14.9,22.5666661654135,0.0679347826086959,4.026
"151",15,22.5745383458647,0.109263157894732,4.026
"152",15.1,22.5632171428571,0.282765957446819,4.026
"153",15.2,22.5846457142857,-1.424,4.026
"154",15.3,22.5946657575758,-1.16886956521739,4.02552173913043
"155",15.4,22.5860004,-1.20769230769231,4.02544615384615
"156",15.5,22.5810393069307,-0.959236363636368,4.02567272727273
"157",15.6,22.5823263909774,-0.809043478260869,4.02563043478261
"158",15.7,22.5692060902256,-0.444782608695643,4.026
"159",15.8,22.572473880597,-0.317347826086956,4.02558695652174
"160",15.9,22.5546679104478,0.0649166666666669,4.026
"161",16,22.5502634343434,0.177468085106387,4.026
"162",16.1,22.5624641791045,0.596826086956519,4.02526086956522
"163",16.2,22.5676731343284,0.835106382978718,4.025
"164",16.3,22.575722556391,0.890999999999996,4.026
"165",16.4,22.5748503759398,0.315652173913057,4.026
"166",16.5,22.5818556565657,0.095,4.0255
"167",16.6,22.5960549253731,0.0355599999999988,4.026
"168",16.7,22.5752191044776,-0.247375,4.027
"169",16.8,22.5508786363636,-0.114347826086967,4.026
"170",16.9,22.5561665151515,-0.0756956521739164,4.026
"171",17,22.5470243,-0.290999999999996,4.02530769230769
"172",17.1,22.5215501,0.419851063829784,4.0251914893617
"173",17.2,22.5198138,0.786923076923079,4.025
"174",17.3,22.536645112782,0.891938775510225,4.026
"175",17.4,22.5331488721805,0.045,4.026
"176",17.5,22.5428456,0.113249999999997,4.02513461538462
"177",17.6,22.5322261,0.0441578947368556,4.02601754385965
"178",17.7,22.5186846,-0.237399999999999,4.027
"179",17.8,22.5550704477612,-0.0637872340425602,4.026
"180",17.9,22.5450853731343,-0.0452068965517205,4.026
"181",18,22.5318812030075,-0.275892857142853,4.02517857142857
"182",18.1,22.5209413533835,-0.366851063829787,4.02682978723404
"183",18.2,22.5364028,-0.368892857142857,4.026
"184",18.3,22.5475036842105,-0.125981818181826,4.026
"185",18.4,22.5321878947368,-0.200046875000001,4.025
"186",18.5,22.5077420300752,-0.280065217391307,4.02558695652174
"187",18.6,22.5108096992481,-0.207736842105265,4.02552631578947
"188",18.7,22.537047,0.704784313725517,4.02456862745098
"189",18.8,22.5092563636364,1.25903773584906,4.02571698113208
"190",18.9,22.5238018181818,1.19213043478261,4.02532608695652
"191",19,22.54827,1.1175,4.02571739130435
"192",19.1,22.57427,0.660173913043487,4.02536956521739
"193",19.2,22.5957508,-0.438978260869563,4.02541304347826
"194",19.3,22.587114,-0.190404255319154,4.026
"195",19.4,22.5815458415842,-0.181763636363633,4.025
"196",19.5,22.5950640601504,-0.264170212765961,4.02540425531915
"197",19.6,22.5801993984962,-0.479285714285712,4.02678571428571
"198",19.7,22.5727905263158,0.21,4.025
"199",19.8,22.5714747368421,1.29550980392157,4.02592156862745
"200",19.9,22.5754392,1.20959574468085,4.025
"201",20,22.5892861654135,1.13751063829787,4.026
"202",20.1,22.5975944360902,1.12161702127659,4.025
"203",20.2,22.5915528787879,-0.433127659574484,4.02502127659575
"204",20.3,22.5681968181818,-0.310999999999995,4.026
"205",20.4,22.5718696,-0.532057692307693,4.026
"206",20.5,22.5773372932331,-0.370690909090907,4.02503636363636
"207",20.6,22.5882696240601,-0.787888888888868,4.02596296296296
"208",20.7,22.6028842424242,-0.901909090909089,4.02509090909091
"209",20.8,22.5834903030303,-0.466636363636365,4.026
"210",20.9,22.6004708,-0.0438490566037717,4.026
"211",21,22.5932348,0.0616170212765987,4.02514893617021
"212",21.1,22.580367029703,0.181,4.026
"213",21.2,22.5796381818182,-1.55294117647059,4.025
"214",21.3,22.5739109090909,-0.333058823529414,4.026
"215",21.4,22.5895604,-0.530255319148935,4.026
"216",21.5,22.5859308,-0.374413043478261,4.0250652173913
"217",21.6,22.5774844,-0.795595744680839,4.02597872340425
"218",21.7,22.5358176691729,-0.887723404255318,4.02512765957447
"219",21.8,22.5415093984962,-0.382574468085113,4.026
"220",21.9,22.5640710526316,-0.00784000000000038,4.026
"221",22,22.5824394736842,0.0920638297872346,4.0251914893617
"222",22.1,22.5727427,-0.679543478260847,4.02534782608696
"223",22.2,22.5695394736842,-3.1430652173913,4.026
"224",22.3,22.5568552631579,-3.14597826086957,4.026
"225",22.4,22.5566296969697,-3.11210638297872,4.026
"226",22.5,22.5733721212121,-3.02433333333333,4.026
"227",22.6,22.5652925,-3.13255769230769,4.02544230769231
"228",22.7,22.5882781954887,-3.41082608695653,4.02634782608696
"229",22.8,22.5948421052632,-3.92844642857143,4.02558928571429
"230",22.9,22.599021969697,-3.802,4.026
"231",23,22.5994613636364,-3.75712765957447,4.025
"232",23.1,22.5703605,-3.37868,4.02608
"233",23.2,22.5450435,-3.17359574468085,4.026
"234",23.3,22.5375856435644,-3.142,4.026
"235",23.4,22.552965037594,-3.1115,4.026
"236",23.5,22.5363409774436,-3.02921538461538,4.026
"237",23.6,22.5312288636364,-3.16181818181818,4.02516363636364
"238",23.7,22.5215243181818,-3.19083636363637,4.02698181818182
"239",23.8,22.5234632,-3.91436,4.02592
"240",23.9,22.5268022556391,-3.76551351351351,4.026
"241",24,22.5543586466165,-3.80799999999999,4.02540425531915
"242",24.1,22.5443218181818,-3.71398275862069,4.02586206896552
"243",24.2,22.5588672727273,-3.63363829787234,4.02459574468085
"244",24.3,22.5624725,-3.62153846153846,4.026
"245",24.4,22.5423951879699,-3.48343137254902,4.026
"246",24.5,22.5388989473684,-3.34458823529412,4.026
"247",24.6,22.5378537121212,-3.29656603773585,4.026
"248",24.7,22.5365279545455,-3.33157142857143,4.02442857142857
"249",24.8,22.5363465,-3.2423829787234,4.026
"250",24.9,22.5505455,-3.25974074074074,4.02568518518519
"251",25,22.5479498019802,-3.20772340425534,4.02623404255319
"252",25.1,22.5613645454545,-3.25481132075472,4.02535849056604
"253",25.2,22.5512281818182,-3.44741095890411,4.02487671232877
"254",25.3,22.562344040404,-3.48499999999999,4.026
"255",25.4,22.5759725,-3.50301785714286,4.026
"256",25.5,22.580303,-3.3441914893617,4.026
"257",25.6,22.578562406015,-3.29729787234042,4.026
"258",25.7,22.5768105263158,-3.32257446808511,4.02406382978723
"259",25.8,22.577636969697,-3.245,4.026
"260",25.9,22.5670612121212,-3.29787234042553,4.02591489361702
"261",26,22.558253,-3.13496774193548,4.02591935483871
"262",26.1,22.5687818045113,-3.23430769230769,4.02596153846154
"263",26.2,22.5692178947368,-3.46445283018867,4.02503773584906
"264",26.3,22.5792218181818,-3.34736170212766,4.02595744680851
"265",26.4,22.5558581818182,-3.4155306122449,4.026
"266",26.5,22.566347,-3.33559574468085,4.026
"267",26.6,22.5552512781955,-3.21710638297872,4.0251914893617
"268",26.7,22.5434392481203,-4.4802,4.0258
"269",26.8,22.5324938345865,-4.4075744680851,4.026
"270",26.9,22.5390577443609,-4.34557692307692,4.026
"271",27,22.5519035353535,-4.5471489361702,4.02712765957447
"272",27.1,22.5296516,-4.228,4.025
"273",27.2,22.5201969306931,-4.21929629629628,4.02503703703704
"274",27.3,22.5434554135338,-3.45183928571429,4.02598214285714
"275",27.4,22.5377636842105,-3.39518181818182,4.02581818181818
"276",27.5,22.542043030303,-3.30810638297872,4.026
"277",27.6,22.5433687878788,-3.21750000000001,4.02514
"278",27.7,22.5494345454545,-4.46731914893622,4.026
"279",27.8,22.5323109701493,-4.40927083333333,4.026
"280",27.9,22.5249303731343,-4.36414285714286,4.026
"281",28,22.5357,-4.30248,4.026
"282",28.1,22.5147,-4.24714893617021,4.02512765957447
"283",28.2,22.52337,-4.21903571428572,4.025
"284",28.3,22.5232132835821,-3.82134042553194,4.026
"285",28.4,22.5206013432836,-3.77065957446808,4.026
"286",28.5,22.5196817293233,-3.64663829787235,4.02574468085106
"287",28.6,22.5358772180451,-3.75286363636364,4.02472727272727
"288",28.7,22.5420717171717,-3.74441666666667,4.02583333333333
"289",28.8,22.5760087128713,-2.08000000000001,4.026
"290",28.9,22.5714585,-1.65104255319149,4.02589361702128
"291",29,22.5776657894737,-1.30498076923076,4.025
"292",29.1,22.5579815789474,-1.08036170212766,4.02525531914894
"293",29.2,22.55654,-1.97655319148937,4.026
"294",29.3,22.5574037623762,-3.66842553191489,4.026
"295",29.4,22.5706688888889,-3.76969090909091,4.026
"296",29.5,22.5622365671642,-3.66993617021277,4.02542553191489
"297",29.6,22.5505126865672,-3.738,4.02483673469388
"298",29.7,22.582052406015,-3.77441176470588,4.026
"299",29.8,22.5803005263158,-2.00908510638298,4.026
"300",29.9,22.5785521212121,-1.67734722222222,4.026
"301",30,22.5778376119403,-1.33827659574468,4.025
"302",30.1,22.5934644776119,-1.08644680851064,4.02502127659575
"303",30.2,22.5944606766917,-1.56866666666668,4.02585416666667
"304",30.3,22.5769719548872,-2.05971428571428,4.026
"305",30.4,22.5599754545455,-1.9829375,4.025
"306",30.5,22.5498056716418,-1.99197872340425,4.02529787234043
"307",30.6,22.5450295522388,-1.17955319148936,4.026
"308",30.7,22.5375215789474,-1.23113461538462,4.026
"309",30.8,22.5318298496241,-1.26806382978724,4.025
"310",30.9,22.5740666666667,-1.27274468085107,4.02536170212766
"311",31,22.5553048514852,-0.647595744680843,4.02553191489362
"312",31.1,22.5299526,-0.322617021276599,4.026
"313",31.2,22.513857761194,-0.766914893617058,4.02546808510638
"314",31.3,22.5008204477612,-2.10068085106383,4.026
"315",31.4,22.4908793984962,-2.02668085106383,4.025
"316",31.5,22.4930673684211,-1.92229787234042,4.02582978723404
"317",31.6,22.5102074747475,-1.21894444444444,4.026
"318",31.7,22.5039189552239,-1.1415,4.026
"319",31.8,22.5095682089552,-1.22566666666667,4.025
"320",31.9,22.4932745864662,-1.10729787234043,4.02574468085106
"321",32,22.5199663157895,-0.460489361702113,4.026
"322",32.1,22.52544,-0.269,4.026
"323",32.2,22.5309072180451,-0.156905660377351,4.026
"324",32.3,22.5186515789474,-1.47414285714288,4.02582142857143
"325",32.4,22.5231271969697,-1.45557446808511,4.025
"326",32.5,22.5182711363636,-1.464625,4.02670833333333
"327",32.6,22.509954,-1.99817021276598,4.025
"328",32.7,22.47688,-2.07363829787234,4.02595744680851
"329",32.8,22.4894645,-1.87858333333333,4.02508333333333
"330",32.9,22.4866337121212,-2.0116170212766,4.02495744680851
"331",33,22.4853079545455,-1.98723636363637,4.02585454545455
"332",33.1,22.4883918,-1.66719230769231,4.02505769230769
"333",33.2,22.4787942,-0.422615384615364,4.02592307692308
"334",33.3,22.4823024242424,-1.58849056603767,4.02598113207547
"335",33.4,22.4783532089552,-1.42554545454546,4.025
"336",33.5,22.4922561940298,-1.4587358490566,4.02688679245283
"337",33.6,22.4888459398496,-1.95208333333339,4.025
"338",33.7,22.4857782706767,-2.06721818181819,4.026
"339",33.8,22.4873803030303,-1.87864,4.02508
"340",33.9,22.5063705223881,-1.98204255319148,4.02517021276596
"341",34,22.4963779850746,-1.98474074074074,4.02525925925926
"342",34.1,22.517147368421,-1.80731914893614,4.025
"343",34.2,22.4948240601504,-1.6888510638298,4.026
"344",34.3,22.4995944,-1.58236170212766,4.026
"345",34.4,22.4647802255639,-1.52470212765958,4.02453191489362
"346",34.5,22.4682839849624,-1.003,4.025
"347",34.6,22.4576784210526,-0.666785714285722,4.02553571428571
"348",34.7,22.4839415789474,-0.708250000000001,4.025375
"349",34.8,22.5032851,-0.609510638297882,4.02523404255319
"350",34.9,22.497911,-0.863327272727277,4.026
"351",35,22.4767598019802,-1.30421818181818,4.025
"352",35.1,22.4769815037594,-1.30280851063833,4.026
"353",35.2,22.4896732330827,-1.75408333333335,4.026
"354",35.3,22.4902469924812,-1.56583333333333,4.026
"355",35.4,22.4718635338346,-1.60320833333334,4.02472916666667
"356",35.5,22.4734752,-1.03505263157894,4.02449122807018
"357",35.6,22.4761410526316,-0.718382978723404,4.025
"358",35.7,22.4748252631579,-0.712,4.025
"359",35.8,22.4788030075188,-0.622914893617022,4.02512765957447
"360",35.9,22.4831864661654,-0.738588235294115,4.026
"361",36,22.4827384,-1.31853191489362,4.02565957446809
"362",36.1,22.493154887218,-1.27253846153846,4.02542307692308
"363",36.2,22.4844030075188,-1.78266666666667,4.026
"364",36.3,22.47495,-1.79806382978721,4.026
"365",36.4,22.48295,-2.11455319148936,4.02536170212766
"366",36.5,22.4791991,-2.2805744680851,4.026
"367",36.6,22.4580421052632,-2.01929787234042,4.02691489361702
"368",36.7,22.4729293233083,-2.07134042553191,4.026
"369",36.8,22.4579915151515,-2.2132692307692,4.026
"370",36.9,22.4888703030303,-2.93349056603771,4.02581132075472
"371",37,22.4970144,-4.43368085106383,4.02657446808511
"372",37.1,22.4893248,-4.39471428571428,4.026
"373",37.2,22.498578019802,-4.33129787234042,4.026
"374",37.3,22.4893195522388,-4.12062500000002,4.02523214285714
"375",37.4,22.5101702985075,-2.35208510638297,4.026
"376",37.5,22.5198417293233,-2.28923076923077,4.026
"377",37.6,22.5290372180451,-2.01374468085106,4.02678723404255
"378",37.7,22.5248478,-2.07245614035087,4.026
"379",37.8,22.5029617293233,-2.12221818181815,4.026
"380",37.9,22.5121572180451,-2.73942307692306,4.026
"381",38,22.5165331578947,-4.15380303030306,4.02630303030303
"382",38.1,22.5187211278196,-4.45036170212766,4.0256170212766
"383",38.2,22.5244778,-4.30794230769231,4.026
"384",38.3,22.5087337121212,-4.354,4.02533333333333
"385",38.4,22.5157867424242,-4.4278085106383,4.02648936170213
"386",38.5,22.52162,-4.51010416666667,4.02585416666667
"387",38.6,22.52162,-4.74893877551021,4.02508163265306
"388",38.7,22.490914,-4.73249090909091,4.02589090909091
"389",38.8,22.5077724,-4.81846808510638,4.02502127659575
"390",38.9,22.5276224752475,-4.95148,4.02508
"391",39,22.5108089473684,-5.17561224489795,4.026
"392",39.1,22.5309367669173,-5.20534042553193,4.026
"393",39.2,22.5277752631579,-5.36408510638301,4.026
"394",39.3,22.5242790225564,-4.87017021276596,4.025
"395",39.4,22.5411764,-4.42193617021277,4.02623404255319
"396",39.5,22.5610678947368,-4.57081481481482,4.026
"397",39.6,22.5593235338346,-4.70999999999999,4.025
"398",39.7,22.55421,-4.74711320754717,4.026
"399",39.8,22.55421,-4.81162264150943,4.025
"400",39.9,22.5523456,-4.86063636363636,4.026
"401",40,22.5585751879699,-5.177,4.026
"402",40.1,22.569515037594,-5.189625,4.026
"403",40.2,22.5666084848485,-5.42548936170213,4.026
"404",40.3,22.5397145454545,-4.91952941176471,4.02505882352941
"405",40.4,22.5578216,-4.5437543859649,4.026
"406",40.5,22.5798946616541,-4.47120000000002,4.025
"407",40.6,22.5882029323308,-4.37989583333333,4.026
"408",40.7,22.5827357575758,-4.21212500000001,4.02520833333333
"409",40.8,22.5756827272727,-3.87265957446806,4.025
"410",40.9,22.5710490909091,-4.245,4.025
"411",41,22.5655139,-4.12982978723405,4.02589361702128
"412",41.1,22.5798616831683,-4.30154166666668,4.02522916666667
"413",41.2,22.5794101503759,-4.67916981132076,4.026
"414",41.3,22.5671620300752,-4.55321428571429,4.02689285714286
"415",41.4,22.571937368421,-5.11627450980394,4.02698039215686
"416",41.5,22.5841854887218,-5.48767326732675,4.0250396039604
"417",41.6,22.5602337,-5.29566336633664,4.026
"418",41.7,22.5632768421053,-5.54590566037736,4.026
"419",41.8,22.5680888721805,-6.07609433962264,4.026
"420",41.9,22.5531840458015,-6.00837931034483,4.026
"421",42,22.5385275572519,-5.86775423728813,4.026
"422",42.1,22.5446261,-5.67462352941176,4.02525882352941
"423",42.2,22.5599615789474,-5.50276190476191,4.026
"424",42.3,22.5656457894737,-5.338,4.026
"425",42.4,22.5629643181818,-5.216,4.025
"426",42.5,22.5567900757576,-5.1769756097561,4.02418699186992
"427",42.6,22.5573337,-5.03938461538461,4.02569230769231
"428",42.7,22.5528965,-5.07055913978494,4.026
"429",42.8,22.5459469306931,-4.9262,4.026
"430",42.9,22.5515951879699,-4.8982380952381,4.026
"431",43,22.562535037594,-5.023,4.026
"432",43.1,22.5639829545455,-5.03608411214953,4.02506542056075
"433",43.2,22.5705965909091,-4.96605154639176,4.025
"434",43.3,22.5697821782178,-4.86517142857143,4.02591428571429
"435",43.4,22.5690063157895,-4.77617857142857,4.02504464285714
"436",43.5,22.5808108270677,-4.88752688172043,4.0260752688172
"437",43.6,22.5780515151515,-4.88,4.025
"438",43.7,22.5529303030303,-4.80571428571429,4.02595238095238
"439",43.8,22.5764558585859,-5.07820370370371,4.026
"440",43.9,22.5453723308271,-5.24951485148515,4.02513861386139
"441",44,22.5506204511278,-4.51684615384612,4.025
"442",44.1,22.5509745864662,-3.50903773584906,4.02502830188679
"443",44.2,22.5409144360902,-3.37696226415094,4.02597169811321
"444",44.3,22.5578093,-2.90250467289719,4.026
"445",44.4,22.5528545522388,-2.48442553191488,4.026
"446",44.5,22.5506829104478,-2.81072897196263,4.02510280373832
"447",44.6,22.5715047368421,-3.02706315789474,4.02593684210526
"448",44.7,22.595557368421,-3.11984,4.026
"449",44.8,22.5867372727273,-3.19387128712871,4.02506930693069
"450",44.9,22.586093,-3.32207766990291,4.026
"451",45,22.5808924752475,-3.22596116504854,4.026
"452",45.1,22.5421660902256,-3.12119417475728,4.02503883495146
"453",45.2,22.5312337593985,-3.09605454545455,4.02412727272727
"454",45.3,22.5214436363636,-2.96734579439252,4.02602803738318
"455",45.4,22.5192390909091,-2.81220560747663,4.02696261682243
"456",45.5,22.5264368,-2.81159223300971,4.02420388349515
"457",45.6,22.5094558646617,-2.77624999999999,4.02501785714286
"458",45.7,22.5247791729323,-2.48875000000001,4.02591071428571
"459",45.8,22.5233154545455,-2.25171681415929,4.026
"460",45.9,22.5153836363636,-2.17561061946903,4.026
"461",46,22.5099488888889,-2.08531999999999,4.02596
"462",46.1,22.5221593233083,-1.89438317757009,4.02507476635514
"463",46.2,22.5151518045113,-1.72896261682243,4.02694392523364
"464",46.3,22.5048007518797,-1.55643362831859,4.02696460176991
"465",46.4,22.5183646616541,-1.24227433628319,4.0260796460177
"466",46.5,22.5196090909091,-0.950578947368415,4.026
"467",46.6,22.4988663366337,-0.770722222222222,4.02597222222222
"468",46.7,22.4961906,-0.761462962962963,4.0250462962963
"469",46.8,22.525251119403,-1.01071428571429,4.02590476190476
"470",46.9,22.5009302238806,-1.4336,4.02402727272727
"471",47,22.5219321052632,-1.3536,4.02493636363636
"472",47.1,22.5096764661654,-1.65439784946238,4.02584946236559
"473",47.2,22.5264183838384,-2.363,4.028
"474",47.3,22.55942,-2.35814563106796,4.02605825242718
"475",47.4,22.56642,-2.32645833333333,4.02495833333333
"476",47.5,22.5514284962406,-2.315,4.026
"477",47.6,22.5593006766917,-2.42688118811881,4.026
"478",47.7,22.5920001010101,-2.5326037735849,4.026
"479",47.8,22.5665978358209,-2.44136363636364,4.026
"480",47.9,22.5813515671642,-2.39371028037383,4.026
"481",48,22.5909676691729,-2.51366666666667,4.026
"482",48.1,22.5857195488722,-2.38635714285714,4.02501020408163
"483",48.2,22.6017527272727,-2.51537142857143,4.02505714285714
"484",48.3,22.6056762686567,-2.49441904761905,4.0269619047619
"485",48.4,22.6026389552239,-2.37843396226415,4.02607547169811
"486",48.5,22.6023248120301,-2.51754166666667,4.02504166666667
"487",48.6,22.6005729323308,-2.44581443298969,4.02598969072165
"488",48.7,22.579291,-2.47191262135922,4.026
"489",48.8,22.592606,-2.51045454545455,4.025
"490",48.9,22.61261,-2.39681818181818,4.025
"491",49,22.6018959701493,-2.35676767676768,4.02594949494949
"492",49.1,22.5784556716418,-2.31181818181818,4.0269595959596
"493",49.2,22.5956193984962,-2.34952941176471,4.02511764705882
"494",49.3,22.6161682706767,-2.35181081081081,4.02889189189189
"495",49.4,22.6138856565657,-2.24550450450451,4.02528828828829
"496",49.5,22.610712238806,-2.31529787234043,4.02597872340425
"497",49.6,22.6050704477612,-1.85855045871555,4.02596330275229
"498",49.7,22.6127630827068,-0.872311926605529,4.02504587155963
"499",49.8,22.610575112782,-1.14868316831685,4.0250396039604
"500",49.9,22.6069272,-0.5491,4.02597
"501",50,22.6097345864662,-0.235327272727273,4.02505454545455
"502",50.1,22.5996744360902,-0.446236363636368,4.02687272727273
"503",50.2,22.5868593181818,-0.685811881188113,4.0259603960396
"504",50.3,22.6005184090909,-0.956272727272727,4.0250303030303
"505",50.4,22.577366,-1.22832673267326,4.0259603960396
"506",50.5,22.582141,-1.40624324324324,4.02502702702703
"507",50.6,22.5882343564356,-1.41435135135135,4.02592792792793
"508",50.7,22.5953515789474,-1.66392,4.026
"509",50.8,22.5870357894737,-1.55325581395348,4.026
"510",50.9,22.5893337,-1.8346511627907,4.026
"511",51,22.5854203,-2.01553,4.02794
"512",51.1,22.5833522,-2.16345454545455,4.026
"513",51.2,22.5835653383459,-2.21513274336283,4.026
"514",51.3,22.5800690977444,-2.34345132743363,4.026
"515",51.4,22.5753456390977,-2.28593577981651,4.02502752293578
"516",51.5,22.5889020300752,-2.51712844036697,4.02594495412844
"517",51.6,22.5909644,-2.59398969072165,4.026
"518",51.7,22.5921776691729,-2.67588235294117,4.02504901960784
"519",51.8,22.5939295488722,-2.72442477876106,4.02497345132743
"520",51.9,22.5812770454545,-2.53858407079646,4.02408849557522
"521",52,22.5587997727273,-2.28247422680412,4.02771134020619
"522",52.1,22.564099,-2.20364893617021,4.02602127659574
"523",52.2,22.5905860150376,-2.23060576923077,4.02504807692308
"524",52.3,22.5936461654135,-2.05608910891089,4.025
"525",52.4,22.574248030303,-1.92503,4.02503
"526",52.5,22.5535283333333,-1.53301886792453,4.026
"527",52.6,22.5649871,-1.36698113207547,4.026
"528",52.7,22.5784788,-1.46385,4.02503
"529",52.8,22.5531867326733,-2.90203703703703,4.026
"530",52.9,22.5507848120301,-3.32796296296297,4.026
"531",53,22.5630329323308,-4.83852941176471,4.02597058823529
"532",53.1,22.5571848120301,-5.41778350515464,4.02498969072165
"533",53.2,22.5694329323308,-5.48366666666667,4.02407843137255
"534",53.3,22.5734616831683,-5.24762626262628,4.026
"535",53.4,22.5733253383459,-4.88702830188679,4.026
"536",53.5,22.5650170676692,-4.78797169811321,4.026
"537",53.6,22.5822806060606,-4.71419,4.026
"538",53.7,22.5840381818182,-4.73998076923077,4.02506730769231
"539",53.8,22.6019671,-4.70104615384615,4.02590769230769
"540",53.9,22.59542,-4.6772,4.0236
"541",54,22.58142,-4.77938383838384,4.02449494949495
"542",54.1,22.5623006818182,-4.74965384615385,4.02596153846154
"543",54.2,22.5746415909091,-4.92527722772277,4.0250297029703
"544",54.3,22.5922207142857,-4.87347058823528,4.026
"545",54.4,22.5717795,-5.097,4.026
"547",54.6,22.5197380451128,-5.07485714285714,4.026
"548",54.7,22.5009184962406,-5.07128571428571,4.026
"549",54.8,22.4924118181818,-5.0458691588785,4.02492523364486
"550",54.9,22.538027,-5.09259813084112,4.02305607476635
"551",55,22.487282,-5.10661,4.02494
"552",55.1,22.4934831578947,-5.2360366972477,4.02588990825688
"553",55.2,22.5031147368421,-5.32933333333333,4.02511111111111
"554",55.3,22.5002219548872,-5.41404504504504,4.02503603603604
"555",55.4,22.5190415037594,-5.44017117117117,4.02593693693694
"556",55.5,22.5363566,-5.57322123893806,4.02503539823009
"557",55.6,22.5091739097744,-5.65375221238938,4.0259203539823
"558",55.7,22.5131062406015,-5.6650303030303,4.026
"559",55.8,22.4956697709924,-5.70753333333333,4.02593333333333
"560",55.9,22.4983338931298,-5.94586666666667,4.02426666666667
"561",56,22.5140209,-6.27359090909091,4.027
"562",56.1,22.5355493233083,-6.65995454545455,4.027
"563",56.2,22.5193613533835,-6.92933653846153,4.02610576923077
"564",56.3,22.4990633333333,-6.96432110091743,4.026
"565",56.4,22.4950936363636,-6.10835779816514,4.026
"566",56.5,22.498312,-5.34278431372546,4.026
"567",56.6,22.493722,-5.84808163265306,4.026
"568",56.7,22.5275452475247,-5.9863725490196,4.02507843137255
"569",56.8,22.5535409701493,-6.07231914893617,4.02597872340425
"570",56.9,22.547458880597,-6.179,4.025125
"571",57,22.5814254545455,-6.15723404255319,4.02612765957447
"572",57.1,22.5734860606061,-6.67,4.024
"573",57.2,22.5442107,-6.67423728813559,4.02569491525424
"574",57.3,22.5493638345865,-6.67993975903614,4.026
"575",57.4,22.5537397744361,-7.40750000000001,4.026
"576",57.5,22.5603970454545,-7.7325,4.026
"577",57.6,22.5515864393939,-7.46916071428572,4.026
"578",57.7,22.536637,-7.43711235955056,4.02507865168539
"579",57.8,22.5718090909091,-8.07374757281554,4.02590291262136
"580",57.9,22.5674,-7.93383333333334,4.02603333333333
"581",58,22.5610933333333,-7.77966666666666,4.02686666666667
"582",58.1,22.5602145454545,-8.13728070175444,4.026
"583",58.2,22.54884,-9.34429824561398,4.026
"584",58.3,22.5421124,-9.65707547169811,4.02598113207547
"585",58.4,22.5347757425743,-9.66084905660377,4.02503773584906
"586",58.5,22.5383018796993,-9.59613513513514,4.025
"587",58.6,22.5470462406015,-9.33233333333333,4.02501587301587
"588",58.7,22.5520431313131,-9.099,4.02580952380952
"589",58.8,22.5372861386139,-8.87745544554455,4.02675247524752
"590",58.9,22.52983,-8.81707894736842,4.02403947368421
"591",59,22.5090060150376,-9.11154545454546,4.02645454545455
"592",59.1,22.5050661654135,-9.02421649484536,4.02539175257732
"593",59.2,22.5339215151515,-8.89656310679612,4.02578640776699
"594",59.3,22.5114366666667,-8.72967010309278,4.026
"595",59.4,22.5011767676768,-9.18196428571428,4.026
"596",59.5,22.4870681203008,-9.33845999999999,4.02598
"597",59.6,22.5063237593985,-9.01944144144144,4.02501801801802
"598",59.7,22.4999383333333,-9.09151351351351,4.02591891891892
"599",59.8,22.4827413636364,-9.51625806451613,4.02596774193548
"600",59.9,22.4927788888889,-9.24770967741936,4.02516129032258
"601",60,22.5155567669173,-9.03620183486238,4.02573394495413
"602",60.1,22.4941131578947,-9.02282716049383,4.02512345679012
"603",60.2,22.4985554545455,-9.63910526315788,4.02594736842105
"604",60.3,22.5100175757576,-9.37788235294118,4.026
"605",60.4,22.513046969697,-9.372,4.026
"606",60.5,22.5109641,-9.33635643564356,4.026
"607",60.6,22.5150027722772,-10.01816,4.02788
"608",60.7,22.4999127819549,-10.37786,4.02409
"609",60.8,22.5178526315789,-10.3392772277228,4.02691089108911
"610",60.9,22.5447171212121,-10.2833636363636,4.0240202020202
"611",61,22.5195883333333,-10.2013119266055,4.025
"612",61.1,22.533086,-6.878376146789,4.025
"613",61.2,22.5323072180451,-6.49901680672269,4.026
"614",61.3,22.5401793984962,-6.5006974789916,4.026
"615",61.4,22.5502333333333,-6.5973271028037,4.026
"616",61.5,22.5405363636364,-8.03003738317757,4.026
"617",61.6,22.5431511111111,-8.00857142857142,4.02510476190476
"618",61.7,22.545243880597,-7.93846464646465,4.02589898989899
"619",61.8,22.5626095522388,-7.98434693877551,4.026
"620",61.9,22.5486676691729,-8.00962068965517,4.026
"621",62,22.5412315789474,-7.9563275862069,4.02501724137931
"622",62.1,22.5526748484848,-8.02270689655173,4.02587931034483
"623",62.2,22.5379385148515,-7.71927272727274,4.026
"624",62.3,22.5415016,-7.85539603960396,4.026
"625",62.4,22.5391272180451,-7.77789719626168,4.02599065420561
"626",62.5,22.5491873684211,-7.96761682242991,4.02505607476636
"627",62.6,22.5482357575758,-7.73224999999999,4.02597916666667
"628",62.7,22.5330810891089,-8.05620388349514,4.02790291262136
"629",62.8,22.5244433333333,-7.883,4.02617307692308
"630",62.9,22.5277376865672,-7.88175,4.02699107142857
"631",63,22.5255660447761,-7.85675,4.02609821428571
"632",63.1,22.5354827819549,-8.09420430107527,4.02504301075269
"633",63.2,22.5394226315789,-7.91105769230769,4.026
"634",63.3,22.5201388888889,-7.81682692307692,4.026
"635",63.4,22.52221,-7.6879,4.026
"636",63.5,22.52221,-7.88690816326531,4.026
"637",63.6,22.5307897744361,-7.72256880733945,4.02403669724771
"638",63.7,22.5150378947368,-7.7794495412844,4.02770642201835
"639",63.8,22.5145518181818,-7.67584955752212,4.026
"640",63.9,22.5368164179104,-7.81832743362832,4.026
"641",64,22.5507119402985,-7.37209000000005,4.02511
"642",64.1,22.5446245112782,-7.10480851063829,4.02594680851064
"643",64.2,22.5201207518797,-7.59566990291257,4.02507766990291
"644",64.3,22.5353213131313,-7.13412612612612,4.02501801801802
"645",64.4,22.517885,-6.94673873873875,4.02681981981982
"646",64.5,22.5174293069307,-9.23020192307692,4.02697115384615
"647",64.6,22.5237222556391,-9.13693269230768,4.02600961538462
"648",64.7,22.5219703759398,-9.02677551020406,4.02398979591837
"649",64.8,22.5312981203008,-9.21631818181818,4.02305454545454
"650",64.9,22.5343657894737,-9.79359090909088,4.02487272727273
"651",65,22.5393556,-9.54073214285715,4.026
"652",65.1,22.552698358209,-9.37733928571427,4.026
"653",65.2,22.5401013432836,-10.09116,4.026
"654",65.3,22.5594002255639,-10.2903714285714,4.026
"655",65.4,22.5541521052632,-10.0589428571429,4.026
"656",65.5,22.5528678787879,-9.99437623762377,4.0250396039604
"657",65.6,22.5579975373134,-10.9030204081633,4.02695918367347
"658",65.7,22.5423632089552,-10.856406779661,4.02603389830508
"659",65.8,22.5558143609023,-10.6267457627118,4.02772881355932
"660",65.9,22.5636940601504,-10.485547826087,4.02653913043478
"661",66,22.5553297,-11.2257142857143,4.026
"662",66.1,22.5473054,-12.2802659574468,4.026
"663",66.2,22.5487928,-12.0023457943925,4.026
"664",66.3,22.555199924812,-11.7507391304348,4.026
"665",66.4,22.5538916541353,-11.3841057692308,4.026
"666",66.5,22.5652085,-11.3946826923077,4.026
"667",66.6,22.5800884,-12.56208,4.02501
"668",66.7,22.578526969697,-12.4695825242719,4.02599029126214
"669",66.8,22.5817328358209,-12.3278349514563,4.02501941747573
"670",66.9,22.5830388059702,-12.004592920354,4.026
"671",67,22.5708532330827,-11.9842389380531,4.026
"672",67.1,22.5691088721805,-11.8973203883495,4.0251359223301
"673",67.2,22.5541963636364,-11.7029473684211,4.02590526315789
"674",67.3,22.5393202985075,-11.7924255319149,4.02503191489362
"675",67.4,22.5232456716418,-15.414480392157,4.02404901960784
"676",67.5,22.5087734586466,-15.1090693069307,4.02588118811881
"677",67.6,22.5039539097744,-14.6984705882353,4.026
"678",67.7,22.4997117,-14.622,4.026
"679",67.8,22.4946382089552,-14.4666601941748,4.02502912621359
"680",67.9,22.4750859701493,-14.3429516129032,4.026
"681",68,22.4930321804511,-14.2905322580645,4.026
"682",68.1,22.4969720300752,-15.4929310344828,4.026
"683",68.2,22.498844,-15.6263653846154,4.02598076923077
"684",68.3,22.5076097979798,-15.2946346153846,4.02501923076923
"685",68.4,22.4942134,-15.1610672268908,4.02505042016807
"686",68.5,22.5072662686567,-15.1644285714286,4.02757142857143
"687",68.6,22.5003110447761,-14.8399166666666,4.02627083333333
"688",68.7,22.5243710526316,-14.7430860215054,4.0270752688172
"689",68.8,22.5186868421053,-14.699,4.026
"690",68.9,22.4954448484849,-20.36614,4.025
"691",69,22.5072232835821,-19.7328514851485,4.0250198019802
"692",69.1,22.4994023880597,-19.5750196078431,4.02599019607843
"693",69.2,22.5502787969925,-19.3769803921569,4.02500980392157
"694",69.3,22.5603464661654,-19.3217641509434,4.02593396226415
"695",69.4,22.5762188,-19.1482524271845,4.02419417475728
"696",69.5,22.5750712781955,-18.7651612903226,4.024
"697",69.6,22.6013118796992,-20.0798348623854,4.02500917431193
"698",69.7,22.5933309090909,-21.0633211009173,4.02592660550459
"699",69.8,22.6078763636364,-20.6722127659574,4.026
"700",69.9,22.5826604,-20.5531517857143,4.026
"701",70,22.5958524,-20.2683303571429,4.026
"702",70.1,22.5686868316832,-19.8635869565217,4.026
"703",70.2,22.5631418181818,-19.9208571428572,4.02501020408163
"704",70.3,22.5512327272727,-19.7121764705882,4.026
"705",70.4,22.54558,-19.7123469387756,4.0259693877551
"706",70.5,22.5436284,-22.3674285714286,4.02305714285714
"707",70.6,22.5525744,-22.448380952381,4.0249619047619
"708",70.7,22.5686310526316,-22.041504950495,4.025
"709",70.8,22.5760671428571,-21.645619047619,4.02592380952381
"710",70.9,22.5652,-21.6306382978723,4.02502127659575
"711",71,22.5647714285714,-21.31174,4.02598
"712",71.1,22.5407592,-20.955462962963,4.02501851851852
"713",71.2,22.5669644360902,-20.9286111111111,4.02594444444444
"714",71.3,22.562152406015,-21.7969795918368,4.02791836734694
"715",71.4,22.5911543939394,-24.3828440366971,4.028
"716",71.5,22.5889574242424,-24.1052631578948,4.02616842105263
"717",71.6,22.5775842,-23.72672,4.02404
"718",71.7,22.5946305263158,-23.265320754717,4.026
"719",71.8,22.5841342857143,-22.931358490566,4.026
"720",71.9,22.6079265151515,-22.7383076923077,4.02517948717949
"721",72,22.6176159090909,-22.6182571428571,4.02502857142857
"722",72.1,22.578122,-22.5268285714286,4.02598095238095
"723",72.2,22.5669275,-24.6035799999998,4.026
"724",72.3,22.5781333663366,-24.7180588235294,4.02792156862745
"725",72.4,22.5878563157895,-24.19956,4.026
"726",72.5,22.5830442857143,-23.7569056603774,4.02608490566038
"727",72.6,22.5751273684211,-23.4870943396226,4.02891509433962
"728",72.7,22.5707514285714,-23.4343039215686,4.02519607843137
"729",72.8,22.5705746534653,-23.29045,4.02595
"730",72.9,22.5702932330827,-23.2932450980392,4.026
"731",73,22.5637368421053,-23.86325,4.02503
"732",73.1,22.5560627272727,-27.2050693069307,4.026
"733",73.2,22.5763354545455,-26.2520540540541,4.02598198198198
"734",73.3,22.5610432,-25.8547567567568,4.02508108108108
"735",73.4,22.5092289473684,-25.7397419354839,4.025
"736",73.5,22.5079131578947,-25.5099439252336,4.02408411214953
"737",73.6,22.5150917424242,-25.5323703703703,4.026
"738",73.7,22.491720530303,-25.2508888888889,4.026
"739",73.8,22.4956746938775,-27.7086938775513,4.026
"740",73.9,22.4842225,-28.00755,4.02597
"741",74,22.4971959405941,-27.6912820512821,4.025
"742",74.1,22.4971498484848,-27.3340170940171,4.025
"743",74.2,22.4720059090909,-26.8075402298851,4.02598850574713
"744",74.3,22.4876496,-26.8127821782178,4.026
"745",74.4,22.5014036,-28.1308666666666,4.02506666666667
"746",74.5,22.5041978,-31.0671938775507,4.025
"747",74.6,22.49178,-30.4554646464646,4.026
"748",74.7,22.4782085714286,-30.1815327102804,4.02597196261682
"749",74.8,22.4965623484848,-29.9992897196262,4.02503738317757
"750",74.9,22.4828881060606,-29.8410181818182,4.025
"751",75,22.4805334,-29.8430430107527,4.025
"752",75.1,22.5089445112782,-32.3095000000001,4.02594897959184
"753",75.2,22.5054407518797,-31.2729183673469,4.026
"754",75.3,22.5047926717557,-30.7433921568627,4.026
"755",75.4,22.5141209160305,-30.3938823529412,4.026
"756",75.5,22.500292,-30.1357549019608,4.026
"757",75.6,22.5119478947368,-29.9112450980392,4.026
"758",75.7,22.4940005263158,-30.4591037735849,4.026
"759",75.8,22.4885420454545,-34.2328800000004,4.026
"760",75.9,22.4814890151515,-33.4582285714286,4.026
"761",76,22.4924688,-32.7069166666667,4.026
"762",76.1,22.4878796,-32.5165436893204,4.02602912621359
"763",76.2,22.4918202970297,-32.168,4.027
"764",76.3,22.4656330827068,-31.7963018867925,4.02605660377358
"765",76.4,22.4805203007519,-32.00242,4.02694
"766",76.5,22.4933408270677,-35.6262277227721,4.02606930693069
"767",76.6,22.4872130075188,-35.1148834951456,4.02509708737864
"768",76.7,22.4887662,-34.74795,4.02597
"769",76.8,22.4893104477612,-34.6136732673267,4.025
"770",76.9,22.4788850746269,-34.4824414414415,4.02501801801802
"771",77,22.4688195454545,-33.3545135135135,4.02591891891892
"772",77.1,22.4970468181818,-32.6941413043478,4.02402173913043
"773",77.2,22.4889757575758,-32.2029,4.02499
"774",77.3,22.4919642424242,-32.0306976744186,4.025
"775",77.4,22.4879945454545,-34.2246052631579,4.02592105263158
"776",77.5,22.4756090909091,-34.006980952381,4.026
"777",77.6,22.4676696969697,-33.7493365384615,4.026
"778",77.7,22.4631233333333,-33.356258064516,4.0249247311828
"779",77.8,22.4707708,-35.324,4.026
"780",77.9,22.4812604950495,-35.0570275229358,4.026
"781",78,22.4625137593985,-34.6386666666667,4.026
"782",78.1,22.4682054887218,-35.8588285714286,4.02402857142857
"783",78.2,22.4679951515152,-35.719780952381,4.02498095238095
"784",78.3,22.4580048,-35.1670582524272,4.025
"785",78.4,22.4464248,-36.6843428571429,4.02502857142857
"786",78.5,22.4664669924812,-36.7291047619048,4.02598095238095
"787",78.6,22.4419481954887,-35.9292075471699,4.026
"788",78.7,22.4354075,-36.7395849056603,4.026
"789",78.8,22.4623241666667,-36.9393495145631,4.02599029126214
"790",78.9,22.4641615,-36.4743009708738,4.02501941747573
"791",79,22.4734078947368,-36.7885192307692,4.02598076923077
"792",79.1,22.4624605263158,-37.1644807692308,4.02501923076923
"793",79.2,22.46931,-36.7307087378641,4.025
"794",79.3,22.45431,-36.2015825242718,4.025
"795",79.4,22.4406257575758,-36.8310900900901,4.02588288288288
"796",79.5,22.4529998507463,-36.3865161290323,4.026
"797",79.6,22.4716864179104,-36.4789,4.026
"798",79.7,22.4910383458647,-36.0706554621849,4.026
"799",79.8,22.4709030075188,-35.8362016806723,4.026
"800",79.9,22.4761090909091,-38.5424257425742,4.02305940594059
"801",80,22.4651944554455,-38.9081129032258,4.02598387096774
"802",80.1,22.4928176,-38.7194032258064,4.02437096774194
"803",80.2,22.5168423880597,-39.6500363636364,4.02501818181818
"804",80.3,22.5233573134328,-39.0018545454545,4.02592727272727
"805",80.4,22.4976509774436,-39.4189032258064,4.026
"806",80.5,22.5085908270677,-39.7363636363636,4.02486363636364
"807",80.6,22.5091614141414,-39.2,4.026
"808",80.7,22.4993009701493,-40.3673267326732,4.0250099009901
"809",80.8,22.4901741044776,-39.8265537190083,4.02502479338843
"810",80.9,22.5064344360902,-40.6116776859504,4.02585123966942
"811",81,22.5099306766917,-40.8117027027027,4.02798198198198
"812",81.1,22.5148533333333,-40.4468378378378,4.02708108108108
"813",81.2,22.5047373134328,-40.2784,4.02598
"814",81.3,22.5155955223881,-40.2488095238095,4.02501904761905
"815",81.4,22.5175202255639,-40.2392857142857,4.02597142857143
"816",81.5,22.5100841353383,-40.2031619047618,4.026
"817",81.6,22.503278,-41.7612571428571,4.026
"818",81.7,22.521346,-41.7818846153846,4.02506730769231
"819",81.8,22.5480432,-42.027185840708,4.025
"820",81.9,22.566119924812,-42.3457699115044,4.025
"821",82,22.5569319548872,-42.2794455445545,4.02674257425743
"822",82.1,22.5691048,-42.3441764705882,4.02614705882353
"823",82.2,22.5613128,-42.5251022727273,4.02406818181818
"824",82.3,22.5561335353535,-42.3747699115044,4.02571681415929
"825",82.4,22.545976119403,-42.7308181818182,4.026
"826",82.5,22.569423880597,-43.3507319587629,4.026
"827",82.6,22.5692702255639,-45.97592,4.02598
"828",82.7,22.5688341353383,-45.8394257425743,4.025
"829",82.8,22.5581975,-44.1238256880734,4.02499082568807
"830",82.9,22.5685091729323,-43.7063944954128,4.02407339449541
"831",83,22.5746369924812,-45.433329896907,4.024
"832",83.1,22.5758097744361,-46.8746796116505,4.02676699029126
"833",83.2,22.5762458646617,-47.18982,4.02502
"834",83.3,22.5801332,-48.1229908256881,4.02598165137615
"835",83.4,22.5750398496241,-48.6725321100917,4.02506422018349
"836",83.5,22.5706639097744,-49.0576355140187,4.02599065420561
"837",83.6,22.5848119548872,-49.1211869158879,4.02505607476636
"838",83.7,22.579999924812,-48.9934,4.025
"839",83.8,22.59028,-49.4948333333334,4.02403333333333
"840",83.9,22.5922571,-50.1781666666666,4.02736666666667
"841",84,22.5999524752475,-51.5404886363636,4.02707954545455
"842",84.1,22.5893705263158,-51.4664174757281,4.02609708737864
"843",84.2,22.5836863157895,-51.4375263157895,4.02505263157895
"844",84.3,22.6024004511278,-51.8937676767677,4.025
"845",84.4,22.5945282706767,-51.9409611650485,4.02593203883495
"846",84.5,22.5799224,-52.59024,4.02502
"847",84.6,22.5901198496241,-52.2674660194175,4.02598058252427
"848",84.7,22.5927439097744,-52.6907669902912,4.02500970873786
"849",84.8,22.5877254545455,-55.0871826923078,4.02595192307692
"850",84.9,22.5753845454545,-57.2218288288287,4.02514414414414
"851",85,22.5808988,-57.7433181818182,4.025
"852",85.1,22.5742224,-57.656932038835,4.025
"853",85.2,22.5574891089109,-57.6980545454545,4.026
"854",85.3,22.5612352272727,-57.8007818181818,4.026
"855",85.4,22.5731367424242,-57.942306122449,4.026
"856",85.5,22.5627068,-57.9044311926606,4.026
"857",85.6,22.5391552,-58.3728045977012,4.02502298850575
"858",85.7,22.5218548,-58.9687428571428,4.02505714285714
"859",85.8,22.5400693939394,-59.3058857142857,4.02791428571429
"860",85.9,22.5316906060606,-59.6886206896552,4.02696551724138
"861",86,22.5318158,-59.8196551724138,4.02524137931035
"862",86.1,22.5331614,-60.1198349514564,4.02598058252427
"863",86.2,22.5329758,-60.5615825242718,4.02500970873786
"864",86.3,22.5324860902256,-60.5965909090909,4.025
"865",86.4,22.5211101503759,-60.8556818181818,4.025
"866",86.5,22.5338245864662,-61.3455238095238,4.02599047619048
"867",86.6,22.5473809774436,-61.5979047619048,4.0250380952381
"868",86.7,22.5548864,-61.9357433628318,4.02503539823009
"869",86.8,22.5447424,-62.2729115044248,4.02680530973451
"870",86.9,22.5539812,-62.9000606060606,4.0250101010101
"871",87,22.5592898496241,-63.01092,4.02596
"872",87.1,22.5619139097744,-63.3614800000001,4.02404
"873",87.2,22.5619124,-63.91992,4.026
"874",87.3,22.566702,-63.731052631579,4.026
"875",87.4,22.5567884,-64.2836842105263,4.026
"876",87.5,22.5584396969697,-65.0549565217391,4.026
"877",87.6,22.5412503030303,-64.65086,4.02599
"878",87.7,22.5416759,-64.4303535353536,4.0249898989899
"879",87.8,22.5386834,-63.588779661017,4.02401694915254
"880",87.9,22.5577687,-63.8777627118644,4.02486440677966
"881",88,22.5493363157895,-64.18634,4.02498
"882",88.1,22.5480205263158,-64.4006607142857,4.02401785714286
"883",88.2,22.5421633333333,-64.4836964285714,4.02491071428571
"884",88.3,22.5359966666667,-65.0090588235294,4.02588235294118
"885",88.4,22.5581094,-65.2905151515152,4.026
"886",88.5,22.559592406015,-65.541,4.02598148148148
"887",88.6,22.5399006766917,-65.741,4.02505555555556
"888",88.7,22.5368025,-66.080081632653,4.02595918367347
"889",88.8,22.5610525,-66.422077669903,4.026
"890",88.9,22.5365345,-66.8429278350515,4.026
"891",89,22.5299689,-67.5341153846153,4.02794230769231
"892",89.1,22.5324094059406,-68.2398846153847,4.02505769230769
"893",89.2,22.5429839393939,-68.4418648648649,4.026
"894",89.3,22.5636960606061,-68.3851081081081,4.026
"895",89.4,22.567381010101,-69.280618556701,4.026
"896",89.5,22.5501538,-69.9331666666667,4.025
"897",89.6,22.5336157,-70.3415,4.025
"898",89.7,22.5494093181818,-70.4944807692307,4.025
"899",89.8,22.5485229545455,-70.7425576923077,4.025
"900",89.9,22.5363353535354,-71.0604,4.025
"901",90,22.5624644,-71.1056637168142,4.02572566371681
"902",90.1,22.5610554,-71.234988372093,4.026
"903",90.2,22.5556978195489,-71.36847,4.026
"904",90.3,22.5736301503759,-71.5247572815534,4.026
"905",90.4,22.5591243939394,-72.6004854368933,4.026
"906",90.5,22.5675031818182,-73.6882336448598,4.02799065420561
"907",90.6,22.5596655,-74.3115981308411,4.02705607476635
"908",90.7,22.5667275,-74.4984018691589,4.02501869158879
"909",90.8,22.5685704950495,-74.7385887850467,4.02688785046729
"910",90.9,22.5740260606061,-74.7418532110092,4.025
"911",91,22.5960639393939,-74.8345137614679,4.025
"912",91.1,22.5690741,-74.9345862068966,4.02599137931034
"913",91.2,22.5755278,-74.9932068965517,4.02512931034483
"914",91.3,22.5737374,-75.3365412844037,4.02577981651376
"915",91.4,22.5823062121212,-76.0097878787879,4.025
"916",91.5,22.5730486363636,-76.5816476190476,4.0250380952381
"917",91.6,22.5738293939394,-76.8140285714286,4.02694285714286
"918",91.7,22.5762416,-76.93732,4.02012
"919",91.8,22.5665264,-77.0615742574258,4.0260198019802
"920",91.9,22.5736669924812,-77.5882105263158,4.02699122807018
"921",92,22.5815391729323,-77.9092631578947,4.02611403508772
"922",92.1,22.5574879545455,-78.5117717391305,4.026
"923",92.2,22.5288288636364,-78.8316635514019,4.026
"924",92.3,22.5052493069307,-79.6591111111111,4.02511111111111
"925",92.4,22.4856639097744,-80.7791578947368,4.02593684210526
"926",92.5,22.4830398496241,-81.2527755102041,4.026
"927",92.6,22.5110517293233,-81.7799019607843,4.02600980392157
"928",92.7,22.5241795488722,-81.9700980392157,4.02699019607843
"929",92.8,22.5043017171717,-80.1835833333333,4.02516666666667
"930",92.9,22.4821202,-79.0762962962963,4.02696296296296
"931",93,22.4919594059406,-79.9911111111111,4.02511111111111
"932",93.1,22.4840196240601,-80.30128,4.026
"933",93.2,22.4682527067669,-80.62086,4.02598
"934",93.3,22.4956594949495,-81.2061747572816,4.02501941747573
"935",93.4,22.4993716,-81.4149126213592,4.02599029126214
"936",93.5,22.49255,-81.8520288461538,4.026
"937",93.6,22.5224823308271,-82.3815462962963,4.02160185185185
"938",93.7,22.5111063909774,-82.8601868131868,4.02482417582418
"939",93.8,22.5019022,-83.5180303030303,4.0259696969697
"940",93.9,22.5150916,-83.86734,4.02696
"941",94,22.5013544,-84.2348811881188,4.0250198019802
"942",94.1,22.5042728571429,-84.6295909090909,4.026
"943",94.2,22.5178442857143,-85.0886818181818,4.026
"944",94.3,22.5096799242424,-85.5998369565218,4.026
"945",94.4,22.5079147727273,-85.9094716981132,4.026
"946",94.5,22.5159385,-86.0611028037383,4.02209345794393
"947",94.6,22.5224393,-86.0162429906542,4.02676635514019
"948",94.7,22.5129262376238,-85.9789514563107,4.02607766990291
"949",94.8,22.5285729007634,-85.6566090909091,4.02500909090909
"950",94.9,22.5174660305344,-85.3175181818182,4.02591818181818
"951",95,22.5175807070707,-85.9003265306122,4.02602040816327
"952",95.1,22.5135082,-86.534,4.025
"953",95.2,22.539405,-87.4786601941748,4.02597087378641
"954",95.3,22.508475,-88.2247019230769,4.02599038461538
"955",95.4,22.4903916666667,-88.3953298969072,4.02503092783505
"956",95.5,22.5078081818182,-88.551,4.024
"957",95.6,22.5313248,-88.9209115044248,4.024
"958",95.7,22.5258084,-89.1793296703297,4.02686813186813
"959",95.8,22.5106856716418,-89.442568,4.025008
"960",95.9,22.4807155223881,-89.799368,4.025808
"961",96,22.4602161363636,-90.073347826087,4.02517391304348
"962",96.1,22.4791934090909,-90.4099302325582,4.025
"963",96.2,22.4981601010101,-90.5395,4.02594230769231
"964",96.3,22.5037915037594,-90.8871904761905,4.02510476190476
"965",96.4,22.5243554135338,-91.0882818181818,4.02500909090909
"966",96.5,22.52827,-91.2164636363636,4.02591818181818
"967",96.6,22.51427,-91.5404020618557,4.026
"968",96.7,22.5239490909091,-91.8672079207921,4.0240099009901
"969",96.8,22.536947029703,-92.088,4.025
"970",96.9,22.5436196,-92.4461818181818,4.02590909090909
"971",97,22.5243730075188,-92.8453504273504,4.026
"972",97.1,22.5235008270677,-93.1803931623932,4.026
"973",97.2,22.5205618181818,-93.6029072164948,4.02513402061856
"974",97.3,22.5161292079208,-94.0697419354839,4.02593548387097
"975",97.4,22.5183888,-94.6005742574257,4.02413861386139
"976",97.5,22.5229178195489,-95.1407524752475,4.024
"977",97.6,22.5268501503759,-95.337046728972,4.02657943925234
"978",97.7,22.5230509090909,-95.7841348314606,4.02413483146067
"979",97.8,22.5080997029703,-96.2810309278351,4.0259793814433
"980",97.9,22.5131045454545,-96.4813243243243,4.026
"981",98,22.4940074626866,-95.2342072072073,4.025
"982",98.1,22.4987835820896,-94.5549279279279,4.025
"983",98.2,22.5055161654135,-94.651347826087,4.025
"984",98.3,22.5033281954887,-95.6303773584906,4.02684905660377
"985",98.4,22.4991336363636,-96.5061219512195,4.02543902439024
"986",98.5,22.4875067,-96.961,4.023
"987",98.6,22.480075049505,-97.6002978723404,4.026
"988",98.7,22.4856754887218,-98.362,4.026
"989",98.8,22.4799837593985,-99.158,4.025
"990",98.9,22.47976,-100.328192307692,4.02596153846154
"991",99,22.4846509,-101.138339805825,4.026
"992",99.1,22.4717452,-101.563342857143,4.02511428571429
"993",99.2,22.4782942857143,-101.779263736264,4.02596703296703
"994",99.3,22.4953694736842,-102.00913592233,4.02317475728155
"995",99.4,22.4800071717172,-102.411343434343,4.02679797979798
"996",99.5,22.4764266336634,-102.664844660194,4.02500970873786
"997",99.6,22.4925074747475,-102.949310679612,4.02598058252427
"998",99.7,22.5115749253731,-103.320801980198,4.02405940594059
"999",99.8,22.4846495522388,-103.61039,4.02594
"1000",99.9,22.4716371428571,-103.581043478261,4.026
"1001",100,22.4506221052632,-103.687795918367,4.026
"1002",100.1,22.4725871717172,-103.740461538462,4.026
"1003",100.2,22.4723834328358,-103.64349,4.026
"1004",100.3,22.4619505970149,-103.695913461538,4.02689423076923
"1005",100.4,22.4610606015038,-103.630863157895,4.02418947368421
"1006",100.5,22.4842636090226,-103.457377358491,4.02599056603774
"1007",100.6,22.4892913131313,-103.495113207547,4.02504716981132
"1008",100.7,22.4999500990099,-103.501421052632,4.026
"1009",100.8,22.50882,-103.713,4.026
"1010",100.9,22.5086528571429,-105.299111111111,4.02507407407407
"1011",101,22.5077731578947,-106.900787878788,4.025
"1012",101.1,22.4980075,-108.59865,4.02593
"1013",101.2,22.4948211,-108.934386138614,4.02415841584158
"1014",101.3,22.4890686868687,-108.97285106383,4.0226170212766
"1015",101.4,22.4937969924812,-109.042,4.029
"1016",101.5,22.4797819548872,-109.142242990654,4.02400934579439
"1017",101.6,22.48728,-109.366542056075,4.02494392523364
"1018",101.7,22.497756,-109.743346153846,4.02590384615385
"1019",101.8,22.4961565656566,-110.248276595745,4.026
"1020",101.9,22.5064058208955,-110.663472727273,4.026
"1021",102,22.4977192537313,-110.929210526316,4.02509473684211
"1022",102.1,22.4990727819549,-110.688260869565,4.02591304347826
"1023",102.2,22.5056366917293,-110.835,4.027
"1024",102.3,22.5017884,-111.971,4.019
"1025",102.4,22.4870225,-112.343,4.026
"1026",102.5,22.4846799,-112.867074074074,4.026
"1027",102.6,22.4682328571429,-113.553,4.026
"1028",102.7,22.4660373684211,-113.889113207547,4.026
"1029",102.8,22.4516416,-114.279947368421,4.026
"1030",102.9,22.4607394,-115.101,4.026
"1031",103,22.46123,-115.510174311927,4.026
"1032",103.1,22.4690540601504,-116.304573913043,4.026
"1033",103.2,22.4681743609023,-116.561965217391,4.026
"1034",103.3,22.482034,-117.157129032258,4.0249247311828
"1035",103.4,22.471786,-116.941,4.026
"1036",103.5,22.492284,-117.495901960784,4.02796078431372
"1037",103.6,22.476417593985,-118.18908,4.02506
"1038",103.7,22.4716055639098,-118.836695652174,4.02599130434783
"1039",103.8,22.4818301503759,-119.020674418605,4.02483720930233
"1040",103.9,22.4691309022556,-118.273,4.026
"1041",104,22.458746,-117.502914529915,4.026
"1042",104.1,22.4753131578947,-118.631755555556,4.02692222222222
"1043",104.2,22.4766289473684,-118.471463917526,4.0250824742268
"1044",104.3,22.4816284848485,-120.270036363636,4.02587272727273
"1045",104.4,22.5116209090909,-119.568369565217,4.026
"1046",104.5,22.486,-121.2605,4.02401886792453
"1047",104.6,22.489486,-120.7105,4.02590566037736
"1048",104.7,22.5591167326733,-120.26215,4.026
"1049",104.8,22.5536506060606,-123.8152,4.026
"1050",104.9,22.5690748484848,-122.5573,4.02598
"1051",105,22.567708,-122.897902439024,4.0250162601626
"1052",105.1,22.566776,-124.493024390244,4.02582926829268
"1053",105.2,22.558396,-123.5017875,4.026
"1054",105.3,22.5841963636364,-122.781724770642,4.02601834862385
"1055",105.4,22.5828781818182,-126.254201834863,4.02785321100917
"1056",105.5,22.5646805,-125.921048543689,4.02532038834951
"1057",105.6,22.5717006,-124.921056603774,4.02583962264151
"1058",105.7,22.5678341,-125.69006060606,4.026
"1059",105.8,22.5758268421053,-126.756138613861,4.026
"1060",105.9,22.5679546616541,-125.86539,4.026
"1061",106,22.5849236842105,-125.22927,4.02602
"1062",106.1,22.6120364661654,-127.063057377049,4.02797540983606
"1063",106.2,22.577712,-129.568795081967,4.02551639344262
"1064",106.3,22.56236,-129.442842105263,4.02494736842105
"1065",106.4,22.56236,-128.486,4.026
"1066",106.5,22.5905852631579,-129.378307692308,4.0251452991453
"1067",106.6,22.5892769924812,-129.983535714286,4.0259880952381
"1068",106.7,22.584682,-129.11296,4.026
"1069",106.8,22.5710273,-128.3958,4.026
"1070",106.9,22.552136039604,-129.3858,4.026
"1071",107,22.5278521212121,-130.441387096774,4.02501075268817
"1072",107.1,22.5124127272727,-129.457240384615,4.02404807692308
"1073",107.2,22.5075504,-128.850706422018,4.02501834862385
"1074",107.3,22.4896811,-129.236027522936,4.02593577981651
"1075",107.4,22.5200999,-132.216611111111,4.026
"1076",107.5,22.50998,-131.596947368421,4.026
"1077",107.6,22.50998,-130.487428571429,4.026
"1078",107.7,22.5018672727273,-130.29935,4.026
"1079",107.8,22.5195036363636,-135.171301587302,4.026
"1080",107.9,22.5286316,-133.90146031746,4.026
"1081",108,22.5372710526316,-132.699017241379,4.02598275862069
"1082",108.1,22.525895112782,-132.099879310345,4.02512068965517
"1083",108.2,22.5429586363636,-133.974108910891,4.0249801980198
"1084",108.3,22.553095,-136.690158878505,4.02401869158879
"1085",108.4,22.5403713,-135.506046728972,4.02588785046729
"1086",108.5,22.5356427,-134.684752212389,4.026
"1087",108.6,22.5507851485149,-133.972362831858,4.026
"1088",108.7,22.5556727272727,-134.422066666667,4.02501111111111
"1089",108.8,22.5455363636364,-134.816733944954,4.025
"1090",108.9,22.532304949495,-133.855897959184,4.02683673469388
"1091",109,22.5268763,-133.189553191489,4.02602127659574
"1092",109.1,22.5461607,-132.48844,4.02598
"1093",109.2,22.5421897727273,-133.9869,4.02498
"1094",109.3,22.5320458333333,-136.710323809524,4.02401904761905
"1095",109.4,22.5221836363636,-135.924989690722,4.02496907216495
"1096",109.5,22.545148,-135.192,4.026
"1097",109.6,22.5460436,-134.70358,4.02501
"1098",109.7,22.5310386466165,-135.495202020202,4.0259898989899
"1099",109.8,22.5288506766917,-139.50984,4.025
"1100",109.9,22.5293688636364,-138.360881188119,4.025
"1101",110,22.5496491666667,-137.653190909091,4.02500909090909
"1102",110.1,22.553272,-136.772281818182,4.02591818181818
"1103",110.2,22.5444452631579,-136.926308510638,4.02696808510638
"1104",110.3,22.5505655639098,-141.266346534654,4.02315841584158
"1105",110.4,22.5481913636364,-140.409114285714,4.02574285714286
"1106",110.5,22.5777216666667,-139.275818181818,4.026
"1107",110.6,22.5755428,-138.566727272727,4.026
"1108",110.7,22.5771574,-138.02834,4.025
"1109",110.8,22.5799694059406,-140.944098360656,4.02503278688525
"1110",110.9,22.5868815789474,-141.349016393443,4.02667213114754
"1111",111,22.5873176691729,-140.680337078652,4.02610112359551
"1112",111.1,22.5816372727273,-139.963555555556,4.02507407407407
"1113",111.2,22.5722898019802,-139.341333333333,4.02877777777778
"1114",111.3,22.5902042424242,-142.821420168067,4.026
"1115",111.4,22.5542323880597,-142.542428571429,4.026
"1116",111.5,22.5490159701493,-141.711913043478,4.02509782608696
"1117",111.6,22.5745912121212,-140.890378947368,4.02595789473684
"1118",111.7,22.5698189108911,-140.142363636364,4.0250303030303
"1119",111.8,22.5704327272727,-146.126429752066,4.02501652892562
"1120",111.9,22.5510073134328,-146.369404958678,4.0266694214876
"1121",112,22.5523132835821,-145.485252747253,4.02436263736264
"1122",112.1,22.5681591729323,-144.63521,4.02489
"1123",112.2,22.5786554135338,-143.944776595745,4.02784042553191
"1124",112.3,22.5702638,-143.446245098039,4.02613725490196
"1125",112.4,22.5645202,-151.221159292035,4.02500884955752
"1126",112.5,22.5794711881188,-149.737088495575,4.02589380530973
"1127",112.6,22.5810892481203,-148.327916666667,4.02508333333333
"1128",112.7,22.5845854887218,-147.371944444445,4.026
"1129",112.8,22.5814332653061,-146.666388888889,4.026
"1130",112.9,22.5545686,-145.998265306122,4.02789795918367
"1131",113,22.5487052,-146.362129629629,4.02798148148148
"1132",113.1,22.5699516541353,-155.568611111111,4.02705555555556
"1133",113.2,22.5489591729323,-153.831579439252,4.02699065420561
"1134",113.3,22.5475533333333,-152.489523364486,4.02605607476635
"1135",113.4,22.5468483168317,-151.491689655172,4.026
"1136",113.5,22.5728333333333,-150.381358490566,4.02599056603774
"1137",113.6,22.5620735338346,-149.81720754717,4.02504716981132
"1138",113.7,22.550697593985,-148.825967741935,4.026
"1139",113.8,22.5769245864662,-154.655,4.026
"1140",113.9,22.5611727067669,-157.055793650794,4.026
"1141",114,22.5821922,-156.280651685393,4.02350561797753
"1142",114.1,22.5830242105263,-154.928956521739,4.02761956521739
"1143",114.2,22.5650918796992,-154.113132653061,4.02515306122449
"1144",114.3,22.5579288636364,-153.231913978495,4.026
"1145",114.4,22.5645425,-152.576,4.026
"1146",114.5,22.5745744444444,-151.915814814815,4.02507407407407
"1147",114.6,22.5584143564356,-151.363872340426,4.02506382978723
"1148",114.7,22.561301,-150.566,4.024
"1149",114.8,22.5726145864662,-161.727904761905,4.02685714285714
"1150",114.9,22.5848627067669,-163.4735,4.02793137254902
"1151",115,22.5582855555556,-162.199804878049,4.025
"1152",115.1,22.5364906930693,-160.812,4.025
"1153",115.2,22.55104,-159.950795918367,4.02497959183674
"1154",115.3,22.5709994776119,-159.261,4.026
"1155",115.4,22.573171119403,-158.501,4.025
"1156",115.5,22.5986438,-158.062467889908,4.025
"1157",115.6,22.5861764,-157.12906,4.026
"1158",115.7,22.5793577777778,-157.874879999999,4.026
"1159",115.8,22.5886517777778,-172.291991596639,4.02599159663866
"1160",115.9,22.5740073333333,-169.791151260504,4.0251512605042
"1161",116,22.5594745864662,-167.9716,4.02591111111111
"1162",116.1,22.5437227067669,-166.65587,4.02501
"1163",116.2,22.5598724242424,-165.646790476191,4.026
"1164",116.3,22.576050990099,-165.029583333333,4.026
"1165",116.4,22.5876231,-164.315,4.026
"1166",116.5,22.5806357894737,-163.543,4.026
"1167",116.6,22.5845681203008,-163.014539325843,4.02587640449438
"1168",116.7,22.5885027272727,-162.646,4.027
"1169",116.8,22.5840342,-166.769364485982,4.02419626168224
"1170",116.9,22.5809733333333,-175.51237113402,4.02783505154639
"1171",117,22.5967567669173,-174.037657894737,4.02301754385965
"1172",117.1,22.5945687969925,-172.903447368421,4.02477192982456
"1173",117.2,22.6015663,-172.040752212389,4.02576991150443
"1174",117.3,22.5906316831683,-171.126648351648,4.0249010989011
"1175",117.4,22.6013333333333,-170.375,4.026
"1176",117.5,22.5911938059701,-169.701548672566,4.02511504424779
"1177",117.6,22.5825147014925,-169.101579439252,4.02501869158879
"1178",117.7,22.5789405263158,-168.759523364486,4.02688785046729
"1179",117.8,22.5776247368421,-168.421837209303,4.02698449612403
"1180",117.9,22.5814277777778,-176.264111111111,4.025
"1181",118,22.5846264179104,-181.553,4.025
"1182",118.1,22.5650891044776,-179.679,4.026
"1183",118.2,22.5739603007519,-178.168,4.026
"1184",118.3,22.5813963909774,-177.222222222222,4.025
"1185",118.4,22.5685713,-176.41,4.025
"1186",118.5,22.5796201,-175.529777777778,4.02599074074074
"1187",118.6,22.5853834,-174.807555555555,4.02506481481482
"1188",118.7,22.5608890977444,-174.355314814815,4.02799074074074
"1189",118.8,22.5595808270677,-173.986796296296,4.02706481481481
"1190",118.9,22.5666628,-173.74597,4.02501
"1191",119,22.5583693,-181.61328,4.026
"1192",119.1,22.5646235,-186.475892857143,4.02599107142857
"1193",119.2,22.5772558646617,-184.865178571429,4.02509821428571
"1194",119.3,22.5737596240602,-183.45795,4.02599
"1195",119.4,22.5639427,-182.356457627119,4.02500847457627
"1196",119.5,22.5407848,-181.599759036145,4.02620481927711
"1197",119.6,22.5415685,-180.86,4.025
"1198",119.7,22.5583035338346,-180.271403508772,4.02412280701754
"1199",119.8,22.560927593985,-179.725709677419,4.0249247311828
"1200",119.9,22.543144887218,-179.810461538461,4.02753846153846
"1201",120,22.5479569172932,-178.812,4.026
"1202",120.1,22.5526386,-178.451316239316,4.026
"1203",120.2,22.5576559,-181.926563218391,4.026
"1204",120.3,22.5539622,-189.057744680851,4.026
"1205",120.4,22.5394135338346,-187.312,4.026
"1206",120.5,22.556037593985,-186.446,4.025
"1207",120.6,22.5614591,-185.285,4.028
"1208",120.7,22.5649015,-184.552777777778,4.025
"1209",120.8,22.5739459,-183.515,4.025
"1211",121,22.6136743181818,-182.379067307692,4.026
"1212",121.1,22.6007936,-181.893670103093,4.026
"1213",121.2,22.610542,-181.138,4.026
"1214",121.3,22.6150996,-190.826208333334,4.02495833333333
"1215",121.4,22.6085142105263,-196.346,4.026
"1216",121.5,22.6141984210526,-194.207,4.026
"1217",121.6,22.5963439849624,-192.717959183673,4.03012244897959
"1218",121.7,22.6046522556391,-191.97,4.024
"1219",121.8,22.5990112,-191.073,4.026
"1220",121.9,22.5945976691729,-190.297,4.027
"1221",122,22.6007179699248,-189.564,4.025
"1222",122.1,22.6024156818182,-188.625,4.026
"1223",122.2,22.5944838636364,-194.103260869565,4.026
"1224",122.3,22.6091684,-205.083541666666,4.026
"1225",122.4,22.6055836,-202.645,4.026
"1226",122.5,22.5888142574257,-201.304405940594,4.026
"1227",122.6,22.5755617293233,-200.10939,4.02403
"1228",122.7,22.5545692481203,-199.053166666667,4.02699122807018
"1229",122.8,22.5496142,-198.469833333333,4.02611403508772
"1230",122.9,22.5360366,-197.771466666667,4.02503333333333
"1231",123,22.5366618,-197.17936036036,4.02587387387387
"1232",123.1,22.5422764393939,-196.646326923077,4.026
"1233",123.2,22.5510870454545,-207.376976190475,4.026
"1234",123.3,22.5340209090909,-207.621970873786,4.026
"1235",123.4,22.53093,-205.961188679245,4.026
"1236",123.5,22.5309325,-204.201230769231,4.026
"1237",123.6,22.5268911278195,-203.18502,4.02502
"1238",123.7,22.5106956390977,-202.20807,4.026
"1239",123.8,22.5163354545455,-201.516163934426,4.02599180327869
"1240",123.9,22.5379415151515,-200.932557377049,4.02517213114754
"1241",124,22.543158,-202.820111111111,4.025
"1242",124.1,22.5333576,-210.62851,4.025
"1243",124.2,22.5381693069307,-209.862815533981,4.0258640776699
"1244",124.3,22.5409310606061,-208.421591397849,4.0250752688172
"1245",124.4,22.5413704545455,-207.171705882353,4.025
"1246",124.5,22.53538,-206.1773,4.02591
"1247",124.6,22.5672464,-205.526195652174,4.02402173913043
"1248",124.7,22.5846736,-204.670707070707,4.026
"1249",124.8,22.5879222556391,-212.8,4.026
"1250",124.9,22.5756816541353,-211.279090909091,4.02509090909091
"1251",125,22.5816624242424,-209.841255319149,4.025
"1252",125.1,22.5931896,-208.787,4.025
"1253",125.2,22.6022864,-207.837943396226,4.02405660377358
"1254",125.3,22.5968344360902,-206.98952,4.024
"1255",125.4,22.5998945864662,-213.790340206186,4.0259381443299
"1256",125.5,22.5858918181818,-213.806451612903,4.0249247311828
"1257",125.6,22.5845660606061,-212.5,4.026
"1258",125.7,22.5865548,-211.514150943396,4.026
"1259",125.8,22.6035055639098,-210.563453608247,4.026
"1260",125.9,22.6004454135338,-211.120092436975,4.026
"1261",126,22.5866809090909,-218.495804878049,4.026
"1262",126.1,22.581393030303,-216.258,4.026
"1263",126.2,22.5634348484848,-215.228741573034,4.02612359550562
"1264",126.3,22.5563925,-214.422,4.025
"1265",126.4,22.5494452475248,-213.358,4.022
"1266",126.5,22.5433988721805,-219.258970873786,4.02102912621359
"1267",126.6,22.5565191729323,-219.111346938775,4.02495918367347
"1268",126.7,22.5746414141414,-217.838134615385,4.02404807692308
"1269",126.8,22.5907432,-216.669625,4.02597916666667
"1270",126.9,22.609104,-215.613947368421,4.026
"1271",127,22.6090670676692,-220.195,4.026
"1272",127.1,22.6291798496241,-221.164765957447,4.026
"1273",127.2,22.6012296969697,-219.802,4.026
"1274",127.3,22.6010025742574,-218.729,4.025
"1275",127.4,22.6143533333333,-220.41523853211,4.02591743119266
"1276",127.5,22.620739924812,-221.389821782178,4.0230297029703
"1277",127.6,22.6216196240602,-219.972,4.026
"1278",127.7,22.6186628571429,-218.693333333333,4.02719047619048
"1279",127.8,22.6112342857143,-221.185,4.026
"1280",127.9,22.6090375,-224.438731343284,4.026
"1281",128,22.57966,-224.405353535354,4.0249898989899
"1282",128.1,22.6068405940594,-223.27,4.026
"1283",128.2,22.6139484210526,-222.833157894737,4.026
"1284",128.3,22.6253168421053,-226.477287128713,4.026
"1285",128.4,22.6236217171717,-225.306,4.026
"1287",128.6,22.6180516,-224.163483050847,4.02599152542373
"1288",128.7,22.5964555639098,-226.911788135593,4.02514406779661
"1289",128.8,22.6003954135338,-226.33967,4.02501
"1290",128.9,22.5882739393939,-225.62487962963,4.026
"1291",129,22.587375,-226.712842592593,4.026
"1292",129.1,22.5923175,-227.5695,4.026
"1293",129.2,22.590894887218,-226.83616,4.02599
"1294",129.3,22.5887144360902,-227.736445544554,4.0250099009901
"1295",129.4,22.5791045454545,-227.081,4.026
"1296",129.5,22.5879227272727,-228.433,4.026
"1297",129.6,22.5926025,-228.548,4.026
"1298",129.7,22.5922810526316,-228.367230769231,4.02696153846154
"1299",129.8,22.5909652631579,-228.473032258065,4.025
"1300",129.9,22.584864962406,-228.244,4.025
"1301",130,22.5888048120301,-228.514445544554,4.026
"1303",130.2,22.602162970297,-229.20147008547,4.02600854700855
"1304",130.3,22.611215,-229.548478632479,4.02686324786325
"1305",130.4,22.6014987969925,-229.815298969072,4.02526804123711
"1306",130.5,22.5835739849624,-230.711785714286,4.02577678571429
"1307",130.6,22.5825618181818,-231.328548387097,4.02438709677419
"1308",130.7,22.5834493069307,-232.199376470588,4.024
"1309",130.8,22.5784721212121,-234.132805309735,4.02571681415929
"1310",130.9,22.5699409701493,-235.391752941176,4.026
"1311",131,22.5816648507463,-236.670291262136,4.02500970873786
"1312",131.1,22.5731225,-237.199417475728,4.02598058252427
"1313",131.2,22.5539225,-237.206786885246,4.02519672131148
"1314",131.3,22.5409775,-236.800666666667,4.02597435897436
"1315",131.4,22.5292820895522,-237.161212121212,4.026
"1316",131.5,22.5436104477612,-240.129294117647,4.026
"1317",131.6,22.5469359398496,-241.514,4.026
"1318",131.7,22.5434396992481,-242.956477876107,4.02511504424779
"1319",131.8,22.53251,-245.429319587629,4.0258969072165
"1320",131.9,22.5331416,-246.212769230769,4.026
"1321",132,22.5310716,-245.595594594595,4.026
"1322",132.1,22.5270033082707,-245.574669565217,4.02513913043478
"1323",132.2,22.5081837593985,-246.924225806452,4.025
"1324",132.3,22.5114836363636,-249.552,4.02586666666667
"1325",132.4,22.5254025,-250.985545454545,4.02502272727273
"1326",132.5,22.5358686868687,-251.183045045045,4.02676576576577
"1327",132.6,22.5348413432836,-252.649409090909,4.02601136363636
"1328",132.7,22.5409234328358,-253.5174,4.026
"1329",132.8,22.513185,-253.456333333333,4.026
"1330",132.9,22.5080997029703,-253.212493827161,4.026
"1331",133,22.5139512121212,-252.752,4.026
"1332",133.1,22.5403920300752,-252.305448275862,4.02341379310345
"1333",133.2,22.5456401503759,-252.545294117647,4.02497647058824
"1334",133.3,22.562174962406,-254.3574,4.02594285714286
"1335",133.4,22.5591148120301,-257.656100917432,4.0251376146789
"1336",133.5,22.5677133333333,-258.682673469388,4.02702040816327
"1337",133.6,22.5606971641791,-258.449,4.026
"1338",133.7,22.5819658208955,-258.437888888889,4.026
"1339",133.8,22.5721070454545,-258.903161616162,4.026
"1340",133.9,22.5901752272727,-259.087,4.026
"1341",134,22.599015959596,-258.949608695652,4.02513043478261
"1342",134.1,22.6086359405941,-259.409689655172,4.025
"1343",134.2,22.5844184,-259.992038461538,4.02311538461538
"1344",134.3,22.578373880597,-260.658595959596,4.0259696969697
"1345",134.4,22.5683888059701,-260.799,4.029
"1346",134.5,22.575155,-260.541574257426,4.0250396039604
"1347",134.6,22.567155,-260.599853211009,4.025
"1348",134.7,22.5593019191919,-261.826739130435,4.026
"1349",134.8,22.5648682222222,-263.205,4.026
"1350",134.9,22.581246,-264.349554455446,4.026
"1351",135,22.5912975,-264.945875,4.02495833333333
"1352",135.1,22.55057,-265.474,4.026
"1353",135.2,22.5392784848485,-266.197762376238,4.026
"1354",135.3,22.5548717910448,-267.15342,4.02501
"1355",135.4,22.5596479104478,-267.807862385321,4.02590825688073
"1356",135.5,22.5530964661654,-268.254290322581,4.02503225806452
"1357",135.6,22.5443521052632,-268.404892156863,4.025
"1358",135.7,22.5494908080808,-268.859291666667,4.025
"1359",135.8,22.5702328,-269.334485714286,4.02594285714286
"1360",135.9,22.5590736,-269.586621052632,4.02501052631579
"1361",136,22.5495233834586,-270.23052,4.02401
"1362",136.1,22.5359594736842,-270.991540540541,4.02578378378378
"1363",136.2,22.552753,-271.48872631579,4.02507368421053
"1364",136.3,22.5677554,-272.009028571429,4.02145714285714
"1365",136.4,22.5831716161616,-272.021978947368,4.02470526315789
"1366",136.5,22.5962429104478,-270.711530612245,4.026
"1367",136.6,22.6096981343284,-270.635,4.026
"1368",136.7,22.6020978,-271.066173913043,4.02599130434783
"1369",136.8,22.5946486138614,-271.683565217391,4.02512173913044
"1370",136.9,22.6019721212121,-272.045590909091,4.025
"1371",137,22.6215520895522,-272.635627272727,4.02599090909091
"1372",137.1,22.6232908955224,-273.198354545454,4.02508181818182
"1373",137.2,22.6140872932331,-273.876528301887,4.02500943396226
"1374",137.3,22.6005384210526,-274.029358490566,4.02595283018868
"1375",137.4,22.5895612,-274.248,4.02699107142857
"1376",137.5,22.6009767669173,-275.248,4.02609821428571
"1377",137.6,22.6018489473684,-276.267347826087,4.026
"1378",137.7,22.5967439849624,-276.689803921569,4.026
"1379",137.8,22.6142402255639,-277.111017699115,4.026
"1380",137.9,22.6082365,-277.8245,4.02625
"1381",138,22.6062936,-279.207,4.025
"1382",138.1,22.619740990099,-280.50075,4.025
"1383",138.2,22.6090598496241,-281.96585,4.025
"1384",138.3,22.6007515789474,-282.442980769231,4.02500961538462
"1385",138.4,22.6027758,-282.141057692308,4.02597115384615
"1386",138.5,22.5979788,-282.615186915888,4.026
"1387",138.6,22.591327,-283.732920792079,4.0259900990099
"1389",138.8,22.6036905263158,-285.137745614035,4.02599122807018
"1390",138.9,22.5745241414141,-285.613781609195,4.02485057471264
"1391",139,22.5698493,-286.077,4.026
"1392",139.1,22.5927717,-288.245170212766,4.027
"1393",139.2,22.6054194736842,-289.609,4.027
"1394",139.3,22.6097878947368,-289.849740740741,4.02422222222222
"1395",139.4,22.6058613636364,-290.286123595506,4.02612359550562
"1396",139.5,22.605421969697,-290.985,4.025
"1397",139.6,22.6084542,-291.701159292035,4.026
"1398",139.7,22.5984691,-292.217088495575,4.026
"1399",139.8,22.5973710891089,-292.969391752577,4.02509278350515
"1400",139.9,22.5918765151515,-293.672638554217,4.02761445783133
"1401",140,22.6002477272727,-293.663,4.024
"1402",140.1,22.6016946,-294.232446808511,4.026
"1403",140.2,22.5880675,-295.725,4.026
"1404",140.3,22.5864768,-296.84,4.025
"1405",140.4,22.5809060150376,-297.830384615385,4.02596153846154
"1406",140.5,22.5634097744361,-298.596461538461,4.026
"1407",140.6,22.5398115,-299.713083333333,4.026
"1408",140.7,22.5329592,-301.079303030303,4.026
"1409",140.8,22.5425236,-302.549,4.026
"1410",140.9,22.544372481203,-302.46,4.027
"1411",141,22.5574927819549,-302.423366336634,4.027
"1412",141.1,22.5633947368421,-302.893120689655,4.02698275862069
"1413",141.2,22.5380187969925,-303.305189655172,4.02525862068966
"1414",141.3,22.5353379,-301.53896969697,4.026
"1415",141.4,22.5323462406015,-299.442,4.026
"1416",141.5,22.5354063909774,-300.297,4.026
"1417",141.6,22.5387356818182,-301.197,4.025
"1418",141.7,22.5590159848485,-301.794196261682,4.02593457943925
"1419",141.8,22.551744,-302.054127272727,4.02346363636364
"1420",141.9,22.5336836,-302.42268,4.02715
"1421",142,22.5231115841584,-302.548373626374,4.02617582417582
"1422",142.1,22.5202877443609,-303.049714285714,4.02502040816327
"1423",142.2,22.5067238345865,-303.714,4.024
"1424",142.3,22.5149153535354,-304.480055045872,4.02583486238532
"1425",142.4,22.5181451,-305.516831775701,4.02514953271028
"1426",142.5,22.5323328,-306.039612903226,4.0260752688172
"1427",142.6,22.5420115037594,-306.188,4.025
"1428",142.7,22.546387443609,-306.325254901961,4.02598039215686
"1429",142.8,22.5528863636364,-306.230240963855,4.02559036144578
"1430",142.9,22.5530236,-307.17,4.028
"1431",143,22.5705012,-308.485462962963,4.02599074074074
"1432",143.1,22.5732542105263,-309.854569892473,4.0249247311828
"1433",143.2,22.5456978195489,-310.875,4.026
"1434",143.3,22.5479910526316,-311.017,4.026
"1435",143.4,22.5444948120301,-311.320703703704,4.026
"1436",143.5,22.5778352,-311.173589473684,4.026
"1437",143.6,22.5672672,-310.853534653466,4.0260099009901
"1438",143.7,22.5462867326733,-310.207,4.027
"1439",143.8,22.5515792481203,-309.917891089109,4.0260099009901
"1440",143.9,22.5633912781955,-309.716208,4.022832
"1441",144,22.5696563636364,-309.787333333333,4.02496
"1442",144.1,22.5683832,-310.190351351351,4.025
"1443",144.2,22.5614728,-311.881357894737,4.025
"1444",144.3,22.5605168421053,-312.328752475248,4.025
"1445",144.4,22.5705769924812,-312.515591836735,4.0259387755102
"1446",144.5,22.5734609090909,-312.866082568807,4.02500917431193
"1447",144.6,22.6111488,-313.062043478261,4.026
"1448",144.7,22.62694,-313.424,4.026
"1449",144.8,22.6478768421053,-313.829825242719,4.026
"1450",144.9,22.6583655639098,-314.454909090909,4.0270101010101
"1451",145,22.6787736842105,-315.064,4.026
"1452",145.1,22.6626082706767,-315.90622,4.02699
"1453",145.2,22.6564515151515,-316.925757009346,4.026
"1454",145.3,22.6438557462687,-317.701457943925,4.026
"1455",145.4,22.6421169402985,-318.128634146341,4.02621951219512
"1456",145.5,22.6496043609023,-318.914,4.025
"1457",145.6,22.6356193984962,-319.421,4.026
"1458",145.7,22.6465437373737,-319.828911392405,4.02453164556962
"1459",145.8,22.6508664705882,-320.396,4.022
"1460",145.9,22.6696438,-321.098,4.026
"1461",146,22.6499512686567,-321.988517241379,4.026
"1462",146.1,22.6555855970149,-323.129352941176,4.02482352941177
"1463",146.2,22.6443408080808,-323.927,4.026
"1464",146.3,22.658726,-324.107585585586,4.025
"1465",146.4,22.62935,-324.266144144144,4.025
"1466",146.5,22.6325404477612,-324.198323232323,4.025
"1467",146.6,22.665077761194,-323.966,4.025
"1468",146.7,22.662338,-323.95,4.026
"1469",146.8,22.6464964,-324.483644859813,4.02693457943925
"1470",146.9,22.6139926262626,-324.772186915888,4.02873831775701
"1471",147,22.60482,-324.63887755102,4.02461224489796
"1472",147.1,22.60482,-322.858744680851,4.02587234042553
"1473",147.2,22.5814039097744,-321.946098039216,4.026
"1474",147.3,22.5849001503759,-321.555901960784,4.026
"1475",147.4,22.582867979798,-321.752414634146,4.026
"1476",147.5,22.5890497029703,-322.398517241379,4.02512643678161
"1477",147.6,22.5918636,-322.965189189189,4.026
"1478",147.7,22.5777868421053,-323.098111111111,4.02577777777778
"1479",147.8,22.5664184210526,-323.077,4.028
"1480",147.9,22.5680131313131,-323.5194,4.028
"1481",148,22.5687586138614,-325.093414634146,4.02525609756098
"1482",148.1,22.5765981818182,-327.410553191489,4.02598936170213
"1483",148.2,22.5906419548872,-329.752176991151,4.02512389380531
"1484",148.3,22.595890075188,-331.0604,4.02578181818182
"1485",148.4,22.5975880808081,-332.837011764706,4.02510588235294
"1486",148.5,22.5985865346535,-334.807793814433,4.0259381443299
"1487",148.6,22.6032763636364,-335.488021052632,4.026
"1488",148.7,22.6170156716418,-335.369048543689,4.02503883495146
"1489",148.8,22.6270007462687,-335.368705882353,4.02594117647059
"1490",148.9,22.63215,-336.312650485437,4.026
"1491",149,22.63215,-337.133255813953,4.026
"1492",149.1,22.60191,-337.71,4.026
"1493",149.2,22.6074481343284,-337.214761904762,4.026
"1494",149.3,22.6265451492537,-337.168366336634,4.02505940594059
"1495",149.4,22.6471757575758,-337.465821052632,4.025
"1496",149.5,22.6344106060606,-337.42841,4.02698
"1497",149.6,22.6307332,-336.853613207547,4.02606603773585
"1498",149.7,22.6334032,-337.459528846154,4.02510576923077
"1499",149.8,22.612522,-340.919173913044,4.02717391304348
"1500",149.9,22.6118278947368,-342.767,4.025
"1501",150,22.5973918045113,-342.456473684211,4.025
"1502",150.1,22.601076,-341.912229166667,4.02589583333333
"1503",150.2,22.6034228,-341.590363636364,4.026
"1504",150.3,22.5892736363636,-341.595652173913,4.02501086956522
"1505",150.4,22.6112957462687,-342.670721153846,4.02595192307692
"1506",150.5,22.6095569402985,-346.240979381443,4.0250206185567
"1507",150.6,22.6044262,-346.325074766355,4.0277476635514
"1508",150.7,22.6352079,-345.59982,4.02618
"1509",150.8,22.6232876,-345.753202020202,4.02508080808081
"1510",150.9,22.5912319402985,-347.356340659341,4.026
"1511",151,22.5604110447761,-347.597,4.026
"1512",151.1,22.5520086466165,-347.035105263158,4.02605263157895
"1513",151.2,22.5524522556391,-348.533,4.025
"1514",151.3,22.5554904,-349.58253271028,4.02593457943925
"1515",151.4,22.5558612,-349.729387096774,4.025
"1516",151.5,22.573456,-349.681,4.025
"1517",151.6,22.5816810526316,-350.170423076923,4.02596153846154
"1518",151.7,22.5571848120301,-350.284719101124,4.026
"1519",151.8,22.5549113131313,-349.76,4.026
"1520",151.9,22.5617784,-349.602868686869,4.0249898989899
"1521",152,22.5436884848485,-349.316,4.026
"1522",152.1,22.5332840298507,-349.071445544554,4.026
"1523",152.2,22.5410974626866,-349.437554455446,4.0250198019802
"1524",152.3,22.542367,-351.183655172414,4.02584482758621
"1525",152.4,22.5428945,-352.411106382979,4.026
"1526",152.5,22.5307501010101,-352.212307692308,4.02684615384615
"1527",152.6,22.539292238806,-352.266461538462,4.02330769230769
"1528",152.7,22.5457997014925,-352.196705263158,4.02495789473684
"1529",152.8,22.5453263909774,-352.264229357798,4.025
"1530",152.9,22.5545143609023,-351.937394230769,4.02585576923077
"1531",153,22.576381,-350.948524752475,4.026
"1532",153.1,22.586314962406,-350.557129032258,4.026
"1533",153.2,22.6099315037594,-350.531081632653,4.025
"1534",153.3,22.6077795454545,-351.527,4.025
"1535",153.4,22.6157113636364,-352.075305084746,4.02584745762712
"1536",153.5,22.606445,-351.275904761905,4.02502380952381
"1537",153.6,22.621681,-351.451866666667,4.025
"1538",153.7,22.6131954455446,-350.997042553191,4.02697872340426
"1539",153.8,22.6232822556391,-352.86805,4.027
"1540",153.9,22.6608762406015,-355.22142,4.02502
"1541",154,22.6311827,-355.626071428571,4.025
"1542",154.1,22.6259037,-356.16504054054,4.02598648648649
"1543",154.2,22.6399291,-359.208833333334,4.026
"1544",154.3,22.6485041353383,-359.03093814433,4.026
"1545",154.4,22.6467597744361,-360.401105263158,4.026
"1546",154.5,22.631045,-359.248166666667,4.026
"1547",154.6,22.629072,-361.3728,4.02513333333333
"1548",154.7,22.629822,-361.305212765957,4.02682978723404
"1549",154.8,22.6145810447761,-362.627484848485,4.02607070707071
"1550",154.9,22.6180511940298,-362.405020618557,4.026
"1551",155,22.6089922556391,-363.145153846154,4.026
"1552",155.1,22.5879997744361,-362.959689320388,4.0251067961165
"1553",155.2,22.5870552,-363.217315217391,4.025
"1554",155.3,22.5785345454545,-363.010828571429,4.02592380952381
"1555",155.4,22.581979009901,-363.361,4.02501075268817
"1556",155.5,22.57748,-365.02015625,4.0273203125
"1557",155.6,22.57748,-365.407581395349,4.0263488372093
"1558",155.7,22.565147,-365.40825,4.02503409090909
"1559",155.8,22.5639602970297,-365.207081632653,4.02598979591837
"1560",155.9,22.55537,-365.004631578947,4.026
"1561",156,22.5599380451128,-365.977,4.026
"1562",156.1,22.575689924812,-366.451509803922,4.02501960784314
"1563",156.2,22.5796711,-366.359230769231,4.02594230769231
"1564",156.3,22.6025612,-365.424,4.02512765957447
"1565",156.4,22.6198533,-365.174,4.023
"1566",156.5,22.6333841353383,-370.923504950495,4.0249801980198
"1567",156.6,22.6316397744361,-371.718740384615,4.02595192307692
"1568",156.7,22.6353258333333,-373.577666666667,4.02433333333333
"1569",156.8,22.6322425,-372.481036585366,4.0259756097561
"1570",156.9,22.633656,-373.337336633663,4.0250198019802
"1571",157,22.6268019548872,-372.760339805825,4.02595145631068
"1572",157.1,22.6189372932331,-372.170458715596,4.02512844036697
"1573",157.2,22.6300596212121,-371.660965517241,4.02598850574713
"1574",157.3,22.6327035606061,-371.54519266055,4.02418348623853
"1575",157.4,22.6324451,-371.422613861386,4.02578217821782
"1576",157.5,22.639971,-371.214421568627,4.026
"1577",157.6,22.6385040594059,-371.180068181818,4.02698863636364
"1578",157.7,22.637217518797,-371.087769230769,4.027
"1579",157.8,22.6289092481203,-370.564090909091,4.02513636363636
"1580",157.9,22.633896,-370.137147368421,4.02598947368421
"1581",158,22.634655,-369.98945,4.02501
"1582",158.1,22.633721,-370.38895,4.025
"1583",158.2,22.647097518797,-370.656153846154,4.025
"1584",158.3,22.6387892481203,-370.490602409639,4.02598795180723
"1585",158.4,22.6095042424242,-371.1099,4.026
"1586",158.5,22.621578,-371.074177777778,4.02995555555556
"1587",158.6,22.6291483,-368.852851485149,4.02705940594059
"1588",158.7,22.6245755639098,-368.075672727273,4.02521818181818
"1589",158.8,22.6188838345865,-368.421416666667,4.02591666666667
"1590",158.9,22.6169436363636,-369.42452688172,4.02501075268817
"1591",159,22.5997618181818,-371.62686,4.025
"1592",159.1,22.5836524,-372.156028037383,4.02592523364486
"1593",159.2,22.593031,-371.98506060606,4.0270101010101
"1594",159.3,22.5895946534653,-371.879,4.026
"1595",159.4,22.6024145454545,-371.194841584158,4.0250099009901
"1596",159.5,22.6195963636364,-370.699537735849,4.02593396226415
"1597",159.6,22.6093953,-377.214157894736,4.02502105263158
"1598",159.7,22.6046774,-381.03404587156,4.02589908256881
"1599",159.8,22.6147069,-379.240870967742,4.026
"1600",159.9,22.6152430827068,-380.457,4.026
"1601",160,22.616994962406,-382.422,4.026
"1602",160.1,22.6072042,-380.508324786325,4.026
"1603",160.2,22.6014829,-381.313517241379,4.026
"1604",160.3,22.5819738,-380.546556701031,4.0240206185567
"1605",160.4,22.5871978947368,-379.540310679612,4.02592233009709
"1606",160.5,22.5885136842105,-379.583669724771,4.02776146788991
"1607",160.6,22.6093692424242,-379.008371428571,4.02468571428571
"1608",160.7,22.6146571212121,-378.473095238095,4.02595238095238
"1609",160.8,22.626406,-378.273596153846,4.026
"1610",160.9,22.6310530075188,-378.180802197802,4.026
"1611",161,22.625812406015,-378.183,4.026
"1612",161.1,22.6113872932331,-378.410217391304,4.026
"1613",161.2,22.6210038345865,-379.32,4.026
"1614",161.3,22.6127216,-379.79641509434,4.026
"1615",161.4,22.611332,-380.082359223301,4.026
"1616",161.5,22.6214852475248,-379.814430107527,4.02795698924731
"1617",161.6,22.6139478947368,-380.727551401869,4.02616822429907
"1618",161.7,22.6152636842105,-380.163130434782,4.026
"1619",161.8,22.6244824242424,-379.500852941176,4.026
"1620",161.9,22.61354,-379.351547945205,4.0263698630137
"1621",162,22.6202112,-378.631,4.025
"1622",162.1,22.6332978947368,-382.262683168317,4.025
"1623",162.2,22.6276136842105,-383.73549,4.02599
"1624",162.3,22.6144512121212,-383.33519,4.02402
"1625",162.4,22.6077044,-385.68918,4.02598
"1626",162.5,22.5986112,-385.079897959184,4.02704081632653
"1627",162.6,22.6198987969925,-386.285,4.025
"1628",162.7,22.623395037594,-386.212722772277,4.025
"1629",162.8,22.6064718181818,-387.037891891892,4.02589189189189
"1631",163,22.6240564,-387.602580645161,4.0249247311828
"1632",163.1,22.6237348,-387.68,4.026
"1633",163.2,22.6302914851485,-387.685940594059,4.0279801980198
"1634",163.3,22.6252268939394,-387.519166666667,4.02616666666667
"1635",163.4,22.5935071969697,-387.738928571429,4.02692857142857
"1636",163.5,22.6131715151515,-387.613094736842,4.02602105263158
"1637",163.6,22.6087736,-387.868363636364,4.026
"1638",163.7,22.6150812,-388.67785,4.026
"1639",163.8,22.617407443609,-388.877724137931,4.02485057471264
"1640",163.9,22.6222119548872,-389.626,4.026
"1641",164,22.6208160606061,-388.120714285714,4.02480952380952
"1642",164.1,22.624931980198,-390.96,4.026
"1643",164.2,22.6276392,-389.424485981308,4.0278691588785
"1644",164.3,22.6404862406015,-390.873027777778,4.02541666666667
"1645",164.4,22.6767644360902,-394.165382978723,4.02387234042553
"1646",164.5,22.6800572727273,-392.259,4.026
"1647",164.6,22.6826936363636,-391.343158415842,4.0250099009901
"1648",164.7,22.6988444444444,-394.148570000001,4.025
"1649",164.8,22.6919403731343,-392.329326732673,4.025
"1650",164.9,22.6793657462687,-394.351902912621,4.025
"1651",165,22.6766918045113,-401.40090625,4.025
"1653",165.2,22.6991484848485,-399.346269662921,4.02503370786517
"1654",165.3,22.6866316831683,-405.31772,4.025
"1655",165.4,22.6962944,-402.621683168317,4.0240198019802
"1656",165.5,22.7200056716418,-400.631689320388,4.02495145631068
"1657",165.6,22.7039608955224,-403.79094117647,4.025
"1658",165.7,22.7164992929293,-402.22181443299,4.025
"1659",165.8,22.7265636633663,-400.31808,4.02596
"1660",165.9,22.7312931313131,-401.402,4.0268
"1661",166,22.7248683582089,-400.48587012987,4.02305194805195
"1662",166.1,22.7621444776119,-400.182801980198,4.023
"1663",166.2,22.7605084848485,-401.773707070707,4.0249797979798
"1664",166.3,22.7411302941176,-400.4058,4.025
"1665",166.4,22.7459035353535,-404.188538461538,4.025
"1666",166.5,22.7469440298507,-402.69626,4.025
"1667",166.6,22.7551753731343,-402.556576923077,4.025
"1668",166.7,22.7919712030075,-401.481320388349,4.025
"1669",166.8,22.788474962406,-401.559161616162,4.025
"1670",166.9,22.821624040404,-400.62188,4.02776
"1671",167,22.8109896,-400.75397029703,4.02435643564356
"1672",167.1,22.8262159405941,-400.098242718447,4.024
"1673",167.2,22.8286518045113,-399.347307692308,4.02569230769231
"1674",167.3,22.850907443609,-399.032866666667,4.02413333333333
"1675",167.4,22.8763286868687,-398.977329896907,4.02496907216495
"1676",167.5,22.8755853,-398.82177,4.025
"1677",167.6,22.8754742,-399.566953703703,4.025
"1678",167.7,22.9215466917293,-399.058978947368,4.025
"1680",167.9,22.9455812121212,-398.683425531915,4.02403191489362
"1681",168,22.9390775247525,-400.172585585585,4.024
"1682",168.1,22.947894,-401.624725490196,4.0256862745098
"1683",168.2,22.9667713432836,-402.122448275862,4.026
"1684",168.3,22.9801817910448,-402.069642857143,4.026
"1685",168.4,22.9843369924812,-402.193485148515,4.0250198019802
"1686",168.5,23.0043595488722,-403.228396039604,4.025
"1687",168.6,23.0142781818182,-403.137265306123,4.02401020408163
"1688",168.7,23.0192158208955,-402.830818181818,4.02481818181818
"1689",168.8,23.040827761194,-404.354909090909,4.025
"1690",168.9,23.042433030303,-406.627301886793,4.02584905660377
"1692",169.1,23.0951257,-407.006612244898,4.02501020408163
"1693",169.2,23.0872876,-407.10111,4.025
"1694",169.3,23.0775115,-406.893669565217,4.025
"1695",169.4,23.0996517910448,-406.848279069767,4.02402325581395
"1696",169.5,23.1432935820896,-406.654534482759,4.02484482758621
"1697",169.6,23.167622,-406.004482352941,4.02403529411765
"1698",169.7,23.1687904,-405.298291262136,4.02494174757282
"1699",169.8,23.1910796969697,-404.692,4.02695833333333
"1700",169.9,23.2061899253731,-403.736871287129,4.02505940594059
"1701",170,23.2377048507463,-402.677587719298,4.02414912280702
"1702",170.1,23.2688069,-401.961057142857,4.024
"1703",170.2,23.2817544554455,-401.525759493671,4.02498734177215
"1704",170.3,23.2868444444444,-400.88741,4.02401
"1705",170.4,23.2988780597015,-402.290524752475,4.0249801980198
"1706",170.5,23.315266119403,-406.96714,4.02402
"1707",170.6,23.372800075188,-405.207127272727,4.024
"1709",170.8,23.4328047,-404.271,4.024
"1710",170.9,23.4633976691729,-409.129878504673,4.024
"1712",171.1,23.5333904511278,-412.112059405941,4.024
"1713",171.2,23.5399755223881,-411.504153846154,4.02004395604395
"1714",171.3,23.573316,-413.42952,4.02396
"1715",171.4,23.570483,-410.753293577981,4.024
"1716",171.5,23.5924058,-410.0436,4.0231
"1717",171.6,23.606101641791,-407.779897959184,4.02391836734694
"1719",171.8,23.6611841,-406.725476635514,4.02470093457944
"1720",171.9,23.7005414851485,-406.477279279279,4.02582882882883
"1721",172,23.7127033333333,-405.024301204819,4.02209638554217
"1722",172.1,23.7126879850746,-404.596057692308,4.02388461538462
"1723",172.2,23.7315909701493,-405.901852631579,4.024
"1724",172.3,23.7408941044776,-404.959317307692,4.02304807692308
"1725",172.4,23.7825732089552,-403.87481443299,4.023
"1726",172.5,23.8134964,-402.82694,4.023
"1727",172.6,23.8788496992481,-402.44144,4.023
"1728",172.7,23.9034737593985,-409.314306306308,4.02211711711712
"1729",172.8,23.8893536641221,-408.241818181818,4.02595454545455
"1730",172.9,23.9110859701493,-407.459365384615,4.02409615384615
"1731",173,23.9465172,-407.189316326531,4.0230306122449
"1732",173.1,23.9748794,-406.393517241379,4.022
"1733",173.2,24.0123602970297,-404.728,4.022
"1734",173.3,24.0429727067669,-403.4,4.023
"1736",173.5,24.1261821,-401.070285714286,4.023
"1737",173.6,24.1892652,-399.054673913044,4.02201086956522
"1738",173.7,24.2452434,-397.698857142857,4.02105714285714
"1739",173.8,24.3008648872181,-396.155980582524,4.021
"1741",174,24.4377233333333,-392.26003,4.02101
"1742",174.1,24.4897226732673,-391.177283185841,4.02187610619469
"1743",174.2,24.5283337,-388.792829787234,4.022
"1744",174.3,24.5574227819549,-384.882489361701,4.022
"1746",174.5,24.6389625,-380.86770093458,4.022
"1747",174.6,24.7088376119403,-380.780430107527,4.02101075268817
"1748",174.7,24.7091044,-380.180789473684,4.02186842105263
"1749",174.8,24.7564711278195,-381.147777777778,4.02388888888889
"1750",174.9,24.7921025373134,-379.28328125,4.02202083333333
"1751",175,24.8789043939394,-379.127732673267,4.0200396039604
"1752",175.1,24.9705205882353,-377.600979591837,4.021
"1753",175.2,24.9853737373737,-376.852,4.021
"1754",175.3,25.037746,-374.631207920792,4.021
"1755",175.4,25.0624481188119,-371.794571428572,4.021
"1756",175.5,25.0814571428571,-368.746975609756,4.0200243902439
"1757",175.6,25.1183998529412,-365.561868686869,4.0190101010101
"1758",175.7,25.1868866666667,-363.461421052631,4.0163947368421
"1759",175.8,25.204577029703,-360.240209302326,4.01896511627907
"1760",175.9,25.247862,-356.454607142857,4.01988392857143
"1761",176,25.2714305263158,-352.257631578948,4.02
"1763",176.2,25.31521,-345.001698113207,4.019
"1764",176.3,25.3600773267327,-341.527912087912,4.019
"1765",176.4,25.3834233333333,-338.9058,4.019
"1766",176.5,25.4008829323308,-336.020031578948,4.019
"1767",176.6,25.41062,-333.597254716981,4.01806603773585
"1768",176.7,25.4689332330827,-331.568,4.0188691588785
"1769",176.8,25.55357,-329.127126436782,4.019
"1770",176.9,25.5262477777778,-327.001435643565,4.0180198019802
"1771",177,25.552877,-325.1215,4.018
"1772",177.1,25.5708825742574,-323.1681,4.01898
"1773",177.2,25.5946568421053,-321.751974358974,4.019
"1774",177.3,25.5972985507246,-319.718614457831,4.019
"1775",177.4,25.6122864646465,-318.557632478633,4.019
"1776",177.5,25.640399,-316.93025,4.01803571428571
"1777",177.6,25.6760217,-315.518020408163,4.01898979591837
"1778",177.7,25.7142739849624,-314.45287826087,4.019
"1780",177.9,25.7454837373737,-311.764195876289,4.01801030927835
"1781",178,25.7753520792079,-310.761108108108,4.01889189189189
"1782",178.1,25.7621544,-309.634387755102,4.019
"1783",178.2,25.7711311278196,-308.190543478261,4.01802173913043
"1784",178.3,25.7952504477612,-307.18594949495,4.0189898989899
"1785",178.4,25.8217612121212,-306.153653465347,4.019
"1786",178.5,25.8586744117647,-305.324054545455,4.019
"1787",178.6,25.8753792929293,-304.341255319149,4.01806382978723
"1788",178.7,25.8859105263158,-303.394298969072,4.018
"1789",178.8,25.9215067647059,-302.473980392157,4.018
"1790",178.9,25.9584066666667,-301.70085046729,4.01711214953271
"1791",179,25.9585526470588,-300.895222222222,4.01862962962963
"1792",179.1,25.9897602020202,-300.073,4.019
"1793",179.2,25.9894495,-299.274888888889,4.019
"1794",179.3,26.022269,-298.412466666667,4.01806666666667
"1795",179.4,26.0731578947368,-297.705894736842,4.01897894736842
"1796",179.5,26.0527014705882,-296.881359223301,4.02090291262136
"1797",179.6,26.0577275757576,-296.105729166667,4.01803125
"1798",179.7,26.0397803960396,-295.423333333333,4.01891666666667
"1799",179.8,26.0203616,-294.845673913043,4.01998913043478
"1800",179.9,26.020482406015,-294.252132743363,4.01824778761062
"1801",180,26.0933329850746,-293.57474,4.01886
"1802",180.1,26.0887039393939,-293.010086021505,4.0180752688172
"1803",180.2,26.1019842574257,-292.35727,4.018
"1804",180.3,26.1278077777778,-291.63229787234,4.01898936170213
"1805",180.4,26.1274020149254,-291.168657142857,4.01805714285714
"1806",180.5,26.1266065151515,-290.732883333333,4.01486666666667
"1807",180.6,26.1632221052632,-289.939394736842,4.01886842105263
"1808",180.7,26.165383880597,-289.446914529914,4.019
"1809",180.8,26.1934465,-288.907659090909,4.01715909090909
"1810",180.9,26.192697029703,-288.252310679612,4.01880582524272
"1811",181,26.1913226,-287.724260869565,4.019
"1812",181.1,26.1816084962406,-287.27594,4.019
"1813",181.2,26.1926175,-286.774327272727,4.019
"1814",181.3,26.2257469,-286.315066666667,4.019
"1815",181.4,26.2164,-285.825607843137,4.02092156862745
"1816",181.5,26.2439028,-285.344804123711,4.02001030927835
"1817",181.6,26.2566201503759,-284.73808,4.01901
"1818",181.7,26.2677179104478,-284.225466019417,4.01803883495146
"1819",181.8,26.2662870707071,-283.871376237624,4.018
"1820",181.9,26.2988225,-283.49775,4.018
"1821",182,26.3376975,-282.92772,4.018
"1822",182.1,26.3480089473684,-282.592,4.018
"1823",182.2,26.3427640298508,-282.225734939759,4.01898795180723
"1824",182.3,26.3627147368421,-281.76858,4.019
"1825",182.4,26.3678734328358,-281.285663366337,4.0209603960396
"1826",182.5,26.3649024242424,-280.737494949495,4.0170404040404
"1827",182.6,26.3937155223881,-280.328158415842,4.0179801980198
"1828",182.7,26.4408493939394,-280.015111111111,4.0170101010101
"1829",182.8,26.4485834328358,-279.66946,4.01799
"1830",182.9,26.4452998507463,-279.314681415929,4.018
"1831",183,26.4157861616162,-279.086793814433,4.018
"1832",183.1,26.428928019802,-278.307021505377,4.01895698924731
"1833",183.2,26.4476895,-278.01764,4.01804
"1834",183.3,26.4378421052632,-277.735653061224,4.018
"1835",183.4,26.457396119403,-277.290884615385,4.02082692307692
"1836",183.5,26.4707366666667,-277.091505154639,4.0190618556701
"1837",183.6,26.5040911764706,-276.703803418803,4.019
"1838",183.7,26.5270053535354,-276.29343373494,4.019
"1839",183.8,26.5144755970149,-276.125981308411,4.01809345794392
"1840",183.9,26.5123857575758,-275.717096774193,4.01896774193548
"1841",184,26.5236475,-283.189656565656,4.0180202020202
"1842",184.1,26.541302,-290.798017543858,4.018
"1843",184.2,26.5429729292929,-290.82548275862,4.01896551724138
"1844",184.3,26.5405223880597,-289.693464646464,4.0180202020202
"1845",184.4,26.5138993939394,-288.66825,4.018
"1846",184.5,26.5553136842105,-287.793537634409,4.01615053763441
"1847",184.6,26.5872552238806,-287.058309734513,4.01764601769912
"1848",184.7,26.5955545454545,-286.238217391304,4.018
"1849",184.8,26.6175659803922,-285.532604395604,4.018
"1850",184.9,26.6180855,-284.714339805825,4.018
"1851",185,26.6391076865672,-284.059019417476,4.018
"1852",185.1,26.635267761194,-283.589154639175,4.018
"1853",185.2,26.6148646,-282.803216494845,4.01896907216495
"1854",185.3,26.6575219191919,-282.241090909091,4.019
"1855",185.4,26.6674673737374,-281.765745762712,4.01983050847458
"1856",185.5,26.6471911940299,-281.091487804878,4.01804878048781
"1857",185.6,26.6537251515151,-280.707316831683,4.0189702970297
"1858",185.7,26.69712,-280.037921568627,4.01804901960784
"1859",185.8,26.6918091089109,-279.747411214953,4.018
"1860",185.9,26.7160058585859,-279.343444444444,4.018
"1861",186,26.7092098507463,-278.705642201835,4.018
"1862",186.1,26.6921878787879,-278.235935483871,4.01895698924731
"1863",186.2,26.7375593984962,-277.896769230769,4.019
"1864",186.3,26.738147761194,-277.470785714286,4.01817857142857
"1865",186.4,26.7337581818182,-276.961142857143,4.02063736263736
"1866",186.5,26.7243447761194,-276.417901098901,4.01806593406593
"1867",186.6,26.6929481818182,-276.04342,4.018
"1868",186.7,26.6838569172932,-275.777636363636,4.018
"1869",186.8,26.6722052238806,-275.403979381443,4.018
"1870",186.9,26.6834287,-274.943042553191,4.018
"1871",187,26.6937752,-274.712072727273,4.01711818181818
"1872",187.1,26.7029643,-274.317424242424,4.01875757575758
"1873",187.2,26.7116029104478,-273.9766,4.01812
"1874",187.3,26.7061698507463,-273.510688888889,4.018
"1875",187.4,26.688814,-273.308951612903,4.01958064516129
"1876",187.5,26.7045393069307,-272.900657894737,4.01902631578947
"1877",187.6,26.7188295,-272.547075471698,4.01807547169811
"1878",187.7,26.714987368421,-272.447745098039,4.018
"1879",187.8,26.7078818181818,-271.997346938775,4.018
"1880",187.9,26.735298,-271.628784313725,4.01890196078431
"1881",188,26.7595056,-271.328242718447,4.01725242718447
"1882",188.1,26.7436016,-270.844366666667,4.01796666666667
"1883",188.2,26.7315001503759,-270.624018867925,4.018
"1884",188.3,26.7241540909091,-270.426913978495,4.01702150537634
"1885",188.4,26.7613851879699,-270.093611111111,4.01609259259259
"1886",188.5,26.7454401492537,-269.814193548387,4.01793548387097
"1887",188.6,26.7443374,-269.634720720721,4.018
"1888",188.7,26.7442263,-269.266,4.018
"1889",188.8,26.7732078217822,-269.120074074074,4.018
"1890",188.9,26.741392406015,-268.898376237624,4.018
"1891",189,26.7488682089552,-268.509175824176,4.01897802197802
"1892",189.1,26.7497636,-268.346603773585,4.01807547169811
"1893",189.2,26.767876,-268.09714893617,4.018
"1894",189.3,26.7657304,-267.833900990099,4.01605940594059
"1895",189.4,26.7866272180451,-267.608484848485,4.01893939393939
"1896",189.5,26.7614422727273,-267.456566371681,4.01813274336283
"1897",189.6,26.7802673,-267.129485436893,4.018
"1898",189.7,26.7833317821782,-266.822904761905,4.018
"1899",189.8,26.7935432,-266.58278,4.01898
"1900",189.9,26.8234428571429,-266.307287128713,4.01705940594059
"1901",190,26.8109495454545,-266.225515151515,4.0189595959596
"1902",190.1,26.8115554135338,-265.87414,4.019
"1903",190.2,26.8228037313433,-265.60926,4.01998
"1904",190.3,26.8331773,-265.354288461538,4.02
"1905",190.4,26.822347593985,-265.160126213592,4.01908737864078
"1906",190.5,26.8154670149254,-264.962936170213,4.01803191489362
"1907",190.6,26.837976969697,-264.71401010101,4.018
"1908",190.7,26.8115307462687,-264.5473,4.018
"1909",190.8,26.8165378,-264.140356435644,4.018
"1910",190.9,26.835298,-263.81857,4.01703
"1911",191,26.8362985148515,-263.815466666667,4.01884761904762
"1912",191.1,26.8198342105263,-263.59132631579,4.019
"1913",191.2,26.8127171641791,-263.440330188679,4.02083018867925
"1914",191.3,26.8275282,-263.14335106383,4.01906382978723
"1915",191.4,26.8255681188119,-262.88374,4.01803
"1916",191.5,26.83278,-262.651221153846,4.018
"1917",191.6,26.8548551879699,-262.53156122449,4.018
"1918",191.7,26.8692255223881,-262.305495412844,4.018
"1919",191.8,26.8657554545455,-262.100075268817,4.018
"1920",191.9,26.8664372,-262.06275,4.020325
"1921",192,26.867557,-261.816828947368,4.01811842105263
"1922",192.1,26.8811061654135,-261.692363636364,4.0189797979798
"1923",192.2,26.8837355223881,-261.553417322835,4.01822834645669
"1924",192.3,26.8610232575758,-261.359012987013,4.01707792207792
"1925",192.4,26.8536842647059,-261.194033333333,4.01778333333333
"1926",192.5,26.8348380808081,-260.842186666667,4.018
"1927",192.6,26.8331234,-260.733696428571,4.018
"1928",192.7,26.8322192079208,-260.709247191011,4.018
"1929",192.8,26.8535756060606,-260.389310679612,4.02085436893204
"1930",192.9,26.8613929411765,-260.26899137931,4.01936206896552
"1931",193,26.8836742424242,-260.093851851852,4.019
"1932",193.1,26.8921482,-259.897881188119,4.01705940594059
"1933",193.2,26.9299982,-259.652861386139,4.0160396039604
"1934",193.3,26.9445214285714,-259.594515151515,4.01890909090909
"1935",193.4,26.9307919117647,-259.40676,4.01803
"1936",193.5,26.9349012121212,-259.136697247706,4.018
"1937",193.6,26.9233673267327,-258.981777777778,4.018
"1938",193.7,26.9270432,-258.730669902913,4.018
"1939",193.8,26.9304090977444,-258.465818181818,4.01886363636364
"1940",193.9,26.9319771641791,-258.386397727273,4.019
"1941",194,26.9130328030303,-258.29867,4.01803
"1942",194.1,26.933168358209,-258.10782,4.01897
"1943",194.2,26.9473956,-257.851137931034,4.0173275862069
"1944",194.3,26.9514457142857,-257.68941,4.01781
"1945",194.4,26.9591435820896,-257.5431875,4.018
"1946",194.5,26.9387375757576,-257.574684210526,4.018
"1947",194.6,26.9362523529412,-257.310081632653,4.018
"1948",194.7,26.9557151515151,-257.193098039216,4.018
"1949",194.8,26.9348723,-257.105475247525,4.018
"1950",194.9,26.9322087128713,-256.93402,4.018
"1951",195,26.9327457142857,-256.812784313726,4.01887254901961
"1952",195.1,26.9326151470588,-256.554755102041,4.019
"1953",195.2,26.936094040404,-256.392945054945,4.01802197802198
"1954",195.3,26.9202905940594,-256.33708,4.018
"1955",195.4,26.9162798,-256.211866666667,4.018
"1956",195.5,26.9111903759398,-255.92303125,4.018
"1957",195.6,26.9281892537313,-255.847537037037,4.01889814814815
"1958",195.7,26.9368460606061,-255.654175824176,4.01802197802198
"1959",195.8,26.9473857425743,-255.4848,4.01893333333333
"1960",195.9,26.9460590909091,-255.423073684211,4.01802105263158
"1961",196,26.9585376119403,-255.241076923077,4.018
"1962",196.1,26.9721139393939,-255.1705625,4.02053125
"1963",196.2,26.9660185714286,-255.057516483517,4.01913186813187
"1964",196.3,26.9946952238806,-254.876387755102,4.01804081632653
"1965",196.4,26.9872971717172,-254.760076923077,4.018
"1966",196.5,26.974311,-254.770574468085,4.018
"1967",196.6,26.9586643564356,-254.451772277228,4.018
"1968",196.7,26.9539971428571,-254.350878787879,4.0199595959596
"1969",196.8,26.9381071641791,-254.323262626263,4.0180202020202
"1970",196.9,26.9553543434343,-254.162714285714,4.018
"1971",197,26.9404945,-254.09378,4.01612
"1972",197.1,26.9368636,-253.8226875,4.0189375
"1973",197.2,26.9424571428571,-253.70234,4.01802
"1974",197.3,26.9213826470588,-253.56998019802,4.018
"1975",197.4,26.9276338383838,-253.469,4.018
"1976",197.5,26.9162347524752,-253.358516129032,4.018
"1977",197.6,26.8983942,-253.186424242424,4.018
"1978",197.7,26.88182,-253.087441860465,4.01896511627907
"1979",197.8,26.8913737313433,-252.99867,4.01803
"1980",197.9,26.8990992424242,-252.86054954955,4.018
"1981",198,26.8965158823529,-252.65825,4.01897727272727
"1982",198.1,26.9167964646465,-252.672435643564,4.019
"1983",198.2,26.9267321804511,-252.5178,4.01803
"1984",198.3,26.9307517647059,-252.431589285714,4.018
"1985",198.4,26.948,-252.299804597701,4.018
"1986",198.5,26.9508462686567,-252.186631067961,4.018
"1987",198.6,26.9410375757576,-252.156515463918,4.018
"1988",198.7,26.947607,-251.98156,4.018
"1989",198.8,26.952827029703,-251.83688,4.018
"1990",198.9,26.9493309090909,-251.64584,4.01898
"1991",199,26.9707452941176,-251.587086206897,4.01393103448276
"1992",199.1,26.9719362626263,-251.380752808989,4.01668539325843
"1993",199.2,26.9876761386139,-251.227182692308,4.01789423076923
"1994",199.3,26.9957268,-251.150153061224,4.018
"1995",199.4,26.9871128358209,-251.079764705882,4.018
"1996",199.5,26.9703551515151,-251.031369565217,4.018
"1997",199.6,27.0191086,-250.97568,4.01703
"1998",199.7,27.037108,-250.86827,4.017
"1999",199.8,27.0326407070707,-250.741622807018,4.01785087719298
"2000",199.9,27.0247180597015,-250.427058823529,4.02190588235294
"2001",200,27.0223777272727,-250.379095652174,4.01773913043478
"2002",200.1,27.0123320300752,-250.374677419355,4.01789247311828
"2003",200.2,27.0091402985075,-250.251363636364,4.018
"2004",200.3,26.9970736363636,-250.140646464646,4.018
"2005",200.4,26.9961496039604,-250.050872727273,4.018
"2006",200.5,26.989839,-249.975282608696,4.01710869565217
"2007",200.6,26.9850133834586,-249.845096774194,4.01893548387097
"2008",200.7,27.0019002985075,-249.654838383838,4.0180202020202
"2009",200.8,27.0200736,-249.56868,4.01702
"2010",200.9,27.0195916831683,-249.494227722772,4.017
"2011",201,27.0310141414141,-249.28151,4.01603
"2012",201.1,27.0194844029851,-249.20031,4.01794
"2013",201.2,26.9886235820896,-249.234793103448,4.018
"2014",201.3,27.0529783838384,-249.15425,4.018
"2015",201.4,27.0750617821782,-249.01617,4.018
"2016",201.5,27.0854929292929,-248.86553,4.01703
"2017",201.6,27.0860754477612,-248.825134453782,4.01863025210084
"2018",201.7,27.049086969697,-248.744777777778,4.01803703703704
"2019",201.8,27.0664182706767,-248.652683168317,4.018
"2020",201.9,27.0495559701492,-248.487060606061,4.01993939393939
"2021",202,27.0445445454545,-248.42574,4.01709
"2022",202.1,27.0471497014925,-248.304910891089,4.0179603960396
"2023",202.2,27.0739490909091,-248.257894736842,4.018
"2024",202.3,27.0659280597015,-248.205623529412,4.018
"2025",202.4,27.0629785074627,-248.10143442623,4.01720491803279
"2026",202.5,27.0813525,-247.921428571429,4.017
"2027",202.6,27.0859245,-247.774642105263,4.017
"2028",202.7,27.1004603,-247.7066,4.01796
"2029",202.8,27.0993373880597,-247.595393939394,4.018
"2030",202.9,27.0701041791045,-247.488654205607,4.01709345794393
"2031",203,27.127203,-247.382255319149,4.01795744680851
"2032",203.1,27.1230402970297,-247.299614678899,4.018
"2033",203.2,27.1074421212121,-247.168166666667,4.018
"2034",203.3,27.0910985714286,-247.100542056075,4.018
"2035",203.4,27.053716969697,-247.02787755102,4.018
"2036",203.5,27.0402483,-246.92908,4.018
"2037",203.6,26.9973182,-246.867265486726,4.01718584070797
"2038",203.7,27.0003769,-246.731265060241,4.017
"2039",203.8,27.0234819,-246.64628,4.01892
"2040",203.9,27.0316655,-246.6502,4.0182
"2041",204,27.0391801503759,-246.561384615385,4.018
"2042",204.1,27.050168358209,-246.399635514019,4.018
"2043",204.2,27.03867,-246.361516129032,4.018
"2044",204.3,27.0395859,-246.26496,4.018
"2045",204.4,27.0262075757576,-246.116,4.01709259259259
"2046",204.5,27.0405447368421,-246.102935483871,4.017
"2047",204.6,27.0442928358209,-245.988447619048,4.01792380952381
"2048",204.7,27.025504,-245.973189473684,4.01703157894737
"2049",204.8,27.022974,-245.760408333333,4.019425
"2050",204.9,27.046788,-245.659212765957,4.01836170212766
"2051",205,27.0307052631579,-245.556967741935,4.018
"2052",205.1,27.0023537313433,-245.458389380531,4.018
"2053",205.2,27.006688,-245.491825,4.018
"2054",205.3,26.9978185148515,-245.37954,4.01703
"2055",205.4,27.0147436,-245.395595959596,4.0189595959596
"2056",205.5,27.0195551,-245.323227722772,4.0180297029703
"2057",205.6,27.0226604,-245.211262626263,4.0170202020202
"2058",205.7,27.0108239849624,-245.02476,4.01896
"2059",205.8,27.0045368656716,-245.061904347826,4.01644347826087
"2060",205.9,26.999727,-245.0026,4.01795294117647
"2061",206,27.0126196,-244.91574,4.018
"2062",206.1,27.0215222,-244.8748,4.018
"2063",206.2,27.0189452272727,-244.849054545455,4.018
"2064",206.3,27.0289422058824,-244.725827956989,4.018
"2065",206.4,27.0202015151515,-244.734670103093,4.018
"2066",206.5,26.996758,-244.638884615385,4.018
"2067",206.6,26.999652,-244.417583333333,4.018
"2068",206.7,27.0263060150376,-244.312443478261,4.02055652173913
"2069",206.8,27.0395761764706,-244.246282608696,4.01558695652174
"2070",206.9,27.0805572727273,-244.20096,4.01773
"2071",207,27.0423666336634,-244.002414893617,4.018
"2072",207.1,27.0230399,-243.98145,4.018
"2073",207.2,27.0383212781955,-243.969536363636,4.018
"2074",207.3,27.0143658208955,-243.89144,4.01974
"2075",207.4,27.0210639393939,-243.794933333333,4.01806666666667
"2076",207.5,27.051818,-243.66881,4.018
"2077",207.6,27.069484,-243.581445544554,4.018
"2078",207.7,27.058216,-243.387939393939,4.02187878787879
"2079",207.8,27.0725706930693,-243.33738,4.01909
"2080",207.9,27.0641140909091,-243.307188118812,4.0180396039604
"2081",208,27.0553826865672,-243.166934579439,4.018
"2082",208.1,27.066012,-242.977836956522,4.018
"2083",208.2,27.069722,-242.981971962617,4.018
"2084",208.3,27.068486,-242.844612903226,4.018
"2085",208.4,27.0835518181818,-242.831181818182,4.018
"2086",208.5,27.0775741176471,-242.754137254902,4.018
"2087",208.6,27.082328989899,-242.656939393939,4.0189696969697
"2088",208.7,27.086105,-242.70832,4.01997
"2089",208.8,27.0896476,-242.713919191919,4.0180404040404
"2090",208.9,27.0776201503759,-242.548079207921,4.018
"2091",209,27.0409905882353,-242.504787878788,4.018
"2092",209.1,27.0706583838384,-242.533866666667,4.018
"2093",209.2,27.0760700990099,-242.335315789474,4.01702105263158
"2094",209.3,27.062216,-242.358125,4.017
"2095",209.4,27.05768,-242.308853932584,4.01796629213483
"2096",209.5,27.0637561386139,-242.135535353535,4.0170202020202
"2097",209.6,27.0693870454546,-242.00754,4.01994
"2098",209.7,27.0557507352941,-242.024918699187,4.01840650406504
"2099",209.8,27.0692893939394,-241.809518072289,4.018
"2100",209.9,27.05751,-241.783063829787,4.018
"2101",210,27.037582,-241.78104,4.018
"2102",210.1,27.0364578195489,-241.633155172414,4.01715517241379
"2103",210.2,27.0212385074627,-241.75730952381,4.017
"2104",210.3,27.0283581818182,-241.649807692308,4.01794230769231
"2105",210.4,27.0221688,-241.514980952381,4.018
"2106",210.5,27.0394241,-241.473880434783,4.0160652173913
"2107",210.6,27.0610340601504,-241.373060606061,4.0150202020202
"2108",210.7,27.0217994117647,-241.36022,4.01794
"2109",210.8,27.0330624242424,-241.323128712871,4.018
"2110",210.9,27.0475673267327,-241.22597,4.018
"2111",211,27.04266,-241.21136,4.018
"2112",211.1,27.009469924812,-241.1528,4.01703
"2113",211.2,26.9975101492537,-241.144071428571,4.01873214285714
"2114",211.3,27.0231561616162,-241.008738636364,4.01706818181818
"2115",211.4,27.0161612871287,-240.9458,4.01797
"2116",211.5,27.01309,-240.809544554455,4.02184158415842
"2117",211.6,27.0177814,-240.757371428571,4.01834285714286
"2118",211.7,27.0260153465347,-240.678457446808,4.018
"2119",211.8,27.0638372180451,-240.510811881188,4.018
"2120",211.9,27.1000353731343,-240.552872727273,4.018
"2121",212,27.1260998989899,-240.457386363636,4.018
"2122",212.1,27.094928,-240.470145454545,4.01889090909091
"2123",212.2,27.0940334,-240.336888888889,4.01633333333333
"2124",212.3,27.1004638345865,-240.316367346939,4.01781632653061
"2125",212.4,27.1024905970149,-240.33329,4.01709
"2126",212.5,27.0661617171717,-240.167625,4.0161875
"2127",212.6,27.0721834,-240.062679012346,4.01697530864198
"2128",212.7,27.0880134,-240.089770642202,4.01789908256881
"2129",212.8,27.0805205263158,-239.915,4.018
"2130",212.9,27.1018663235294,-239.872684782609,4.01703260869565
"2131",213,27.0923712121212,-239.849681415929,4.017
"2132",213.1,27.1078864356436,-239.823010526316,4.01876842105263
"2133",213.2,27.107928,-239.810430107527,4.01804301075269
"2134",213.3,27.0963896,-239.704130841121,4.018
"2135",213.4,27.0929734653465,-239.548826086956,4.01509782608696
"2136",213.5,27.0791966917293,-239.38140952381,4.01684761904762
"2137",213.6,27.0804885074627,-239.429607142857,4.017
"2138",213.7,27.1157152525253,-239.299385542169,4.01796385542169
"2139",213.8,27.1446848,-239.378875,4.01713392857143
"2140",213.9,27.155231,-239.364954545455,4.01796590909091
"2141",214,27.1607126315789,-239.256321100917,4.018
"2142",214.1,27.1788325373134,-239.271387096774,4.018
"2143",214.2,27.1698141414141,-239.176041237113,4.0170206185567
"2144",214.3,27.1625687128713,-239.086673267327,4.017
"2145",214.4,27.1645388888889,-238.966424242424,4.02091919191919
"2146",214.5,27.1582713432836,-239.009436363636,4.02010909090909
"2147",214.6,27.1348495522388,-238.9534,4.01804444444444
"2148",214.7,27.1543199,-238.832810810811,4.018
"2149",214.8,27.1663734313725,-238.8083,4.018
"2150",214.9,27.1886036363636,-238.657111111111,4.01717094017094
"2151",215,27.1843594029851,-238.614045977011,4.01791954022988
"2152",215.1,27.16553,-238.5684375,4.018
"2153",215.2,27.177406,-238.467060606061,4.018
"2154",215.3,27.1924861616162,-238.367,4.01707547169811
"2155",215.4,27.2162407070707,-238.354106382979,4.01993617021277
"2156",215.5,27.1915145544554,-238.25012,4.01902
"2157",215.6,27.1834599,-238.138356435644,4.0180297029703
"2158",215.7,27.2012493984962,-238.167333333333,4.0170202020202
"2159",215.8,27.2018034328358,-238.059326732673,4.0179702970297
"2160",215.9,27.2182202020202,-238.053554621849,4.018
"2161",216,27.2097732673267,-237.810225,4.017025
"2162",216.1,27.219627979798,-237.79518,4.01798
"2163",216.2,27.2237205263158,-237.671254237288,4.018
"2164",216.3,27.1644855223881,-237.746240963855,4.018
"2165",216.4,27.166527,-237.52787,4.01994
"2166",216.5,27.174015,-237.502869158878,4.01728037383178
"2167",216.6,27.1947645454545,-237.559695652174,4.017
"2168",216.7,27.2069837313433,-237.462109090909,4.01789090909091
"2169",216.8,27.1897291044776,-237.37062745098,4.018
"2170",216.9,27.2009258,-237.493404255319,4.01708510638298
"2171",217,27.2128378217822,-237.298510638298,4.017
"2172",217.1,27.2131467676768,-237.208444444444,4.017
"2173",217.2,27.203012,-237.056405063291,4.017
"2174",217.3,27.1857242574257,-237.102125,4.017
"2175",217.4,27.1934505263158,-237.060420289855,4.017
"2176",217.5,27.2036728358209,-237.021530612245,4.01740136054422
"2177",217.6,27.183882020202,-236.9705,4.01775
"2178",217.7,27.1987255445545,-236.931925373134,4.017
"2179",217.8,27.2251007070707,-236.82048,4.017
"2180",217.9,27.2327384210526,-236.839517857143,4.017
"2181",218,27.1985047761194,-236.783786516854,4.01795505617978
"2182",218.1,27.1508454,-236.713235294118,4.01705882352941
"2183",218.2,27.135394,-236.508270833333,4.017
"2184",218.3,27.1152862,-236.562607843137,4.01988235294118
"2185",218.4,27.1151589473684,-236.444766990291,4.0181359223301
"2186",218.5,27.1372128358209,-236.38806185567,4.0170412371134
"2187",218.6,27.1378464,-236.32936,4.01796
"2188",218.7,27.1227666,-236.253641509434,4.01709433962264
"2189",218.8,27.129275,-236.207818181818,4.017
"2190",218.9,27.1415284210526,-236.048821052632,4.017
"2191",219,27.1445045454545,-236.091345794393,4.01879439252336
"2192",219.1,27.1195828,-236.152505376344,4.01804301075269
"2193",219.2,27.1091356435644,-236.0078,4.018
"2194",219.3,27.1167456,-235.909558558559,4.01963963963964
"2195",219.4,27.1307716,-235.791952380952,4.01809523809524
"2196",219.5,27.1549294,-235.852584158416,4.018
"2197",219.6,27.1509542105263,-235.753629310345,4.01718103448276
"2198",219.7,27.136346119403,-235.797626506024,4.017
"2199",219.8,27.1336124,-235.65412,4.017
"2200",219.9,27.1391908,-235.64128,4.017
"2201",220,27.1417066,-235.591344827586,4.0178275862069
"2202",220.1,27.1135177272727,-235.546301204819,4.01703614457831
"2203",220.2,27.0992953731343,-235.487518518519,4.01610185185185
"2204",220.3,27.1089365,-235.336858695652,4.0179347826087
"2205",220.4,27.1307605,-235.300922330097,4.01705825242718
"2206",220.5,27.1485103,-235.266717171717,4.017
"2207",220.6,27.1334210526316,-235.137040816327,4.017
"2208",220.7,27.1292089552239,-235.155045454545,4.017
"2209",220.8,27.1025842,-235.20389010989,4.01604395604396
"2210",220.9,27.107701980198,-235.112909090909,4.016
"2211",221,27.0987124,-235.10224,4.01794
"2212",221.1,27.0901972,-234.98851,4.01703
"2213",221.2,27.1128704,-234.950609090909,4.01611818181818
"2214",221.3,27.1240210526316,-234.920255102041,4.016
"2215",221.4,27.1385368656716,-234.818326086957,4.01696739130435
"2216",221.5,27.1239004,-234.763754716981,4.017
"2217",221.6,27.1224098,-234.69075,4.017
"2218",221.7,27.1242558,-234.595873684211,4.017
"2219",221.8,27.1352590909091,-234.636673267327,4.0160495049505
"2220",221.9,27.1530231343284,-234.520639344262,4.01677868852459
"2221",222,27.1356598,-234.465431818182,4.017
"2222",222.1,27.1540212,-234.389144329897,4.01875257731959
"2223",222.2,27.1655815,-234.286164835165,4.019
"2224",222.3,27.1922427819549,-234.381658119658,4.019
"2225",222.4,27.2053476470588,-234.26547826087,4.01726086956522
"2226",222.5,27.1985584848485,-234.103851485149,4.017
"2227",222.6,27.181369,-234.054,4.017
"2228",222.7,27.1784288,-234.05979,4.017
"2229",222.8,27.1900711278195,-233.960201923077,4.01793269230769
"2230",222.9,27.1693901492537,-234.046958762887,4.0170412371134
"2231",223,27.1905721212121,-233.965153846154,4.017
"2232",223.1,27.203059009901,-233.88212371134,4.017
"2233",223.2,27.2187681,-233.724893203883,4.01976699029126
"2234",223.3,27.2601655445545,-233.804901960784,4.01729411764706
"2235",223.4,27.2770566336634,-233.600670103093,4.017
"2236",223.5,27.2764573484848,-233.551402061856,4.017
"2237",223.6,27.290903880597,-233.540654867257,4.017
"2238",223.7,27.306632,-233.594333333333,4.017
"2239",223.8,27.2987834,-233.5874,4.01961818181818
"2240",223.9,27.2713088,-233.490444444444,4.01713333333333
"2241",224,27.2680686363636,-233.4764,4.017
"2242",224.1,27.2791158208955,-233.402118644068,4.017
"2243",224.2,27.2960118,-233.171,4.01605555555556
"2244",224.3,27.2677817171717,-233.262757575758,4.0169696969697
"2245",224.4,27.2791504,-233.18452,4.017
"2246",224.5,27.3040160902256,-233.19073,4.017
"2247",224.6,27.2995067164179,-233.140767857143,4.017
"2248",224.7,27.2808748,-233.011967391304,4.01792391304348
"2249",224.8,27.2601844554455,-233.112495049505,4.01707920792079
"2250",224.9,27.2678174,-233.096346153846,4.017
"2251",225,27.2819369,-232.981791208791,4.01796703296703
"2252",225.1,27.2633364356436,-232.91689,4.02091
"2253",225.2,27.2567227272727,-232.77629,4.01712
"2254",225.3,27.2833194029851,-232.86803,4.017
"2255",225.4,27.2602414,-232.832584158416,4.017
"2256",225.5,27.2112736,-232.732090909091,4.017
"2257",225.6,27.1921696,-232.64849,4.017
"2258",225.7,27.2029393939394,-232.49063559322,4.01864406779661
"2259",225.8,27.1771147058824,-232.476036144578,4.01709638554217
"2260",225.9,27.180804040404,-232.519275229358,4.01788073394495
"2261",226,27.1967684,-232.509908163265,4.01711224489796
"2262",226.1,27.1965424,-232.42245631068,4.01267961165049
"2263",226.2,27.1949733834586,-232.313444444444,4.01773333333333
"2264",226.3,27.1946919117647,-232.26676,4.01704
"2265",226.4,27.175362020202,-232.267909090909,4.017
"2266",226.5,27.1886148,-232.189834951456,4.017
"2267",226.6,27.1917816,-232.088092783505,4.01796907216495
"2268",226.7,27.2040309774436,-232.107089108911,4.018
"2269",226.8,27.2004255223881,-232.139401869159,4.018
"2270",226.9,27.1812188888889,-232.080176470588,4.01712745098039
"2271",227,27.1810725742574,-232.020631578947,4.01883157894737
"2272",227.1,27.1974152,-231.933684210526,4.01609473684211
"2273",227.2,27.207162,-231.94749,4.01794
"2274",227.3,27.2065385148515,-231.869518181818,4.01711818181818
"2275",227.4,27.1951493181818,-231.784161290323,4.017
"2276",227.5,27.1822492647059,-231.747020618557,4.017
"2277",227.6,27.1871876767677,-231.770675438596,4.017
"2278",227.7,27.1723536,-231.761894736842,4.017
"2279",227.8,27.1727948,-231.666197802198,4.01796703296703
"2280",227.9,27.1871931578947,-231.664779816514,4.01711009174312
"2281",228,27.1939313432836,-231.601494845361,4.01881443298969
"2282",228.1,27.2000488888889,-231.558212765957,4.019
"2283",228.2,27.1982035,-231.47649,4.01706
"2284",228.3,27.191909,-231.262278846154,4.017
"2285",228.4,27.2061329323308,-231.361669902913,4.017
"2286",228.5,27.23092,-231.369,4.017
"2287",228.6,27.2394577777778,-231.355101123596,4.01792134831461
"2288",228.7,27.2296483168317,-231.255833333333,4.01627777777778
"2289",228.8,27.2307413861386,-231.303092783505,4.01687628865979
"2290",228.9,27.2348315,-231.194666666667,4.01788888888889
"2291",229,27.1918406930693,-231.252731182796,4.01991397849462
"2292",229.1,27.1650340909091,-231.214303030303,4.01806060606061
"2293",229.2,27.158755882353,-231.114283185841,4.01714159292035
"2294",229.3,27.1841471428571,-231.032765957447,4.017
"2295",229.4,27.1898156,-230.865322580645,4.017
"2296",229.5,27.1946068,-230.899155963303,4.017
"2297",229.6,27.1963483458647,-230.886912621359,4.01614563106796
"2298",229.7,27.207052238806,-230.906921348315,4.01695505617978
"2299",229.8,27.2357266666667,-230.894424242424,4.017
"2300",229.9,27.2240783168317,-230.788033613445,4.01781512605042
"2301",230,27.2157188888889,-230.764951219512,4.01609756097561
"2302",230.1,27.2426217910448,-230.8178,4.01696
"2303",230.2,27.2453946268657,-230.72688,4.017
"2304",230.3,27.2374933333333,-230.555,4.017
"2305",230.4,27.2442258415842,-230.563515151515,4.017
"2306",230.5,27.2416766666667,-230.536148514851,4.017
"2307",230.6,27.2384458208955,-230.423432432432,4.017
"2308",230.7,27.2159266666667,-230.429181818182,4.017
"2309",230.8,27.230108,-230.31457,4.017
"2310",230.9,27.2246846534653,-230.40897,4.01894
"2311",231,27.2349988888889,-230.334586538462,4.01526923076923
"2312",231.1,27.261344,-230.297398058252,4.01680582524272
"2313",231.2,27.2642502970297,-230.244588235294,4.017
"2314",231.3,27.2487789473684,-230.235098901099,4.017
"2315",231.4,27.2459449253731,-230.13606,4.017
"2316",231.5,27.2276055555556,-230.090938053097,4.017
"2317",231.6,27.1810252475248,-230.130772727273,4.01604545454545
"2318",231.7,27.1622655555556,-230.014696969697,4.0169696969697
"2319",231.8,27.1655190225564,-230.023345454545,4.017
"2320",231.9,27.150806119403,-230.006417475728,4.01615533980583
"2321",232,27.1471163636364,-230.003954545455,4.01886363636364
"2322",232.1,27.1480124752475,-229.957345794393,4.01720560747664
"2323",232.2,27.1409781818182,-229.924078431373,4.017
"2324",232.3,27.1470547368421,-229.833,4.017
"2325",232.4,27.14379,-229.67636,4.017
"2326",232.5,27.18154,-229.7804,4.017
"2327",232.6,27.1836025742574,-229.879060606061,4.017
"2328",232.7,27.189214,-229.640350877193,4.01614912280702
"2329",232.8,27.191698,-229.491285714286,4.01782417582418
"2330",232.9,27.1930086138614,-229.538386138614,4.01708910891089
"2331",233,27.2039069924812,-229.585627659574,4.017
"2332",233.1,27.2009535820896,-229.516305084746,4.017
"2333",233.2,27.18699,-229.596757575758,4.017
"2334",233.3,27.1868013861386,-229.562276595745,4.017
"2335",233.4,27.1809133333333,-229.486476190476,4.017
"2336",233.5,27.1844957894737,-229.529857142857,4.01892857142857
"2337",233.6,27.1923985074627,-229.406897196262,4.01718691588785
"2338",233.7,27.228851,-229.388375,4.017
"2339",233.8,27.2479535,-229.381353535354,4.0160505050505
"2340",233.9,27.2515554545455,-229.328396694215,4.01678512396694
"2341",234,27.2435492537313,-229.318577319588,4.017
"2342",234.1,27.2536143283582,-229.2247125,4.017
"2343",234.2,27.242032,-229.131683168317,4.017
"2344",234.3,27.2502677227723,-229.116363636364,4.017
"2345",234.4,27.2731822222222,-229.002966942149,4.01780165289256
"2346",234.5,27.2870641044776,-229.01205,4.01705
"2347",234.6,27.320545,-228.966475247525,4.017
"2348",234.7,27.295618,-228.906806122449,4.017
"2349",234.8,27.280935,-228.764485981308,4.017
"2350",234.9,27.287369,-228.787113402062,4.01885567010309
"2351",235,27.3008945,-228.723943925234,4.01726168224299
"2352",235.1,27.297361,-228.76775,4.017
"2353",235.2,27.2850252631579,-228.7074,4.017
"2354",235.3,27.2958728358209,-228.7459375,4.0179375
"2355",235.4,27.291582,-228.713144329897,4.018
"2356",235.5,27.276955,-228.725445544554,4.0170396039604
"2357",235.6,27.3035265,-228.683333333333,4.017
"2358",235.7,27.3144927272727,-228.634419047619,4.0161619047619
"2359",235.8,27.2928074626866,-228.505272727273,4.01505681818182
"2360",235.9,27.2763008,-228.422,4.01582608695652
"2361",236,27.2804868,-228.435176470588,4.01694117647059
"2362",236.1,27.2820092,-228.358313131313,4.017
"2363",236.2,27.2725676691729,-228.29797029703,4.017
"2364",236.3,27.2705510294118,-228.346571428571,4.017
"2365",236.4,27.2877672727273,-228.278442307692,4.017
"2366",236.5,27.3049330693069,-228.2213125,4.01610416666667
"2367",236.6,27.2894645,-228.20535483871,4.01696774193548
"2368",236.7,27.2703585,-228.217652173913,4.017
"2369",236.8,27.2715423762376,-228.247976470588,4.01796470588235
"2370",236.9,27.2931933333333,-228.22402970297,4.0170396039604
"2371",237,27.307311,-228.107261682243,4.017
"2372",237.1,27.307108,-228.156204301075,4.017
"2373",237.2,27.3069865,-228.04668,4.017
"2374",237.3,27.2960282178218,-227.901140186916,4.01610280373832
"2375",237.4,27.2942633333333,-227.880459183673,4.01781632653061
"2376",237.5,27.2749164705882,-227.773547169811,4.01714150943396
"2377",237.6,27.2664222222222,-227.748359550562,4.017
"2378",237.7,27.255517,-227.758867924528,4.01337735849057
"2379",237.8,27.2251872727273,-227.713085106383,4.01395744680851
"2380",237.9,27.2231630075188,-227.693545454545,4.01690909090909
"2381",238,27.2224897058824,-227.58242,4.017
"2382",238.1,27.2271136363636,-227.66048,4.017
"2383",238.2,27.218221,-227.665552631579,4.017
"2384",238.3,27.2067836,-227.522382022472,4.01513483146067
"2385",238.4,27.1995551879699,-227.610607843137,4.01776470588235
"2386",238.5,27.2042276119403,-227.534666666667,4.01608333333333
"2387",238.6,27.1836009090909,-227.470878787879,4.0169696969697
"2388",238.7,27.2006868316832,-227.422724770642,4.01788990825688
"2389",238.8,27.2007522,-227.525307692308,4.01413186813187
"2390",238.9,27.1913026,-227.357089108911,4.01688118811881
"2391",239,27.2055903960396,-227.404109090909,4.017
"2392",239.1,27.2022265909091,-227.375642276423,4.017
"2393",239.2,27.2120247761194,-227.392454545455,4.01604545454545
"2394",239.3,27.240824950495,-227.377673267327,4.016
"2395",239.4,27.2455825,-227.22079661017,4.016
"2396",239.5,27.233935,-227.14365060241,4.01693975903614
"2397",239.6,27.2310745454545,-227.09672815534,4.01792233009709
"2398",239.7,27.2226760294118,-227.066166666667,4.01416666666667
"2399",239.8,27.2202627272727,-227.065,4.01758878504673
"2400",239.9,27.2433392,-227.079563636364,4.01719090909091
"2401",240,27.2731346,-227.041573170732,4.017
"2402",240.1,27.2837663157895,-227.065866666667,4.017
"2403",240.2,27.2788967647059,-227.001090909091,4.017
"2404",240.3,27.2932691836735,-226.959529411765,4.01608823529412
"2405",240.4,27.3127277227723,-226.919212765957,4.01696808510638
"2406",240.5,27.3410822,-226.928777777778,4.017
"2407",240.6,27.3383206766917,-226.926454545455,4.01790909090909
"2408",240.7,27.2973850746269,-226.925031578947,4.01606315789474
"2409",240.8,27.3056532,-226.800412844037,4.01688990825688
"2410",240.9,27.3260871287129,-226.709434782609,4.017
"2411",241,27.3467909090909,-226.755777777778,4.017
"2412",241.1,27.3401594,-226.72504,4.017
"2413",241.2,27.3159276237624,-226.660194174757,4.017
"2414",241.3,27.2991727067669,-226.588876404494,4.01795505617978
"2415",241.4,27.2943317910448,-226.562727272727,4.0170303030303
"2416",241.5,27.2935172727273,-226.524081818182,4.01611818181818
"2417",241.6,27.2817322,-226.491274725275,4.01408791208791
"2418",241.7,27.2945954,-226.496787878788,4.01787878787879
"2419",241.8,27.3009909090909,-226.456663366337,4.0170396039604
"2420",241.9,27.3050358823529,-226.424113043478,4.017
"2421",242,27.2858976767677,-226.465747368421,4.017
"2422",242.1,27.2750032,-226.467235955056,4.017
"2423",242.2,27.2934605,-226.436267326733,4.0179603960396
"2424",242.3,27.3117642857143,-226.45612,4.01704
"2425",242.4,27.3023694029851,-226.35354368932,4.017
"2426",242.5,27.2949548484848,-226.294504132231,4.01623140495868
"2427",242.6,27.2951163366337,-226.204428571429,4.01342857142857
"2428",242.7,27.2956531,-226.11452173913,4.01586956521739
"2429",242.8,27.2730423762376,-226.12732,4.01696
"2430",242.9,27.2729320792079,-226.157257142857,4.017
"2431",243,27.2942740909091,-226.091320754717,4.017
"2432",243.1,27.2915476470588,-226.033202247191,4.01604494382022
"2433",243.2,27.2987663636364,-225.947330275229,4.01776146788991
"2434",243.3,27.3003322,-225.929380434783,4.01705434782609
"2435",243.4,27.3117386,-225.878141414141,4.017
"2436",243.5,27.3075069924812,-225.868216216216,4.01440540540541
"2437",243.6,27.3152002941176,-225.795203883495,4.01647572815534
"2438",243.7,27.3070036363636,-225.805448275862,4.017
"2439",243.8,27.287584,-225.820571428571,4.017
"2440",243.9,27.3098886868687,-225.732833333333,4.017
"2441",244,27.3116596240602,-225.621285714286,4.017
"2442",244.1,27.2891320895522,-225.6656,4.01604210526316
"2443",244.2,27.2608435353535,-225.687384615385,4.016
"2444",244.3,27.2682234653465,-225.632831578947,4.01696842105263
"2445",244.4,27.2450796,-225.646411214953,4.017
"2446",244.5,27.230875,-225.582059405941,4.01610891089109
"2447",244.6,27.2430056060606,-225.533369565217,4.01696739130435
"2448",244.7,27.2426337373737,-225.524316831683,4.0160396039604
"2449",244.8,27.243124950495,-225.513846153846,4.01692307692308
"2450",244.9,27.238015050505,-225.473708333333,4.017
"2451",245,27.2650624752475,-225.419384615385,4.017
"2452",245.1,27.2801055,-225.497980392157,4.017
"2453",245.2,27.2843999253731,-225.404142857143,4.01608163265306
"2454",245.3,27.2962188059701,-225.340514563107,4.0168932038835
"2455",245.4,27.2802676767677,-225.404817204301,4.01508602150538
"2456",245.5,27.2887830693069,-225.308121212121,4.01693939393939
"2457",245.6,27.2909158585859,-225.26523,4.01797
"2458",245.7,27.275236119403,-225.3125,4.01711818181818
"2459",245.8,27.271565,-225.174,4.017
"2460",245.9,27.2791806060606,-225.185711711712,4.017
"2461",246,27.2749746534653,-225.119851851852,4.01604938271605
"2462",246.1,27.2850319191919,-224.92112,4.016
"2463",246.2,27.299456119403,-225.040698113208,4.01781132075472
"2464",246.3,27.3138712121212,-225.04041509434,4.01630188679245
"2465",246.4,27.3187556,-225.021586206897,4.01889655172414
"2466",246.5,27.3188721782178,-224.953561904762,4.01992380952381
"2467",246.6,27.3309471717172,-224.921852631579,4.01612631578947
"2468",246.7,27.3100412,-224.90548,4.01697
"2469",246.8,27.3068336633663,-224.82352,4.01603
"2470",246.9,27.320012481203,-224.84234,4.01697
"2471",247,27.3115129411765,-224.7557,4.017
"2472",247.1,27.2975216161616,-224.935741071429,4.017
"2473",247.2,27.2919127,-224.758261363636,4.01603409090909
"2474",247.3,27.2900665,-224.77525,4.01794
"2475",247.4,27.2936388721805,-224.71295,4.01509
"2476",247.5,27.3178204477612,-224.620722772277,4.01692079207921
"2477",247.6,27.3048337373737,-224.689648648649,4.017
"2478",247.7,27.3018718811881,-224.674258426966,4.017
"2479",247.8,27.3087974747475,-224.60484,4.017
"2480",247.9,27.3061789552239,-224.61256,4.01604
"2481",248,27.3092478787879,-224.54388,4.01696
"2482",248.1,27.307468,-224.442473684211,4.01615789473684
"2483",248.2,27.2913062376238,-224.408564705882,4.016
"2484",248.3,27.3019247474747,-224.42237037037,4.01510185185185
"2485",248.4,27.3213837313433,-224.266096774194,4.01308602150538
"2486",248.5,27.3454590909091,-224.24748,4.01588
"2487",248.6,27.370418,-224.319672897196,4.016
"2488",248.7,27.377892,-224.340440860215,4.016
"2489",248.8,27.3610812,-224.307060606061,4.016
"2490",248.9,27.3456888,-224.289245454545,4.01688181818182
"2491",249,27.3473212,-224.2199375,4.01609375
"2492",249.1,27.3509514925373,-224.170852631579,4.01695789473684
"2493",249.2,27.3657598507463,-224.098411764706,4.017
"2494",249.3,27.3764313,-223.958329896907,4.017
"2495",249.4,27.3807305,-223.89968,4.01797
"2496",249.5,27.3549182828283,-223.988277227723,4.0170396039604
"2497",249.6,27.3314332835821,-223.990188679245,4.017
"2498",249.7,27.3534575757576,-223.884226804124,4.017
"2499",249.8,27.3291152,-223.9554375,4.01603125
"2500",249.9,27.3252196,-223.855237623762,4.0169603960396
"2501",250,27.3298227272727,-223.858714285714,4.01614285714286
"2502",250.1,27.3313997761194,-223.767409090909,4.016
"2503",250.2,27.3393618181818,-223.71404,4.01696
"2504",250.3,27.3557126732673,-223.73024,4.01508
"2505",250.4,27.3580932673267,-223.704818181818,4.01790909090909
"2506",250.5,27.3567625252525,-223.60312,4.01606
"2507",250.6,27.3832771287129,-223.644342857143,4.01692380952381
"2508",250.7,27.3915294,-223.570526315789,4.01603157894737
"2509",250.8,27.3840072180451,-223.55345,4.016
"2510",250.9,27.3883946268657,-223.537112068965,4.016
"2511",251,27.3959927,-223.5754,4.016
"2512",251.1,27.3805809,-223.434940594059,4.01690099009901
"2513",251.2,27.3654257575758,-223.400052631579,4.01605263157895
"2514",251.3,27.3780082089552,-223.417418367347,4.0150306122449
"2515",251.4,27.3787381818182,-223.39302970297,4.0159603960396
"2516",251.5,27.3724424,-223.319272727273,4.016
"2517",251.6,27.3840764,-223.280738317757,4.01690654205608
"2518",251.7,27.3693345454545,-223.287909090909,4.01609090909091
"2519",251.8,27.360496962963,-223.190255319149,4.016
"2520",251.9,27.3710584848485,-223.251346534653,4.016
"2521",252,27.379346,-223.157119266055,4.016
"2522",252.1,27.3699377227723,-223.164673267327,4.01686138613861
"2523",252.2,27.3671539,-223.150626262626,4.017
"2524",252.3,27.3736560606061,-223.1944,4.01893333333333
"2525",252.4,27.3699590909091,-223.096118811881,4.01707920792079
"2526",252.5,27.3825547,-223.16496,4.01604
"2527",252.6,27.4142171,-223.001212121212,4.016
"2528",252.7,27.4338646,-223.074752475248,4.0169603960396
"2529",252.8,27.4266608,-223.057636363636,4.0160303030303
"2530",252.9,27.4128203960396,-223.09968,4.016
"2531",253,27.4120263157895,-223.05735,4.016
"2532",253.1,27.4014208955224,-222.97161,4.016
"2533",253.2,27.4139568,-222.874645454545,4.01952727272727
"2534",253.3,27.422795049505,-222.882327102804,4.0183738317757
"2535",253.4,27.4173329,-222.999842105263,4.01631578947368
"2536",253.5,27.4119416541353,-222.976353535354,4.016
"2537",253.6,27.3973763636364,-222.852422222222,4.016
"2538",253.7,27.3920168,-222.815633663366,4.016
"2539",253.8,27.4016744,-222.7532,4.01505
"2540",253.9,27.4137828,-222.807575757576,4.01691919191919
"2541",254,27.414962481203,-222.677897435897,4.01617948717949
"2542",254.1,27.4308109090909,-222.667688172043,4.016
"2543",254.2,27.4258032,-222.6667,4.01342
"2544",254.3,27.4286901,-222.517291666667,4.01658333333333
"2545",254.4,27.4398871,-222.60603960396,4.01610891089109
"2546",254.5,27.4130143,-222.529043010753,4.016
"2547",254.6,27.3868545,-222.61023364486,4.016
"2548",254.7,27.3606685074627,-222.560378640777,4.0168640776699
"2549",254.8,27.337098358209,-222.561511111111,4.01508888888889
"2550",254.9,27.375554,-222.44008,4.01692
"2551",255,27.3896388,-222.441461538462,4.01607692307692
"2552",255.1,27.3969436,-222.331979381443,4.016
"2553",255.2,27.392119924812,-222.338666666667,4.01419047619048
"2554",255.3,27.3802909090909,-222.2986,4.0158
"2555",255.4,27.3814787,-222.269106382979,4.016
"2556",255.5,27.3860079,-222.18256,4.016
"2557",255.6,27.3933765,-222.222408695652,4.016
"2558",255.7,27.3997926315789,-222.271064516129,4.01687096774194
"2559",255.8,27.4119131343284,-222.218333333333,4.01613725490196
"2560",255.9,27.4227964646465,-222.227859649123,4.016
"2561",256,27.4130262376238,-222.164805194805,4.016
"2562",256.1,27.4114473,-222.21296460177,4.0168407079646
"2563",256.2,27.3980921052631,-222.141,4.01413953488372
"2564",256.3,27.3736774626865,-222.174846153846,4.01584615384615
"2565",256.4,27.4091223232323,-222.153340206186,4.016
"2566",256.5,27.413825,-222.07885,4.016
"2567",256.6,27.413025,-222.028783783784,4.016
"2568",256.7,27.403215,-221.974237113402,4.01686597938144
"2569",256.8,27.4136598019802,-221.97153125,4.017
"2570",256.9,27.4152436842105,-221.956035087719,4.01620175438596
"2571",257,27.3982959701493,-221.918728395062,4.016
"2572",257.1,27.4014255,-221.920801980198,4.0150495049505
"2573",257.2,27.4193915,-221.841688073395,4.01848623853211
"2574",257.3,27.4270092,-221.820444444444,4.01613333333333
"2575",257.4,27.4132615789474,-221.709742574257,4.016
"2576",257.5,27.4016419402985,-221.66144,4.016
"2577",257.6,27.4053780808081,-221.653764705882,4.016
"2578",257.7,27.407105,-221.663595505618,4.016
"2579",257.8,27.40323,-221.6208,4.016
"2580",257.9,27.4026019548872,-221.670326732673,4.016
"2581",258,27.4068168656716,-221.625072072072,4.016
"2582",258.1,27.4132708080808,-221.636090909091,4.01504545454545
"2583",258.2,27.4097183168317,-221.60532,4.01404
"2584",258.3,27.389855,-221.503247524752,4.01590099009901
"2585",258.4,27.39183,-221.47995,4.016
"2586",258.5,27.4187079207921,-221.474476190476,4.016
"2587",258.6,27.4284157894737,-221.473203539823,4.016
"2588",258.7,27.4185191044776,-221.283317073171,4.01693902439024
"2589",258.8,27.4316223,-221.264870967742,4.01623387096774
"2590",258.9,27.4325702,-221.367308641975,4.016
"2591",259,27.4371994,-221.118702127659,4.01695744680851
"2592",259.1,27.4364768421053,-221.15596,4.01412
"2593",259.2,27.4405686567164,-221.157119266055,4.01576146788991
"2594",259.3,27.4632353535354,-221.117802197802,4.016
"2595",259.4,27.45138,-221.15056,4.016
"2596",259.5,27.448835,-221.192373831776,4.016
"2597",259.6,27.4643430827068,-221.159677419355,4.01695698924731
"2598",259.7,27.454782238806,-221.118727272727,4.01525454545455
"2599",259.8,27.4435936363636,-221.08548,4.01586
"2600",259.9,27.4445985148515,-220.977150943396,4.016
"2601",260,27.43972,-221.002777777778,4.01688888888889
"2602",260.1,27.4401253383459,-221.005210526316,4.017
"2603",260.2,27.441027761194,-221.004095238095,4.01609523809524
"2604",260.3,27.4383325252525,-221.029578947368,4.016
"2605",260.4,27.4467945544554,-220.9303,4.016
"2606",260.5,27.4487904040404,-220.94362745098,4.016
"2607",260.6,27.4373278,-220.885818181818,4.016
"2608",260.7,27.4511655445545,-220.837611111111,4.01774074074074
"2609",260.8,27.4784305263158,-220.849901098901,4.01610989010989
"2610",260.9,27.48787,-220.688403846154,4.01691346153846
"2611",261,27.4672797979798,-220.732235849057,4.01528301886792
"2612",261.1,27.46507,-220.708,4.01661904761905
"2613",261.2,27.4506,-220.755238095238,4.01604761904762
"2614",261.3,27.4366833082707,-220.62758490566,4.016
"2615",261.4,27.4270262686567,-220.617711340206,4.016
"2616",261.5,27.4524416161616,-220.62087628866,4.016
"2617",261.6,27.4523128,-220.63732,4.01696
"2618",261.7,27.4404313,-220.650356435644,4.0160495049505
"2619",261.8,27.4393966917293,-220.769333333333,4.016
"2620",261.9,27.430071641791,-220.581081395349,4.01317441860465
"2621",262,27.4577151515152,-220.5775,4.0187
"2622",262.1,27.4522930693069,-220.565389380531,4.0173185840708
"2623",262.2,27.4377082,-220.536609195402,4.01605747126437
"2624",262.3,27.4319495,-220.492777777778,4.016
"2625",262.4,27.4448188118812,-220.397851485149,4.016
"2626",262.5,27.4613856060606,-220.378891089109,4.016
"2627",262.6,27.4599017647059,-220.478092592593,4.01687037037037
"2628",262.7,27.4229697979798,-220.428736263736,4.01605494505494
"2629",262.8,27.4162307,-220.435961538462,4.01691346153846
"2630",262.9,27.4333978,-220.366115789474,4.017
"2631",263,27.4388590977444,-220.333666666667,4.01611111111111
"2632",263.1,27.4416464705882,-220.340495412844,4.016
"2633",263.2,27.4718058585859,-220.313740740741,4.016
"2634",263.3,27.4799407,-220.235736842105,4.016
"2635",263.4,27.4709007,-220.2234,4.016
"2636",263.5,27.4592016541353,-220.234287128713,4.016
"2637",263.6,27.4533746268657,-220.228549019608,4.01646078431373
"2638",263.7,27.4638436363636,-220.22168627451,4.01695098039216
"2639",263.8,27.4743481188119,-220.2385,4.016
"2640",263.9,27.466926,-220.168377777778,4.02268888888889
"2641",264,27.4556921641791,-220.033831683168,4.01729702970297
"2642",264.1,27.463805,-220.081696969697,4.0160404040404
"2643",264.2,27.4737466666667,-220.073544554455,4.016
"2644",264.3,27.4727259405941,-220.113303030303,4.016
"2645",264.4,27.4921884848485,-220.021762589928,4.016
"2646",264.5,27.496837029703,-219.999904761905,4.016
"2647",264.6,27.4894234,-219.960362416107,4.01473825503356
"2648",264.7,27.4920858955224,-220.001217391304,4.01530434782609
"2649",264.8,27.5021892537313,-219.974197802198,4.01767032967033
"2650",264.9,27.4798127272727,-219.970225806452,4.01708602150538
"2651",265,27.4832769306931,-219.954192307692,4.01611538461538
"2652",265.1,27.4982023232323,-219.799913043478,4.016
"2653",265.2,27.4852798507463,-219.790451327434,4.016
"2654",265.3,27.4799507575758,-219.863489583333,4.016
"2655",265.4,27.4745381818182,-219.744021978022,4.016
"2656",265.5,27.4641702970297,-219.705683168317,4.01409900990099
"2657",265.6,27.4723524242424,-219.7306,4.01685
"2658",265.7,27.4949010447761,-219.682101010101,4.0160404040404
"2659",265.8,27.4966667164179,-219.647700934579,4.01510280373832
"2660",265.9,27.4513538,-219.549319148936,4.015
"2661",266,27.4359051485149,-219.7283,4.01595
"2662",266.1,27.4558997979798,-219.654968503937,4.016
"2663",266.2,27.4565333,-219.593465753425,4.016
"2664",266.3,27.4753176237624,-219.64135,4.016
"2665",266.4,27.4887807575758,-219.622333333333,4.016
"2666",266.5,27.4724132835821,-219.612774193548,4.016
"2667",266.6,27.4712121212121,-219.46293877551,4.016
"2668",266.7,27.4537532673267,-219.417578947368,4.016
"2669",266.8,27.4576878787879,-219.48701010101,4.01408080808081
"2670",266.9,27.4750086567164,-219.475742574257,4.01590099009901
"2671",267,27.4781456716418,-219.43035,4.016
"2672",267.1,27.4721288,-219.4603,4.016
"2673",267.2,27.4623556,-219.434058823529,4.016
"2674",267.3,27.4509164,-219.405925233645,4.016
"2675",267.4,27.4384187218045,-219.417795918367,4.016
"2676",267.5,27.4294636363636,-219.40852173913,4.016
"2677",267.6,27.4427064,-219.314851485149,4.016
"2678",267.7,27.4487502970297,-219.2625,4.01515178571429
"2679",267.8,27.4595742574257,-219.229195402299,4.01595402298851
"2680",267.9,27.4642330827068,-219.208631578947,4.016
"2681",268,27.4497760606061,-219.258724137931,4.016
"2682",268.1,27.4717395,-219.0663,4.016
"2683",268.2,27.4882045,-219.113161016949,4.016
"2684",268.3,27.491191,-219.096951219512,4.016
"2685",268.4,27.4917606,-218.9791,4.016
"2686",268.5,27.4679526,-219.09903960396,4.01694059405941
"2687",268.6,27.44097,-219.075091743119,4.0161376146789
"2688",268.7,27.4466334328358,-218.964222222222,4.01316666666667
"2689",268.8,27.4676634343434,-218.964273584906,4.01748113207547
"2690",268.9,27.4502957,-218.984139784946,4.01512903225806
"2691",269,27.4583197,-219.00496039604,4.01595049504951
"2692",269.1,27.4685685714286,-218.906202020202,4.016
"2693",269.2,27.4707663636364,-218.998914285714,4.016
"2694",269.3,27.4777076,-219.034656565657,4.016
"2695",269.4,27.4760808,-219.036051546392,4.0178969072165
"2696",269.5,27.4672752,-218.936297029703,4.01517821782178
"2697",269.6,27.4626204511278,-218.887795918367,4.015
"2698",269.7,27.4685472727273,-218.964915254237,4.015
"2699",269.8,27.4821091089109,-218.878686746988,4.01687951807229
"2700",269.9,27.4840235643564,-218.883565217391,4.01617391304348
"2701",270,27.4743335,-218.834235294118,4.016
"2702",270.1,27.4770005,-218.773424242424,4.016
"2703",270.2,27.4713793,-218.793303030303,4.016
"2704",270.3,27.4524315909091,-218.7455,4.016
"2705",270.4,27.4657758208955,-218.719710743802,4.01523140495868
"2706",270.5,27.5053148,-218.7292,4.015
"2707",270.6,27.4909416,-218.64475,4.01595833333333
"2708",270.7,27.4842492,-218.743787878788,4.016
"2709",270.8,27.4918381203008,-218.62575,4.016
"2710",270.9,27.4936225373134,-218.520291262136,4.016
"2711",271,27.489276,-218.459878787879,4.016
"2712",271.1,27.4902036,-218.560300970874,4.016
"2713",271.2,27.4852284,-218.49219266055,4.016
"2714",271.3,27.4838568656716,-218.591260416667,4.016
"2715",271.4,27.4978505970149,-218.620225806452,4.016
"2716",271.5,27.5158442424242,-218.56366,4.016
"2717",271.6,27.5138679207921,-218.536262626263,4.0150505050505
"2718",271.7,27.4976286,-218.4647,4.01595
"2719",271.8,27.4955527067669,-218.48475,4.01505
"2720",271.9,27.512338358209,-218.413070707071,4.0159595959596
"2721",272,27.523243030303,-218.386827586207,4.016
"2722",272.1,27.5327216,-218.355333333333,4.016
"2723",272.2,27.5138984,-218.417530612245,4.01505102040816
"2724",272.3,27.4960543434343,-218.27945,4.015
"2725",272.4,27.4998182178218,-218.266242424242,4.0159595959596
"2726",272.5,27.5011972932331,-218.340754098361,4.016
"2727",272.6,27.5087213432836,-218.3425,4.01415
"2728",272.7,27.4971488,-218.299222222222,4.0130505050505
"2729",272.8,27.4705192,-218.33975,4.01585
"2730",272.9,27.4882944,-218.33535,4.016
"2731",273,27.4891702255639,-218.303091603053,4.016
"2732",273.1,27.4544983333333,-218.208473684211,4.016
"2733",273.2,27.4718404,-218.105897959184,4.016
"2734",273.3,27.4992697029703,-218.181360824742,4.01414432989691
"2735",273.4,27.4933632,-218.095,4.01488571428571
"2736",273.5,27.4796781954887,-218.01185106383,4.01593617021277
"2737",273.6,27.4927252238806,-217.995606060606,4.0150505050505
"2738",273.7,27.5204031313131,-217.929907407407,4.015
"2739",273.8,27.5327158,-217.945586956522,4.01594565217391
"2740",273.9,27.5140759,-217.83600990099,4.016
"2741",274,27.5131541,-217.985666666667,4.016
"2742",274.1,27.5180782178218,-217.974283018868,4.016
"2743",274.2,27.5088696969697,-217.866136842105,4.01693684210526
"2744",274.3,27.5096313432836,-217.827666666667,4.0160505050505
"2745",274.4,27.5341612,-217.793718446602,4.016
"2746",274.5,27.5249595,-217.805081632653,4.0169387755102
"2747",274.6,27.5104364,-217.678767676768,4.02174747474747
"2748",274.7,27.5124715037594,-217.61595,4.0144
"2749",274.8,27.52952,-217.63698989899,4.01591919191919
"2750",274.9,27.5245038383838,-217.709287128713,4.016
"2751",275,27.5185751,-217.667227272727,4.016
"2752",275.1,27.5161276,-217.632611111111,4.01505555555556
"2753",275.2,27.5132877443609,-217.592837606838,4.01418803418803
"2754",275.3,27.5163691044776,-217.694891566265,4.01493975903614
"2755",275.4,27.5128011111111,-217.7951,4.01595
"2756",275.5,27.5258125742574,-217.6328,4.01885
"2757",275.6,27.5544243,-217.637693693694,4.01472072072072
"2758",275.7,27.5510790225564,-217.627730337079,4.01588764044944
"2759",275.8,27.5247028358209,-217.596698275862,4.016
"2760",275.9,27.5345632323232,-217.542976190476,4.016
"2761",276,27.541779009901,-217.497293577982,4.016
"2762",276.1,27.566665959596,-217.431461538462,4.016
"2763",276.2,27.5587008,-217.52585,4.01505
"2764",276.3,27.5322359405941,-217.486138888889,4.015
"2765",276.4,27.5196530075188,-217.437445652174,4.01594565217391
"2766",276.5,27.5161,-217.440732758621,4.01436206896552
"2767",276.6,27.5255581818182,-217.455021978022,4.01747252747253
"2768",276.7,27.523097,-217.385086021505,4.01516129032258
"2769",276.8,27.5204642,-217.3392,4.01595
"2770",276.9,27.506234887218,-217.356191919192,4.016
"2771",277,27.5027188059702,-217.316486238532,4.016
"2772",277.1,27.516873030303,-217.186329896907,4.016
"2773",277.2,27.5090726,-217.361473684211,4.01505263157895
"2774",277.3,27.4868162,-217.18295959596,4.0159595959596
"2775",277.4,27.4772794736842,-217.197857142857,4.01508571428571
"2776",277.5,27.4880274626866,-217.125625,4.015
"2777",277.6,27.4846054545455,-217.198554455446,4.01672277227723
"2778",277.7,27.4851451485149,-217.178555555556,4.01604444444444
"2779",277.8,27.4800758,-217.03588,4.016
"2780",277.9,27.4710912,-217.037603960396,4.016
"2781",278,27.4730525742574,-217.098603448276,4.016
"2782",278.1,27.4705165909091,-217.147738095238,4.01694047619048
"2783",278.2,27.4675736764706,-217.156214953271,4.01522429906542
"2784",278.3,27.4866246464646,-217.061430107527,4.01594623655914
"2785",278.4,27.508955,-217.07215,4.0179
"2786",278.5,27.505245,-217.035745098039,4.01706862745098
"2787",278.6,27.4984566917293,-216.977959183673,4.017
"2788",278.7,27.5069135294118,-216.975,4.01605
"2789",278.8,27.526372020202,-216.9503,4.016
"2790",278.9,27.5589216831683,-216.9243,4.016
"2791",279,27.5447635,-216.9762,4.01505
"2792",279.1,27.5483930075188,-216.89617948718,4.01581196581197
"2793",279.2,27.5717034328358,-216.884428571429,4.01692857142857
"2794",279.3,27.5480222222222,-216.812102040816,4.01604081632653
"2795",279.4,27.541444950495,-216.84164,4.01408
"2796",279.5,27.5569814141414,-216.76600990099,4.01685148514852
"2797",279.6,27.5641032835821,-216.736009433962,4.01520754716981
"2798",279.7,27.5788872727273,-216.74902,4.01589
"2799",279.8,27.5727334,-216.82485106383,4.016
"2800",279.9,27.5594424,-216.72994017094,4.016
"2801",280,27.5899336363636,-216.654071428571,4.01507142857143
"2802",280.1,27.59741,-216.64154,4.01406
"2803",280.2,27.6063016831683,-216.685235294118,4.01478991596639
"2804",280.3,27.6216972180451,-216.681166666667,4.015
"2805",280.4,27.6318060294118,-216.633611111111,4.01877777777778
"2806",280.5,27.6249836363636,-216.618226890756,4.01421008403361
"2807",280.6,27.6097514851485,-216.609635294118,4.01568235294118
"2808",280.7,27.589495050505,-216.498043859649,4.016
"2809",280.8,27.5928854887218,-216.590602409639,4.016
"2810",280.9,27.6122525373134,-216.46660952381,4.016
"2811",281,27.6220672727273,-216.42918627451,4.01512745098039
"2812",281.1,27.6337694117647,-216.474237623762,4.01413861386139
"2813",281.2,27.6314823232323,-216.486479166667,4.01579166666667
"2814",281.3,27.6226673134328,-216.547631578947,4.016
"2815",281.4,27.6273209090909,-216.47998989899,4.01120202020202
"2816",281.5,27.6454927272727,-216.402966101695,4.0134406779661
"2817",281.6,27.6229477227723,-216.359212121212,4.01478787878788
"2818",281.7,27.6283927272727,-216.334341176471,4.01592941176471
"2819",281.8,27.643829,-216.355218181818,4.01514545454545
"2820",281.9,27.6331534653465,-216.29293258427,4.015
"2821",282,27.6268109774436,-216.10755,4.015
"2822",282.1,27.6219020895522,-216.297405940594,4.01594059405941
"2823",282.2,27.6274981818182,-216.310959183673,4.01504081632653
"2824",282.3,27.6511963366337,-216.314428571429,4.01757142857143
"2825",282.4,27.6600209090909,-216.224875,4.015375
"2826",282.5,27.6578971641791,-216.247574468085,4.015
"2827",282.6,27.6464495522388,-216.221224489796,4.01595918367347
"2828",282.7,27.6376866,-216.216717948718,4.016
"2829",282.8,27.6499961386139,-216.17555952381,4.016
"2830",282.9,27.6325774747475,-216.16825,4.016
"2831",283,27.6152910447761,-216.231942307692,4.01508653846154
"2832",283.1,27.6182878787879,-216.1834,4.015
"2833",283.2,27.6096694,-216.173145454545,4.015
"2834",283.3,27.6081222,-216.092688888889,4.01786666666667
"2835",283.4,27.6021290909091,-216.04004,4.01704
"2836",283.5,27.5911942537313,-216.070316831683,4.01509900990099
"2837",283.6,27.5912922727273,-215.971722222222,4.015
"2838",283.7,27.598447,-216.008226804124,4.015
"2839",283.8,27.5949385,-215.9852,4.0159
"2840",283.9,27.603374,-215.976315789474,4.016
"2841",284,27.631136,-215.97695,4.0141
"2842",284.1,27.6350575,-215.9257,4.0159
"2843",284.2,27.6142276119403,-215.954090909091,4.01513636363636
"2844",284.3,27.604148358209,-216.061,4.01405555555556
"2845",284.4,27.6048676,-215.927607476636,4.01755140186916
"2846",284.5,27.5999833663366,-215.849076923077,4.01546153846154
"2847",284.6,27.6021583838384,-215.919136363636,4.01595454545455
"2848",284.7,27.602857761194,-215.94412,4.01504
"2849",284.8,27.6092312121212,-215.934544554455,4.015
"2850",284.9,27.6147328,-215.84927027027,4.01414414414414
"2851",285,27.6008464,-215.865202247191,4.01494382022472
"2852",285.1,27.5906614,-215.830055555556,4.015
"2853",285.2,27.5760112030075,-215.768221052632,4.01591578947368
"2854",285.3,27.5668422727273,-215.784591836735,4.01318367346939
"2855",285.4,27.5709975,-215.651171717172,4.01489898989899
"2856",285.5,27.5768175,-215.66775,4.01595
"2857",285.6,27.5822585,-215.591871287129,4.016
"2858",285.7,27.579996,-215.60598989899,4.016
"2859",285.8,27.565793,-215.6298,4.01505
"2860",285.9,27.5681783458647,-215.632881188119,4.015
"2861",286,27.5758349253731,-215.63582,4.01406
"2862",286.1,27.5674395,-215.52226,4.01588
"2863",286.2,27.6004265,-215.52628,4.01694
"2864",286.3,27.623595,-215.495939130435,4.01454782608696
"2865",286.4,27.6493076691729,-215.482923076923,4.01486813186813
"2866",286.5,27.6764194029851,-215.478255319149,4.01593617021277
"2867",286.6,27.679418,-215.489168316832,4.016
"2868",286.7,27.6951431683168,-215.527010204082,4.01505102040816
"2869",286.8,27.6692207920792,-215.4739,4.01405
"2870",286.9,27.6588884962406,-215.356315315315,4.01742342342342
"2871",287,27.6712809090909,-215.371730769231,4.01638461538461
"2872",287.1,27.6616274,-215.318640776699,4.01522330097087
"2873",287.2,27.6822684,-215.378,4.01589534883721
"2874",287.3,27.6921794,-215.346239583333,4.016
"2875",287.4,27.6992667669173,-215.32025,4.016
"2876",287.5,27.7013371641791,-215.205,4.01505
"2877",287.6,27.6771336363636,-215.237672566372,4.015
"2878",287.7,27.698583,-215.329860465116,4.01595348837209
"2879",287.8,27.7242633333333,-215.286475247525,4.0169504950495
"2880",287.9,27.7106052,-215.25201980198,4.01511881188119
"2881",288,27.6941256435644,-215.261510204082,4.015
"2882",288.1,27.6907618045113,-215.157445544554,4.01690099009901
"2883",288.2,27.6869062686567,-215.207495049505,4.01511881188119
"2884",288.3,27.6433595,-215.257216666667,4.01343333333333
"2885",288.4,27.6081055,-215.202475,4.015775
"2886",288.5,27.603037,-215.185579439252,4.0151214953271
"2887",288.6,27.6115763157895,-215.182206185567,4.015
"2888",288.7,27.6107733333333,-215.172526315789,4.015
"2889",288.8,27.609484950495,-215.146603960396,4.015
"2890",288.9,27.6061205940594,-215.168299145299,4.01580341880342
"2891",289,27.5809628,-215.02,4.01506097560976
"2892",289.1,27.5937851127819,-215.0822,4.0131
"2893",289.2,27.6228818181818,-214.944783783784,4.01556756756757
"2894",289.3,27.613699,-215.00164,4.01516
"2895",289.4,27.610842,-214.905571428571,4.015
"2896",289.5,27.6208465,-214.944956521739,4.015
"2897",289.6,27.6203165,-214.913868686869,4.015
"2898",289.7,27.628625049505,-214.922378151261,4.015
"2899",289.8,27.6366594656489,-215.06949382716,4.01312345679012
"2900",289.9,27.636844477612,-215.013954954955,4.01471171171171
"2901",290,27.6198072,-214.947,4.015
"2902",290.1,27.5964088,-214.970626373626,4.0178021978022
"2903",290.2,27.6064332,-214.90344,4.0133
"2904",290.3,27.6123407462687,-214.99582,4.01488
"2905",290.4,27.6121146268657,-214.89108,4.015
"2906",290.5,27.6135005,-214.8699,4.015
"2907",290.6,27.6272118811881,-214.896752380952,4.015
"2908",290.7,27.628199,-214.771161904762,4.01584761904762
"2909",290.8,27.6289402255639,-214.824615384615,4.016
"2910",290.9,27.6428747761194,-214.75288,4.01507
"2911",291,27.64311,-214.781216981132,4.01587735849057
"2912",291.1,27.6437345,-214.667928571429,4.01422448979592
"2913",291.2,27.6260005,-214.75590625,4.01492708333333
"2914",291.3,27.6245933333333,-214.745747663551,4.015
"2915",291.4,27.6397544776119,-214.598406593407,4.015
"2916",291.5,27.6200693939394,-214.58023364486,4.015
"2917",291.6,27.6153225,-214.661382978723,4.015
"2918",291.7,27.6100189,-214.55138,4.01594
"2919",291.8,27.6208636,-214.62578,4.016
"2920",291.9,27.6172133663366,-214.689633663366,4.016
"2921",292,27.6106994736842,-214.703489795918,4.016
"2922",292.1,27.6101440298508,-214.518702970297,4.016
"2923",292.2,27.5905364,-214.51264,4.01412
"2924",292.3,27.6076863366337,-214.451574257426,4.01493069306931
"2925",292.4,27.629791,-214.528727272727,4.015
"2926",292.5,27.6369065413534,-214.537449541284,4.015
"2927",292.6,27.6395037313433,-214.582388888889,4.015
"2928",292.7,27.6141833333333,-214.413811881188,4.015
"2929",292.8,27.6110708,-214.403846846847,4.015
"2930",292.9,27.6055476,-214.404,4.015
"2931",293,27.6022347368421,-214.387903846154,4.01768269230769
"2932",293.1,27.6196894029851,-214.275677083333,4.018
"2933",293.2,27.6503926262626,-214.300818181818,4.01518181818182
"2934",293.3,27.6490237,-214.293245283019,4.015
"2935",293.4,27.6537819,-214.200255319149,4.015
"2936",293.5,27.6504229,-214.201230769231,4.015
"2937",293.6,27.6339048514851,-214.229,4.015
"2938",293.7,27.6248718181818,-214.190315789474,4.015
"2939",293.8,27.6149270588235,-214.175570093458,4.015
"2940",293.9,27.609196969697,-214.158252631579,4.015
"2941",294,27.6252455,-214.072611111111,4.01586111111111
"2942",294.1,27.63351,-214.090767676768,4.01514141414141
"2943",294.2,27.63915,-214.085039215686,4.015
"2944",294.3,27.6455229411765,-214.030146067416,4.015
"2945",294.4,27.6233143434343,-213.918029411765,4.015
"2946",294.5,27.6123238613861,-213.846465346535,4.01592079207921
"2947",294.6,27.6136556,-213.891268041237,4.01410309278351
"2948",294.7,27.6255005263158,-214.011619047619,4.01580952380952
"2949",294.8,27.6340213432836,-213.979,4.0150625
"2950",294.9,27.6226087878788,-213.89516,4.015
"2951",295,27.6215354455446,-213.855980952381,4.01589523809524
"2952",295.1,27.6258731313131,-213.87158,4.016
"2953",295.2,27.6237685714286,-213.84018,4.01511
"2954",295.3,27.6181770149254,-213.875864583333,4.015
"2955",295.4,27.6204875757576,-213.826393939394,4.015
"2956",295.5,27.623112970297,-213.804535714286,4.015
"2957",295.6,27.6128260606061,-213.886381443299,4.015
"2958",295.7,27.6123662,-213.8459,4.01585
"2959",295.8,27.6218547524752,-213.877098901099,4.01506593406593
"2960",295.9,27.6173014285714,-213.833,4.01158181818182
"2961",296,27.6125205882353,-213.804,4.017125
"2962",296.1,27.6281122222222,-213.692294117647,4.01541176470588
"2963",296.2,27.6332434,-213.700979166667,4.015
"2964",296.3,27.6269208,-213.719773195876,4.015
"2965",296.4,27.6207757142857,-213.647147058824,4.015
"2966",296.5,27.6415120895523,-213.616407407407,4.015
"2967",296.6,27.6378218181818,-213.577494382022,4.015
"2968",296.7,27.597115049505,-213.53928,4.015
"2969",296.8,27.5952545,-213.610111111111,4.015
"2970",296.9,27.5988314285714,-213.590715686275,4.01220588235294
"2971",297,27.5911871641791,-213.527,4.01716666666667
"2972",297.1,27.57283,-213.523538461538,4.0151978021978
"2973",297.2,27.5482842574257,-213.477824561403,4.015
"2974",297.3,27.5537996969697,-213.475441860465,4.015
"2975",297.4,27.5573694,-213.524424242424,4.015
"2976",297.5,27.5526316831683,-213.435762376238,4.01405940594059
"2977",297.6,27.5625842857143,-213.409675675676,4.01484684684685
"2978",297.7,27.5860467164179,-213.363556818182,4.01594318181818
"2979",297.8,27.58993,-213.306049019608,4.01413725490196
"2980",297.9,27.571850990099,-213.33269,4.01214
"2981",298,27.5746442424242,-213.307479591837,4.01674489795918
"2982",298.1,27.5860362686567,-213.320043478261,4.01534782608696
"2983",298.2,27.5931571641791,-213.403,4.015
"2984",298.3,27.573781,-213.459655555556,4.015
"2985",298.4,27.5769099009901,-213.468524752475,4.015
"2986",298.5,27.5732842424242,-213.343058252427,4.0158932038835
"2987",298.6,27.5886673880597,-213.366536082474,4.01416494845361
"2988",298.7,27.6225542424242,-213.341762376238,4.01582178217822
"2989",298.8,27.6296106,-213.276785714286,4.01507142857143
"2990",298.9,27.6400549,-213.20504,4.015
"2991",299,27.6480385,-213.18388976378,4.01426771653543
"2992",299.1,27.6614014285714,-213.20242,4.01466
"2993",299.2,27.6639936363636,-213.089416666667,4.015
"2994",299.3,27.647996,-213.087494949495,4.015
"2995",299.4,27.6636358,-213.050161016949,4.01419491525424
"2996",299.5,27.6693724,-213.066048192771,4.01585542168675
"2997",299.6,27.664615,-212.98993220339,4.01520338983051
"2998",299.7,27.6455624,-213.032637362637,4.015
"2999",299.8,27.6505208955224,-212.959065934066,4.01593406593406
"3000",299.9,27.6602656716418,-212.959836363636,4.01685454545455
"3001",300,27.624185,-212.906258426966,4.01511235955056
"3002",300.1,27.6516245,-212.971663366337,4.015
"3003",300.2,27.6840851515152,-212.888266666667,4.015
"3004",300.3,27.6861119402985,-212.872865384615,4.015
"3005",300.4,27.6902545454546,-212.870111111111,4.015
"3006",300.5,27.7049052,-212.85495049505,4.01405940594059
"3007",300.6,27.6963906930693,-212.903136363636,4.01471212121212
"3008",300.7,27.6882809090909,-212.869205882353,4.01408823529412
"3009",300.8,27.6739232835821,-212.76248,4.01306
"3010",300.9,27.6579709090909,-212.70524,4.01394
"3011",301,27.6540604,-212.74242,4.01494
"3012",301.1,27.656968,-212.76756,4.015
"3013",301.2,27.6711934,-212.676678571429,4.015
"3014",301.3,27.667845037594,-212.730549019608,4.015
"3015",301.4,27.6633859701492,-212.7,4.015
"3016",301.5,27.6839927272727,-212.6565,4.015
"3017",301.6,27.7030125,-212.564653465347,4.015
"3018",301.7,27.7034045,-212.56451,4.01593
"3019",301.8,27.6761928,-212.509575757576,4.01224242424242
"3020",301.9,27.6536482178218,-212.456673267327,4.01665346534653
"3021",302,27.6662713533835,-212.512785714286,4.01510204081633
"3022",302.1,27.6811665671642,-212.482138613861,4.015
"3023",302.2,27.6535792,-212.44202020202,4.015
"3024",302.3,27.6428255445545,-212.419768518519,4.015
"3025",302.4,27.6536079,-212.369717391304,4.015
"3026",302.5,27.6684271428571,-212.460137254902,4.01406862745098
"3027",302.6,27.6748172727273,-212.504575757576,4.01493939393939
"3028",302.7,27.6815764,-212.540504950495,4.015
"3029",302.8,27.684364,-212.449051020408,4.01405102040816
"3030",302.9,27.6707086,-212.438411764706,4.014
"3031",303,27.6600794736842,-212.41847,4.01493
"3032",303.1,27.6449604545455,-212.351302752294,4.015
"3033",303.2,27.6004082,-212.266266666667,4.015
"3034",303.3,27.5787197,-212.18504040404,4.01405050505051
"3035",303.4,27.6094129,-212.270818181818,4.01572727272727
"3036",303.5,27.6324292,-212.322777777778,4.01505555555556
"3037",303.6,27.6365800990099,-212.230887850467,4.015
"3038",303.7,27.6296533082707,-212.280505376344,4.01594623655914
"3039",303.8,27.6116471641791,-212.201773109244,4.016
"3040",303.9,27.6300318,-212.24655,4.01505
"3041",304,27.6321282,-212.206277227723,4.015
"3042",304.1,27.63046,-212.21255,4.015
"3043",304.2,27.6385228571429,-212.299363636364,4.015
"3044",304.3,27.6392246969697,-212.242020618557,4.01587628865979
"3045",304.4,27.6343354,-212.204559139785,4.016
"3046",304.5,27.6322169306931,-212.302702970297,4.01505940594059
"3047",304.6,27.6593388,-212.15484,4.015
"3048",304.7,27.6709533082707,-212.128858585859,4.01310101010101
"3049",304.8,27.6721971641791,-212.190115384615,4.01482692307692
"3050",304.9,27.6879408,-212.241978947368,4.015
"3051",305,27.6909892,-212.20848,4.015
"3052",305.1,27.6981886,-212.175888888889,4.015
"3053",305.2,27.7104756390977,-212.138432989691,4.015
"3054",305.3,27.7158282089552,-212.09259223301,4.01676699029126
"3055",305.4,27.7178857142857,-212.060217391304,4.01508695652174
"3056",305.5,27.7365465346535,-211.96204950495,4.015
"3057",305.6,27.733045959596,-212.008283185841,4.015
"3058",305.7,27.762322,-212.106597701149,4.01405747126437
"3059",305.8,27.7836907920792,-212.052833333333,4.01483333333333
"3060",305.9,27.7764390977444,-212.031339449541,4.015
"3061",306,27.7736967647059,-211.978153846154,4.015
"3062",306.1,27.7688374747475,-211.992972477064,4.015
"3063",306.2,27.7562018811881,-212.01725,4.015
"3064",306.3,27.7658666,-211.978606060606,4.015
"3065",306.4,27.7668209022556,-211.90174,4.015
"3066",306.5,27.7538294029851,-211.962148514851,4.01406930693069
"3067",306.6,27.756753030303,-211.94933,4.01307
"3068",306.7,27.7655744,-211.887878787879,4.01487878787879
"3069",306.8,27.7449336,-211.95732,4.015
"3070",306.9,27.737439924812,-211.905784313725,4.015
"3071",307,27.7581013432836,-211.955323809524,4.015
"3072",307.1,27.7535525252525,-211.963,4.015
"3073",307.2,27.74693,-211.7616,4.01405
"3074",307.3,27.7823183168317,-211.820166666667,4.01566666666667
"3075",307.4,27.7576901,-211.846397959184,4.01517346938776
"3076",307.5,27.7050681188119,-211.915760869565,4.015
"3077",307.6,27.6996795488722,-211.74569072165,4.01875257731959
"3078",307.7,27.7121211940299,-211.720944444444,4.01551851851852
"3079",307.8,27.7267905050505,-211.583857142857,4.015
"3080",307.9,27.7405139,-211.712911764706,4.015
"3081",308,27.7496739,-211.674151515151,4.015
"3082",308.1,27.7399547368421,-211.65032,4.01406
"3083",308.2,27.7228653731343,-211.59203030303,4.014
"3084",308.3,27.7023106060606,-211.733851485148,4.014
"3085",308.4,27.6970559405941,-211.653208955224,4.01470149253731
"3086",308.5,27.7206828,-211.615909090909,4.015
"3087",308.6,27.7248966165414,-211.590363636364,4.01405050505051
"3088",308.7,27.7254771641791,-211.6251,4.014
"3089",308.8,27.7372266,-211.58615,4.01495
"3090",308.9,27.7380996039604,-211.4757,4.015
"3091",309,27.7206278787879,-211.54406779661,4.015
"3092",309.1,27.6876019548872,-211.40706097561,4.01593902439024
"3093",309.2,27.6716865671642,-211.459401960784,4.01506862745098
"3094",309.3,27.673583877551,-211.524047244094,4.015
"3095",309.4,27.6742681188119,-211.451068493151,4.015
"3096",309.5,27.6649951515151,-211.38334,4.015
"3097",309.6,27.6717793,-211.361918367347,4.01594897959184
"3098",309.7,27.6836369306931,-211.3705,4.01505
"3099",309.8,27.6827134586466,-211.32397029703,4.015
"3100",309.9,27.6890945588235,-211.29656,4.015
"3101",310,27.6833081818182,-211.325712871287,4.015
"3102",310.1,27.6814167326733,-211.242515151515,4.01406060606061
"3103",310.2,27.6907546,-211.385094339623,4.01577358490566
"3104",310.3,27.6890408208955,-211.303801980198,4.01425742574258
"3105",310.4,27.6840725373134,-211.353787234043,4.01492553191489
"3106",310.5,27.699524040404,-211.27208411215,4.0141308411215
"3107",310.6,27.7086803960396,-211.292076923077,4.01589010989011
"3108",310.7,27.7047664646465,-211.23415,4.01505
"3109",310.8,27.7075912121212,-211.283589285714,4.015
"3110",310.9,27.7026229850746,-211.267534090909,4.015
"3111",311,27.6900563636364,-211.274465346535,4.015
"3112",311.1,27.6533848514852,-211.25808,4.01406
"3113",311.2,27.6567972727273,-211.299256880734,4.014
"3114",311.3,27.710834,-211.143806122449,4.01486734693878
"3115",311.4,27.7389067326733,-211.214419354839,4.015
"3116",311.5,27.7429393984962,-211.143141414141,4.01405050505051
"3117",311.6,27.7358614705882,-211.106453703704,4.01487962962963
"3118",311.7,27.7270955555556,-211.060653465347,4.015
"3119",311.8,27.7291815841584,-211.117806451613,4.015
"3120",311.9,27.7471519,-211.083142857143,4.015
"3121",312,27.7532187218045,-211.121049019608,4.01593137254902
"3122",312.1,27.7525165671642,-211.119189655172,4.016
"3123",312.2,27.7595168686869,-211.20875,4.01508333333333
"3124",312.3,27.745036,-211.087363636364,4.01406060606061
"3125",312.4,27.744454,-211.184168316832,4.01679207920792
"3126",312.5,27.7544217293233,-211.099815789474,4.01536842105263
"3127",312.6,27.7500962686567,-211.08137,4.015
"3128",312.7,27.7415075757576,-211.053911111111,4.015
"3129",312.8,27.7445928712871,-211.098287234043,4.015
"3130",312.9,27.7365284848485,-211.099224299065,4.015
"3131",313,27.7484390298508,-210.997105263158,4.015
"3132",313.1,27.7671713636364,-211.087636363636,4.015
"3133",313.2,27.7600594,-211.003797979798,4.015
"3134",313.3,27.7596884,-210.949673076923,4.01408653846154
"3135",313.4,27.7635044444444,-211.021927835052,4.0121237113402
"3136",313.5,27.7544374257426,-210.93112,4.01576
"3137",313.6,27.7341681,-210.930127272727,4.01514545454545
"3138",313.7,27.7179417910448,-210.8778,4.015
"3139",313.8,27.7091841791045,-210.94544,4.015
"3140",313.9,27.7199654545455,-210.789099099099,4.015
"3141",314,27.7292464705882,-210.913738636364,4.01594318181818
"3142",314.1,27.722971010101,-210.849633663366,4.016
"3143",314.2,27.7173117910448,-210.780782178218,4.01506930693069
"3144",314.3,27.7252018181818,-210.823854368932,4.015
"3145",314.4,27.73799,-210.8280625,4.0140625
"3146",314.5,27.74463,-210.77724,4.01494
"3147",314.6,27.7339912121212,-210.804383838384,4.015
"3148",314.7,27.7135559701493,-210.796594059406,4.015
"3149",314.8,27.70623,-210.762767676768,4.015
"3150",314.9,27.7195078,-210.783574257426,4.01405940594059
"3151",315,27.7148665,-210.812535353535,4.014
"3152",315.1,27.7120753535354,-210.8064,4.01305
"3153",315.2,27.7115174257426,-210.698892156863,4.01486274509804
"3154",315.3,27.7128674,-210.710928571429,4.01405102040816
"3155",315.4,27.7031121804511,-210.623584158416,4.01305940594059
"3156",315.5,27.7055723529412,-210.583564356436,4.01486138613861
"3157",315.6,27.7119718181818,-210.645818181818,4.015
"3158",315.7,27.721738019802,-210.556,4.015
"3159",315.8,27.734843030303,-210.558489795918,4.015
"3160",315.9,27.7331639849624,-210.463059405941,4.01405940594059
"3161",316,27.7395091044776,-210.4664,4.01485454545455
"3162",316.1,27.7611107070707,-210.51084,4.01416
"3163",316.2,27.7637463366337,-210.496090909091,4.01484848484848
"3164",316.3,27.7450608,-210.45081443299,4.015
"3165",316.4,27.7404623134328,-210.403095238095,4.015
"3166",316.5,27.7499581818182,-210.465876404494,4.015
"3167",316.6,27.7643826,-210.390309734513,4.015
"3168",316.7,27.771026,-210.397275862069,4.015
"3169",316.8,27.7680603030303,-210.358844660194,4.015
"3170",316.9,27.7717558208955,-210.296835051546,4.015
"3171",317,27.7921478787879,-210.35645,4.015
"3172",317.1,27.7947418,-210.347175,4.015
"3173",317.2,27.8097648,-210.30364,4.01406
"3174",317.3,27.8097754,-210.26020754717,4.01311320754717
"3175",317.4,27.7944624,-210.244,4.01457142857143
"3176",317.5,27.7874252,-210.183765432099,4.015
"3177",317.6,27.7477729850746,-210.144669421488,4.015
"3178",317.7,27.69465,-210.221333333333,4.015
"3179",317.8,27.6722095,-210.232090909091,4.015
"3180",317.9,27.6931256435643,-210.171958762887,4.0140618556701
"3181",318,27.6797990909091,-210.311079646018,4.014
"3182",318.1,27.660166119403,-210.166954545455,4.01492045454545
"3183",318.2,27.657505,-210.12689,4.01314
"3184",318.3,27.6587399,-210.102454545455,4.01206060606061
"3185",318.4,27.6495602,-210.08797029703,4.01479207920792
"3186",318.5,27.6368821212121,-210.071942857143,4.015
"3187",318.6,27.6369801492537,-210.125578947368,4.015
"3188",318.7,27.6460809090909,-210.230366336634,4.01407920792079
"3189",318.8,27.6770412,-210.197268041237,4.01494845360825
"3190",318.9,27.6944054,-210.242935779817,4.015
"3191",319,27.706352,-210.122357894737,4.0140947368421
"3192",319.1,27.673937,-209.9985,4.014
"3193",319.2,27.6613188,-209.987153061224,4.01305102040816
"3194",319.3,27.6629102985075,-209.970398058252,4.013
"3195",319.4,27.663177761194,-210.03248,4.01484
"3196",319.5,27.6797612,-210.042693877551,4.0140612244898
"3197",319.6,27.7030085,-209.98942,4.014
"3198",319.7,27.7194067676768,-209.953527272727,4.01485454545455
"3199",319.8,27.7411689552239,-209.958266666667,4.01406666666667
"3200",319.9,27.7724521212121,-209.991472727273,4.014
"3201",320,27.7535918,-209.998806451613,4.014
"3202",320.1,27.7429911881188,-210.0588,4.01486666666667
"3203",320.2,27.7414171717172,-210.023747572816,4.01583495145631
"3204",320.3,27.7338922772277,-209.982164835165,4.01326373626374
"3205",320.4,27.7502805,-209.968384615385,4.01476923076923
"3206",320.5,27.7589683,-210.03025,4.015
"3207",320.6,27.7786667,-209.9696,4.0142
"3208",320.7,27.7667641,-209.86486746988,4.014
"3209",320.8,27.765133,-209.96713559322,4.014
"3210",320.9,27.7537652525253,-210.058951219512,4.01585365853659
"3211",321,27.759039,-209.83934,4.01412
"3212",321.1,27.7849674,-209.844884615385,4.014
"3213",321.2,27.7872048,-209.754272727273,4.01218181818182
"3214",321.3,27.7603542,-209.763762886598,4.01387628865979
"3215",321.4,27.7294682,-209.774663551402,4.014
"3216",321.5,27.7304390977444,-209.78383,4.01487
"3217",321.6,27.7499495522388,-209.826161290323,4.01406451612903
"3218",321.7,27.7553958,-209.793294573643,4.01472868217054
"3219",321.8,27.7606323762376,-209.798698630137,4.015
"3220",321.9,27.7881946,-209.75204587156,4.01415596330275
"3221",322,27.802487593985,-209.712901098901,4.01491208791209
"3222",322.1,27.792426969697,-209.63895049505,4.01408910891089
"3223",322.2,27.7713832,-209.643257731959,4.01587628865979
"3224",322.3,27.792833,-209.675643564356,4.01413861386139
"3225",322.4,27.8146262,-209.665787878788,4.014
"3226",322.5,27.779827,-209.648247524752,4.014
"3227",322.6,27.7842256,-209.650292035398,4.014
"3228",322.7,27.7968036,-209.626172413793,4.014
"3229",322.8,27.776824,-209.47885046729,4.014
"3230",322.9,27.7697568,-209.6032,4.014
"3231",323,27.7955964,-209.628849462366,4.014
"3232",323.1,27.8019484,-209.58994,4.014
"3233",323.2,27.7868754887218,-209.53492,4.01586
"3234",323.3,27.7846602985075,-209.55146,4.01507
"3235",323.4,27.7954526,-209.518352941176,4.01408823529412
"3236",323.5,27.7904484,-209.502928571429,4.014
"3237",323.6,27.7782194,-209.451852941176,4.014
"3238",323.7,27.7720935338346,-209.415194174757,4.01488349514563
"3239",323.8,27.7687031818182,-209.446029126214,4.01414563106796
"3240",323.9,27.7366591,-209.45667032967,4.014
"3241",324,27.7122233663366,-209.437455445545,4.01493069306931
"3242",324.1,27.6791466,-209.48343,4.01593
"3243",324.2,27.6946528,-209.381172413793,4.01680172413793
"3244",324.3,27.6960398,-209.417096774194,4.0153440860215
"3245",324.4,27.6801766,-209.467434782609,4.01408695652174
"3246",324.5,27.6992086,-209.40292,4.014
"3247",324.6,27.7111374,-209.29212,4.014
"3248",324.7,27.7187716,-209.28484,4.014
"3249",324.8,27.712453960396,-209.392747747748,4.01482882882883
"3250",324.9,27.701777979798,-209.3502,4.015
"3251",325,27.687519,-209.347595959596,4.01591919191919
"3252",325.1,27.6905308,-209.313165048544,4.01778640776699
"3253",325.2,27.6993852,-209.22087254902,4.01538235294118
"3254",325.3,27.7112984848485,-209.229534653465,4.01413861386139
"3255",325.4,27.7320521052632,-209.222936170213,4.014
"3256",325.5,27.7420247058823,-209.145485148515,4.014
"3257",325.6,27.7182203030303,-209.093428571429,4.014
"3258",325.7,27.7155326732673,-209.238980582524,4.01580582524272
"3259",325.8,27.7145097029703,-209.228092783505,4.01507216494845
"3260",325.9,27.7245661654135,-209.226,4.01414678899083
"3261",326,27.7479202985075,-209.133340206186,4.01486597938144
"3262",326.1,27.7445353535354,-209.130825242718,4.01331067961165
"3263",326.2,27.7399464,-209.121,4.01484615384615
"3264",326.3,27.7494068,-209.100272727273,4.01406060606061
"3265",326.4,27.728468,-209.239534653465,4.014
"3266",326.5,27.7170976237624,-209.242846153846,4.014
"3267",326.6,27.7370565656566,-209.11918,4.014
"3268",326.7,27.74356,-209.103082474227,4.0149175257732
"3269",326.8,27.728882020202,-209.091925925926,4.01414814814815
"3270",326.9,27.7290936,-209.051230769231,4.01492307692308
"3271",327,27.749558,-209.068257425743,4.01684158415842
"3272",327.1,27.7622420454545,-209.05988,4.01424
"3273",327.2,27.7529111940298,-209.016252525253,4.01492929292929
"3274",327.3,27.7546684,-208.87629,4.01407
"3275",327.4,27.7804916,-208.92552,4.014
"3276",327.5,27.7513272,-208.954853448276,4.01480172413793
"3277",327.6,27.7259473684211,-208.937447058824,4.015
"3278",327.7,27.7435891176471,-208.830919191919,4.015
"3279",327.8,27.7486029,-208.81184,4.015
"3280",327.9,27.7532526732673,-208.82402,4.015
"3281",328,27.7607568,-208.745405405405,4.01583783783784
"3282",328.1,27.7517344,-208.638786516854,4.01415730337079
"3283",328.2,27.7644817821782,-208.645638888889,4.014
"3284",328.3,27.7738365656566,-208.78235483871,4.014
"3285",328.4,27.7687956,-208.656553398058,4.014
"3286",328.5,27.7963004,-208.677155339806,4.014
"3287",328.6,27.801928,-208.673076923077,4.014
"3288",328.7,27.7982292,-208.633224719101,4.01307865168539
"3289",328.8,27.7894734693878,-208.60793220339,4.01378813559322
"3290",328.9,27.7780027722772,-208.642662650602,4.01219277108434
"3291",329,27.7797290909091,-208.603653846154,4.01376923076923
"3292",329.1,27.7743016,-208.634666666667,4.01125
"3293",329.2,27.760116,-208.51196,4.01376
"3294",329.3,27.7877097744361,-208.529914285714,4.014
"3295",329.4,27.8095022058823,-208.456666666667,4.014
"3296",329.5,27.7799009090909,-208.511083333333,4.014
"3297",329.6,27.8308464356435,-208.449161616162,4.01307070707071
"3298",329.7,27.8062416,-208.440523364486,4.0138691588785
"3299",329.8,27.7902482089552,-208.436340425532,4.014
"3300",329.9,27.7968374626866,-208.381551020408,4.0149387755102
"3301",330,27.7934928282828,-208.3921,4.01218
"3302",330.1,27.7709388118812,-208.450846153846,4.01360683760684
"3303",330.2,27.766918989899,-208.389833333333,4.014
"3304",330.3,27.7782262,-208.42903960396,4.014
"3305",330.4,27.7814055,-208.458090909091,4.014
"3306",330.5,27.7872645454545,-208.30097,4.014
"3307",330.6,27.8157747524752,-208.356217821782,4.01307920792079
"3308",330.7,27.8144745454545,-208.355494949495,4.013
"3309",330.8,27.8193896,-208.403487179487,4.01458974358974
"3310",330.9,27.8312576,-208.340853932584,4.01414606741573
"3311",331,27.8267420300752,-208.319553398058,4.01568932038835
"3312",331.1,27.8136246268657,-208.32808,4.01432
"3313",331.2,27.8031374747475,-208.31236,4.014
"3314",331.3,27.7941058415842,-208.2418,4.014
"3315",331.4,27.7969556,-208.130230769231,4.014
"3316",331.5,27.8197093984963,-208.315223300971,4.01490291262136
"3317",331.6,27.8512598529412,-208.298346938775,4.01408163265306
"3318",331.7,27.8383845454545,-208.254111111111,4.014
"3319",331.8,27.8114927722772,-208.17288,4.014
"3320",331.9,27.8243136363636,-208.18839,4.01214
"3321",332,27.8242556,-208.096060606061,4.01575757575758
"3322",332.1,27.8309144554455,-207.995069306931,4.01413861386139
"3323",332.2,27.8097598,-208.0252,4.014
"3324",332.3,27.8055793,-208.030285714286,4.014
"3325",332.4,27.8179263636364,-208.111900990099,4.014
"3326",332.5,27.8097866336634,-207.938825688073,4.01485321100917
"3327",332.6,27.8069727272727,-208.028923076923,4.01407692307692
"3328",332.7,27.7980488,-208.05109,4.014
"3329",332.8,27.8007,-208.004090909091,4.01118181818182
"3330",332.9,27.8120884,-208.052188118812,4.01286138613861
"3331",333,27.8167404,-207.923405940594,4.01392079207921
"3332",333.1,27.8420472727273,-208.005858585859,4.014
"3333",333.2,27.8289830597015,-207.95255,4.014
"3334",333.3,27.7997433823529,-207.957991735537,4.014
"3335",333.4,27.7774817,-207.935344827586,4.014
"3336",333.5,27.7814500990099,-207.929086021505,4.01308602150538
"3337",333.6,27.8038064646465,-207.94201010101,4.01485858585859
"3338",333.7,27.7919562686567,-208.036,4.015
"3339",333.8,27.7684767692308,-207.99929,4.01407
"3340",333.9,27.7826636,-207.96996,4.014
"3341",334,27.7922176,-207.984211009174,4.014
"3342",334.1,27.8059928282828,-207.848359223301,4.014
"3343",334.2,27.8044451485149,-207.953227272727,4.014
"3344",334.3,27.79308,-207.88967,4.014
"3345",334.4,27.7883856,-208.020118181818,4.014
"3346",334.5,27.790298,-207.893434782609,4.01309782608696
"3347",334.6,27.820145050505,-207.819444444444,4.013
"3348",334.7,27.8231726732673,-207.870195402299,4.01385057471264
"3349",334.8,27.8104864646465,-207.761322580645,4.0111935483871
"3350",334.9,27.8103896240602,-207.807910891089,4.01472277227723
"3351",335,27.7997579104477,-207.808678571429,4.01416964285714
"3352",335.1,27.792167,-207.781306818182,4.014
"3353",335.2,27.802421,-207.714181818182,4.014
"3354",335.3,27.8032387878788,-207.699762376238,4.014
"3355",335.4,27.8314229850746,-207.67389,4.01493
"3356",335.5,27.8793340298508,-207.744742574257,4.01315841584158
"3357",335.6,27.883384,-207.719404040404,4.01392929292929
"3358",335.7,27.897703960396,-207.655306930693,4.014
"3359",335.8,27.9204381818182,-207.741192982456,4.01642105263158
"3360",335.9,27.9236630693069,-207.720788235294,4.01332941176471
"3361",336,27.9065924,-207.559304347826,4.01380869565217
"3362",336.1,27.897132,-207.649552941176,4.014
"3363",336.2,27.91519,-207.76237,4.014
"3364",336.3,27.9223848,-207.7886,4.014
"3365",336.4,27.9042836,-207.71746,4.014
"3366",336.5,27.9018943434343,-207.72874,4.014
"3367",336.6,27.9049405,-207.69466,4.014
"3368",336.7,27.9049115,-207.609730769231,4.01221153846154
"3369",336.8,27.8877155,-207.602810526316,4.012
"3370",336.9,27.903229,-207.631851485149,4.01386138613861
"3371",337,27.9046442424242,-207.554151515152,4.014
"3372",337.1,27.9106737313433,-207.58942,4.014
"3373",337.2,27.9143226865672,-207.495262135922,4.014
"3374",337.3,27.9188445,-207.522214285714,4.014
"3375",337.4,27.9247622772277,-207.562575757576,4.014
"3376",337.5,27.9173948,-207.538533980583,4.014
"3377",337.6,27.934684962406,-207.53975257732,4.014
"3378",337.7,27.9567056060606,-207.48736,4.01588
"3379",337.8,27.954272,-207.416585858586,4.01410101010101
"3380",337.9,27.9468085,-207.496712871287,4.014
"3381",338,27.945849,-207.4597,4.014
"3382",338.1,27.9619875,-207.43068,4.014
"3383",338.2,27.985784,-207.40456,4.014
"3384",338.3,27.970585,-207.4312,4.014
"3385",338.4,27.9470005,-207.32208,4.014
"3386",338.5,27.9475955,-207.394108910891,4.014
"3387",338.6,27.965025,-207.432068965517,4.01319827586207
"3388",338.7,27.9573898989899,-207.307083333333,4.01208333333333
"3389",338.8,27.9565909774436,-207.32848,4.01479
"3390",338.9,27.9780002985075,-207.32356,4.01407
"3391",339,27.9633686,-207.468606060606,4.014
"3392",339.1,27.9754162,-207.3981,4.014
"3393",339.2,27.978028,-207.298050505051,4.014
"3394",339.3,27.950717593985,-207.262238095238,4.014
"3395",339.4,27.9437504477612,-207.311346938776,4.014
"3396",339.5,27.942751,-207.262489795918,4.014
"3397",339.6,27.9214052475248,-207.33044,4.01212
"3398",339.7,27.9379235,-207.429,4.01482
"3399",339.8,27.951287,-207.330762376238,4.01313861386139
"3400",339.9,27.9523435643564,-207.365421052632,4.01381578947368
"3401",340,27.9653254545455,-207.282833333333,4.014
"3402",340.1,27.961089,-207.2884,4.014
"3403",340.2,27.9673295,-207.284343137255,4.01493137254902
"3404",340.3,27.9554015,-207.288696969697,4.015
"3405",340.4,27.951605,-207.290861386139,4.01406930693069
"3406",340.5,27.9538663636364,-207.243243243243,4.014
"3407",340.6,27.9639426,-207.283752808989,4.014
"3408",340.7,27.9675258,-207.2136,4.01488571428571
"3409",340.8,27.9558514,-207.172170212766,4.01406382978723
"3410",340.9,27.959316,-207.084376237624,4.014
"3411",341,27.9697112781955,-207.20258490566,4.014
"3412",341.1,27.9870165671642,-207.146514563107,4.014
"3413",341.2,27.9837818,-207.068384615385,4.014
"3414",341.3,27.9858615841584,-207.11322,4.014
"3415",341.4,27.9877745,-207.09747,4.014
"3416",341.5,27.9862932330827,-207.074669724771,4.01314678899083
"3417",341.6,27.9673140298508,-206.97270212766,4.01478723404255
"3418",341.7,27.9192023232323,-206.906257731959,4.01592783505155
"3419",341.8,27.8996118,-206.897396039604,4.01415841584159
"3420",341.9,27.898978,-207.05432,4.014
"3421",342,27.8883058,-207.030724137931,4.014
"3422",342.1,27.877230990099,-206.955604651163,4.014
"3423",342.2,27.8665698989899,-206.892816326531,4.014
"3424",342.3,27.8608818,-206.792282828283,4.014
"3425",342.4,27.8640436,-206.804485714286,4.014
"3426",342.5,27.853596,-206.869368932039,4.01485436893204
"3427",342.6,27.8739528,-206.831956521739,4.01315217391304
"3428",342.7,27.871725,-206.779896551724,4.013
"3429",342.8,27.864865,-206.773795698925,4.01382795698925
"3430",342.9,27.88791,-206.753769230769,4.014
"3431",343,27.8849675,-206.72689,4.014
"3432",343.1,27.9002067,-206.68873,4.014
"3433",343.2,27.9003018045113,-206.700974576271,4.01321186440678
"3434",343.3,27.89566,-206.717640449438,4.01384269662921
"3435",343.4,27.8907066666667,-206.690408602151,4.0130752688172
"3436",343.5,27.8996440594059,-206.7345,4.01207
"3437",343.6,27.906776,-206.72033,4.01386
"3438",343.7,27.9477366,-206.7283,4.014
"3439",343.8,27.9637295049505,-206.643540540541,4.014
"3440",343.9,27.9498946464646,-206.72097752809,4.014
"3441",344,27.9565903960396,-206.69459,4.014
"3442",344.1,27.9599931313131,-206.652373913044,4.014
"3443",344.2,27.9781,-206.731094117647,4.014
"3444",344.3,27.9735688,-206.710455445545,4.014
"3445",344.4,27.9516066666667,-206.69798019802,4.014
"3446",344.5,27.9351992079208,-206.772214285714,4.01307142857143
"3447",344.6,27.9475933333333,-206.694207920792,4.01023762376238
"3448",344.7,27.9552724,-206.748054545455,4.01334545454546
"3449",344.8,27.9530812,-206.695311111111,4.014
"3450",344.9,27.9541494736842,-206.61264,4.014
"3451",345,27.954405,-206.563798165138,4.01315596330275
"3452",345.1,27.9804766666667,-206.559688888889,4.01392222222222
"3453",345.2,27.9597786138614,-206.518564356436,4.014
"3454",345.3,27.956496,-206.567943396226,4.014
"3455",345.4,27.9710702255639,-206.60266,4.01314
"3456",345.5,27.9696379104478,-206.471064516129,4.013
"3457",345.6,27.9846133333333,-206.46186,4.01486
"3458",345.7,27.9660587128713,-206.478173913043,4.01419130434783
"3459",345.8,27.95491,-206.427581395349,4.014
"3460",345.9,27.9601184,-206.429434343434,4.014
"3461",346,27.9660678217822,-206.462878787879,4.014
"3462",346.1,27.98053,-206.528287128713,4.01306930693069
"3463",346.2,27.9700392079208,-206.48836,4.013
"3464",346.3,27.9556333333333,-206.467504950495,4.01392079207921
"3465",346.4,27.9840429,-206.431616161616,4.01492929292929
"3466",346.5,27.9771052,-206.521079207921,4.01223762376237
"3467",346.6,27.967752556391,-206.358142857143,4.01387755102041
"3468",346.7,27.9733276119403,-206.439156862745,4.014
"3469",346.8,27.9686094949495,-206.4582,4.014
"3470",346.9,27.9576992,-206.325117647059,4.014
"3471",347,27.951352,-206.36804,4.01308
"3472",347.1,27.9397618045113,-206.380885714286,4.01387619047619
"3473",347.2,27.9426488235294,-206.403306122449,4.014
"3474",347.3,27.9845797,-206.401412371134,4.01216494845361
"3475",347.4,27.9893765346535,-206.379563106796,4.01557281553398
"3476",347.5,27.9776702,-206.389027027027,4.0151981981982
"3477",347.6,27.9725308,-206.40923255814,4.01409302325581
"3478",347.7,27.9770833663366,-206.388,4.014
"3479",347.8,27.9959048484848,-206.324666666667,4.014
"3480",347.9,27.9915693069307,-206.200925233645,4.014
"3481",348,27.9622772727273,-206.223688172043,4.014
"3482",348.1,27.9574858,-206.23909,4.01307
"3483",348.2,27.9418082,-206.20652,4.01393
"3484",348.3,27.9550433333333,-206.288545454545,4.01569090909091
"3485",348.4,27.9577123,-206.178131868132,4.01691208791209
"3486",348.5,27.9495639393939,-206.158261682243,4.01270093457944
"3487",348.6,27.9340016831683,-206.198129032258,4.01382795698925
"3488",348.7,27.9329507070707,-206.11184,4.014
"3489",348.8,27.9262773134328,-206.06076,4.014
"3490",348.9,27.944841641791,-206.162939393939,4.014
"3491",349,27.9753548484848,-206.05754,4.01493
"3492",349.1,27.9812371287129,-205.995857142857,4.01411428571429
"3493",349.2,27.9742660606061,-206.05225,4.014
"3494",349.3,27.9572325373134,-206.069816513761,4.0123119266055
"3495",349.4,27.9516143283582,-206.0554,4.01292222222222
"3496",349.5,27.9552057575758,-205.989559055118,4.01373228346457
"3497",349.6,27.9708766666667,-205.983368421053,4.014
"3498",349.7,27.9609466666667,-206.028244897959,4.014
"3499",349.8,27.9538071,-205.963,4.014
"3500",349.9,27.9682001980198,-206.02297979798,4.014
"3501",350,27.9877906,-205.99824,4.014
"3502",350.1,27.992212,-206.01832,4.01307
"3503",350.2,27.99803,-205.90747,4.013
"3504",350.3,28.0018722222222,-205.99107,4.01114
"3505",350.4,27.9979156,-205.918811881188,4.01192079207921
"3506",350.5,28.0058887969925,-205.927333333333,4.0137037037037
"3507",350.6,28.021372238806,-205.941375,4.014
"3508",350.7,28.0182329292929,-205.9718,4.014
"3509",350.8,28.0104947524752,-205.948162790698,4.014
"3510",350.9,27.990473030303,-205.95788,4.014
"3511",351,27.9873610447761,-205.960769230769,4.014
"3512",351.1,28.0031565671642,-205.912416666667,4.014
"3513",351.2,27.9946344,-205.907148148148,4.0122962962963
"3514",351.3,28.0067133333333,-205.735307692308,4.01384615384615
"3515",351.4,28.0188666666667,-205.815841584158,4.014
"3516",351.5,28.0271066,-205.86264,4.01308
"3517",351.6,28.0406937623762,-205.862623853211,4.01384403669725
"3518",351.7,28.0180102,-205.806666666667,4.01307777777778
"3519",351.8,28.01924,-205.78061,4.013
"3520",351.9,28.0401022222222,-205.7604,4.013
"3521",352,28.0243778217822,-205.77946,4.01393
"3522",352.1,27.9942258585859,-205.823796460177,4.014
"3523",352.2,27.9770252,-205.806333333333,4.01583908045977
"3524",352.3,27.9495576,-205.695057142857,4.01422857142857
"3525",352.4,27.9552644,-205.756166666667,4.014
"3526",352.5,27.9587696,-205.747202020202,4.014
"3527",352.6,27.9593244444444,-205.718974358974,4.01320512820513
"3528",352.7,27.9585269402985,-205.689271028037,4.01371028037383
"3529",352.8,27.9600627941176,-205.69612987013,4.0131038961039
"3530",352.9,27.9658695,-205.633878787879,4.01485858585859
"3531",353,27.9748517,-205.657544554455,4.01315841584158
"3532",353.1,27.9608307070707,-205.665158878505,4.01471962616822
"3533",353.2,27.9572525373134,-205.611254237288,4.0135593220339
"3534",353.3,27.9514587878788,-205.570243589744,4.01385897435897
"3535",353.4,27.9628547474747,-205.61012371134,4.014
"3536",353.5,27.9794968316832,-205.494673267327,4.01308910891089
"3537",353.6,27.9533444,-205.603414141414,4.013
"3538",353.7,27.9466088,-205.626080808081,4.01392929292929
"3539",353.8,27.9604664,-205.489633027523,4.01314678899083
"3540",353.9,27.981706,-205.526,4.013
"3541",354,27.9924232,-205.504769230769,4.01379487179487
"3542",354.1,27.9741604,-205.461373493976,4.0130843373494
"3543",354.2,27.9562404,-205.527963302752,4.01385321100917
"3544",354.3,27.962946969697,-205.486947368421,4.01311578947368
"3545",354.4,27.9721141353383,-205.428083333333,4.013
"3546",354.5,27.9695155223881,-205.45655,4.013
"3547",354.6,27.9301114,-205.428861111111,4.01386111111111
"3548",354.7,27.9184245,-205.451419354839,4.014
"3549",354.8,27.9536827,-205.45124,4.01308
"3550",354.9,27.9628538345865,-205.541280373832,4.013
"3551",355,27.9625964179105,-205.524586956522,4.01392391304348
"3552",355.1,27.9592395,-205.53223,4.01586
"3553",355.2,27.9518027722772,-205.44558,4.01228
"3554",355.3,27.9647288,-205.45946,4.01293
"3555",355.4,27.98101,-205.44333,4.013
"3556",355.5,27.9817652,-205.384949579832,4.01378151260504
"3557",355.6,27.9712984,-205.447512195122,4.01309756097561
"3558",355.7,27.9475144,-205.42997979798,4.01485858585859
"3559",355.8,27.9446112,-205.366568807339,4.01329357798165
"3560",355.9,27.9818924,-205.356,4.01392307692308
"3561",356,27.9776844,-205.36797029703,4.01307920792079
"3562",356.1,27.9792097979798,-205.3674,4.013
"3563",356.2,27.9651156,-205.313359550562,4.013
"3564",356.3,27.989768,-205.372621052632,4.01392631578947
"3565",356.4,28.0196899,-205.312457142857,4.01311428571429
"3566",356.5,28.0303185,-205.312979591837,4.013
"3567",356.6,28.0101612030075,-205.339979381443,4.013
"3568",356.7,27.9972602985075,-205.251762376238,4.013
"3569",356.8,27.9952389,-205.241620689655,4.01379310344828
"3570",356.9,27.9915359,-205.221577777778,4.01315555555556
"3571",357,28.0122424,-205.155787234043,4.013
"3572",357.1,28.0191902255639,-205.173884615385,4.013
"3573",357.2,28.0067218181818,-205.2298,4.01564
"3574",357.3,27.997377,-205.18596,4.01336
"3575",357.4,28.019352970297,-205.162836734694,4.013
"3576",357.5,28.0047212,-205.167,4.013
"3577",357.6,28.0185362,-205.243860215054,4.013
"3578",357.7,28.0297036633663,-205.086094339623,4.013
"3579",357.8,28.0407685858586,-205.17925,4.013
"3580",357.9,28.0268657425743,-205.203088888889,4.013
"3581",358,28.027464,-205.151981818182,4.01216363636364
"3582",358.1,28.007672,-205.115280898876,4.01384269662921
"3583",358.2,28.0088192,-205.03488,4.014
"3584",358.3,28.0215864661654,-205.0755,4.01307
"3585",358.4,28.0389416666667,-205.00492920354,4.013
"3586",358.5,28.061886,-205.055086956522,4.013
"3587",358.6,28.0569014,-205.157583333333,4.013
"3588",358.7,28.0477786,-205.117722772277,4.013
"3589",358.8,28.05073,-205.073398148148,4.013
"3590",358.9,28.0459735820896,-204.997279569892,4.01210752688172
"3591",359,28.0628321212121,-205.029099009901,4.01110891089109
"3592",359.1,28.088922970297,-204.9895,4.0119081632653
"3593",359.2,28.093423,-204.95224,4.01291
"3594",359.3,28.1190823,-204.946242424242,4.013
"3595",359.4,28.1166688118812,-204.949643564356,4.013
"3596",359.5,28.1138639393939,-204.946323232323,4.0134595959596
"3597",359.6,28.1079779,-204.942282828283,4.01396464646465
"3598",359.7,28.0987026,-205.006549019608,4.01456862745098
"3599",359.8,28.0884555,-204.940196078431,4.01325490196079
"3600",359.9,28.0866515,-204.841206185567,4.0138969072165
"3601",360,28.0664012121212,-204.85489380531,4.01001769911504
"3602",360.1,28.06078,-204.747764705882,4.01262352941176
"3603",360.2,28.0696608080808,-204.80132,4.013
"3604",360.3,28.0897953,-204.82356,4.013
"3605",360.4,28.1132959,-204.863862068966,4.013
"3606",360.5,28.1159309022556,-204.912,4.01390476190476
"3607",360.6,28.094761641791,-204.857702970297,4.014
"3608",360.7,28.094403030303,-204.909909090909,4.01308080808081
"3609",360.8,28.092116,-204.864740740741,4.013
"3610",360.9,28.080269,-204.904774193548,4.01390322580645
"3611",361,28.0948394736842,-204.756494949495,4.01308080808081
"3612",361.1,28.1120588059702,-204.669757281553,4.013
"3613",361.2,28.0944008080808,-204.618972222222,4.013
"3614",361.3,28.0929772277228,-204.63093258427,4.013
"3615",361.4,28.110741,-204.602940594059,4.013
"3616",361.5,28.090665,-204.741555555556,4.013
"3617",361.6,28.0844641584158,-204.77516,4.013
"3618",361.7,28.0759848484848,-204.744381818182,4.013
"3619",361.8,28.0747176470588,-204.68032967033,4.013
"3620",361.9,28.0987131313131,-204.630797979798,4.013
"3621",362,28.1080982,-204.55064,4.01208
"3622",362.1,28.1009097,-204.47316,4.01384
"3623",362.2,28.1125212121212,-204.48703960396,4.01308910891089
"3624",362.3,28.0970405940594,-204.47796969697,4.013
"3625",362.4,28.0835127272727,-204.4816,4.013
"3626",362.5,28.0837667326733,-204.57807079646,4.013
"3627",362.6,28.0788003030303,-204.559137931035,4.01481609195402
"3628",362.7,28.0982729850746,-204.5158,4.0134
"3629",362.8,28.1305427272727,-204.500564705882,4.013
"3630",362.9,28.144086,-204.38316,4.01208
"3631",363,28.1799608910891,-204.436417475728,4.01378640776699
"3632",363.1,28.1712590909091,-204.408225490196,4.01312745098039
"3633",363.2,28.137847029703,-204.46371875,4.013
"3634",363.3,28.1109413,-204.436605504587,4.013
"3635",363.4,28.1220876,-204.410175824176,4.013
"3636",363.5,28.1179051,-204.3807,4.013
"3637",363.6,28.1346327272727,-204.33341,4.01209
"3638",363.7,28.1224936633663,-204.24528,4.01291
"3639",363.8,28.1143503030303,-204.293371681416,4.01219469026549
"3640",363.9,28.141781,-204.217857142857,4.012
"3641",364,28.1285905940594,-204.258829787234,4.01455319148936
"3642",364.1,28.1250787878788,-204.195893617021,4.01317021276596
"3643",364.2,28.1260405940594,-204.294142857143,4.013
"3644",364.3,28.13493,-204.281479591837,4.013
"3645",364.4,28.1283225373134,-204.251391752577,4.013
"3646",364.5,28.1183445454545,-204.29316,4.013
"3647",364.6,28.096178,-204.344769230769,4.013
"3648",364.7,28.094373,-204.22062962963,4.013
"3649",364.8,28.131072020202,-204.207363636364,4.01390909090909
"3650",364.9,28.1409732089552,-204.149917431193,4.01315596330275
"3651",365,28.135075,-204.23932967033,4.013
"3652",365.1,28.1339994,-204.231693069307,4.013
"3653",365.2,28.1110546534653,-204.177606060606,4.013
"3654",365.3,28.1339503030303,-204.165712871287,4.013
"3655",365.4,28.1523522,-204.13042,4.013
"3656",365.5,28.1686776237624,-204.13337,4.01391
"3657",365.6,28.165829,-204.09396,4.01309
"3658",365.7,28.1351535643564,-204.08272,4.013
"3659",365.8,28.1480651515151,-204.015594594595,4.013
"3660",365.9,28.1491608910891,-203.946306122449,4.01218367346939
"3661",366,28.1363460606061,-204.05454,4.01282
"3662",366.1,28.144351,-204.043644444444,4.013
"3663",366.2,28.126123,-204.1136,4.013
"3664",366.3,28.127787,-203.95992,4.013
"3665",366.4,28.147442,-204.059357142857,4.013
"3666",366.5,28.1520966666667,-204.019454545455,4.013
"3667",366.6,28.1497085820896,-204.027348623853,4.01384403669725
"3668",366.7,28.1490645454545,-203.998423913043,4.01129347826087
"3669",366.8,28.1686857,-203.956866666667,4.0136
"3670",366.9,28.1811299009901,-203.838468085106,4.01308510638298
"3671",367,28.181902,-203.9522,4.013
"3672",367.1,28.188786,-203.924961538462,4.013
"3673",367.2,28.223649,-203.838416666667,4.013
"3674",367.3,28.226086,-203.859237623762,4.01208910891089
"3675",367.4,28.208773,-203.94196969697,4.01291919191919
"3676",367.5,28.181721,-203.886148514851,4.013
"3677",367.6,28.176378,-203.85816,4.013
"3678",367.7,28.170666969697,-203.762518181818,4.01051818181818
"3679",367.8,28.1845761,-203.729064516129,4.01
"3680",367.9,28.1770147524752,-203.839920353982,4.01311504424779
"3681",368,28.17817,-203.766642857143,4.01310714285714
"3682",368.1,28.18479,-203.777898989899,4.013
"3683",368.2,28.1863607070707,-203.734,4.013
"3684",368.3,28.1910791791045,-203.6518,4.01208
"3685",368.4,28.2061045454545,-203.613404040404,4.01292929292929
"3686",368.5,28.2232465,-203.673613861386,4.013
"3687",368.6,28.2161697,-203.659936936937,4.01382882882883
"3688",368.7,28.2051376,-203.656,4.014
"3689",368.8,28.2047260447761,-203.66244,4.01216
"3690",368.9,28.2126539393939,-203.689415841584,4.01291089108911
"3691",369,28.225983,-203.58905050505,4.013
"3692",369.1,28.2132410891089,-203.587738317757,4.013
"3693",369.2,28.190019,-203.607085106383,4.013
"3694",369.3,28.191952,-203.58534,4.01209
"3695",369.4,28.194625,-203.731226804124,4.0129381443299
"3696",369.5,28.219204,-203.717960784314,4.013
"3697",369.6,28.2246410891089,-203.674181818182,4.01392929292929
"3698",369.7,28.2079242,-203.672675675676,4.01483783783784
"3699",369.8,28.1937545454546,-203.593733333333,4.01226666666667
"3700",369.9,28.2207191919192,-203.713313131313,4.01292929292929
"3701",370,28.2275432,-203.615909090909,4.013
"3702",370.1,28.2553253,-203.566188118812,4.013
"3703",370.2,28.2330956,-203.553210526316,4.013
"3704",370.3,28.2271093069307,-203.590045977011,4.013
"3705",370.4,28.225493,-203.576962962963,4.013
"3706",370.5,28.2276931578947,-203.590285714286,4.013
"3707",370.6,28.2465657575758,-203.505170212766,4.01117021276596
"3708",370.7,28.2496464,-203.545555555556,4.01014814814815
"3709",370.8,28.2309288118812,-203.56744,4.01252
"3710",370.9,28.233841,-203.584571428571,4.013
"3711",371,28.251,-203.587,4.013
"3712",371.1,28.261687,-203.51524,4.013
"3713",371.2,28.27582,-203.583343434343,4.013
"3714",371.3,28.2434328282828,-203.658971428571,4.013
"3715",371.4,28.2346492,-203.649666666667,4.013
"3716",371.5,28.2341795,-203.54468852459,4.013
"3717",371.6,28.2226218,-203.47958974359,4.01569230769231
"3718",371.7,28.2251814141414,-203.490291262136,4.01242718446602
"3719",371.8,28.2385259405941,-203.4475,4.01292708333333
"3720",371.9,28.2392303,-203.449524752475,4.013
"3721",372,28.2345934,-203.425050847458,4.013
"3722",372.1,28.2373683,-203.534755555556,4.013
"3723",372.2,28.2463702255639,-203.422063157895,4.013
"3724",372.3,28.2553248484848,-203.526375,4.013
"3725",372.4,28.2437504,-203.47555,4.013
"3726",372.5,28.2440496,-203.44868,4.01114
"3727",372.6,28.2313968,-203.43595049505,4.01284158415841
"3728",372.7,28.2289206015038,-203.3384,4.01392
"3729",372.8,28.2398545454545,-203.388619469027,4.01318584070796
"3730",372.9,28.249953,-203.23491954023,4.013
"3731",373,28.2355689108911,-203.35416,4.013
"3732",373.1,28.24184,-203.34852,4.013
"3733",373.2,28.2288212,-203.2964,4.013
"3734",373.3,28.242375049505,-203.25612,4.013
"3735",373.4,28.2339198989899,-203.18032,4.013
"3736",373.5,28.2502274257426,-203.278545454546,4.01132727272727
"3737",373.6,28.2519453,-203.254355555556,4.01008888888889
"3738",373.7,28.2712521,-203.287785714286,4.01246428571429
"3739",373.8,28.2718061,-203.2185,4.013
"3740",373.9,28.2610207070707,-203.248467889908,4.013
"3741",374,28.2440066336634,-203.221756097561,4.013
"3742",374.1,28.2700591919192,-203.187,4.013
"3743",374.2,28.2729032,-203.29898019802,4.013
"3744",374.3,28.27958,-203.104608695652,4.013
"3745",374.4,28.2810036090226,-203.18704,4.013
"3746",374.5,28.273298358209,-203.203263157895,4.01219298245614
"3747",374.6,28.2625845454545,-203.229776470588,4.01383529411765
"3748",374.7,28.2780153465347,-203.2971,4.01307
"3749",374.8,28.2630292,-203.226131578947,4.013
"3750",374.9,28.2553536842105,-203.279595744681,4.013
"3751",375,28.2895359701493,-203.378913978495,4.013
"3752",375.1,28.32029,-203.252252525253,4.01207070707071
"3753",375.2,28.3268430693069,-203.260915254237,4.01278813559322
"3754",375.3,28.3183681818182,-203.305329268293,4.013
"3755",375.4,28.315048,-203.220603960396,4.013
"3756",375.5,28.3223148514852,-203.127505050505,4.01485858585859
"3757",375.6,28.3093527272727,-203.34513,4.01407
"3758",375.7,28.3095175490196,-203.2597,4.01307
"3759",375.8,28.3158716161616,-203.167205882353,4.013
"3760",375.9,28.306306,-203.129444444444,4.013
"3761",376,28.3038592,-203.017744186047,4.013
"3762",376.1,28.2980287969925,-203.188916666667,4.01208333333333
"3763",376.2,28.3108174626866,-203.1922,4.01384
"3764",376.3,28.2814009090909,-203.084651376147,4.0123119266055
"3765",376.4,28.2593126,-203.034326086957,4.01290217391304
"3766",376.5,28.2757307,-202.92726,4.01118
"3767",376.6,28.2765914285714,-202.856333333333,4.01191919191919
"3768",376.7,28.2639304477612,-202.858738317757,4.01285981308411
"3769",376.8,28.2567195959596,-202.782727272727,4.013
"3770",376.9,28.2385257425743,-202.894926315789,4.013
"3771",377,28.2257552,-202.8092,4.013
"3772",377.1,28.2592987,-202.804639175258,4.013
"3773",377.2,28.2557972277228,-202.836242718447,4.013
"3774",377.3,28.2473890909091,-202.85089380531,4.0122389380531
"3775",377.4,28.2628889215686,-202.856670731707,4.00932926829268
"3776",377.5,28.247078989899,-202.80203960396,4.01440594059406
"3777",377.6,28.2546872,-202.776714285714,4.01316326530612
"3778",377.7,28.2599224,-202.646547169811,4.013
"3779",377.8,28.2433490909091,-202.716659574468,4.013
"3780",377.9,28.2473465346535,-202.80412,4.013
"3781",378,28.26272,-202.7742,4.01208
"3782",378.1,28.2615285,-202.754716814159,4.012
"3783",378.2,28.29088,-202.719218390805,4.012
"3784",378.3,28.3085056390977,-202.728912280702,4.01280701754386
"3785",378.4,28.3035395522388,-202.720209302326,4.01209302325581
"3786",378.5,28.296555050505,-202.595218181818,4.01283636363636
"3787",378.6,28.3027617647059,-202.662010989011,4.013
"3788",378.7,28.2952081818182,-202.77403030303,4.013
"3789",378.8,28.3092179104478,-202.801234234234,4.013
"3790",378.9,28.325925,-202.643,4.0121
"3791",379,28.3162652525252,-202.67778,4.01291
"3792",379.1,28.3339079207921,-202.76399,4.013
"3793",379.2,28.3371761616162,-202.7447,4.013
"3794",379.3,28.2951212,-202.6976,4.0112
"3795",379.4,28.2987459405941,-202.71211,4.01464
"3796",379.5,28.3261937,-202.701,4.01326666666667
"3797",379.6,28.3231562376238,-202.742,4.013
"3798",379.7,28.3250054545455,-202.566955555556,4.013
"3799",379.8,28.336229,-202.61432,4.013
"3800",379.9,28.3264903,-202.706204724409,4.013
"3801",380,28.318992481203,-202.682218390805,4.013
"3802",380.1,28.3098268656716,-202.71923255814,4.013
"3803",380.2,28.2999878787879,-202.763257425743,4.013
"3804",380.3,28.3214182,-202.69602,4.013
"3805",380.4,28.3061616,-202.68991,4.013
"3806",380.5,28.2854167669173,-202.62357,4.013
"3807",380.6,28.2872810447761,-202.60244,4.013
"3808",380.7,28.2932576767677,-202.718575221239,4.013
"3809",380.8,28.2831979207921,-202.604604651163,4.01209302325581
"3810",380.9,28.278965,-202.57804,4.012
"3811",381,28.303985,-202.572445544554,4.01473267326733
"3812",381.1,28.2784836633663,-202.579,4.01325
"3813",381.2,28.2853229292929,-202.493,4.0121030927835
"3814",381.3,28.263188627451,-202.6324,4.0111
"3815",381.4,28.2727527272727,-202.45706122449,4.01283673469388
"3816",381.5,28.2819565,-202.571168316832,4.013
"3817",381.6,28.2704358,-202.61949,4.013
"3818",381.7,28.2643275,-202.618404040404,4.013
"3819",381.8,28.2758307,-202.6985,4.013
"3820",381.9,28.2770360606061,-202.576,4.0114
"3821",382,28.25293,-202.532304347826,4.01273913043478
"3822",382.1,28.256734040404,-202.584166666667,4.013
"3823",382.2,28.2931495522388,-202.523796116505,4.0138932038835
"3824",382.3,28.288553939394,-202.600721153846,4.014
"3825",382.4,28.3047202,-202.475421052632,4.014
"3826",382.5,28.3133676237624,-202.567181818182,4.01309090909091
"3827",382.6,28.3201807070707,-202.595169811321,4.013
"3828",382.7,28.3172320895522,-202.572408602151,4.013
"3829",382.8,28.3060560606061,-202.583026548673,4.01218584070796
"3830",382.9,28.3223906,-202.437875,4.012
"3831",383,28.3369826,-202.56376146789,4.012
"3832",383.1,28.3135678787879,-202.523516483517,4.0129010989011
"3833",383.2,28.3203146534653,-202.504311926606,4.013
"3834",383.3,28.3351202,-202.495692307692,4.0120989010989
"3835",383.4,28.3240148,-202.42493,4.01291
"3836",383.5,28.3028458415842,-202.44439,4.013
"3837",383.6,28.2820196,-202.3326,4.013
"3838",383.7,28.3047483,-202.362978947368,4.0120947368421
"3839",383.8,28.3018019191919,-202.371676767677,4.012
"3840",383.9,28.2832571641791,-202.40144,4.012
"3841",384,28.2919566666667,-202.427,4.01292
"3842",384.1,28.3464802,-202.30204,4.01208
"3843",384.2,28.2956026,-202.2496,4.01384
"3844",384.3,28.2797902,-202.23496,4.01492
"3845",384.4,28.2690331343284,-202.207946902655,4.01337168141593
"3846",384.5,28.2786842424243,-202.161137931034,4.01209195402299
"3847",384.6,28.3119326,-202.25912,4.012
"3848",384.7,28.2749236633663,-202.230214285714,4.012
"3849",384.8,28.2830741,-202.362,4.012
"3850",384.9,28.2661953,-202.238,4.012
"3851",385,28.2538222,-202.19049122807,4.01280701754386
"3852",385.1,28.2757458,-202.123724137931,4.013
"3853",385.2,28.2762822772277,-202.117,4.013
"3854",385.3,28.2663790909091,-201.985316326531,4.01027551020408
"3855",385.4,28.2710224,-202.08211,4.01182
"3856",385.5,28.269981010101,-201.97288,4.01291
"3857",385.6,28.2581372,-202.081490740741,4.013
"3858",385.7,28.2482314,-202.076032608696,4.013
"3859",385.8,28.2448512,-202.103333333333,4.01208080808081
"3860",385.9,28.2525996,-202.029485148515,4.01108910891089
"3861",386,28.277522,-202.0038,4.01191
"3862",386.1,28.286232556391,-202.01201,4.012
"3863",386.2,28.256778030303,-201.966121212121,4.012
"3864",386.3,28.2691816831683,-202.07792,4.01292
"3865",386.4,28.2900175247525,-201.91044,4.013
"3866",386.5,28.2594027,-201.957851485149,4.01208910891089
"3867",386.6,28.2467045112782,-202.062445454545,4.01282727272727
"3868",386.7,28.2527363636364,-201.989258426966,4.01208988764045
"3869",386.8,28.2645608080808,-201.93676,4.01292
"3870",386.9,28.3165425,-202.064309090909,4.01216363636364
"3871",387,28.3138175,-202.071076923077,4.0129010989011
"3872",387.1,28.3481925,-202.108643564356,4.01119801980198
"3873",387.2,28.347575,-201.918454545455,4.01190909090909
"3874",387.3,28.322995,-201.91993,4.012
"3875",387.4,28.3130087128713,-201.940735294118,4.01289215686274
"3876",387.5,28.3310208,-201.964103092783,4.0120824742268
"3877",387.6,28.3316402,-201.97428,4.012
"3878",387.7,28.3384588,-202.074596330275,4.012
"3879",387.8,28.3250518045113,-202.065934782609,4.01290217391304
"3880",387.9,28.3437927272727,-202.0812,4.01209
"3881",388,28.3371775,-202.047877192982,4.012
"3882",388.1,28.327655,-202.014461538462,4.01115384615385
"3883",388.2,28.3451325,-202.026538461538,4.01182692307692
"3884",388.3,28.3299597744361,-202.096681318681,4.012
"3885",388.4,28.3350381818182,-202.04758,4.012
"3886",388.5,28.3354876,-201.992672897196,4.01285046728972
"3887",388.6,28.3234175247525,-201.92495049505,4.01216831683168
"3888",388.7,28.345255,-201.977175257732,4.01371134020619
"3889",388.8,28.349205,-202.050212765957,4.01217021276596
"3890",388.9,28.35808,-201.935633333333,4.01276666666667
"3891",389,28.3234175,-201.8864,4.013
"3892",389.1,28.3271977227723,-201.836722772277,4.00935643564357
"3893",389.2,28.3500262,-201.88478,4.01082
"3894",389.3,28.302871,-201.877448275862,4.01178448275862
"3895",389.4,28.2972658,-201.84056626506,4.012
"3896",389.5,28.3175195959596,-201.899851485149,4.01291089108911
"3897",389.6,28.333235,-201.82137,4.01209
"3898",389.7,28.3213425,-201.87033,4.012
"3899",389.8,28.3179947524752,-201.903575757576,4.01291919191919
"3900",389.9,28.3360888,-201.776653465347,4.013
"3901",390,28.3302453383459,-201.81314,4.01118
"3902",390.1,28.3460794029851,-201.66148,4.01009
"3903",390.2,28.3678608080808,-201.67239,4.01182
"3904",390.3,28.3801075,-201.730151515152,4.012
"3905",390.4,28.3753825,-201.71384,4.012
"3906",390.5,28.3691581203008,-201.75248,4.012
"3907",390.6,28.3737341791045,-201.720733333333,4.012
"3908",390.7,28.3731306060606,-201.5831,4.012
"3909",390.8,28.4058792,-201.7208,4.012
"3910",390.9,28.3760372,-201.67788,4.01292
"3911",391,28.3762012,-201.67024,4.01392
"3912",391.1,28.3416252475248,-201.59548,4.01032
"3913",391.2,28.3474454545455,-201.58348,4.01184
"3914",391.3,28.3199776237624,-201.73602970297,4.012
"3915",391.4,28.31562,-201.66728,4.012
"3916",391.5,28.3353125,-201.68175,4.012
"3917",391.6,28.323335,-201.69128,4.012
"3918",391.7,28.3294789473684,-201.64741,4.01291
"3919",391.8,28.337848358209,-201.579575757576,4.01208080808081
"3920",391.9,28.3644215151515,-201.589569230769,4.01270769230769
"3921",392,28.367676,-201.573295774648,4.01212676056338
"3922",392.1,28.3466788,-201.5245,4.01109
"3923",392.2,28.3482014285714,-201.471282828283,4.01191919191919
"3924",392.3,28.3697686567164,-201.47896,4.012
"3925",392.4,28.3608713131313,-201.56188,4.012
"3926",392.5,28.3800561386139,-201.42824,4.012
"3927",392.6,28.37593,-201.421465346535,4.012
"3928",392.7,28.377568,-201.50196969697,4.01291919191919
"3929",392.8,28.3805542574257,-201.45799009901,4.013
"3930",392.9,28.3466390909091,-201.368330434783,4.013
"3931",393,28.3385111764706,-201.454188235294,4.01210588235294
"3932",393.1,28.3873582828283,-201.380595959596,4.01291919191919
"3933",393.2,28.4056075,-201.33896,4.01208
"3934",393.3,28.39313,-201.411764705882,4.012
"3935",393.4,28.3857625,-201.362019230769,4.012
"3936",393.5,28.42215,-201.43303960396,4.012
"3937",393.6,28.4219054545455,-201.506052631579,4.0128947368421
"3938",393.7,28.4079299009901,-201.475727272727,4.01209090909091
"3939",393.8,28.4137684848485,-201.335074766355,4.012
"3940",393.9,28.4446411940299,-201.359774193548,4.01470967741935
"3941",394,28.4416709090909,-201.322845588235,4.01299264705882
"3942",394.1,28.4147294949495,-201.369692307692,4.012
"3943",394.2,28.4361975490196,-201.2245,4.012
"3944",394.3,28.4355863636364,-201.217379310345,4.012
"3945",394.4,28.4465150746269,-201.21372,4.012
"3946",394.5,28.4553209090909,-201.00188,4.012
"3947",394.6,28.4534532,-201.12751,4.012
"3948",394.7,28.4562252,-201.218584158416,4.012
"3949",394.8,28.4482158585859,-201.149980769231,4.012
"3950",394.9,28.4131215,-201.09328,4.01114
"3951",395,28.4069340594059,-201.142490196078,4.011
"3952",395.1,28.4117972,-201.199762886598,4.01186597938144
"3953",395.2,28.3970676237624,-201.12090625,4.012
"3954",395.3,28.3721784848485,-201.193089108911,4.012
"3955",395.4,28.3829937623762,-201.1111,4.012
"3956",395.5,28.3882225,-201.081,4.012
"3957",395.6,28.3777478947368,-201.156564356436,4.01443564356436
"3958",395.7,28.3715679104478,-201.100821052632,4.01329473684211
"3959",395.8,28.4132560606061,-201.132277227723,4.01129702970297
"3960",395.9,28.4008313861386,-201.113157894737,4.0118947368421
"3961",396,28.3811518181818,-201.045826086957,4.01278260869565
"3962",396.1,28.372618358209,-201.016392857143,4.01210714285714
"3963",396.2,28.3947636363636,-201.005089108911,4.012
"3964",396.3,28.3812173737374,-201.0913,4.012
"3965",396.4,28.396266039604,-201.0173,4.012
"3966",396.5,28.3721091919192,-201.117090909091,4.01109090909091
"3967",396.6,28.3798606930693,-200.98968,4.01282
"3968",396.7,28.3865192,-200.9058,4.01213333333333
"3969",396.8,28.4067408,-200.903147368421,4.01290526315789
"3970",396.9,28.4145732,-200.911445454545,4.013
"3971",397,28.4142562626263,-201.0417,4.0121
"3972",397.1,28.3992199009901,-201.04872,4.012
"3973",397.2,28.4112839393939,-201.06893,4.012
"3974",397.3,28.4311602,-201.059725663717,4.012
"3975",397.4,28.4384031683168,-200.957193548387,4.012
"3976",397.5,28.4188208,-200.833315789474,4.0128947368421
"3977",397.6,28.4177778217822,-200.890428571429,4.013
"3978",397.7,28.4103554545455,-200.803367924528,4.01219811320755
"3979",397.8,28.4156452238806,-200.822090909091,4.01289772727273
"3980",397.9,28.4217645454545,-200.798168316832,4.01119801980198
"3981",398,28.4250748,-200.7347,4.0119
"3982",398.1,28.4273812,-200.742545454545,4.012
"3983",398.2,28.4201623232323,-200.812475247525,4.012
"3984",398.3,28.448878358209,-200.748,4.012
"3985",398.4,28.4617806060606,-200.671157894737,4.012
"3986",398.5,28.4684043,-200.708444444444,4.012
"3987",398.6,28.4397347,-200.699545454545,4.012
"3988",398.7,28.4143766,-200.643056603774,4.012
"3989",398.8,28.4583671,-200.627736842105,4.01378947368421
"3990",398.9,28.4399001,-200.668818181818,4.01218181818182
"3991",399,28.4478886,-200.618086206897,4.012
"3992",399.1,28.4498884158416,-200.591529411765,4.012
"3993",399.2,28.4722656,-200.716176470588,4.012
"3994",399.3,28.4456782178218,-200.678486725664,4.012
"3995",399.4,28.4336893939394,-200.697411764706,4.012
"3996",399.5,28.436197761194,-200.751090909091,4.01109090909091
"3997",399.6,28.4411036363636,-200.7235,4.0118125
"3998",399.7,28.428412,-200.637887640449,4.01288764044944
"3999",399.8,28.416376,-200.5515,4.0139
"4000",399.9,28.4089333333333,-200.6159,4.0122
"4001",400,28.4156286567164,-200.553285714286,4.012
"4002",400.1,28.4268018181818,-200.588584269663,4.012
"4003",400.2,28.4387523,-200.527412844037,4.012
"4004",400.3,28.4291207,-200.615370786517,4.012
"4005",400.4,28.4077947,-200.633306930693,4.01290099009901
"4006",400.5,28.4142956,-200.6205,4.0121
"4007",400.6,28.4313774,-200.669909090909,4.012
"4008",400.7,28.439665,-200.700227722772,4.01109900990099
"4009",400.8,28.4337921,-200.610272727273,4.01281818181818
"4010",400.9,28.4231746,-200.5854,4.01213333333333
"4011",401,28.4176216,-200.392894736842,4.012
"4012",401.1,28.4083347,-200.51769,4.012
"4013",401.2,28.3988222222222,-200.518485148515,4.012
"4014",401.3,28.4126516831683,-200.4693,4.0111
"4015",401.4,28.4198918,-200.474285714286,4.01271428571429
"4016",401.5,28.4151556435644,-200.554333333333,4.01216666666667
"4017",401.6,28.3912404,-200.592957446808,4.0111170212766
"4018",401.7,28.4047214285714,-200.61397979798,4.00920202020202
"4019",401.8,28.4222986363636,-200.580642857143,4.01141071428571
"4020",401.9,28.4301251,-200.493113636364,4.012
"4021",402,28.4099648,-200.527545454546,4.012
"4022",402.1,28.4404101,-200.45829,4.012
"4023",402.2,28.4483421052632,-200.391805825243,4.012
"4024",402.3,28.4499411940298,-200.295266666667,4.01126666666667
"4025",402.4,28.449814,-200.281936708861,4.011
"4026",402.5,28.4727089,-200.356036697248,4.01181651376147
"4027",402.6,28.4745887,-200.405258426966,4.01020224719101
"4028",402.7,28.4969431,-200.381619469027,4.01402654867257
"4029",402.8,28.5045221782178,-200.401,4.01231034482759
"4030",402.9,28.4913367346939,-200.34394,4.012
"4031",403,28.479317029703,-200.335297029703,4.012
"4032",403.1,28.4901309,-200.248636363636,4.012
"4033",403.2,28.5065524752475,-200.320698113208,4.012
"4034",403.3,28.5076356,-200.350313131313,4.012
"4035",403.4,28.5064871428571,-200.232298245614,4.012
"4036",403.5,28.5083096969697,-200.304111111111,4.012
"4037",403.6,28.4962461,-200.248666666667,4.01546666666667
"4038",403.7,28.4978486,-200.249893617021,4.01325531914894
"4039",403.8,28.5017099,-200.20224,4.01208
"4040",403.9,28.515697368421,-200.2532,4.012
"4041",404,28.5195366666667,-200.254888888889,4.012
"4042",404.1,28.5054248,-200.21996,4.012
"4043",404.2,28.5083696,-200.23172,4.012
"4044",404.3,28.4977026732673,-200.25232,4.01108
"4045",404.4,28.4932569,-200.04792,4.011
"4046",404.5,28.4997441584158,-200.09348,4.01192
"4047",404.6,28.521338989899,-200.08898019802,4.01382178217822
"4048",404.7,28.5675495,-200.107303030303,4.01124242424242
"4049",404.8,28.5555566666667,-200.081673267327,4.01191089108911
"4050",404.9,28.5407886,-200.050505050505,4.012
"4051",405,28.5144502,-199.999722772277,4.012
"4052",405.1,28.50817,-199.93767,4.012
"4053",405.2,28.5280290196078,-200.110323232323,4.01291919191919
"4054",405.3,28.5330622222222,-200.083709677419,4.01225806451613
"4055",405.4,28.5527384158416,-200.100792207792,4.012
"4056",405.5,28.5210702,-200.024111111111,4.01016161616162
"4057",405.6,28.5346042105263,-200.057079207921,4.01455445544554
"4058",405.7,28.5286429850746,-200.01914,4.01227
"4059",405.8,28.5321976,-199.99407,4.012
"4060",405.9,28.5514991,-199.99382,4.012
"4061",406,28.5473292,-200.046393939394,4.012
"4062",406.1,28.552177368421,-200.0832,4.012
"4063",406.2,28.562646119403,-200.0078,4.01108
"4064",406.3,28.5599828571429,-200.087198198198,4.011
"4065",406.4,28.5218977,-199.946446808511,4.01186170212766
"4066",406.5,28.5243892,-199.953314285714,4.012
"4067",406.6,28.4997688,-199.95016,4.01118
"4068",406.7,28.5204401980198,-200.006694736842,4.01186315789474
"4069",406.8,28.5330424242424,-199.835589473684,4.012
"4070",406.9,28.5204463366337,-199.87052,4.012
"4071",407,28.536821,-199.85752,4.012
"4072",407.1,28.542167029703,-199.862192307692,4.01111538461539
"4073",407.2,28.5191217,-199.774092783505,4.01281443298969
"4074",407.3,28.514157368421,-199.80231,4.01209
"4075",407.4,28.5249998507463,-199.93977,4.012
"4076",407.5,28.5475355555556,-199.824925925926,4.012
"4077",407.6,28.5597984,-199.786406593407,4.00926373626374
"4078",407.7,28.5739144,-199.811156862745,4.01170588235294
"4079",407.8,28.5859698507463,-199.808545454545,4.012
"4080",407.9,28.5809501492537,-199.730787878788,4.012
"4081",408,28.5763944444444,-199.764145454545,4.012
"4082",408.1,28.5845466,-199.978351648352,4.012
"4083",408.2,28.5712258,-199.98371,4.01109
"4084",408.3,28.5943918,-199.83367,4.01191
"4085",408.4,28.5732459405941,-199.95641,4.01109
"4086",408.5,28.5642611111111,-199.845663366337,4.00829702970297
"4087",408.6,28.5453327722772,-199.890965517241,4.00955172413793
"4088",408.7,28.5600666666667,-199.813243902439,4.01180487804878
"4089",408.8,28.5176260606061,-199.76436,4.012
"4090",408.9,28.5250931,-199.866663366337,4.012
"4091",409,28.5603744444445,-199.877,4.012
"4092",409.1,28.5156398039216,-199.889272727273,4.01118181818182
"4093",409.2,28.4882678787879,-199.81352688172,4.011
"4094",409.3,28.489897254902,-199.830384615385,4.01185576923077
"4095",409.4,28.4748042,-199.794646464646,4.012
"4096",409.5,28.4804215789474,-199.86485106383,4.00925531914894
"4097",409.6,28.5036150746269,-199.81128,4.01084
"4098",409.7,28.5095966666667,-199.960851485148,4.01191089108911
"4099",409.8,28.5021785148515,-199.831266666667,4.012
"4100",409.9,28.4765644444444,-199.82167368421,4.012
"4101",410,28.4594219548872,-199.751303030303,4.012
"4102",410.1,28.4608952238806,-199.78916,4.01108
"4103",410.2,28.4483393939394,-199.8252,4.01192
"4104",410.3,28.4638818,-199.75119266055,4.012
"4105",410.4,28.4696987878788,-199.687747252747,4.01291208791209
"4106",410.5,28.462692,-199.63404587156,4.0113119266055
"4107",410.6,28.4792783168317,-199.626747368421,4.011
"4108",410.7,28.4819933333333,-199.623333333333,4.01191666666667
"4109",410.8,28.4458835294118,-199.667196078431,4.012
"4110",410.9,28.4666618181818,-199.6558,4.012
"4111",411,28.474803960396,-199.6612,4.012
"4112",411.1,28.4708566,-199.671090909091,4.01290909090909
"4113",411.2,28.4823062406015,-199.65398019802,4.01209900990099
"4114",411.3,28.5047943283582,-199.6358,4.012
"4115",411.4,28.5151787878788,-199.6538,4.012
"4116",411.5,28.4778097,-199.6002,4.012
"4117",411.6,28.5007268,-199.582857142857,4.012
"4118",411.7,28.4960821804511,-199.547515151515,4.012
"4119",411.8,28.5130825373134,-199.538378947368,4.012
"4120",411.9,28.4919158585859,-199.47402970297,4.012
"4121",412,28.4766072277228,-199.4769,4.0111
"4122",412.1,28.4893690909091,-199.5239,4.0119
"4123",412.2,28.480676,-199.445363636364,4.012
"4124",412.3,28.4670374257426,-199.527194690265,4.01119469026549
"4125",412.4,28.4633044444444,-199.389413793104,4.01189655172414
"4126",412.5,28.5006916831683,-199.448133333333,4.01286666666667
"4127",412.6,28.5119584848485,-199.460905263158,4.0120947368421
"4128",412.7,28.492814,-199.41459,4.012
"4129",412.8,28.458404,-199.3554,4.012
"4130",412.9,28.488988,-199.38185,4.012
"4131",413,28.4482304950495,-199.279584158416,4.01109900990099
"4132",413.1,28.4336515151515,-199.362778761062,4.011
"4133",413.2,28.4557712871287,-199.316195402299,4.011
"4134",413.3,28.4850619,-199.3826,4.0092
"4135",413.4,28.4545479699248,-199.2551,4.0117
"4136",413.5,28.4259110447761,-199.233017241379,4.012
"4137",413.6,28.4187141414141,-199.173939759036,4.012
"4138",413.7,28.4456722772277,-199.259766990291,4.01111650485437
"4139",413.8,28.4691274747475,-199.25264,4.01188
"4140",413.9,28.4608551879699,-199.2742,4.01126666666667
"4141",414,28.4425955223881,-199.334435897436,4.01187179487179
"4142",414.1,28.4359404040404,-199.246220183486,4.01117431192661
"4143",414.2,28.4402961386139,-199.1405,4.011
"4144",414.3,28.4305605050505,-199.11686407767,4.01365048543689
"4145",414.4,28.4408876,-199.255618556701,4.01037113402062
"4146",414.5,28.4491007920792,-199.090676470588,4.01089215686275
"4147",414.6,28.4553173737374,-199.163448979592,4.0119081632653
"4148",414.7,28.47404,-199.11112,4.012
"4149",414.8,28.4583133333333,-199.153653465347,4.012
"4150",414.9,28.4523324752475,-199.075237623762,4.012
"4151",415,28.4691029,-199.118581632653,4.01018367346939
"4152",415.1,28.4722835338346,-199.213198019802,4.01180198019802
"4153",415.2,28.4716926865672,-199.234818181818,4.012
"4154",415.3,28.4521458585859,-199.13681,4.012
"4155",415.4,28.4410451485149,-199.113485148515,4.01109900990099
"4156",415.5,28.4715586868687,-199.1651,4.011
"4157",415.6,28.481320075188,-199.155545454545,4.01190909090909
"4158",415.7,28.4750062686567,-199.159405940594,4.012
"4159",415.8,28.4901791919192,-199.055405405405,4.012
"4160",415.9,28.4648888118812,-198.988065217391,4.012
"4161",416,28.483873030303,-199.01725,4.012
"4162",416.1,28.4802866,-199.128911504425,4.012
"4163",416.2,28.4978771287129,-199.071620689655,4.01289655172414
"4164",416.3,28.51119,-199.00558,4.01027
"4165",416.4,28.525578,-199.00182,4.01091
"4166",416.5,28.5300883838384,-198.99563,4.01191
"4167",416.6,28.5082472277228,-198.93585,4.01109
"4168",416.7,28.5104063636364,-199.0006875,4.011
"4169",416.8,28.5309067,-198.98504494382,4.01188764044944
"4170",416.9,28.5202608910891,-199.0116,4.0129
"4171",417,28.54083,-199.041363636364,4.01209090909091
"4172",417.1,28.5412762376238,-198.931092592593,4.012
"4173",417.2,28.520057979798,-198.893564356436,4.01364356435644
"4174",417.3,28.5367674626866,-198.93902173913,4.01221739130435
"4175",417.4,28.5310336363636,-198.921666666667,4.012
"4176",417.5,28.507706,-198.897391304348,4.012
"4177",417.6,28.546714,-198.8689,4.0111
"4178",417.7,28.5181457575758,-198.916,4.011
"4179",417.8,28.5172020149254,-198.8118,4.01182727272727
"4180",417.9,28.5259415151515,-198.923740384615,4.012
"4181",418,28.5391184,-198.970953488372,4.012
"4182",418.1,28.5548195,-198.925148514851,4.01109900990099
"4183",418.2,28.5350063636364,-198.907272727273,4.01009090909091
"4184",418.3,28.4872818811881,-198.891584158416,4.01090099009901
"4185",418.4,28.4470493,-198.942788461538,4.01186538461538
"4186",418.5,28.4488967,-198.767196078431,4.012
"4187",418.6,28.4840897029703,-198.929,4.01109677419355
"4188",418.7,28.461876,-198.8044,4.01191
"4189",418.8,28.447328,-198.864782178218,4.01290099009901
"4190",418.9,28.4384546464646,-198.8205,4.0105
"4191",419,28.4232680597015,-198.81738,4.01082
"4192",419.1,28.4345787878788,-198.848736263736,4.011
"4193",419.2,28.413641,-198.73125,4.0145
"4194",419.3,28.4639931683168,-198.78418487395,4.01280672268908
"4195",419.4,28.475314040404,-198.776,4.01132
"4196",419.5,28.4696630597015,-198.820051948052,4.01188311688312
"4197",419.6,28.4565015151515,-198.713574257426,4.01109900990099
"4198",419.7,28.4592797,-198.823727272727,4.011
"4199",419.8,28.474397,-198.70951,4.01191
"4200",419.9,28.5062197,-198.8062,4.012
"4201",420,28.4984491,-198.776455445545,4.01109900990099
"4202",420.1,28.4942805,-198.688666666667,4.01183333333333
"4203",420.2,28.5155164,-198.709115789474,4.01027368421053
"4204",420.3,28.5164252,-198.715852941176,4.01085294117647
"4205",420.4,28.4962144,-198.68435106383,4.011
"4206",420.5,28.5105811,-198.666584158416,4.011
"4207",420.6,28.4938609,-198.695857142857,4.011
"4208",420.7,28.4930972727273,-198.704269230769,4.011
"4209",420.8,28.5535084158416,-198.673846153846,4.01278021978022
"4210",420.9,28.5557556,-198.704545454545,4.01209090909091
"4211",421,28.5454552475247,-198.63501980198,4.012
"4212",421.1,28.53826,-198.663,4.01371428571429
"4213",421.2,28.5194142105263,-198.740436170213,4.01128723404255
"4214",421.3,28.5034375757576,-198.686732673267,4.011
"4215",421.4,28.4972393,-198.645454545455,4.011
"4216",421.5,28.5294343,-198.62262037037,4.011
"4217",421.6,28.5116016,-198.681673469388,4.011
"4218",421.7,28.5238180451128,-198.600572815534,4.01182524271845
"4219",421.8,28.5378181818182,-198.58364516129,4.012
"4220",421.9,28.5102916,-198.551636363636,4.012
"4221",422,28.499017,-198.643454545455,4.012
"4222",422.1,28.51882,-198.620207207207,4.01445945945946
"4223",422.2,28.5017128,-198.597,4.01055555555556
"4224",422.3,28.514498,-198.631,4.0109
"4225",422.4,28.5119294,-198.7646,4.011
"4226",422.5,28.5392118811881,-198.616821782178,4.011
"4227",422.6,28.5311423,-198.597,4.011
"4228",422.7,28.5549141,-198.684396039604,4.01190099009901
"4229",422.8,28.5621181,-198.631247706422,4.01117431192661
"4230",422.9,28.5618927272727,-198.5163,4.011
"4231",423,28.5874554455446,-198.57598,4.011
"4232",423.1,28.5794254545455,-198.48108,4.01191
"4233",423.2,28.5714243564356,-198.596745454545,4.01117272727273
"4234",423.3,28.5750933,-198.5771,4.011
"4235",423.4,28.5711042105263,-198.451779816514,4.011
"4236",423.5,28.5511847761194,-198.461869565217,4.011
"4237",423.6,28.5587954545454,-198.374181818182,4.01190909090909
"4238",423.7,28.5457935643564,-198.44618627451,4.01110784313725
"4239",423.8,28.5536492,-198.468476635514,4.011
"4240",423.9,28.5644133,-198.38547311828,4.011
"4241",424,28.5654418811881,-198.41939,4.01189
"4242",424.1,28.5330603030303,-198.46594,4.01111
"4243",424.2,28.5838282178218,-198.428747474747,4.011
"4244",424.3,28.5770173469388,-198.3925,4.011
"4245",424.4,28.5623836,-198.378043478261,4.011
"4246",424.5,28.568748,-198.381104651163,4.011
"4247",424.6,28.5774781818182,-198.243051020408,4.011
"4248",424.7,28.56811,-198.37096,4.011
"4249",424.8,28.5521236363636,-198.347083333333,4.011
"4250",424.9,28.4999768316832,-198.300304347826,4.011
"4251",425,28.5326135,-198.270112068965,4.01178448275862
"4252",425.1,28.5407231578947,-198.292494382022,4.012
"4253",425.2,28.5515507462687,-198.312333333333,4.0111568627451
"4254",425.3,28.543926,-198.231,4.011
"4255",425.4,28.5407894,-198.3052,4.011
"4256",425.5,28.5646269,-198.278583333333,4.011
"4257",425.6,28.5693103759398,-198.237669724771,4.011
"4258",425.7,28.5629958208955,-198.387549450549,4.01189010989011
"4259",425.8,28.5382136363636,-198.413363636364,4.012
"4260",425.9,28.57749,-198.30571,4.012
"4261",426,28.5616418181818,-198.320227722772,4.00839603960396
"4262",426.1,28.5568322,-198.26,4.0107
"4263",426.2,28.5386284158416,-198.318454545455,4.011
"4264",426.3,28.5500281818182,-198.210574257426,4.011
"4265",426.4,28.5469094059406,-198.2394,4.011
"4266",426.5,28.56914,-198.3016,4.011
"4267",426.6,28.5990118,-198.348,4.01372727272727
"4268",426.7,28.6163492,-198.327673267327,4.01129702970297
"4269",426.8,28.6274433333333,-198.215603448276,4.01177586206896
"4270",426.9,28.6322899009901,-198.180711111111,4.01035555555556
"4271",427,28.6083351515151,-198.12370212766,4.01178723404255
"4272",427.1,28.6286888118812,-198.238818181818,4.01109090909091
"4273",427.2,28.6449274,-198.2518125,4.011
"4274",427.3,28.6348208955224,-198.222707865169,4.011
"4275",427.4,28.6174704477612,-198.223864864865,4.011
"4276",427.5,28.6210690909091,-198.252929292929,4.011
"4277",427.6,28.631102970297,-198.224,4.0118
"4278",427.7,28.6474663636364,-198.139,4.0112
"4279",427.8,28.6113346,-198.12,4.011
"4280",427.9,28.598108,-198.138,4.0128
"4281",428,28.6128686,-198.066071428571,4.01058928571429
"4282",428.1,28.6141406,-197.984106382979,4.01165957446808
"4283",428.2,28.6141486868687,-197.951340425532,4.01110638297872
"4284",428.3,28.6051117,-197.860651376147,4.011
"4285",428.4,28.5940602,-197.952097087379,4.011
"4286",428.5,28.6201178,-198.009477272727,4.011
"4287",428.6,28.6163237623762,-198.024584158416,4.01367326732673
"4288",428.7,28.5835721212121,-197.98239,4.01133
"4289",428.8,28.5324393069307,-197.92004,4.01011
"4290",428.9,28.57603,-197.976453703704,4.01082407407407
"4291",429,28.556489849624,-197.926802197802,4.01010989010989
"4292",429.1,28.5564040298507,-197.887235294118,4.01088235294118
"4293",429.2,28.5513176767677,-197.882102040816,4.011
"4294",429.3,28.5367426732673,-198.014,4.011
"4295",429.4,28.5516398989899,-197.87195,4.011
"4296",429.5,28.5652112781955,-197.694030927835,4.01187628865979
"4297",429.6,28.5543865671642,-197.749326530612,4.012
"4298",429.7,28.5648508080808,-197.786220338983,4.01123728813559
"4299",429.8,28.5583141584158,-197.843292682927,4.01187804878049
"4300",429.9,28.5660517171717,-197.832,4.0129
"4301",430,28.5713136,-197.764705882353,4.01211764705882
"4302",430.1,28.5676685148515,-197.812,4.01111111111111
"4303",430.2,28.5598833333333,-197.77183,4.011
"4304",430.3,28.5477370588235,-197.78558,4.011
"4305",430.4,28.556576969697,-197.789547826087,4.01177391304348
"4306",430.5,28.5579853,-197.832658823529,4.01112941176471
"4307",430.6,28.5515086,-197.822406779661,4.011
"4308",430.7,28.5808636,-197.769666666667,4.011
"4309",430.8,28.5607211,-197.78670212766,4.00921276595745
"4310",430.9,28.572018989899,-197.8683,4.0108
"4311",431,28.5655552941176,-197.8401,4.011
"4312",431.1,28.5676296969697,-197.8207,4.011
"4313",431.2,28.5804630597015,-197.7911,4.011
"4314",431.3,28.5764089393939,-197.7727,4.011
"4315",431.4,28.5701011,-197.7737,4.011
"4316",431.5,28.5950927,-197.796277227723,4.01278217821782
"4317",431.6,28.5801804040404,-197.6922,4.01122
"4318",431.7,28.6083198019802,-197.69057,4.011
"4319",431.8,28.6065249,-197.737821782178,4.01188118811881
"4320",431.9,28.6071208,-197.691555555556,4.01466666666667
"4321",432,28.6182306,-197.697585858586,4.01140404040404
"4322",432.1,28.5956843,-197.687529411765,4.011
"4323",432.2,28.6001899,-197.76784,4.011
"4324",432.3,28.6040028282828,-197.80628,4.011
"4325",432.4,28.5927932,-197.78184,4.011
"4326",432.5,28.5928937623762,-197.79472,4.011
"4327",432.6,28.5919905,-197.748111111111,4.011
"4328",432.7,28.6062226732673,-197.744383928571,4.01020535714286
"4329",432.8,28.5979893939394,-197.72375862069,4.00822988505747
"4330",432.9,28.5863885074627,-197.714739130435,4.01113043478261
"4331",433,28.6019507575758,-197.640142857143,4.01128571428571
"4332",433.1,28.582345,-197.578625,4.011
"4333",433.2,28.5965325,-197.663150943396,4.011
"4334",433.3,28.5940222222222,-197.769189473684,4.011
"4335",433.4,28.6173017910448,-197.660685185185,4.011
"4336",433.5,28.6231903030303,-197.640282608696,4.011
"4337",433.6,28.6036336,-197.718313131313,4.011
"4338",433.7,28.597668,-197.698485148515,4.00921782178218
"4339",433.8,28.5989124,-197.663094339623,4.01403773584906
"4340",433.9,28.5948316,-197.676425531915,4.01058510638298
"4341",434,28.6091772,-197.64903960396,4.01088118811881
"4342",434.1,28.6120364,-197.659796460177,4.011
"4343",434.2,28.5978830693069,-197.571558139535,4.011
"4344",434.3,28.6051128,-197.52329,4.011
"4345",434.4,28.5906547,-197.6792,4.01189
"4346",434.5,28.6140395959596,-197.60295049505,4.01111881188119
"4347",434.6,28.5794176,-197.538444444444,4.011
"4348",434.7,28.5875984,-197.443881188119,4.011
"4349",434.8,28.5878196,-197.476419047619,4.011
"4350",434.9,28.5488246534653,-197.533563829787,4.011
"4351",435,28.5309389,-197.53021,4.011
"4352",435.1,28.5302429323308,-197.426814814815,4.011
"4353",435.2,28.5382215151515,-197.468391304348,4.011
"4354",435.3,28.5172924,-197.46454,4.011
"4355",435.4,28.5110052,-197.432283185841,4.011
"4356",435.5,28.5142452,-197.463310344828,4.01187356321839
"4357",435.6,28.5251110526316,-197.42005,4.012
"4358",435.7,28.5360814925373,-197.39175,4.01285576923077
"4359",435.8,28.5366927272727,-197.312807692308,4.01218269230769
"4360",435.9,28.5186615,-197.340587155963,4.01125688073394
"4361",436,28.529195,-197.363807228916,4.011
"4362",436.1,28.5254475,-197.332636363636,4.011
"4363",436.2,28.5289718811881,-197.374849056604,4.011
"4364",436.3,28.5448242424242,-197.383,4.01189361702128
"4365",436.4,28.5637930693069,-197.4271,4.0102
"4366",436.5,28.5436844,-197.278571428571,4.01085714285714
"4367",436.6,28.549325049505,-197.345157894737,4.0118947368421
"4368",436.7,28.5614611,-197.3182,4.012
"4369",436.8,28.5602681,-197.362181818182,4.012
"4370",436.9,28.5473824,-197.257079207921,4.01109900990099
"4371",437,28.5398585,-197.3584,4.011
"4372",437.1,28.5848867,-197.328272727273,4.011
"4373",437.2,28.6077162,-197.245490196078,4.011
"4374",437.3,28.6018114,-197.21108,4.00922
"4375",437.4,28.6311567,-197.22669,4.01078
"4376",437.5,28.6045898989899,-197.269891891892,4.011
"4377",437.6,28.5982484,-197.230921348315,4.01187640449438
"4378",437.7,28.5876408,-197.15725,4.01111
"4379",437.8,28.5762372,-197.198040816327,4.01009183673469
"4380",437.9,28.5665876,-197.136980392157,4.01089215686275
"4381",438,28.5721239393939,-197.079959183673,4.011
"4382",438.1,28.6340498019802,-197.107443478261,4.011
"4383",438.2,28.6057128,-197.108046511628,4.01011627906977
"4384",438.3,28.6009876,-197.2393,4.0118
"4385",438.4,28.5919456,-197.190470588235,4.01111764705882
"4386",438.5,28.5876933333333,-197.253551401869,4.01017757009346
"4387",438.6,28.5803421782178,-197.1808,4.0118
"4388",438.7,28.6219648484849,-197.161089108911,4.01109900990099
"4389",438.8,28.6264740594059,-197.2437,4.011
"4390",438.9,28.6319784,-197.193909090909,4.011
"4391",439,28.6103088,-197.205118811881,4.011
"4392",439.1,28.5857833663366,-197.155571428571,4.011
"4393",439.2,28.5803502020202,-197.076468085106,4.011
"4394",439.3,28.5717824,-197.106841584158,4.011
"4395",439.4,28.592922,-197.1686,4.0101
"4396",439.5,28.6018112,-197.126881188119,4.01178217821782
"4397",439.6,28.6244612,-197.159656565657,4.012
"4398",439.7,28.6280075757576,-197.104297029703,4.01110891089109
"4399",439.8,28.6201237623762,-197.199484848485,4.011
"4400",439.9,28.6055,-197.0625,4.011
"4401",440,28.6091595,-197.116884955752,4.011
"4402",440.1,28.626693,-197.134104651163,4.011
"4403",440.2,28.6154676767677,-196.995247524752,4.01009900990099
"4404",440.3,28.6323045098039,-197.072727272727,4.01
"4405",440.4,28.6137754545455,-197.051366336634,4.01090099009901
"4406",440.5,28.5876121782178,-197.1605,4.0128
"4407",440.6,28.5867396,-197.069633663366,4.01032673267327
"4408",440.7,28.58632,-197.02104040404,4.01
"4409",440.8,28.5685798019802,-197.096411764706,4.01088235294118
"4410",440.9,28.5725083838384,-197.134836734694,4.011
"4411",441,28.5661044,-197.062257425743,4.011
"4412",441.1,28.59065,-197.074575757576,4.011
"4413",441.2,28.5671508,-197.062508474576,4.01176271186441
"4414",441.3,28.5553628,-197.09312195122,4.01112195121951
"4415",441.4,28.5490760606061,-197.066846153846,4.011
"4416",441.5,28.5476566336634,-197.13725,4.011
"4417",441.6,28.5760012121212,-197.096754716981,4.01015094339623
"4418",441.7,28.546451,-196.981419354839,4.01090322580645
"4419",441.8,28.5459585,-196.942875,4.011
"4420",441.9,28.5461171717172,-196.92625,4.011
"4421",442,28.5225576470588,-196.931081395349,4.011
"4422",442.1,28.5303842424242,-196.8582,4.011
"4423",442.2,28.505479,-196.702233009709,4.00934951456311
"4424",442.3,28.5227575,-196.799054945055,4.0108021978022
"4425",442.4,28.5213696969697,-196.82665,4.011
"4426",442.5,28.585315049505,-196.85502970297,4.01190099009901
"4427",442.6,28.6047765656566,-196.882545454545,4.012
"4428",442.7,28.5773994059406,-196.948,4.011125
"4429",442.8,28.562003,-196.909908256881,4.011
"4430",442.9,28.54861,-196.833448275862,4.011
"4431",443,28.55252,-196.792098039216,4.01010784313725
"4432",443.1,28.5610981818182,-196.904384615385,4.01
"4433",443.2,28.5574814851485,-196.909531914894,4.01090425531915
"4434",443.3,28.5980796,-196.886376237624,4.01009900990099
"4435",443.4,28.5981948,-196.840551724138,4.01077586206897
"4436",443.5,28.6244552,-196.834964705882,4.011
"4437",443.6,28.6497068,-196.835101010101,4.01010101010101
"4438",443.7,28.6511244,-196.8017,4.0109
"4439",443.8,28.6383357142857,-196.768909090909,4.011
"4440",443.9,28.6310426,-196.849086956522,4.011
"4441",444,28.6054908,-196.886023255814,4.011
"4442",444.1,28.6125124,-196.789089108911,4.011
"4443",444.2,28.6268779207921,-196.69957,4.01011
"4444",444.3,28.6116836363636,-196.743939393939,4.01089898989899
"4445",444.4,28.6021358415842,-196.812038834951,4.00925242718447
"4446",444.5,28.6147655,-196.691387755102,4.01077551020408
"4447",444.6,28.5895718045113,-196.67322,4.01189
"4448",444.7,28.5855419402985,-196.752111111111,4.01110101010101
"4449",444.8,28.5795215,-196.800207920792,4.011
"4450",444.9,28.5857808910891,-196.887642857143,4.011
"4451",445,28.5797354545454,-196.842420560748,4.01014953271028
"4452",445.1,28.604723,-196.859193548387,4.01
"4453",445.2,28.5991195049505,-196.87292,4.01091
"4454",445.3,28.6117754545455,-196.82031,4.011
"4455",445.4,28.6203468316832,-196.808815533981,4.011
"4456",445.5,28.6083863636364,-196.7145,4.01257142857143
"4457",445.6,28.6093735,-196.799068965517,4.01125287356322
"4458",445.7,28.5752035,-196.91379,4.011
"4459",445.8,28.5671553535354,-196.879965517241,4.011
"4460",445.9,28.5575077227723,-196.873729411765,4.011
"4461",446,28.5724163636364,-196.80724,4.01012
"4462",446.1,28.572302,-196.682444444444,4.01088888888889
"4463",446.2,28.552318,-196.668,4.011
"4464",446.3,28.573994,-196.642591836735,4.011
"4465",446.4,28.546564,-196.702635416667,4.01011458333333
"4466",446.5,28.5664668686869,-196.681903846154,4.01171153846154
"4467",446.6,28.5899614705882,-196.502572916667,4.01111458333333
"4468",446.7,28.5758105050505,-196.48412037037,4.011
"4469",446.8,28.572375049505,-196.541076923077,4.011
"4470",446.9,28.568577029703,-196.561366336634,4.011
"4471",447,28.6007576,-196.464401960784,4.01012745098039
"4472",447.1,28.5677164,-196.591588235294,4.01085294117647
"4473",447.2,28.5755960606061,-196.639263157895,4.011
"4474",447.3,28.587758,-196.654385321101,4.00852293577982
"4475",447.4,28.5898578787879,-196.510131868132,4.00710989010989
"4476",447.5,28.577675,-196.649941176471,4.01052941176471
"4477",447.6,28.5866708,-196.610396226415,4.011
"4478",447.7,28.5970339393939,-196.579076923077,4.011
"4479",447.8,28.6575502970297,-196.654363636364,4.011
"4480",447.9,28.633817979798,-196.608411111111,4.011
"4481",448,28.636272,-196.50377,4.011
"4482",448.1,28.6307314851485,-196.67089,4.011
"4483",448.2,28.6179038,-196.53013,4.011
"4484",448.3,28.6062096078431,-196.61324,4.00922
"4485",448.4,28.5911875757576,-196.610901785714,4.01138392857143
"4486",448.5,28.6115706716418,-196.6735,4.011125
"4487",448.6,28.6183822727273,-196.72038,4.011
"4488",448.7,28.6053355,-196.70008,4.011
"4489",448.8,28.6286305,-196.457868686869,4.011
"4490",448.9,28.6372283838384,-196.563857142857,4.011
"4491",449,28.6121781188119,-196.489368421053,4.011
"4492",449.1,28.5954925,-196.5572,4.0101
"4493",449.2,28.593816,-196.539267326733,4.01089108910891
"4494",449.3,28.6118358585859,-196.53867,4.01367
"4495",449.4,28.6439952525253,-196.372866666667,4.00806666666667
"4496",449.5,28.6404077227723,-196.510125,4.0105
"4497",449.6,28.6361925252525,-196.470905660377,4.011
"4498",449.7,28.6232829,-196.5169375,4.011
"4499",449.8,28.6233495049505,-196.473804123711,4.011
"4500",449.9,28.6327377777778,-196.48035,4.011
"4501",450,28.6317325742574,-196.47132,4.01011
"4502",450.1,28.6409055555556,-196.53764,4.01089
"4503",450.2,28.6520766,-196.47302,4.011
"4504",450.3,28.6577582,-196.48358,4.01545
"4505",450.4,28.6549187,-196.43972,4.01244
"4506",450.5,28.6212366336633,-196.448971962617,4.01116822429907
"4507",450.6,28.6169062,-196.516365591398,4.011
"4508",450.7,28.6393698,-196.629282828283,4.011
"4509",450.8,28.6386398,-196.477930693069,4.01010891089109
"4510",450.9,28.625116,-196.428333333333,4.01
"4511",451,28.6082122,-196.559554455446,4.01
"4512",451.1,28.630482,-196.54607079646,4.01078761061947
"4513",451.2,28.650367,-196.5116,4.0094
"4514",451.3,28.6524461616162,-196.460742268041,4.01150515463917
"4515",451.4,28.6676124,-196.347663157895,4.01023157894737
"4516",451.5,28.6786683,-196.367262626263,4.01089898989899
"4517",451.6,28.6458064,-196.272089108911,4.011
"4518",451.7,28.6613016,-196.3045,4.011
"4519",451.8,28.6865215,-196.417010869565,4.011
"4520",451.9,28.6718412121212,-196.344643564356,4.011
"4521",452,28.673455049505,-196.224555555556,4.01011111111111
"4522",452.1,28.6786884,-196.315861386139,4.01088118811881
"4523",452.2,28.6735914851485,-196.38249122807,4.01177192982456
"4524",452.3,28.6571542,-196.345764705882,4.01025882352941
"4525",452.4,28.6641417293233,-196.27125,4.01
"4526",452.5,28.6353316666667,-196.370504950495,4.01088118811881
"4527",452.6,28.6457646,-196.307666666667,4.011
"4528",452.7,28.6518499,-196.32559,4.011
"4529",452.8,28.662432,-196.29963,4.01011
"4530",452.9,28.646627,-196.34584,4.01267
"4531",453,28.6698964,-196.25499,4.01033
"4532",453.1,28.6842609,-196.221851485149,4.01088118811881
"4533",453.2,28.6811494,-196.136333333333,4.01011111111111
"4534",453.3,28.6717674,-196.184434343434,4.01089898989899
"4535",453.4,28.7010505,-196.206517241379,4.011
"4536",453.5,28.6979814,-196.277516853933,4.011
"4537",453.6,28.671776969697,-196.2219375,4.011
"4538",453.7,28.6755516831683,-196.14803,4.011
"4539",453.8,28.7192848,-196.203828282828,4.01189898989899
"4540",453.9,28.751412,-196.054303571429,4.01119642857143
"4541",454,28.7433236,-196.034613636364,4.01011363636364
"4542",454.1,28.7603636363636,-196.0343,4.01
"4543",454.2,28.7619841584158,-196.151,4.0118
"4544",454.3,28.7764190909091,-196.109,4.00866666666667
"4545",454.4,28.7781076237624,-196.008869565217,4.01067391304348
"4546",454.5,28.7792171,-195.995378640777,4.01012621359223
"4547",454.6,28.7626947,-196.0385,4.01088775510204
"4548",454.7,28.7797620792079,-196.0618,4.01011
"4549",454.8,28.7847255555556,-196.068494949495,4.01089898989899
"4550",454.9,28.7749734653465,-196.039594059406,4.01010891089109
"4551",455,28.7915676767677,-196.18997,4.01089
"4552",455.1,28.802585,-196.139777777778,4.01189898989899
"4553",455.2,28.778764,-196.13879245283,4.01284905660377
"4554",455.3,28.7740533333333,-196.006252427184,4.01055339805825
"4555",455.4,28.7658344554455,-196.044210526316,4.01085263157895
"4556",455.5,28.7838766666667,-196.092752136752,4.011
"4557",455.6,28.7807572,-196.093530120482,4.011
"4558",455.7,28.7815364,-196.068604166667,4.01010416666667
"4559",455.8,28.8056433333333,-196.012782608696,4.01078260869565
"4560",455.9,28.7918683333333,-195.977705882353,4.011
"4561",456,28.7757460606061,-195.961271186441,4.01023728813559
"4562",456.1,28.7265926732673,-196.020325301205,4.01173493975904
"4563",456.2,28.7289451,-195.901074766355,4.01116822429907
"4564",456.3,28.6991377443609,-195.984333333333,4.011
"4565",456.4,28.7273874626866,-195.931,4.011
"4566",456.5,28.7212784848485,-195.969857142857,4.01014285714286
"4567",456.6,28.7063686138614,-196.02974,4.01
"4568",456.7,28.7178060606061,-196.027360824742,4.01
"4569",456.8,28.706924,-196.007121212121,4.01
"4570",456.9,28.692626039604,-195.9465,4.01
"4571",457,28.721343030303,-195.968173913044,4.01
"4572",457.1,28.7740471287129,-195.89535483871,4.0091935483871
"4573",457.2,28.7515509090909,-195.899806451613,4.00811827956989
"4574",457.3,28.7422152,-195.87096,4.01067
"4575",457.4,28.7332544,-195.85098,4.011
"4576",457.5,28.7257388888889,-195.85256,4.01011
"4577",457.6,28.7142776237624,-195.854679245283,4.01
"4578",457.7,28.7339777777778,-195.90697979798,4.01083838383838
"4579",457.8,28.721067029703,-195.850872340426,4.01010638297872
"4580",457.9,28.7409522222222,-195.843891089109,4.01089108910891
"4581",458,28.7285255,-195.811636363636,4.011
"4582",458.1,28.7272051485149,-195.811564356436,4.00743564356436
"4583",458.2,28.7022844444444,-195.81734,4.01145
"4584",458.3,28.7380756862745,-195.82779,4.01022
"4585",458.4,28.7350687878788,-195.78272,4.01089
"4586",458.5,28.7477652,-195.705432989691,4.011
"4587",458.6,28.7387863366337,-195.772242718447,4.011
"4588",458.7,28.7553195,-195.651336206897,4.01023275862069
"4589",458.8,28.7417784,-195.700642857143,4.01086904761905
"4590",458.9,28.72369,-195.65971,4.01011
"4591",459,28.7177108,-195.62541,4.00911
"4592",459.1,28.7439596,-195.68608,4.00811
"4593",459.2,28.7502236,-195.700107843137,4.01061764705882
"4594",459.3,28.7439976,-195.723422680412,4.0101030927835
"4595",459.4,28.76214,-195.668571428571,4.01085714285714
"4596",459.5,28.7505091089109,-195.705927083333,4.011
"4597",459.6,28.7294555555556,-195.622190909091,4.01019090909091
"4598",459.7,28.7350077,-195.701944444444,4.01175555555556
"4599",459.8,28.7349854455446,-195.640484848485,4.01020202020202
"4600",459.9,28.7435966666667,-195.662297029703,4.01089108910891
"4601",460,28.7482588118812,-195.66778,4.011
"4602",460.1,28.737608,-195.67423,4.011
"4603",460.2,28.7204021804511,-195.64118,4.01011
"4604",460.3,28.7176994029851,-195.584692982456,4.01
"4605",460.4,28.6924955555556,-195.613235294118,4.01088235294118
"4606",460.5,28.7137675247525,-195.737514851485,4.01010891089109
"4607",460.6,28.7009377777778,-195.62206,4.01089
"4608",460.7,28.6892368,-195.615888888889,4.011
"4609",460.8,28.6840960784314,-195.6728,4.0101
"4610",460.9,28.6830542424242,-195.638090909091,4.01081818181818
"4611",461,28.6734755445545,-195.710684210526,4.00847368421053
"4612",461.1,28.6846278787879,-195.670423076923,4.01126923076923
"4613",461.2,28.6655744,-195.644648351648,4.01021978021978
"4614",461.3,28.7049888888889,-195.5773,4.01
"4615",461.4,28.6684934,-195.5178,4.01
"4616",461.5,28.6931806,-195.478972477064,4.01082568807339
"4617",461.6,28.6836268,-195.440304347826,4.01029565217391
"4618",461.7,28.6951264,-195.471494382022,4.01074157303371
"4619",461.8,28.6898187878788,-195.457793103448,4.011
"4620",461.9,28.692739,-195.516307692308,4.01023076923077
"4621",462,28.6984608910891,-195.571901098901,4.0108021978022
"4622",462.1,28.6848522,-195.574827956989,4.011
"4623",462.2,28.6985989108911,-195.54997,4.01011
"4624",462.3,28.66549,-195.56569,4.01
"4625",462.4,28.688257029703,-195.60538,4.01089
"4626",462.5,28.681712,-195.50231,4.011
"4627",462.6,28.6613912,-195.554618644068,4.01175423728814
"4628",462.7,28.6428468,-195.562851851852,4.01024691358025
"4629",462.8,28.6717076,-195.515210526316,4.01078947368421
"4630",462.9,28.66978,-195.541,4.00934782608696
"4631",463,28.6795209090909,-195.490782178218,4.01066336633663
"4632",463.1,28.6899836,-195.495956989247,4.011
"4633",463.2,28.6713572,-195.48,4.0101
"4634",463.3,28.6409433333333,-195.606691588785,4.01
"4635",463.4,28.6629251,-195.61284375,4.01
"4636",463.5,28.6808673737374,-195.58042,4.01
"4637",463.6,28.645369,-195.559303030303,4.01
"4638",463.7,28.6845291089109,-195.4998,4.01
"4639",463.8,28.6745298,-195.421941747573,4.01
"4640",463.9,28.665801980198,-195.468112244898,4.01
"4641",464,28.6938666666667,-195.476112244898,4.00822448979592
"4642",464.1,28.6924289552239,-195.545613861386,4.00976237623762
"4643",464.2,28.6796033333333,-195.36844,4.01
"4644",464.3,28.6752093,-195.422287128713,4.01087128712871
"4645",464.4,28.6925242,-195.499909090909,4.01012121212121
"4646",464.5,28.6739333333333,-195.423315789474,4.01077192982456
"4647",464.6,28.6946346534653,-195.504804123711,4.01023711340206
"4648",464.7,28.695492,-195.448166666667,4.01
"4649",464.8,28.6744627722772,-195.439259259259,4.01
"4650",464.9,28.6795712871287,-195.427445544554,4.01087128712871
"4651",465,28.6750454545455,-195.415971698113,4.01182075471698
"4652",465.1,28.6964603960396,-195.36297,4.01038
"4653",465.2,28.6967257575758,-195.275170212766,4.01
"4654",465.3,28.7125677777778,-195.5588,4.01
"4655",465.4,28.697698989899,-195.52420754717,4.01
"4656",465.5,28.670024,-195.462580645161,4.00912903225807
"4657",465.6,28.708326,-195.403555555556,4.009
"4658",465.7,28.696088,-195.465931372549,4.00987254901961
"4659",465.8,28.7312290909091,-195.400424242424,4.01087878787879
"4660",465.9,28.7551392079208,-195.387333333333,4.01011111111111
"4661",466,28.748117,-195.41726,4.01
"4662",466.1,28.7588969306931,-195.430050847458,4.01
"4663",466.2,28.7436525,-195.370658536585,4.01
"4664",466.3,28.7308835643564,-195.411227722772,4.01
"4665",466.4,28.7390848,-195.39864,4.01
"4666",466.5,28.753204,-195.35112,4.01088
"4667",466.6,28.74747,-195.42684,4.00924
"4668",466.7,28.7303812,-195.416,4.01076
"4669",466.8,28.7298166666667,-195.35932,4.00924
"4670",466.9,28.7409247474747,-195.305777777778,4.00988888888889
"4671",467,28.748693,-195.222455445545,4.01088118811881
"4672",467.1,28.706661,-195.14864,4.01012
"4673",467.2,28.731601,-195.15672,4.01
"4674",467.3,28.72995,-195.29628,4.01
"4675",467.4,28.703156,-195.28684,4.01
"4676",467.5,28.6981218181818,-195.276541284404,4.01080733944954
"4677",467.6,28.6993425742574,-195.274159574468,4.01015957446808
"4678",467.7,28.654518,-195.270494845361,4.01087628865979
"4679",467.8,28.64952,-195.24184,4.01364
"4680",467.9,28.6730961,-195.237234782609,4.01017391304348
"4681",468,28.6836318796993,-195.191887640449,4.0098202247191
"4682",468.1,28.6669345454545,-195.208526315789,4.01
"4683",468.2,28.649429,-195.155138888889,4.01
"4684",468.3,28.672703,-195.177336956522,4.01
"4685",468.4,28.658648,-195.084018348624,4.01081651376147
"4686",468.5,28.698396,-195.143720430108,4.01186021505376
"4687",468.6,28.688683,-195.125928571429,4.01022448979592
"4688",468.7,28.664806,-194.98100990099,4.01088118811881
"4689",468.8,28.683606,-194.99368,4.011
"4690",468.9,28.725642,-194.998,4.01012
"4691",469,28.727971,-194.99712,4.01
"4692",469.1,28.716292,-195.07004,4.01
"4693",469.2,28.6799836363636,-195.09496,4.01
"4694",469.3,28.6920865,-195.04244,4.01
"4695",469.4,28.6966876,-194.838555555556,4.01
"4696",469.5,28.6897919,-194.84337,4.01089
"4697",469.6,28.714742,-194.881654867257,4.011
"4698",469.7,28.7248725252525,-194.801896551724,4.00925287356322
"4699",469.8,28.7240247058824,-194.8335,4.009
"4700",469.9,28.717785,-194.858777777778,4.00989898989899
"4701",470,28.6990565346535,-194.835158415842,4.01
"4702",470.1,28.7096126,-194.837464912281,4.01
"4703",470.2,28.7269697,-194.791034883721,4.01
"4704",470.3,28.7543918,-194.90059,4.01
"4705",470.4,28.7412143434343,-194.92924,4.01
"4706",470.5,28.750252,-194.793534653465,4.01
"4707",470.6,28.742478,-194.843444444444,4.01
"4708",470.7,28.759408,-194.77991,4.01089
"4709",470.8,28.758295,-194.6909,4.00922
"4710",470.9,28.7554136363636,-194.60535,4.00989
"4711",471,28.7343028,-194.656232323232,4.01
"4712",471.1,28.7337324,-194.685058823529,4.01
"4713",471.2,28.7553469,-194.655111111111,4.01
"4714",471.3,28.7481425,-194.739190909091,4.01
"4715",471.4,28.7405466666667,-194.638707070707,4.01079797979798
"4716",471.5,28.7734625742574,-194.655826086957,4.01013043478261
"4717",471.6,28.7547271,-194.63484,4.01
"4718",471.7,28.7337733663366,-194.60812,4.01088
"4719",471.8,28.709237,-194.622254901961,4.011
"4720",471.9,28.693794887218,-194.632092783505,4.01011340206186
"4721",472,28.6824544776119,-194.42563,4.01
"4722",472.1,28.6839772727273,-194.44005,4.01
"4723",472.2,28.673664,-194.52154,4.01
"4724",472.3,28.6776978,-194.427451923077,4.00914423076923
"4725",472.4,28.6962362,-194.58265625,4.00988541666667
"4726",472.5,28.714381980198,-194.62903,4.01
"4727",472.6,28.7181254545455,-194.50384,4.01
"4728",472.7,28.7438091,-194.551445544554,4.00823762376238
"4729",472.8,28.7108582,-194.601684210526,4.00954385964912
"4730",472.9,28.7067676,-194.577,4.01
"4731",473,28.7047171,-194.577346534653,4.01
"4732",473.1,28.6984901010101,-194.5691,4.01
"4733",473.2,28.689424950495,-194.643515151515,4.01
"4734",473.3,28.7397522222222,-194.666257425743,4.00910891089109
"4735",473.4,28.7332376,-194.683403846154,4.01071153846154
"4736",473.5,28.7057196,-194.656206185567,4.01012371134021
"4737",473.6,28.7276552525253,-194.633333333333,4.01266666666667
"4738",473.7,28.7071344117647,-194.581653465347,4.01035643564356
"4739",473.8,28.7628331313131,-194.65868627451,4.01
"4740",473.9,28.7554772277228,-194.557628865979,4.01
"4741",474,28.7341308,-194.60263,4.01
"4742",474.1,28.7668019,-194.67697029703,4.01
"4743",474.2,28.7914573267327,-194.590130081301,4.01
"4744",474.3,28.7422809090909,-194.496285714286,4.01084415584416
"4745",474.4,28.7679078217822,-194.47544,4.00924
"4746",474.5,28.7892172727273,-194.41768,4.00988
"4747",474.6,28.792648,-194.514888888889,4.00911111111111
"4748",474.7,28.785621,-194.42209,4.00989
"4749",474.8,28.7813803030303,-194.46329,4.01
"4750",474.9,28.7924978431373,-194.52874,4.01
"4751",475,28.7858309090909,-194.392052173913,4.01
"4752",475.1,28.7799622,-194.318658823529,4.01
"4753",475.2,28.7558091,-194.4564,4.01
"4754",475.3,28.7570548484848,-194.554909090909,4.00910101010101
"4755",475.4,28.8086076237624,-194.4461,4.0099
"4756",475.5,28.7928922222222,-194.354584158416,4.01
"4757",475.6,28.7980018811881,-194.35657,4.01356
"4758",475.7,28.7546633,-194.333319327731,4.01100840336134
"4759",475.8,28.7724921052632,-194.371666666667,4.01
"4760",475.9,28.7652347761194,-194.198356435644,4.01
"4761",476,28.7392001010101,-194.22328,4.01
"4762",476.1,28.6904692,-194.1728,4.01
"4763",476.2,28.7097688,-194.1506,4.01
"4764",476.3,28.7022136,-194.328133333333,4.01086666666667
"4765",476.4,28.7434540594059,-194.30232,4.01012
"4766",476.5,28.7499598989899,-194.36804,4.01
"4767",476.6,28.7452092156863,-194.312,4.00830769230769
"4768",476.7,28.7437609090909,-194.23175,4.010625
"4769",476.8,28.7368134653465,-194.161555555556,4.01011111111111
"4770",476.9,28.750442,-194.308626262626,4.01
"4771",477,28.7554854545455,-194.2288,4.01
"4772",477.1,28.7559471287129,-194.248280373832,4.01
"4773",477.2,28.7709236363636,-194.258462365591,4.00910752688172
"4774",477.3,28.7686344,-194.232,4.009
"4775",477.4,28.756862020202,-194.165320754717,4.00984905660377
"4776",477.5,28.7330532,-194.09975,4.01
"4777",477.6,28.7022096,-194.06208,4.00824
"4778",477.7,28.7201444444444,-194.0492,4.00888
"4779",477.8,28.7408561764706,-194.0432,4.0098
"4780",477.9,28.7263575757576,-193.990866666667,4.01
"4781",478,28.7371376,-194.05868,4.01
"4782",478.1,28.7531932673267,-194.037888888889,4.01
"4783",478.2,28.7681553,-193.937069306931,4.01088118811881
"4784",478.3,28.7645487,-193.93632,4.01012
"4785",478.4,28.7680952525253,-193.922888888889,4.01
"4786",478.5,28.7456064,-193.978277227723,4.00823762376238
"4787",478.6,28.7523048,-193.98072,4.00712
"4788",478.7,28.75973,-193.97032,4.00964
"4789",478.8,28.7607654455446,-193.990185185185,4.01
"4790",478.9,28.7191981818182,-193.983235294118,4.01
"4791",479,28.7393496,-193.972112359551,4.01
"4792",479.1,28.72233,-193.974524752475,4.01
"4793",479.2,28.7620608,-193.912142857143,4.01
"4794",479.3,28.7510044,-193.901666666667,4.01
"4795",479.4,28.7492746464646,-194.008725490196,4.01
"4796",479.5,28.7574442574257,-193.988913043478,4.01
"4797",479.6,28.7366496,-193.983777777778,4.01
"4798",479.7,28.7332720300752,-194.049626262626,4.01
"4799",479.8,28.7760777941176,-193.9238,4.01
"4800",479.9,28.747891010101,-194.0962,4.01
"4801",480,28.7607341584159,-194.0585,4.01
"4802",480.1,28.7304216161616,-194.005404255319,4.01
"4803",480.2,28.7331676,-194.072016949153,4.00916949152542
"4804",480.3,28.7286127722772,-194.050701492537,4.01034328358209
"4805",480.4,28.7435992857143,-194.043444444444,4.00866666666667
"4806",480.5,28.7412614705882,-193.913484210526,4.00976842105263
"4807",480.6,28.7256981818182,-193.9939,4.01089
"4808",480.7,28.7234124,-193.970983606557,4.01027049180328
"4809",480.8,28.7340388,-193.940189873418,4.01
"4810",480.9,28.715098,-193.959205607477,4.01
"4811",481,28.6856412,-193.871545454545,4.01
"4812",481.1,28.7334118181818,-193.878849056604,4.01
"4813",481.2,28.7436847524753,-193.982,4.01
"4814",481.3,28.714642020202,-193.867222222222,4.01
"4815",481.4,28.7671763,-193.975247524752,4.00911881188119
"4816",481.5,28.7687332,-193.866534653465,4.01074257425743
"4817",481.6,28.7454574,-193.90368,4.01013
"4818",481.7,28.7306263366337,-193.82413,4.01
"4819",481.8,28.7540426262626,-193.742096,4.01
"4820",481.9,28.7252844554455,-193.717027027027,4.01
"4821",482,28.7365604,-193.774849557522,4.01
"4822",482.1,28.7309712,-193.796172413793,4.01172413793103
"4823",482.2,28.70922,-193.81636,4.01024
"4824",482.3,28.7261238383838,-193.853542056075,4.01
"4825",482.4,28.7156073267327,-193.8626875,4.0083125
"4826",482.5,28.6914034343434,-193.778,4.00971717171717
"4827",482.6,28.7275561,-193.773653061225,4.01
"4828",482.7,28.7286420792079,-193.784584158416,4.01
"4829",482.8,28.74206,-193.779672727273,4.01
"4830",482.9,28.7406088,-193.806550561798,4.01
"4831",483,28.754718989899,-193.717772277228,4.00912871287129
"4832",483.1,28.7486118,-193.84196969697,4.009
"4833",483.2,28.7480049,-193.66564,4.00988
"4834",483.3,28.7491625,-193.653222222222,4.00911111111111
"4835",483.4,28.7572759,-193.64521,4.01256
"4836",483.5,28.7656393939394,-193.543875,4.01214423076923
"4837",483.6,28.7557508955224,-193.633907216495,4.01024742268041
"4838",483.7,28.7418390909091,-193.61028,4.01
"4839",483.8,28.754654950495,-193.592777777778,4.01
"4840",483.9,28.7425034653465,-193.551834862385,4.01
"4841",484,28.7700386868687,-193.461083333333,4.01
"4842",484.1,28.7615203960396,-193.568272727273,4.01
"4843",484.2,28.8128652,-193.538821782178,4.01
"4844",484.3,28.8456816,-193.58228440367,4.00840366972477
"4845",484.4,28.8205673267327,-193.637319148936,4.00634042553192
"4846",484.5,28.8457215151515,-193.49144,4.00936
"4847",484.6,28.8382777227723,-193.508762886598,4.01
"4848",484.7,28.8533498989899,-193.568701923077,4.01
"4849",484.8,28.852315959596,-193.610858585859,4.01
"4850",484.9,28.8710369,-193.517198019802,4.01
"4851",485,28.8444112,-193.41659375,4.00913541666667
"4852",485.1,28.8529485,-193.491878787879,4.009
"4853",485.2,28.8680906,-193.46968,4.00988
"4854",485.3,28.8376627272727,-193.4518,4.01
"4855",485.4,28.8541321782178,-193.39016,4.00824
"4856",485.5,28.8595212121212,-193.418666666667,4.01044444444445
"4857",485.6,28.8721675247525,-193.372925925926,4.01025925925926
"4858",485.7,28.8596794,-193.473142857143,4.01
"4859",485.8,28.8866344554455,-193.5042,4.01
"4860",485.9,28.8632892,-193.503494382022,4.01
"4861",486,28.8432204,-193.475139130435,4.01
"4862",486.1,28.850318,-193.552186046512,4.00913953488372
"4863",486.2,28.8621652,-193.466444444444,4.00988888888889
"4864",486.3,28.8733522222222,-193.455762376238,4.01
"4865",486.4,28.8422124,-193.383111111111,4.00555555555556
"4866",486.5,28.8523415151515,-193.452425742574,4.00940594059406
"4867",486.6,28.8388173267327,-193.49468,4.01
"4868",486.7,28.8540343,-193.4286,4.01
"4869",486.8,28.8522375,-193.28524,4.01
"4870",486.9,28.8238775,-193.277306306306,4.01
"4871",487,28.8231784848485,-193.289625,4.010875
"4872",487.1,28.819886,-193.266878504673,4.00933644859813
"4873",487.2,28.815487,-193.296387096774,4.00811827956989
"4874",487.3,28.8266598,-193.369657142857,4.01054285714286
"4875",487.4,28.8165424,-193.312875,4.010125
"4876",487.5,28.8602198989899,-193.296900990099,4.01
"4877",487.6,28.8691735643564,-193.335545454545,4.01
"4878",487.7,28.8660293939394,-193.30316,4.01
"4879",487.8,28.8462532352941,-193.36752,4.01
"4880",487.9,28.8414434,-193.353888888889,4.00911111111111
"4881",488,28.8355077,-193.40351,4.009
"4882",488.1,28.8497021782178,-193.33079,4.00989
"4883",488.2,28.8238153535354,-193.31744,4.01089
"4884",488.3,28.8338676237624,-193.251792079208,4.01188118811881
"4885",488.4,28.8580772727273,-193.323888888889,4.01111111111111
"4886",488.5,28.8245372,-193.363155172414,4.01023275862069
"4887",488.6,28.859266,-193.342290697674,4.01
"4888",488.7,28.8480642424242,-193.361118811881,4.01
"4889",488.8,28.8436233663366,-193.289854368932,4.00916504854369
"4890",488.9,28.8541442424242,-193.264625,4.00986458333333
"4891",489,28.8414544,-193.34652,4.00826
"4892",489.1,28.854042,-193.325538461538,4.00883653846154
"4893",489.2,28.8526212121212,-193.337347368421,4.00812631578947
"4894",489.3,28.8117158415842,-193.352198019802,4.00887128712871
"4895",489.4,28.8064529292929,-193.354,4.00816346153846
"4896",489.5,28.7919283168317,-193.35566,4.00966
"4897",489.6,28.7982674,-193.304923076923,4.01
"4898",489.7,28.8301636,-193.2604,4.01
"4899",489.8,28.806669009901,-193.344160377358,4.01
"4900",489.9,28.8036803030303,-193.373991304348,4.00927826086957
"4901",490,28.8252765346535,-193.409126582278,4.009
"4902",490.1,28.8310515151515,-193.39175,4.00989
"4903",490.2,28.8311696,-193.344940594059,4.01088118811881
"4904",490.3,28.8613622,-193.282366336634,4.00925742574258
"4905",490.4,28.8313774747475,-193.27226,4.009
"4906",490.5,28.8670094117647,-193.2981,4.00987
"4907",490.6,28.88061,-193.26546,4.01
"4908",490.7,28.8596054,-193.19127,4.00913
"4909",490.8,28.8628636,-193.16882,4.00987
"4910",490.9,28.8385111111111,-193.184114754098,4.0092868852459
"4911",491,28.850199009901,-193.165166666667,4.009
"4912",491.1,28.8384012121212,-193.18697,4.00987
"4913",491.2,28.8299685,-193.22754,4.00913
"4914",491.3,28.813334,-193.213114285714,4.01065714285714
"4915",491.4,28.8409512121212,-193.195189473684,4.01013684210526
"4916",491.5,28.8464462376238,-193.142909090909,4.01
"4917",491.6,28.8355098989899,-193.215851851852,4.01
"4918",491.7,28.8297172277228,-193.179217391304,4.01
"4919",491.8,28.83685,-193.119730434783,4.01
"4920",491.9,28.842484,-193.16094,4.01
"4921",492,28.8308520792079,-193.136482352941,4.01
"4922",492.1,28.8438391919192,-193.07884,4.01
"4923",492.2,28.8054244117647,-193.06056,4.00824
"4924",492.3,28.8135027272727,-193.104189189189,4.00958558558558
"4925",492.4,28.816889,-193.127375,4.01
"4926",492.5,28.852592,-193.090607843137,4.00912745098039
"4927",492.6,28.8306362,-193.15025,4.00987
"4928",492.7,28.775275,-193.133636363636,4.01
"4929",492.8,28.819874949495,-192.9584,4.01088
"4930",492.9,28.8508171287129,-193.11188,4.01012
"4931",493,28.8385574747475,-193.06576146789,4.00919266055046
"4932",493.1,28.828424,-193.086782608696,4.00814130434783
"4933",493.2,28.839938,-192.967333333333,4.01151515151515
"4934",493.3,28.8305518181818,-193.02744,4.00936
"4935",493.4,28.86021,-192.965923809524,4.0098380952381
"4936",493.5,28.887564949495,-193.022768421053,4.01
"4937",493.6,28.8644005,-193.013444444444,4.01
"4938",493.7,28.8517758415842,-193.010649484536,4.01
"4939",493.8,28.8272404,-192.99352631579,4.01
"4940",493.9,28.8256918,-193.06668,4.01
"4941",494,28.8137263636364,-193.001034188034,4.01
"4942",494.1,28.8297815,-193.035166666667,4.00830952380952
"4943",494.2,28.8432285,-192.933158415842,4.00886138613861
"4944",494.3,28.83705,-192.873755102041,4.00987755102041
"4945",494.4,28.8361726732673,-192.903364485981,4.00917757009346
"4946",494.5,28.8617098989899,-193.021612903226,4.00987096774194
"4947",494.6,28.8139075,-193.03008,4.01
"4948",494.7,28.7930705,-192.975222222222,4.01
"4949",494.8,28.810445,-193.092032258064,4.01
"4950",494.9,28.788363,-193.091909090909,4.00912121212121
"4951",495,28.8373848484849,-193.03004,4.009
"4952",495.1,28.8550691089109,-192.956,4.00730769230769
"4953",495.2,28.8473587878788,-192.938857142857,4.01042857142857
"4954",495.3,28.8201584,-192.952767676768,4.00926262626263
"4955",495.4,28.8477152,-192.94195,4.00987
"4956",495.5,28.7842732,-192.911878787879,4.01
"4957",495.6,28.8079087128713,-192.948,4.01
"4958",495.7,28.7923527272727,-192.783811881188,4.00911881188119
"4959",495.8,28.8171702970297,-193.003,4.00988
"4960",495.9,28.812287,-192.98056,4.01
"4961",496,28.821346,-192.86916,4.00912
"4962",496.1,28.8579682178218,-192.81188,4.009
"4963",496.2,28.8084455555556,-192.81744,4.01164
"4964",496.3,28.8100731683168,-192.86388,4.00936
"4965",496.4,28.8149170707071,-192.9668,4.009
"4966",496.5,28.8236435,-193.01535042735,4.009
"4967",496.6,28.8208695,-192.996204819277,4.009
"4968",496.7,28.769837,-193.018789473684,4.01054385964912
"4969",496.8,28.7829775,-193.192011494253,4.01014942528736
"4970",496.9,28.752008989899,-193.1601,4.01
"4971",497,28.8046028,-193.209878787879,4.01087878787879
"4972",497.1,28.815346,-193.20568,4.00924
"4973",497.2,28.8072328,-193.2128,4.00812
"4974",497.3,28.8212324752475,-193.10312,4.00888
"4975",497.4,28.8096875757576,-193.094099009901,4.009
"4976",497.5,28.8002448514851,-193.221545454545,4.009
"4977",497.6,28.8040455,-193.14396,4.00988
"4978",497.7,28.8230705,-193.058111111111,4.01
"4979",497.8,28.837018,-193.27506,4.00911
"4980",497.9,28.8009825,-193.188991735537,4.00973553719008
"4981",498,28.819627,-193.10975,4.0083
"4982",498.1,28.814962020202,-193.181222222222,4.00977777777778
"4983",498.2,28.8358496,-193.171803921569,4.01
"4984",498.3,28.8037668316832,-193.245454545455,4.00912121212121
"4985",498.4,28.8382165,-193.212814814815,4.00981481481482
"4986",498.5,28.810765,-193.202238095238,4.00923809523809
"4987",498.6,28.8282008080808,-193.207526315789,4.009
"4988",498.7,28.8010064,-193.103193548387,4.009
"4989",498.8,28.7977952,-193.151465346535,4.009
"4990",498.9,28.8383564,-193.199775700935,4.00980373831776
"4991",499,28.8548148,-193.10876344086,4.01
"4992",499.1,28.8453212,-193.055383838384,4.00913131313131
"4993",499.2,28.8396636363636,-192.982155963303,4.009
"4994",499.3,28.8308573,-192.881857142857,4.009
"4995",499.4,28.8701757,-193.005821782178,4.009
"4996",499.5,28.8628236633663,-193.06412,4.009
"4997",499.6,28.8906268,-193.137757575758,4.009
"4998",499.7,28.8599856,-193.048079207921,4.01072277227723
"4999",499.8,28.8435091089109,-193.012556521739,4.00950434782609
"5000",499.9,28.8672965,-193.037403846154,4.009
"5001",500,28.8711672277228,-193.0561875,4.0115125
"5002",500.1,28.8505372,-192.91954,4.01113
"5003",500.2,28.8806718,-192.84158,4.00926
"5004",500.3,28.8844365656566,-192.899086538462,4.009
"5005",500.4,28.856125959596,-193.063302083333,4.009
"5006",500.5,28.8684468,-193.087,4.00981308411215
"5007",500.6,28.8786676,-193.079258064516,4.00913978494624
"5008",500.7,28.8411116,-193.000028301887,4.00982075471698
"5009",500.8,28.8606788,-192.926989361702,4.01
"5010",500.9,28.8678436363636,-192.986910891089,4.01086138613861
"5011",501,28.9075772,-192.941535353535,4.01013131313131
"5012",501.1,28.9013116,-192.851587155963,4.01
"5013",501.2,28.8984773267327,-192.9558,4.00913333333333
"5014",501.3,28.9294356,-192.99612,4.009
"5015",501.4,28.8918116,-192.980702970297,4.009
"5016",501.5,28.898638,-192.99801,4.009
"5017",501.6,28.8691724,-193.089474576271,4.01047457627119
"5018",501.7,28.8695908,-193.014518518519,4.0092962962963
"5019",501.8,28.9188671287129,-192.980316831683,4.009
"5020",501.9,28.8910965,-192.944606060606,4.00636363636364
"5021",502,28.9192445,-192.82499009901,4.01035643564357
"5022",502.1,28.9081721212121,-192.9298,4.00926
"5023",502.2,28.9128392079208,-192.925603960396,4.009
"5024",502.3,28.9336549494949,-192.941306122449,4.009
"5025",502.4,28.9228176,-192.91232,4.009
"5026",502.5,28.9240484,-192.8464,4.009
"5027",502.6,28.9416909090909,-192.90752,4.01076
"5028",502.7,28.9399799,-192.85188,4.00924
"5029",502.8,28.9246131,-192.843,4.009
"5030",502.9,28.8974165,-192.864385542169,4.00814457831325
"5031",503,28.9074928,-192.842504672897,4.00882242990654
"5032",503.1,28.8737036363636,-192.981580645161,4.009
"5033",503.2,28.8863998019802,-192.867,4.009
"5034",503.3,28.8841813,-192.93544,4.009
"5035",503.4,28.8634514851485,-192.913396039604,4.00988118811881
"5036",503.5,28.872056,-192.928376146789,4.00838532110092
"5037",503.6,28.872402,-192.923554347826,4.00885869565217
"5038",503.7,28.8614883168317,-192.881575757576,4.009
"5039",503.8,28.8750836363636,-192.754330434783,4.009
"5040",503.9,28.8724863366337,-192.779571428571,4.00691428571429
"5041",504,28.855182,-192.807,4.00808163265306
"5042",504.1,28.8515535,-192.834317073171,4.009
"5043",504.2,28.857205,-192.75716,4.009
"5044",504.3,28.8495028571429,-192.813439252336,4.009
"5045",504.4,28.8545801980198,-192.789223404255,4.009
"5046",504.5,28.8403515151515,-192.73428,4.009
"5047",504.6,28.8499977,-192.81313,4.009
"5048",504.7,28.8514546,-192.784696969697,4.00987878787879
"5049",504.8,28.836552,-192.79132,4.00912
"5050",504.9,28.8562679207921,-192.854982608696,4.009
"5051",505,28.845356969697,-192.769223529412,4.00985882352941
"5052",505.1,28.8385553465347,-192.7344,4.00912
"5053",505.2,28.84573,-192.82264,4.009
"5054",505.3,28.8412327272727,-192.785222222222,4.009
"5055",505.4,28.814813880597,-192.69881981982,4.009
"5056",505.5,28.847512020202,-192.674666666667,4.009
"5057",505.6,28.8369106,-192.706620689655,4.009
"5058",505.7,28.8275954,-192.717,4.00985714285714
"5059",505.8,28.8504498,-192.663037735849,4.01
"5060",505.9,28.8285934653465,-192.637326315789,4.01086315789474
"5061",506,28.8509156565657,-192.753636363636,4.01012121212121
"5062",506.1,28.8419393069307,-192.67584,4.00912
"5063",506.2,28.8618454,-192.71668,4.009
"5064",506.3,28.8508009,-192.70288,4.009
"5065",506.4,28.8332807,-192.7184,4.009
"5066",506.5,28.8376587878788,-192.648466666667,4.00986666666667
"5067",506.6,28.8665487128713,-192.6854,4.00912
"5068",506.7,28.8604636363636,-192.630138613861,4.009
"5069",506.8,28.8747677227723,-192.646744897959,4.01166326530612
"5070",506.9,28.9028065,-192.552188118812,4.012
"5071",507,28.887023030303,-192.59356,4.00936
"5072",507.1,28.8829540594059,-192.473,4.009
"5073",507.2,28.889727979798,-192.457,4.009
"5074",507.3,28.9011498,-192.5538,4.009
"5075",507.4,28.8982244,-192.63652,4.009
"5076",507.5,28.8853318,-192.75072,4.00988
"5077",507.6,28.9021181188119,-192.7914,4.01
"5078",507.7,28.9021305050505,-192.64188,4.00912
"5079",507.8,28.9095084313725,-192.677,4.00722222222222
"5080",507.9,28.905426969697,-192.693693069307,4.00876237623762
"5081",508,28.8995282,-192.64836,4.009
"5082",508.1,28.9206512,-192.65872,4.009
"5083",508.2,28.9105028282828,-192.62844,4.009
"5084",508.3,28.8874295049505,-192.616,4.009
"5085",508.4,28.8959596969697,-192.712811881188,4.00811881188119
"5086",508.5,28.9310478,-192.55088,4.01064
"5087",508.6,28.9319168,-192.61588,4.01012
"5088",508.7,28.9264953535354,-192.601837837838,4.00920720720721
"5089",508.8,28.913373960396,-192.501617021277,4.01309574468085
"5090",508.9,28.8739891919192,-192.55621875,4.0088125
"5091",509,28.9306571287129,-192.73156,4.00887
"5092",509.1,28.906526,-192.746333333333,4.009
"5093",509.2,28.9285868421053,-192.652925925926,4.009
"5094",509.3,28.9217388059702,-192.694608695652,4.009
"5095",509.4,28.9256553535354,-192.724705882353,4.00986274509804
"5096",509.5,28.8895600990099,-192.788551020408,4.01
"5097",509.6,28.9193881818182,-192.8146,4.00912
"5098",509.7,28.9071963,-192.751,4.009
"5099",509.8,28.9270954455445,-192.708222222222,4.00988888888889
"5100",509.9,28.9111171717172,-192.793,4.01
"5101",510,28.9242276470588,-192.680428571429,4.00914285714286
"5102",510.1,28.937484949495,-192.65348,4.009
"5103",510.2,28.952401,-192.620111111111,4.009
"5104",510.3,28.929082,-192.57899009901,4.009
"5105",510.4,28.9127616161616,-192.622792079208,4.009
"5106",510.5,28.9050230693069,-192.59433,4.009
"5107",510.6,28.9048897979798,-192.510787878788,4.00987878787879
"5108",510.7,28.9156513,-192.483731092437,4.00852100840336
"5109",510.8,28.888535,-192.480555555556,4.00885185185185
"5110",510.9,28.9580253,-192.510333333333,4.009
"5111",511,28.9256821212121,-192.534347368421,4.009
"5112",511.1,28.93247,-192.58012,4.009
"5113",511.2,28.9227445098039,-192.593111111111,4.009
"5114",511.3,28.9192239393939,-192.649843137255,4.009
"5115",511.4,28.9316343,-192.749539130435,4.00975652173913
"5116",511.5,28.9270354455446,-192.701857142857,4.00914285714286
"5117",511.6,28.9306818181818,-192.63268,4.009
"5118",511.7,28.8881694117647,-192.657,4.01077777777778
"5119",511.8,28.9165482828283,-192.61739,4.00744
"5120",511.9,28.9356732673267,-192.618965217391,4.00854782608696
"5121",512,28.9253446464646,-192.673235294118,4.009
"5122",512.1,28.9403394,-192.65519,4.009
"5123",512.2,28.9675314,-192.536564356436,4.009
"5124",512.3,28.9377395959596,-192.6138,4.0098
"5125",512.4,28.9579967647059,-192.525696629213,4.00912359550562
"5126",512.5,28.9683983838384,-192.484696078431,4.009
"5127",512.6,28.9664146,-192.360349056604,4.009
"5128",512.7,28.9658212,-192.434161290322,4.00725806451613
"5129",512.8,28.9739734,-192.4402,4.00788
"5130",512.9,28.9853022,-192.49999009901,4.00887128712871
"5131",513,28.974066969697,-192.435181818182,4.009
"5132",513.1,28.9879134328358,-192.579666666667,4.009
"5133",513.2,28.97595,-192.525861386139,4.009
"5134",513.3,29.0104984,-192.40512,4.00988
"5135",513.4,28.982424949495,-192.416954954955,4.00920720720721
"5136",513.5,28.98393,-192.514635416667,4.009
"5137",513.6,29.0150983168317,-192.449968085106,4.00813829787234
"5138",513.7,28.9991047,-192.385909090909,4.01063636363636
"5139",513.8,29.0016031,-192.408333333333,4.01011111111111
"5140",513.9,29.0140785148515,-192.39242,4.00911
"5141",514,29.0234766666667,-192.395287128713,4.009
"5142",514.1,29.0102883168317,-192.470666666667,4.009
"5143",514.2,28.9925284848485,-192.508634782609,4.009
"5144",514.3,29.0524925,-192.505813953488,4.009
"5145",514.4,29.0076032323232,-192.53979661017,4.009
"5146",514.5,29.02528,-192.525536585366,4.009
"5147",514.6,29.055081980198,-192.385155339806,4.00643689320388
"5148",514.7,29.0200667,-192.420727272727,4.00677272727273
"5149",514.8,29.0234819,-192.384542553192,4.00939361702128
"5150",514.9,29.0534774,-192.440203883495,4.00921359223301
"5151",515,29.0723326,-192.3758,4.009
"5152",515.1,29.0437926262626,-192.430692307692,4.009
"5153",515.2,29.01653,-192.376319587629,4.009
"5154",515.3,29.0480448514852,-192.406654205607,4.00981308411215
"5155",515.4,29.0623883,-192.461714285714,4.00912087912088
"5156",515.5,29.0262069,-192.414774509804,4.009
"5157",515.6,29.0064222772277,-192.343727272727,4.00987878787879
"5158",515.7,29.0232976,-192.221980392157,4.00827450980392
"5159",515.8,29.019387,-192.32956,4.00972
"5160",515.9,29.0084705050505,-192.347393939394,4.00913131313131
"5161",516,29.0087461,-192.35744,4.009
"5162",516.1,29.0675758,-192.3416,4.009
"5163",516.2,29.0360643,-192.296651162791,4.00816279069767
"5164",516.3,29.0264085148515,-192.29244,4.00972
"5165",516.4,29.0323352,-192.352070707071,4.00913131313131
"5166",516.5,29.0551088888889,-192.376504950495,4.009
"5167",516.6,29.0652499,-192.37126,4.00986
"5168",516.7,29.0310663,-192.26953271028,4.00919626168224
"5169",516.8,28.9997825,-192.307010752688,4.009
"5170",516.9,28.9705323,-192.31456,4.009
"5171",517,28.9788596992481,-192.26025,4.009
"5172",517.1,28.9695933333333,-192.258371428571,4.009
"5173",517.2,28.96926,-192.2479375,4.0096875
"5174",517.3,29.01913,-192.212379746835,4.00917721518987
"5175",517.4,28.9795,-192.338831683168,4.009
"5176",517.5,28.96699,-192.348989795918,4.009
"5177",517.6,28.9325406060606,-192.275057692308,4.00732692307692
"5178",517.7,28.95048,-192.318160377358,4.00856603773585
"5179",517.8,28.9459948514851,-192.388755555556,4.009
"5180",517.9,28.9497516,-192.496756756757,4.009
"5181",518,28.972510990099,-192.402741573034,4.009
"5182",518.1,28.9158752,-192.384533980583,4.009
"5183",518.2,28.9365075757576,-192.307339622642,4.00979245283019
"5184",518.3,28.9334855445545,-192.264714285714,4.00828571428571
"5185",518.4,28.9443088888889,-192.341495327103,4.008
"5186",518.5,28.963527,-192.320430107527,4.00886021505376
"5187",518.6,28.9152575757576,-192.246811881188,4.00813861386139
"5188",518.7,28.9135,-192.213414141414,4.00973737373737
"5189",518.8,28.9595901010101,-192.2187,4.00913
"5190",518.9,28.97958,-192.218277227723,4.009
"5191",519,29.0154418181818,-192.238848484848,4.009
"5192",519.1,28.99226,-192.15413,4.009
"5193",519.2,28.99104,-192.180028037383,4.00818691588785
"5194",519.3,28.9882809090909,-192.184918367347,4.00881632653061
"5195",519.4,28.99819,-192.170333333333,4.009
"5196",519.5,28.9668664705882,-192.09576,4.00728
"5197",519.6,28.9920565656566,-192.04874,4.00786
"5198",519.7,28.9089620000001,-192.005646464646,4.00886868686869
"5199",519.8,28.9413234343434,-192.112484848485,4.009
"5200",519.9,28.96698,-192.138352941176,4.009
"5201",520,28.9541001010101,-192.183,4.009
"5202",520.1,28.96409,-192.086188118812,4.00987128712871
"5203",520.2,28.9081593069307,-192.066576271186,4.01
"5204",520.3,28.9798157575758,-192.088541176471,4.00918823529412
"5205",520.4,28.96424,-192.124857142857,4.009
"5206",520.5,28.9780619191919,-192.15236,4.00728
"5207",520.6,28.95987,-192.089657142857,4.007
"5208",520.7,28.97915,-192.06035106383,4.00786170212766
"5209",520.8,28.96146,-192.053606060606,4.00887878787879
"5210",520.9,28.9569683582089,-192.088037037037,4.009
"5211",521,29.00864,-192.246537634409,4.009
"5212",521.1,28.9817689,-192.089090909091,4.009
"5213",521.2,28.969598,-192.052673267327,4.009
"5214",521.3,28.9517283,-192.022574257426,4.009
"5215",521.4,28.9665935643564,-191.953078431373,4.0081568627451
"5217",521.6,29.023894117647,-191.99703,4.00826
"5218",521.7,28.9464394949495,-191.90769,4.00887
"5219",521.8,28.95649,-191.930787878788,4.009
"5220",521.9,28.9930543564357,-191.968784313725,4.009
"5221",522,28.9980902020202,-191.983653061224,4.009
"5222",522.1,28.96307,-191.93748,4.009
"5223",522.2,28.9995728282828,-192.048623762376,4.00812871287129
"5224",522.3,28.98029,-192.031727272727,4.00887878787879
"5225",522.4,28.9878101010101,-192.11424137931,4.00824137931034
"5226",522.5,28.9538,-192.128549450549,4.01037362637363
"5227",522.6,29.00332,-192.0389375,4.01015625
"5229",522.8,28.9958144554456,-192.083771428571,4.009
"5231",523,29.0217012,-192.064262626263,4.009
"5232",523.1,28.9898723762376,-192.04747,4.00813
"5233",523.2,28.96311,-192.095821782178,4.008
"5234",523.3,28.94877,-192.0309,4.00886
"5235",523.4,28.941447979798,-192.0405,4.00728
"5236",523.5,28.96865,-191.921910714286,4.00930357142857
"5237",523.6,28.98508,-191.862885057471,4.00914942528736
"5238",523.7,28.9819,-191.87988,4.009
"5239",523.8,29.01365,-191.90475,4.009
"5241",524,29.0137724752475,-191.88921,4.009
"5242",524.1,28.97902,-191.959060606061,4.009
"5243",524.2,28.99333,-191.757277227723,4.00812871287129
"5244",524.3,28.98341,-191.70425,4.00887
"5246",524.5,28.9821705940594,-191.809594059406,4.011
"5248",524.7,28.9571266917293,-191.828161616162,4.009
"5249",524.8,28.9757958646616,-191.76823,4.009
"5250",524.9,29.0047384848485,-191.829633663366,4.009
"5251",525,28.9951399009901,-191.866018181818,4.00978181818182
"5252",525.1,29.0121509090909,-191.952102040816,4.00922448979592
"5253",525.2,28.9816634,-191.886714285714,4.009
"5254",525.3,28.9713094059406,-191.79544,4.009
"5255",525.4,28.9359504040404,-191.80662,4.009
"5256",525.5,28.9660688235294,-191.83498019802,4.00813861386139
"5258",525.7,28.98208,-191.809162393162,4.009
"5259",525.8,28.96408,-191.866058823529,4.009
"5260",525.9,28.94062,-191.761285714286,4.009
"5261",526,28.97631,-191.771490909091,4.00821818181818
"5263",526.2,28.9446624752475,-191.847875,4.0081875
"5265",526.4,28.9495922,-191.841577319588,4.01071134020619
"5266",526.5,28.9153901,-191.7819,4.00928
"5267",526.6,28.9381338,-191.802761904762,4.009
"5268",526.7,28.93466,-191.78612631579,4.009
"5269",526.8,28.9456734343434,-191.8207,4.009
"5270",526.9,28.9576341584158,-191.72720754717,4.009
"5271",527,28.9507732,-191.751010309278,4.00735051546392
"5272",527.1,28.9373895,-191.853510416667,4.00872916666667
"5273",527.2,28.9530379,-191.848666666667,4.009
"5274",527.3,28.9389912,-191.802419047619,4.00732380952381
"5275",527.4,28.9410467,-191.739237113402,4.00785567010309
"5276",527.5,28.9370748484848,-191.69732,4.00886
"5277",527.6,28.9680408,-191.72898,4.009
"5278",527.7,28.9734379207921,-191.778754385965,4.009
"5279",527.8,28.9718514,-191.724388235294,4.009
"5280",527.9,28.97201,-191.718891089109,4.00813861386139
"5282",528.1,28.9773291,-191.666638888889,4.00838888888889
"5283",528.2,28.9665872,-191.686163043478,4.008
"5284",528.3,28.9901802,-191.71758,4.00887
"5285",528.4,29.0009359,-191.580732673267,4.00813861386139
"5286",528.5,28.9855628282828,-191.532037735849,4.00881132075472
"5287",528.6,28.9744919402985,-191.608580645161,4.009
"5288",528.7,28.9950889552239,-191.656455445545,4.009
"5289",528.8,28.9926774,-191.631595959596,4.00813131313131
"5290",528.9,28.96146,-191.622075471698,4.00882075471698
"5291",529,28.9980336,-191.549378947368,4.009
"5292",529.1,28.9653694,-191.53356,4.00814
"5293",529.2,28.9646476,-191.44614,4.008
"5294",529.3,28.9550822,-191.533636363636,4.00713131313131
"5295",529.4,28.9718722772277,-191.481811881188,4.00872277227723
"5296",529.5,28.948924,-191.47616,4.009
"5297",529.6,28.9689827722772,-191.4813,4.009
"5298",529.7,28.95526,-191.558264150943,4.009
"5299",529.8,28.99294,-191.524695652174,4.009
"5300",529.9,28.9577,-191.423772277228,4.00812871287129
"5301",530,28.9631,-191.52397,4.00887
"5302",530.1,28.96434,-191.49837,4.009
"5304",530.3,28.9439885858586,-191.408369047619,4.00761904761905
"5305",530.4,28.9554664,-191.405909090909,4.00787878787879
"5306",530.5,28.9491094,-191.32597029703,4.00887128712871
"5307",530.6,28.983066,-191.24614,4.009
"5308",530.7,29.0148326,-191.27428,4.009
"5309",530.8,28.9728386,-191.332044642857,4.00822321428571
"5310",530.9,28.997682,-191.374808988764,4.00884269662921
"5311",531,28.9941244,-191.303555555556,4.009
"5312",531.1,29.0064072,-191.379,4.009
"5313",531.2,28.9734748,-191.329859813084,4.00678504672897
"5314",531.3,28.9750468,-191.326176470588,4.00938823529412
"5315",531.4,28.9692588,-191.383405940594,4.00913861386139
"5316",531.5,29.0044151515151,-191.295782178218,4.009
"5317",531.6,28.9545247524753,-191.305616161616,4.00814141414141
"5318",531.7,28.9805746,-191.299575757576,4.008
"5319",531.8,29.0005654455446,-191.298,4.008
"5320",531.9,28.9842697,-191.416871287129,4.008
"5321",532,28.9615925252525,-191.359467889908,4.008
"5322",532.1,28.973654,-191.403166666667,4.008
"5323",532.2,28.9763966,-191.29394,4.00974
"5324",532.3,28.9811192,-191.289132075472,4.00835849056604
"5325",532.4,28.9816242,-191.286386138614,4.00880198019802
"5326",532.5,29.0323427067669,-191.222204301075,4.009
"5327",532.6,29.0344780451128,-191.22157,4.00813
"5328",532.7,29.024284,-191.19375,4.00875
"5329",532.8,29.064909,-191.187380952381,4.00815476190476
"5330",532.9,29.0350989,-191.259495049505,4.008
"5331",533,29.0030885,-191.20822,4.00886
"5332",533.1,29.0147655445545,-191.183232323232,4.009
"5333",533.2,29.0178136,-191.14881,4.00726
"5334",533.3,29.0300833663366,-191.176411764706,4.00870588235294
"5335",533.4,29.0224133,-191.218060606061,4.009
"5336",533.5,29.0307299009901,-191.170904347826,4.00825217391304
"5337",533.6,29.03772,-191.186133333333,4.00878888888889
"5339",533.8,29.029698,-191.149283018868,4.00952830188679
"5340",533.9,29.0284273,-191.091640449438,4.00747191011236
"5341",534,29.0201905,-191.12386,4.00786
"5342",534.1,29.0154325,-191.17056,4.00972
"5343",534.2,29.0299271428571,-191.218696969697,4.00913131313131
"5344",534.3,29.0674532673267,-191.159182608696,4.01051304347826
"5345",534.4,29.0658248484849,-191.175674418605,4.00932558139535
"5346",534.5,29.0286663,-191.20364,4.009
"5347",534.6,29.0127399,-191.16101980198,4.00814851485149
"5348",534.7,29.0544078217822,-191.104060606061,4.008
"5349",534.8,29.0106193069307,-191.092090909091,4.00956363636364
"5350",534.9,28.9970535353535,-191.099444444444,4.00831111111111
"5351",535,28.9809272,-191.069495049505,4.00885148514852
"5352",535.1,28.990571,-191.010767676768,4.00985858585859
"5353",535.2,29.0136833333333,-190.994628571429,4.00918095238095
"5354",535.3,29.0152304,-191.0790625,4.009
"5355",535.4,29.0125642424242,-191.11285,4.00815
"5356",535.5,29.0010655445545,-191.0582,4.008
"5357",535.6,29.0427275,-191.087030612245,4.00886734693878
"5358",535.7,28.9763030693069,-191.079217821782,4.00813861386139
"5359",535.8,29.047941,-191.022345794393,4.00960747663551
"5360",535.9,29.0316101010101,-191.033902173913,4.00914130434783
"5361",536,29.0211083168317,-191.050920792079,4.00813861386139
"5362",536.1,29.0105836363636,-191.073848484848,4.00886868686869
"5363",536.2,29.0108631,-191.052264705882,4.009
"5364",536.3,29.0447692,-191.110448979592,4.00813265306122
"5365",536.4,29.0188535338346,-191.14697,4.008
"5366",536.5,29.0073046616541,-191.072613861386,4.00886138613861
"5367",536.6,29.0435018181818,-191.15718,4.009
"5368",536.7,28.997612,-191.12484,4.00814
"5369",536.8,28.9551428,-191.15054,4.008
"5370",536.9,28.9670912,-191.098666666667,4.008
"5371",537,28.99932,-191.1161,4.00887
"5372",537.1,29.0123366666667,-191.143257425743,4.009
"5373",537.2,29.0247749504951,-191.147,4.00726262626263
"5374",537.3,29.0103572,-191.096178217822,4.00786138613861
"5375",537.4,28.9961158415842,-191.1654,4.008
"5376",537.5,29.0298692,-191.133722772277,4.008
"5377",537.6,29.0099509090909,-191.060557522124,4.00875221238938
"5378",537.7,29.0199212871287,-191.105139534884,4.009
"5379",537.8,29.0116796969697,-191.14122,4.009
"5380",537.9,29.0219697,-191.13038,4.00814
"5381",538,29.0255073,-191.119313131313,4.00886868686869
"5382",538.1,29.0143648484848,-190.9701,4.00987
"5383",538.2,29.0030396039604,-191.059118811881,4.00827722772277
"5384",538.3,29.0268327272727,-191.10022,4.00886
"5385",538.4,29.0123037623762,-191.06186,4.009
"5386",538.5,29.0071112121212,-190.95266,4.00814
"5387",538.6,29.008312,-190.945807017544,4.00724561403509
"5388",538.7,28.9973124752475,-190.966581395349,4.00951162790698
"5389",538.8,28.9863281818182,-190.996461538462,4.00834615384615
"5390",538.9,29.0133488118812,-191.05325,4.008
"5391",539,29.0180793939394,-191.03964,4.008
"5392",539.1,29.0138016,-191.032525252525,4.008
"5393",539.2,28.9820784,-190.993237623762,4.008
"5394",539.3,29.0143535353535,-191.00334,4.008
"5395",539.4,29.0054475490196,-191.023551020408,4.008
"5396",539.5,28.9832372727273,-191.059846153846,4.008
"5397",539.6,28.9889004950495,-191.101327102804,4.008
"5398",539.7,29.0122818,-191.085333333333,4.00971111111111
"5399",539.8,29.0231478787879,-191.016396039604,4.00827722772277
"5400",539.9,29.0280356435644,-190.93892,4.008
"5401",540,29.0388545454545,-190.817428571428,4.00887755102041
"5402",540.1,29.0156724752475,-190.860376237624,4.009
"5403",540.2,29.0084657575758,-190.9299,4.00813
"5404",540.3,29.0009059398496,-190.94603030303,4.008
"5405",540.4,28.9993044360902,-190.958215686275,4.008
"5406",540.5,29.000244040404,-190.923515151515,4.008
"5407",540.6,29.0204578217822,-191.06329,4.00887
"5408",540.7,29.0236125252525,-191.011324324324,4.00821621621622
"5409",540.8,29.0230505,-190.929709677419,4.008
"5410",540.9,29.0431427722772,-190.927239583333,4.008
"5411",541,29.0488103030303,-190.91769,4.00887
"5412",541.1,29.0361157843137,-190.905663366337,4.009
"5413",541.2,29.0335981818182,-190.93668,4.00814
"5414",541.3,29.0242112871287,-190.96522,4.008
"5415",541.4,29.0307204,-191.01372,4.008
"5416",541.5,29.0283739393939,-190.981365217391,4.008
"5417",541.6,29.0254053465347,-190.880095238095,4.01053571428572
"5418",541.7,29.0268648484849,-190.9075,4.00839
"5419",541.8,28.9927649504951,-190.865762376238,4.008
"5420",541.9,29.0156981818182,-190.87797979798,4.00713131313131
"5421",542,29.0183028,-190.782,4.00925
"5422",542.1,29.0666776,-190.844223529412,4.00916470588235
"5423",542.2,29.0621844,-190.831727272727,4.00813131313131
"5424",542.3,29.052184,-190.82439,4.008
"5425",542.4,29.0171709090909,-190.8124,4.00882857142857
"5426",542.5,29.0211705940594,-190.827083333333,4.00814583333333
"5427",542.6,29.0192024,-190.86784,4.00886
"5428",542.7,28.9982468,-190.78628,4.00814
"5429",542.8,28.9711712,-190.752693877551,4.008
"5430",542.9,28.952858989899,-190.743098039216,4.008
"5431",543,28.9949723762376,-190.707155172414,4.00725862068965
"5432",543.1,28.974911010101,-190.712888888889,4.00777777777778
"5433",543.2,28.99295,-190.613652173913,4.008
"5434",543.3,28.9656991089109,-190.66185840708,4.008
"5435",543.4,28.97498,-190.613522727273,4.008
"5436",543.5,28.972677029703,-190.579603960396,4.00886138613861
"5437",543.6,28.9810812121212,-190.63878,4.009
"5438",543.7,28.9882088,-190.6318,4.009
"5439",543.8,28.9822508,-190.677265306122,4.009
"5440",543.9,28.9956724,-190.653423728814,4.00676271186441
"5441",544,29.0008524,-190.599666666667,4.00933333333333
"5442",544.1,29.0080421212121,-190.767387755102,4.00824489795918
"5443",544.2,28.9959303731343,-190.74624,4.008
"5444",544.3,29.0139378358209,-190.696846153846,4.008
"5445",544.4,29.0223325,-190.663020618557,4.008
"5446",544.5,29.010436,-190.560801980198,4.00886138613861
"5447",544.6,29.0106476767677,-190.621532110092,4.00821100917431
"5448",544.7,29.0077275247525,-190.603923076923,4.008
"5449",544.8,29.045718,-190.58582,4.00886
"5450",544.9,29.0486635,-190.58572,4.00814
"5451",545,29.0375169306931,-190.53956,4.00714
"5452",545.1,29.052007979798,-190.55197979798,4.00786868686869
"5453",545.2,29.0527491089109,-190.5637,4.008
"5454",545.3,29.0863648,-190.511594059406,4.008
"5455",545.4,29.0901952,-190.46688,4.00886
"5456",545.5,29.0533868,-190.50142,4.00986
"5457",545.6,29.0699668,-190.596606060606,4.00826262626262
"5458",545.7,29.037358,-190.5404,4.00887
"5459",545.8,29.0284764646465,-190.402514851485,4.00641584158416
"5460",545.9,29.031136,-190.388949494949,4.00773737373737
"5461",546,29.0615315,-190.441785714286,4.008
"5462",546.1,29.0773305,-190.48208,4.008
"5463",546.2,29.0745685,-190.49294949495,4.008
"5464",546.3,29.022542,-190.4592,4.008
"5465",546.4,29.036875,-190.383111111111,4.008
"5466",546.5,29.081048,-190.46475,4.008
"5467",546.6,29.078955,-190.45229,4.008
"5468",546.7,29.0399315,-190.420435643564,4.00886138613861
"5469",546.8,29.0410065,-190.39278,4.00728
"5470",546.9,29.054828,-190.39244,4.01044
"5471",547,29.0770512121212,-190.404292929293,4.00839393939394
"5472",547.1,29.0818934,-190.34771,4.008
"5473",547.2,29.0919156435644,-190.387333333333,4.008
"5474",547.3,29.082288,-190.386158415842,4.008
"5475",547.4,29.1044845544554,-190.349224299065,4.008
"5476",547.5,29.0902424,-190.432063829787,4.00885106382979
"5477",547.6,29.0964975757576,-190.379037735849,4.00818867924528
"5478",547.7,29.097381,-190.401709677419,4.00627956989247
"5479",547.8,29.133414,-190.41148,4.00687
"5480",547.9,29.1330085,-190.383574257426,4.00786138613861
"5481",548,29.088823,-190.404191919192,4.008
"5482",548.1,29.1100528282828,-190.468558823529,4.008
"5483",548.2,29.1289822772277,-190.340681818182,4.008
"5484",548.3,29.1204882828283,-190.422727272727,4.008
"5485",548.4,29.1073228,-190.46314,4.00887
"5486",548.5,29.127073,-190.40162,4.00813
"5487",548.6,29.107768,-190.33458,4.008
"5488",548.7,29.1223511881188,-190.4391,4.01061
"5489",548.8,29.1374053535354,-190.435326732673,4.00927722772277
"5490",548.9,29.0829164705882,-190.38298,4.00814
"5491",549,29.1173678787879,-190.274257142857,4.008
"5492",549.1,29.1059493069307,-190.272463157895,4.008
"5493",549.2,29.130018,-190.386323232323,4.008
"5494",549.3,29.1449077777778,-190.29425,4.008
"5495",549.4,29.1236928712871,-190.3476,4.00887
"5496",549.5,29.1274951515151,-190.303732673267,4.00813861386139
"5497",549.6,29.1202686138614,-190.441455445545,4.008
"5498",549.7,29.1115691919192,-190.389806122449,4.008
"5499",549.8,29.1156792929293,-190.31275,4.00887
"5500",549.9,29.1215735643564,-190.318818181818,4.00812121212121
"5501",550,29.1169961616162,-190.337448598131,4.008
"5502",550.1,29.1172736633663,-190.353925531915,4.008
"5503",550.2,29.0884501010101,-190.36992,4.008
"5504",550.3,29.115472,-190.377067961165,4.00968932038835
"5505",550.4,29.1359417821782,-190.327773195876,4.00826804123711
"5506",550.5,29.1003417171717,-190.33566,4.008
"5507",550.6,29.108814950495,-190.28928,4.008
"5508",550.7,29.1035862626263,-190.305882352941,4.00629411764706
"5509",550.8,29.1225224,-190.2794,4.0077
"5510",550.9,29.1186612,-190.34795,4.008
"5511",551,29.1446139393939,-190.2386,4.008
"5512",551.1,29.1194365686274,-190.2119,4.008
"5513",551.2,29.055105,-190.29175,4.008
"5514",551.3,29.0244499009901,-190.20995,4.008
"5515",551.4,29.0170948,-190.213606060606,4.00714141414141
"5516",551.5,29.0882792,-190.197607843137,4.0078431372549
"5517",551.6,29.0615744554456,-190.23559223301,4.008
"5518",551.7,29.0951882653061,-190.27875,4.00884375
"5519",551.8,29.087321,-190.1966,4.009
"5520",551.9,29.0588665,-190.16145,4.00815
"5521",552,29.0514575,-190.155424242424,4.008
"5522",552.1,29.038134,-190.14726,4.008
"5523",552.2,29.0370628282828,-190.28618,4.008
"5524",552.3,29.0772637623762,-190.282603960396,4.00629702970297
"5525",552.4,29.0917405050505,-190.216181818182,4.00771717171717
"5526",552.5,29.0564932,-190.239017857143,4.008
"5527",552.6,29.1046108,-190.280032258065,4.00561290322581
"5528",552.7,29.0520802,-190.1951875,4.0066875
"5529",552.8,29.0432247058824,-190.293761904762,4.00780952380952
"5530",552.9,29.0354103030303,-190.305489795918,4.008
"5531",553,29.061487,-190.261,4.008
"5532",553.1,29.072268,-190.2755,4.008
"5533",553.2,29.0409935,-190.15688,4.00714
"5534",553.3,29.060493,-190.3778,4.007
"5535",553.4,29.0471094949495,-190.32842,4.00786
"5536",553.5,29.0494562376238,-190.28132,4.008
"5537",553.6,29.07127,-190.29922,4.00714
"5538",553.7,29.059233030303,-190.19636,4.00786
"5539",553.8,29.0510711881188,-190.200287128713,4.008
"5540",553.9,29.0551632323232,-190.157636363636,4.008
"5541",554,29.0595847524753,-190.13882,4.008
"5542",554.1,29.0487347474747,-190.12926,4.008
"5543",554.2,29.0561108,-190.10736,4.00886
"5544",554.3,29.0329932,-190.203578947368,4.00749122807018
"5545",554.4,29.05032,-190.193302325581,4.00783720930233
"5546",554.5,29.0419771287129,-190.138168316832,4.00629702970297
"5547",554.6,29.0822384848485,-190.0399,4.00855
"5548",554.7,29.0540727722772,-190.038571428571,4.00738095238095
"5549",554.8,29.037501,-190.110936170213,4.00785106382979
"5550",554.9,29.0568296969697,-190.159613861386,4.008
"5551",555,29.0513525490196,-190.220166666667,4.008
"5552",555.1,29.0342153535354,-190.174525773196,4.008
"5553",555.2,29.0427441584158,-190.120771428571,4.00881904761905
"5554",555.3,29.0753745,-190.1295625,4.00815625
"5555",555.4,29.0286685,-190.14065,4.008
"5556",555.5,29.0767383168317,-190.099929292929,4.00714141414141
"5557",555.6,29.118007979798,-190.13686,4.00786
"5558",555.7,29.1302095,-190.029049504951,4.008
"5559",555.8,29.0930404040404,-189.963115044248,4.008
"5560",555.9,29.1085316,-189.952137931034,4.008
"5561",556,29.1052144,-189.994754385965,4.008
"5562",556.1,29.1283303030303,-190.038235294118,4.008
"5563",556.2,29.117233627451,-189.85566,4.00886
"5564",556.3,29.0962561616162,-189.89638,4.009
"5565",556.4,29.1231508,-189.861242718447,4.00816504854369
"5566",556.5,29.1417294,-189.909943396226,4.00878301886792
"5567",556.6,29.1353087878788,-189.885384615385,4.00984615384615
"5568",556.7,29.1284318811881,-189.92616,4.00828
"5569",556.8,29.1014109090909,-189.92368,4.008
"5570",556.9,29.1419689108911,-190.018217821782,4.008
"5571",557,29.1374612121212,-189.973106796117,4.008
"5572",557.1,29.1157919,-190.069051546392,4.008
"5573",557.2,29.1444426,-189.9598,4.00715
"5574",557.3,29.1396906060606,-189.9846,4.00785
"5575",557.4,29.1365696078431,-190.0168,4.008
"5576",557.5,29.1416757575758,-189.94705,4.0046
"5577",557.6,29.1433906,-189.89575,4.00485
"5578",557.7,29.1312386138614,-189.93041025641,4.00717948717949
"5579",557.8,29.1479414,-189.990127659574,4.008
"5580",557.9,29.1469582,-189.992033707865,4.008
"5581",558,29.177613939394,-189.9856,4.008
"5582",558.1,29.1365698019802,-190.03345,4.008
"5583",558.2,29.1446445454545,-190.025,4.00885
"5584",558.3,29.1472738,-189.937,4.00821296296296
"5585",558.4,29.1506782,-189.831076923077,4.00715384615385
"5586",558.5,29.1541005050505,-189.875226415094,4.007
"5587",558.6,29.144152970297,-189.877085106383,4.00785106382979
"5588",558.7,29.113641010101,-189.912211538462,4.008
"5589",558.8,29.1503208,-189.8661875,4.008
"5590",558.9,29.1647007920792,-189.83292,4.008
"5591",559,29.1718711111111,-189.831890756303,4.008
"5592",559.1,29.1458588235294,-189.795777777778,4.00717283950617
"5593",559.2,29.1708903030303,-189.902666666667,4.0077962962963
"5594",559.3,29.174677,-189.783548387097,4.008
"5595",559.4,29.151417029703,-189.9233,4.008
"5596",559.5,29.1854084848485,-189.866333333333,4.00883333333333
"5597",559.6,29.1526573267327,-189.788867346939,4.00730612244898
"5598",559.7,29.1461548484849,-189.731636363636,4.00785858585859
"5599",559.8,29.1166141,-189.6294,4.008
"5600",559.9,29.1421186,-189.654736842105,4.008
"5601",560,29.1270297979798,-189.760930232558,4.008
"5602",560.1,29.1238701980198,-189.730082568807,4.008
"5603",560.2,29.1164701010101,-189.732065217391,4.00716304347826
"5604",560.3,29.1210338613861,-189.778333333333,4.00783333333333
"5605",560.4,29.1317282828283,-189.748494845361,4.00714432989691
"5606",560.5,29.1193104,-189.7033,4.00614
"5607",560.6,29.1429484158416,-189.7529,4.00772
"5608",560.7,29.1580565,-189.74394,4.008
"5609",560.8,29.1358157,-189.838862068966,4.008
"5610",560.9,29.1243515151515,-189.863833333333,4.008
"5611",561,29.1170136,-189.87146,4.008
"5612",561.1,29.149506,-189.8171,4.008
"5613",561.2,29.13847,-189.828435643564,4.008
"5614",561.3,29.1137968316832,-189.79715,4.00885
"5615",561.4,29.0959332323232,-189.69495,4.0073
"5616",561.5,29.085310990099,-189.700666666667,4.00861904761905
"5617",561.6,29.131321,-189.807428571429,4.00828571428571
"5618",561.7,29.180551,-189.737397590362,4.008
"5619",561.8,29.2226686,-189.851232323232,4.008
"5620",561.9,29.1845673,-189.81466,4.008
"5621",562,29.1750317,-189.9125,4.008
"5622",562.1,29.2021603030303,-189.893704545455,4.00715909090909
"5623",562.2,29.175842,-189.896772277228,4.00785148514851
"5624",562.3,29.174966,-189.830313131313,4.008
"5625",562.4,29.1897764,-189.82502,4.008
"5626",562.5,29.2170232,-189.77526,4.00886
"5627",562.6,29.1782156565657,-189.71196,4.00814
"5628",562.7,29.1835051,-189.71504,4.008
"5629",562.8,29.1813242574257,-189.7041,4.008
"5630",562.9,29.1840068,-189.69647706422,4.008
"5631",563,29.1945427722772,-189.707692307692,4.00884615384615
"5632",563.1,29.2235935353535,-189.613782178218,4.00814851485149
"5633",563.2,29.2188376237624,-189.630484848485,4.008
"5634",563.3,29.2054379,-189.658138613861,4.00459405940594
"5635",563.4,29.1996792,-189.644828282828,4.00743434343434
"5636",563.5,29.1867879,-189.59126,4.008
"5637",563.6,29.2037182,-189.641752475248,4.008
"5638",563.7,29.1706238,-189.67495,4.008
"5639",563.8,29.1853552525252,-189.55915,4.008
"5640",563.9,29.1878636,-189.484775700935,4.008
"5641",564,29.1472292,-189.611721649485,4.008
"5642",564.1,29.1564848,-189.5295625,4.008
"5643",564.2,29.1500592,-189.40855,4.008
"5644",564.3,29.1321996,-189.39695,4.0063
"5645",564.4,29.1728954545454,-189.452090909091,4.00685858585859
"5646",564.5,29.1407404950495,-189.465257425743,4.00785148514851
"5647",564.6,29.1269396,-189.420494949495,4.008
"5648",564.7,29.197004,-189.38118,4.008
"5649",564.8,29.176508,-189.42588,4.008
"5650",564.9,29.1499839393939,-189.40476,4.008
"5651",565,29.16072,-189.451089108911,4.00885148514852
"5652",565.1,29.1827589,-189.500353535354,4.00814141414141
"5653",565.2,29.1855568316832,-189.40122,4.00714
"5654",565.3,29.1921904,-189.313326732673,4.00785148514851
"5655",565.4,29.1770064,-189.2568,4.008
"5656",565.5,29.1884535643564,-189.2949,4.008
"5657",565.6,29.185965959596,-189.364818181818,4.008
"5658",565.7,29.203098,-189.3492,4.008
"5659",565.8,29.1487132,-189.31232,4.008
"5660",565.9,29.1373308,-189.376121495327,4.008
"5661",566,29.1518868,-189.397247311828,4.008
"5662",566.1,29.1281352525253,-189.451643564356,4.008
"5663",566.2,29.1516961,-189.430090909091,4.00628282828283
"5664",566.3,29.1552219,-189.51014,4.00514
"5665",566.4,29.1606477,-189.3563,4.00758
"5666",566.5,29.1616358,-189.26106,4.008
"5667",566.6,29.1661154545455,-189.348176991151,4.008
"5668",566.7,29.1601412871287,-189.429602272727,4.008
"5669",566.8,29.1648502,-189.37904040404,4.008
"5670",566.9,29.1795234653465,-189.29848,4.00886
"5671",567,29.1912348,-189.260603960396,4.00729702970297
"5672",567.1,29.183066,-189.201136363636,4.007
"5673",567.2,29.1912244,-189.224095744681,4.00939361702128
"5674",567.3,29.16161,-189.237375,4.006625
"5675",567.4,29.2255668,-189.205373737374,4.00771717171717
"5676",567.5,29.2135464,-189.10884,4.008
"5677",567.6,29.1930512,-189.22214,4.008
"5678",567.7,29.173656,-189.32986,4.008
"5679",567.8,29.1781911111111,-189.307789473684,4.00724561403509
"5680",567.9,29.1898757,-189.316689655172,4.0078275862069
"5681",568,29.1282303,-189.272428571429,4.008
"5682",568.1,29.1590259,-189.252489361702,4.00714893617021
"5683",568.2,29.1408653,-189.270907407407,4.007
"5684",568.3,29.1247536363636,-189.20629787234,4.007
"5685",568.4,29.1002414851485,-189.277714285714,4.00785714285714
"5686",568.5,29.116494,-189.286625,4.008
"5687",568.6,29.1264211,-189.215157303371,4.008
"5688",568.7,29.0999874257426,-189.235,4.008
"5689",568.8,29.0852706060606,-189.1883,4.008
"5690",568.9,29.1162342574257,-189.2062,4.0097
"5691",569,29.1536313131313,-189.211,4.00745
"5692",569.1,29.1292163366337,-189.0716,4.00785
"5693",569.2,29.1462868,-189.13914953271,4.00720560747664
"5694",569.3,29.1256004,-189.180946902655,4.00769026548673
"5695",569.4,29.1253514851485,-189.17275,4.008
"5696",569.5,29.1160615151515,-189.248166666667,4.008
"5697",569.6,29.1198996,-189.132226804124,4.008
"5698",569.7,29.1129614141414,-189.153,4.008
"5699",569.8,29.1202495,-189.2245,4.008
"5700",569.9,29.1326222,-189.25306,4.00714
"5701",570,29.1390363636364,-189.22246,4.00786
"5702",570.1,29.107904,-189.16626,4.008
"5703",570.2,29.119075,-189.14768,4.00714
"5704",570.3,29.138509,-189.13912,4.00786
"5705",570.4,29.139334,-189.20852,4.008
"5706",570.5,29.1283058585859,-189.179128712871,4.008
"5707",570.6,29.1172049019608,-189.158262626263,4.008
"5708",570.7,29.0814918181818,-189.154297029703,4.00714851485149
"5709",570.8,29.1167961386139,-189.228696969697,4.007
"5710",570.9,29.1143677,-189.200128712871,4.007
"5711",571,29.1030152,-189.20575,4.007
"5712",571.1,29.129244950495,-189.1621,4.00615
"5713",571.2,29.1165032323232,-189.1625,4.0094
"5714",571.3,29.1283724,-189.104095238095,4.00838095238095
"5715",571.4,29.152103,-189.096736842105,4.00715789473684
"5716",571.5,29.114257,-189.1813,4.00785
"5717",571.6,29.1309846,-189.194282828283,4.008
"5718",571.7,29.1401418181818,-189.19996039604,4.00714851485149
"5719",571.8,29.131015,-189.218314814815,4.00778703703704
"5720",571.9,29.122533,-189.190916666667,4.00728703703704
"5721",572,29.142275,-189.145529411765,4.007
"5722",572.1,29.173165,-189.053151515152,4.00784848484848
"5723",572.2,29.182687,-189.086939393939,4.008
"5724",572.3,29.1996178431373,-189.099018691589,4.00719626168224
"5725",572.4,29.2158487878788,-189.00836,4.00779
"5726",572.5,29.1811851,-189.121210526316,4.008
"5727",572.6,29.1957614,-189.125,4.008
"5728",572.7,29.2146802,-189.104821782178,4.008
"5729",572.8,29.248301,-189.163818181818,4.00714141414141
"5730",572.9,29.1876645454545,-189.142495049505,4.00785148514851
"5731",573,29.2087317821782,-189.0695,4.00883333333333
"5732",573.1,29.195326,-189.00687755102,4.00815306122449
"5733",573.2,29.18652,-189.00565,4.008
"5734",573.3,29.1879526732673,-188.99935,4.008
"5735",573.4,29.20775,-189.10704040404,4.00714141414141
"5736",573.5,29.2155648514851,-189.051647058824,4.007
"5737",573.6,29.24894,-188.975969230769,4.00764615384615
"5738",573.7,29.227143,-188.931676470588,4.008
"5739",573.8,29.23277,-189.087769230769,4.008
"5740",573.9,29.2280760606061,-189.083666666667,4.00733333333333
"5741",574,29.242077029703,-189.031054794521,4.00861643835616
"5742",574.1,29.2351971717172,-189.020633027523,4.009
"5743",574.2,29.1981000990099,-189.109554347826,4.00816304347826
"5744",574.3,29.219359,-189.001045454545,4.008
"5745",574.4,29.205902020202,-188.999833333333,4.00716666666667
"5746",574.5,29.2203384313725,-189.076545454546,4.00777272727273
"5747",574.6,29.23459,-189.0795,4.00716666666667
"5748",574.7,29.2132018811881,-188.905158415842,4.007
"5749",574.8,29.1987072727273,-188.935571428571,4.007
"5750",574.9,29.22208,-188.9632,4.007
"5751",575,29.1917141584158,-188.957485148515,4.00444554455445
"5752",575.1,29.2003390909091,-188.94000990099,4.00652475247525
"5753",575.2,29.2219658415842,-188.962714285714,4.00785714285714
"5754",575.3,29.2378429292929,-188.932089108911,4.00714851485148
"5755",575.4,29.2362893,-188.94447826087,4.007
"5756",575.5,29.2392213861386,-188.983117647059,4.00782352941177
"5757",575.6,29.2427923232323,-188.9067,4.00715
"5758",575.7,29.2322887128713,-188.92205050505,4.00785858585859
"5759",575.8,29.2382044444444,-188.978940594059,4.00714851485148
"5760",575.9,29.2352544,-188.954,4.00785
"5761",576,29.2502609,-188.93597979798,4.00542424242424
"5762",576.1,29.2954255555555,-188.9039,4.00758
"5763",576.2,29.2641805882353,-188.94802,4.00714
"5764",576.3,29.2662867676768,-188.93536,4.007
"5765",576.4,29.255891980198,-188.933482758621,4.007
"5766",576.5,29.2295778787879,-188.976643678161,4.007
"5767",576.6,29.2190397,-188.855226804124,4.007
"5768",576.7,29.2251047,-188.98006,4.00786
"5769",576.8,29.2534488888889,-188.95928,4.008
"5770",576.9,29.2196858823529,-188.911128712871,4.00885148514852
"5771",577,29.2295037373737,-188.940919191919,4.009
"5772",577.1,29.2337406,-188.88508,4.009
"5773",577.2,29.2536007920792,-188.833277227723,4.00729702970297
"5774",577.3,29.23721,-188.93055,4.007
"5775",577.4,29.22886,-188.882514851485,4.007
"5776",577.5,29.219578989899,-188.852534653465,4.007
"5777",577.6,29.2484437623762,-188.767693877551,4.00615306122449
"5778",577.7,29.2265068686869,-188.7836,4.00685
"5779",577.8,29.1988658,-188.837080808081,4.00785858585859
"5780",577.9,29.2167722,-188.8579,4.00714
"5781",578,29.24107,-188.77996039604,4.00955445544554
"5782",578.1,29.2416454455445,-188.886202020202,4.00742424242424
"5783",578.2,29.2325844444444,-188.80796,4.007
"5784",578.3,29.2413272,-188.703756521739,4.007
"5785",578.4,29.217002970297,-188.7592,4.007
"5786",578.5,29.2124466666667,-188.84996,4.007
"5787",578.6,29.18322,-188.8061,4.00958
"5788",578.7,29.1580028282828,-188.84602,4.00742
"5789",578.8,29.1542546,-188.811,4.007
"5790",578.9,29.1654011,-188.68390990991,4.00777477477477
"5791",579,29.1454929,-188.676808988764,4.00462921348315
"5792",579.1,29.1765997,-188.72414,4.00658
"5793",579.2,29.1572888,-188.755571428571,4.007
"5794",579.3,29.1446897,-188.75509375,4.007
"5795",579.4,29.1630528,-188.754825242718,4.007
"5796",579.5,29.2046515,-188.692645833333,4.007
"5797",579.6,29.1708984,-188.832306306306,4.00854954954955
"5798",579.7,29.1757101,-188.789402061856,4.00745360824742
"5799",579.8,29.1904552,-188.771630434783,4.007
"5800",579.9,29.1945542,-188.6655,4.00528
"5801",580,29.1863366666667,-188.73056,4.00672
"5802",580.1,29.159993960396,-188.73626,4.007
"5803",580.2,29.1510224,-188.753732673267,4.007
"5804",580.3,29.1823712,-188.706,4.007
"5805",580.4,29.1694518,-188.736464285714,4.007
"5806",580.5,29.1626355555555,-188.685125,4.007
"5807",580.6,29.1913908,-188.629929292929,4.00785858585859
"5808",580.7,29.1943704,-188.713257425742,4.00714851485149
"5809",580.8,29.1830035643565,-188.7698,4.00785
"5810",580.9,29.1581956,-188.7073,4.0063
"5811",581,29.1761874,-188.7171,4.006
"5812",581.1,29.1995013,-188.73903030303,4.00685858585859
"5813",581.2,29.1985876,-188.58634,4.007
"5814",581.3,29.1975784,-188.627415841584,4.007
"5815",581.4,29.179498,-188.66365,4.007
"5816",581.5,29.1674034,-188.719,4.007
"5817",581.6,29.1712544,-188.6515,4.007
"5818",581.7,29.1701244444444,-188.650142857143,4.007
"5819",581.8,29.1963232,-188.648931034483,4.00624137931035
"5820",581.9,29.1941976,-188.624308510638,4.00684042553191
"5821",582,29.1872724,-188.628585858586,4.00785858585859
"5822",582.1,29.2228008,-188.62742,4.00714
"5823",582.2,29.2340909090909,-188.635514851485,4.007
"5824",582.3,29.192970990099,-188.69795959596,4.007
"5825",582.4,29.190636,-188.59964,4.007
"5826",582.5,29.2343805940594,-188.613137931034,4.007
"5827",582.6,29.252455,-188.661386363636,4.007
"5828",582.7,29.2617755555555,-188.524083333333,4.007
"5829",582.8,29.2890477227723,-188.518584158416,4.00785148514851
"5830",582.9,29.2799477777778,-188.498818181818,4.00542424242424
"5831",583,29.2675988,-188.48554,4.00758
"5832",583.1,29.2685456,-188.471018867925,4.00718867924528
"5833",583.2,29.2517972,-188.518212765957,4.007
"5834",583.3,29.2351123762376,-188.46399009901,4.007
"5835",583.4,29.2637655555556,-188.53715,4.0087
"5836",583.5,29.2735569306931,-188.40495,4.00645
"5837",583.6,29.2835444444444,-188.4691,4.00685
"5838",583.7,29.2767868,-188.54705,4.007
"5839",583.8,29.2634972,-188.507,4.00615
"5840",583.9,29.2700566666667,-188.5745,4.00685
"5841",584,29.2451356862745,-188.572672131148,4.007
"5842",584.1,29.2359822222223,-188.451307692308,4.007
"5843",584.2,29.2647236,-188.539909090909,4.007
"5844",584.3,29.2413116,-188.57018,4.007
"5845",584.4,29.2341354545454,-188.46364,4.00786
"5846",584.5,29.2958761386138,-188.58618,4.00628
"5847",584.6,29.2288027272727,-188.56428,4.00686
"5848",584.7,29.2094475247525,-188.501653465347,4.007
"5849",584.8,29.21284,-188.411292929293,4.00871717171717
"5850",584.9,29.1893904,-188.35586,4.00814
"5851",585,29.195245940594,-188.428447619048,4.00718095238095
"5852",585.1,29.1760066666667,-188.32534375,4.007
"5853",585.2,29.1937876,-188.350222222222,4.007
"5854",585.3,29.202938,-188.358,4.007
"5855",585.4,29.2041828,-188.451663366337,4.00785148514851
"5856",585.5,29.1796428,-188.382220183486,4.00722018348624
"5857",585.6,29.1632954545455,-188.397652173913,4.007
"5858",585.7,29.1522118811881,-188.54208,4.007
"5859",585.8,29.1462618181818,-188.462222222222,4.00777777777778
"5860",585.9,29.1727292,-188.412,4.00733333333333
"5861",586,29.1865181,-188.395641025641,4.007
"5862",586.1,29.2525767676768,-188.44104,4.007
"5863",586.2,29.2191854901961,-188.543,4.007
"5864",586.3,29.176603030303,-188.490545454546,4.007
"5865",586.4,29.2232830693069,-188.398990654206,4.00778504672897
"5866",586.5,29.2104364,-188.365752688172,4.00717204301075
"5867",586.6,29.1984566666667,-188.44952,4.00784
"5868",586.7,29.2097142574257,-188.45844,4.0038
"5869",586.8,29.2126624242424,-188.443424242424,4.00639393939394
"5870",586.9,29.2051067326733,-188.424168316832,4.007
"5871",587,29.2151836363636,-188.5302,4.007
"5872",587.1,29.206287,-188.56108,4.007
"5873",587.2,29.2168985148515,-188.56048,4.007
"5874",587.3,29.2109124242424,-188.64484,4.00868
"5875",587.4,29.233227029703,-188.728878787879,4.00815151515152
"5876",587.5,29.1880912121212,-188.573524752475,4.00715841584158
"5877",587.6,29.2004932,-188.505515151515,4.007
"5878",587.7,29.177977,-188.4956,4.00615
"5879",587.8,29.189944,-188.521089108911,4.00768316831683
"5880",587.9,29.2073637623762,-188.504086956522,4.00726956521739
"5881",588,29.1761945454546,-188.503305882353,4.007
"5882",588.1,29.1966014,-188.498346534653,4.007
"5883",588.2,29.1988222,-188.54897979798,4.007
"5884",588.3,29.2221016,-188.51616,4.00616
"5885",588.4,29.1928556,-188.517333333333,4.00684848484848
"5886",588.5,29.2027136363636,-188.54705,4.007
"5887",588.6,29.2212806930693,-188.398831683168,4.007
"5888",588.7,29.1852401,-188.367454545455,4.00530303030303
"5889",588.8,29.1794859,-188.42565,4.005
"5890",588.9,29.1867593069307,-188.40455,4.0067
"5891",589,29.2462827272727,-188.29785,4.007
"5892",589.1,29.2122044554455,-188.3225,4.007
"5893",589.2,29.2220136363636,-188.3555,4.007
"5894",589.3,29.2405208,-188.3328,4.007
"5895",589.4,29.2383412,-188.2923,4.00785
"5896",589.5,29.2378528282828,-188.247495726496,4.0072735042735
"5897",589.6,29.2204425490196,-188.25,4.00861904761905
"5898",589.7,29.2151148484848,-188.161764705882,4.00735294117647
"5899",589.8,29.2376157,-188.138752475248,4.007
"5900",589.9,29.2503944,-188.216494845361,4.007
"5901",590,29.2255702020202,-188.185425742574,4.007
"5902",590.1,29.2207517821782,-188.283313131313,4.007
"5903",590.2,29.2092361,-188.15868,4.007
"5904",590.3,29.2321734653465,-188.239606060606,4.00869696969697
"5905",590.4,29.2273292,-188.2233,4.00815
"5906",590.5,29.26008,-188.1762,4.00715
"5907",590.6,29.2479076,-188.15285,4.007
"5908",590.7,29.2140997959184,-188.1925,4.00445
"5909",590.8,29.2089031683168,-188.214419642857,4.00627678571428
"5910",590.9,29.2227594949495,-188.111159090909,4.007
"5911",591,29.236086,-188.2012,4.007
"5912",591.1,29.2686385148515,-188.1785,4.007
"5913",591.2,29.2576538,-188.1353,4.007
"5914",591.3,29.2760561386139,-188.239247524752,4.007
"5915",591.4,29.2814421212121,-188.2222,4.007
"5916",591.5,29.2819765346535,-188.30152,4.00616
"5917",591.6,29.2772542424242,-188.27768,4.00684
"5918",591.7,29.2647769306931,-188.328333333333,4.00855555555556
"5919",591.8,29.2726615151515,-188.352755102041,4.00744897959184
"5920",591.9,29.2863741,-188.349191489362,4.007
"5921",592,29.3114073,-188.35976,4.007
"5922",592.1,29.2749812121212,-188.25952,4.007
"5923",592.2,29.2601692,-188.3282,4.00784
"5924",592.3,29.2800873267327,-188.361121212121,4.00715151515151
"5925",592.4,29.2913306,-188.213356435644,4.007
"5926",592.5,29.2824262376238,-188.272393939394,4.007
"5927",592.6,29.2904184848485,-188.153346534653,4.00784158415842
"5928",592.7,29.2962811,-188.113575757576,4.008
"5929",592.8,29.2712207,-188.20104950495,4.00715841584158
"5930",592.9,29.2483294,-188.21632,4.007
"5931",593,29.2559153465346,-188.15972,4.007
"5932",593.1,29.2138318181818,-187.975060606061,4.007
"5933",593.2,29.1889036633664,-188.1905,4.007
"5934",593.3,29.1642627272727,-188.16175,4.00785
"5935",593.4,29.1897802,-188.162492063492,4.0073253968254
"5936",593.5,29.1697813,-188.117283950617,4.007
"5937",593.6,29.1376104,-188.017483870968,4.007
"5938",593.7,29.1412826732673,-188.051908256881,4.007
"5939",593.8,29.169006969697,-187.995010989011,4.007
"5940",593.9,29.1888164,-188.044118811881,4.007
"5941",594,29.1586389,-188.041575757576,4.007
"5942",594.1,29.1568073,-188.00701980198,4.00615841584158
"5943",594.2,29.1833575,-188.020515151515,4.00854545454545
"5944",594.3,29.1886602020202,-187.93819047619,4.00738095238095
"5945",594.4,29.170293,-187.940857142857,4.007
"5946",594.5,29.1576566,-187.946836734694,4.00783673469388
"5947",594.6,29.194056,-187.935905660377,4.00720754716981
"5948",594.7,29.1798314,-187.904263157895,4.007
"5949",594.8,29.1863806,-187.92373,4.007
"5950",594.9,29.1924272,-187.996980952381,4.007
"5951",595,29.1883814,-188.012510638298,4.007
"5952",595.1,29.1547062,-188.05232,4.00616
"5953",595.2,29.1501506930693,-188.100776699029,4.006
"5954",595.3,29.1613677,-188.071545454545,4.00681818181818
"5955",595.4,29.1670905,-187.98756,4.007
"5956",595.5,29.1557344444445,-188.014898989899,4.00617171717172
"5957",595.6,29.1765986,-187.999686868687,4.00516161616162
"5958",595.7,29.125631,-187.920882352941,4.00664705882353
"5959",595.8,29.1340412,-187.943183206107,4.007
"5960",595.9,29.1513898,-187.9345,4.007
"5961",596,29.1906912,-187.892141414141,4.00783838383838
"5962",596.1,29.1989745454545,-187.86592920354,4.00725663716814
"5963",596.2,29.1905805,-187.898358695652,4.00622826086957
"5964",596.3,29.250899,-187.945757894737,4.00683157894737
"5965",596.4,29.2834257425743,-187.816603960396,4.00533663366337
"5966",596.5,29.2822704,-187.867808080808,4.00667676767677
"5967",596.6,29.2982312,-187.912108910891,4.007
"5968",596.7,29.2982056,-187.971656565657,4.007
"5969",596.8,29.3145886,-187.968823529412,4.007
"5970",596.9,29.2592800990099,-187.910775510204,4.007
"5971",597,29.2796577,-187.836192307692,4.00619230769231
"5972",597.1,29.3004562,-187.86306185567,4.00682474226804
"5973",597.2,29.2892274747475,-187.844081818182,4.007
"5974",597.3,29.2698542,-187.831719101124,4.007
"5975",597.4,29.2830138,-187.789,4.00782352941176
"5976",597.5,29.2991726,-187.766474226804,4.008
"5977",597.6,29.280454,-187.791788461538,4.00718269230769
"5978",597.7,29.3042504,-187.92203125,4.007
"5979",597.8,29.2859011111111,-187.820445544555,4.007
"5980",597.9,29.299295,-187.82304,4.007
"5981",598,29.2896195,-187.82044,4.007
"5982",598.1,29.2839348514852,-187.86647826087,4.00773043478261
"5983",598.2,29.331426,-187.833670588235,4.00718823529412
"5984",598.3,29.2977737373737,-187.76404,4.00616
"5985",598.4,29.2880115,-187.748757575758,4.00515151515151
"5986",598.5,29.321316,-187.82227184466,4.00747572815534
"5987",598.6,29.3178705,-187.795911504425,4.00727433628319
"5988",598.7,29.325117,-187.823535714286,4.007
"5989",598.8,29.285131,-187.8976,4.007
"5990",598.9,29.2754479207921,-187.9821,4.007
"5991",599,29.2777442424242,-188.00775,4.007
"5992",599.1,29.2849308910891,-187.96665,4.007
"5993",599.2,29.2578258,-187.968107142857,4.007
"5994",599.3,29.2605302,-187.952134831461,4.007
"5995",599.4,29.2743772,-187.978545454545,4.00784848484848
"5996",599.5,29.2763606060606,-187.97465,4.00715
"5997",599.6,29.2979727722772,-187.956708333333,4.007
"5998",599.7,29.289891010101,-187.82962962963,4.007
"5999",599.8,29.274996,-187.819515151515,4.007
"6000",599.9,29.277362,-187.806,4.007
"6001",600,29.2906433333333,-187.707102564102,4.007
"6002",600.1,29.3184351485149,-187.785698795181,4.007
"6003",600.2,29.3192,-187.844663366337,4.007
"6004",600.3,29.3063366336634,-187.773787878788,4.007
"6005",600.4,29.2868525,-187.6427,4.0053
"6006",600.5,29.303226,-187.766752475248,4.00668316831683
"6007",600.6,29.3544147524752,-187.79484,4.007
"6008",600.7,29.3438756565657,-187.806389830508,4.007
"6009",600.8,29.332887,-187.779222222222,4.007
"6010",600.9,29.3596165,-187.81705,4.007
"6011",601,29.346633,-187.727324561403,4.007
"6012",601.1,29.349467,-187.806279069767,4.007
"6013",601.2,29.3599136363636,-187.746683168317,4.007
"6014",601.3,29.3646692079208,-187.740333333333,4.00615151515152
"6015",601.4,29.3803725,-187.7981,4.00685
"6016",601.5,29.369953,-187.9202,4.007
"6017",601.6,29.3677325,-187.739166666667,4.007
"6018",601.7,29.3790221212121,-187.772683673469,4.007
"6019",601.8,29.3871787128713,-187.8217,4.007
"6020",601.9,29.3752772727273,-187.794,4.007
"6021",602,29.3641440594059,-187.784633663366,4.007
"6022",602.1,29.3444445,-187.762571428571,4.007
"6023",602.2,29.3490436363636,-187.82958490566,4.00781132075472
"6024",602.3,29.3701413861386,-187.857914893617,4.008
"6025",602.4,29.3609254545455,-187.82474,4.008
"6026",602.5,29.3548405940594,-187.77937254902,4.0071568627451
"6027",602.6,29.3347075757576,-187.716848484848,4.007
"6028",602.7,29.3343708,-187.650080357143,4.007
"6029",602.8,29.3240602970297,-187.617735632184,4.007
"6030",602.9,29.3042672727273,-187.759357142857,4.00623214285714
"6031",603,29.3082874509804,-187.6624,4.006
"6032",603.1,29.2997347474747,-187.59336,4.00684
"6033",603.2,29.3020935,-187.59776,4.00532
"6034",603.3,29.3383265,-187.577090909091,4.00669696969697
"6035",603.4,29.319363030303,-187.658,4.007
"6036",603.5,29.3036132673267,-187.62192,4.007
"6037",603.6,29.3193778787879,-187.57168,4.007
"6038",603.7,29.3290156,-187.48084,4.007
"6039",603.8,29.2971368,-187.517591304348,4.00626956521739
"6040",603.9,29.298568,-187.498145631068,4.006
"6041",604,29.280862,-187.524073170732,4.00680487804878
"6042",604.1,29.2849576767677,-187.598,4.00616
"6043",604.2,29.282851980198,-187.60214953271,4.00678504672897
"6044",604.3,29.317322,-187.562690721649,4.007
"6045",604.4,29.2901004,-187.563947368421,4.007
"6046",604.5,29.2891848514851,-187.45692920354,4.007
"6047",604.6,29.2908730303031,-187.486528089888,4.007
"6048",604.7,29.3143573267327,-187.550682692308,4.00620192307692
"6049",604.8,29.3234339393939,-187.584621052632,4.00683157894737
"6050",604.9,29.3434912,-187.593710280374,4.007
"6051",605,29.3028988,-187.511714285714,4.007
"6052",605.1,29.2982696969697,-187.538063157895,4.007
"6053",605.2,29.3237416666667,-187.52784,4.007
"6054",605.3,29.3001984848485,-187.5114,4.007
"6055",605.4,29.3208924,-187.55772,4.007
"6056",605.5,29.3441104,-187.4746,4.007
"6057",605.6,29.3468516161616,-187.5262,4.007
"6058",605.7,29.3653122772277,-187.5238,4.007
"6059",605.8,29.3578612121212,-187.530586206897,4.00627586206897
"6060",605.9,29.3546082178218,-187.600542168675,4.00681927710843
"6061",606,29.3408268,-187.601534653465,4.007
"6062",606.1,29.3282316,-187.53012,4.00532
"6063",606.2,29.3361444,-187.46492,4.0092
"6064",606.3,29.3185005050505,-187.48524,4.00748
"6065",606.4,29.3153501980198,-187.46496,4.007
"6066",606.5,29.3227635353536,-187.44404,4.007
"6067",606.6,29.3439189,-187.47628,4.007
"6068",606.7,29.3232062376238,-187.43803030303,4.00615151515152
"6069",606.8,29.3049452,-187.510792079208,4.00768316831683
"6070",606.9,29.2763536633663,-187.535148514851,4.00633663366337
"6071",607,29.2744806060606,-187.638632653061,4.00684693877551
"6072",607.1,29.2643700990099,-187.564608695652,4.00626086956522
"6073",607.2,29.2672072727273,-187.484235294118,4.006
"6074",607.3,29.2764928,-187.4349,4.00685
"6075",607.4,29.2727184,-187.445,4.00615
"6076",607.5,29.2862164,-187.522900990099,4.00684158415842
"6077",607.6,29.319394,-187.44292,4.00616
"6078",607.7,29.2925836,-187.501363636364,4.006
"6079",607.8,29.2760544,-187.457772277228,4.006
"6080",607.9,29.265372,-187.54108,4.00684
"6081",608,29.3144804,-187.50692,4.007
"6082",608.1,29.2722724752475,-187.431297029703,4.00783168316832
"6083",608.2,29.2771184848485,-187.399367346939,4.00715306122449
"6084",608.3,29.3195788,-187.430459459459,4.007
"6085",608.4,29.3371064,-187.430208333333,4.007
"6086",608.5,29.3047472,-187.338096774194,4.00616129032258
"6087",608.6,29.283326,-187.343008928571,4.00675892857143
"6088",608.7,29.2719182828283,-187.418898876404,4.0078202247191
"6089",608.8,29.3063218811881,-187.464545454545,4.00715151515151
"6090",608.9,29.299568989899,-187.308820754717,4.00619811320755
"6091",609,29.3083876,-187.335908163265,4.00519387755102
"6092",609.1,29.2922907920792,-187.392917525773,4.00667010309278
"6093",609.2,29.3016756,-187.308683168317,4.00616831683168
"6094",609.3,29.3185072277228,-187.284918367347,4.00684693877551
"6095",609.4,29.2986193939394,-187.355534653465,4.007
"6096",609.5,29.3043264,-187.257,4.00626315789474
"6097",609.6,29.3083532,-187.285390804598,4.006
"6098",609.7,29.2857952,-187.250336734694,4.006
"6099",609.8,29.282681980198,-187.285523809524,4.006
"6100",609.9,29.2809390909091,-187.254736842105,4.00684210526316
"6101",610,29.2865836,-187.273089108911,4.00615841584158
"6102",610.1,29.3152808,-187.22844,4.00684
"6103",610.2,29.3335236363636,-187.366207920792,4.007
"6104",610.3,29.3212463,-187.295393939394,4.007
"6105",610.4,29.3032813,-187.26088,4.007
"6106",610.5,29.3366973,-187.258848484848,4.007
"6107",610.6,29.339120990099,-187.20375,4.007
"6108",610.7,29.3211937373737,-187.24925,4.007
"6109",610.8,29.3095664356436,-187.312861386139,4.007
"6110",610.9,29.309018,-187.2642,4.00616
"6111",611,29.280928,-187.216345454545,4.00981818181818
"6112",611.1,29.3109004,-187.19005050505,4.0080101010101
"6113",611.2,29.3304976,-187.251758241758,4.007
"6114",611.3,29.3351988,-187.220769230769,4.007
"6115",611.4,29.319198,-187.272680412371,4.007
"6116",611.5,29.3088016,-187.252185185185,4.007
"6117",611.6,29.3281876,-187.227326086956,4.0061847826087
"6118",611.7,29.3238925252525,-187.300292929293,4.006
"6119",611.8,29.3237768,-187.231,4.00684
"6120",611.9,29.3267411,-187.28724,4.00616
"6121",612,29.3172873267327,-187.2086,4.00684
"6122",612.1,29.3081464,-187.250027027027,4.007
"6123",612.2,29.348514949495,-187.232115789474,4.00623157894737
"6124",612.3,29.3335735,-187.084290322581,4.006
"6125",612.4,29.3280837,-187.07925,4.00685
"6126",612.5,29.3459919,-187.136942307692,4.00618269230769
"6127",612.6,29.3339012,-187.14478125,4.006
"6128",612.7,29.3207805940594,-187.150732673267,4.00684158415841
"6129",612.8,29.3430109090909,-187.10076,4.007
"6130",612.9,29.3104963,-187.122888888889,4.00622222222222
"6131",613,29.2992704950495,-187.05828,4.00524
"6132",613.1,29.304688,-187.113425531915,4.0066170212766
"6133",613.2,29.3160932,-187.119448979592,4.007
"6134",613.3,29.3451796,-187.157727272727,4.00615151515152
"6135",613.4,29.3203046464646,-187.200747663551,4.006
"6136",613.5,29.3052551,-187.147765957447,4.006
"6137",613.6,29.3128379,-187.100212121212,4.006
"6138",613.7,29.2937948484849,-187.100538461538,4.0067264957265
"6139",613.8,29.2638272,-187.169380952381,4.00619047619048
"6140",613.9,29.2915209090909,-187.195690909091,4.00752727272727
"6141",614,29.3048505940594,-187.163644444444,4.00717777777778
"6142",614.1,29.2962445454545,-187.19716,4.007
"6143",614.2,29.296406039604,-187.13192,4.00616
"6144",614.3,29.2784322,-187.0886,4.006
"6145",614.4,29.3049322,-187.102444444444,4.00677777777778
"6146",614.5,29.3012531683168,-187.084869565217,4.007
"6147",614.6,29.3125242424243,-187.26144,4.00616
"6148",614.7,29.3333689108911,-187.174088495575,4.006
"6149",614.8,29.3581368,-187.167908045977,4.00518390804598
"6150",614.9,29.3275044,-187.04076,4.00584
"6151",615,29.3553188,-187.057424242424,4.00769696969697
"6152",615.1,29.3332722222222,-187.15595,4.0063
"6153",615.2,29.3399086138614,-187.145910891089,4.006
"6154",615.3,29.3281760606061,-187.085777777778,4.006
"6155",615.4,29.2850276,-187.117604395604,4.006
"6156",615.5,29.2917948,-186.906298245614,4.006
"6157",615.6,29.30831,-187.019517241379,4.006
"6158",615.7,29.331968019802,-186.98052,4.00684
"6159",615.8,29.3348718181818,-186.910647058824,4.00617647058824
"6160",615.9,29.363148019802,-187.001288659794,4.00515463917526
"6161",616,29.3221936,-186.945940594059,4.00584158415842
"6162",616.1,29.3564862,-187.04204,4.00684
"6163",616.2,29.3506946534654,-186.9748,4.00616
"6164",616.3,29.3357977777778,-186.97732,4.006
"6165",616.4,29.3709058,-186.8928,4.006
"6166",616.5,29.3422432,-186.91464,4.006
"6167",616.6,29.3214984,-186.794904347826,4.006
"6168",616.7,29.3294496,-186.8722,4.00681176470588
"6169",616.8,29.3446372727273,-186.861121212121,4.00615151515152
"6170",616.9,29.3280213861386,-186.86335,4.00345
"6171",617,29.350021,-186.96247706422,4.00533944954129
"6172",617.1,29.358272,-186.958263736264,4.006
"6173",617.2,29.334329,-186.963782178218,4.006
"6174",617.3,29.3318509090909,-186.983818181818,4.00684848484848
"6175",617.4,29.3189588118812,-186.97,4.00615
"6176",617.5,29.3111563636364,-186.993214953271,4.006
"6177",617.6,29.3470875,-187.01638,4.006
"6178",617.7,29.363562,-187.021,4.00682978723404
"6179",617.8,29.3456833333333,-187.015291262136,4.00618446601942
"6180",617.9,29.3586331683168,-187.042391752577,4.00767010309278
"6181",618,29.363153030303,-186.97576,4.00632
"6182",618.1,29.3450658415842,-186.8948,4.006
"6183",618.2,29.3524162,-186.9114,4.006
"6184",618.3,29.3511821,-186.97328,4.006
"6185",618.4,29.341778019802,-186.9378,4.00684
"6186",618.5,29.3279509090909,-186.91136,4.007
"6187",618.6,29.3486495098039,-186.895272727273,4.00615151515152
"6188",618.7,29.3545703030303,-186.831611111111,4.006
"6189",618.8,29.3520664,-186.816655913978,4.006
"6190",618.9,29.3200018,-186.822939393939,4.00684848484848
"6191",619,29.3319154545455,-186.90985,4.007
"6192",619.1,29.3410661386139,-186.893861386139,4.00615841584158
"6193",619.2,29.3259054545454,-186.8544,4.006
"6194",619.3,29.3289423,-186.850825581395,4.006
"6195",619.4,29.3214223,-186.899111111111,4.00683838383838
"6196",619.5,29.3471729292929,-186.887,4.00616
"6197",619.6,29.3436938613861,-186.89056,4.006
"6198",619.7,29.3298097979798,-186.7954,4.006
"6199",619.8,29.3127804950495,-186.78204,4.006
"6200",619.9,29.3343894,-186.73848,4.006
"6201",620,29.3578254,-186.803818181818,4.006
"6202",620.1,29.3760105940594,-186.865811881188,4.006
"6203",620.2,29.3953390909091,-186.887727272727,4.006
"6204",620.3,29.3768425742574,-186.787844036697,4.006
"6205",620.4,29.3789927272727,-186.896802197802,4.00683516483516
"6206",620.5,29.3604126,-186.940831683168,4.00615841584158
"6207",620.6,29.3533935,-186.890772277228,4.006
"6208",620.7,29.3648236363636,-186.81795959596,4.00516161616162
"6209",620.8,29.3783050980392,-186.773564356436,4.00583168316832
"6210",620.9,29.3467027272727,-186.788101694915,4.006
"6211",621,29.358777,-186.868419753086,4.006
"6212",621.1,29.3409187,-186.846910891089,4.006
"6213",621.2,29.3311774747475,-186.950505050505,4.006
"6214",621.3,29.3459785148515,-186.981786407767,4.006
"6215",621.4,29.3689152525253,-186.921692307692,4.00677884615385
"6216",621.5,29.3424296039604,-186.906483870968,4.007
"6217",621.6,29.3354768686869,-186.897745762712,4.00628813559322
"6218",621.7,29.331394,-186.837658536585,4.00760975609756
"6219",621.8,29.355274,-186.89801980198,4.00633663366337
"6220",621.9,29.3563198989899,-186.91632,4.006
"6221",622,29.3263394117647,-186.88297,4.006
"6222",622.1,29.3310837373737,-186.948625,4.006
"6223",622.2,29.325834,-187.077270833333,4.006
"6224",622.3,29.322728019802,-186.92587,4.00683
"6225",622.4,29.2878839,-186.799747572816,4.00538834951456
"6226",622.5,29.3207624752475,-186.797607843137,4.00578431372549
"6227",622.6,29.3581736363636,-186.76687368421,4.006
"6228",622.7,29.3561944554455,-186.77394,4.006
"6229",622.8,29.3499145454545,-186.7355,4.006
"6230",622.9,29.3375265,-186.893838383838,4.006
"6231",623,29.3488709,-186.818712871287,4.006
"6232",623.1,29.3642986868687,-186.809575757576,4.006
"6233",623.2,29.3474577227723,-186.793702970297,4.00683168316832
"6234",623.3,29.3516081818182,-186.746404040404,4.007
"6235",623.4,29.360582,-186.853603960396,4.007
"6236",623.5,29.359694,-186.77159,4.00617
"6237",623.6,29.3755932323232,-186.772636363636,4.00432323232323
"6238",623.7,29.3792608823529,-186.710465346535,4.00566336633663
"6239",623.8,29.3914263636364,-186.650888888889,4.00683838383838
"6240",623.9,29.389436,-186.586736842105,4.00626315789474
"6241",624,29.3807982178218,-186.649873563218,4.006
"6242",624.1,29.3658791919192,-186.548990654206,4.006
"6243",624.2,29.349758019802,-186.542,4.006
"6244",624.3,29.3751282828283,-186.644727272727,4.00518181818182
"6245",624.4,29.385956,-186.650262626263,4.00582828282828
"6246",624.5,29.37894,-186.69929,4.006
"6247",624.6,29.4054385858585,-186.75897,4.00268
"6248",624.7,29.3777735294118,-186.67853,4.00366
"6249",624.8,29.3951257575758,-186.73885,4.00566
"6250",624.9,29.369564,-186.638464646465,4.006
"6251",625,29.373026,-186.63028,4.006
"6252",625.1,29.39143,-186.580783783784,4.006
"6253",625.2,29.402472,-186.4983,4.006
"6254",625.3,29.371144,-186.616303030303,4.00683838383838
"6255",625.4,29.376284,-186.621807692308,4.00619230769231
"6256",625.5,29.383695959596,-186.646714285714,4.006
"6257",625.6,29.391304,-186.615615384615,4.00517582417582
"6258",625.7,29.3778178,-186.61792,4.00584
"6259",625.8,29.3695091,-186.53852,4.006
"6260",625.9,29.3868552475248,-186.551965517241,4.006
"6261",626,29.3837719191919,-186.490142857143,4.006
"6262",626.1,29.3863628712871,-186.45032,4.006
"6263",626.2,29.375316,-186.550792079208,4.00683168316832
"6264",626.3,29.42337,-186.60022,4.00783
"6265",626.4,29.4156864356436,-186.62011,4.00634
"6266",626.5,29.3911981,-186.570181818182,4.00683838383838
"6267",626.6,29.4107873,-186.54236,4.007
"6268",626.7,29.4383782828283,-186.55076,4.00616
"6269",626.8,29.4412,-186.585117647059,4.006
"6270",626.9,29.406324,-186.508423076923,4.006
"6271",627,29.40748,-186.59470212766,4.006
"6272",627.1,29.408776,-186.52208,4.00684
"6273",627.2,29.4007252525253,-186.46452,4.007
"6274",627.3,29.3890197,-186.598027522936,4.00622935779816
"6275",627.4,29.3829219,-186.600054347826,4.006
"6276",627.5,29.3749503,-186.519173076923,4.00679807692308
"6277",627.6,29.3793492079208,-186.412326530612,4.00538775510204
"6278",627.7,29.406926,-186.3586,4.00581
"6279",627.8,29.3899955445545,-186.408857142857,4.006
"6280",627.9,29.4114538,-186.532505050505,4.006
"6281",628,29.3863284,-186.57752,4.006
"6282",628.1,29.3926611,-186.592811881188,4.006
"6283",628.2,29.3801691919192,-186.58587,4.00517
"6284",628.3,29.347606,-186.594898989899,4.00667676767677
"6285",628.4,29.3943390909091,-186.648860869565,4.00626956521739
"6286",628.5,29.3846167,-186.566104651163,4.0068023255814
"6287",628.6,29.3681433663366,-186.51693,4.00534
"6288",628.7,29.341146,-186.456940594059,4.00582178217822
"6289",628.8,29.3642773267327,-186.500494949495,4.006
"6290",628.9,29.4062452525253,-186.46967,4.006
"6291",629,29.422574,-186.58218,4.006
"6292",629.1,29.410084,-186.440278260869,4.006
"6293",629.2,29.400702,-186.496619047619,4.006
"6294",629.3,29.4174937623762,-186.40908,4.006
"6295",629.4,29.4358077,-186.492538461538,4.006
"6296",629.5,29.4320713131313,-186.47019047619,4.00520238095238
"6297",629.6,29.423942,-186.478145454545,4.005
"6298",629.7,29.4264005050505,-186.536853932584,4.0058202247191
"6299",629.8,29.4286822,-186.481465346535,4.006
"6300",629.9,29.4104258,-186.48626,4.006
"6301",630,29.4107122,-186.48087,4.006
"6302",630.1,29.4401783,-186.48232,4.00517
"6303",630.2,29.4274387,-186.50956,4.00583
"6304",630.3,29.4396286138614,-186.47931,4.006
"6305",630.4,29.432626,-186.3807,4.006
"6306",630.5,29.421474,-186.39354,4.00517
"6307",630.6,29.3981566666667,-186.40996,4.005
"6308",630.7,29.4255895049505,-186.382656565657,4.00583838383838
"6309",630.8,29.416644,-186.38199009901,4.006
"6310",630.9,29.406542,-186.39213,4.006
"6311",631,29.394618,-186.34752,4.006
"6312",631.1,29.435108989899,-186.345545454545,4.00524545454545
"6313",631.2,29.42732,-186.439865168539,4.0058202247191
"6314",631.3,29.439109,-186.26176,4.006
"6315",631.4,29.4159368,-186.250691588785,4.00442990654206
"6316",631.5,29.4267804950495,-186.220319148936,4.00563829787234
"6317",631.6,29.407189,-186.279386138614,4.006
"6318",631.7,29.3882836,-186.313244897959,4.006
"6319",631.8,29.3973298,-186.19016,4.006
"6320",631.9,29.4093318,-186.28948,4.006
"6321",632,29.4206552,-186.3382,4.006
"6322",632.1,29.4316168,-186.38248,4.00516
"6323",632.2,29.4272222772277,-186.33204,4.00584
"6324",632.3,29.4091813131313,-186.296881188119,4.006
"6325",632.4,29.4074866,-186.239181818182,4.006
"6326",632.5,29.4511885148514,-186.115891089109,4.006
"6327",632.6,29.409266,-186.1926,4.006
"6328",632.7,29.3989799009901,-186.2545,4.006
"6329",632.8,29.3962137373737,-186.30699,4.006
"6330",632.9,29.398018,-186.381054054054,4.006
"6331",633,29.393444,-186.301514285714,4.00531428571429
"6332",633.1,29.377598,-186.382542168675,4.005
"6333",633.2,29.3959354545454,-186.39284,4.00584
"6334",633.3,29.4262803,-186.317475247525,4.00683168316832
"6335",633.4,29.4029548484848,-186.327313131313,4.00532323232323
"6336",633.5,29.4383503960396,-186.31475,4.0065
"6337",633.6,29.4271296969697,-186.324545454545,4.00618181818182
"6338",633.7,29.4228568,-186.298059405941,4.006
"6339",633.8,29.4273564,-186.393043478261,4.006
"6340",633.9,29.4500614,-186.398357894737,4.006
"6341",634,29.4229666336634,-186.3996,4.00681111111111
"6342",634.1,29.4021754545455,-186.394221153846,4.00540384615385
"6343",634.2,29.4170793069307,-186.322875,4.00582291666667
"6344",634.3,29.4431306,-186.346307692308,4.00440384615385
"6345",634.4,29.4316365,-186.362652631579,4.00483157894737
"6346",634.5,29.4123134,-186.341764705882,4.00582352941176
"6347",634.6,29.3997627272727,-186.360428571429,4.006
"6348",634.7,29.398499,-186.340881188119,4.006
"6349",634.8,29.4013244,-186.31001010101,4.006
"6350",634.9,29.4238087128713,-186.300841584158,4.006
"6351",635,29.4724102,-186.269150442478,4.006
"6352",635.1,29.4887381818182,-186.265325581395,4.00518604651163
"6353",635.2,29.4876667326733,-186.362878787879,4.00584848484848
"6354",635.3,29.4821454545455,-186.3783,4.00345
"6355",635.4,29.480207,-186.235772277228,4.00468316831683
"6356",635.5,29.4978286,-186.29799009901,4.00583168316832
"6357",635.6,29.528507,-186.323545454545,4.006
"6358",635.7,29.5167828712871,-186.267017699115,4.006
"6359",635.8,29.4957727272727,-186.262434782609,4.006
"6360",635.9,29.4907742,-186.17520952381,4.006
"6361",636,29.4920052,-186.268333333333,4.00435555555555
"6362",636.1,29.4709466,-186.15808,4.00568
"6363",636.2,29.443805,-186.124588235294,4.006
"6364",636.3,29.4392144444444,-186.089530612245,4.00767346938775
"6365",636.4,29.4512514851485,-186.100941747573,4.00718446601942
"6366",636.5,29.4639078,-186.163453608247,4.00616494845361
"6367",636.6,29.4383612871287,-186.088454545455,4.006
"6368",636.7,29.4300395,-186.156316831683,4.006
"6369",636.8,29.4418051515152,-186.112606060606,4.006
"6370",636.9,29.4410238613862,-186.092742574257,4.006
"6371",637,29.4542878787879,-186.149217821782,4.00683168316832
"6372",637.1,29.4354006,-186.209275510204,4.00615306122449
"6373",637.2,29.4405754,-186.1701875,4.00675892857143
"6374",637.3,29.4361066666667,-186.084488636364,4.00368181818182
"6375",637.4,29.4460923762376,-186.093564356436,4.00636633663366
"6376",637.5,29.4656744444444,-186.09128,4.00616
"6377",637.6,29.4631735643564,-186.11352,4.006
"6378",637.7,29.43927,-186.071514563107,4.006
"6379",637.8,29.448913,-186.152125,4.006
"6380",637.9,29.4581434653465,-186.078237288136,4.00672033898305
"6381",638,29.4623144444445,-186.094662650602,4.00619277108434
"6382",638.1,29.4682732352941,-186.099514851485,4.006
"6383",638.2,29.4344145454546,-186.0399,4.00517
"6384",638.3,29.4354626,-186.0114,4.00417
"6385",638.4,29.4456342,-186.04203,4.00483
"6386",638.5,29.4420888888889,-185.98426,4.00583
"6387",638.6,29.4525627722772,-186.051558823529,4.006
"6388",638.7,29.4452844444444,-185.98156122449,4.006
"6389",638.8,29.4646834653465,-185.984797979798,4.006
"6390",638.9,29.45784,-186.03184,4.00516
"6391",639,29.4792011111111,-186.07948,4.005
"6392",639.1,29.4640003960396,-186.04584,4.00584
"6393",639.2,29.4351888888889,-186.132811881188,4.00267326732673
"6394",639.3,29.4110599009901,-186.061844827586,4.0055775862069
"6395",639.4,29.4059855555556,-186.009048192771,4.00619277108434
"6396",639.5,29.4197911111111,-186.04616,4.006
"6397",639.6,29.4137968316832,-186.09432,4.006
"6398",639.7,29.4065974747475,-186.0516,4.006
"6399",639.8,29.3989905940594,-185.99076,4.006
"6400",639.9,29.4428039393939,-185.976841584158,4.006
"6401",640,29.4203636,-186.023787878788,4.00683838383838
"6402",640.1,29.4101012871287,-185.99268,4.00616
"6403",640.2,29.4317409090909,-186.03876,4.00348
"6404",640.3,29.4460547058824,-185.98348,4.00552
"6405",640.4,29.4575655555556,-185.906128712871,4.006
"6406",640.5,29.4670282178218,-185.91209,4.006
"6407",640.6,29.4494198,-185.955404040404,4.006
"6408",640.7,29.4699377777778,-185.91596,4.006
"6409",640.8,29.4604599009901,-185.9707,4.0053
"6410",640.9,29.4595522222222,-185.9868,4.0058
"6411",641,29.4564887128713,-185.98148,4.00516
"6412",641.1,29.4433777777778,-186.043376237624,4.00583168316832
"6413",641.2,29.4652569,-185.967131313131,4.00516161616162
"6414",641.3,29.4565391,-185.99240776699,4.00663106796116
"6415",641.4,29.4587275,-186.009515463918,4.00616494845361
"6416",641.5,29.4615801,-185.987712871287,4.006
"6417",641.6,29.4646771717172,-186.041346534654,4.006
"6418",641.7,29.4582736633663,-186.033872727273,4.006
"6419",641.8,29.4479022,-185.895272727273,4.00518181818182
"6420",641.9,29.4616719,-185.900330434783,4.00573043478261
"6421",642,29.4648367326733,-185.899360465116,4.006
"6422",642.1,29.4427268,-185.97153,4.00517
"6423",642.2,29.4513144,-185.96127,4.005
"6424",642.3,29.4720055555556,-185.985584158416,4.00582178217822
"6425",642.4,29.4272788,-185.904480769231,4.006
"6426",642.5,29.4025848,-185.988872340426,4.006
"6427",642.6,29.3788732,-186.09584,4.006
"6428",642.7,29.3864712871287,-186.011358490566,4.006
"6429",642.8,29.3985155555556,-186.112787234042,4.00682978723404
"6430",642.9,29.3925787,-186.06172,4.00532
"6431",643,29.3807433,-185.98316,4.005
"6432",643.1,29.370157,-185.97688,4.00332
"6433",643.2,29.38426,-186.021926605505,4.00454128440367
"6434",643.3,29.3844314141414,-186.016043956044,4.00582417582418
"6435",643.4,29.4135332,-186.019897435897,4.006
"6436",643.5,29.3953996,-185.97275,4.006
"6437",643.6,29.3514384,-185.92348,4.006
"6438",643.7,29.3437856,-186.00979,4.006
"6439",643.8,29.3855036,-185.946838383838,4.00683838383838
"6440",643.9,29.38809,-185.878603960396,4.00616831683168
"6441",644,29.3972048,-185.838656565657,4.00516161616162
"6442",644.1,29.4097476,-185.797339622641,4.00579245283019
"6443",644.2,29.423348019802,-185.866821052632,4.00682105263158
"6444",644.3,29.4162073,-185.923933962264,4.00621698113208
"6445",644.4,29.4027372277228,-185.857180851064,4.006
"6446",644.5,29.3951142,-185.860121212121,4.00516161616162
"6447",644.6,29.4260966666667,-185.796961538462,4.00580769230769
"6448",644.7,29.4248932,-185.870166666667,4.00433333333334
"6449",644.8,29.4011608,-185.888831683168,4.004
"6450",644.9,29.4259556,-185.93332038835,4.00561165048544
"6451",645,29.4039202,-185.849,4.00516666666667
"6452",645.1,29.3799847474748,-185.767203883495,4.00663106796116
"6453",645.2,29.3826668,-185.833164948454,4.00532989690722
"6454",645.3,29.3956924,-185.75113592233,4.00581553398058
"6455",645.4,29.4162116,-185.776112244898,4.006
"6456",645.5,29.4158016,-185.7943,4.006
"6457",645.6,29.4062312,-185.817518518519,4.006
"6458",645.7,29.4304124,-185.759597826087,4.0051847826087
"6459",645.8,29.42027,-185.80393,4.005
"6460",645.9,29.4218074257426,-185.76290990991,4.00574774774775
"6461",646,29.4137522,-185.695153846154,4.00679120879121
"6462",646.1,29.4210233,-185.669602040816,4.00534693877551
"6463",646.2,29.4205683,-185.666178217822,4.005
"6464",646.3,29.4000667676768,-185.626673469388,4.00583673469388
"6465",646.4,29.403042,-185.678881188119,4.006
"6466",646.5,29.4137888,-185.77068,4.006
"6467",646.6,29.4451289108911,-185.637767676768,4.00516161616162
"6468",646.7,29.4342657425743,-185.710433962264,4.005
"6469",646.8,29.4237044444444,-185.738659574468,4.00582978723404
"6470",646.9,29.421289,-185.688283018868,4.006
"6471",647,29.4278835,-185.711510638298,4.006
"6472",647.1,29.4123002,-185.712346534653,4.00516831683168
"6473",647.2,29.4135693939394,-185.74005,4.00583
"6474",647.3,29.3984384848485,-185.815418181818,4.006
"6475",647.4,29.4078523762376,-185.77402247191,4.006
"6476",647.5,29.4334087878788,-185.702352941176,4.006
"6477",647.6,29.438295,-185.646158415842,4.00518811881188
"6478",647.7,29.4476325,-185.611783505155,4.00583505154639
"6479",647.8,29.4390775,-185.69856,4.006
"6480",647.9,29.4243072277228,-185.690217821782,4.006
"6481",648,29.4195803030303,-185.641404040404,4.00432323232323
"6482",648.1,29.4113123762376,-185.629283185841,4.00474336283186
"6483",648.2,29.4301923762376,-185.651397727273,4.00580681818182
"6484",648.3,29.4348161386139,-185.59226,4.00517
"6485",648.4,29.4629486,-185.76824,4.005
"6486",648.5,29.4421222222222,-185.77463,4.005
"6487",648.6,29.4504473267327,-185.676616161616,4.005
"6488",648.7,29.47092,-185.669690909091,4.00576363636364
"6489",648.8,29.4403456,-185.645351648352,4.006
"6490",648.9,29.4544614,-185.62738,4.006
"6491",649,29.4181332323232,-185.640929292929,4.00516161616162
"6492",649.1,29.4209648514852,-185.66584,4.00584
"6493",649.2,29.4489556122449,-185.73048,4.00516
"6494",649.3,29.45176,-185.68572,4.00584
"6495",649.4,29.4636425,-185.64341025641,4.00528205128205
"6496",649.5,29.461165,-185.584987951807,4.005
"6497",649.6,29.4501926732673,-185.61852,4.00584
"6498",649.7,29.4433545454545,-185.56988,4.006
"6499",649.8,29.4593777227723,-185.6136,4.00516
"6500",649.9,29.47183,-185.599881188119,4.00666336633663
"6501",650,29.4802636,-185.56263,4.007
"6502",650.1,29.483032,-185.62821,4.00617
"6503",650.2,29.4240456,-185.56332,4.006
"6504",650.3,29.439439009901,-185.52293,4.006
"6505",650.4,29.4320655555556,-185.55535,4.00517
"6506",650.5,29.427805049505,-185.517801980198,4.00582178217822
"6507",650.6,29.4347589,-185.48012,4.006
"6508",650.7,29.4259081818182,-185.431782178218,4.00518811881188
"6509",650.8,29.4031216831683,-185.465342105263,4.005
"6510",650.9,29.3897019191919,-185.45313253012,4.00580722891566
"6511",651,29.3985708,-185.4164,4.0076
"6512",651.1,29.4010748,-185.511041666667,4.00635416666667
"6513",651.2,29.4245657142857,-185.545575757576,4.006
"6514",651.3,29.4179304950495,-185.46988,4.00516
"6515",651.4,29.4012527272727,-185.46424,4.005
"6516",651.5,29.403283,-185.391148514851,4.00666336633663
"6517",651.6,29.4103156,-185.349171717172,4.00616161616162
"6518",651.7,29.4072426732673,-185.3692,4.00516
"6519",651.8,29.4068194059406,-185.406869565217,4.00573043478261
"6520",651.9,29.4626012121212,-185.36603030303,4.00739393939394
"6521",652,29.4404478217822,-185.298747126437,4.00558620689655
"6522",652.1,29.4291652,-185.32037,4.00583
"6523",652.2,29.4253736,-185.258365384615,4.00520192307692
"6524",652.3,29.4089492,-185.339126315789,4.005
"6525",652.4,29.3849666666667,-185.42284,4.005
"6526",652.5,29.4068420792079,-185.40056,4.005
"6527",652.6,29.4102209090909,-185.33436,4.005
"6528",652.7,29.4299765346535,-185.35576,4.005
"6529",652.8,29.4320227272727,-185.30152,4.00752
"6530",652.9,29.4376035353535,-185.353611650485,4.00473786407767
"6531",653,29.4411561386139,-185.300360824742,4.00483505154639
"6532",653.1,29.4541285858586,-185.32564,4.005
"6533",653.2,29.4641947524753,-185.285555555556,4.00577777777778
"6534",653.3,29.4655184848485,-185.356989247312,4.00518279569892
"6535",653.4,29.4701478,-185.367616161616,4.00583838383838
"6536",653.5,29.4690229702971,-185.429,4.00516
"6537",653.6,29.4970144444444,-185.39816,4.005
"6538",653.7,29.4835329411765,-185.35892,4.005
"6539",653.8,29.4875987878788,-185.3824,4.00248
"6540",653.9,29.467115,-185.333108910891,4.00615841584158
"6541",654,29.49546,-185.26722,4.00534
"6542",654.1,29.5060965656565,-185.36058,4.005
"6543",654.2,29.4891586138614,-185.308633928571,4.005
"6544",654.3,29.4960654545455,-185.329269662921,4.00579775280899
"6545",654.4,29.4656338613861,-185.191080808081,4.006
"6546",654.5,29.4736675,-185.27205,4.006
"6547",654.6,29.4743903030303,-185.348523364486,4.00522429906542
"6548",654.7,29.4696956435644,-185.29100990099,4.005
"6549",654.8,29.4547322222222,-185.2535,4.00425
"6550",654.9,29.4515052,-185.212736263736,4.00482417582418
"6551",655,29.4281734,-185.33016,4.005
"6552",655.1,29.4104741414141,-185.388930693069,4.005
"6553",655.2,29.4121573267327,-185.380909090909,4.00583838383838
"6554",655.3,29.420085959596,-185.34356,4.00516
"6555",655.4,29.4175331683168,-185.29584,4.005
"6556",655.5,29.4260516161616,-185.29136,4.005
"6557",655.6,29.4105494,-185.308,4.00557142857143
"6558",655.7,29.399193960396,-185.301163636364,4.00532727272727
"6559",655.8,29.4127283838384,-185.253898989899,4.005
"6560",655.9,29.3960591176471,-185.201623762376,4.00664356435643
"6561",656,29.3855288888889,-185.16084,4.00536
"6562",656.1,29.3862564356436,-185.14334,4.005
"6563",656.2,29.4011975,-185.20742,4.005
"6564",656.3,29.3781725,-185.1974,4.00582
"6565",656.4,29.39607,-185.21906,4.00518
"6566",656.5,29.3972472727273,-185.2209,4.005
"6567",656.6,29.3804851485148,-185.2405,4.005
"6568",656.7,29.3767904040404,-185.20318,4.005
"6569",656.8,29.3921558,-185.29076,4.00418
"6570",656.9,29.3898074,-185.302060606061,4.00482828282828
"6571",657,29.4025696,-185.298356435644,4.005
"6572",657.1,29.418098,-185.280736842105,4.005
"6573",657.2,29.4673994949495,-185.252651162791,4.005
"6574",657.3,29.4630194,-185.252421487603,4.005
"6575",657.4,29.4706640594059,-185.274825,4.0057625
"6576",657.5,29.4674688,-185.274454545455,4.00518181818182
"6577",657.6,29.4407696039604,-185.230828571429,4.005
"6578",657.7,29.4364067676768,-185.312210526316,4.00743157894737
"6579",657.8,29.4641632673267,-185.227078431373,4.008
"6580",657.9,29.4568334343434,-185.187115702479,4.00601652892562
"6581",658,29.4443434,-185.148987179487,4.005
"6582",658.1,29.4664184,-185.315051020408,4.005
"6583",658.2,29.4633492929293,-185.2109,4.005
"6584",658.3,29.4684828712871,-185.263403846154,4.005
"6585",658.4,29.485004,-185.293875,4.005
"6586",658.5,29.470872,-185.260196078431,4.005
"6587",658.6,29.515067,-185.228030612245,4.005
"6588",658.7,29.525418989899,-185.21221,4.00417
"6589",658.8,29.4662346534653,-185.208419047619,4.00558095238095
"6590",658.9,29.4963967676768,-185.171052631579,4.00517894736842
"6591",659,29.4833252,-185.17379,4.005
"6592",659.1,29.4767106,-185.176,4.005
"6593",659.2,29.4666579,-185.19094,4.005
"6594",659.3,29.4481476,-185.25293,4.00417
"6595",659.4,29.4584445454545,-185.216514851485,4.00482178217822
"6596",659.5,29.4608755445545,-185.19288,4.005
"6597",659.6,29.4720863,-185.201145631068,4.005
"6598",659.7,29.4593413,-185.132972477064,4.0035504587156
"6599",659.8,29.450763960396,-185.031670103093,4.00372164948454
"6600",659.9,29.4508846464646,-185.189912087912,4.0048021978022
"6601",660,29.4738561764706,-185.176732673267,4.005
"6602",660.1,29.439891010101,-185.056636363636,4.005
"6603",660.2,29.4298642,-185.126826923077,4.005
"6604",660.3,29.4448418,-185.182875,4.005
"6605",660.4,29.469626,-185.137818181818,4.005
"6606",660.5,29.4675496,-185.065406593407,4.00579120879121
"6607",660.6,29.4490465656565,-185.022239130435,4.00541304347826
"6608",660.7,29.422556,-185.044328125,4.00365625
"6609",660.8,29.424946,-185.087571428571,4.00461224489796
"6610",660.9,29.4413849,-185.060026548673,4.005
"6611",661,29.4529399,-185.047,4.005
"6612",661.1,29.4475611,-185.088145833333,4.005
"6613",661.2,29.4573901,-185.06048,4.00583
"6614",661.3,29.4542166,-185.047247524752,4.00517821782178
"6615",661.4,29.4580982,-184.987757009346,4.005
"6616",661.5,29.4437124,-185.005483870968,4.005
"6617",661.6,29.4425191,-184.998077669903,4.005
"6618",661.7,29.4253939,-184.902232323232,4.005
"6619",661.8,29.4374718181818,-184.959808080808,4.005
"6620",661.9,29.4665652,-184.87775,4.005
"6621",662,29.4561066336634,-184.90937755102,4.005
"6622",662.1,29.445979,-184.941544554455,4.005
"6623",662.2,29.4653203960396,-184.96404,4.00418
"6624",662.3,29.4920808080808,-184.978532110092,4.00475229357798
"6625",662.4,29.5013637,-185.014444444444,4.005
"6626",662.5,29.5223966,-184.990264705882,4.005
"6627",662.6,29.5280075,-185.007795918367,4.00169387755102
"6628",662.7,29.5166313,-185.063950495049,4.0059306930693
"6629",662.8,29.5322575,-185.018676767677,4.00534343434344
"6630",662.9,29.5179254545455,-185.007821782178,4.005
"6631",663,29.5244308,-185.03424,4.005
"6632",663.1,29.5153476,-185.05299009901,4.005
"6633",663.2,29.5055988,-185.064181818182,4.005
"6634",663.3,29.5137288,-184.950712871287,4.005
"6635",663.4,29.5133868,-184.943010204082,4.005
"6636",663.5,29.5178967326733,-184.976542372881,4.005
"6637",663.6,29.5171609090909,-184.981951807229,4.00813253012049
"6638",663.7,29.5222212871288,-184.8939,4.0049
"6639",663.8,29.4886421,-184.89902020202,4.00482828282828
"6640",663.9,29.4791767326733,-184.878524752475,4.005
"6641",664,29.5003384,-184.96976,4.005
"6642",664.1,29.5153762626263,-185.131808080808,4.005
"6643",664.2,29.5067719,-184.937475247525,4.00417821782178
"6644",664.3,29.4709159,-184.938696969697,4.00482828282828
"6645",664.4,29.4166777,-185.030448598131,4.005
"6646",664.5,29.4087592,-185.086,4.0034
"6647",664.6,29.4151445454545,-184.925057142857,4.00685714285714
"6648",664.7,29.3957296039604,-184.976872340425,4.00557446808511
"6649",664.8,29.3911036363636,-184.936861386139,4.005
"6650",664.9,29.3773,-184.970905660377,4.005
"6651",665,29.3527216,-184.970677419355,4.005
"6652",665.1,29.37309,-184.92026,4.005
"6653",665.2,29.380883069307,-184.974138613861,4.00418811881188
"6654",665.3,29.3694227272727,-184.956272727273,4.00481818181818
"6655",665.4,29.3871696,-184.988782178218,4.005
"6656",665.5,29.3915748,-184.93887,4.00257
"6657",665.6,29.4170896,-184.887363636364,4.00609090909091
"6658",665.7,29.4229068,-184.86342,4.00536
"6659",665.8,29.403471010101,-184.815346534653,4.005
"6660",665.9,29.4058793069307,-184.78475,4.005
"6661",666,29.4077712,-184.871,4.005
"6662",666.1,29.3973851485149,-184.86016,4.005
"6663",666.2,29.4298934,-184.889316666667,4.005
"6664",666.3,29.4150945454545,-184.83205,4.005
"6665",666.4,29.426828,-184.90184,4.005
"6666",666.5,29.4232676,-184.90314,4.005
"6667",666.6,29.4459732,-184.86948,4.00418
"6668",666.7,29.4841468,-184.889836363636,4.00474545454545
"6669",666.8,29.4851708,-184.799,4.005
"6670",666.9,29.49135,-184.805474747475,4.005
"6671",667,29.4868954545455,-184.79789,4.005
"6672",667.1,29.5159632,-184.80994,4.005
"6673",667.2,29.5151228,-184.80719,4.005
"6674",667.3,29.5041104,-184.80434,4.005
"6675",667.4,29.5186208,-184.782633663366,4.00664356435643
"6676",667.5,29.5190327272727,-184.787647058824,4.00631092436975
"6677",667.6,29.5064650980392,-184.754666666667,4.00522222222222
"6678",667.7,29.5230523,-184.750962264151,4.005
"6679",667.8,29.5275889108911,-184.760125,4.005
"6680",667.9,29.5270626,-184.682824742268,4.005
"6681",668,29.5025546464646,-184.69007,4.005
"6682",668.1,29.4948496039604,-184.62694,4.005
"6683",668.2,29.5319825252525,-184.64454,4.005
"6684",668.3,29.5279632,-184.693685714286,4.005
"6685",668.4,29.5191301,-184.664768421053,4.00582105263158
"6686",668.5,29.52516,-184.56968,4.00351
"6687",668.6,29.4818776237624,-184.527346534653,4.00464356435644
"6688",668.7,29.455481632653,-184.547676767677,4.005
"6689",668.8,29.4712913861386,-184.58454,4.005
"6690",668.9,29.4552546464646,-184.588484848485,4.005
"6691",669,29.4610073,-184.601306930693,4.00416831683168
"6692",669.1,29.4790197029703,-184.601736363636,4.00475454545455
"6693",669.2,29.4877895959596,-184.529622222222,4.005
"6694",669.3,29.4955668316832,-184.67734,4.005
"6695",669.4,29.5033146464646,-184.59895,4.005
"6696",669.5,29.4890438,-184.593606060606,4.00332323232323
"6697",669.6,29.4618455,-184.557910891089,4.00466336633663
"6698",669.7,29.4737264,-184.52427,4.005
"6699",669.8,29.4986618811881,-184.592138613861,4.005
"6700",669.9,29.52308,-184.532626262626,4.005
"6701",670,29.4866267326733,-184.54356,4.00417
"6702",670.1,29.4789434,-184.585888888889,4.004
"6703",670.2,29.492924,-184.60125,4.00475
"6704",670.3,29.5035741584158,-184.596719101124,4.005
"6705",670.4,29.494185959596,-184.61326,4.00417
"6706",670.5,29.495211,-184.5589,4.00566
"6707",670.6,29.5280288,-184.606057692308,4.00520192307692
"6708",670.7,29.5641027272727,-184.60599,4.005
"6709",670.8,29.5604076,-184.602,4.005
"6710",670.9,29.5676146464647,-184.58706,4.005
"6711",671,29.5925733,-184.516090909091,4.00416161616162
"6712",671.1,29.5681329,-184.564544554455,4.00483168316832
"6713",671.2,29.5382761,-184.60605,4.005
"6714",671.3,29.5469731,-184.60527027027,4.00425225225225
"6715",671.4,29.5527307070707,-184.555269662921,4.00642696629213
"6716",671.5,29.5564188235294,-184.59297,4.00534
"6717",671.6,29.534277979798,-184.530060606061,4.005
"6718",671.7,29.5354448514852,-184.58003960396,4.005
"6719",671.8,29.5412392,-184.570811881188,4.005
"6720",671.9,29.5675838383838,-184.529183673469,4.005
"6721",672,29.5793351485149,-184.484421052632,4.00426315789474
"6722",672.1,29.5556976767677,-184.53123255814,4.004
"6723",672.2,29.535706039604,-184.549158415842,4.00483168316832
"6724",672.3,29.5549326262626,-184.55664,4.005
"6725",672.4,29.5592724,-184.514150943396,4.005
"6726",672.5,29.5754466336634,-184.55770212766,4.005
"6727",672.6,29.5588588,-184.60403,4.005
"6728",672.7,29.5242924,-184.60353,4.005
"6729",672.8,29.5224805050505,-184.57212,4.005
"6730",672.9,29.5396988,-184.69382,4.00583
"6731",673,29.5861172,-184.65858,4.006
"6732",673.1,29.5537908,-184.58292,4.00517
"6733",673.2,29.5194778,-184.601227722772,4.00417821782178
"6734",673.3,29.5301653535353,-184.53748,4.004
"6735",673.4,29.544536,-184.485295238095,4.0055619047619
"6736",673.5,29.534271,-184.43852631579,4.00518947368421
"6737",673.6,29.550609,-184.42672,4.005
"6738",673.7,29.5587707920792,-184.522080808081,4.005
"6739",673.8,29.5493681818182,-184.522963302752,4.00576146788991
"6740",673.9,29.5500599009901,-184.566333333333,4.006
"6741",674,29.5885723,-184.547909090909,4.006
"6742",674.1,29.5984278,-184.490474747475,4.00517171717172
"6743",674.2,29.5494857425743,-184.484882352941,4.00337254901961
"6744",674.3,29.5438664646465,-184.509969387755,4.00465306122449
"6745",674.4,29.5606234653465,-184.42702,4.005
"6746",674.5,29.5464734343434,-184.471455445545,4.005
"6747",674.6,29.5390743564356,-184.46778,4.005
"6748",674.7,29.5571314141414,-184.43038,4.005
"6749",674.8,29.5794964,-184.45695959596,4.00417171717172
"6750",674.9,29.6024106,-184.409480392157,4.004
"6751",675,29.5836996969697,-184.42697,4.00481
"6752",675.1,29.5642399009901,-184.372010204082,4.005
"6753",675.2,29.5564615151515,-184.30671,4.005
"6754",675.3,29.567274,-184.30596,4.00583
"6755",675.4,29.5939296039604,-184.23081,4.00517
"6756",675.5,29.5785304,-184.22745,4.005
"6757",675.6,29.5400630693069,-184.339039215686,4.005
"6758",675.7,29.5450770707071,-184.26068367347,4.005
"6759",675.8,29.5613277,-184.307352941176,4.005
"6760",675.9,29.5774911,-184.346969387755,4.005
"6761",676,29.5891389,-184.300227722772,4.005
"6762",676.1,29.5704846,-184.2972,4.00418
"6763",676.2,29.5533277777778,-184.3031,4.00482
"6764",676.3,29.5509698019802,-184.25316,4.00418
"6765",676.4,29.5576224,-184.193131313131,4.00482828282828
"6766",676.5,29.5577672,-184.252894736842,4.005
"6767",676.6,29.5599949,-184.368620689655,4.005
"6768",676.7,29.5713865346535,-184.283177570094,4.005
"6769",676.8,29.5638312,-184.202419354839,4.0041935483871
"6770",676.9,29.5445901010101,-184.15656,4.00482
"6771",677,29.5337588,-184.196279279279,4.00426126126126
"6772",677.1,29.4971743564356,-184.224295454545,4.00561363636364
"6773",677.2,29.4897336,-184.22036,4.00185
"6774",677.3,29.4789136,-184.204207920792,4.00510891089109
"6775",677.4,29.4788496969697,-184.242759259259,4.00524074074074
"6776",677.5,29.5011199,-184.278769230769,4.005
"6777",677.6,29.4669012,-184.27155,4.005
"6778",677.7,29.5028873737374,-184.24991,4.005
"6779",677.8,29.51005,-184.21446,4.00417
"6780",677.9,29.4924606060606,-184.33665,4.004
"6781",678,29.4854356435643,-184.27751,4.00483
"6782",678.1,29.5287954,-184.268151785714,4.00425892857143
"6783",678.2,29.5019005,-184.239534090909,4.00077272727273
"6784",678.3,29.4991995,-184.308851851852,4.00384259259259
"6785",678.4,29.4809305,-184.198935483871,4.005
"6786",678.5,29.4907047,-184.15634,4.005
"6787",678.6,29.4767482828283,-184.182161616162,4.005
"6788",678.7,29.4591883168317,-184.13073,4.005
"6789",678.8,29.466592,-184.213504950495,4.00417821782178
"6790",678.9,29.4637977,-184.132618181818,4.004
"6791",679,29.4782934,-184.139258426966,4.00480898876405
"6792",679.1,29.4678815,-184.129277227723,4.00253465346534
"6793",679.2,29.4581380808081,-184.103767857143,4.00346428571428
"6794",679.3,29.46873,-184.155540229885,4.00480459770115
"6795",679.4,29.5102027,-184.20204950495,4.005
"6796",679.5,29.493115049505,-184.18522,4.005
"6797",679.6,29.50567,-184.17836,4.005
"6798",679.7,29.5087385714286,-184.1493,4.00418
"6799",679.8,29.474773,-184.295818181818,4.00474545454545
"6800",679.9,29.46855,-184.252461538462,4.00430769230769
"6801",680,29.505771,-184.15623255814,4.004
"6802",680.1,29.494899,-184.226388349515,4.004
"6803",680.2,29.4756323762376,-184.187104166667,4.004
"6804",680.3,29.482739,-184.077561904762,4.00479047619048
"6805",680.4,29.4982314,-184.091,4.005
"6806",680.5,29.5064371,-184.166672897196,4.005
"6807",680.6,29.5114816,-184.196198113208,4.005
"6808",680.7,29.4940957,-184.186820224719,4.00422471910112
"6809",680.8,29.4846523232323,-184.198670103093,4.00564948453608
"6810",680.9,29.498016,-184.154336633663,4.00517821782178
"6811",681,29.465485,-184.1563,4.005
"6812",681.1,29.498246,-184.09586,4.005
"6813",681.2,29.5425887878788,-184.11398,4.00582
"6814",681.3,29.5319323232323,-184.085466666667,4.00531666666667
"6815",681.4,29.5123832,-184.124511627907,4.005
"6816",681.5,29.5273012871287,-184.15570212766,4.005
"6817",681.6,29.5568931,-184.18014,4.005
"6818",681.7,29.5487310891089,-184.20304,4.00418
"6819",681.8,29.55648,-184.139036036036,4.004
"6820",681.9,29.561784,-184.142921348315,4.00479775280899
"6821",682,29.535262,-184.16476,4.005
"6822",682.1,29.522888,-184.121616161616,4.005
"6823",682.2,29.519412,-184.26306,4.00417
"6824",682.3,29.488292,-184.162514851485,4.00482178217822
"6825",682.4,29.474422,-184.15532,4.005
"6826",682.5,29.488565,-184.14442,4.005
"6827",682.6,29.4960293939394,-184.22054,4.005
"6828",682.7,29.4775423762376,-184.23144,4.005
"6829",682.8,29.496065,-184.144686868687,4.00417171717172
"6830",682.9,29.504556,-184.218137254902,4.0048137254902
"6831",683,29.509001,-184.225909090909,4.005
"6832",683.1,29.5077715151515,-184.138147826087,4.005
"6833",683.2,29.52534,-184.115166666667,4.005
"6834",683.3,29.5000975757576,-184.05741,4.005
"6835",683.4,29.4890216,-184.04832,4.005
"6836",683.5,29.4785356,-184.018259259259,4.005
"6837",683.6,29.4909004040404,-184.02122826087,4.0041847826087
"6838",683.7,29.5044766336634,-184.14186,4.00483
"6839",683.8,29.4723754545454,-184.173396039604,4.00417821782178
"6840",683.9,29.4813765346535,-184.142696969697,4.004
"6841",684,29.4822876,-184.12355,4.00732
"6842",684.1,29.4501521,-184.044384615385,4.00587179487179
"6843",684.2,29.453462970297,-184.061065217391,4.005
"6844",684.3,29.48556,-183.98810989011,4.005
"6845",684.4,29.4957318,-184.012847619048,4.00420952380952
"6846",684.5,29.4658846,-184.057021052632,4.00482105263158
"6847",684.6,29.4575876,-184.07313,4.00417
"6848",684.7,29.4790131,-183.97623,4.004
"6849",684.8,29.480972020202,-183.998663551402,4.00477570093458
"6850",684.9,29.4601156,-183.989978723404,4.0041914893617
"6851",685,29.461118,-183.9973,4.00482
"6852",685.1,29.4520056,-183.97048,4.00418
"6853",685.2,29.4565088,-183.9722,4.00482
"6854",685.3,29.4737063636364,-184.01172,4.00418
"6855",685.4,29.4700616831683,-184.04378,4.00482
"6856",685.5,29.4659676,-183.99816,4.005
"6857",685.6,29.4694336633663,-184.09114,4.00418
"6858",685.7,29.456445,-183.9582,4.00482
"6859",685.8,29.4518522,-183.96582,4.005
"6860",685.9,29.4783958415842,-183.96516,4.00418
"6861",686,29.4580921212121,-183.94578,4.00728
"6862",686.1,29.4366906,-183.91494,4.00554
"6863",686.2,29.4241138,-183.868414141414,4.005
"6864",686.3,29.4679484,-183.985564102564,4.005
"6865",686.4,29.5214259,-184.009168674699,4.005
"6866",686.5,29.5484737373737,-184.0269,4.00417
"6867",686.6,29.5419039603961,-184.07433,4.004
"6868",686.7,29.5694596969697,-183.949049504951,4.00482178217822
"6869",686.8,29.5698308,-183.913351351351,4.005
"6870",686.9,29.5474488,-183.883078651685,4.00340449438202
"6871",687,29.5452516161616,-183.98398019802,4.00381188118812
"6872",687.1,29.5603923529412,-183.998363636364,4.00481818181818
"6873",687.2,29.5377912121212,-183.91564,4.005
"6874",687.3,29.535814,-183.98328,4.005
"6875",687.4,29.5501692,-184.02988,4.005
"6876",687.5,29.5594178787879,-183.954,4.00573873873874
"6877",687.6,29.5600047524752,-183.924202247191,4.00520224719101
"6878",687.7,29.5626173737374,-183.924,4.005
"6879",687.8,29.5640038613861,-183.89202,4.00582
"6880",687.9,29.54835,-183.884171717172,4.00517171717172
"6881",688,29.5567536,-183.909475247525,4.005
"6882",688.1,29.5573085148515,-183.935707070707,4.005
"6883",688.2,29.5357745454545,-183.9649,4.005
"6884",688.3,29.5574110891089,-183.876477777778,4.00418888888889
"6885",688.4,29.5584797979798,-183.76196039604,4.004
"6886",688.5,29.5428056,-183.68542,4.00482
"6887",688.6,29.5346956,-183.69432,4.00418
"6888",688.7,29.5402027272727,-183.78428,4.00482
"6889",688.8,29.5115506930693,-183.771336633663,4.00418811881188
"6890",688.9,29.4979185858586,-183.730454545455,4.004
"6891",689,29.5310223,-183.65002,4.00564
"6892",689.1,29.53229,-183.75946,4.00518
"6893",689.2,29.5148766666667,-183.78208,4.005
"6894",689.3,29.4916566666667,-183.8015,4.005
"6895",689.4,29.4908138383838,-183.748523364486,4.005
"6896",689.5,29.5069010891089,-183.688608695652,4.0041847826087
"6897",689.6,29.5127748,-183.663386138614,4.00482178217822
"6898",689.7,29.5056088,-183.626419047619,4.00421904761905
"6899",689.8,29.5028803960396,-183.674547368421,4.00481052631579
"6900",689.9,29.5004418181818,-183.642607142857,4.00646428571429
"6901",690,29.5104104950495,-183.653045454545,4.00540909090909
"6902",690.1,29.4995392929293,-183.615272727273,4.00417171717172
"6903",690.2,29.5217012,-183.58193,4.00483
"6904",690.3,29.5284252,-183.67494,4.005
"6905",690.4,29.5238175757576,-183.70897029703,4.00417821782178
"6906",690.5,29.5537194059406,-183.70954,4.00482
"6907",690.6,29.5606612121212,-183.66636,4.005
"6908",690.7,29.5566252475247,-183.68898,4.005
"6909",690.8,29.5708142424243,-183.635920792079,4.00418811881188
"6910",690.9,29.5594226,-183.581128440367,4.00325688073394
"6911",691,29.5789501980198,-183.633461538462,4.00379120879121
"6912",691.1,29.5794342424242,-183.64533,4.004
"6913",691.2,29.5662116831683,-183.65291,4.004
"6914",691.3,29.5563973737374,-183.738454545455,4.00481818181818
"6915",691.4,29.5609523,-183.767830188679,4.00422641509434
"6916",691.5,29.5765484,-183.8038,4.004
"6917",691.6,29.5622314,-183.71966,4.004
"6918",691.7,29.5800024752475,-183.664454545455,4.004
"6919",691.8,29.5904302020202,-183.666603603604,4.00621621621622
"6920",691.9,29.5810731,-183.675584269663,4.00460674157303
"6921",692,29.5709242574257,-183.63108,4.004
"6922",692.1,29.5816044,-183.673772277228,4.004
"6923",692.2,29.5588288,-183.74675,4.004
"6924",692.3,29.5339827272727,-183.697016806723,4.004
"6925",692.4,29.5737203960396,-183.681543209877,4.004
"6926",692.5,29.5982698989899,-183.65684,4.004
"6927",692.6,29.5704697,-183.68525,4.00475
"6928",692.7,29.5574967,-183.702615384615,4.0041978021978
"6929",692.8,29.5392766666667,-183.612257425743,4.004
"6930",692.9,29.5250927722772,-183.599181818182,4.00481818181818
"6931",693,29.5397633333333,-183.532150943396,4.00422641509434
"6932",693.1,29.528933,-183.631659574468,4.004
"6933",693.2,29.5488718811881,-183.693407407407,4.00475925925926
"6934",693.3,29.5445866666667,-183.591010752688,4.00420430107527
"6935",693.4,29.5403099009901,-183.60493,4.00319
"6936",693.5,29.5507649,-183.59495049505,4.00380198019802
"6937",693.6,29.554392,-183.592448979592,4.00481632653061
"6938",693.7,29.5416641584158,-183.591376237624,4.00337623762376
"6939",693.8,29.5439373737374,-183.6525,4.003
"6940",693.9,29.5391522772277,-183.615241758242,4.0046043956044
"6941",694,29.5482539393939,-183.565347826087,4.00428695652174
"6942",694.1,29.5324935643564,-183.503705882353,4.004
"6943",694.2,29.5275344444444,-183.5238,4.004
"6944",694.3,29.5503479,-183.618810526316,4.004
"6945",694.4,29.558428,-183.618978021978,4.00479120879121
"6946",694.5,29.5464169,-183.675762376238,4.005
"6947",694.6,29.5537487,-183.6584,4.0042
"6948",694.7,29.5659683,-183.5316,4.004
"6949",694.8,29.556544,-183.46402020202,4.004
"6950",694.9,29.541944950495,-183.458616071429,4.004
"6951",695,29.526712,-183.471896551724,4.004
"6952",695.1,29.5581056,-183.449831683168,4.004
"6953",695.2,29.5802570707071,-183.40512,4.00481
"6954",695.3,29.56498,-183.35226,4.005
"6955",695.4,29.5201764,-183.36063,4.005
"6956",695.5,29.5244502,-183.318913793103,4.00430172413793
"6957",695.6,29.5561840594059,-183.332273809524,4.004
"6958",695.7,29.5647182,-183.32337,4.00238
"6959",695.8,29.5312549,-183.28984,4.00362
"6960",695.9,29.5139417,-183.32755,4.004
"6961",696,29.5308111,-183.358454545455,4.004
"6962",696.1,29.529371,-183.429574257426,4.00481188118812
"6963",696.2,29.5032672,-183.431909090909,4.00418181818182
"6964",696.3,29.5110658415842,-183.505316831683,4.00481188118812
"6965",696.4,29.5197691919192,-183.476913793103,4.00360344827586
"6966",696.5,29.5326209,-183.454705882353,4.00376470588235
"6967",696.6,29.5395671,-183.474408163265,4.004
"6968",696.7,29.5521065,-183.3273,4.004
"6969",696.8,29.5212444,-183.31696,4.004
"6970",696.9,29.52927,-183.337425742574,4.004
"6971",697,29.5437226,-183.482148514852,4.00480198019802
"6972",697.1,29.531043960396,-183.459040816326,4.00418367346939
"6973",697.2,29.55554,-183.46404,4.00482
"6974",697.3,29.5609984158416,-183.40568,4.00418
"6975",697.4,29.5305333333333,-183.472376237624,4.004
"6976",697.5,29.5406631683168,-183.48695,4.004
"6977",697.6,29.5317845,-183.512522123894,4.00471681415929
"6978",697.7,29.4932967,-183.400441860465,4.00341860465116
"6979",697.8,29.5114313,-183.393168316832,4.00381188118812
"6980",697.9,29.5254423,-183.459545454545,4.004
"6981",698,29.5045181,-183.52958,4.004
"6982",698.1,29.4844266666667,-183.50302970297,4.004
"6983",698.2,29.5009496,-183.490727272727,4.004
"6984",698.3,29.5381528,-183.457524752475,4.00481188118812
"6985",698.4,29.510512,-183.42732,4.005
"6986",698.5,29.5100348,-183.401950495049,4.00339603960396
"6987",698.6,29.5135522,-183.396191919192,4.0070404040404
"6988",698.7,29.5073493939394,-183.42921,4.00557
"6989",698.8,29.5448164356436,-183.39569,4.00419
"6990",698.9,29.551498,-183.383545454545,4.004
"6991",699,29.5583256,-183.4322,4.004
"6992",699.1,29.563819,-183.26195049505,4.004
"6993",699.2,29.5511324242424,-183.28399,4.00481
"6994",699.3,29.543862,-183.277684210526,4.00428947368421
"6995",699.4,29.541749,-183.297046511628,4.004
"6996",699.5,29.5454306930693,-183.31391,4.00562
"6997",699.6,29.5588074,-183.27469,4.00519
"6998",699.7,29.5534052475248,-183.35875,4.005
"6999",699.8,29.5574194,-183.240032608696,4.00420652173913
"7000",699.9,29.5328945,-183.287727272727,4.004
"7001",700,29.5407729,-183.30044,4.004
"7002",700.1,29.5480534,-183.38756,4.004
"7003",700.2,29.5691502,-183.264108910891,4.00481188118812
"7004",700.3,29.5670701,-183.177818181818,4.00418181818182
"7005",700.4,29.5646066666667,-183.346237623762,4.00481188118812
"7006",700.5,29.5512592,-183.33697,4.00419
"7007",700.6,29.5502244,-183.26425,4.00319
"7008",700.7,29.5636606060606,-183.304818181818,4.00381818181818
"7009",700.8,29.5792605,-183.215514851485,4.004
"7010",700.9,29.5934552525253,-183.1596,4.004
"7011",701,29.5757478217822,-183.303574257426,4.004
"7012",701.1,29.5528795,-183.316757575758,4.004
"7013",701.2,29.5531004950495,-183.36041,4.004
"7014",701.3,29.5518698,-183.282243243243,4.004
"7015",701.4,29.5874676,-183.234517241379,4.00480459770115
"7016",701.5,29.597654059406,-183.238323529412,4.0058137254902
"7017",701.6,29.57492,-183.222,4.00518181818182
"7018",701.7,29.5635628,-183.154303571429,4.00426785714286
"7019",701.8,29.5754922,-183.144370786517,4.004
"7020",701.9,29.5785894,-183.170909090909,4.004
"7021",702,29.5873572,-183.2088,4.004
"7022",702.1,29.5819492929293,-183.202458715596,4.00324770642202
"7023",702.2,29.5773016831683,-183.282526315789,4.00376842105263
"7024",702.3,29.5972643434343,-183.2210625,4.004
"7025",702.4,29.590055,-183.19116,4.00482
"7026",702.5,29.5923635,-183.17752,4.00664
"7027",702.6,29.5900213131313,-183.271425925926,4.00472222222222
"7028",702.7,29.5773805882353,-183.215268817204,4.004
"7029",702.8,29.5620626262626,-183.207727272727,4.004
"7030",702.9,29.5533015,-183.182148148148,4.004
"7031",703,29.552847,-183.154893617021,4.004
"7032",703.1,29.536861010101,-183.208181818182,4.00319191919192
"7033",703.2,29.550638019802,-183.271090909091,4.00381818181818
"7034",703.3,29.5371203030303,-183.291553398058,4.004
"7035",703.4,29.5316606930693,-183.21746875,4.00317708333333
"7036",703.5,29.5513795,-183.141831683168,4.003
"7037",703.6,29.5486325,-183.160474747475,4.00382828282828
"7038",703.7,29.5342460784314,-183.183759615385,4.004
"7039",703.8,29.5520133333333,-183.137802083333,4.004
"7040",703.9,29.5664427722772,-183.125356435644,4.004
"7041",704,29.5770866666667,-183.15124,4.00482
"7042",704.1,29.5745106,-183.19718,4.005
"7043",704.2,29.5529542424243,-183.20518,4.00418
"7044",704.3,29.5208926262626,-183.18286,4.00318
"7045",704.4,29.5319915841584,-183.13618,4.00464
"7046",704.5,29.5251409090909,-183.07452,4.00582
"7047",704.6,29.5382188,-183.163701754386,4.00456140350877
"7048",704.7,29.5486528,-183.056720930233,4.004
"7049",704.8,29.534024,-183.112424242424,4.004
"7050",704.9,29.528346930693,-183.112963302752,4.004
"7051",705,29.5555607070707,-183.073217391304,4.00319565217391
"7052",705.1,29.5533454455446,-183.0281,4.00382
"7053",705.2,29.5714605,-183.018343434343,4.004
"7054",705.3,29.588107,-183.02132,4.004
"7055",705.4,29.5944825742574,-182.9888,4.00566
"7056",705.5,29.5853521212121,-183.05596039604,4.00435643564357
"7057",705.6,29.5788984158416,-183.115196428571,4.004
"7058",705.7,29.572976969697,-183.036340909091,4.004
"7059",705.8,29.5761399009901,-182.991292929293,4.004
"7060",705.9,29.6019198989899,-183.03265,4.004
"7061",706,29.608427,-183.080882882883,4.004
"7062",706.1,29.5917295,-183.157391304348,4.00321739130435
"7063",706.2,29.5482578787879,-183.111326530612,4.00381632653061
"7064",706.3,29.5366973267327,-183.13226,4.00318
"7065",706.4,29.5581380808081,-183.014929292929,4.00631313131313
"7066",706.5,29.5597544,-183.030089108911,4.00453465346535
"7067",706.6,29.5800485148515,-182.97012,4.004
"7068",706.7,29.598857,-182.924162393162,4.004
"7069",706.8,29.572637,-183.051304878049,4.004
"7070",706.9,29.5521788888889,-182.944181034483,4.00328448275862
"7071",707,29.5657684,-182.942964705882,4.00221176470588
"7072",707.1,29.57107,-183.01376,4.00364
"7073",707.2,29.576024,-183.06536,4.00482
"7074",707.3,29.5678356435644,-183.094886792453,4.00422641509434
"7075",707.4,29.576348989899,-183.051967741935,4.00481720430107
"7076",707.5,29.582707029703,-183.056613861386,4.00417821782178
"7077",707.6,29.573317,-183.06492,4.004
"7078",707.7,29.5574795,-183.065171717172,4.004
"7079",707.8,29.5729297029703,-183.025554455446,4.004
"7080",707.9,29.5928993939394,-182.952393939394,4.00482828282828
"7081",708,29.5948362376238,-183.00802970297,4.00417821782178
"7082",708.1,29.5914414141414,-182.9369,4.00482
"7083",708.2,29.5950225,-182.85304950495,4.00418811881188
"7084",708.3,29.6195355,-182.8704,4.00238
"7085",708.4,29.6365562626263,-182.85289,4.00443
"7086",708.5,29.6238004950495,-182.825346534653,4.00419801980198
"7087",708.6,29.6154868686869,-182.782828282828,4.004
"7088",708.7,29.630158,-182.87768,4.004
"7089",708.8,29.6213876,-182.911818181818,4.004
"7090",708.9,29.6095384,-182.817386138614,4.004
"7091",709,29.6083031683168,-182.825286956522,4.00329565217391
"7092",709.1,29.6199422222222,-182.806112359551,4.00374157303371
"7093",709.2,29.5930488,-182.881625,4.004
"7094",709.3,29.582534,-182.849482142857,4.00544642857143
"7095",709.4,29.6076644,-182.903307692308,4.00372527472528
"7096",709.5,29.5844184,-182.955948453608,4.00380412371134
"7097",709.6,29.5822568,-182.867342857143,4.004
"7098",709.7,29.586374,-182.841425531915,4.004
"7099",709.8,29.6048856,-182.98304,4.00318
"7100",709.9,29.6136968,-182.95988,4.00382
"7101",710,29.5906881188119,-182.88158,4.00318
"7102",710.1,29.589284,-182.866267857143,4.00373214285714
"7103",710.2,29.6127776237624,-182.839258426966,4.00557303370786
"7104",710.3,29.6346977777778,-182.84172,4.00438
"7105",710.4,29.623651,-182.823148514851,4.00480198019802
"7106",710.5,29.613172,-182.779212121212,4.00419191919192
"7107",710.6,29.6223275,-182.84695,4.004
"7108",710.7,29.6391787878788,-182.8893,4.004
"7109",710.8,29.6136264,-182.875363636364,4.004
"7110",710.9,29.5936054545455,-182.826346534653,4.004
"7111",711,29.5823361,-182.7917,4.004
"7112",711.1,29.6044494,-182.87996,4.004
"7113",711.2,29.6338251485148,-182.87851,4.00238
"7114",711.3,29.638948,-182.852,4.00425
"7115",711.4,29.6110708,-182.910935483871,4.00421505376344
"7116",711.5,29.599566,-182.919303030303,4.004
"7117",711.6,29.614172,-182.90647,4.004
"7118",711.7,29.6193851485149,-182.9202,4.004
"7119",711.8,29.596696,-182.800454545455,4.004
"7120",711.9,29.6077875,-182.872861386139,4.004
"7121",712,29.6294741414141,-182.833313043478,4.004
"7122",712.1,29.6200928,-182.798357142857,4.00478571428572
"7123",712.2,29.6045056,-182.79518,4.00336
"7124",712.3,29.6161072,-182.78844,4.00546
"7125",712.4,29.6189148,-182.78946,4.00436
"7126",712.5,29.6285024,-182.80394,4.004
"7127",712.6,29.6290763636364,-182.860584158416,4.004
"7128",712.7,29.6222669,-182.86085,4.004
"7129",712.8,29.626832,-182.876818181818,4.004
"7130",712.9,29.6221832673267,-182.75636,4.00318
"7131",713,29.6004412,-182.752544554455,4.00381188118812
"7132",713.1,29.58431,-182.735909090909,4.00318181818182
"7133",713.2,29.5939324752475,-182.739118811881,4.003
"7134",713.3,29.6190418181818,-182.799909090909,4.00381818181818
"7135",713.4,29.615361,-182.684722772277,4.004
"7136",713.5,29.6153097,-182.61207,4.004
"7137",713.6,29.5892566,-182.6911,4.004
"7138",713.7,29.5955783168316,-182.731636363636,4.004
"7139",713.8,29.6203518181818,-182.72042,4.004
"7140",713.9,29.5913369306931,-182.821732673267,4.004
"7141",714,29.6001512,-182.773923728814,4.004
"7142",714.1,29.6232076,-182.710666666667,4.00633333333334
"7143",714.2,29.6112196,-182.702738738739,4.00109009009009
"7144",714.3,29.5917627272727,-182.740494382022,4.00298876404494
"7145",714.4,29.5688121,-182.66718,4.004
"7146",714.5,29.5615924,-182.60226,4.004
"7147",714.6,29.5654554,-182.620941176471,4.004
"7148",714.7,29.5752679,-182.6072,4.0032
"7149",714.8,29.542913030303,-182.586489795918,4.00381632653061
"7150",714.9,29.5528688118812,-182.621158415842,4.004
"7151",715,29.5380449494949,-182.68994,4.00319
"7152",715.1,29.5211125742574,-182.65135,4.00381
"7153",715.2,29.5388458,-182.64872,4.004
"7154",715.3,29.5425754,-182.66882,4.004
"7155",715.4,29.5484355445544,-182.646,4.004
"7156",715.5,29.5321936363636,-182.749603960396,4.004
"7157",715.6,29.537947029703,-182.733272727273,4.004
"7158",715.7,29.5578812871287,-182.59897029703,4.004
"7159",715.8,29.5587395,-182.69393,4.004
"7160",715.9,29.5542115,-182.720545454545,4.004
"7161",716,29.5458149494949,-182.76264,4.004
"7162",716.1,29.5466356,-182.63424,4.00564
"7163",716.2,29.5420048,-182.61466,4.00518
"7164",716.3,29.5397628,-182.62438,4.00418
"7165",716.4,29.5791888,-182.56942,4.004
"7166",716.5,29.5827927272727,-182.635784313726,4.004
"7167",716.6,29.5811137623762,-182.619444444444,4.004
"7168",716.7,29.5915202040816,-182.68147,4.00319
"7169",716.8,29.5902981188119,-182.69152,4.003
"7170",716.9,29.5848277,-182.74184,4.00381
"7171",717,29.5883518181818,-182.764536585366,4.00334146341463
"7172",717.1,29.5921553465347,-182.68187012987,4.00224675324675
"7173",717.2,29.6099728282828,-182.69107,4.00362
"7174",717.3,29.6318725742574,-182.684769230769,4.004
"7175",717.4,29.6487368686869,-182.711523809524,4.004
"7176",717.5,29.6473736,-182.7084,4.004
"7177",717.6,29.6499767326733,-182.6474,4.004
"7178",717.7,29.6462239,-182.585,4.0032380952381
"7179",717.8,29.610984509804,-182.603064516129,4.0038064516129
"7180",717.9,29.5894635353535,-182.64708,4.00482
"7181",718,29.6209236,-182.606287128713,4.00256435643564
"7182",718.1,29.6421368,-182.6436,4.00281
"7183",718.2,29.617067755102,-182.653396039604,4.00380198019802
"7184",718.3,29.6088412871287,-182.536636363636,4.004
"7185",718.4,29.6287314141414,-182.626,4.004
"7186",718.5,29.6294622,-182.547099099099,4.004
"7187",718.6,29.6323562,-182.588888888889,4.00321111111111
"7188",718.7,29.7011883838384,-182.565,4.003
"7189",718.8,29.726641980198,-182.534702970297,4.00381188118812
"7190",718.9,29.7241442424242,-182.5786,4.00238
"7191",719,29.7294753465347,-182.564636363636,4.002
"7192",719.1,29.7278214,-182.486742574257,4.00362376237624
"7193",719.2,29.7130572277228,-182.521545454545,4.004
"7194",719.3,29.7207296039604,-182.5289,4.004
"7195",719.4,29.7212027272727,-182.499058823529,4.004
"7196",719.5,29.7005337623762,-182.4624,4.004
"7197",719.6,29.6919464,-182.412551020408,4.004
"7198",719.7,29.7185363636364,-182.382702970297,4.004
"7199",719.8,29.7115,-182.436061946903,4.00328318584071
"7200",719.9,29.6645561616162,-182.341186046512,4.00458139534884
"7201",720,29.6593641584158,-182.28704,4.00336
"7202",720.1,29.6880465656566,-182.390529411765,4.003
"7203",720.2,29.6967844,-182.467714285714,4.00371428571428
"7204",720.3,29.7041834,-182.50776744186,4.004
"7205",720.4,29.709297979798,-182.484862745098,4.004
"7206",720.5,29.7132762376238,-182.4948,4.0032
"7207",720.6,29.6916381818182,-182.537811881188,4.00379207920792
"7208",720.7,29.6795852475248,-182.585887755102,4.004
"7209",720.8,29.6519744,-182.596636363636,4.004
"7210",720.9,29.6316114141414,-182.551176470588,4.00239215686274
"7211",721,29.6193143564357,-182.554237288136,4.002
"7212",721.1,29.6011021212121,-182.58735,4.00355
"7213",721.2,29.6143189108911,-182.595,4.004
"7214",721.3,29.617334040404,-182.551635514019,4.004
"7215",721.4,29.6260206,-182.565258064516,4.004
"7216",721.5,29.6430833663366,-182.473,4.0032
"7217",721.6,29.6516515151515,-182.470626262626,4.00380808080808
"7218",721.7,29.6443079411765,-182.572237623762,4.004
"7219",721.8,29.6261341414141,-182.557212121212,4.004
"7220",721.9,29.6174576,-182.518198113208,4.0032358490566
"7221",722,29.62671,-182.544904255319,4.003
"7222",722.1,29.6331541414141,-182.532727272727,4.00381818181818
"7223",722.2,29.6167235643564,-182.538554455446,4.004
"7224",722.3,29.613405050505,-182.424818181818,4.004
"7225",722.4,29.6081907,-182.454207920792,4.00318811881188
"7226",722.5,29.6050446,-182.386801980198,4.00380198019802
"7227",722.6,29.6282557,-182.490265306123,4.00318367346939
"7228",722.7,29.631596039604,-182.440871287129,4.00381188118812
"7229",722.8,29.6332761616162,-182.482346534653,4.004
"7230",722.9,29.656673960396,-182.39087755102,4.00481632653061
"7231",723,29.653933,-182.375930693069,4.00337623762376
"7232",723.1,29.6499592,-182.333891089109,4.00380198019802
"7233",723.2,29.6625196,-182.371979591837,4.004
"7234",723.3,29.674915959596,-182.405732673267,4.004
"7235",723.4,29.6587414705882,-182.48398019802,4.004
"7236",723.5,29.650685959596,-182.561310344828,4.004
"7237",723.6,29.6613974,-182.579619047619,4.004
"7238",723.7,29.6470934,-182.6482,4.004
"7239",723.8,29.61695,-182.58195959596,4.00319191919192
"7240",723.9,29.624432970297,-182.58549,4.003
"7241",724,29.6389752525253,-182.54645,4.00381
"7242",724.1,29.6469033,-182.47363,4.004
"7243",724.2,29.6393008,-182.511855932203,4.004
"7244",724.3,29.6374612121212,-182.487421686747,4.004
"7245",724.4,29.6580726732673,-182.501090909091,4.004
"7246",724.5,29.6801145454545,-182.515550847458,4.00468644067797
"7247",724.6,29.6690362376237,-182.408939759036,4.00424096385542
"7248",724.7,29.655246,-182.419252525253,4.00319191919192
"7249",724.8,29.6493867,-182.46159,4.003
"7250",724.9,29.6360372,-182.379178217822,4.00380198019802
"7251",725,29.6287178787879,-182.409336448598,4.004
"7252",725.1,29.6287577227723,-182.503967391304,4.004
"7253",725.2,29.6337863636364,-182.4916,4.004
"7254",725.3,29.6194866336634,-182.49048,4.004
"7255",725.4,29.6243557,-182.513130434783,4.00329565217391
"7256",725.5,29.6040385,-182.523517241379,4.003
"7257",725.6,29.608590990099,-182.547626168224,4.00373831775701
"7258",725.7,29.6350477777778,-182.494838709677,4.00322580645161
"7259",725.8,29.6419938613861,-182.462489795918,4.00541836734694
"7260",725.9,29.6300147474747,-182.451782178218,4.00519801980198
"7261",726,29.6354565,-182.379696969697,4.00419191919192
"7262",726.1,29.6341684,-182.44967,4.004
"7263",726.2,29.62249,-182.575861386139,4.004
"7264",726.3,29.6328840594059,-182.551818181818,4.004
"7265",726.4,29.63283,-182.495717391304,4.00323913043478
"7266",726.5,29.624218,-182.437836734694,4.003
"7267",726.6,29.6173,-182.4756,4.0038
"7268",726.7,29.6251555555556,-182.534037735849,4.00324528301887
"7269",726.8,29.6237398039216,-182.484446808511,4.00142553191489
"7270",726.9,29.6196357575758,-182.419475247525,4.00258415841584
"7271",727,29.610716,-182.469071428571,4.00380612244898
"7272",727.1,29.6159277227723,-182.525294117647,4.004
"7273",727.2,29.620017,-182.4728,4.00321
"7274",727.3,29.612717029703,-182.412111111111,4.00379797979798
"7275",727.4,29.6262870707071,-182.4698,4.0032
"7276",727.5,29.637501,-182.435514851485,4.00379207920792
"7277",727.6,29.598032,-182.361353535354,4.004
"7278",727.7,29.5985267,-182.438673267327,4.004
"7279",727.8,29.6060101,-182.338051020408,4.004
"7280",727.9,29.6098136363636,-182.347776785714,4.00327678571429
"7281",728,29.60765,-182.346719101124,4.003
"7282",728.1,29.5900654545454,-182.298363636364,4.003
"7283",728.2,29.5920625742574,-182.401079207921,4.00380198019802
"7284",728.3,29.6109549,-182.452434343434,4.00319191919192
"7285",728.4,29.6249943,-182.34865,4.00138
"7286",728.5,29.6212642574258,-182.35702,4.00262
"7287",728.6,29.6002364646465,-182.433168316832,4.00380198019802
"7288",728.7,29.6123015151515,-182.2796,4.004
"7289",728.8,29.628722,-182.2962,4.0024
"7290",728.9,29.619104,-182.335242424242,4.00361616161616
"7291",729,29.612026,-182.272831683168,4.004
"7292",729.1,29.629878989899,-182.3488,4.004
"7293",729.2,29.6200266336634,-182.3472,4.0032
"7294",729.3,29.607382,-182.291891089109,4.003
"7295",729.4,29.614416,-182.364383838384,4.00379797979798
"7296",729.5,29.6086654455445,-182.389539823009,4.00329203539823
"7297",729.6,29.5871901,-182.431352272727,4.00071590909091
"7298",729.7,29.5962031683168,-182.420150943396,4.00596226415094
"7299",729.8,29.5983587878788,-182.32947826087,4.00482608695652
"7300",729.9,29.5777059,-182.299178217822,4.00319801980198
"7301",730,29.5798702,-182.35975862069,4.003
"7302",730.1,29.5796667,-182.313975903614,4.003
"7303",730.2,29.5729301,-182.294405940594,4.003
"7304",730.3,29.6019403030303,-182.391,4.0046
"7305",730.4,29.614422,-182.401262626263,4.00338383838384
"7306",730.5,29.621106,-182.312188118812,4.00380198019802
"7307",730.6,29.599948,-182.311,4.0056
"7308",730.7,29.59078,-182.279636363636,4.00276767676768
"7309",730.8,29.5816843434343,-182.26096460177,4.00271681415929
"7310",730.9,29.571860990099,-182.289926315789,4.003
"7311",731,29.57156,-182.250630434783,4.003
"7312",731.1,29.604188,-182.19002,4.003
"7313",731.2,29.6263,-182.119653465347,4.00380198019802
"7314",731.3,29.61868,-182.1386,4.0032
"7315",731.4,29.630758,-182.050366336634,4.00379207920792
"7316",731.5,29.6594075757576,-182.12849,4.00321
"7317",731.6,29.6579835,-182.157595959596,4.00539393939394
"7318",731.7,29.6407721782178,-182.074831683168,4.006
"7319",731.8,29.640994,-182.0767,4.00363
"7320",731.9,29.619604,-182.07036,4.003
"7321",732,29.6140236363636,-182.090141414141,4.003
"7322",732.1,29.5867117,-182.219636363636,4.00380808080808
"7323",732.2,29.5885238,-182.19392,4.00319
"7324",732.3,29.6165744,-182.15427,4.00381
"7325",732.4,29.6050028712871,-182.186495049505,4.00319801980198
"7326",732.5,29.587574,-182.1648,4.003
"7327",732.6,29.6017707070707,-182.1682,4.0062
"7328",732.7,29.6141336,-182.108777777778,4.0029595959596
"7329",732.8,29.6135118,-182.09967,4.00281
"7330",732.9,29.6121593,-182.067316831683,4.003
"7331",733,29.6140676,-182.0998,4.003
"7332",733.1,29.6291348,-182.114848484848,4.003
"7333",733.2,29.6380474257426,-182.114396039604,4.003
"7334",733.3,29.6318263636364,-182.168653465346,4.00220792079208
"7335",733.4,29.6426361386139,-182.236464646465,4.00279797979798
"7336",733.5,29.65271,-182.2644,4.003
"7337",733.6,29.634772,-182.2192,4.0038
"7338",733.7,29.630898,-182.247404040404,4.00319191919192
"7339",733.8,29.651274,-182.25133,4.00381
"7340",733.9,29.647848,-182.199970588235,4.00320588235294
"7341",734,29.638336,-182.233282828283,4.003
"7342",734.1,29.623328,-182.25594017094,4.003
"7343",734.2,29.6570091919191,-182.285340909091,4.003
"7344",734.3,29.7136508080808,-182.353783783784,4.003
"7345",734.4,29.7303214,-182.310510638298,4.003
"7346",734.5,29.7566256,-182.188333333333,4.00377777777778
"7347",734.6,29.7591902970297,-182.104682242991,4.00175700934579
"7348",734.7,29.7603911,-182.126602150538,4.00335483870967
"7349",734.8,29.7217239,-182.172951456311,4.00322330097087
"7350",734.9,29.7150508910891,-182.152835051546,4.003
"7351",735,29.725645050505,-182.1522,4.003
"7352",735.1,29.7307623,-182.124909090909,4.00380808080808
"7353",735.2,29.7721324752475,-182.162910891089,4.00319801980198
"7354",735.3,29.773444,-182.1564,4.003
"7355",735.4,29.76598,-182.155846153846,4.003
"7356",735.5,29.7596152525252,-182.169,4.0038
"7357",735.6,29.7453233333333,-182.208891089109,4.004
"7358",735.7,29.7417827272727,-182.19581512605,4.00332773109244
"7359",735.8,29.734814,-182.17264556962,4.003
"7360",735.9,29.732642,-182.086188118812,4.003
"7361",736,29.7386444444445,-182.029363636364,4.003
"7362",736.1,29.7438457425743,-182.08086,4.003
"7363",736.2,29.7411016326531,-182.043663366337,4.003
"7364",736.3,29.7310576237624,-182.084363636364,4.003
"7365",736.4,29.6867478,-182.157702970297,4.00381188118812
"7366",736.5,29.664862020202,-182.107841584158,4.00239603960396
"7367",736.6,29.6796469306931,-182.1824,4.0028
"7368",736.7,29.6860386,-182.30601010101,4.003
"7369",736.8,29.6806306930693,-182.30813,4.003
"7370",736.9,29.6886515151515,-182.2949,4.003
"7371",737,29.6983924,-182.258010638298,4.00375531914894
"7372",737.1,29.6894179207921,-182.188257731959,4.004
"7373",737.2,29.7005352525252,-182.2658,4.004
"7374",737.3,29.6953515841584,-182.219505050505,4.004
"7375",737.4,29.6630413131313,-182.166910891089,4.00159405940594
"7376",737.5,29.6683712,-182.124060606061,4.00342424242424
"7377",737.6,29.6852993,-182.108852941176,4.00340441176471
"7378",737.7,29.6916822222222,-182.052671875,4.003
"7379",737.8,29.6801546534653,-182.047841584158,4.003
"7380",737.9,29.686112020202,-181.974424242424,4.003
"7381",738,29.7116164,-182.08479,4.003
"7382",738.1,29.6891316,-182.142495412844,4.00225688073394
"7383",738.2,29.6856518181818,-182.186813186813,4.00358241758242
"7384",738.3,29.6951287128713,-182.11824,4.00319
"7385",738.4,29.6931472727273,-182.155336633663,4.00460396039604
"7386",738.5,29.6949381188119,-182.069606060606,4.00338383838384
"7387",738.6,29.7048964,-182.08083,4.00381
"7388",738.7,29.6980856435644,-182.09143,4.00319
"7389",738.8,29.6903411881188,-182.03935,4.003
"7390",738.9,29.6880317171717,-182.109514018692,4.003
"7391",739,29.6898034653466,-182.041311827957,4.00220430107527
"7392",739.1,29.7157015151515,-182.13283,4.00443
"7393",739.2,29.7047661,-182.04822,4.00338
"7394",739.3,29.6979601,-181.977,4.003
"7395",739.4,29.6881992929293,-181.958826086957,4.003
"7396",739.5,29.6748835294118,-181.959603960396,4.00460396039604
"7397",739.6,29.6709498989899,-182.01147826087,4.00360869565217
"7398",739.7,29.6664109,-182.004595238095,4.003
"7399",739.8,29.6660235353535,-182.02111,4.003
"7400",739.9,29.6908714,-181.986900990099,4.003
"7401",740,29.6995608,-181.95681981982,4.003
"7402",740.1,29.6882212121212,-182.042306818182,4.003
"7403",740.2,29.6927633333333,-182.019858490566,4.003
"7404",740.3,29.7073423232323,-181.927836538462,4.003
"7405",740.4,29.6991334,-181.950855555556,4.00536666666667
"7406",740.5,29.6841578,-182.03397029703,4.00279207920792
"7407",740.6,29.7008287878788,-181.9662,4.0028
"7408",740.7,29.711499009901,-182.0234,4.003
"7409",740.8,29.7083521212121,-182.02603030303,4.003
"7410",740.9,29.7223672,-181.960247524752,4.003
"7411",741,29.7443438613861,-181.8682,4.003
"7412",741.1,29.7498326,-182.0466,4.0038
"7413",741.2,29.7258792079208,-182.0528,4.0032
"7414",741.3,29.721482020202,-181.9852,4.0022
"7415",741.4,29.7204596,-181.9822,4.002
"7416",741.5,29.7282468,-182.04068627451,4.00278431372549
"7417",741.6,29.739548,-182.033484536082,4.003
"7418",741.7,29.720046,-182.109,4.003
"7419",741.8,29.698983030303,-182.185326530612,4.003
"7420",741.9,29.7076196,-182.113564356436,4.00381188118812
"7421",742,29.7135614,-182.08671,4.004
"7422",742.1,29.7142298,-182.097,4.00325
"7423",742.2,29.7141248,-182.08275,4.003
"7424",742.3,29.7002898989899,-182.07233,4.00219
"7425",742.4,29.6993435643564,-182.069363636364,4.00445454545454
"7426",742.5,29.7121229,-182.054386138614,4.00337623762376
"7427",742.6,29.7141186,-182.111545454546,4.003
"7428",742.7,29.7107204950495,-182.173619469027,4.003
"7429",742.8,29.7210051515152,-182.165827586207,4.003
"7430",742.9,29.7245158415842,-182.178294117647,4.00219607843137
"7431",743,29.7119139393939,-182.077949494949,4.00280808080808
"7432",743.1,29.7058683168317,-182.02546,4.003
"7433",743.2,29.7031636363636,-182.008574257426,4.003
"7434",743.3,29.7021192,-181.9164,4.0022
"7435",743.4,29.7120706930693,-181.9964,4.0044
"7436",743.5,29.7267339393939,-181.949128712871,4.00341584158416
"7437",743.6,29.7263573267327,-181.975484848485,4.003
"7438",743.7,29.7270706060606,-182.040333333333,4.003
"7439",743.8,29.7238124,-182.003827586207,4.003
"7440",743.9,29.7277571,-182.018857142857,4.003
"7441",744,29.7472426,-181.972465346535,4.003
"7442",744.1,29.7299610891089,-182.010717171717,4.00380808080808
"7443",744.2,29.7247845454546,-182.069514851485,4.00239603960396
"7444",744.3,29.7160563,-182.081,3.99957575757576
"7445",744.4,29.7213588,-182.06075,4.00224
"7446",744.5,29.7114086,-182.07058,4.003
"7447",744.6,29.6982287,-182.05699,4.003
"7448",744.7,29.6977591919192,-182.06677,4.003
"7449",744.8,29.6782411881188,-182.036316831683,4.003
"7450",744.9,29.6622449,-181.949344537815,4.003
"7451",745,29.6768066,-182.0154625,4.003
"7452",745.1,29.6900687128713,-181.99454,4.003
"7453",745.2,29.683104,-181.923455445545,4.00380198019802
"7454",745.3,29.689344950495,-181.960485148515,4.00083168316832
"7455",745.4,29.6883867676768,-182.010963302752,4.00217431192661
"7456",745.5,29.6859212,-182.035111111111,4.003
"7457",745.6,29.6776898,-182.028280373832,4.003
"7458",745.7,29.6537008,-182.00223655914,4.003
"7459",745.8,29.6735166,-181.9472,4.003
"7460",745.9,29.6965560606061,-181.901868686869,4.00380808080808
"7461",746,29.6835519,-181.905475,4.003325
"7462",746.1,29.6876256,-181.913259259259,4.003
"7463",746.2,29.6962582,-181.9124,4.0014
"7464",746.3,29.6827497,-181.8832,4.0026
"7465",746.4,29.6807074747475,-181.8216,4.003
"7466",746.5,29.6774055445545,-181.859485148515,4.003
"7467",746.6,29.6640328,-181.88776635514,4.003
"7468",746.7,29.6544672,-181.889869565217,4.003
"7469",746.8,29.6464585,-181.8362,4.003
"7470",746.9,29.6408284,-181.8006,4.0038
"7471",747,29.656015,-181.853181818182,4.004
"7472",747.1,29.6654308080808,-181.822529411765,4.00320588235294
"7473",747.2,29.6699872,-181.712848484849,4.00459595959596
"7474",747.3,29.706037029703,-181.683247524752,4.00262376237624
"7475",747.4,29.7037474,-181.68121,4.00279
"7476",747.5,29.6769612871287,-181.687383838384,4.003
"7477",747.6,29.6915844,-181.7226,4.003
"7478",747.7,29.7036433333333,-181.808623762376,4.003
"7479",747.8,29.6926274,-181.82031,4.003
"7480",747.9,29.686887,-181.79035,4.003
"7481",748,29.7004072,-181.777414141414,4.003
"7482",748.1,29.6846835,-181.6912,4.0038
"7483",748.2,29.6613186868687,-181.706363636364,4.00157575757576
"7484",748.3,29.6693042574257,-181.6826,4.00343
"7485",748.4,29.6610306060606,-181.77787,4.00319
"7486",748.5,29.6474732,-181.7291,4.003
"7487",748.6,29.652616,-181.607742574257,4.003
"7488",748.7,29.6434212,-181.64098989899,4.003
"7489",748.8,29.6376810891089,-181.76435,4.00219
"7490",748.9,29.6561093939394,-181.79801980198,4.00280198019802
"7491",749,29.6488666336634,-181.6784,4.003
"7492",749.1,29.6503052,-181.635878787879,4.003
"7493",749.2,29.6559138613861,-181.669891089109,4.00219801980198
"7494",749.3,29.6304786,-181.700386138614,4.00279207920792
"7495",749.4,29.6306354545455,-181.740313131313,4.003
"7496",749.5,29.6333258,-181.673,4.003
"7497",749.6,29.6243915,-181.6356,4.003
"7498",749.7,29.6175495,-181.563929292929,4.003
"7499",749.8,29.6166748,-181.66464,4.003
"7500",749.9,29.6318575757576,-181.606235294118,4.003
"7501",750,29.6427608,-181.635591836735,4.003
"7502",750.1,29.6441772,-181.64233,4.00219
"7503",750.2,29.6435604,-181.57458,4.002
"7504",750.3,29.621044,-181.62461,4.00281
"7505",750.4,29.6315552,-181.589475247525,4.003
"7506",750.5,29.6672,-181.5962,4.003
"7507",750.6,29.6553303030303,-181.605848484848,4.003
"7508",750.7,29.6418676,-181.6313,4.003
"7509",750.8,29.626074,-181.561558823529,4.003
"7510",750.9,29.617368,-181.587142857143,4.003
"7511",751,29.6621436,-181.631517241379,4.003
"7512",751.1,29.7106144444444,-181.577130952381,4.00377380952381
"7513",751.2,29.6969420588235,-181.58859,4.00238
"7514",751.3,29.6890948484848,-181.470089108911,4.00280198019802
"7515",751.4,29.6892567326733,-181.540386138614,4.003
"7516",751.5,29.7059408,-181.66496,4.003
"7517",751.6,29.716347979798,-181.62396969697,4.003
"7518",751.7,29.7043816831683,-181.672742574257,4.00220792079208
"7519",751.8,29.7141032323232,-181.694787878788,4.00279797979798
"7520",751.9,29.7416564356436,-181.5912,4.003
"7521",752,29.7313164646465,-181.6114,4.003
"7522",752.1,29.7158211111111,-181.557545454545,4.00219191919192
"7523",752.2,29.7098357425743,-181.63758,4.00281
"7524",752.3,29.7016411111111,-181.585352941177,4.003
"7525",752.4,29.7072448514852,-181.553232323232,4.003
"7526",752.5,29.72173,-181.634752475248,4.003
"7527",752.6,29.7190455,-181.74311,4.00379
"7528",752.7,29.6955076237624,-181.69964,4.00242
"7529",752.8,29.7119011111111,-181.709929292929,4.002
"7530",752.9,29.7372267647059,-181.699574257426,4.00279207920792
"7531",753,29.7406008080808,-181.673454545455,4.003
"7532",753.1,29.7306431683168,-181.6592,4.0014
"7533",753.2,29.7323408,-181.6578,4.0026
"7534",753.3,29.7478255555556,-181.7084,4.003
"7535",753.4,29.7393955445545,-181.6146,4.003
"7536",753.5,29.7238109090909,-181.5936,4.003
"7537",753.6,29.7061456,-181.5662,4.003
"7538",753.7,29.7137416,-181.6062,4.003
"7539",753.8,29.7172644444444,-181.649452991453,4.003
"7540",753.9,29.7060630693069,-181.69925,4.003
"7541",754,29.7085655555556,-181.62402020202,4.00060606060606
"7542",754.1,29.716728,-181.657757575758,4.00242424242424
"7543",754.2,29.715632,-181.6791,4.003
"7544",754.3,29.7289815,-181.717891089109,4.003
"7545",754.4,29.7496745544554,-181.694102803738,4.003
"7546",754.5,29.7579166666667,-181.642182795699,4.003
"7547",754.6,29.7525742574257,-181.552616161616,4.003
"7548",754.7,29.7623564,-181.684772277228,4.00380198019802
"7549",754.8,29.766316,-181.691174311927,4.00326605504587
"7550",754.9,29.7524312,-181.632666666667,4.003
"7551",755,29.73722,-181.605272727273,4.00226363636364
"7552",755.1,29.7435111764706,-181.575032967033,4.00278021978022
"7553",755.2,29.7430723232323,-181.536,4.003
"7554",755.3,29.7274554455445,-181.540923076923,4.003
"7555",755.4,29.725592,-181.535626262626,4.003
"7556",755.5,29.7345137373738,-181.538656565657,4.003
"7557",755.6,29.7622227722772,-181.596382352941,4.003
"7558",755.7,29.7622840816327,-181.633343434343,4.003
"7559",755.8,29.7540621782178,-181.617245614035,4.003
"7560",755.9,29.7490977777778,-181.524348837209,4.003
"7561",756,29.7570885,-181.5766,4.0014
"7562",756.1,29.757273,-181.6376,4.0018
"7563",756.2,29.7427536363636,-181.6288,4.0028
"7564",756.3,29.7267105940594,-181.652,4.003
"7565",756.4,29.6880290909091,-181.604043478261,4.003
"7566",756.5,29.6622524,-181.624352941177,4.003
"7567",756.6,29.6737320792079,-181.6268,4.0022
"7568",756.7,29.67789,-181.5928,4.0028
"7569",756.8,29.6685120588235,-181.605202020202,4.003
"7570",756.9,29.6576834343434,-181.61972,4.00138
"7571",757,29.6637572,-181.59365,4.00262
"7572",757.1,29.6752076,-181.56999,4.00219
"7573",757.2,29.6743055555556,-181.517094339623,4.0027641509434
"7574",757.3,29.6758875,-181.551514563107,4.003
"7575",757.4,29.6685909090909,-181.515032258064,4.003
"7576",757.5,29.6845291089109,-181.523737373737,4.003
"7577",757.6,29.713056,-181.53,4.0038
"7578",757.7,29.7059025,-181.420841121495,4.0032523364486
"7579",757.8,29.6977405,-181.443021276596,4.003
"7580",757.9,29.6919145454545,-181.47343,4.00221
"7581",758,29.6767231683168,-181.430717171717,4.00359595959596
"7582",758.1,29.6826263636364,-181.442762376238,4.00320792079208
"7583",758.2,29.6806282178218,-181.524409090909,4.003
"7584",758.3,29.6610985148515,-181.534833333333,4.003
"7585",758.4,29.69095,-181.48713,4.003
"7586",758.5,29.7345435643564,-181.32511,4.00221
"7587",758.6,29.7364155555556,-181.437783018868,4.00274528301887
"7588",758.7,29.734799,-181.491569892473,4.003
"7589",758.8,29.746039,-181.417544554456,4.003
"7590",758.9,29.7566425,-181.439694444444,4.00373148148148
"7591",759,29.7531069306931,-181.373967391304,4.00245652173913
"7592",759.1,29.7524222222222,-181.458525252525,4.00279797979798
"7593",759.2,29.7508385,-181.398079207921,4.003
"7594",759.3,29.7524045,-181.395959183673,4.003
"7595",759.4,29.7524055,-181.379346534653,4.003
"7596",759.5,29.733589,-181.4548,4.003
"7597",759.6,29.72835,-181.5526,4.0038
"7598",759.7,29.7443395049505,-181.4776,4.0032
"7599",759.8,29.7607263636364,-181.3668,4.0022
"7600",759.9,29.7774074,-181.253,4.0012
"7601",760,29.7602488,-181.269298245614,4.001
"7602",760.1,29.7392082,-181.211458823529,4.00255294117647
"7603",760.2,29.7558054455445,-181.27901980198,4.003
"7604",760.3,29.75675,-181.311873786408,4.003
"7605",760.4,29.7441862376238,-181.319442307692,4.003
"7606",760.5,29.7340505,-181.443947368421,4.00223157894737
"7607",760.6,29.719106,-181.4555,4.0035
"7608",760.7,29.7041435,-181.415063157895,4.00322105263158
"7609",760.8,29.6968236363636,-181.337168316832,4.00065346534654
"7610",760.9,29.6970081188119,-181.274834951456,4.00378640776699
"7611",761,29.7060063636364,-181.282534653465,4.00351485148515
"7612",761.1,29.7110988,-181.264294736842,4.003
"7613",761.2,29.7068256,-181.21829,4.003
"7614",761.3,29.6967584,-181.26093,4.003
"7615",761.4,29.7046698019802,-181.28132,4.00221
"7616",761.5,29.7229318181818,-181.30591,4.00358
"7617",761.6,29.706686,-181.298702970297,4.00321782178218
"7618",761.7,29.7007458,-181.26536,4.003
"7619",761.8,29.7195834,-181.26168,4.003
"7620",761.9,29.720314,-181.181060606061,4.00378787878788
"7621",762,29.7230001010101,-181.255207920792,4.00321782178218
"7622",762.1,29.7247861,-181.158303030303,4.003
"7623",762.2,29.7428758415841,-181.19304950495,4.003
"7624",762.3,29.7398672,-181.20654,4.003
"7625",762.4,29.722899,-181.229424242424,4.003
"7626",762.5,29.7220021212121,-181.232871287129,4.003
"7627",762.6,29.7325963366337,-181.206,4.00221212121212
"7628",762.7,29.7391843434343,-181.157505050505,4.002
"7629",762.8,29.7435961,-181.195,4.0044
"7630",762.9,29.7724641584159,-181.253608695652,4.00360869565217
"7631",763,29.7699646,-181.269894736842,4.003
"7632",763.1,29.7430262376238,-181.152615384615,4.003
"7633",763.2,29.7307090909091,-181.29022,4.003
"7634",763.3,29.7138726,-181.354876106195,4.00230088495575
"7635",763.4,29.698166,-181.240862068965,4.00275862068966
"7636",763.5,29.7024296,-181.21227,4.003
"7637",763.6,29.715133,-181.162594059406,4.003
"7638",763.7,29.7226842,-181.140121212121,4.003
"7639",763.8,29.7309772727273,-181.099673267327,4.00456435643564
"7640",763.9,29.7407979,-181.184410714286,4.00360714285714
"7641",764,29.7468871,-181.276068965517,4.003
"7642",764.1,29.7380605,-181.29358,4.003
"7643",764.2,29.7237711,-181.31375,4.00221
"7644",764.3,29.7320487,-181.244557692308,4.00275961538462
"7645",764.4,29.7536601,-181.318105263158,4.00221052631579
"7646",764.5,29.7645784,-181.258509803922,4.00278431372549
"7647",764.6,29.7612561386139,-181.24046,4.003
"7648",764.7,29.7593226,-181.203,4.00222
"7649",764.8,29.7594034,-181.111636363636,4.00278787878788
"7650",764.9,29.7413833333333,-181.132292929293,4.003
"7651",765,29.7206917,-181.181811881188,4.003
"7652",765.1,29.7320345,-181.115393939394,4.003
"7653",765.2,29.7394951,-181.096,4.003
"7654",765.3,29.7405702970297,-181.0856,4.003
"7655",765.4,29.73603,-181.188098039216,4.00221568627451
"7656",765.5,29.7119464646465,-181.177606060606,4.002
"7657",765.6,29.6899277,-181.189683168317,4.00278217821782
"7658",765.7,29.6974744,-181.233581818182,4.003
"7659",765.8,29.6987354,-181.226078651685,4.00147191011236
"7660",765.9,29.7014887,-181.21031,4.00258
"7661",766,29.7074809,-181.256836363636,4.003
"7662",766.1,29.7033261386139,-181.2369,4.003
"7663",766.2,29.7047125252525,-181.20051,4.003
"7664",766.3,29.6947327722772,-181.146121212121,4.003
"7665",766.4,29.705868989899,-181.308257425743,4.00220792079208
"7666",766.5,29.7353757,-181.348631067961,4.002
"7667",766.6,29.7264007,-181.267833333333,4.002
"7668",766.7,29.717233030303,-181.179673267327,4.00120792079208
"7669",766.8,29.7125723529412,-181.105683168317,4.00256435643564
"7670",766.9,29.6943806060606,-181.074242424242,4.003
"7671",767,29.695937029703,-181.00996,4.003
"7672",767.1,29.731704,-181.02086,4.00221
"7673",767.2,29.7159121212121,-181.047151515151,4.002
"7674",767.3,29.692446039604,-181.148633663366,4.00279207920792
"7675",767.4,29.7070061616162,-181.16926,4.003
"7676",767.5,29.704117,-181.144858585859,4.003
"7677",767.6,29.7246026,-181.099,4.0014
"7678",767.7,29.7343401010101,-181.081,4.0018
"7679",767.8,29.7192884158416,-181.070919191919,4.00280808080808
"7680",767.9,29.7259160606061,-181.107911764706,4.00220588235294
"7681",768,29.7462172,-181.10204040404,4.00279797979798
"7682",768.1,29.7508968,-181.132385964912,4.003
"7683",768.2,29.7454552,-181.131827586207,4.003
"7684",768.3,29.7386915841584,-181.093142857143,4.00375238095238
"7685",768.4,29.7491257575758,-181.061531914894,4.00242553191489
"7686",768.5,29.7479994117647,-181.135304347826,4.002
"7687",768.6,29.7374390909091,-181.132965116279,4.00048837209302
"7688",768.7,29.7490414,-181.141747474747,4.00319191919191
"7689",768.8,29.741957,-181.17205050505,4.00319191919192
"7690",768.9,29.7278157575758,-181.16998019802,4.00219801980198
"7691",769,29.7428483168317,-181.1384,4.002
"7692",769.1,29.7733,-181.104069306931,4.002
"7693",769.2,29.7958441584158,-181.108074766355,4.002
"7694",769.3,29.793643,-181.147217391304,4.002
"7695",769.4,29.7717978787879,-181.191851485149,4.00279207920792
"7696",769.5,29.774712970297,-181.14886,4.00221
"7697",769.6,29.7760333333333,-181.06785,4.00437
"7698",769.7,29.7759106930693,-180.97574,4.005
"7699",769.8,29.7502806060606,-180.99471,4.00263
"7700",769.9,29.7316456,-181.018982300885,4.002
"7701",770,29.7317852,-180.992379310345,4.00275862068966
"7702",770.1,29.7485893939394,-181.057775510204,4.003
"7703",770.2,29.7731521782178,-180.995,4.003
"7704",770.3,29.7595142424242,-181.057,4.00219
"7705",770.4,29.7520158,-181.02254,4.002
"7706",770.5,29.7474047524752,-181.04726,4.002
"7707",770.6,29.7478368,-180.971792079208,4.00280198019802
"7708",770.7,29.7453127722772,-181.0486,4.0038
"7709",770.8,29.7582385858586,-180.985,4.0032
"7710",770.9,29.7640124752475,-180.902230769231,4.00223076923077
"7711",771,29.7435746,-180.974886597938,4.00278350515464
"7712",771.1,29.7512178,-181.026333333333,4.00220202020202
"7713",771.2,29.7790621,-181.01002970297,4.002
"7714",771.3,29.7542942424242,-181.031882352941,4.002
"7715",771.4,29.7282200990099,-181.139226804124,4.002
"7716",771.5,29.7354219191919,-181.064405940594,4.00279207920792
"7717",771.6,29.7279644,-181.034808080808,4.00220202020202
"7718",771.7,29.7240276,-181.088653465346,4.002
"7719",771.8,29.7047075757576,-181.078262626263,4.002
"7720",771.9,29.6965720792079,-181.117940594059,4.002
"7721",772,29.7203315151515,-181.13806122449,4.002
"7722",772.1,29.7209816,-181.183306930693,4.002
"7723",772.2,29.7157492079208,-181.17499009901,4.002
"7724",772.3,29.7024906060606,-181.195535353535,4.002
"7725",772.4,29.6881461764706,-181.178237623762,4.002
"7726",772.5,29.7045987878788,-181.133495798319,4.00266386554622
"7727",772.6,29.7304432,-181.125111111111,4.00225925925926
"7728",772.7,29.7330472,-181.100272727273,4.00279797979798
"7729",772.8,29.726673030303,-181.061,4.0022
"7730",772.9,29.7275564356436,-181.066465346535,4.002
"7731",773,29.7190472727273,-181.10713,4.002
"7732",773.1,29.7068713861386,-181.133425742574,4.002
"7733",773.2,29.6950116,-181.193714285714,4.002
"7734",773.3,29.7051236,-181.204,4.0028
"7735",773.4,29.7081628,-181.15262962963,4.00225925925926
"7736",773.5,29.7043703030303,-181.032142857143,4.00279120879121
"7737",773.6,29.700801980198,-181.005794117647,4.003
"7738",773.7,29.7067757575757,-181.03207,4.00221
"7739",773.8,29.7271101,-181.091397959184,4.002
"7740",773.9,29.7182369,-181.0797,4.002
"7741",774,29.6983651,-181.049138613861,4.002
"7742",774.1,29.6765624,-181.030878787879,4.00280808080808
"7743",774.2,29.6554761616162,-181.10344117647,4.00141176470588
"7744",774.3,29.6513699009901,-181.14354,4.00179
"7745",774.4,29.633052,-181.09607,4.00279
"7746",774.5,29.6421492,-181.07805,3.99984
"7747",774.6,29.6623108910891,-180.991763157895,4.00177192982456
"7748",774.7,29.6452336,-180.960117647059,4.00223529411765
"7749",774.8,29.6387535294118,-180.9676,4.002
"7750",774.9,29.6366585858586,-181.018900990099,4.002
"7751",775,29.6168307,-181.028473214286,4.00270535714286
"7752",775.1,29.605091,-180.980793103448,4.00222988505747
"7753",775.2,29.6182214141414,-180.9862,4.002
"7754",775.3,29.6217328,-181.083673267327,4.00279207920792
"7755",775.4,29.6000745454545,-181.105699029126,4.00223300970874
"7756",775.5,29.5928058,-181.091680412371,4.00121649484536
"7757",775.6,29.5959636,-181.084238095238,4.00175238095238
"7758",775.7,29.6035845,-180.977063157895,4.002
"7759",775.8,29.6299988118812,-180.998591836735,4.002
"7760",775.9,29.6480884848485,-181.053882352941,4.002
"7761",776,29.6510721,-181.08791,4.002
"7762",776.1,29.6493357425742,-181.18011,4.00121
"7763",776.2,29.6540188,-181.12558,4.00258
"7764",776.3,29.6914311881188,-181.109787878788,4.00220202020202
"7765",776.4,29.7047276767677,-181.0862,4.0028
"7766",776.5,29.6911712,-181.0384,4.0022
"7767",776.6,29.6955296,-181.0432,4.0028
"7768",776.7,29.6975554545455,-180.961336283186,4.00229203539823
"7769",776.8,29.7138466,-181.051528735632,4.002
"7770",776.9,29.7125206060606,-181.0738,4.0028
"7771",777,29.7199253465347,-181.094554455446,4.00220792079208
"7772",777.1,29.7281841,-181.10969,4.00279
"7773",777.2,29.7086082,-181.170252525252,4.00220202020202
"7774",777.3,29.7065257,-181.108921568627,4.00278431372549
"7775",777.4,29.7003536363636,-181.068303030303,4.00063636363636
"7776",777.5,29.6791781188119,-180.994972222222,4.00219444444445
"7777",777.6,29.6840818181818,-181.071097826087,4.00222826086956
"7778",777.7,29.7097465346535,-181.04649,4.002
"7779",777.8,29.7067642,-181.074372727273,4.002
"7780",777.9,29.7022635,-181.185021978022,4.002
"7781",778,29.7092742,-181.21175,4.0033
"7782",778.1,29.7133611111111,-181.187744186046,4.00332558139535
"7783",778.2,29.7045668316832,-181.1845,4.00225
"7784",778.3,29.7006848,-181.180731958763,4.00278350515464
"7785",778.4,29.7266679,-181.14424,4.00379
"7786",778.5,29.7439564356436,-181.15238,4.00242
"7787",778.6,29.740088,-181.17912,4.002
"7788",778.7,29.7540928,-181.164252525253,4.002
"7789",778.8,29.7646933333333,-181.078322033898,4.002
"7790",778.9,29.7451254,-181.099759036145,4.002
"7791",779,29.7440049,-181.101227722772,4.00278217821782
"7792",779.1,29.7460307,-181.149575757576,4.00221212121212
"7793",779.2,29.7551036,-181.155222222222,4.002
"7794",779.3,29.7611976767677,-181.188294117647,4.00121568627451
"7795",779.4,29.770925,-181.13092,4.00334
"7796",779.5,29.76081,-181.089939393939,4.00242424242424
"7797",779.6,29.747145,-181.114504950495,4.002
"7798",779.7,29.74056,-181.096757009346,4.002
"7799",779.8,29.73393,-181.094717391304,4.002
"7800",779.9,29.76017,-180.99193,4.002
"7801",780,29.762425,-181.086888888889,4.002
"7802",780.1,29.758015,-181.09899009901,4.00279207920792
"7803",780.2,29.7626800990099,-181.0545,4.00221
"7804",780.3,29.766817,-180.977514851485,4.00121782178218
"7805",780.4,29.76313,-180.89203030303,4.00415151515152
"7806",780.5,29.7761447474748,-180.90718,4.00263
"7807",780.6,29.78581,-180.90099,4.002
"7808",780.7,29.771335,-180.90332,4.002
"7809",780.8,29.777045,-180.94213,4.002
"7810",780.9,29.7852115841584,-180.901919642857,4.00270535714286
"7811",781,29.7861232323232,-180.858159090909,4.00223863636364
"7812",781.1,29.78706,-180.86522,4.002
"7813",781.2,29.79827,-180.907326732673,4.002
"7814",781.3,29.79937,-180.882545454545,4.00357575757576
"7815",781.4,29.7791,-180.84535,4.004
"7816",781.5,29.777945,-180.803584158416,4.00243564356435
"7817",781.6,29.7856190909091,-180.87356,4.002
"7818",781.7,29.8090571,-180.85154,4.002
"7819",781.8,29.8211779,-180.869193548387,4.002
"7820",781.9,29.7781307,-180.851808988764,4.00139325842697
"7821",782,29.7631036,-180.866356321839,4.00174712643678
"7822",782.1,29.7810926,-180.86403030303,4.00278787878788
"7823",782.2,29.7619969306931,-180.835752475248,4.00221782178218
"7824",782.3,29.7474273737374,-180.81418,4.002
"7825",782.4,29.7556351485149,-180.82103030303,4.002
"7826",782.5,29.776115,-180.738742574257,4.002
"7827",782.6,29.7841047524752,-180.834702970297,4.002
"7828",782.7,29.77395,-180.756071428572,4.002
"7829",782.8,29.7720194949495,-180.761762376238,4.002
"7830",782.9,29.77121,-180.649428571429,4.002
"7831",783,29.760865,-180.707517241379,4.002
"7832",783.1,29.760485,-180.76749,4.002
"7833",783.2,29.784275,-180.741385321101,4.0027247706422
"7834",783.3,29.792535,-180.745923076923,4.00069230769231
"7835",783.4,29.7977,-180.787762376238,4.00156435643564
"7836",783.5,29.80015,-180.780666666667,4.002
"7837",783.6,29.80254,-180.822514018692,4.002
"7838",783.7,29.80467,-180.773990291262,4.002
"7839",783.8,29.80423,-180.71567032967,4.002
"7840",783.9,29.812135,-180.74968,4.002
"7841",784,29.8173527272727,-180.70818,4.002
"7842",784.1,29.8323865346535,-180.6969,4.00278
"7843",784.2,29.830885,-180.68084,4.00144
"7844",784.3,29.80173,-180.74152,4.001
"7845",784.4,29.804385,-180.66952,4.00178
"7846",784.5,29.7845703030303,-180.673151515152,4.002
"7847",784.6,29.7450787,-180.647366336634,4.002
"7848",784.7,29.737324,-180.59588,4.002
"7849",784.8,29.7429250495049,-180.627333333333,4.00121212121212
"7850",784.9,29.76363,-180.721128712871,4.00178217821782
"7851",785,29.7544057575757,-180.698035714286,4.002
"7852",785.1,29.7442074257426,-180.673448275862,4.00124137931034
"7853",785.2,29.7652580808081,-180.677475247525,4.00412871287129
"7854",785.3,29.7686465,-180.701060606061,4.00184848484849
"7855",785.4,29.7493214,-180.645207920792,4.00178217821782
"7856",785.5,29.7319969,-180.6826,4.002
"7857",785.6,29.7435035643565,-180.753939393939,4.002
"7858",785.7,29.7573903030303,-180.728725490196,4.002
"7859",785.8,29.7639946,-180.661214285714,4.002
"7860",785.9,29.7646321,-180.59702,4.002
"7861",786,29.7570662,-180.663,4.002
"7862",786.1,29.7641907,-180.699806818182,4.00276136363636
"7863",786.2,29.7585403030303,-180.583673267327,4.00378217821782
"7864",786.3,29.7564378431372,-180.57596,4.00322
"7865",786.4,29.7394764646465,-180.59626,4.00222
"7866",786.5,29.738136039604,-180.603644859813,4.002
"7867",786.6,29.75372,-180.666075268817,4.002
"7868",786.7,29.7326898989899,-180.714939393939,4.002
"7869",786.8,29.7225144554455,-180.70325,4.002
"7870",786.9,29.7112327272727,-180.74309375,4.00278125
"7871",787,29.7079019,-180.67542,4.00221
"7872",787.1,29.7127474,-180.66585,4.00437
"7873",787.2,29.68279,-180.631778846154,4.00424038461539
"7874",787.3,29.648721980198,-180.5746875,4.0024375
"7875",787.4,29.6660917171717,-180.497861386139,4.002
"7876",787.5,29.6975917,-180.55878,4.002
"7877",787.6,29.713661,-180.55058,4.002
"7878",787.7,29.7195136,-180.58412,4.00278
"7879",787.8,29.6993817,-180.569212121212,4.003
"7880",787.9,29.7009087878788,-180.603217391304,4.00231304347826
"7881",788,29.7256589108911,-180.657388235294,4.002
"7882",788.1,29.7301349,-180.65241,4.00516
"7883",788.2,29.7089249,-180.57603960396,4.00287128712871
"7884",788.3,29.7100041,-180.56224,4.002
"7885",788.4,29.7251557575758,-180.513700934579,4.002
"7886",788.5,29.7382302970297,-180.46064516129,4.002
"7887",788.6,29.7186284848485,-180.36342,4.002
"7888",788.7,29.7008453465346,-180.34134,4.00122
"7889",788.8,29.7129789,-180.3771,4.00334
"7890",788.9,29.7097938,-180.483909090909,4.00242424242424
"7891",789,29.7212794059406,-180.52975,4.002
"7892",789.1,29.7400381818182,-180.4323,4.00437
"7893",789.2,29.7336977,-180.402203539823,4.00220353982301
"7894",789.3,29.7110399,-180.409344827586,4.00175862068965
"7895",789.4,29.7132743,-180.407306930693,4.002
"7896",789.5,29.7261236,-180.411515151515,4.002
"7897",789.6,29.7289775757576,-180.349643564356,4.002
"7898",789.7,29.7363071287129,-180.37958,4.00122
"7899",789.8,29.7448175757576,-180.396151515152,4.00178787878788
"7900",789.9,29.7391048,-180.515891089109,4.002
"7901",790,29.737264,-180.53652,4.00356
"7902",790.1,29.7512165656566,-180.487303030303,4.00084848484848
"7903",790.2,29.7358706862745,-180.513326732673,4.00078217821782
"7904",790.3,29.72561,-180.58952,4.00178
"7905",790.4,29.7309355445545,-180.68756,4.002
"7906",790.5,29.734449,-180.58364,4.002
"7907",790.6,29.7244147,-180.5675,4.002
"7908",790.7,29.7269317,-180.632878787879,4.002
"7909",790.8,29.7629457575757,-180.564357142857,4.00270535714286
"7910",790.9,29.7746012871287,-180.464762886598,4.00230927835052
"7911",791,29.7636609090909,-180.461384615385,4.00046153846154
"7912",791.1,29.7688852,-180.51087,4.00316
"7913",791.2,29.7909078217822,-180.497752475248,4.00243564356436
"7914",791.3,29.7997612121212,-180.5105,4.002
"7915",791.4,29.7963497029703,-180.58074,4.002
"7916",791.5,29.804813030303,-180.54206,4.002
"7917",791.6,29.8045996,-180.491333333333,4.002
"7918",791.7,29.8076092,-180.539017391304,4.00268695652174
"7919",791.8,29.7980643434343,-180.534129411765,4.00224705882353
"7920",791.9,29.7815519607843,-180.568267241379,4.002
"7921",792,29.7993951515152,-180.589,4.002
"7922",792.1,29.80462,-180.54555,4.00121
"7923",792.2,29.7946776,-180.543386138614,4.00178217821782
"7924",792.3,29.7801,-180.5499,4.002
"7925",792.4,29.7831473267327,-180.517121212121,4.002
"7926",792.5,29.7951361616162,-180.484534653465,4.002
"7927",792.6,29.7902405940594,-180.541818181818,4.002
"7928",792.7,29.7823352,-180.358762376238,4.002
"7929",792.8,29.7801552,-180.325848484848,4.002
"7930",792.9,29.779838019802,-180.36992,4.002
"7931",793,29.7794266666667,-180.358099009901,4.00278217821782
"7932",793.1,29.7812665346535,-180.396909090909,4.00221212121212
"7933",793.2,29.7834678787879,-180.399859504132,4.002
"7934",793.3,29.796876,-180.334333333333,4.002
"7935",793.4,29.7893524,-180.364967391304,4.002
"7936",793.5,29.7726736,-180.28741,4.002
"7937",793.6,29.7757592,-180.2857,4.002
"7938",793.7,29.7639428282828,-180.377583333333,4.002
"7939",793.8,29.7463931683168,-180.430846153846,4.002
"7940",793.9,29.7585726262626,-180.442522727273,3.99971590909091
"7941",794,29.7789944,-180.377297029703,4.00212871287129
"7942",794.1,29.7823801980198,-180.31532,4.00222
"7943",794.2,29.7773927272727,-180.34303539823,4.002
"7944",794.3,29.7747274509804,-180.372954022988,4.002
"7945",794.4,29.7787066666667,-180.349737864078,4.002
"7946",794.5,29.79151,-180.315752475248,4.00125742574257
"7947",794.6,29.794622,-180.373291666667,4.00177083333333
"7948",794.7,29.7828908,-180.342485714286,4.002
"7949",794.8,29.785796,-180.280734042553,4.002
"7950",794.9,29.8079238383838,-180.306326732673,4.00121782178218
"7951",795,29.7920153465347,-180.31388,4.00022
"7952",795.1,29.7717616,-180.329545454545,4.00157575757576
"7953",795.2,29.7809476,-180.36797,4.002
"7954",795.3,29.7674768,-180.351831858407,4.002
"7955",795.4,29.7669874747475,-180.365471910112,4.002
"7956",795.5,29.7816487128713,-180.3256,4.00273333333333
"7957",795.6,29.7771785858586,-180.333768421053,4.00224210526316
"7958",795.7,29.7840008910891,-180.371555555556,4.002
"7959",795.8,29.7976492,-180.420930693069,4.00122772277228
"7960",795.9,29.812147979798,-180.40451,4.00408
"7961",796,29.8115823762376,-180.34133,4.00269
"7962",796.1,29.7842858585858,-180.39892,4.002
"7963",796.2,29.7611542424242,-180.38327,4.002
"7964",796.3,29.7632763366337,-180.316777777778,4.002
"7965",796.4,29.7581313131313,-180.358920792079,4.002
"7966",796.5,29.7498552941176,-180.38216,4.00123
"7967",796.6,29.7458874747475,-180.305444444444,4.001
"7968",796.7,29.7369723,-180.24088,4.00178
"7969",796.8,29.7609615841584,-180.275666666667,4.00066666666667
"7970",796.9,29.772852,-180.248844444444,4
"7971",797,29.7639228,-180.264698924731,4.00152688172043
"7972",797.1,29.753556,-180.256148514851,4.002
"7973",797.2,29.7531092,-180.208777777778,4.002
"7974",797.3,29.7598744,-180.34754,4.002
"7975",797.4,29.7496139393939,-180.275702970297,4.002
"7976",797.5,29.7390228,-180.302553398058,4.00125242718447
"7977",797.6,29.7542671,-180.306216494845,4.00176288659794
"7978",797.7,29.7772832,-180.288555555556,4.002
"7979",797.8,29.7834656,-180.3084,4.00278
"7980",797.9,29.7718882828283,-180.30486,4.00066
"7981",798,29.7584130693069,-180.30122,4.00156
"7982",798.1,29.7530603,-180.237181818182,4.002
"7983",798.2,29.7458989108911,-180.226970588235,4.002
"7984",798.3,29.7369504,-180.274888888889,4.002
"7985",798.4,29.7220096969697,-180.330730434783,4.002
"7986",798.5,29.7386337,-180.320184782609,4.0013152173913
"7987",798.6,29.7586359,-180.299892473118,4.00176344086022
"7988",798.7,29.7572345,-180.31906,4.00122
"7989",798.8,29.7525652,-180.28834,4.00256
"7990",798.9,29.7482051,-180.198455445545,4.00068316831683
"7991",799,29.755433960396,-180.281071428571,4.00157142857143
"7992",799.1,29.7598675757576,-180.278264957265,4.002
"7993",799.2,29.7529484158416,-180.281235294118,4.002
"7994",799.3,29.7460672,-180.309892156863,4.002
"7995",799.4,29.7626244,-180.256423076923,4.00272115384615
"7996",799.5,29.7666076,-180.3395,4.00148936170213
"7997",799.6,29.7684990909091,-180.27082,4.00177
"7998",799.7,29.7520344444445,-180.30622,4.00123
"7999",799.8,29.7416402,-180.270777777778,4.00488888888889
"8000",799.9,29.7512796,-180.201159292035,4.0032389380531
"8001",800,29.7541304,-180.193436781609,4.002
"8002",800.1,29.7437727272727,-180.175831683168,4.002
"8003",800.2,29.7316318627451,-180.246,4.002
"8004",800.3,29.7432544444444,-180.259571428571,4.002
"8005",800.4,29.7545921782178,-180.223366336634,4.002
"8006",800.5,29.7613208,-180.222914285714,4.002
"8007",800.6,29.7760109,-180.307452631579,4.00123157894737
"8008",800.7,29.7656032673267,-180.237454545455,3.99863636363637
"8009",800.8,29.7765958585859,-180.187215686274,3.99954901960784
"8010",800.9,29.7885416831683,-180.275071428571,4.00078571428572
"8011",801,29.7898413131313,-180.3168,4.00179
"8012",801.1,29.7872128,-180.34154,4.002
"8013",801.2,29.7843439,-180.35806,4.002
"8014",801.3,29.8017287878788,-180.409495049505,4.002
"8015",801.4,29.8160812871287,-180.38596969697,4.00121212121212
"8016",801.5,29.812522020202,-180.426841584158,4.00178217821782
"8017",801.6,29.8006892,-180.360636363636,4.002
"8018",801.7,29.8059174,-180.30977,4.002
"8019",801.8,29.7966009090909,-180.299653465347,4.00356435643564
"8020",801.9,29.7908114705882,-180.24752,4.00244
"8021",802,29.7830667676768,-180.2759,4.002
"8022",802.1,29.7839400990099,-180.29903030303,4.002
"8023",802.2,29.7915044,-180.293056603774,4.002
"8024",802.3,29.7818027272727,-180.293106382979,4.00122340425532
"8025",802.4,29.8109725742574,-180.25845,4.00179
"8026",802.5,29.8393175757576,-180.251346534653,4.002
"8027",802.6,29.8488324752475,-180.267757575758,4.002
"8028",802.7,29.8586997979798,-180.30913,3.99963
"8029",802.8,29.8321598,-180.230613861386,3.99978217821782
"8030",802.9,29.8189056435643,-180.249333333333,4.00157575757576
"8031",803,29.8203285858586,-180.33052,4.002
"8032",803.1,29.8111220792079,-180.31977,4.00121
"8033",803.2,29.8085173737374,-180.27013,4.00179
"8034",803.3,29.8260356,-180.368504950495,4.00043564356436
"8035",803.4,29.8397238,-180.31242,4.00156
"8036",803.5,29.8444518181818,-180.254909090909,4.002
"8037",803.6,29.8447373267327,-180.21203,4.00121
"8038",803.7,29.8382481818182,-180.150594059406,4.001
"8039",803.8,29.849229,-180.12508,4.001
"8040",803.9,29.8652415,-180.186606060606,4.00178787878788
"8041",804,29.8414955555555,-180.140643564356,4.002
"8042",804.1,29.83174,-180.10272,4.002
"8043",804.2,29.8265827272727,-180.0073,4.002
"8044",804.3,29.8171996039604,-180.02724,4.002
"8045",804.4,29.824318,-179.95576,4.00122
"8046",804.5,29.8055472,-180.00454,4.00178
"8047",804.6,29.7972598019802,-180.035242424242,4.00042424242424
"8048",804.7,29.8129981818182,-180.097445544554,4.00234653465346
"8049",804.8,29.8127001980198,-180.02742,4.00222
"8050",804.9,29.802482020202,-180.00768,4.00122
"8051",805,29.802144,-179.93256,4.00178
"8052",805.1,29.810932,-179.989,4.00122
"8053",805.2,29.8241664,-179.9564,4.001
"8054",805.3,29.8286084,-180.03382,4.00178
"8055",805.4,29.8082890909091,-179.959151515151,4.00121212121212
"8056",805.5,29.8012181188119,-179.90119,4.00179
"8057",805.6,29.8191172727273,-179.959485148515,3.99965346534653
"8058",805.7,29.837143,-179.8805,4.00056
"8059",805.8,29.8421831683168,-179.911303030303,4.00178787878788
"8060",805.9,29.8172890909091,-179.90962,4.002
"8061",806,29.8287671287129,-179.89789,4.002
"8062",806.1,29.8436272,-179.9197,4.002
"8063",806.2,29.8243926,-179.886891089109,4.00121782178218
"8064",806.3,29.7976856,-179.947157894737,4.001
"8065",806.4,29.79459,-180.045505882353,4.00175294117647
"8066",806.5,29.8337914851485,-179.98484,4.002
"8067",806.6,29.8233854545454,-179.86662,4.00042
"8068",806.7,29.8004095,-179.818316831683,4.00156435643564
"8069",806.8,29.8032894059406,-179.853757575758,4.002
"8070",806.9,29.81417,-179.84762,4.002
"8071",807,29.8394272,-179.872431372549,4.002
"8072",807.1,29.8346827272727,-179.903785714286,4.00121428571429
"8073",807.2,29.8229995,-179.92738,4.00021
"8074",807.3,29.838169,-179.92489,4.00079
"8075",807.4,29.864224,-180.00358,4.00179
"8076",807.5,29.8586715,-179.9302,4.00279
"8077",807.6,29.83584,-179.84399009901,4.00378217821782
"8078",807.7,29.831598019802,-179.827787878788,4.00242424242424
"8079",807.8,29.8330777777778,-179.828782178218,4.002
"8080",807.9,29.8349664,-179.83368,4.002
"8081",808,29.8245583168317,-179.911424242424,4.00121212121212
"8082",808.1,29.8016185,-179.841267326733,4.001
"8083",808.2,29.8003604950495,-179.874678899083,4.00171559633027
"8084",808.3,29.8267227272727,-179.79032967033,4.00124175824176
"8085",808.4,29.8366742574257,-179.740242424242,4.001
"8086",808.5,29.820151,-179.772815533981,4.00176699029126
"8087",808.6,29.8063654,-179.742474226804,4.002
"8088",808.7,29.8007394,-179.74285,4.002
"8089",808.8,29.7827481818182,-179.73731,4.002
"8090",808.9,29.7776621782178,-179.76028,4.00121
"8091",809,29.7851709090909,-179.75594,4.00179
"8092",809.1,29.7789275,-179.71587,4.00121
"8093",809.2,29.7724275,-179.63569,4.001
"8094",809.3,29.7816795,-179.63438,4.00179
"8095",809.4,29.7918605,-179.579554455446,4.002
"8096",809.5,29.7828744444444,-179.613424242424,4.00121212121212
"8097",809.6,29.7752796,-179.621357142857,4.00452678571429
"8098",809.7,29.7857628712871,-179.580931818182,4.00295454545455
"8099",809.8,29.79723,-179.70197029703,4.00121782178218
"8100",809.9,29.782452970297,-179.7624,4.001
"8101",810,29.77289,-179.72532,4.00178
"8102",810.1,29.793768,-179.650757575758,4.002
"8103",810.2,29.793159,-179.805297029703,4.00121782178218
"8104",810.3,29.783148,-179.75784,4.001
"8105",810.4,29.7905775,-179.61478,4.00022
"8106",810.5,29.7900025,-179.61554,4.00078
"8107",810.6,29.781177,-179.577216216216,4.0017027027027
"8108",810.7,29.787641,-179.596590909091,4.002
"8109",810.8,29.798731,-179.613693069307,4.00121782178218
"8110",810.9,29.8198315,-179.64308,4.00178
"8111",811,29.849719,-179.658090909091,4.00121212121212
"8112",811.1,29.8458125,-179.651396039604,4.00178217821782
"8113",811.2,29.8538355555555,-179.6451,4.00122
"8114",811.3,29.8668824,-179.610571428571,4.001
"8115",811.4,29.8697484,-179.59803960396,4.001
"8116",811.5,29.8730544,-179.553786324786,4.00437606837607
"8117",811.6,29.8617336,-179.597066666667,4.00324444444444
"8118",811.7,29.8502936,-179.560127659575,4.00123404255319
"8119",811.8,29.8335512,-179.501393939394,4.001
"8120",811.9,29.8609014851485,-179.50443,4.00179
"8121",812,29.869877,-179.52459,4.00121
"8122",812.1,29.8552127722772,-179.51304040404,4.00179797979798
"8123",812.2,29.8639609090909,-179.50503960396,4.002
"8124",812.3,29.8668855,-179.544673267327,4.00121782178218
"8125",812.4,29.8558025,-179.600121212121,4.0049393939394
"8126",812.5,29.8481685,-179.663868686869,4.00360606060606
"8127",812.6,29.853216,-179.564524752475,4.00141584158416
"8128",812.7,29.861841,-179.60373,4.001
"8129",812.8,29.825632,-179.565683168317,4.001
"8130",812.9,29.7915115,-179.66622,4.001
"8131",813,29.8161044444445,-179.619581818182,4.00170909090909
"8132",813.1,29.8079728,-179.691833333333,4.002
"8133",813.2,29.7659973267327,-179.647084210526,4.00124210526316
"8134",813.3,29.745359,-179.57126,4.001
"8135",813.4,29.767599,-179.502211538462,4.00248076923077
"8136",813.5,29.7885344444444,-179.5696875,3.99995833333333
"8137",813.6,29.7959553465347,-179.611392523364,4.00115887850467
"8138",813.7,29.7941622222222,-179.542483870968,4.00124731182796
"8139",813.8,29.7934140594059,-179.57036,4.001
"8140",813.9,29.798334,-179.69842,4.001
"8141",814,29.8048444444444,-179.71275,4.001
"8142",814.1,29.8034288,-179.690666666667,4.00177777777778
"8143",814.2,29.790772,-179.708396039604,4.00122772277228
"8144",814.3,29.7680716,-179.638,4.00177
"8145",814.4,29.773792,-179.57419,3.99969
"8146",814.5,29.7905352,-179.599172413793,4.0003275862069
"8147",814.6,29.7768479207921,-179.584192771084,4.00173493975904
"8148",814.7,29.7673295,-179.63300990099,4.00122772277228
"8149",814.8,29.771367,-179.61096,4.001
"8150",814.9,29.7941825,-179.666644859813,4.001
"8151",815,29.8389165,-179.613108695652,4.00252173913044
"8152",815.1,29.8260775,-179.6504,4.00144
"8153",815.2,29.7991166666667,-179.7343,4.00178
"8154",815.3,29.7941468,-179.70202970297,4.00045544554455
"8155",815.4,29.8035424,-179.677666666667,4.00233333333333
"8156",815.5,29.8179252,-179.56736,4.00144
"8157",815.6,29.803426,-179.697633663367,4.001
"8158",815.7,29.81396,-179.57406,4.001
"8159",815.8,29.816529009901,-179.57613,4.001
"8160",815.9,29.8029941,-179.63743,4.001
"8161",816,29.8150325742574,-179.58093,4.001
"8162",816.1,29.8237732,-179.578071428571,4.001
"8163",816.2,29.8202636,-179.510970588235,4.00177450980392
"8164",816.3,29.8373528712871,-179.59087,4.002
"8165",816.4,29.8369733333333,-179.53091,4.00123
"8166",816.5,29.81764,-179.49861,4.001
"8167",816.6,29.8112048,-179.56399,4.001
"8168",816.7,29.8159979207921,-179.525236842105,4.001
"8169",816.8,29.8166835,-179.539247058824,4.001
"8170",816.9,29.8127711111111,-179.6398,4.001
"8171",817,29.8312464,-179.59614,4.00178
"8172",817.1,29.8385452,-179.54301980198,4.00122772277228
"8173",817.2,29.8170992,-179.555555555556,4.001
"8174",817.3,29.82281,-179.48088,4.001
"8175",817.4,29.8036834343434,-179.45644,4.001
"8176",817.5,29.8117547058824,-179.49266,4.001
"8177",817.6,29.8464344444445,-179.574333333333,4.001
"8178",817.7,29.8431027272727,-179.550452380952,4.001
"8179",817.8,29.8153305,-179.5302,4.001
"8180",817.9,29.811696969697,-179.468957446809,4.00023404255319
"8181",818,29.8199386138614,-179.55062,4.00078
"8182",818.1,29.8222921212121,-179.56496,4.001
"8183",818.2,29.8479198019802,-179.55398,4.00178
"8184",818.3,29.8568845,-179.474,4.00122772277228
"8185",818.4,29.8512991,-179.423777777778,4.00177777777778
"8186",818.5,29.849070990099,-179.39104,4.00122
"8187",818.6,29.8518104040404,-179.490553571429,4.001
"8188",818.7,29.839462,-179.4556,4.001
"8189",818.8,29.8095515,-179.470204081633,4.001
"8190",818.9,29.8037069,-179.38004,4.001
"8191",819,29.8214825,-179.4212,4.001
"8192",819.1,29.8275512121212,-179.364544554455,4.001
"8193",819.2,29.8325371287129,-179.433,4.00333333333333
"8194",819.3,29.8522924242424,-179.425792079208,4.00245544554456
"8195",819.4,29.8555414,-179.354555555556,4.00122222222222
"8196",819.5,29.8472794,-179.396647058824,4.001
"8197",819.6,29.8576932323232,-179.404142857143,4.001
"8198",819.7,29.8574959803922,-179.40267816092,4.001
"8199",819.8,29.8594112121212,-179.54722,4.001
"8200",819.9,29.8521202970297,-179.57768,4.00177
"8201",820,29.8576894,-179.574777777778,4.00122222222222
"8202",820.1,29.8582282,-179.557237623762,4.001
"8203",820.2,29.8481823762376,-179.47808,4.00177
"8204",820.3,29.8544353535353,-179.46139,4.00277
"8205",820.4,29.8567569306931,-179.526777777778,4.00144444444445
"8206",820.5,29.8525857575758,-179.51614,4.001
"8207",820.6,29.8476152,-179.538891089109,4.001
"8208",820.7,29.8577902,-179.51874,4.001
"8209",820.8,29.8435015151515,-179.4638,4.001
"8210",820.9,29.8213713861386,-179.452081081081,4.00169369369369
"8211",821,29.8218593939394,-179.5175,4.00125
"8212",821.1,29.8293676,-179.52200990099,4.001
"8213",821.2,29.8255352,-179.496,4.001
"8214",821.3,29.8492948,-179.46114,4.001
"8215",821.4,29.8666447524752,-179.543873786408,4.001
"8216",821.5,29.8614442424242,-179.459764705882,4.001
"8217",821.6,29.8582628,-179.4044,4.001
"8218",821.7,29.8417534,-179.418605504587,4.001
"8219",821.8,29.8483392,-179.46125,4.00175
"8220",821.9,29.838137,-179.47454,4.00277
"8221",822,29.8089094949495,-179.465666666667,4.00144444444444
"8222",822.1,29.819181980198,-179.470333333333,4.001
"8223",822.2,29.855255,-179.407190476191,4.00172619047619
"8224",822.3,29.8542344,-179.3666,4.00123
"8225",822.4,29.8419626732673,-179.3543,4.001
"8226",822.5,29.8442572727273,-179.38742,4.001
"8227",822.6,29.83566,-179.3133,4.001
"8228",822.7,29.8341426262626,-179.26567,4.001
"8229",822.8,29.8484888,-179.34062,4.001
"8230",822.9,29.862627,-179.316963302752,4.001
"8231",823,29.8533784848485,-179.2698,4.001
"8232",823.1,29.856225049505,-179.23136,4.00178
"8233",823.2,29.8633915151515,-179.244623762376,4.00045544554455
"8234",823.3,29.8494796,-179.188807692308,4.00074038461538
"8235",823.4,29.8102902,-179.1989375,4.001
"8236",823.5,29.7716844,-179.160777777778,4.001
"8237",823.6,29.778118,-179.174801980198,4.001
"8238",823.7,29.7945302020202,-179.206333333333,4.001
"8239",823.8,29.8053107843137,-179.19662,4.001
"8240",823.9,29.8020557575758,-179.18654,4.001
"8241",824,29.7973452,-179.295917431193,4.001
"8242",824.1,29.7851948514852,-179.31525,3.9995
"8243",824.2,29.8041497,-179.297666666667,3.999
"8244",824.3,29.8078559,-179.303495049505,4.00054455445545
"8245",824.4,29.7950533333333,-179.328871287129,4.001
"8246",824.5,29.8057059405941,-179.36901010101,4.001
"8247",824.6,29.8115703030303,-179.266222222222,4.001
"8248",824.7,29.801954,-179.16848,4.00022
"8249",824.8,29.7964518811881,-179.225238938053,4.00069026548673
"8250",824.9,29.8112806060606,-179.206142857143,4.001
"8251",825,29.8258655445545,-179.317583333333,4.00022916666667
"8252",825.1,29.7898596969697,-179.399475247525,4.00077227722772
"8253",825.2,29.7859308,-179.365333333333,4.00022222222222
"8254",825.3,29.7962804,-179.33016,4.00078
"8255",825.4,29.8120096,-179.309326732673,4.001
"8256",825.5,29.8099494,-179.25649,4.001
"8257",825.6,29.7957557575758,-179.303444444444,4.001
"8258",825.7,29.8219552,-179.26094,4.00178
"8259",825.8,29.8307289,-179.298831683168,4.00122772277228
"8260",825.9,29.8232742,-179.30114,4.001
"8261",826,29.8140940594059,-179.340555555556,4.001
"8262",826.1,29.8279228282828,-179.30308,3.99944
"8263",826.2,29.8580265346535,-179.293633663366,4.00131683168317
"8264",826.3,29.8610756,-179.232,4.00122222222222
"8265",826.4,29.8498014,-179.27406,4.001
"8266",826.5,29.828974950495,-179.280188118812,4.001
"8267",826.6,29.824583030303,-179.24774,4.001
"8268",826.7,29.8475893069307,-179.32755,4.00023
"8269",826.8,29.8434557575758,-179.28393,4.00077
"8270",826.9,29.8404838,-179.301111111111,4.001
"8271",827,29.8288234,-179.298315789474,4.00236842105263
"8272",827.1,29.811625050505,-179.204930232558,4.00076744186046
"8273",827.2,29.8130825742574,-179.290841584158,4.00154455445545
"8274",827.3,29.8299858585859,-179.211299065421,4.00128037383178
"8275",827.4,29.832101,-179.215172043011,4.001
"8276",827.5,29.8332967,-179.157111111111,4.001
"8277",827.6,29.824644,-179.165611111111,4.00172222222222
"8278",827.7,29.8097294059406,-179.235709677419,4.00124731182796
"8279",827.8,29.7877403030303,-179.286111111111,4.00177777777778
"8280",827.9,29.7738357425743,-179.28564,4.00122
"8281",828,29.787102,-179.26506,4.00178
"8282",828.1,29.7951228,-179.210574257426,4.00354455445545
"8283",828.2,29.7854654,-179.196777777778,4.00166666666667
"8284",828.3,29.7899408,-179.1736,4.001
"8285",828.4,29.821151,-179.206,4.001
"8286",828.5,29.8263556,-179.207732673267,4.001
"8287",828.6,29.8093508080808,-179.206375,4.001
"8288",828.7,29.8062213861386,-179.285448275862,4.001
"8289",828.8,29.8120718,-179.3471,4.001
"8290",828.9,29.7920844,-179.34218,4.00178
"8291",829,29.7784178,-179.359623762376,4.00277227722772
"8292",829.1,29.7922557575758,-179.3198,4.00146
"8293",829.2,29.8186163,-179.36067,4.001
"8294",829.3,29.8252205,-179.363777777778,4.001
"8295",829.4,29.8219791,-179.27075,4.001
"8296",829.5,29.798695,-179.2294375,4.001
"8297",829.6,29.7859458585859,-179.174257425742,3.99945544554455
"8298",829.7,29.7552273267327,-179.246169811321,4.00045283018868
"8299",829.8,29.7530587,-179.223854368932,4.001
"8300",829.9,29.7744132673267,-179.150428571429,4.00025274725275
"8301",830,29.7632496,-179.25027,4.00077
"8302",830.1,29.7607388,-179.30579,4.001
"8303",830.2,29.7381448,-179.32047,4.001
"8304",830.3,29.7205513131313,-179.31145,4.001
"8305",830.4,29.7386928712871,-179.241568627451,4.001
"8306",830.5,29.7570384,-179.260909090909,4.001
"8307",830.6,29.7388654,-179.238035714286,4.001
"8308",830.7,29.7335272277228,-179.297943820225,4.001
"8309",830.8,29.7499818181818,-179.291265306122,4.001
"8310",830.9,29.739897,-179.24304,4.00177
"8311",831,29.7446442,-179.257920792079,4.00276237623762
"8312",831.1,29.7602106,-179.20292,4.00148
"8313",831.2,29.7578834,-179.21188,4.001
"8314",831.3,29.7451426262626,-179.23924,4.001
"8315",831.4,29.7385998019802,-179.22296,4.001
"8316",831.5,29.7588937373737,-179.193737373737,4.001
"8317",831.6,29.772019009901,-179.14157,4.00023
"8318",831.7,29.7681941414141,-179.191327102804,4.00071962616822
"8319",831.8,29.7780757,-179.16,4.001
"8320",831.9,29.7638682178218,-179.100623655914,4.00250537634409
"8321",832,29.7557063636364,-179.112633663366,3.9999504950495
"8322",832.1,29.7607167326733,-179.143333333333,4.00033333333333
"8323",832.2,29.7586017171717,-179.208348837209,4.001
"8324",832.3,29.7464473,-179.241792079208,4.001
"8325",832.4,29.7521722,-179.248227722772,4.001
"8326",832.5,29.7863709090909,-179.228818181818,4.00025252525252
"8327",832.6,29.789174117647,-179.201336734694,4
"8328",832.7,29.7726126,-179.17883,4.00077
"8329",832.8,29.775078,-179.086326732673,4.001
"8330",832.9,29.787968,-179.1122,4.00176
"8331",833,29.7905992929293,-179.110575757576,3.99969696969697
"8332",833.1,29.7872906930693,-179.16121,4.00054
"8333",833.2,29.7927541414141,-179.170935779817,4.001
"8334",833.3,29.8304416,-179.192659340659,4.001
"8335",833.4,29.8351451,-179.212435643564,4.001
"8336",833.5,29.8108164646465,-179.13316,4.001
"8337",833.6,29.8077402970297,-179.227979591837,4.00177551020408
"8338",833.7,29.8370021428571,-179.195811881188,4.00122772277228
"8339",833.8,29.8255864356436,-179.159227722772,4.001
"8340",833.9,29.822706,-179.150929292929,3.99792929292929
"8341",834,29.827326,-179.14307,4.00008
"8342",834.1,29.8471361386139,-179.18027,4.001
"8343",834.2,29.8471322222222,-179.174888888889,4.001
"8344",834.3,29.8436486138614,-179.087366336634,4.001
"8345",834.4,29.8345279,-179.17696,4.001
"8346",834.5,29.8514019,-179.131712871287,4.001
"8347",834.6,29.8631524,-179.176090909091,4.00023232323232
"8348",834.7,29.8616427,-179.219555555556,4
"8349",834.8,29.8779298019802,-179.22054,4.00078
"8350",834.9,29.8774114141414,-179.243712871287,4.00331683168317
"8351",835,29.8496114,-179.15799009901,4.00171287128713
"8352",835.1,29.8361226,-179.206535353535,4.001
"8353",835.2,29.83659,-179.219888888889,4.001
"8354",835.3,29.839902,-179.235534653465,4.001
"8355",835.4,29.8152190909091,-179.199,4.001
"8356",835.5,29.8383502970297,-179.231792079208,4.001
"8357",835.6,29.86069,-179.185111111111,4.001
"8358",835.7,29.843514,-179.223393617021,4.001
"8359",835.8,29.8380630693069,-179.266103092783,4.00331958762886
"8360",835.9,29.8649665656566,-179.223346534654,4.00322772277228
"8361",836,29.8823020792079,-179.315555555556,4.00144444444444
"8362",836.1,29.8631166666666,-179.242514851485,4.001
"8363",836.2,29.8558282178218,-179.21508,4.001
"8364",836.3,29.8700859,-179.25912,4.001
"8365",836.4,29.8815773737374,-179.145222222222,4.001
"8366",836.5,29.8672752941176,-179.20399009901,4.001
"8367",836.6,29.8595783838384,-179.24355,4.001
"8368",836.7,29.8592667,-179.242425742574,4.00176237623762
"8369",836.8,29.8651731,-179.275897959184,4.00277551020408
"8370",836.9,29.8726008080808,-179.25402,4.00222
"8371",837,29.8750269306931,-179.21068,4.00122
"8372",837.1,29.8857294949495,-179.087362068965,4.001
"8373",837.2,29.9051981818182,-179.094729411765,4.001
"8374",837.3,29.8985423,-179.239333333333,4.001
"8375",837.4,29.9026695959596,-179.212217821782,4.00022772277228
"8376",837.5,29.9146230693069,-179.218111111111,4.00155555555556
"8377",837.6,29.8723509090909,-179.2562,4.00122
"8378",837.7,29.8732122772277,-179.23614,3.99944
"8379",837.8,29.8718779,-179.11334,3.99822
"8380",837.9,29.8715121,-179.08178,3.99956
"8381",838,29.8620135643564,-179.063172413793,4.0006724137931
"8382",838.1,29.8458003030303,-179.028470588235,4.001
"8383",838.2,29.8685966666666,-179.054,4.001
"8384",838.3,29.874141010101,-179.01798,4.00022
"8385",838.4,29.868026,-178.89034,4.00078
"8386",838.5,29.858322,-178.98436,4.001
"8387",838.6,29.8458912121212,-179.094060606061,4.001
"8388",838.7,29.8284452475248,-179.091316831683,4.001
"8389",838.8,29.8289760606061,-179.03524137931,4.001
"8390",838.9,29.8509200990099,-179.083093023256,4.00027906976744
"8391",839,29.87073,-179.003525252525,4.00076767676768
"8392",839.1,29.8643613,-179.012168316832,4.001
"8393",839.2,29.8582581,-179.036515151515,4.001
"8394",839.3,29.8538474747475,-179.114880733945,4.00029357798165
"8395",839.4,29.8457003921569,-179.067538461539,4.0014945054945
"8396",839.5,29.8641260606061,-179.037111111111,4.00122222222222
"8397",839.6,29.8654008,-178.978079207921,4.001
"8398",839.7,29.8536417,-179.044222222222,4.00022222222222
"8399",839.8,29.8383092,-179.00638,3.99844
"8400",839.9,29.8273626,-179.067,3.99998305084746
"8401",840,29.858036969697,-179.157117647059,4.001
"8402",840.1,29.887856039604,-179.232661016949,4.001
"8403",840.2,29.9055871,-179.236925,4.001
"8404",840.3,29.9010718,-179.28606,4.00177
"8405",840.4,29.8969712871287,-179.208333333333,4.00122222222222
"8406",840.5,29.9191606060606,-179.056663366337,4.00022772277228
"8407",840.6,29.930082970297,-179.07698,4
"8408",840.7,29.9141921212121,-179.056666666667,4.00233333333333
"8409",840.8,29.9299762,-178.9875,3.99988
"8410",840.9,29.9291537,-178.950920792079,4.00054455445545
"8411",841,29.9110231313131,-178.893666666667,4.001
"8412",841.1,29.9064224752475,-178.991666666667,4.001
"8413",841.2,29.9014445454545,-179.000797619048,4.001
"8414",841.3,29.89496,-178.98608,4.001
"8415",841.4,29.8840164,-178.994777777778,4.00022222222222
"8416",841.5,29.9149946464647,-179.034069306931,4.00077227722772
"8417",841.6,29.9331191176471,-178.947,4.001
"8418",841.7,29.9352462626263,-179.007811881188,4.001
"8419",841.8,29.9261862,-179.004444444444,4.001
"8420",841.9,29.9125735643564,-178.947346534653,4.001
"8421",842,29.8866998,-178.94455,4.001
"8422",842.1,29.8808774257426,-179.00344,4.001
"8423",842.2,29.8590745454546,-178.97611,4.001
"8424",842.3,29.8595608910891,-178.84365,4.001
"8425",842.4,29.8576196969697,-178.96277,4.001
"8426",842.5,29.8399192,-178.94509,4.001
"8427",842.6,29.8471051,-178.98914,4.00177
"8428",842.7,29.8296461,-178.9772,4.00046
"8429",842.8,29.8196445,-178.840444444445,4.00077777777778
"8430",842.9,29.8427593939394,-178.86172,4.001
"8431",843,29.8549672,-178.97082,4.001
"8432",843.1,29.857877,-178.91822,4.001
"8433",843.2,29.8385554,-178.932,4.001
"8434",843.3,29.828358019802,-178.889,4.00026506024096
"8435",843.4,29.8479884,-178.80148,4.00078
"8436",843.5,29.8591680808081,-178.79999009901,4.00022772277228
"8437",843.6,29.8488864,-178.8512,4.00154
"8438",843.7,29.8490350495049,-178.815222222222,3.99888888888889
"8439",843.8,29.8496223,-178.880544554455,4.00031683168317
"8440",843.9,29.8614312,-178.833222222222,4.001
"8441",844,29.8365211,-178.86448,4.001
"8442",844.1,29.835376,-178.902940594059,4.001
"8443",844.2,29.8387692929293,-178.92848,4.001
"8444",844.3,29.8575261386139,-178.96095,4.001
"8445",844.4,29.8871234,-178.89739,4.00023
"8446",844.5,29.8840591,-178.93837,4
"8447",844.6,29.8556153535354,-178.87846,4.00231
"8448",844.7,29.843703,-178.91429,4.00146
"8449",844.8,29.8571268,-178.958444444444,4.001
"8450",844.9,29.878176,-178.90984,4.001
"8451",845,29.8767468,-178.94626,4.001
"8452",845.1,29.8597562,-178.9688,4.001
"8453",845.2,29.8727224242424,-179.128544554455,4.001
"8454",845.3,29.8638886,-179.15267,4.00023
"8455",845.4,29.8636355,-179.202243478261,4.00066956521739
"8456",845.5,29.8666802970297,-179.142904761905,4.0002619047619
"8457",845.6,29.873889,-179.06798019802,4.00077227722772
"8458",845.7,29.8810434,-179.00803,4.001
"8459",845.8,29.8859344,-179.039888888889,4.001
"8460",845.9,29.889163,-179.084663366337,4.001
"8461",846,29.8891764356436,-179.07244,4.001
"8462",846.1,29.8709882,-179.03828,4.001
"8463",846.2,29.8750789,-179.02615,4.00177
"8464",846.3,29.9051992929293,-178.98958,4.00046
"8465",846.4,29.9421918,-178.97823,4.00077
"8466",846.5,29.924796,-178.98416,4.00023
"8467",846.6,29.8791804,-178.94365,4.00154
"8468",846.7,29.9133458,-178.892165217391,4.00133043478261
"8469",846.8,29.9406654,-178.909166666667,4.001
"8470",846.9,29.9444329292929,-178.93899009901,4.001
"8471",847,29.9118614851485,-178.87239,4.00023
"8472",847.1,29.9101390909091,-178.85331,4.00077
"8473",847.2,29.931660990099,-178.86671559633,4.00170642201835
"8474",847.3,29.9559594,-178.9128,4.00124444444444
"8475",847.4,29.9280057575758,-178.856495049505,4.00022772277228
"8476",847.5,29.9091221782178,-178.829777777778,4.00155555555556
"8477",847.6,29.9060056565657,-178.82566,4.00356
"8478",847.7,29.9121516,-178.92874,4.00088
"8479",847.8,29.9274905,-178.90964,4.00078
"8480",847.9,29.9142952,-178.770588235294,4.00023529411765
"8481",848,29.9052185148515,-178.7396,4.00076
"8482",848.1,29.9125861616162,-178.757353535354,4.001
"8483",848.2,29.9090430693069,-178.723165217391,3.99966086956522
"8484",848.3,29.9310152,-178.714093023256,3.99972093023256
"8485",848.4,29.9378438,-178.61236,4.00076
"8486",848.5,29.9374906,-178.69604,4.00024
"8487",848.6,29.9291778787879,-178.67144,4
"8488",848.7,29.926985,-178.71584,4.00076
"8489",848.8,29.9383658,-178.641575757576,4.001
"8490",848.9,29.9269077,-178.652643564356,4.001
"8491",849,29.934094,-178.64372,4.001
"8492",849.1,29.9350309090909,-178.611666666667,4.00023232323232
"8493",849.2,29.918360990099,-178.59553,4.00077
"8494",849.3,29.9180663636364,-178.59146,4.001
"8495",849.4,29.925511980198,-178.59716,4.00177
"8496",849.5,29.9195389,-178.65983,4.00046
"8497",849.6,29.9184633,-178.63565,4.00077
"8498",849.7,29.937921980198,-178.64764,4.001
"8499",849.8,29.9561745454545,-178.59571,4.00023
"8500",849.9,29.9340905940594,-178.58801,4.00077
"8501",850,29.9442566,-178.66261,4.001
"8502",850.1,29.9214192,-178.64627,4.001
"8503",850.2,29.9219556,-178.7085625,4.0003125
"8504",850.3,29.9304131313131,-178.700168316832,4.00064356435644
"8505",850.4,29.9299544554455,-178.643545454545,4.00172727272727
"8506",850.5,29.927297979798,-178.64544,4.002
"8507",850.6,29.9064283168317,-178.62872,4.00048
"8508",850.7,29.9039534,-178.5878,4.00076
"8509",850.8,29.9176334343434,-178.616919191919,4.00023232323232
"8510",850.9,29.905840990099,-178.67982,4
"8511",851,29.9023422222222,-178.563871287129,4
"8512",851.1,29.8903928712871,-178.65196969697,4.00076767676768
"8513",851.2,29.907083030303,-178.663554455446,4.00023762376238
"8514",851.3,29.9238618181818,-178.767080808081,4
"8515",851.4,29.9202091089109,-178.691,3.99877777777778
"8516",851.5,29.9000936363636,-178.56524,3.99868
"8517",851.6,29.8837810891089,-178.60892,3.99976
"8518",851.7,29.8864736363636,-178.62112,4
"8519",851.8,29.9001884,-178.64156,4.00076
"8520",851.9,29.8934221782178,-178.700434343434,4.001
"8521",852,29.8840754545455,-178.708376237624,4.001
"8522",852.1,29.8842931372549,-178.69536,4.001
"8523",852.2,29.8799770707071,-178.616,4.001
"8524",852.3,29.8931251,-178.5996,4.001
"8525",852.4,29.8772584,-178.65444,4.001
"8526",852.5,29.8796554545455,-178.546387387387,3.99963063063063
"8527",852.6,29.9116331683169,-178.508719101124,3.99973033707865
"8528",852.7,29.9074790909091,-178.529818181818,4
"8529",852.8,29.9065396,-178.49473,4
"8530",852.9,29.9009284,-178.527504587156,4
"8531",853,29.8968653535354,-178.46454945055,4.00074725274725
"8532",853.1,29.8876795049505,-178.456059405941,4.00023762376238
"8533",853.2,29.8967047474747,-178.45972,4
"8534",853.3,29.9019176237624,-178.39364,4.00076
"8535",853.4,29.8881488,-178.35248,4.00176
"8536",853.5,29.886528,-178.415858585859,4.00123232323232
"8537",853.6,29.9013611881188,-178.42099009901,4.00023762376238
"8538",853.7,29.8830048,-178.419838383838,4
"8539",853.8,29.8748173529412,-178.44179,4
"8540",853.9,29.8934244444444,-178.433514851485,4.00076237623762
"8541",854,29.8964026,-178.438212121212,4.00023232323232
"8542",854.1,29.8771528,-178.53186,4
"8543",854.2,29.877829,-178.475867256637,4
"8544",854.3,29.8891578,-178.448770114943,4.00073563218391
"8545",854.4,29.9032609090909,-178.492643564356,4.001
"8546",854.5,29.8777461386139,-178.43356,4.001
"8547",854.6,29.8402216,-178.477787878788,4.00023232323232
"8548",854.7,29.837284040404,-178.46598019802,4
"8549",854.8,29.859883,-178.43296969697,4
"8550",854.9,29.8465054545454,-178.447346534653,4
"8551",855,29.836196039604,-178.46616,4
"8552",855.1,29.8450772727273,-178.416226415094,4
"8553",855.2,29.8442508,-178.41585106383,4.00074468085106
"8554",855.3,29.8250792,-178.387686868687,4.001
"8555",855.4,29.8313416161616,-178.419693069307,4.00176237623762
"8556",855.5,29.8536730693069,-178.406898989899,4.00046464646465
"8557",855.6,29.8383258585858,-178.50218,4
"8558",855.7,29.8433607920792,-178.50143,4
"8559",855.8,29.8516625742574,-178.415,4
"8560",855.9,29.832928,-178.292388235294,4
"8561",856,29.811840990099,-178.29257,4
"8562",856.1,29.8099315151515,-178.41596,4
"8563",856.2,29.8493271287129,-178.40303,4
"8564",856.3,29.8656056565657,-178.34357,4
"8565",856.4,29.8621756,-178.324663366337,4
"8566",856.5,29.8648849,-178.396696969697,4
"8567",856.6,29.8560327272727,-178.377069306931,4
"8568",856.7,29.8463744,-178.370141414141,4
"8569",856.8,29.8544653535354,-178.32118,4
"8570",856.9,29.8663155,-178.32200990099,4
"8571",857,29.8862035,-178.279072072072,3.99931531531531
"8572",857.1,29.8820506060606,-178.239272727273,3.99973863636364
"8573",857.2,29.8645393069307,-178.241223300971,3.99850485436893
"8574",857.3,29.8397665,-178.266886597938,3.998
"8575",857.4,29.844365,-178.204623762376,3.998
"8576",857.5,29.8329443564356,-178.255161616162,3.99953535353535
"8577",857.6,29.8638640404041,-178.281574257426,4
"8578",857.7,29.8853153921569,-178.28984,4
"8579",857.8,29.8710527272727,-178.222909090909,4.00076767676768
"8580",857.9,29.8728504,-178.271450980392,4.00024509803922
"8581",858,29.8931056,-178.359909090909,4
"8582",858.1,29.8900084,-178.35212,4
"8583",858.2,29.9108652,-178.38252,3.99924
"8584",858.3,29.8742348484848,-178.355848484849,4.00053535353535
"8585",858.4,29.8693737623763,-178.31502970297,4.001
"8586",858.5,29.8588405050505,-178.33108,4.00024
"8587",858.6,29.876412,-178.312137931034,4
"8588",858.7,29.894588,-178.277285714286,4
"8589",858.8,29.8636055,-178.343464646465,4.00076767676768
"8590",858.9,29.8709298019802,-178.423940594059,4.00023762376238
"8591",859,29.8510231313131,-178.471939393939,4
"8592",859.1,29.8334835,-178.38398,4
"8593",859.2,29.8442155,-178.385495049505,4
"8594",859.3,29.8497505,-178.350474747475,3.99923232323232
"8595",859.4,29.861063,-178.372831683168,3.99976237623762
"8596",859.5,29.855031,-178.390909090909,4
"8597",859.6,29.8449575,-178.44102970297,4
"8598",859.7,29.853021,-178.413777777778,4.00076767676768
"8599",859.8,29.86411,-178.37867,4.00023
"8600",859.9,29.8748741584158,-178.4336,4.00077
"8601",860,29.87593,-178.470747826087,4.001
"8602",860.1,29.8594676,-178.4304,4.00027058823529
"8603",860.2,29.8648264,-178.43818,3.99923
"8604",860.3,29.8471256565657,-178.46833,4.00131
"8605",860.4,29.8375825,-178.476524752475,4.00047524752475
"8606",860.5,29.844564,-178.3706,4
"8607",860.6,29.8558546534654,-178.3712,4
"8608",860.7,29.8523424,-178.53932,4.00076
"8609",860.8,29.8602813131313,-178.466018181818,4.00030909090909
"8610",860.9,29.875,-178.4396,4.00073333333333
"8611",861,29.8769445,-178.3892,4.00024
"8612",861.1,29.891109,-178.417320754717,4
"8613",861.2,29.8930265,-178.379404255319,4.00297872340425
"8614",861.3,29.908658,-178.34708,4.00096
"8615",861.4,29.9027600990099,-178.30424,4
"8616",861.5,29.882205959596,-178.23595959596,4
"8617",861.6,29.8688194059406,-178.209851485149,4
"8618",861.7,29.8708272,-178.2488,4
"8619",861.8,29.8759804,-178.312666666667,4.00076767676768
"8620",861.9,29.8842932,-178.33339,4.00023
"8621",862,29.8802962626263,-178.26493,4.00077
"8622",862.1,29.8847061386139,-178.330355140187,4.00028037383178
"8623",862.2,29.9117478787879,-178.394107526882,4.00150537634408
"8624",862.3,29.8980466336634,-178.327,4.00127358490566
"8625",862.4,29.8924092,-178.288180851064,4.00024468085106
"8626",862.5,29.906698989899,-178.247643564356,4
"8627",862.6,29.9126222772277,-178.219111111111,4
"8628",862.7,29.9273028,-178.260775700935,4
"8629",862.8,29.9349168,-178.270720430108,4.00075268817204
"8630",862.9,29.9486356,-178.225306930693,3.99947524752475
