"","time_point","temperature","load","voltage"
"1",0,21.7677295,3.3291,3.393
"2",0.1,21.7777599009901,3.747,3.3946
"3",0.2,21.79575,3.40928571428571,3.393
"4",0.3,21.8001194029851,3.35926086956522,3.393
"5",0.4,21.794,3.61,3.394
"6",0.5,21.8502723762376,3.552,3.392
"8",0.7,21.7976642105263,3.52578431372549,3.393
"9",0.8,21.8166411764706,3.69512244897959,3.393
"10",0.9,21.82095,3.55092,3.393
"11",1,21.8086342574257,3.2386,3.393
"13",1.2,21.8162248120301,3.42176923076923,3.393
"14",1.3,21.8127060150376,3.44625925925926,3.393
"15",1.4,21.8211688888889,3.6548,3.393
"16",1.5,21.8422372277228,3.21022222222222,3.39228888888889
"17",1.6,21.8231728,3.36215217391304,3.39208695652174
"18",1.7,21.8116530597015,3.1538391959799,3.393
"19",1.8,21.8199590298507,3.14730653266332,3.393
"20",1.9,21.7999303759398,3.21,3.393
"21",2,21.8069679699248,3.33766666666667,3.393
"22",2.1,21.8304796969697,3.51186666666667,3.393
"23",2.2,21.8455385148515,3.50048888888889,3.39326666666667
"24",2.3,21.8163595,3.50288888888889,3.392
"25",2.4,21.8261050746269,3.32253191489362,3.393
"26",2.5,21.8205182089552,1.50765217391304,3.393
"27",2.6,21.79516,0.545787878787877,3.393
"28",2.7,21.8282236633663,0.823934426229505,3.39247540983607
"30",2.9,21.8359569402985,3.21853333333333,3.393
"31",3,21.8136509701493,3.36691111111111,3.393
"32",3.1,21.8121307,3.67973913043478,3.39317391304348
"33",3.2,21.8092418,3.47335555555556,3.392
"34",3.3,21.8103980808081,3.71035555555555,3.39231111111111
"35",3.4,21.8091776119403,2.846,3.393
"36",3.5,21.8065582089552,1.29066666666666,3.393
"37",3.6,21.7821394,0.391384615384615,3.393
"38",3.7,21.7756098019802,0.452816326530613,3.3924693877551
"39",3.8,21.7937304,0.45854347826087,3.39154347826087
"40",3.9,21.8244015,1.91184782608695,3.39263043478261
"41",4,21.8185689,3.31742307692308,3.393
"42",4.1,21.8144648120301,3.44444444444445,3.393
"43",4.2,21.8109460150376,3.414,3.392
"44",4.3,21.8290036,2.99165384615384,3.39226923076923
"45",4.4,21.8147853,1.41216666666667,3.393
"46",4.5,21.842246969697,1.83333333333334,3.392
"47",4.6,21.8622065671642,1.4,3.392
"48",4.7,21.8460349253731,0.397661971830986,3.392
"49",4.8,21.8452454,0.543173913043478,3.39117391304348
"50",4.9,21.815172,1.98964615384615,3.39270769230769
"51",5,21.8233076,3.29316666666667,3.393
"52",5.1,21.8251996992481,3.29328888888889,3.393
"53",5.2,21.8401696240601,3.45924,3.392
"54",5.3,21.8330385858586,3.13391836734694,3.39277551020408
"55",5.4,21.8702675247525,1.68988,3.393
"56",5.5,21.8764746,1.09721739130435,3.39271739130435
"57",5.6,21.8660048120301,2.13422448979592,3.392
"58",5.7,21.8624860150376,4.3940652173913,3.39182608695652
"59",5.8,21.8740448484848,5.98578260869566,3.393
"60",5.9,21.8551053465347,5.38861538461539,3.393
"61",6,21.8641380808081,4.77643859649123,3.393
"62",6.1,21.850394,4.20375,3.393
"63",6.2,21.8589866336634,3.63483333333333,3.393
"64",6.3,21.8859543283582,3.77525925925926,3.393
"65",6.4,21.8037355223881,3.76825,3.393
"66",6.5,21.81684,3.81638596491228,3.393
"67",6.6,21.81919,4.30697916666667,3.393
"68",6.7,21.8307840594059,4.47538775510204,3.39369387755102
"69",6.8,21.8390279,5.82528571428572,3.393
"70",6.9,21.8095480597015,5.34675,3.393
"71",7,21.81216,5.128,3.393
"72",7.1,21.8147702020202,4.20331914893617,3.393
"73",7.2,21.8402934,3.63488679245283,3.393
"74",7.3,21.8413964179104,3.77493333333333,3.393
"75",7.4,21.8392173134328,3.768,3.393
"76",7.5,21.8490305050505,3.80788,3.393
"77",7.6,21.8463601980198,4.06959259259259,3.393
"78",7.7,21.8570199,4.95235999999999,3.39368
"79",7.8,21.8334096969697,6.39188888888889,3.39144444444444
"80",7.9,21.8493267326733,6.02465306122449,3.393
"81",8,21.862388030303,5.038625,3.393
"82",8.1,21.8481910606061,4.09800000000001,3.39280769230769
"83",8.2,21.876453,2.30063829787232,3.393
"84",8.3,21.8704976,1.65200000000001,3.393
"85",8.4,21.8597404,2.70225,3.393
"86",8.5,21.8667081203008,3.1671875,3.393
"87",8.6,21.8711141353383,3.46534693877551,3.39244897959184
"88",8.7,21.8834972,3.59125,3.39391666666667
"89",8.8,21.8495402,5.31581249999999,3.39214583333333
"90",8.9,21.8724726,5.95226086956522,3.393
"91",9,21.8435258646617,4.83606521739131,3.393
"92",9.1,21.8598190977444,3.79043478260871,3.39236956521739
"93",9.2,21.8633467676768,1.74972549019606,3.393
"94",9.3,21.8744299009901,1.81915384615385,3.393
"95",9.4,21.8616644,2.88967391304348,3.393
"96",9.5,21.8766681203008,3.27515217391304,3.393
"97",9.6,21.8810741353383,3.46677358490566,3.39292452830189
"98",9.7,21.8750782828283,3.47530434782608,3.39208695652174
"99",9.8,21.8871895049505,3.42544897959184,3.39218367346939
"100",9.9,21.8899565656566,3.26581690140845,3.393
"101",10,21.9123891,3.39362711864407,3.393
"102",10.1,21.8590795049505,2.76689130434783,3.393
"103",10.2,21.8613146616541,2.1415,3.39383333333333
"104",10.3,21.8595477443609,1.74579245283019,3.39322641509434
"105",10.4,21.8839375757576,3.00173913043478,3.393
"106",10.5,21.860906,4.78233962264151,3.39122641509434
"107",10.6,21.8964098,6.83199999999999,3.393
"108",10.7,21.8928909022556,5.49243478260868,3.39189130434783
"109",10.8,21.8889360150376,4.45677528089888,3.393
"110",10.9,21.892001010101,4.26132989690722,3.393
"111",11,21.9011002,3.75066981132075,3.393
"112",11.1,21.8786671,3.5215,3.393
"113",11.2,21.8338884210526,3.17584375,3.393
"114",11.3,21.8748357894737,3.20060185185185,3.39271296296296
"115",11.4,21.8826909090909,3.24215053763441,3.39249462365591
"116",11.5,21.8724336633663,2.96323529411764,3.394
"117",11.6,21.8712224,3.16185714285715,3.39371428571429
"118",11.7,21.8681614,3.12294230769231,3.393
"119",11.8,21.8611698019802,3.42054,3.393
"120",11.9,21.8741590909091,3.23023529411765,3.393
"121",12,21.8706136363636,3.20888,3.393
"122",12.1,21.8410848484848,3.41985714285714,3.393
"123",12.2,21.8517791,3.84852688172044,3.39272043010753
"124",12.3,21.8463127,4.72957692307692,3.39295192307692
"125",12.4,21.8899047368421,4.94352427184466,3.39443689320388
"126",12.5,21.8850626315789,5.57201075268817,3.39216129032258
"127",12.6,21.8682375757576,6.09310256410256,3.39084615384615
"128",12.7,21.8891297029703,5.95052380952381,3.393
"129",12.8,21.8779886,5.24344444444445,3.393
"130",12.9,21.8607348120301,4.97565934065934,3.393
"131",13,21.8589754135338,3.45962000000002,3.393
"132",13.1,21.8685554545455,0.914666666666668,3.39266666666667
"133",13.2,21.8770493069307,0.747269841269841,3.39226984126984
"134",13.3,21.8917296969697,0.749901234567906,3.393
"135",13.4,21.8599276119403,1.23672277227723,3.393
"136",13.5,21.8511813432836,1.39292523364486,3.393
"137",13.6,21.8706845,1.55040425531915,3.393
"138",13.7,21.887798,2.01892708333333,3.393
"139",13.8,21.8718015151515,2.37154901960784,3.39271568627451
"140",13.9,21.8696195049505,2.59822580645161,3.39229032258064
"141",14,21.8847025,2.59923008849558,3.393
"142",14.1,21.8628970149254,2.67717045454545,3.39276136363636
"143",14.2,21.8554641791045,2.80366666666667,3.39233333333333
"144",14.3,21.8423238383838,2.7212,3.39334
"145",14.4,21.8565205882353,2.79418811881188,3.39332673267327
"146",14.5,21.8708895959596,2.83267,3.392
"147",14.6,21.8856647761194,2.72585321100917,3.39230275229358
"148",14.7,21.8424035820895,2.74933884297521,3.393
"149",14.8,21.8156506,2.57818571428571,3.393
"150",14.9,21.7859658,2.42402,3.393
"151",15,21.7943668686869,2.48106299212598,3.393
"152",15.1,21.7844761940298,2.65463636363636,3.393
"153",15.2,21.7993493283582,2.64297849462365,3.393
"154",15.3,21.7800353,2.34730769230768,3.39269230769231
"155",15.4,21.7835987,1.02313978494624,3.39174193548387
"156",15.5,21.7885521212121,0.814454545454544,3.39372727272727
"157",15.6,21.7839384,1.12134042553191,3.393
"158",15.7,21.8097966336634,1.14675,3.393
"159",15.8,21.8093752631579,1.06548314606742,3.393
"160",15.9,21.8142173684211,1.76042857142857,3.39268571428571
"161",16,21.7909296969697,3.68068000000002,3.392
"162",16.1,21.8235752,4.56499999999999,3.39226923076923
"163",16.2,21.8167756,5.14061290322581,3.393
"164",16.3,21.8293966165414,5.33495918367347,3.39268367346939
"165",16.4,21.8355620300752,5.42526,3.39332
"166",16.5,21.8346190909091,4.96067857142855,3.39511607142857
"167",16.6,21.821948019802,3.86957499999999,3.393
"168",16.7,21.8184766,2.62264516129032,3.393
"169",16.8,21.8325318656716,2.57263414634147,3.393
"170",16.9,21.8089273880597,2.47362,3.393
"171",17,21.8191821,2.63904255319149,3.393
"172",17.1,21.7997447,2.68148,3.393
"173",17.2,21.7960915151515,2.86412,3.39332
"174",17.3,21.78814,2.63406542056076,3.39310280373832
"175",17.4,21.78814,1.93453703703704,3.39169444444444
"176",17.5,21.8011456,2.06294318181819,3.39380681818182
"177",17.6,21.7756056,2.27983495145631,3.393
"178",17.7,21.771386,2.37798,3.393
"179",17.8,21.8036768,2.55212903225806,3.393
"180",17.9,21.7676044,2.64331355932203,3.393
"181",18,21.7396798507463,2.74264516129033,3.39283870967742
"182",18.1,21.758926119403,3.71009708737864,3.392
"183",18.2,21.7787347,4.00941860465116,3.39222093023256
"184",18.3,21.7591010891089,3.99330693069307,3.393
"185",18.4,21.7679495959596,3.9352347826087,3.39327826086957
"186",18.5,21.7831352238806,3.90082978723403,3.39363829787234
"187",18.6,21.7726426865672,3.63725,3.39225
"188",18.7,21.7890189,2.96228571428568,3.393
"189",18.8,21.7807388,1.26609734513277,3.393
"190",18.9,21.8073157575758,0.376908045977011,3.393
"191",19,21.8213949253731,0.595554455445548,3.39332673267327
"192",19.1,21.8327680597015,0.790709090909091,3.39341818181818
"193",19.2,21.8334608,0.931948453608249,3.392
"194",19.3,21.8390588,1.03769892473118,3.3922688172043
"195",19.4,21.8517792,1.06136,3.393
"196",19.5,21.8466264,1.10254545454546,3.39270909090909
"197",19.6,21.8443332,1.43346391752577,3.39222680412371
"198",19.7,21.8426460902256,1.68076595744681,3.393
"199",19.8,21.8285483458647,1.82928571428571,3.393
"200",19.9,21.8177856,1.94914634146342,3.39273170731707
"201",20,21.8120428,2.03423076923077,3.392
"202",20.1,21.8090639393939,2.15345901639344,3.392
"203",20.2,21.8051423880597,2.06849999999999,3.392
"204",20.3,21.8055901492537,1.42132467532471,3.39212987012987
"205",20.4,21.8107984,0.292976000000002,3.393
"206",20.5,21.8209401980198,0.438586666666675,3.393
"207",20.6,21.8359681818182,0.695159999999999,3.393
"208",20.7,21.8652488059702,0.74089,3.393
"209",20.8,21.8307189552239,0.85241025641025,3.393
"210",20.9,21.7949316,1.10151111111111,3.393
"211",21,21.8020108,1.36626732673267,3.39325742574257
"212",21.1,21.7686396,2.03669158878504,3.39376635514019
"213",21.2,21.7507006766917,2.6844,3.393
"214",21.3,21.752467593985,2.76872,3.393
"215",21.4,21.7513990909091,2.87704,3.393
"216",21.5,21.7551285,2.9022,3.393
"217",21.6,21.738784,2.90896116504854,3.393
"218",21.7,21.7050455,3.26992156862747,3.393
"219",21.8,21.74035,3.85259595959596,3.39276767676768
"220",21.9,21.7237933082707,3.97788,3.392
"221",22,21.7418760150376,3.97595604395604,3.392
"222",22.1,21.7433348,3.81777777777778,3.392
"223",22.2,21.7652666336634,3.96744565217392,3.39227173913044
"224",22.3,21.7649958415842,4.05323000000001,3.393
"225",22.4,21.773954887218,3.4337476635514,3.393
"226",22.5,21.7386992481203,2.67783870967742,3.393
"227",22.6,21.7310165,2.86320588235294,3.393
"228",22.7,21.7411972,2.83007070707071,3.393
"229",22.8,21.738956969697,2.8358,3.39268
"230",22.9,21.7233105263158,2.95956,3.39232
"231",23,21.7585736842105,3.19207070707071,3.39267676767677
"232",23.1,21.7840065,3.21697368421052,3.39228947368421
"233",23.2,21.794961,3.4462,3.393
"234",23.3,21.8022295,3.21951612903226,3.393
"235",23.4,21.8035515,3.35607894736842,3.393
"236",23.5,21.8180779207921,3.50139999999999,3.393
"237",23.6,21.81713,3.35754545454545,3.393
"238",23.7,21.76563,3.36683333333334,3.39269444444444
"239",23.8,21.762327,3.55708490566037,3.3922358490566
"240",23.9,21.7730265,3.12659302325586,3.39322093023256
"241",24,21.7766175,0.600716981132074,3.39368867924528
"242",24.1,21.8032963909774,0.549010638297872,3.39271276595745
"243",24.2,21.8134242105263,0.599486486486488,3.3922972972973
"244",24.3,21.794197,0.711835164835164,3.39275824175824
"245",24.4,21.8187357425743,0.782489999999999,3.39231
"246",24.5,21.7885576,0.944750000000002,3.393
"247",24.6,21.8120178947368,0.994268907563027,3.393
"248",24.7,21.7939652631579,1.0278105263158,3.393
"249",24.8,21.7785824242424,2.00709302325581,3.393
"250",24.9,21.78896,2.102088,3.393
"251",25,21.80454,2.08069620253165,3.39284810126582
"252",25.1,21.8049806015038,2.19925,3.392
"253",25.2,21.8137926315789,2.10556382978723,3.39459574468085
"254",25.3,21.8157276767677,2.0795,3.393
"255",25.4,21.8038748514851,2.25640816326531,3.39270408163265
"256",25.5,21.7747195959596,2.17120792079207,3.39230693069307
"257",25.6,21.7761208,1.95866666666667,3.39274358974359
"258",25.7,21.7790924752475,1.91731707317073,3.39215853658537
"259",25.8,21.7576576691729,2.04318811881188,3.39269306930693
"260",25.9,21.7810110526316,2.0786,3.3923
"261",26,21.7640980808081,2.10316666666666,3.39327777777778
"262",26.1,21.777004,1.83724999999999,3.394
"263",26.2,21.766251,2.08010204081633,3.39373469387755
"264",26.3,21.77349,2.03509345794393,3.393
"265",26.4,21.77349,2.24800000000001,3.393
"266",26.5,21.7757391919192,3.38362790697674,3.393
"267",26.6,21.7633231683168,3.3642972972973,3.39272972972973
"268",26.7,21.767514,3.43555056179775,3.39221348314607
"269",26.8,21.7318921804511,3.47275675675676,3.393
"270",26.9,21.7323357894737,3.3840808080808,3.393
"271",27,21.7341180808081,3.58984615384615,3.393
"272",27.1,21.765641,3.49618691588785,3.393
"273",27.2,21.7737416,3.50622222222222,3.393
"274",27.3,21.8153352475248,3.22582653061226,3.39276530612245
"275",27.4,21.8291397029703,2.15190196078431,3.39224509803922
"276",27.5,21.840643030303,2.07434042553191,3.393
"277",27.6,21.8499687878788,2.10948484848485,3.393
"278",27.7,21.8577275,2.25354716981132,3.393
"279",27.8,21.8459315,2.17184466019417,3.393
"280",27.9,21.8753225,2.35917391304348,3.393
"281",28,21.8738577443609,2.24169,3.39329
"282",28.1,21.8778126315789,2.13129357798165,3.39373394495413
"283",28.2,21.9041234343434,2.3924065934066,3.39278021978022
"284",28.3,21.9035095,3.33919230769231,3.39227884615385
"285",28.4,21.881328,3.129,3.393
"286",28.5,21.8821660902256,3.30838613861386,3.393
"287",28.6,21.8768878947368,3.45025,3.393
"288",28.7,21.8855637373737,3.29826506024096,3.39267469879518
"289",28.8,21.8674191089109,3.35014583333333,3.3908125
"290",28.9,21.8700198989899,3.4838,3.393
"291",29,21.8569081954887,3.72952830188679,3.393
"292",29.1,21.8608781203008,3.40011578947368,3.393
"293",29.2,21.8705636363636,2.09116161616162,3.393
"294",29.3,21.8400886138614,-0.713811881188125,3.393
"295",29.4,21.829553030303,-0.455525252525253,3.393
"296",29.5,21.8260302,-0.322405940594058,3.393
"297",29.6,21.8157517821782,-0.251318181818182,3.393
"298",29.7,21.8157663909774,-0.255863636363636,3.393
"299",29.8,21.7977062406015,0.00414444444444324,3.39221111111111
"300",29.9,21.7920627272727,0.123487804878048,3.39323577235772
"301",30,21.7880616,0.344454545454546,3.39392207792208
"302",30.1,21.7775198,0.496878787878787,3.393
"303",30.2,21.7777945864662,0.810700000000002,3.393
"304",30.3,21.8007043609023,0.95463793103449,3.393
"305",30.4,21.7810033333333,0.744833333333331,3.393
"306",30.5,21.7800811881188,1.05507438016529,3.393
"307",30.6,21.7884582,1.12918867924528,3.39316981132075
"308",30.7,21.7669802255639,1.23726168224299,3.39491588785047
"309",30.8,21.7854839849624,1.17931775700935,3.39211214953271
"310",30.9,21.78787,1.59906172839506,3.39212345679012
"311",31,21.7926269306931,1.71332323232323,3.393
"312",31.1,21.7877690909091,1.7289,3.393
"313",31.2,21.7574469,1.54990163934426,3.393
"314",31.3,21.7922726732673,1.01609302325581,3.393
"315",31.4,21.7764446616541,1.02101923076923,3.39278846153846
"316",31.5,21.7671890225564,1.03829787234043,3.392
"317",31.6,21.7464563636364,1.07175,3.39125
"318",31.7,21.728083,1.13828712871287,3.39066336633663
"319",31.8,21.7384791,1.13351546391753,3.39444329896907
"320",31.9,21.7176731578947,1.18161111111111,3.39272222222222
"321",32,21.7242896992481,1.25384782608696,3.39223913043478
"322",32.1,21.7206733333333,1.25181132075472,3.393
"323",32.2,21.7275989108911,1.72303157894726,3.393
"324",32.3,21.710751,3.05825490196079,3.393
"325",32.4,21.7282786466165,2.95775,3.39275
"326",32.5,21.7172560902256,2.85979591836734,3.39180612244898
"327",32.6,21.7248063636364,3.01992307692308,3.39146153846154
"328",32.7,21.7424608910891,3.06248717948719,3.393
"329",32.8,21.7429033333333,2.91321428571429,3.39284523809524
"330",32.9,21.7400558208955,2.95368000000001,3.39229
"331",33,21.722996119403,3.02781981981981,3.393
"332",33.1,21.7221157,2.87161797752809,3.393
"333",33.2,21.6976177,2.90845631067962,3.393
"334",33.3,21.7491598989899,2.36008163265312,3.393
"335",33.4,21.7530634653465,1.03400000000001,3.393
"336",33.5,21.754437,0.804781609195399,3.393
"337",33.6,21.7582191791045,1.01352336448598,3.393
"338",33.7,21.757778880597,1.03276344086021,3.39252688172043
"339",33.8,21.7608678787879,1.27704901960785,3.39128431372549
"340",33.9,21.7389584158416,1.1941875,3.39224107142857
"341",34,21.7554266666667,1.30483333333334,3.393
"342",34.1,21.7559469402985,1.5594867256637,3.393
"343",34.2,21.7397603731343,1.39053658536585,3.393
"344",34.3,21.7315817,1.60727777777778,3.393
"345",34.4,21.7600175247525,1.05088888888891,3.393
"346",34.5,21.7764693939394,-1.19925806451618,3.393
"347",34.6,21.786257238806,-2.60254455445544,3.393
"348",34.7,21.7845035074627,-2.49699074074074,3.39273148148148
"349",34.8,21.7721548,-2.50056382978723,3.39222340425532
"350",34.9,21.769099,-1.9969,3.393
"351",35,21.7571629292929,-1.75497701149425,3.393
"352",35.1,21.7517436633663,-1.73846236559139,3.393
"353",35.2,21.7637058,-1.56775471698113,3.393
"354",35.3,21.7507536842105,-1.62415384615385,3.393
"355",35.4,21.7525206015038,-1.5688,3.393
"356",35.5,21.7696070707071,-1.09460606060605,3.393
"357",35.6,21.7524778217822,-0.346078947368384,3.393
"358",35.7,21.788844040404,0.328556701030922,3.39317525773196
"359",35.8,21.8059295522388,0.420652173913045,3.39378260869565
"360",35.9,21.8085489552239,0.414730769230768,3.393
"361",36,21.8032215,0.49,3.393
"362",36.1,21.7953589108911,0.432571428571425,3.393
"363",36.2,21.820792,0.358946808510633,3.393
"364",36.3,21.8092566165414,0.62353846153846,3.393
"365",36.4,21.8097002255639,0.855734939759041,3.39249397590361
"366",36.5,21.8072016,0.7844326923077,3.39119230769231
"367",36.6,21.8179914,0.354154639175261,3.39372164948454
"368",36.7,21.800149,0.685637931034483,3.393
"369",36.8,21.7749663157895,0.656500000000005,3.393
"370",36.9,21.804485112782,0.486428571428571,3.393
"371",37,21.8273072727273,0.262598039215687,3.393
"372",37.1,21.8251424,0.0600322580645087,3.393
"373",37.2,21.8117652,-0.174818181818179,3.39245454545455
"374",37.3,21.8020336,-0.275736842105252,3.39121052631579
"375",37.4,21.8192930693069,-0.307250000000013,3.39225
"376",37.5,21.8071363157895,0.787421052631555,3.393
"377",37.6,21.810655112782,2.3273,3.393
"378",37.7,21.8075712,2.50893457943924,3.393
"379",37.8,21.822164,2.56626881720431,3.393
"380",37.9,21.7915368,2.42783168316832,3.393
"381",38,21.7898384210526,2.57039622641511,3.393
"382",38.1,21.7889587218045,2.90870588235294,3.393
"383",38.2,21.7789768,2.9336923076923,3.39276923076923
"384",38.3,21.78814,2.766,3.39111764705882
"385",38.4,21.7883857,2.10481739130436,3.38997391304348
"386",38.5,21.7914652631579,1.70913953488372,3.393
"387",38.6,21.7888261654135,1.86270754716981,3.393
"388",38.7,21.790922,1.98397368421053,3.393
"389",38.8,21.805274,1.87936842105262,3.393
"390",38.9,21.830184,2.22338461538461,3.39273504273504
"391",39,21.7881754887218,2.39457831325301,3.3921686746988
"392",39.1,21.7886190977444,2.51977310924373,3.39273949579832
"393",39.2,21.8039593939394,3.01982608695652,3.39239130434783
"394",39.3,21.8039518181818,3.34323595505617,3.39477528089888
"395",39.4,21.7856808,3.46854,3.39369
"396",39.5,21.8046436,3.33013492063492,3.393
"397",39.6,21.8049310891089,3.2478024691358,3.393
"398",39.7,21.7937242105263,3.14771681415928,3.393
"399",39.8,21.7646415037594,3.29350617283951,3.393
"400",39.9,21.7429908080808,2.43344444444444,3.393
"401",40,21.7662874257426,0.109800000000001,3.393
"402",40.1,21.7730272,-0.220580645161276,3.393
"403",40.2,21.7966194736842,0.0432432432432387,3.39326126126126
"404",40.3,21.7754690977444,0.124363636363636,3.39381818181818
"405",40.4,21.7685606060606,-0.0878620689655177,3.3927816091954
"406",40.5,21.7570976,-0.0125825242718412,3.392
"407",40.6,21.7533028,0.191865979381457,3.39229896907216
"408",40.7,21.7831936842105,0.499413793103447,3.393
"409",40.8,21.7726147368421,0.557714285714282,3.393
"410",40.9,21.7804254545455,0.603000000000004,3.393
"411",41,21.7786111,0.518063829787241,3.393
"412",41.1,21.770402,0.620919999999994,3.393
"413",41.2,21.7643107,0.385396039603971,3.393
"414",41.3,21.7775961386139,0.254088235294117,3.39330392156863
"415",41.4,21.7698966165414,0.479350515463919,3.3931030927835
"416",41.5,21.7469793233083,0.564200000000005,3.39132
"417",41.6,21.7430316161616,0.627909090909086,3.39229090909091
"418",41.7,21.7733668,0.416900763358786,3.393
"419",41.8,21.7668744,-0.0426412213740443,3.393
"420",41.9,21.7837296992481,-0.683939393939404,3.393
"421",42,21.7652259398496,-0.461580000000001,3.39267
"422",42.1,21.7711527272727,-0.48519444444444,3.392
"423",42.2,21.7653781188119,-0.163304347826095,3.39335869565217
"424",42.3,21.7737172,1.38944230769236,3.39573076923077
"425",42.4,21.7887366917293,3.76313541666667,3.393
"426",42.5,21.7741953383459,3.94784403669725,3.393
"427",42.6,21.7609770707071,3.81414018691588,3.393
"428",42.7,21.7465201,3.46811538461541,3.393
"429",42.8,21.7590411,2.41796551724143,3.39285057471264
"430",42.9,21.7664052631579,-0.332978947368415,3.39227368421053
"431",43,21.759352631579,-0.0870370370370373,3.39271296296296
"432",43.1,21.7699786363636,0.0586804123711453,3.39247422680412
"433",43.2,21.7766301515152,0.192250000000021,3.3935
"434",43.3,21.7626163636364,-0.389622222222209,3.39224444444444
"435",43.4,21.764695,-0.704076923076931,3.39330769230769
"436",43.5,21.7585587128713,-0.61038144329897,3.39371134020619
"437",43.6,21.750590075188,-0.773509615384611,3.393
"438",43.7,21.7501464661654,-0.743588235294109,3.393
"439",43.8,21.7640842424242,-0.80128282828283,3.393
"440",43.9,21.753005049505,-0.662203883495154,3.393
"441",44,21.7106932,-0.770402061855656,3.393
"442",44.1,21.7029637593985,-0.139604166666641,3.393
"443",44.2,21.7007607518797,0.77652941176468,3.39270588235294
"444",44.3,21.6832081818182,1.2034854368932,3.39254368932039
"445",44.4,21.7160552475247,1.24635106382979,3.39346808510638
"446",44.5,21.7111747474748,0.662527272727285,3.39228181818182
"447",44.6,21.7215778195489,-0.404370786516862,3.393
"448",44.7,21.711442481203,-0.905752475247524,3.393
"449",44.8,21.7256890909091,-1.2090909090909,3.39271818181818
"450",44.9,21.7391512871287,-2.56372727272727,3.39221212121212
"451",45,21.7313927272727,-4.71808888888889,3.39275555555556
"452",45.1,21.739434,-4.45472000000001,3.39168
"453",45.2,21.7475441584158,-4.57400854700855,3.3912735042735
"454",45.3,21.7311342537313,-4.49490322580645,3.39183870967742
"455",45.4,21.7425148507463,-4.01166315789474,3.39146315789474
"456",45.5,21.7782629292929,-3.84506315789473,3.393
"457",45.6,21.7694788,-3.66252475247525,3.393
"458",45.7,21.7430276,-3.62559090909091,3.393
"459",45.8,21.7375903030303,-3.62573333333333,3.39276666666667
"460",45.9,21.7504690909091,-3.65282608695652,3.392
"461",46,21.7449336363636,-3.71837931034483,3.39181609195402
"462",46.1,21.7439195049505,-3.8140101010101,3.39158585858586
"463",46.2,21.7716963,-3.80299999999999,3.39273684210526
"464",46.3,21.7550270676692,-3.86508695652174,3.39217391304348
"465",46.4,21.7713278195489,-3.81421739130435,3.393
"466",46.5,21.7657581818182,-3.99828,3.393
"467",46.6,21.7587815841584,-4.0878527131783,3.393
"468",46.7,21.75745,-4.15153424657534,3.393
"469",46.8,21.7497154135338,-4.31046551724138,3.393
"470",46.9,21.7523695488722,-4.3669024390244,3.393
"471",47,21.7665479699248,-4.57641176470588,3.3933137254902
"472",47.1,21.7674276691729,-4.70798360655738,3.39375409836066
"473",47.2,21.7649363636364,-4.93705194805195,3.3928961038961
"474",47.3,21.7678699009901,-5.19212871287128,3.39230693069307
"475",47.4,21.774074,-5.84954545454545,3.393
"476",47.5,21.7685796992481,-5.9924765625,3.393
"477",47.6,21.7663766917293,-6.34554166666666,3.39295833333333
"478",47.7,21.7666172727273,-4.69634259259261,3.392
"479",47.8,21.7561424752475,-3.91857425742577,3.39177227722772
"480",47.9,21.7549843,-2.9483296703297,3.39124175824176
"481",48,21.7751317910448,-2.17050485436894,3.392
"482",48.1,21.773818358209,-2.82377319587632,3.39257731958763
"483",48.2,21.7700425,-3.28272641509433,3.394
"484",48.3,21.7520305,-3.63171276595744,3.39373404255319
"485",48.4,21.7426954545455,-4.02387878787879,3.393
"486",48.5,21.7454813432836,-4.28087272727273,3.393
"487",48.6,21.7467947761194,-4.48360000000002,3.393
"488",48.7,21.727827,-4.66972413793104,3.39272413793103
"489",48.8,21.748752,-4.53591578947368,3.392
"490",48.9,21.7882424242424,-4.8213829787234,3.392
"491",49,21.7727243564356,-4.96800000000001,3.39227272727273
"492",49.1,21.76347,-5.22811538461538,3.393
"493",49.2,21.7327532835821,-5.12839393939394,3.39348484848485
"494",49.3,21.694686119403,-5.24155102040816,3.39448979591837
"495",49.4,21.6653809,-5.39692857142857,3.393
"496",49.5,21.6830236,-5.402,3.393
"497",49.6,21.7042072727273,-5.38698947368421,3.393
"498",49.7,21.6967546268657,-5.30811111111111,3.39274074074074
"499",49.8,21.6915008955224,-5.19338297872341,3.39221276595745
"500",49.9,21.679679,-5.00655670103092,3.39273195876289
"501",50,21.70955,-5.05529464285718,3.39174107142857
"502",50.1,21.6931172727273,-6.15216091954026,3.39158620689655
"503",50.2,21.6924146268657,-7.14736633663362,3.39370297029703
"504",50.3,21.6906608955224,-8.24990833333328,3.393
"505",50.4,21.693056,-9.85525961538462,3.393
"506",50.5,21.685195,-10.115987804878,3.393
"507",50.6,21.6724184848485,-9.60838983050846,3.393
"508",50.7,21.6839258415842,-9.1910666666667,3.393
"509",50.8,21.708892,-8.60805882352941,3.393
"510",50.9,21.7061104511278,-8.51809375,3.39278125
"512",51.1,21.681264,-8.71089999999999,3.39378
"513",51.2,21.696576,-8.62177777777777,3.393
"514",51.3,21.7079739393939,-8.73275531914894,3.393
"515",51.4,21.7276702985075,-8.7581,3.393
"516",51.5,21.7534911940298,-8.98823214285716,3.393
"517",51.6,21.74717,-9.42606315789473,3.393
"518",51.7,21.7739047524752,-9.35171739130434,3.393
"519",51.8,21.7715645454545,-9.79381132075472,3.39356603773585
"520",51.9,21.7647659701492,-10.31616,3.39476
"521",52,21.7713256716418,-11.1055957446809,3.39348936170213
"522",52.1,21.779575,-11.6695660377359,3.39228301886792
"523",52.2,21.780635,-12.0898571428571,3.393
"524",52.3,21.773132,-12.048375,3.393
"525",52.4,21.792994,-11.4276521739131,3.393
"526",52.5,21.808115,-9.71731578947367,3.39257894736842
"527",52.6,21.787843,-8.64028571428563,3.39110204081633
"528",52.7,21.791594,-7.17048780487805,3.39229268292683
"529",52.8,21.801678,-6.77979591836734,3.394
"530",52.9,21.79886,-7.27542857142857,3.394
"531",53,21.771403030303,-7.5554210526316,3.39336842105263
"532",53.1,21.791491641791,-8.17989473684214,3.39152631578947
"533",53.2,21.7635065671642,-8.82029999999998,3.393
"534",53.3,21.760294,-9.22476699029126,3.393
"535",53.4,21.761533,-9.64712371134021,3.39272164948454
"536",53.5,21.749749,-9.99776635514019,3.39228037383178
"537",53.6,21.7584532330827,-10.3981290322581,3.393
"538",53.7,21.7663855639098,-10.6864117647059,3.393
"539",53.8,21.7643025,-10.7875098039216,3.39272549019608
"540",53.9,21.7648395049505,-10.7950793650794,3.39179365079365
"542",54.1,21.78784,-10.7300679611651,3.39218446601942
"543",54.2,21.766107,-11.1766744186047,3.393
"544",54.3,21.738787,-11.1351467889908,3.393
"545",54.4,21.759651,-11.1249587628866,3.393
"546",54.5,21.763757,-10.459064516129,3.39274193548387
"547",54.6,21.735442,-10.17908,3.392
"548",54.7,21.7486603030303,-9.91520000000001,3.39169
"549",54.8,21.7652934586466,-9.55230088495575,3.39154867256637
"550",54.9,21.7441430827068,-10.1524210526316,3.393
"551",55,21.7574756,-10.9271875,3.393
"552",55.1,21.7518557,-11.7252268041237,3.393
"553",55.2,21.7554025,-12.5243,3.393
"554",55.3,21.7430912781955,-13.5441100917431,3.393
"555",55.4,21.754557443609,-14.5161111111111,3.39280555555556
"556",55.5,21.7537243,-15.1311829268293,3.39215853658537
"557",55.6,21.7774203960396,-15.11391,3.39269
"558",55.7,21.768042,-15.0458090909091,3.39228181818182
"559",55.8,21.7838221052632,-14.7862307692308,3.39276923076923
"560",55.9,21.7992431578947,-14.8939,3.3917
"561",56,21.7859639393939,-14.9674,3.3913
"562",56.1,21.7757208,-14.9293,3.3923
"563",56.2,21.7687055,-14.9633,3.393
"564",56.3,21.794536,-15.0876,3.393
"565",56.4,21.7815987128713,-15.1698787878788,3.39269696969697
"566",56.5,21.791973030303,-15.3827946428571,3.39227678571429
"567",56.6,21.7621021,-15.4524545454546,3.39278409090909
"568",56.7,21.7515969,-15.65694,3.39231
"569",56.8,21.7617399,-15.86473,3.39269
"570",56.9,21.7803824,-16.09379,3.392
"571",57,21.7780415789474,-16.2638787878788,3.39231313131313
"572",57.1,21.7661468421053,-16.5257247706422,3.393
"573",57.2,21.7710653,-16.79346,3.393
"574",57.3,21.7839754,-17.279,3.393
"575",57.4,21.7785026,-17.4643644859813,3.393
"576",57.5,21.7773893233083,-17.8496732673267,3.39276237623762
"577",57.6,21.7862013533835,-18.2392277227723,3.39245544554455
"578",57.7,21.7943255555556,-18.6022173913043,3.39423913043478
"579",57.8,21.7490733663366,-18.7006046511628,3.39453488372093
"580",57.9,21.7416375,-18.4812173913044,3.393
"581",58,21.73821,-16.9930693069306,3.393
"582",58.1,21.7250589108911,-15.952801980198,3.393
"583",58.2,21.7417833333333,-15.0840434782609,3.393
"584",58.3,21.7474331,-14.5881290322581,3.393
"585",58.4,21.755191,-15.3388453608247,3.39277319587629
"586",58.5,21.7572923,-16.4063786407767,3.3924854368932
"587",58.6,21.7497343,-17.1775607476636,3.39379439252336
"588",58.7,21.786725,-17.7167222222222,3.393
"589",58.8,21.7578613636364,-18.4911818181818,3.39290909090909
"590",58.9,21.7323168,-18.9912178217822,3.39229702970297
"591",59,21.7569396,-19.4328661417323,3.393
"592",59.1,21.7533072,-19.5135,3.393
"593",59.2,21.7337968421053,-20.0638787878788,3.393
"594",59.3,21.7302705263158,-20.3264851485148,3.393
"595",59.4,21.7506344444444,-20.6686,3.3927
"596",59.5,21.7281773267327,-20.9919,3.3914
"597",59.6,21.7006613,-20.9521212121212,3.39090909090909
"598",59.7,21.695205112782,-21.0666274509804,3.39239215686275
"599",59.8,21.6550697744361,-21.0791717171717,3.39158585858586
"600",59.9,21.6753133333333,-21.142303030303,3.393
"601",60,21.6668671287129,-21.3867524752475,3.393
"602",60.1,21.6534166666667,-21.2218,3.393
"603",60.2,21.6509824,-20.8218834951457,3.393
"604",60.3,21.6915538613861,-19.9631546391753,3.39272164948454
"605",60.4,21.6706277777778,-19.697696969697,3.392
"606",60.5,21.6658816831683,-19.7178392857143,3.39227678571429
"607",60.6,21.64774,-19.8290681818182,3.39278409090909
"608",60.7,21.6619216,-20.99938,3.392
"609",60.8,21.677638,-22.5064,3.39231
"610",60.9,21.6774755639098,-24.5883088235294,3.393
"611",61,21.6933552631579,-25.4280147058824,3.393
"612",61.1,21.6796777777778,-26.50915,3.393
"613",61.2,21.6710032,-26.579328125,3.393
"614",61.3,21.677498,-26.480890625,3.393
"615",61.4,21.6874155639098,-26.3262211538462,3.39327884615385
"616",61.5,21.6882952631579,-26.4434761904762,3.3937619047619
"617",61.6,21.6922666666667,-26.6842,3.3928
"618",61.7,21.6789494059406,-26.5313434343434,3.39240404040404
"619",61.8,21.6652568,-26.3906739130435,3.39377173913043
"620",61.9,21.692632,-27.0217142857143,3.393
"621",62,21.723636039604,-26.7954204545454,3.393
"622",62.1,21.7285422222222,-26.6786050420169,3.393
"623",62.2,21.7343128712871,-27.7615555555556,3.39287654320988
"624",62.3,21.7311555555556,-27.0666274509804,3.39228431372549
"625",62.4,21.732478,-27.56686,3.39327
"626",62.5,21.7193896,-28.4392211538461,3.39348076923077
"627",62.6,21.7470545454545,-27.8956057692308,3.392
"628",62.7,21.7368424242424,-27.9374,3.392
"629",62.8,21.7556493939394,-29.1810631578947,3.39225263157895
"630",62.9,21.7453513,-28.9185046728972,3.393
"631",63,21.742006,-28.5389032258065,3.393
"632",63.1,21.7221961654135,-29.2322121212122,3.393
"633",63.2,21.7424743609023,-30.872592920354,3.393
"634",63.3,21.7291193939394,-30.5405463917526,3.39282474226804
"635",63.4,21.7068628712871,-30.0361428571428,3.39261224489796
"636",63.5,21.715998,-29.6176989247312,3.39452688172043
"637",63.6,21.6882804477612,-30.1727641509435,3.393
"638",63.7,21.7110341791045,-32.0117,3.393
"639",63.8,21.7144272727273,-31.4790096153846,3.393
"640",63.9,21.7325359405941,-30.9230888888889,3.393
"641",64,21.7332621212121,-30.6049545454546,3.393
"642",64.1,21.7359326732673,-30.4245714285714,3.39281904761905
"643",64.2,21.7447256,-30.6451666666667,3.392
"644",64.3,21.7561831683168,-30.4333762376238,3.39170297029703
"645",64.4,21.7789071,-30.0563551401869,3.39154205607477
"646",64.5,21.7695744444444,-29.9155268817205,3.393
"647",64.6,21.7646238613861,-29.5972105263158,3.39249122807017
"648",64.7,21.7878744444444,-29.483,3.39145454545455
"649",64.8,21.8012188721804,-31.0825505617979,3.3938202247191
"650",64.9,21.7734594736842,-33.276387755102,3.393
"651",65,21.7611672727273,-32.5755,3.393
"652",65.1,21.7627147524752,-32.3477142857143,3.393
"653",65.2,21.7467003030303,-31.72634,3.393
"654",65.3,21.7576932330827,-31.4793225806451,3.39276344086021
"655",65.4,21.7669488721804,-32.5323047619047,3.39227619047619
"656",65.5,21.7685531313131,-35.5397052631579,3.39274736842105
"657",65.6,21.7716033333333,-34.7731037735849,3.39227358490566
"658",65.7,21.7551609090909,-34.014854368932,3.393
"659",65.8,21.7727358,-33.7082417582417,3.393
"660",65.9,21.7549279207921,-33.3947,3.393
"661",66,21.7518327272727,-33.6453431372548,3.39271568627451
"662",66.1,21.7754031683168,-35.2610707964602,3.3922389380531
"663",66.2,21.7625878787879,-35.0408352941177,3.393
"664",66.3,21.7767747524752,-34.3231919191919,3.39329292929293
"665",66.4,21.7756016,-33.8261782178218,3.39310891089109
"666",66.5,21.7780203007519,-33.4840884955752,3.39125663716814
"667",66.6,21.7766894736842,-33.3775348837209,3.39218604651163
"668",66.7,21.7974854545455,-35.0830999999999,3.393
"669",66.8,21.7834019,-39.7196,3.393
"670",66.9,21.7764804040404,-39.6333157894737,3.393
"671",67,21.783701641791,-39.0827674418605,3.39281395348837
"672",67.1,21.7771419402985,-38.779,3.3923
"673",67.2,21.7615806,-38.5274736842105,3.39247368421053
"674",67.3,21.7685124752475,-38.3197209302325,3.39137209302326
"675",67.4,21.7724584,-38.8839000000001,3.393
"676",67.5,21.784952631579,-40.7864299065421,3.393
"677",67.6,21.7730578947368,-40.75103,3.393
"678",67.7,21.7750758,-40.0645268817205,3.393
"679",67.8,21.7600778,-39.6524,3.393
"680",67.9,21.772921,-39.3638235294118,3.393
"681",68,21.7782281,-39.4812545454544,3.393
"682",68.1,21.782571,-41.4468965517241,3.3938275862069
"683",68.2,21.7574609,-43.0217425742575,3.39577227722772
"684",68.3,21.764309009901,-42.2529696969697,3.39269696969697
"685",68.4,21.7914408,-41.9647788461538,3.39229807692308
"686",68.5,21.777,-41.64375,3.393
"687",68.6,21.7787757575758,-41.827386138614,3.393
"688",68.7,21.7899316541353,-44.1706363636364,3.393
"689",68.8,21.7767136090226,-46.8609775280898,3.393
"690",68.9,21.7616788,-46.0022475247524,3.393
"691",69,21.7616728,-45.5538571428571,3.39242857142857
"692",69.1,21.760514,-45.1933684210526,3.39152631578947
"693",69.2,21.7352315789474,-44.5902,3.3927
"694",69.3,21.7383142857143,-43.9838,3.3923
"695",69.4,21.7191498,-43.1315555555556,3.393
"696",69.5,21.7134599009901,-42.0098695652174,3.393
"697",69.6,21.692616,-41.4631262135922,3.393
"698",69.7,21.686637,-40.8880204081633,3.393
"699",69.8,21.6986998,-40.8135849056604,3.393
"700",69.9,21.7041679,-40.4962150537634,3.393
"701",70,21.7023102,-42.0591067961164,3.39270873786408
"702",70.1,21.6947842,-45.918,3.392
"703",70.2,21.6840125,-44.9981538461539,3.39224175824176
"704",70.3,21.6987898019802,-44.4353394495413,3.393
"705",70.4,21.7063796969697,-44.2209791666666,3.393
"706",70.5,21.6831162,-43.7770792079208,3.393
"707",70.6,21.6587862,-43.8137234042554,3.393
"708",70.7,21.686,-45.7634799999998,3.393
"709",70.8,21.7000205050505,-48.0788053097344,3.393
"710",70.9,21.6922752631579,-47.154724137931,3.393
"711",71,21.6733128571429,-46.5996732673268,3.39238613861386
"712",71.1,21.6990816161616,-46.1055,3.391
"713",71.2,21.6976324752475,-45.8181538461538,3.39157692307692
"714",71.3,21.7116752,-45.5807835051546,3.39273195876289
"715",71.4,21.7150484962406,-46.3278163265305,3.39229591836735
"716",71.5,21.6938830827068,-48.1419100000001,3.393
"717",71.6,21.7130942424242,-47.29852,3.393
"718",71.7,21.721962,-46.8460571428572,3.393
"719",71.8,21.7296103960396,-46.3589166666666,3.393
"720",71.9,21.7314828,-46.0986470588235,3.393
"721",72,21.7379528712871,-45.9674,3.393
"722",72.1,21.7226860606061,-45.8660752688172,3.393
"723",72.2,21.7487027,-47.6522727272727,3.393
"724",72.3,21.7675236363636,-52.5033069306931,3.393
"725",72.4,21.7437638,-53.1406666666667,3.393
"726",72.5,21.7442772,-52.5863738317757,3.393
"727",72.6,21.7437986363636,-52.2927027027027,3.393
"728",72.7,21.7620031818182,-51.8595421686748,3.393
"729",72.8,21.752479,-51.0557213114754,3.393
"730",72.9,21.7434495,-50.8223333333334,3.39290476190476
"731",73,21.744884,-51.2425744680851,3.39276595744681
"732",73.1,21.7422721804511,-54.4958301886793,3.39443396226415
"733",73.2,21.7647533834586,-55.5325319148936,3.39223404255319
"734",73.3,21.7224397029703,-54.6236,3.3906
"735",73.4,21.7035141584158,-54.1548333333333,3.39227777777778
"736",73.5,21.7134909,-53.7146153846154,3.393
"737",73.6,21.7144397,-53.35298,3.393
"738",73.7,21.7044842574257,-53.05084,3.393
"739",73.8,21.7098055102041,-54.3984036697252,3.39271559633027
"740",73.9,21.7074902,-58.6342391304348,3.392
"741",74,21.6878036,-58.7092,3.3923
"742",74.1,21.7096472,-57.9538484848485,3.39360606060606
"743",74.2,21.691013,-57.19173,3.39469
"744",74.3,21.6890156565657,-56.7535925925926,3.39371296296296
"745",74.4,21.7113475247525,-56.27175,3.393
"746",74.5,21.6962026262626,-55.8418952380953,3.393
"747",74.6,21.6857875,-55.7573140495868,3.393
"748",74.7,21.6836145,-56.6041477272725,3.393
"749",74.8,21.6816929323308,-60.2877717391303,3.3931847826087
"750",74.9,21.675512481203,-58.8994680851064,3.39426595744681
"751",75,21.6888943434343,-58.3222222222223,3.39447008547009
"752",75.1,21.6927169306931,-57.628988764045,3.393
"753",75.2,21.6957762,-57.2289473684211,3.39273684210526
"754",75.3,21.6717494736842,-56.8386728971963,3.39228037383178
"755",75.4,21.6946742857143,-56.5921075268817,3.393
"756",75.5,21.686646969697,-56.3044752475248,3.393
"757",75.6,21.680752970297,-58.0275816326529,3.393
"758",75.7,21.6868304040404,-63.2525643564354,3.39269306930693
"759",75.8,21.6683005,-64.7069,3.3914
"760",75.9,21.6809565346535,-63.4000555555556,3.39111111111111
"761",76,21.6844536363636,-62.7732315789474,3.39376842105263
"762",76.1,21.68144,-62.179476635514,3.3932523364486
"763",76.2,21.6846741414141,-61.8886666666667,3.39377777777778
"764",76.3,21.6992085,-61.6219541284404,3.393
"765",76.4,21.669067,-61.2212545454545,3.393
"766",76.5,21.66588,-61.1176124999999,3.393
"767",76.6,21.6912133333333,-63.7932600000001,3.39269
"768",76.7,21.6797281818182,-64.9552136752138,3.39252991452991
"769",76.8,21.681254,-63.564361445783,3.39366265060241
"770",76.9,21.7055576,-62.82821,3.39231
"771",77,21.7094322556391,-62.30017,3.393
"772",77.1,21.7120713533835,-61.6570192307692,3.39270192307692
"773",77.2,21.7120451515152,-61.3856504854369,3.39226213592233
"774",77.3,21.7228606930693,-61.2132842105263,3.393
"775",77.4,21.7229835,-61.0660857142857,3.393
"776",77.5,21.7151585,-63.1168823529412,3.393
"777",77.6,21.7268887128713,-70.6160495049507,3.39278217821782
"778",77.7,21.7137244444444,-72.9431739130435,3.39222826086956
"779",77.8,21.7420136633663,-71.9667981651375,3.393
"780",77.9,21.7152468686869,-71.1821313131313,3.39279797979798
"781",78,21.6940745,-70.7760769230769,3.39246153846154
"782",78.1,21.7224015,-70.111,3.3937
"783",78.2,21.7239439393939,-69.6225,3.393
"784",78.3,21.7379911881188,-69.381,3.393
"785",78.4,21.7511872727273,-68.8089565217391,3.393
"786",78.5,21.7463059405941,-68.1234285714286,3.39285714285714
"787",78.6,21.7402333333333,-68.7252264150947,3.39209433962264
"788",78.7,21.7458802985075,-76.6008095238095,3.393
"789",78.8,21.7345071641791,-76.1937032967032,3.393
"790",78.9,21.7296506060606,-75.10844,3.393
"791",79,21.7341821568627,-74.5056272727273,3.393
"792",79.1,21.7343316161616,-74.1796504854369,3.393
"793",79.2,21.7168908955224,-73.4234545454546,3.393
"794",79.3,21.7146968656716,-73.1092545454545,3.393
"795",79.4,21.721876,-72.8644897959184,3.393
"796",79.5,21.697658,-72.276,3.393
"797",79.6,21.6897927272727,-72.1956363636364,3.393
"798",79.7,21.673696,-74.0244752475244,3.393
"799",79.8,21.6870859405941,-80.1496767676767,3.39319191919192
"800",79.9,21.6773055,-77.863978021978,3.39334065934066
"801",80,21.662002,-76.7122692307693,3.39155769230769
"802",80.1,21.6543739393939,-75.7278,3.393
"804",80.3,21.6523954545455,-73.8875454545454,3.393
"805",80.4,21.6617327067669,-73.399623655914,3.393
"806",80.5,21.6484996240602,-73.0511717171717,3.39270707070707
"807",80.6,21.6631562626263,-72.7501206896552,3.392
"808",80.7,21.6664217821782,-72.4185764705882,3.392
"809",80.8,21.6873292929293,-72.8744758064518,3.39246774193548
"810",80.9,21.696847593985,-76.0013157894732,3.39386842105263
"811",81,21.6805393233083,-83.9212222222223,3.39229292929293
"812",81.1,21.688558989899,-82.3212,3.393
"813",81.2,21.6652824752475,-81.5709439252336,3.393
"814",81.3,21.694226,-81.0900490196077,3.393
"815",81.4,21.6722388,-80.2855,3.393
"816",81.5,21.6729511881188,-79.9270094339623,3.393
"817",81.6,21.6743139393939,-79.3337741935484,3.39279569892473
"818",81.7,21.6910748514851,-79.0624081632653,3.392
"819",81.8,21.6971993939394,-78.573,3.39228
"820",81.9,21.7101895049505,-80.4096400000003,3.39272
"821",82,21.7279627272727,-86.19756,3.39228
"822",82.1,21.7168596,-85.8266,3.393
"823",82.2,21.6904904,-84.6387777777778,3.393
"824",82.3,21.709377029703,-83.8559658119657,3.393
"825",82.4,21.7219615,-83.172,3.393
"826",82.5,21.7239642424242,-82.6001090909091,3.39249090909091
"827",82.6,21.7017011940299,-82.3074329896907,3.39155670103093
"828",82.7,21.7367086567164,-82.1115543478261,3.39354347826087
"829",82.8,21.7265245454545,-81.7809082568807,3.39146788990826
"830",82.9,21.7183107920792,-81.6074835164835,3.39065934065934
"831",83,21.7400778787879,-84.5695399999993,3.393
"832",83.1,21.7069694029851,-92.61747,3.393
"833",83.2,21.7052156716418,-91.62045,3.393
"834",83.3,21.7113948,-90.5954056603773,3.393
"835",83.4,21.7298284,-89.7970396039604,3.393
"836",83.5,21.727038,-89.2833695652174,3.393
"837",83.6,21.7151772,-89.005145631068,3.39329126213592
"838",83.7,21.6843772,-88.4619090909091,3.39372727272727
"839",83.8,21.655279009901,-87.9320666666666,3.39273333333333
"840",83.9,21.6292025,-87.5150425531915,3.39224468085106
"841",84,21.61969,-89.2349306930691,3.393
"842",84.1,21.64081,-94.244888888889,3.393
"843",84.2,21.6337739393939,-96.0162197802198,3.393
"844",84.3,21.6361204511278,-94.7194727272726,3.393
"845",84.4,21.6352482706767,-93.9494555555555,3.39321111111111
"846",84.5,21.6478424,-93.3437474747475,3.39458585858586
"847",84.6,21.6297016,-92.8842941176471,3.39524369747899
"848",84.7,21.6210731313131,-92.5918888888889,3.393
"849",84.8,21.6275441353383,-92.2148867924528,3.393
"850",84.9,21.6279802255639,-91.9427631578947,3.393
"851",85,21.6078678,-93.2643,3.393
"852",85.1,21.6282693069307,-93.0751089108911,3.393
"853",85.2,21.6495692929293,-92.04739,3.39271
"854",85.3,21.644531980198,-91.7915181818181,3.39226363636364
"855",85.4,21.6262212,-91.1175294117647,3.3931862745098
"856",85.5,21.6328456,-90.2752727272727,3.39380681818182
"857",85.6,21.622138,-89.9442661290323,3.393
"858",85.7,21.630876,-89.8704512195122,3.39287804878049
"859",85.8,21.6503063366337,-89.6840000000001,3.39146
"860",85.9,21.6797884848485,-92.2025981308408,3.393
"861",86,21.70422,-98.587677419355,3.393
"862",86.1,21.6962884,-96.9892692307693,3.393
"863",86.2,21.7198376,-96.0200222222223,3.393
"864",86.3,21.7075092,-95.3819292929292,3.39270707070707
"865",86.4,21.6985964,-94.8296930693069,3.39348514851485
"866",86.5,21.6945101503759,-94.384,3.39590566037736
"867",86.6,21.7028860902256,-94.8342659574467,3.39275531914894
"868",86.7,21.710076,-97.8766964285714,3.39225892857143
"869",86.8,21.6819264646465,-99.6613157894735,3.393
"870",86.9,21.669182,-98.4762857142857,3.393
"871",87,21.6853634586466,-97.758,3.393
"872",87.1,21.6946190977444,-97.1378155339806,3.393
"873",87.2,21.7137238,-96.6518910891089,3.393
"874",87.3,21.7272841176471,-96.8614123711342,3.393
"875",87.4,21.7242052,-99.4452222222222,3.393
"876",87.5,21.710274,-101.560130434783,3.39322826086957
"877",87.6,21.7313564,-100.48646,3.39458
"878",87.7,21.710836,-99.79666,3.39513
"879",87.8,21.7139056,-99.0706018518518,3.393
"880",87.9,21.7171928,-98.6410882352941,3.393
"881",88,21.7492708,-98.3408351648352,3.393
"882",88.1,21.7728056,-100.43426923077,3.393
"883",88.2,21.7735887878788,-105.401186915888,3.393
"884",88.3,21.7815812121212,-104.210141304348,3.393
"885",88.4,21.7701996,-103.565237113402,3.39248453608247
"886",88.5,21.7674522,-102.886872727273,3.39125454545455
"887",88.6,21.7707522,-102.580267326733,3.39271287128713
"888",88.7,21.7554916541353,-102.455214953271,3.39552336448598
"889",88.8,21.7696119548872,-104.211530864198,3.393
"890",88.9,21.7597994,-107.117259259259,3.393
"891",89,21.7568546534653,-106.193628865979,3.393
"892",89.1,21.7456073,-105.343361702128,3.393
"893",89.2,21.74117,-104.670818181818,3.393
"894",89.3,21.7657027,-104.366090909091,3.39281818181818
"895",89.4,21.7496924,-105.186703703704,3.39187654320988
"896",89.5,21.7636054,-109.409940594059,3.39157425742574
"897",89.6,21.7834416,-108.129616161616,3.39271717171717
"898",89.7,21.776236,-107.40132,3.39229
"899",89.8,21.7547216,-106.988623762376,3.393
"900",89.9,21.7459616161616,-107.11675862069,3.393
"901",90,21.7080782178218,-109.026081632653,3.393
"902",90.1,21.6589192929293,-112.135369565217,3.39269565217391
"903",90.2,21.6378194,-110.968257425743,3.39143564356436
"904",90.3,21.634853,-110.186193548387,3.39277419354839
"905",90.4,21.6277739097744,-109.81336,3.39228
"906",90.5,21.639240075188,-109.98796,3.393
"907",90.6,21.6313066666667,-111.745235294118,3.393
"908",90.7,21.6344128,-112.630494736842,3.393
"909",90.8,21.6359264,-111.284276595745,3.393
"910",90.9,21.6630067669173,-110.516260869565,3.393
"911",91,21.6290443609023,-109.838285714286,3.393
"912",91.1,21.6198372727273,-111.064090909091,3.393
"913",91.2,21.6308420792079,-115.352,3.3932
"914",91.3,21.6308492,-115.194478260869,3.3935652173913
"915",91.4,21.621767,-114.188438596491,3.39224561403509
"916",91.5,21.6169100990099,-113.661765957447,3.393
"917",91.6,21.6034,-114.0044,3.393
"918",91.7,21.6037154455446,-117.845029126214,3.393
"919",91.8,21.6079631,-117.682909090909,3.393
"920",91.9,21.6197045,-116.47445,3.393
"921",92,21.6154378,-116.277473214286,3.393
"922",92.1,21.6433152631579,-117.350090909091,3.39280681818182
"923",92.2,21.6640521052632,-118.02935,3.39287
"924",92.3,21.6898790909091,-117.157663636364,3.39473636363636
"925",92.4,21.668898,-116.600530612245,3.39361224489796
"926",92.5,21.690619,-117.879774193548,3.39222580645161
"927",92.6,21.6655603007519,-120.239933333333,3.393
"928",92.7,21.6946730827068,-119.2357,3.393
"929",92.8,21.6761627272727,-119.75284,3.393
"930",92.9,21.6824332673267,-123.577727272727,3.393
"931",93,21.6851378,-124.7846,3.393
"932",93.1,21.6734948,-124.421222222222,3.393
"933",93.2,21.6544377227723,-125.416154545455,3.39352727272727
"934",93.3,21.6550970707071,-125.426588235294,3.39462745098039
"935",93.4,21.6350507920792,-124.936329545455,3.39280681818182
"936",93.5,21.643644040404,-125.81172,3.39229
"937",93.6,21.6337094,-126.171833333333,3.393
"938",93.7,21.636341,-125.790806451613,3.393
"939",93.8,21.6524854545455,-126.83164,3.393
"940",93.9,21.6555640196078,-126.467038461538,3.393
"941",94,21.666782020202,-126.4855,3.39275
"942",94.1,21.634519,-128.31388,3.39256
"943",94.2,21.6340882,-127.94448,3.39316
"944",94.3,21.6558221052632,-128.676150943396,3.3912641509434
"945",94.4,21.6536115789474,-128.984777777778,3.39177777777778
"946",94.5,21.6451227272727,-129.617863157895,3.39148421052632
"947",94.6,21.6659200990099,-130.103202020202,3.393
"948",94.7,21.65083,-130.63052,3.393
"949",94.8,21.6498457142857,-130.785263157895,3.393
"950",94.9,21.6749810526316,-131.613103448276,3.3928275862069
"951",95,21.653106969697,-131.70223853211,3.39225688073395
"952",95.1,21.646714950495,-132.8404,3.3926
"953",95.2,21.6434516,-132.892063157895,3.39175789473684
"954",95.3,21.641654,-133.71135,3.39342
"955",95.4,21.6414778217822,-133.95849,3.39229
"956",95.5,21.6365927272727,-134.398247619048,3.393
"957",95.6,21.6280157843137,-135.290017391304,3.393
"958",95.7,21.6279822222222,-134.778771084337,3.393
"959",95.8,21.6209676,-133.7089,3.393
"960",95.9,21.6399206,-132.702010309278,3.393
"961",96,21.6301280451128,-132.456676470588,3.39271568627451
"962",96.1,21.631894962406,-133.14711,3.39254
"963",96.2,21.6190427272727,-133.76684,3.39373
"964",96.3,21.6255183,-134.515658536585,3.39234146341463
"965",96.4,21.6158884,-135.388833333333,3.39008333333333
"966",96.5,21.6283,-135.623686746988,3.39209638554217
"967",96.6,21.6110894736842,-136.472103092784,3.393
"968",96.7,21.5996812121212,-136.990158415842,3.393
"969",96.8,21.6012411881188,-137.736,3.393
"970",96.9,21.6197845,-138.82277,3.393
"971",97,21.6156753,-139.70421,3.39273
"972",97.1,21.6172263366337,-140.214,3.39227272727273
"973",97.2,21.6055345454545,-140.790884955752,3.39324778761062
"974",97.3,21.6155820792079,-140.982432432432,3.394
"975",97.4,21.6159972727273,-141.435761904762,3.39395238095238
"976",97.5,21.6106157,-142.009064516129,3.393
"977",97.6,21.6098424,-142.617727272727,3.39272727272727
"978",97.7,21.585728,-142.965366666667,3.39223333333333
"979",97.8,21.6032297029703,-143.20412345679,3.393
"980",97.9,21.6146072727273,-143.333257142857,3.393
"981",98,21.6134233663366,-143.484826923077,3.393
"982",98.1,21.6189818181818,-144.447747252747,3.3928021978022
"983",98.2,21.6194303731343,-146.523,3.39227272727273
"984",98.3,21.6141691791045,-148.072117117117,3.393
"985",98.4,21.5981942,-149.135522222222,3.393
"986",98.5,21.6187875,-149.25854,3.393
"987",98.6,21.6086012,-149.116,3.393
"988",98.7,21.6070914285714,-148.854534653465,3.393
"989",98.8,21.6141515789474,-149.27309,3.393
"990",98.9,21.620892,-149.606946902655,3.3927610619469
"991",99,21.6263328712871,-149.851,3.39215384615385
"992",99.1,21.6100896,-150.061479166667,3.393
"993",99.2,21.6010519,-150.316,3.39272727272727
"994",99.3,21.6054072,-151.078772277228,3.39227722772277
"995",99.4,21.6302955,-151.917454545455,3.393
"996",99.5,21.6625764356436,-152.377807692308,3.393
"997",99.6,21.6871776,-153.103168224299,3.393
"998",99.7,21.6947456,-153.973260416667,3.39282291666667
"999",99.8,21.6859709090909,-154.797357142857,3.39221428571429
"1000",99.9,21.697027761194,-155.630031578947,3.39324210526316
"1001",100,21.6895949253731,-156.571923076923,3.394
"1002",100.1,21.7026843,-157.392473684211,3.39374736842105
"1003",100.2,21.7136556,-158.74976,3.393
"1004",100.3,21.7175336,-159.087188118812,3.393
"1005",100.4,21.6804417910448,-158.627737373737,3.393
"1006",100.5,21.6751880597015,-157.207343137255,3.393
"1007",100.6,21.6534292,-155.402037593985,3.393
"1008",100.7,21.67567,-153.961436090226,3.393
"1009",100.8,21.6558972727273,-153.783697247706,3.39433027522936
"1010",100.9,21.6353464,-154.594692307692,3.39668131868132
"1011",101,21.6434535,-155.187252252252,3.392
"1012",101.1,21.6418844,-155.678685393258,3.39240449438202
"1013",101.2,21.6447597,-156.299378640777,3.39371844660194
"1014",101.3,21.6488215,-157.003734693878,3.393
"1015",101.4,21.641462,-157.36968,3.393
"1016",101.5,21.6463594,-157.90744,3.393
"1017",101.6,21.6344836363636,-158.996133333333,3.393
"1018",101.7,21.6189437623762,-159.760893617021,3.393
"1019",101.8,21.5977972277228,-160.227841584158,3.393
"1020",101.9,21.6081184,-160.517272727273,3.39274545454545
"1021",102,21.6297312,-161.270235955056,3.39220224719101
"1022",102.1,21.6385908270677,-161.869436893204,3.39271844660194
"1023",102.2,21.6156509774436,-162.634571428571,3.39226530612245
"1024",102.3,21.6316284848485,-163.098324324324,3.393
"1025",102.4,21.64613,-163.102567010309,3.393
"1026",102.5,21.6378,-163.491505494505,3.393
"1027",102.6,21.6538108270677,-163.755232323232,3.393
"1028",102.7,21.656464962406,-163.746324324324,3.393
"1029",102.8,21.6460719,-164.151577777778,3.39342222222222
"1030",102.9,21.6308189108911,-163.96972,3.39442
"1031",103,21.625472,-163.84787,3.39329
"1032",103.1,21.627574,-163.747811320755,3.39345283018868
"1033",103.2,21.6346771287129,-163.637306122449,3.39223469387755
"1034",103.3,21.6111827,-163.986948453608,3.393
"1035",103.4,21.6001822772277,-165.72468,3.393
"1036",103.5,21.6043068,-167.393830188679,3.393
"1037",103.6,21.6168416,-168.769462365591,3.393
"1038",103.7,21.6728582,-169.229574257426,3.39242574257426
"1039",103.8,21.6983363909774,-169.651525252525,3.39184848484849
"1040",103.9,21.7009830075188,-169.9152,3.39372380952381
"1041",104,21.6955536,-170.263115789474,3.393
"1042",104.1,21.6755708,-170.514089108911,3.393
"1043",104.2,21.6926807,-170.753626262626,3.393
"1044",104.3,21.7186063636364,-170.946692307692,3.393
"1045",104.4,21.6950609090909,-171.278851485149,3.393
"1046",104.5,21.7084535353535,-171.85872,3.393
"1047",104.6,21.7181028712871,-172.197947826087,3.393
"1048",104.7,21.703148,-172.5984,3.392775
"1049",104.8,21.7061146534653,-173.14912605042,3.39173109243698
"1050",104.9,21.6913054455446,-173.482888888889,3.39362962962963
"1051",105,21.6991954545455,-174.245707070707,3.39187878787879
"1052",105.1,21.704108,-174.708235294118,3.39370588235294
"1053",105.2,21.7105296,-174.760666666667,3.393
"1054",105.3,21.7090333,-175.275489361702,3.393
"1055",105.4,21.7095556,-176.019897196262,3.393
"1056",105.5,21.7203262626263,-176.424333333333,3.393
"1057",105.6,21.7142801980198,-177.22214,3.393
"1058",105.7,21.7090509,-177.81313,3.393
"1059",105.8,21.6741529292929,-178.56484,3.39242
"1060",105.9,21.663492,-179.096161616162,3.39129292929293
"1061",106,21.6620395488722,-179.810792079208,3.39229702970297
"1062",106.1,21.6501372932331,-180.284826086957,3.393
"1063",106.2,21.6708425252525,-180.95108,3.393
"1064",106.3,21.6534751,-181.152058823529,3.393
"1065",106.4,21.6540813,-180.671646017699,3.393
"1066",106.5,21.6657605263158,-179.470976744186,3.39281395348837
"1067",106.6,21.6441439849624,-178.275727272727,3.39227272727273
"1068",106.7,21.6494663636364,-178.689156862745,3.39260784313725
"1069",106.8,21.6648830693069,-179.664741573034,3.39120224719101
"1070",106.9,21.65387,-180.6772,3.392
"1071",107,21.655718,-181.032329411765,3.39216470588235
"1072",107.1,21.6577921782178,-181.2717,3.393
"1073",107.2,21.639207979798,-181.677490384615,3.393
"1074",107.3,21.6446891089109,-182.237666666667,3.393
"1075",107.4,21.666306,-182.904403846154,3.393
"1076",107.5,21.670068,-184.267505376344,3.393
"1077",107.6,21.671942,-185.434020408163,3.39273469387755
"1078",107.7,21.6645172180451,-186.19648,3.39256
"1079",107.8,21.6649533082707,-187.85512,3.39372
"1080",107.9,21.6614050505051,-188.6012,3.393
"1081",108,21.625805,-188.984114285714,3.393
"1082",108.1,21.6173597,-188.9036,3.393
"1083",108.2,21.6274689473684,-189.679555555556,3.393
"1084",108.3,21.635844887218,-189.794434782609,3.393
"1085",108.4,21.6478445454545,-190.25976,3.393
"1086",108.5,21.6675193069307,-190.415153846154,3.39246153846154
"1087",108.6,21.6399666,-190.389515789474,3.39226315789474
"1088",108.7,21.6428452631579,-190.441455445545,3.39485148514852
"1089",108.8,21.6322512781955,-190.350757575758,3.39171717171717
"1090",108.9,21.6307906060606,-190.207484848485,3.39158585858586
"1091",109,21.6330434653465,-190.040881188119,3.393
"1092",109.1,21.6085636363636,-189.979056451613,3.393
"1093",109.2,21.6141926,-190.104962962963,3.39293827160494
"1094",109.3,21.5876997029703,-193.355347368421,3.3925052631579
"1095",109.4,21.6187384848485,-195.18455,3.39313
"1096",109.5,21.6520992156863,-196.83865,3.39158
"1097",109.6,21.640563030303,-196.737888888889,3.39241414141414
"1098",109.7,21.6233868,-196.582149606299,3.39123622047244
"1099",109.8,21.6377146,-197.333,3.392
"1100",109.9,21.6535673684211,-197.268808510638,3.39223404255319
"1101",110,21.671650075188,-197.741,3.393
"1102",110.1,21.644786969697,-198.57328,3.393
"1103",110.2,21.6531954,-198.39652,3.393
"1104",110.3,21.6367654,-199.777981132075,3.393
"1105",110.4,21.6256967669173,-200.002212765957,3.393
"1106",110.5,21.6336366165414,-200.1,3.39248623853211
"1107",110.6,21.6497033333333,-200.171068627451,3.391
"1108",110.7,21.6395685148515,-199.854475409836,3.39141803278689
"1109",110.8,21.6302372,-202.410213114754,3.39387704918033
"1110",110.9,21.6444632,-201.869675925926,3.393
"1111",111,21.6449041584158,-202.585903225806,3.393
"1112",111.1,21.6210166666667,-203.424289719626,3.393
"1113",111.2,21.6403205882353,-202.988205882353,3.393
"1114",111.3,21.6558762626263,-204.855666666667,3.393
"1115",111.4,21.6517501,-204.092505154639,3.393
"1116",111.5,21.6203758,-204.715872340425,3.39324468085106
"1117",111.6,21.6068368421053,-207.393083333333,3.39375833333333
"1118",111.7,21.6063932330827,-206.024925,3.3928875
"1119",111.8,21.6250851515152,-205.314540540541,3.392
"1120",111.9,21.6364812,-206.7074,3.39216363636364
"1121",112,21.620144,-208.937333333333,3.393
"1122",112.1,21.5828545112782,-207.73875,3.393
"1123",112.2,21.5881477443609,-206.910636363636,3.39281818181818
"1124",112.3,21.5844211111111,-208.48537254902,3.39254901960784
"1125",112.4,21.5730708823529,-211.82487755102,3.3934693877551
"1126",112.5,21.5682127272727,-210.635156862745,3.39254901960784
"1127",112.6,21.5587307462687,-209.677265306122,3.39479591836735
"1128",112.7,21.5745068656716,-209.377153846154,3.39484615384615
"1129",112.8,21.5670808,-210.154666666667,3.38988888888889
"1130",112.9,21.5692418,-210.010909090909,3.393
"1131",113,21.57965,-208.595563106796,3.393
"1132",113.1,21.5673559405941,-207.603142857143,3.393
"1133",113.2,21.5768594,-207.690842105263,3.393
"1134",113.3,21.5955534,-211.904247524753,3.39275247524752
"1135",113.4,21.5752365346535,-215.134485714286,3.39154285714286
"1136",113.5,21.54998,-213.925319587629,3.39058762886598
"1137",113.6,21.5536895049505,-212.487132075472,3.39279245283019
"1138",113.7,21.5627739393939,-211.697644444445,3.39235555555556
"1139",113.8,21.5495470149254,-212.4542,3.39374
"1140",113.9,21.5609425373134,-217.340742574257,3.393
"1141",114,21.583748,-219.014754901961,3.393
"1142",114.1,21.591982,-217.452,3.39277884615385
"1143",114.2,21.5963555555556,-216.324158415842,3.392
"1144",114.3,21.5985561940299,-215.14735483871,3.3918064516129
"1145",114.4,21.5902352985075,-216.501148148149,3.391
"1146",114.5,21.5839438,-223.126786516854,3.39138202247191
"1147",114.6,21.5787400990099,-222.589940594059,3.39355445544554
"1148",114.7,21.5682477777778,-221.060983471074,3.39455371900826
"1149",114.8,21.5660192079208,-220.20665,3.393
"1150",114.9,21.5644026,-219.27248,3.393
"1151",115,21.5628432,-220.967660377358,3.393
"1152",115.1,21.5733361386139,-224.462196078431,3.393
"1153",115.2,21.6263454545455,-222.777,3.39318181818182
"1154",115.3,21.6569148514851,-221.557010752688,3.39379569892473
"1155",115.4,21.67653,-220.335061946903,3.39323008849558
"1156",115.5,21.6917160150376,-220.559760416666,3.39386458333333
"1157",115.6,21.6851069924812,-226.224575757576,3.393
"1158",115.7,21.6889355555556,-230.736063829787,3.393
"1159",115.8,21.6774244554455,-229.041484848485,3.393
"1160",115.9,21.6575211111111,-228.01475,3.393
"1161",116,21.6675811940299,-227.20601010101,3.393
"1162",116.1,21.6557602985075,-227.268457943925,3.393
"1163",116.2,21.6745559,-230.294989247311,3.393
"1164",116.3,21.6601857425743,-233.71572,3.393
"1165",116.4,21.6596688888889,-232.057411764706,3.39274509803922
"1166",116.5,21.6923349253731,-230.803586206897,3.39179310344828
"1167",116.6,21.6835737313433,-229.752571428571,3.39108791208791
"1168",116.7,21.6809388,-229.343875,3.39215178571429
"1169",116.8,21.6851531,-232.273075949368,3.393
"1170",116.9,21.6731233,-237.320544554456,3.393
"1171",117,21.6807957,-235.549159663866,3.393
"1172",117.1,21.6912373,-234.418025,3.393
"1173",117.2,21.6795022,-233.079574257426,3.39274257425743
"1174",117.3,21.6645694059406,-234.170980582525,3.392
"1175",117.4,21.627162,-239.580321428572,3.39180357142857
"1176",117.5,21.6186706,-240.982024390244,3.39112195121951
"1177",117.6,21.6184711111111,-239.502674074074,3.39220740740741
"1178",117.7,21.6264185820896,-239.130081481482,3.39294814814815
"1179",117.8,21.6014558955224,-237.235222222222,3.393
"1180",117.9,21.6165726,-237.2548125,3.393
"1181",118,21.5949872,-238.910073684211,3.393
"1182",118.1,21.6005355555556,-237.083451327434,3.393
"1183",118.2,21.6181708955224,-236.026340425532,3.39285106382979
"1184",118.3,21.6313052238806,-234.98485106383,3.39221276595745
"1185",118.4,21.5851533333333,-233.80495959596,3.393
"1186",118.5,21.5829130693069,-236.288647058824,3.393
"1187",118.6,21.5918327,-243.594214285714,3.393
"1188",118.7,21.6014127,-241.932196428571,3.393
"1189",118.8,21.600734,-240.632263157895,3.393
"1190",118.9,21.6037311,-239.302096774194,3.393
"1191",119,21.593083960396,-238.510841121495,3.393
"1192",119.1,21.5972994,-239.792884615384,3.393
"1193",119.2,21.5986066,-247.999355555556,3.39353333333333
"1194",119.3,21.640586,-247.269476190476,3.39525714285714
"1195",119.4,21.6672232835821,-245.853064516129,3.39277419354839
"1196",119.5,21.7092382089552,-244.469415841584,3.39227722772277
"1197",119.6,21.7218916,-243.643122641509,3.393
"1198",119.7,21.7235592,-245.46081553398,3.393
"1199",119.8,21.7133055555556,-252.864527472527,3.393
"1200",119.9,21.714825112782,-250.829028037383,3.393
"1201",120,21.7452386466165,-249.20885106383,3.39278723404255
"1202",120.1,21.7501128,-247.937035087719,3.39222807017544
"1203",120.2,21.7435153465347,-247.319133333333,3.3926
"1204",120.3,21.7421856,-250.00298,3.39088
"1205",120.4,21.7506030075188,-251.909752475247,3.39334653465347
"1206",120.5,21.7479639097744,-250.444387096774,3.39145161290323
"1207",120.6,21.7641568,-249.108079207921,3.393
"1208",120.7,21.7624288,-248.146942857143,3.393
"1209",120.8,21.762028,-247.404234042553,3.393
"1210",120.9,21.7427032,-248.897356435644,3.393
"1211",121,21.7437378217822,-255.490018348624,3.393
"1212",121.1,21.741728989899,-259.1531875,3.393
"1213",121.2,21.7364173267327,-257.752915789474,3.39276842105263
"1214",121.3,21.7452243,-256.760517241379,3.392
"1215",121.4,21.7382978,-256.012202380952,3.39213095238095
"1216",121.5,21.7216187,-254.81255,3.393
"1217",121.6,21.7351778195489,-254.00455,3.393
"1218",121.7,21.7215161654135,-254.480245283019,3.393
"1219",121.8,21.7305996,-257.839419354839,3.393
"1220",121.9,21.743806,-258.968588235294,3.393
"1221",122,21.7329756,-258.116357142857,3.393
"1222",122.1,21.7419478195489,-257.194009708738,3.393
"1223",122.2,21.7106470676692,-256.607189473684,3.39346315789474
"1224",122.3,21.727615,-258.670523364486,3.39424299065421
"1225",122.4,21.728632970297,-266.025741935484,3.39264516129032
"1226",122.5,21.7333308,-265.01522,3.39446
"1227",122.6,21.7345008,-263.676181818182,3.393
"1228",122.7,21.7413804950495,-262.652033898305,3.393
"1229",122.8,21.7626194,-262.073048780488,3.393
"1230",122.9,21.7585677227723,-265.236669902913,3.393
"1231",123,21.7198364,-271.58325,3.39275
"1232",123.1,21.7147134,-269.589254716981,3.3922358490566
"1233",123.2,21.7266172,-268.047554347826,3.39279347826087
"1234",123.3,21.7380492481203,-267.084954545455,3.39224545454545
"1235",123.4,21.7235003759399,-266.176902173913,3.393
"1236",123.5,21.692832,-265.074744897959,3.393
"1237",123.6,21.6613804950495,-266.89425,3.393
"1238",123.7,21.6446828,-273.568304347826,3.393
"1239",123.8,21.6453633333333,-271.88901980198,3.393
"1240",123.9,21.6546966666667,-270.327734693878,3.393
"1241",124,21.6586068,-269.051582524272,3.39327184466019
"1242",124.1,21.654486,-267.828828282828,3.39450505050505
"1243",124.2,21.6481928,-266.989477477478,3.3952972972973
"1244",124.3,21.6288366917293,-266.221482758621,3.3928275862069
"1245",124.4,21.6076562406015,-269.717230769232,3.39226923076923
"1246",124.5,21.6058760606061,-280.559620689655,3.393
"1247",124.6,21.61969,-279.346086419753,3.393
"1248",124.7,21.61705,-277.6695,3.393
"1249",124.8,21.6275554455446,-276.07593,3.393
"1250",124.9,21.603063960396,-274.874705882353,3.393
"1251",125,21.6136391919192,-274.183842592593,3.39276851851852
"1252",125.1,21.6194182178218,-275.15995,3.392
"1253",125.2,21.6475266,-284.30191011236,3.39219101123595
"1254",125.3,21.6293642574257,-283.237466666667,3.393
"1255",125.4,21.6391454,-281.121711538462,3.393
"1256",125.5,21.6388003007519,-279.673636363636,3.393
"1257",125.6,21.6476198496241,-278.616285714286,3.393
"1258",125.7,21.6672966666667,-277.53156043956,3.393
"1259",125.8,21.6543278787879,-277.81679,3.39273
"1260",125.9,21.6597376,-283.49236,3.39227
"1261",126,21.6614244360902,-290.515864864865,3.39202702702703
"1262",126.1,21.6684845864662,-288.809181818182,3.38954545454545
"1263",126.2,21.6473557575758,-287.433133333333,3.39253333333333
"1264",126.3,21.675930990099,-286.426757281553,3.39377669902913
"1265",126.4,21.6538692,-285.630235294118,3.393
"1266",126.5,21.6461016,-284.639703296703,3.393
"1267",126.6,21.6579244554455,-284.877931034483,3.39276724137931
"1268",126.7,21.6621807070707,-287.609145833333,3.39211458333333
"1269",126.8,21.6600668,-293.936191489362,3.393
"1270",126.9,21.6476564,-292.0658,3.393
"1271",127,21.6507012,-290.885202020202,3.393
"1272",127.1,21.6444112,-289.358662921348,3.39261797752809
"1273",127.2,21.6392551879699,-288.5152,3.39184
"1274",127.3,21.6419018045113,-287.631490909091,3.39374545454545
"1275",127.4,21.6445857575758,-287.544132075472,3.393
"1276",127.5,21.6623862376238,-291.210576470588,3.393
"1277",127.6,21.6533916,-297.342383928571,3.393
"1278",127.7,21.6274986466165,-295.764225806452,3.393
"1279",127.8,21.6032430075188,-294.440165048544,3.393
"1280",127.9,21.6023875757576,-293.392447619048,3.39227619047619
"1281",128,21.5891675,-292.672711111111,3.38962222222222
"1282",128.1,21.591515,-291.874150943396,3.39322641509434
"1283",128.2,21.5749023308271,-291.2824,3.3938
"1284",128.3,21.5806316541353,-293.445773584905,3.393
"1285",128.4,21.5913611111111,-302.1142,3.393
"1286",128.5,21.5896361386139,-304.891,3.393
"1287",128.6,21.5919545454545,-302.809732673267,3.393
"1288",128.7,21.5895512,-301.439821782178,3.393
"1289",128.8,21.5912469306931,-300.324545454545,3.393
"1290",128.9,21.6054298989899,-298.87927,3.39354
"1291",129,21.6011635294118,-297.83336,3.39473
"1292",129.1,21.6151933333333,-297.121909090909,3.39318181818182
"1293",129.2,21.60634,-296.296896551724,3.39148275862069
"1294",129.3,21.594165,-296.848428571429,3.393
"1295",129.4,21.5870023308271,-303.779888888889,3.393
"1296",129.5,21.5777316541353,-305.186869565218,3.393
"1297",129.6,21.5590229292929,-303.29628,3.393
"1298",129.7,21.5882098019802,-302.05,3.39275
"1299",129.8,21.598125,-300.920452631579,3.392
"1300",129.9,21.6059356390977,-299.817256880734,3.39219266055046
"1301",130,21.6019581954887,-299.083425531915,3.393
"1302",130.1,21.607415959596,-297.7874,3.3934
"1303",130.2,21.6137657425743,-298.133117647059,3.39417647058823
"1304",130.3,21.5944713131313,-304.269616161617,3.39226262626263
"1305",130.4,21.601588,-315.739764705883,3.393
"1306",130.5,21.6106691089109,-313.220268041237,3.393
"1307",130.6,21.6162996969697,-311.502872727273,3.393
"1308",130.7,21.6086364705882,-310.0006,3.3926
"1309",130.8,21.6076157575758,-308.46036,3.39184
"1310",130.9,21.632745,-307.642069306931,3.39372277227723
"1311",131,21.6513775,-306.60100990099,3.393
"1312",131.1,21.6446325,-305.67346,3.393
"1313",131.2,21.638615,-309.906292929295,3.39273737373737
"1314",131.3,21.6585304040404,-322.40505940594,3.39226732673267
"1315",131.4,21.6478225490196,-320.887901960784,3.393
"1316",131.5,21.6407093939394,-319.189288659794,3.39275257731959
"1317",131.6,21.6373632835821,-317.90365,3.392
"1318",131.7,21.6417364179105,-316.667920792079,3.392
"1319",131.8,21.6391975,-315.496453781513,3.39221848739496
"1320",131.9,21.6584225,-314.716916666667,3.39291666666667
"1321",132,21.6642022222222,-313.64840625,3.39223958333333
"1322",132.1,21.6889919402985,-315.821366972476,3.393
"1323",132.2,21.7134994029851,-324.060319587629,3.39281443298969
"1324",132.3,21.7106702,-322.919231578947,3.39222105263158
"1325",132.4,21.7308922,-321.140084112149,3.39275700934579
"1326",132.5,21.7132634,-319.766091836735,3.39219387755102
"1327",132.6,21.7095816,-318.603372340426,3.39277659574468
"1328",132.7,21.6958788,-317.69191,3.39281
"1329",132.8,21.6893248,-316.99187,3.39446
"1330",132.9,21.6935134653465,-317.419596638655,3.3927731092437
"1331",133,21.7148675,-321.114272727271,3.39209090909091
"1332",133.1,21.7168033663366,-330.187654205608,3.393
"1333",133.2,21.7097872727273,-328.189172413793,3.393
"1334",133.3,21.720981641791,-326.14772,3.393
"1335",133.4,21.7266682089552,-324.911742574257,3.393
"1336",133.5,21.7329,-323.61225,3.393
"1337",133.6,21.712085,-322.79125,3.39225
"1338",133.7,21.7066921212121,-325.46194949495,3.39075757575758
"1339",133.8,21.7110225373134,-333.523380952381,3.393
"1340",133.9,21.6939553731343,-331.67902,3.393
"1341",134,21.7071796,-330.203463157895,3.393
"1342",134.1,21.6914478,-328.68954,3.393
"1343",134.2,21.6584476,-327.637878787879,3.393
"1344",134.3,21.6483872,-327.252220183486,3.393
"1345",134.4,21.6472256,-326.959347826087,3.393
"1346",134.5,21.6536672,-325.162862745098,3.39325490196078
"1347",134.6,21.6538784,-324.244444444444,3.39333333333333
"1348",134.7,21.6649916,-323.513307692308,3.391
"1349",134.8,21.6646328,-325.903063829787,3.39112765957447
"1350",134.9,21.6665588,-331.343608695652,3.39258695652174
"1351",135,21.6635383838384,-329.768104761905,3.39450476190476
"1352",135.1,21.6727693069307,-328.338205882353,3.393
"1353",135.2,21.674566,-328.518841584159,3.393
"1354",135.3,21.6633596039604,-332.706,3.393
"1355",135.4,21.66062,-337.040563106796,3.393
"1356",135.5,21.6696384210526,-335.492203703704,3.39323148148148
"1357",135.6,21.6811121052632,-334.146,3.39382291666667
"1358",135.7,21.6732274,-333.871953271029,3.39280373831776
"1359",135.8,21.6727695049505,-337.054557894737,3.392
"1360",135.9,21.671325,-335.306472527472,3.392
"1361",136,21.6727621804511,-333.339745098039,3.39227450980392
"1362",136.1,21.6802509022556,-332.809454545455,3.393
"1363",136.2,21.6295242,-334.461190000001,3.39273
"1364",136.3,21.6391456565657,-337.217454545454,3.39227272727273
"1365",136.4,21.6282334,-335.601034482759,3.39324137931034
"1366",136.5,21.6063558,-334.151857142857,3.39371428571429
"1367",136.6,21.6076040594059,-334.014647058823,3.39117647058824
"1368",136.7,21.6205594949495,-336.336469387755,3.3895306122449
"1369",136.8,21.6113527722772,-335.932454545455,3.391
"1370",136.9,21.620296,-334.584408163265,3.39136734693878
"1371",137,21.6384755445545,-334.820842105262,3.393
"1372",137.1,21.6320125,-340.649306122449,3.393
"1373",137.2,21.6508209022556,-341.345132075471,3.393
"1374",137.3,21.6362645112782,-340.056255319149,3.393
"1375",137.4,21.6374325,-339.05478,3.393
"1376",137.5,21.6581275,-339.38061,3.393
"1377",137.6,21.6719075,-343.462885714285,3.39274285714286
"1378",137.7,21.6886364661654,-346.237762886598,3.392
"1379",137.8,21.7009823308271,-344.861653061224,3.392
"1380",137.9,21.6807278787879,-343.91435,3.39227
"1381",138,21.6888144,-345.280647058823,3.393
"1382",138.1,21.676725,-346.699734693878,3.39274489795918
"1383",138.2,21.6584182,-345.336117647059,3.392
"1384",138.3,21.6639472277228,-344.690060344828,3.39221551724138
"1385",138.4,21.6479184848485,-346.11875,3.39289772727273
"1386",138.5,21.647472,-345.706425531915,3.39289361702128
"1387",138.6,21.6657065,-345.350964285714,3.39527678571429
"1388",138.7,21.6782099,-347.219,3.3928275862069
"1389",138.8,21.6769168,-348.852172413793,3.39224137931034
"1390",138.9,21.6887990909091,-347.840142857143,3.393
"1391",139,21.6930319607843,-349.475073394495,3.393
"1392",139.1,21.7013528282828,-350.550092783505,3.39280412371134
"1393",139.2,21.6946022772277,-349.321463157895,3.39223157894737
"1394",139.3,21.684815,-350.327511278196,3.3927969924812
"1395",139.4,21.6919732330827,-352.155330827068,3.39204511278195
"1396",139.5,21.6761010526316,-350.377752475248,3.39372277227723
"1397",139.6,21.6750517171717,-349.139909090909,3.393
"1398",139.7,21.6785073267327,-348.331851485149,3.393
"1399",139.8,21.6761915151515,-350.044280373832,3.393
"1400",139.9,21.6734006766917,-350.447333333333,3.393
"1401",140,21.6870698496241,-351.41213,3.393
"1402",140.1,21.6964209090909,-351.96856,3.393
"1403",140.2,21.6917264356436,-352.88684,3.393
"1404",140.3,21.6749965,-353.700226890756,3.393
"1405",140.4,21.7008603,-354.372414634146,3.39329268292683
"1406",140.5,21.6947242574257,-355.57346728972,3.39502803738318
"1407",140.6,21.686284949495,-355.797103773585,3.392
"1408",140.7,21.6815979411765,-355.525872093023,3.392
"1409",140.8,21.671072020202,-356.493545454546,3.39227272727273
"1410",140.9,21.6936527722772,-358.30176,3.393
"1411",141,21.723515,-359.546266666667,3.393
"1412",141.1,21.7076703759399,-359.785616161616,3.393
"1413",141.2,21.6882718796992,-359.630103092783,3.393
"1414",141.3,21.7235698979592,-360.111863636364,3.393
"1415",141.4,21.7568207,-360.655803030303,3.393
"1416",141.5,21.7732307,-360.794882352941,3.39226470588235
"1417",141.6,21.7790223308271,-360.671142857143,3.39248979591837
"1418",141.7,21.756105037594,-360.38741,3.39154
"1419",141.8,21.7914409090909,-360.33906,3.393
"1420",141.9,21.788652,-361.69503,3.393
"1421",142,21.7879456,-364.49638317757,3.393
"1422",142.1,21.7919556,-365.958805825243,3.393
"1423",142.2,21.7989991089109,-366.179685393258,3.39280898876404
"1424",142.3,21.8022509,-366.15304,3.39228
"1425",142.4,21.792206039604,-366.40695049505,3.393
"1426",142.5,21.7975091919192,-366.4601875,3.39251785714286
"1427",142.6,21.7869636,-366.486097826087,3.39132608695652
"1428",142.7,21.8016803,-366.79778125,3.393
"1429",142.8,21.7931423,-366.802445454545,3.393
"1430",142.9,21.780051980198,-366.891725274725,3.393
"1431",143,21.7862867676768,-366.662387755102,3.393
"1432",143.1,21.7863346534653,-366.214563636364,3.393
"1433",143.2,21.7774156,-365.21981512605,3.393
"1434",143.3,21.7760495454545,-365.329899159664,3.393
"1435",143.4,21.7791631818182,-366.457011904762,3.39213095238095
"1436",143.5,21.7627281818182,-367.556272727273,3.393
"1437",143.6,21.7400747524752,-368.775678899082,3.393
"1438",143.7,21.7457827272727,-370.122478723404,3.393
"1439",143.8,21.7459356716418,-370.096907407407,3.393
"1440",143.9,21.764741641791,-370.744677777778,3.393
"1441",144,21.76246,-371.303894736842,3.393
"1442",144.1,21.7621558415842,-372.040813953488,3.393
"1443",144.2,21.7570254545455,-372.742257142857,3.39325714285714
"1444",144.3,21.7362324,-373.231404255319,3.39353191489362
"1445",144.4,21.7368656,-373.159433962264,3.3922641509434
"1446",144.5,21.7507711111111,-373.356153846154,3.39342307692308
"1447",144.6,21.7729129411765,-373.90681443299,3.39462886597938
"1448",144.7,21.7625118181818,-374.631633027523,3.393
"1449",144.8,21.7585743564356,-375.055483870968,3.393
"1450",144.9,21.7565715,-375.180307692308,3.393
"1451",145,21.7464907518797,-374.140293577982,3.39274311926606
"1452",145.1,21.7376787218045,-371.747032967033,3.39220879120879
"1453",145.2,21.7401890909091,-370.599333333333,3.39253333333333
"1454",145.3,21.7491251485148,-371.141135802469,3.3910987654321
"1455",145.4,21.7628890909091,-371.342471153846,3.39251923076923
"1456",145.5,21.7606873684211,-371.949307692308,3.394
"1457",145.6,21.7589279699248,-372.630452380952,3.39384920634921
"1458",145.7,21.7525184848485,-373.132833333333,3.39305555555556
"1459",145.8,21.7600845544554,-373.637672727273,3.393
"1460",145.9,21.7544094949495,-373.907833333333,3.393
"1461",146,21.7523294,-374.773306818182,3.393
"1462",146.1,21.7462222772277,-375.955623853211,3.393
"1463",146.2,21.7109441414141,-376.6648,3.3928
"1464",146.3,21.6896674257426,-377.540769230769,3.39226923076923
"1465",146.4,21.7035918181818,-379.420705882353,3.39276470588235
"1466",146.5,21.7174797,-381.563421052631,3.39223157894737
"1467",146.6,21.7156508,-383.06124,3.393
"1468",146.7,21.7104996,-383.063834645669,3.393
"1470",146.9,21.721127979798,-383.639425287356,3.393
"1471",147,21.7227617647059,-383.752721649485,3.393
"1472",147.1,21.7210963636364,-383.455,3.39276923076923
"1473",147.2,21.7359298507463,-383.111547619048,3.39211904761905
"1474",147.3,21.7127507462687,-382.596205607477,3.39275700934579
"1475",147.4,21.7232864,-382.706828282828,3.392
"1476",147.5,21.7210816,-385.297978494623,3.39221505376344
"1477",147.6,21.729025050505,-387.262727272727,3.393
"1478",147.7,21.7299276865672,-387.104814814815,3.393
"1479",147.8,21.7373679850746,-387.266989247312,3.393
"1480",147.9,21.7417604,-387.94918,3.393
"1481",148,21.7501469,-388.014953271028,3.393
"1482",148.1,21.7600653535354,-387.988571428571,3.39279591836735
"1483",148.2,21.7446161386139,-388.350484210526,3.392
"1484",148.3,21.7520626,-388.692783018868,3.39225471698113
"1485",148.4,21.755339,-388.757580645161,3.393
"1486",148.5,21.7530328712871,-388.667064516129,3.393
"1487",148.6,21.7441848,-388.591615384615,3.393
"1488",148.7,21.7487269306931,-388.989445544555,3.393
"1489",148.8,21.7365654545455,-390.041828282828,3.393
"1490",148.9,21.742632238806,-390.99324,3.393
"1491",149,21.7308188059701,-391.692015873016,3.393
"1493",149.2,21.744112,-393.911898876405,3.393
"1494",149.3,21.7377787878788,-394.826542857143,3.393
"1495",149.4,21.7281655223881,-395.606485148515,3.393
"1496",149.5,21.735598358209,-395.927757894737,3.393
"1497",149.6,21.7359997,-396.617626262626,3.393
"1498",149.7,21.7341677,-396.9442,3.393
"1499",149.8,21.7527690909091,-396.448464285714,3.39275892857143
"1500",149.9,21.7489372277228,-395.213020618557,3.39230927835052
"1501",150,21.7320574,-391.382096774194,3.39341935483871
"1502",150.1,21.6985218,-391.133095238095,3.39171428571429
"1503",150.2,21.7028662,-391.277156862745,3.39380392156863
"1504",150.3,21.6892143,-390.748391304348,3.39280434782609
"1505",150.4,21.6967387,-391.068625,3.39223214285714
"1506",150.5,21.6858782828283,-391.7499,3.393
"1507",150.6,21.678862,-392.434647058824,3.393
"1508",150.7,21.6820464356436,-392.25727184466,3.39288349514563
"1509",150.8,21.6791119,-392.508545454545,3.392
"1510",150.9,21.6850592079208,-392.72014893617,3.39222340425532
"1511",151,21.6980008,-393.48415,3.39273
"1512",151.1,21.7288452631579,-394.241594594595,3.39224324324324
"1513",151.2,21.7892212030075,-394.772739130435,3.393
"1514",151.3,21.7908627,-395.517020408163,3.39324489795918
"1515",151.4,21.8128125,-396.493626262626,3.39373737373737
"1516",151.5,21.8081741,-397.055932038835,3.393
"1517",151.6,21.7973045112782,-398.187754716981,3.393
"1518",151.7,21.788492481203,-398.1383125,3.393
"1519",151.8,21.779699,-398.188145833333,3.39277083333333
"1520",151.9,21.796923,-398.335904761905,3.392
"1521",152,21.821412,-399.052734042553,3.39222340425532
"1522",152.1,21.814732,-399.028862068966,3.393
"1523",152.2,21.821057,-398.250093023256,3.39312790697674
"1524",152.3,21.81983,-397.632245283019,3.3937641509434
"1525",152.4,21.8261782178218,-397.018516129032,3.393
"1526",152.5,21.8279575,-396.01888,3.393
"1527",152.6,21.8153557425743,-395.56902,3.39274
"1528",152.7,21.8205012,-395.37142,3.392
"1529",152.8,21.8143173684211,-395.917643564357,3.39225742574257
"1530",152.9,21.8178436842105,-398.076191919192,3.393
"1531",153,21.8163331,-399.936368421053,3.393
"1532",153.1,21.8150592,-400.007693877551,3.39287755102041
"1533",153.2,21.787017,-399.906977011494,3.392
"1534",153.3,21.7884672932331,-400.242425742574,3.39226732673267
"1535",153.4,21.7633545112782,-400.400722772277,3.393
"1536",153.5,21.786314,-400.307343434343,3.393
"1537",153.6,21.785788,-400.106168316832,3.39274257425743
"1538",153.7,21.811105,-399.863570175439,3.39221929824561
"1539",153.8,21.813101,-399.916337209302,3.39287209302326
"1540",153.9,21.8114843564356,-400.71925,3.39275
"1541",154,21.800913030303,-401.488237623762,3.39425742574257
"1542",154.1,21.78808,-401.951591836735,3.39297959183673
"1543",154.2,21.785912,-402.33584,3.39548
"1544",154.3,21.786143,-403.001297029703,3.39374257425743
"1545",154.4,21.776884,-404.105494949495,3.393
"1546",154.5,21.7668460606061,-405.160282828283,3.39273737373737
"1547",154.6,21.7754708910891,-405.483537815126,3.3922268907563
"1548",154.7,21.782745,-405.660853658537,3.39290243902439
"1549",154.8,21.8005644554455,-405.495,3.392
"1550",154.9,21.7950276,-405.561207920792,3.39174257425743
"1551",155,21.7852339849624,-405.432,3.39125
"1552",155.1,21.7773166917293,-405.483262626263,3.39250505050505
"1553",155.2,21.8061201010101,-405.865138613861,3.39348514851485
"1554",155.3,21.803949,-406.60354954955,3.392
"1555",155.4,21.785956,-406.7844,3.392
"1556",155.5,21.7602953383459,-406.298784946237,3.39220430107527
"1557",155.6,21.7827464661654,-405.98022,3.39274
"1558",155.7,21.7750903030303,-404.9164,3.392
"1559",155.8,21.7947024752475,-402.83412,3.39174
"1560",155.9,21.7912287878788,-402.36414,3.391
"1561",156,21.7885462,-401.840783783784,3.39123423423423
"1562",156.1,21.7881393069307,-401.511414893617,3.39184042553191
"1563",156.2,21.8034851515152,-401.7095625,3.39121875
"1564",156.3,21.8143844117647,-402.014904761905,3.392
"1565",156.4,21.8330022222222,-402.57552631579,3.392
"1566",156.5,21.833284,-404.718469387755,3.392
"1567",156.6,21.842835,-407.16985,3.392
"1568",156.7,21.8373701503759,-408.529495049505,3.39226732673267
"1569",156.8,21.8629039849624,-409.94806,3.39144
"1570",156.9,21.8318066666667,-410.7769,3.3883
"1571",157,21.8590228712871,-411.341317757009,3.39175700934579
"1572",157.1,21.862373,-410.751154545455,3.39117272727273
"1573",157.2,21.8742109774436,-410.114734939759,3.392
"1574",157.3,21.8781809022556,-409.725819047619,3.392
"1575",157.4,21.8818436363636,-409.432357142857,3.392
"1576",157.5,21.8904384,-408.371529411765,3.392
"1577",157.6,21.9054349,-406.955273684211,3.392
"1578",157.7,21.9297499,-405.961323809524,3.39150476190476
"1579",157.8,21.9578244554455,-404.71914,3.39021
"1580",157.9,21.9580275757576,-403.134846153846,3.39120192307692
"1581",158,21.9766227722772,-402.125445652174,3.39163043478261
"1582",158.1,21.9947151515152,-403.444173469387,3.39025510204082
"1583",158.2,22.0042035,-406.581038834951,3.391
"1584",158.3,22.0335486,-406.104272727273,3.391
"1585",158.4,22.0349926262626,-404.82393877551,3.391
"1586",158.5,22.0561911764706,-403.770084033613,3.391
"1587",158.6,22.0809363636364,-403.611111111111,3.39108888888889
"1588",158.7,22.0693481188119,-402.681269230769,3.39251923076923
"1589",158.8,22.0749,-402.139494252874,3.39451724137931
"1590",158.9,22.0956193984962,-401.466117647059,3.392
"1591",159,22.1184840601504,-400.49295959596,3.39174747474747
"1592",159.1,22.1444063636364,-400.34882,3.391
"1593",159.2,22.1523605940594,-399.606242990654,3.391
"1594",159.3,22.1529290909091,-399.13943,3.391
"1595",159.4,22.1700029850746,-399.043274509804,3.391
"1596",159.5,22.1908835820896,-398.3275,3.391
"1597",159.6,22.1931628282828,-398.464833333333,3.39083333333333
"1598",159.7,22.1869849504951,-397.732518518518,3.39092592592593
"1599",159.8,22.2221755555556,-396.7855,3.39329166666667
"1600",159.9,22.2276856,-395.68846875,3.39
"1601",160,22.2400485148515,-394.547898989899,3.39025252525253
"1602",160.1,22.2466147474748,-393.990679245283,3.39075471698113
"1603",160.2,22.2411039215686,-393.701387755102,3.39
"1604",160.3,22.248547,-392.476458333333,3.39022916666667
"1605",160.4,22.26428,-391.6398,3.391
"1606",160.5,22.303711,-391.05127,3.39089
"1607",160.6,22.3152036090226,-389.851277777778,3.39010185185185
"1608",160.7,22.2880156390977,-388.203964285714,3.39103571428571
"1609",160.8,22.333613030303,-386.983182795699,3.39159139784946
"1610",160.9,22.3597275,-385.687090909091,3.39026262626263
"1611",161,22.3649312,-384.596267326733,3.39073267326733
"1612",161.1,22.364702761194,-383.848428571429,3.39
"1613",161.2,22.3872923134328,-382.603514563107,3.39
"1614",161.3,22.3954371,-380.786594059406,3.39017821782178
"1615",161.4,22.4012275,-377.728385416667,3.39064583333333
"1616",161.5,22.3701727272727,-375.5675,3.3885625
"1617",161.6,22.3562081188119,-374.474811320755,3.38794339622641
"1618",161.7,22.3791793,-372.383323232323,3.391
"1619",161.8,22.3749865,-370.957595744681,3.391
"1620",161.9,22.4023736,-370.026792079208,3.38971287128713
"1621",162,22.4122309,-369.869131313131,3.38675757575758
"1622",162.1,22.4096462,-371.982073394495,3.38923853211009
"1623",162.2,22.4097461616162,-373.679938144329,3.38982474226804
"1624",162.3,22.4281086138614,-370.972212765958,3.389
"1625",162.4,22.4539188118812,-371.944068965517,3.38922413793103
"1626",162.5,22.473182,-369.232215053764,3.38978494623656
"1627",162.6,22.4793221782178,-366.774605769231,3.388
"1628",162.7,22.5016364646465,-366.46609090909,3.38814772727273
"1629",162.8,22.5006915037594,-360.70801010101,3.38925252525252
"1630",162.9,22.5290298496241,-357.955706896551,3.38977586206897
"1631",163,22.5264057,-353.976216867471,3.38887951807229
"1632",163.1,22.5201219,-347.195223214286,3.388
"1633",163.2,22.5330264,-344.131166666666,3.388
"1634",163.3,22.5682203731343,-337.359549019608,3.388
"1635",163.4,22.5717054477612,-333.866298969072,3.38752577319588
"1636",163.5,22.5882187,-330.920140000001,3.38678
"1637",163.6,22.6033092,-325.981169811321,3.38875471698113
"1638",163.7,22.6499427,-324.505935483871,3.38783870967742
"1639",163.8,22.6738882828283,-321.265612903226,3.38703225806452
"1640",163.9,22.7104936,-314.511228070176,3.387
"1641",164,22.7455372,-313.447565217392,3.387
"1642",164.1,22.7762314851485,-309.430666666667,3.387
"1643",164.2,22.7838571,-304.19278,3.387
"1644",164.3,22.8377106,-303.23682,3.387
"1645",164.4,22.8633564646465,-300.611292035398,3.387
"1646",164.5,22.87139,-295.420282608696,3.38742391304348
"1647",164.6,22.90639,-292.529711340206,3.38935051546392
"1648",164.7,22.9414656,-294.184105263158,3.38742105263158
"1649",164.8,22.9653462376238,-289.814823529411,3.38876470588235
"1650",164.9,22.9799657575758,-286.204434343434,3.38674747474747
"1651",165,22.9730502985075,-286.469727272727,3.386
"1652",165.1,22.9998637313433,-284.50594,3.386
"1653",165.2,23.0482104,-280.663919999999,3.386
"1654",165.3,23.0681648,-277.74423,3.386
"1655",165.4,23.0982988,-275.79006,3.38546
"1656",165.5,23.098822,-273.818889908257,3.38424770642202
"1657",165.6,23.0805792,-270.330032258065,3.38538709677419
"1658",165.7,23.1069456,-266.96095145631,3.387
"1659",165.8,23.1347076,-264.597791666666,3.38677083333333
"1660",165.9,23.1303464,-265.04976,3.386
"1661",166,23.1596284,-269.034431034483,3.386
"1662",166.1,23.1943992,-265.895162790698,3.38588372093023
"1663",166.2,23.2117321212121,-262.875230769231,3.38520512820513
"1664",166.3,23.2199737623762,-261.117556818182,3.386
"1665",166.4,23.2410204,-260.915170212767,3.386
"1666",166.5,23.2574267326733,-268.08625,3.386
"1667",166.6,23.289383,-266.43198989899,3.38549494949495
"1668",166.7,23.3142263157895,-263.765275862069,3.38444827586207
"1669",166.8,23.3402789473684,-261.479021276595,3.386
"1670",166.9,23.372398,-259.142769230769,3.386
"1671",167,23.3839956,-257.223111111111,3.386
"1672",167.1,23.3820752,-255.851130434783,3.386
"1673",167.2,23.4051190977444,-254.427,3.386
"1674",167.3,23.4529912781955,-253.135616071429,3.38622321428571
"1675",167.4,23.4299901,-251.979011363636,3.38788636363636
"1676",167.5,23.4528761,-250.854940677966,3.39151694915254
"1677",167.6,23.4594236,-249.993036585366,3.38582926829268
"1678",167.7,23.48427,-248.621305555556,3.38446296296296
"1679",167.8,23.4808643564356,-247.918279569892,3.386
"1680",167.9,23.4974838383838,-246.877333333333,3.386
"1681",168,23.4856867326733,-246.170395604396,3.386
"1682",168.1,23.4898256,-244.958079207921,3.386
"1683",168.2,23.496664,-244.501092783505,3.386
"1684",168.3,23.508978,-243.897339285714,3.386
"1685",168.4,23.5051309022556,-243.111674157303,3.38616853932584
"1686",168.5,23.5262587218045,-242.354643564357,3.38674257425743
"1687",168.6,23.5294765,-241.726,3.38575
"1688",168.7,23.5633351485149,-241.171145299145,3.38521367521368
"1689",168.8,23.5682148,-240.636272727273,3.386
"1690",168.9,23.5514957142857,-239.775239316239,3.386
"1691",169,23.5446385714286,-239.068152941177,3.386
"1692",169.1,23.5886231313131,-238.687869565217,3.386
"1693",169.2,23.6122033,-238.163450980392,3.386
"1694",169.3,23.6307219,-237.825393939394,3.386
"1695",169.4,23.6271765,-237.257100917431,3.386
"1696",169.5,23.6230635643564,-236.699911111111,3.38582222222222
"1697",169.6,23.6644078787879,-236.025346534654,3.38525742574257
"1698",169.7,23.6687110891089,-235.614854368932,3.386
"1699",169.8,23.6667218181818,-235.202416666667,3.386
"1700",169.9,23.6907401,-234.932392523364,3.386
"1701",170,23.7422424,-234.407569892473,3.386
"1702",170.1,23.7678866666667,-234.063694915254,3.386
"1703",170.2,23.7774966666667,-233.84756097561,3.386
"1704",170.3,23.7817651515151,-233.127299065421,3.386
"1705",170.4,23.7972281188119,-232.778811881188,3.386
"1706",170.5,23.8215248,-232.615942857143,3.38565714285714
"1707",170.6,23.8191676,-232.2005,3.38425
"1708",170.7,23.830779009901,-231.952881188119,3.386
"1709",170.8,23.8406980808081,-231.444512195122,3.386
"1710",170.9,23.8380468,-231.193831775701,3.386
"1711",171,23.8368648,-230.827495145631,3.386
"1712",171.1,23.8544981818182,-230.529425742574,3.386
"1714",171.3,23.8703433333333,-229.82142,3.38526
"1715",171.4,23.864629009901,-229.37942,3.38574
"1716",171.5,23.8641833333333,-229.160017699115,3.38523008849558
"1717",171.6,23.8531444,-228.845528735632,3.386
"1718",171.7,23.8810775247525,-228.560320754717,3.386
"1719",171.8,23.9056966666667,-228.185991150442,3.386
"1720",171.9,23.89277,-227.784144578313,3.386
"1721",172,23.8454366666667,-227.518721649485,3.38575257731959
"1722",172.1,23.8038798,-227.193385321101,3.38549541284404
"1723",172.2,23.8105647,-227.033625,3.38625
"1724",172.3,23.8378922556391,-226.822568627451,3.38343137254902
"1726",172.5,23.83858,-226.228834862385,3.38523853211009
"1727",172.6,23.822997029703,-226.224217391304,3.386
"1728",172.7,23.8234938,-225.914,3.386
"1729",172.8,23.8480847,-225.55075,3.386
"1730",172.9,23.8468188118812,-225.204392857143,3.38577678571429
"1731",173,23.8619715151515,-224.835426966292,3.38514606741573
"1732",173.1,23.8673025742574,-224.952857142857,3.38642857142857
"1733",173.2,23.8452476767677,-224.872813953488,3.38786046511628
"1734",173.3,23.863962,-224.241669724771,3.38652293577982
"1735",173.4,23.8833161,-224.066893617021,3.385
"1736",173.5,23.90246,-223.876721153846,3.38522115384615
"1737",173.6,23.9167174257426,-223.437516129032,3.386
"1738",173.7,23.8961233333333,-223.413740740741,3.386
"1739",173.8,23.8949684,-223.2278,3.386
"1740",173.9,23.9312314,-222.997903225806,3.386
"1741",174,23.936618,-222.860675675676,3.38577477477477
"1742",174.1,23.9213302970297,-222.831989247312,3.385
"1743",174.2,23.9292433333333,-222.534536842105,3.38522105263158
"1744",174.3,23.927012970297,-222.092459459459,3.38623423423423
"1745",174.4,23.908302,-222.034666666667,3.3865
"1746",174.5,23.9084019,-221.884414141414,3.38450505050505
"1747",174.6,23.904216039604,-221.69634,3.38574
"1748",174.7,23.9019226262626,-221.40006,3.385
"1749",174.8,23.9066422772277,-221.21103539823,3.38523008849558
"1750",174.9,23.925924949495,-220.950553398058,3.38587378640777
"1751",175,23.9364116,-220.621580645161,3.385
"1752",175.1,23.9369979,-220.567360824742,3.38464948453608
"1753",175.2,23.9761433333333,-220.495052631579,3.38363157894737
"1754",175.3,23.9702913861386,-220.0715,3.38645454545455
"1755",175.4,23.96302,-219.9296875,3.3876875
"1756",175.5,23.9472182,-219.5848,3.386
"1757",175.6,23.9578638,-219.536137931034,3.386
"1758",175.7,24.00132,-219.231317647059,3.386
"1759",175.8,23.9876033333333,-219.233092783505,3.386
"1760",175.9,23.9792066666667,-219.078811881188,3.38574257425743
"1761",176,23.9813162,-218.69625,3.38475
"1762",176.1,23.986405,-218.561308411215,3.38423364485981
"1763",176.2,23.9855215037594,-218.507714285714,3.3851978021978
"1764",176.3,23.9948885074627,-218.418558823529,3.386
"1765",176.4,23.9880029292929,-218.065,3.38575
"1766",176.5,23.9755085148515,-217.923291262136,3.3852427184466
"1767",176.6,23.9750498,-217.685058252427,3.38578640776699
"1768",176.7,24.0049,-217.732172043011,3.385
"1769",176.8,24.0092999009901,-217.51964,3.385
"1770",176.9,24.0257933333333,-217.403212121212,3.385
"1771",177,24.0419354455446,-217.184223300971,3.38552427184466
"1772",177.1,24.04497,-216.9826,3.38656363636364
"1773",177.2,24.037533,-216.926337078652,3.385
"1774",177.3,24.0140782,-216.56998989899,3.38474747474747
"1775",177.4,24.0400056,-216.334841584158,3.38425742574257
"1776",177.5,24.054996,-216.49475,3.385
"1777",177.6,24.0563522222222,-216.374801724138,3.385
"1778",177.7,24.0696908910891,-216.1828,3.385
"1779",177.8,24.0840155555556,-216.001,3.38519387755102
"1780",177.9,24.087432,-215.993263157895,3.38577894736842
"1781",178,24.0829314851485,-215.912809160305,3.385
"1782",178.1,24.1132454,-215.708229007634,3.385
"1783",178.2,24.1378612871287,-215.566764705882,3.385
"1784",178.3,24.1373366666667,-215.455785714286,3.385
"1785",178.4,24.1174668316832,-215.187914893617,3.385
"1786",178.5,24.1267718,-215.224712871287,3.385
"1787",178.6,24.1051335,-215.096245283019,3.385
"1788",178.7,24.0863128,-214.865275862069,3.385
"1789",178.8,24.1074633333333,-214.979222222222,3.385
"1790",178.9,24.1112076237624,-214.728010526316,3.385
"1791",179,24.0888433333333,-214.4410625,3.38521875
"1792",179.1,24.105647,-214.495495934959,3.38559349593496
"1793",179.2,24.0971536,-214.367435897436,3.384
"1794",179.3,24.1116341414141,-214.12296,3.38424
"1795",179.4,24.1191457425743,-213.93232,3.385
"1796",179.5,24.1016,-213.9258,3.385
"1797",179.6,24.12597,-213.56124,3.385
"1798",179.7,24.1323678217822,-213.542844036697,3.385
"1799",179.8,24.1270306,-213.460742574257,3.385
"1800",179.9,24.1095096,-213.378745454545,3.385
"1801",180,24.1050254545455,-213.362555555556,3.385
"1802",180.1,24.125278880597,-213.077520833333,3.385
"1803",180.2,24.1227840909091,-213.205257425743,3.38517821782178
"1804",180.3,24.1116525,-213.071,3.38582474226804
"1805",180.4,24.0848346534653,-212.84604950495,3.385
"1806",180.5,24.098401010101,-212.581538461538,3.385
"1807",180.6,24.11931,-212.572169811321,3.38485849056604
"1808",180.7,24.1111153465347,-212.562011627907,3.38410465116279
"1809",180.8,24.109413,-212.55392,3.385
"1810",180.9,24.1154094,-212.324357142857,3.3845306122449
"1811",181,24.130015050505,-212.306623762376,3.38349504950495
"1812",181.1,24.1359446534653,-212.18428,3.385
"1813",181.2,24.1282809090909,-211.882571428571,3.385
"1814",181.3,24.1321705,-211.771730337079,3.385
"1815",181.4,24.1365005,-211.848626262626,3.385
"1816",181.5,24.175334,-211.766621359223,3.385
"1817",181.6,24.193898,-211.4768125,3.385
"1818",181.7,24.2003445,-211.40591588785,3.385
"1819",181.8,24.1936374747475,-211.212175257732,3.38518556701031
"1820",181.9,24.1868325742574,-211.258525773196,3.38578350515464
"1821",182,24.188818,-211.17476,3.38524
"1822",182.1,24.1816893069307,-211.04196,3.38576
"1823",182.2,24.2005424,-211.031181818182,3.385
"1824",182.3,24.2053818045113,-210.928594059406,3.385
"1825",182.4,24.1956593939394,-210.695636363636,3.385
"1826",182.5,24.1848915,-210.547740740741,3.385
"1827",182.6,24.179441,-210.544478723404,3.385
"1828",182.7,24.1777675,-210.301214285714,3.38520535714286
"1829",182.8,24.1608610891089,-210.357864583333,3.38565625
"1830",182.9,24.1781776,-210.523,3.38331578947368
"1831",183,24.1762222,-210.340666666667,3.38458333333333
"1832",183.1,24.193242,-210.20038317757,3.38367289719626
"1833",183.2,24.200214,-210.188702970297,3.38583168316832
"1834",183.3,24.1851470707071,-210.01121978022,3.385
"1835",183.4,24.176735959596,-209.864980582524,3.385
"1836",183.5,24.168782,-209.822623762376,3.385
"1837",183.6,24.165649009901,-209.772653465347,3.385
"1838",183.7,24.1583795,-209.526484848485,3.38540404040404
"1839",183.8,24.135806,-209.62007368421,3.38722105263158
"1840",183.9,24.139504,-209.290127272727,3.38729090909091
"1841",184,24.1829252631579,-209.298300970874,3.38484466019417
"1842",184.1,24.1903278787879,-209.066096774194,3.38413978494624
"1843",184.2,24.1718384,-208.996419354839,3.385
"1844",184.3,24.1462792079208,-208.983516129032,3.385
"1845",184.4,24.139189,-209.089744680851,3.385
"1846",184.5,24.1421835,-208.747717171717,3.385
"1847",184.6,24.1705575,-208.692316831683,3.38476237623762
"1848",184.7,24.195948,-208.685826923077,3.38444230769231
"1849",184.8,24.1963235,-208.573,3.3858
"1850",184.9,24.179683,-208.533871287129,3.38476237623762
"1851",185,24.1536715,-208.35654,3.38446
"1852",185.1,24.1675265,-208.286844036697,3.38578899082569
"1853",185.2,24.1716070707071,-208.025,3.385
"1854",185.3,24.1858424,-207.830529411765,3.385
"1855",185.4,24.1904996,-207.364560747664,3.385
"1856",185.5,24.1963704,-207.526127659574,3.385
"1857",185.6,24.230624,-207.494113402062,3.38456701030928
"1858",185.7,24.2523163636364,-207.390227722772,3.3839504950495
"1859",185.8,24.2686459405941,-207.226515151515,3.38653535353535
"1860",185.9,24.2951536,-207.129257425743,3.38452475247525
"1861",186,24.2869603960396,-207.05154,3.38346
"1862",186.1,24.2920325,-206.89508,3.385
"1863",186.2,24.3072157894737,-206.89545,3.385
"1864",186.3,24.3080817910448,-206.892138461538,3.385
"1865",186.4,24.3110324242424,-206.827523076923,3.385
"1866",186.5,24.3073216,-206.691588235294,3.38476470588235
"1867",186.6,24.2969836,-206.748710280374,3.384
"1868",186.7,24.3078164,-206.695076086956,3.38416304347826
"1869",186.8,24.342131980198,-206.50708,3.385
"1870",186.9,24.3243587878788,-206.560577586207,3.38519827586207
"1871",187,24.3129228,-206.461048192771,3.3859156626506
"1872",187.1,24.30634,-206.277692307692,3.385
"1873",187.2,24.3074556,-206.269052631579,3.385
"1874",187.3,24.3310004,-206.21625,3.385
"1875",187.4,24.3509118181818,-206.162565656566,3.385
"1876",187.5,24.3388034653465,-206.039782178218,3.385
"1877",187.6,24.328168,-205.897166666667,3.38456140350877
"1878",187.7,24.287554,-206.075459770115,3.38312643678161
"1879",187.8,24.23886,-205.956227722772,3.38423762376238
"1880",187.9,24.2389303759398,-205.862351851852,3.38478703703704
"1881",188,24.2344962686567,-205.71235483871,3.38416129032258
"1882",188.1,24.2197281818182,-205.602867924528,3.385
"1883",188.2,24.2142866336634,-205.67976,3.385
"1884",188.3,24.2004592,-205.540483870968,3.385
"1885",188.4,24.2216536,-205.254138613861,3.385
"1886",188.5,24.2592940594059,-205.375299145299,3.385
"1887",188.6,24.2675656565657,-205.52956043956,3.38510989010989
"1888",188.7,24.2752784,-205.277222222222,3.38653333333333
"1889",188.8,24.2471912,-205.252793103448,3.38379310344828
"1890",188.9,24.2535932,-204.901035294118,3.38318823529412
"1891",189,24.2496944,-205.029454545455,3.385
"1892",189.1,24.2584327272727,-204.911076923077,3.385
"1893",189.2,24.2532903960396,-204.908206185567,3.385
"1894",189.3,24.2365845454545,-204.964108910891,3.38477227722772
"1895",189.4,24.2502221,-205.116070175439,3.38419298245614
"1896",189.5,24.2605333,-204.96052173913,3.38534782608696
"1897",189.6,24.268567979798,-204.834894736842,3.38832631578947
"1898",189.7,24.2654876470588,-204.6652,3.385
"1899",189.8,24.2765190909091,-204.477287128713,3.385
"1900",189.9,24.2911645544554,-204.337129032258,3.385
"1901",190,24.289336,-204.2723,3.385
"1902",190.1,24.2911654135338,-204.269695238095,3.385
"1903",190.2,24.3029476119403,-204.454455445544,3.385
"1904",190.3,24.3179572727273,-204.159294117647,3.385
"1905",190.4,24.3353167326733,-204.018444444444,3.38485858585859
"1906",190.5,24.3364954545455,-203.878905660377,3.38428301886792
"1907",190.6,24.3340726,-204.096106382979,3.38590425531915
"1908",190.7,24.3099266336634,-203.883826086957,3.38483695652174
"1909",190.8,24.3250009090909,-203.93913,3.384
"1910",190.9,24.3446741584158,-203.71981,3.38423
"1911",191,24.3671809090909,-203.69156302521,3.385
"1912",191.1,24.3904927,-203.747012345679,3.385
"1913",191.2,24.386003,-203.792454545455,3.385
"1914",191.3,24.3496694949495,-203.649,3.385
"1915",191.4,24.3387609803922,-203.347304347826,3.385
"1916",191.5,24.3476409090909,-203.570216216216,3.38478378378378
"1917",191.6,24.3548812,-203.383244444445,3.38414444444444
"1918",191.7,24.3195763,-203.12977,3.38454
"1919",191.8,24.3191283838384,-203.177090909091,3.38346464646465
"1920",191.9,24.3608272277228,-203.2992,3.385
"1921",192,24.3636053535354,-203.135268292683,3.385
"1922",192.1,24.3416282352941,-202.818653061224,3.385
"1923",192.2,24.3478581818182,-202.888342857143,3.38477142857143
"1924",192.3,24.3636024,-203.023927835052,3.384
"1925",192.4,24.3612711881188,-203.030111111111,3.38444444444444
"1926",192.5,24.3624992,-202.873202020202,3.38576767676768
"1927",192.6,24.3608016,-202.80436,3.38548
"1928",192.7,24.35692,-202.619,3.38628
"1929",192.8,24.3338223762376,-202.862684210526,3.38421052631579
"1930",192.9,24.3182854545455,-202.499319148936,3.385
"1931",193,24.3379064,-202.527304347826,3.385
"1932",193.1,24.3785739,-202.4348,3.385
"1933",193.2,24.3604123,-202.40788,3.385
"1934",193.3,24.3613621,-202.41259223301,3.38476699029126
"1935",193.4,24.3743421212121,-202.301900990099,3.38441584158416
"1936",193.5,24.3743962,-202.380076923077,3.38580769230769
"1937",193.6,24.3561192079208,-202.182808080808,3.385
"1938",193.7,24.3528658,-201.93439,3.38483
"1939",193.8,24.3394412871287,-202.281670212766,3.38418085106383
"1940",193.9,24.3572390909091,-202.085792079208,3.385
"1941",194,24.347363880597,-202.01468627451,3.385
"1942",194.1,24.31696,-201.915701030928,3.38479381443299
"1943",194.2,24.3183864,-201.894831775701,3.38421495327103
"1944",194.3,24.2945786,-201.874739130435,3.38534782608696
"1945",194.4,24.2824290909091,-201.883930693069,3.38723762376238
"1946",194.5,24.2974108910891,-201.697393939394,3.38730303030303
"1947",194.6,24.3061221,-201.504967741935,3.385
"1949",194.8,24.3082447,-201.54696969697,3.385
"1950",194.9,24.2943038,-201.584690909091,3.385
"1951",195,24.2984267,-201.363782608696,3.38484782608696
"1952",195.1,24.3147072727273,-201.31513592233,3.38421359223301
"1953",195.2,24.300584,-201.168146788991,3.385
"1954",195.3,24.2852814,-201.209171717172,3.38489898989899
"1955",195.4,24.2909276,-201.244375,3.384125
"1956",195.5,24.2864554,-201.040345794393,3.385
"1957",195.6,24.295056969697,-201.003,3.385
"1958",195.7,24.3001709,-200.856857142857,3.385
"1959",195.8,24.300357029703,-200.753311827957,3.38482795698925
"1960",195.9,24.3130738,-200.761383838384,3.38423232323232
"1961",196,24.3019143564357,-200.845352941176,3.385
"1962",196.1,24.2687879,-200.946222222222,3.385
"1963",196.2,24.283814,-200.73898019802,3.38477227722772
"1964",196.3,24.3237323,-200.68772,3.38356
"1965",196.4,24.3141629,-200.88797029703,3.38265346534653
"1966",196.5,24.2931205,-200.793714285714,3.385
"1967",196.6,24.3074984,-200.649972727273,3.38479090909091
"1968",196.7,24.3078058,-200.621325842697,3.38414606741573
"1969",196.8,24.2997363,-200.40619047619,3.38480952380952
"1970",196.9,24.3064098989899,-200.573650793651,3.38401587301587
"1971",197,24.291532,-200.62098019802,3.384
"1972",197.1,24.3042096,-200.372721153846,3.38422115384615
"1973",197.2,24.3127504,-199.9602,3.3848
"1974",197.3,24.3117536,-200.104058823529,3.38329411764706
"1975",197.4,24.3195583838384,-200.13959047619,3.38162857142857
"1976",197.5,24.3079755445545,-200.083962962963,3.38431481481481
"1977",197.6,24.310185,-200.03,3.38579069767442
"1978",197.7,24.3303356435644,-199.86294,3.384
"1979",197.8,24.343377,-200.059962962963,3.384
"1980",197.9,24.3255587218045,-200.018612903226,3.384
"1981",198,24.2975633333333,-200.10746,3.384
"1982",198.1,24.3408812,-200.037364485981,3.38441121495327
"1983",198.2,24.3550358,-200.063660194175,3.386
"1984",198.3,24.3617292,-199.882551020408,3.38575510204082
"1985",198.4,24.3774662,-199.65897826087,3.384
"1986",198.5,24.3701276,-199.715769230769,3.384
"1987",198.6,24.3814202,-199.671625,3.384
"1988",198.7,24.3762626,-199.395222222222,3.384
"1989",198.8,24.3691622,-199.510202020202,3.384
"1990",198.9,24.3896268,-199.584654205608,3.38422429906542
"1991",199,24.3901718,-199.501207920792,3.385
"1992",199.1,24.372754040404,-199.485405940594,3.385
"1993",199.2,24.3650649,-199.306483870968,3.38596774193548
"1994",199.3,24.3651599,-199.379212389381,3.38963716814159
"1995",199.4,24.3493468,-199.32531,3.38409
"1996",199.5,24.363367,-199.141686046512,3.38489534883721
"1997",199.6,24.3744942424242,-199.40514,3.38423
"1998",199.7,24.3744739215686,-199.259198198198,3.38479279279279
"1999",199.8,24.3724557575758,-199.247786516854,3.384
"2000",199.9,24.390634950495,-199.29584,3.384
"2001",200,24.3925864,-199.1859,3.38377
"2002",200.1,24.3902266,-199.009,3.38345544554455
"2003",200.2,24.4240516831683,-198.858227722772,3.38478217821782
"2004",200.3,24.432094040404,-198.916757281553,3.38440776699029
"2005",200.4,24.4074042,-199.065178947368,3.38562105263158
"2006",200.5,24.3754792,-198.998198019802,3.384
"2007",200.6,24.365529,-198.807111111111,3.384
"2008",200.7,24.4066078,-198.588387931034,3.384
"2009",200.8,24.4147214141414,-198.596260416667,3.384
"2010",200.9,24.4184568316832,-198.630054054054,3.384
"2012",201.1,24.4013963,-198.733352380952,3.38654285714286
"2013",201.2,24.3947632,-198.625022222222,3.38822222222222
"2014",201.3,24.4158457575758,-198.4156,3.3838
"2015",201.4,24.4360935294118,-198.300747474747,3.3830404040404
"2016",201.5,24.4268118181818,-198.462277777778,3.384
"2017",201.6,24.4241087128713,-198.445684782609,3.384
"2018",201.7,24.4386098,-198.149261682243,3.384
"2019",201.8,24.4366471428571,-197.859494623656,3.384
"2020",201.9,24.4188504477612,-198.197927272727,3.384
"2021",202,24.4120171717172,-198.137052631579,3.38372631578947
"2022",202.1,24.4248629,-198.20729787234,3.3823829787234
"2023",202.2,24.4281254,-198.088345132743,3.384
"2024",202.3,24.4141407,-198.03627173913,3.38411956521739
"2025",202.4,24.3892153465347,-198.02,3.3848
"2026",202.5,24.360464949495,-197.856941176471,3.384
"2027",202.6,24.3556575,-197.782442307692,3.384
"2028",202.7,24.3568439,-197.889709677419,3.3841935483871
"2029",202.8,24.3490799,-197.928205882353,3.38475490196078
"2030",202.9,24.351319,-197.901923809524,3.38421904761905
"2031",203,24.3675521212121,-197.741806451613,3.38538709677419
"2032",203.1,24.3956687128713,-197.584577981651,3.38654128440367
"2033",203.2,24.4007754545455,-197.640634408602,3.385
"2034",203.3,24.383394,-197.638397959184,3.38523469387755
"2035",203.4,24.373664,-197.675017094017,3.38557264957265
"2036",203.5,24.3598787878788,-197.499926829268,3.384
"2037",203.6,24.3449990196078,-197.751981308411,3.384
"2038",203.7,24.3534481818182,-197.609,3.384
"2039",203.8,24.3603389108911,-197.401692307692,3.384
"2040",203.9,24.3789465,-197.227018867925,3.38343396226415
"2041",204,24.3800702,-197.317451327434,3.38149557522124
"2042",204.1,24.3811710891089,-197.257209090909,3.38499090909091
"2043",204.2,24.3953701010101,-197.278118181818,3.38408181818182
"2044",204.3,24.3749167326733,-197.142333333333,3.384
"2045",204.4,24.3908584848485,-197.119693069307,3.384
"2046",204.5,24.4069768,-197.20272972973,3.384
"2047",204.6,24.3801842,-197.1247,3.384
"2048",204.7,24.3828324242424,-196.940769230769,3.384
"2049",204.8,24.403393960396,-196.851834862385,3.384
"2050",204.9,24.3963242424242,-197.065710526316,3.38398684210526
"2051",205,24.42122,-196.9075,3.383
"2052",205.1,24.446144,-196.932188034188,3.38321367521368
"2053",205.2,24.45743,-196.86825,3.38408333333333
"2054",205.3,24.436061980198,-196.788172413793,3.38486206896552
"2055",205.4,24.4044854545455,-196.693714285714,3.384
"2056",205.5,24.4085796039604,-196.732023529412,3.384
"2057",205.6,24.4045868,-196.653188118812,3.384
"2058",205.7,24.4041206015038,-196.4982,3.384
"2059",205.8,24.4030501492537,-196.662578947368,3.384
"2060",205.9,24.4177024242424,-196.53325,3.384
"2061",206,24.3850005940594,-196.3345,3.38425
"2062",206.1,24.3979421212121,-196.242207920792,3.38425742574257
"2063",206.2,24.429998,-196.354244094488,3.38218897637795
"2064",206.3,24.4264940594059,-196.451094488189,3.38297637795276
"2065",206.4,24.4266590909091,-196.264683168317,3.384
"2066",206.5,24.4110430693069,-196.192577235772,3.384
"2067",206.6,24.38935,-196.208837398374,3.384
"2068",206.7,24.388746,-196.334295652174,3.384
"2069",206.8,24.35086,-196.273053763441,3.38422580645161
"2070",206.9,24.3435874747475,-196.506666666667,3.38653333333333
"2071",207,24.3523906930693,-196.258352941176,3.38423529411765
"2072",207.1,24.3241024242424,-196.104703703704,3.38540740740741
"2073",207.2,24.318449009901,-196.079470588235,3.38658823529412
"2074",207.3,24.3343338383838,-196.073247191011,3.384
"2075",207.4,24.3544627,-196.08789,3.384
"2076",207.5,24.3453706930693,-195.732765765766,3.384
"2077",207.6,24.3361248484849,-195.977247191011,3.384
"2078",207.7,24.3366778431373,-195.783323232323,3.384
"2079",207.8,24.3336690909091,-195.878603960396,3.38352475247525
"2080",207.9,24.32262,-195.657182692308,3.38222115384615
"2081",208,24.3354763366337,-195.607794117647,3.3828137254902
"2082",208.1,24.344619,-195.643621052632,3.38289473684211
"2083",208.2,24.3316398,-195.780470588235,3.38635294117647
"2084",208.3,24.3414484848485,-195.808081632653,3.384
"2085",208.4,24.3438574257426,-195.559555555556,3.384
"2086",208.5,24.3801487878788,-195.684099009901,3.384
"2087",208.6,24.38097,-195.585564356436,3.384
"2088",208.7,24.355172,-195.715,3.38421428571429
"2089",208.8,24.34747,-195.60097029703,3.38522772277228
"2090",208.9,24.349276,-195.55387037037,3.38559259259259
"2091",209,24.3510647474747,-195.553868686869,3.384
"2092",209.1,24.3714165,-195.459880434783,3.384
"2093",209.2,24.3730594059406,-195.459747663551,3.384
"2094",209.3,24.386904,-195.462130434783,3.384
"2095",209.4,24.3917807920792,-195.326683168317,3.384
"2096",209.5,24.3738560606061,-195.415811320755,3.384
"2097",209.6,24.3535425373134,-195.276389473684,3.384
"2098",209.7,24.3740890909091,-195.314089108911,3.38421782178218
"2099",209.8,24.350744,-195.434865979381,3.38478350515464
"2100",209.9,24.3558,-195.223411764706,3.38423529411765
"2101",210,24.3706511111111,-195.008228070175,3.38480701754386
"2102",210.1,24.3826507920792,-194.999094117647,3.384
"2103",210.2,24.377942,-195.313818965517,3.384
"2104",210.3,24.389964,-195.028833333333,3.384
"2105",210.4,24.3881917821782,-195.038626262626,3.384
"2106",210.5,24.3966667,-194.94899009901,3.384
"2107",210.6,24.411927,-194.872742574257,3.38422772277228
"2108",210.7,24.4458554545455,-194.831620689655,3.38594827586207
"2109",210.8,24.447014,-194.879162790698,3.38958139534884
"2110",210.9,24.430318,-194.8905,3.38420833333333
"2111",211,24.443792,-194.871058823529,3.385
"2112",211.1,24.45566,-194.993357142857,3.38480357142857
"2113",211.2,24.470622020202,-194.849724137931,3.384
"2114",211.3,24.4839098,-194.652069306931,3.384
"2115",211.4,24.478669,-194.513341880342,3.384
"2116",211.5,24.4751744,-194.748548780488,3.38406097560976
"2117",211.6,24.4765759405941,-194.75033,3.38454
"2118",211.7,24.454338,-194.69994,3.38323
"2119",211.8,24.442934,-194.596663366337,3.38377227722772
"2120",211.9,24.426162,-194.529,3.383
"2121",212,24.416542,-194.389792079208,3.38322772277228
"2122",212.1,24.436036,-194.37338,3.384
"2123",212.2,24.428644,-194.397,3.384
"2124",212.3,24.407398,-194.1658,3.384
"2125",212.4,24.411584,-194.286222222222,3.384
"2126",212.5,24.4103980808081,-194.250257425743,3.38377227722772
"2127",212.6,24.4104510891089,-194.4394,3.3832
"2128",212.7,24.407412,-194.348578947368,3.3841052631579
"2129",212.8,24.39879,-194.211736842105,3.38498245614035
"2130",212.9,24.378366,-194.29378,3.38344
"2131",213,24.3864729292929,-194.223888888889,3.38477777777778
"2132",213.1,24.3751153,-194.189415841584,3.384
"2133",213.2,24.4096469,-193.98152,3.384
"2134",213.3,24.4155364356436,-194.053293103448,3.384
"2135",213.4,24.368176,-194.1378,3.384
"2136",213.5,24.372677518797,-194.108644859813,3.38429906542056
"2137",213.6,24.41739,-194.074137931035,3.38568965517241
"2138",213.7,24.3792795,-193.686727272727,3.383
"2139",213.8,24.3686629,-193.657365853659,3.383
"2140",213.9,24.3663905,-193.94018556701,3.38319587628866
"2141",214,24.386258,-194.01456,3.384
"2142",214.1,24.4029679,-194.066961538462,3.384
"2143",214.2,24.4118614,-193.802,3.384
"2144",214.3,24.4104553465347,-193.698,3.384
"2145",214.4,24.390526,-193.816181818182,3.384
"2146",214.5,24.391142,-193.60295959596,3.38423232323232
"2147",214.6,24.39054,-193.664411764706,3.38476470588235
"2148",214.7,24.3919802020202,-193.6853,3.38422
"2149",214.8,24.3975186,-193.724447619048,3.38458095238095
"2150",214.9,24.3755895,-193.799368421053,3.38317894736842
"2151",215,24.3709149,-193.71552,3.384
"2152",215.1,24.3792392,-193.8323,3.384
"2153",215.2,24.3820754545455,-193.59488,3.384
"2154",215.3,24.3846775247525,-193.43001754386,3.384
"2155",215.4,24.3878866666667,-193.545021978022,3.384
"2156",215.5,24.3873407920792,-193.558946808511,3.38418085106383
"2157",215.6,24.3696272,-193.458683168317,3.38477227722772
"2158",215.7,24.388562,-193.235509433962,3.38379245283019
"2159",215.8,24.3926194059406,-193.270382978723,3.38317021276596
"2160",215.9,24.3762670707071,-193.305660377358,3.384
"2161",216,24.3836274,-193.357936842105,3.384
"2162",216.1,24.4030064,-193.187571428571,3.384
"2163",216.2,24.386439,-193.191425742574,3.384
"2164",216.3,24.3845433,-192.999588235294,3.384
"2165",216.4,24.3795972727273,-193.094436893204,3.384
"2166",216.5,24.3895441176471,-193.22044,3.384
"2167",216.6,24.4028055555556,-192.946806451613,3.384
"2168",216.7,24.4032081,-193.114188118812,3.38376237623762
"2169",216.8,24.3845736,-193.18,3.3832
"2170",216.9,24.414036969697,-193.113882352941,3.384
"2171",217,24.4368493069307,-193.005962264151,3.384
"2172",217.1,24.435703030303,-192.85008,3.384
"2173",217.2,24.4546708910891,-192.966957894737,3.384
"2174",217.3,24.4596481,-193.00856,3.384
"2175",217.4,24.4536365413534,-192.921594059406,3.3859603960396
"2176",217.5,24.4484068656716,-192.887100917431,3.39126605504587
"2177",217.6,24.4666580808081,-192.830133333333,3.38386666666667
"2178",217.7,24.4640464,-192.67676,3.383
"2179",217.8,24.4781828,-192.679396551724,3.38318965517241
"2180",217.9,24.489122,-192.671054945055,3.384
"2181",218,24.4880420792079,-192.758282608696,3.384
"2182",218.1,24.4878552525252,-192.689560747664,3.384
"2183",218.2,24.4975008910891,-192.673903225806,3.384
"2184",218.3,24.4911404,-192.654443396226,3.38421698113208
"2185",218.4,24.4852818,-192.636583333333,3.38429166666667
"2186",218.5,24.4666301,-192.606553398058,3.38140776699029
"2187",218.6,24.4804771717172,-192.522527272727,3.38316363636364
"2188",218.7,24.4687289108911,-192.5418,3.38392
"2189",218.8,24.4610082828283,-192.335697674419,3.38309302325581
"2190",218.9,24.4623178,-192.479435643564,3.384
"2191",219,24.4510994,-192.428606060606,3.384
"2192",219.1,24.4374939393939,-192.223762376238,3.384
"2193",219.2,24.4250326732673,-192.197071428571,3.38378571428571
"2194",219.3,24.4300963636364,-192.279378378378,3.38258558558559
"2195",219.4,24.4275555445545,-192.423391304348,3.38152173913043
"2196",219.5,24.471838,-192.258525252525,3.38459595959596
"2197",219.6,24.490044,-192.387,3.383
"2198",219.7,24.4717076237624,-192.36126,3.38322
"2199",219.8,24.4787378787879,-192.234059405941,3.384
"2200",219.9,24.4697795049505,-192.109160377358,3.384
"2201",220,24.4462717171717,-192.116585106383,3.384
"2202",220.1,24.436111,-192.045142857143,3.384
"2203",220.2,24.4478482,-191.997336633663,3.384
"2204",220.3,24.4556581818182,-192.073666666667,3.38355555555556
"2205",220.4,24.4288831372549,-191.9915,3.38245098039216
"2206",220.5,24.4259795959596,-192.098420560748,3.38419626168224
"2207",220.6,24.448556,-192.037301075269,3.38484946236559
"2208",220.7,24.4554244,-191.99003,3.384
"2209",220.8,24.448783030303,-192.040848484848,3.384
"2210",220.9,24.438524950495,-191.84234,3.384
"2211",221,24.4413418181818,-191.9538,3.384
"2212",221.1,24.4325311,-191.92697752809,3.384
"2213",221.2,24.4250859,-191.852558823529,3.38445098039216
"2214",221.3,24.4386996240601,-191.889928571429,3.38557142857143
"2215",221.4,24.4421305970149,-191.764277227723,3.384
"2216",221.5,24.3983142424242,-191.5171,3.38422
"2217",221.6,24.4243026732673,-191.506821782178,3.38478217821782
"2218",221.7,24.4614476,-191.731648648649,3.384
"2219",221.8,24.4475992,-191.688454545454,3.384
"2220",221.9,24.4483677227723,-191.50074,3.38378
"2221",222,24.436883030303,-191.461069306931,3.38321782178218
"2222",222.1,24.4290548039216,-191.279333333333,3.38383333333333
"2223",222.2,24.4401785858586,-191.319015873016,3.38303968253968
"2224",222.3,24.4690502970297,-191.219613861386,3.38634653465347
"2225",222.4,24.4799085,-191.227928571429,3.38378571428571
"2226",222.5,24.4893835353535,-191.244179245283,3.3838679245283
"2227",222.6,24.5013656435644,-191.341694736842,3.38628421052632
"2228",222.7,24.4766003030303,-191.379283333333,3.38318333333333
"2229",222.8,24.4518918181818,-191.04675862069,3.38397701149425
"2230",222.9,24.4708852,-191.24105,3.383
"2231",223,24.45482,-191.193391304348,3.383
"2232",223.1,24.4455987,-191.153392156863,3.38367647058824
"2233",223.2,24.4479099,-191.134757575758,3.38557575757576
"2234",223.3,24.4562551485149,-191.332683168317,3.384
"2235",223.4,24.4503839393939,-191.095834951456,3.38440776699029
"2236",223.5,24.4368342574257,-191.145973451327,3.3856814159292
"2237",223.6,24.4434728,-190.948554216867,3.384
"2238",223.7,24.4400738,-191.09168,3.38378
"2239",223.8,24.461575,-191.0809,3.383
"2240",223.9,24.4856618181818,-190.920346534653,3.38321782178218
"2241",224,24.4700902970297,-190.8835,3.38378571428571
"2242",224.1,24.4820745454545,-190.740764705882,3.38277450980392
"2243",224.2,24.4808845,-190.75241,3.38263
"2244",224.3,24.4563277227723,-191.004884955752,3.38462831858407
"2245",224.4,24.453648,-190.986850574713,3.383
"2246",224.5,24.4450474,-190.859545454545,3.38321212121212
"2247",224.6,24.4406633333333,-190.860851851852,3.384
"2248",224.7,24.4390352,-190.835034482759,3.38387931034483
"2249",224.8,24.4703058,-190.878137931034,3.38301724137931
"2250",224.9,24.4778965,-191.0708,3.383
"2251",225,24.4508143,-190.640174418605,3.38310465116279
"2252",225.1,24.4396672727273,-190.720509803922,3.38490196078431
"2253",225.2,24.430456119403,-190.826088,3.387328
"2254",225.3,24.417983030303,-190.878888,3.384128
"2255",225.4,24.43971,-190.877981651376,3.38419266055046
"2256",225.5,24.440830990099,-190.765802197802,3.38486813186813
"2257",225.6,24.4117982828283,-190.8893,3.38379
"2258",225.7,24.4135763366337,-190.878,3.38320588235294
"2259",225.8,24.4329946,-190.794232142857,3.384
"2260",225.9,24.4503394,-191.040848837209,3.38391860465116
"2261",226,24.4418589108911,-190.889,3.38341176470588
"2262",226.1,24.4396456,-190.49749,3.38538
"2263",226.2,24.4601748,-190.571888888889,3.38623232323232
"2264",226.3,24.44455,-190.608794392523,3.383
"2265",226.4,24.4265279,-190.463545454545,3.383
"2266",226.5,24.4427158,-190.482130434783,3.38315217391304
"2267",226.6,24.4512575,-190.4496,3.384
"2268",226.7,24.4492385,-190.44567032967,3.38386813186813
"2269",226.8,24.456208,-190.560486486486,3.383
"2270",226.9,24.4513029292929,-190.565477272727,3.38311363636364
"2271",227,24.4257604,-190.651710280374,3.38420560747664
"2272",227.1,24.4454924,-190.559372340426,3.38484042553191
"2273",227.2,24.4822256435644,-190.25655,3.38379
"2274",227.3,24.4764547,-190.652184466019,3.383
"2275",227.4,24.4492608,-190.451316831683,3.383
"2276",227.5,24.424856,-190.306270833333,3.383
"2277",227.6,24.4323989,-190.369909090909,3.383
"2278",227.7,24.4470509,-190.404981651376,3.38320183486239
"2279",227.8,24.446894,-190.314857142857,3.384
"2280",227.9,24.4494092,-190.33702970297,3.384
"2281",228,24.4571244,-190.32170754717,3.38439622641509
"2282",228.1,24.4630026262626,-190.311,3.38551612903226
"2283",228.2,24.4411657425742,-190.13372,3.38322
"2284",228.3,24.4107214,-190.381693069307,3.38421782178218
"2285",228.4,24.4275144,-190.2253,3.38458
"2286",228.5,24.4450385,-190.233745283019,3.383
"2287",228.6,24.4248366666667,-190.163650943396,3.383
"2288",228.7,24.4119836,-190.124090909091,3.38309090909091
"2289",228.8,24.413654,-190.236444444444,3.384
"2290",228.9,24.4049952,-190.175878787879,3.384
"2291",229,24.4018184,-189.920484848485,3.38315151515152
"2292",229.1,24.4097935338346,-190.00074,3.38066
"2293",229.2,24.4240133333333,-189.92858974359,3.38281196581197
"2294",229.3,24.4030585,-190.045476190476,3.38205952380952
"2295",229.4,24.3895010891089,-189.77627,3.383
"2296",229.5,24.4016056,-189.94227,3.383
"2297",229.6,24.4191368,-190.01436,3.383
"2298",229.7,24.4099221782178,-189.999318181818,3.383
"2299",229.8,24.4082246464646,-189.8743,3.38312222222222
"2300",229.9,24.4133699009901,-189.827484848485,3.38336363636364
"2301",230,24.4135518,-189.83788,3.38166
"2302",230.1,24.424073,-189.802433962264,3.384
"2303",230.2,24.4243219,-189.928020408163,3.38367346938775
"2304",230.3,24.3961447474747,-189.863092783505,3.38218556701031
"2305",230.4,24.3727511881188,-190.057272727273,3.383
"2306",230.5,24.3672942424242,-189.74396460177,3.383
"2307",230.6,24.3976136,-189.719489130435,3.383
"2308",230.7,24.4005188,-189.745448598131,3.383
"2309",230.8,24.396502,-189.826159090909,3.383
"2310",230.9,24.4238945544554,-189.597962616822,3.38279439252336
"2311",231,24.416674040404,-189.712617647059,3.38214705882353
"2312",231.1,24.3915218811881,-189.729112244898,3.383
"2313",231.2,24.4001679,-189.564936170213,3.383
"2314",231.3,24.4230295,-189.46557480315,3.383
"2315",231.4,24.4233304950495,-189.520692913386,3.383
"2316",231.5,24.4125181818182,-189.690415841584,3.383
"2317",231.6,24.3964026,-189.60385046729,3.383
"2318",231.7,24.3851457,-189.50664516129,3.383
"2319",231.8,24.4163823232323,-189.444772277228,3.38234653465346
"2320",231.9,24.419254,-189.555660194175,3.38081553398058
"2321",232,24.4140655555556,-189.440125,3.3838125
"2322",232.1,24.4162497058824,-189.442555555556,3.38322222222222
"2323",232.2,24.4071322222222,-189.53466,3.38377
"2324",232.3,24.4007156,-189.526908256881,3.383
"2325",232.4,24.4141868,-189.379769230769,3.383
"2326",232.5,24.4282611111111,-189.426702702703,3.383
"2327",232.6,24.4150108910891,-189.534075471698,3.383
"2328",232.7,24.3917533333333,-189.417468085106,3.383
"2329",232.8,24.3851883168317,-189.310056603774,3.38288679245283
"2330",232.9,24.4064148,-189.321785714286,3.382
"2331",233,24.435862481203,-189.237411764706,3.38221568627451
"2332",233.1,24.4242537313433,-189.477038461538,3.38280769230769
"2333",233.2,24.4238577777778,-189.336446808511,3.38217021276596
"2334",233.3,24.4132035,-189.27312,3.383
"2335",233.4,24.4238415,-189.22396,3.383
"2336",233.5,24.410306,-189.179396039604,3.383
"2337",233.6,24.4096307920792,-189.112962264151,3.383
"2338",233.7,24.4480166666667,-189.118132653061,3.38284693877551
"2339",233.8,24.4685267326733,-189.092,3.38284158415842
"2340",233.9,24.5044912,-189.229021276596,3.38631914893617
"2341",234,24.4966028,-189.075333333333,3.383
"2342",234.1,24.4701488,-189.03173,3.383
"2343",234.2,24.4709888888889,-188.92827,3.383
"2344",234.3,24.4838391089109,-188.914471153846,3.383
"2345",234.4,24.4599544444444,-188.74649,3.383
"2346",234.5,24.447443,-188.801625,3.383
"2347",234.6,24.47399,-188.854911764706,3.383
"2348",234.7,24.4640045,-189.056363636364,3.383
"2349",234.8,24.454801,-188.969,3.383
"2350",234.9,24.4593854545455,-188.856700787402,3.38281102362205
"2351",235,24.4651338613861,-188.863787401575,3.38202362204724
"2352",235.1,24.4767555,-188.89659,3.38069
"2353",235.2,24.4867915,-188.73902,3.383
"2354",235.3,24.4962755445545,-188.724398058252,3.383
"2355",235.4,24.4912611111111,-188.92893814433,3.383
"2356",235.5,24.476902970297,-188.60403,3.383
"2357",235.6,24.4652533333333,-188.608298245614,3.383
"2358",235.7,24.449159,-188.744,3.38279310344828
"2359",235.8,24.4599255,-188.698274509804,3.38143137254902
"2360",235.9,24.4394118181818,-188.58795959596,3.38279797979798
"2361",236,24.4180749019608,-188.776545454545,3.38242424242424
"2362",236.1,24.4173577777778,-188.608056603774,3.38379245283019
"2363",236.2,24.407914,-188.453865979382,3.383
"2364",236.3,24.40956,-188.58870754717,3.383
"2365",236.4,24.403127,-188.544882978723,3.383
"2366",236.5,24.368615,-188.569247706422,3.383
"2367",236.6,24.3593872727273,-188.46723364486,3.38318691588785
"2368",236.7,24.3947072,-188.608592592593,3.385
"2369",236.8,24.433188,-188.44504950495,3.38456435643564
"2370",236.9,24.4363771428571,-188.46335,3.383
"2371",237,24.4171543283582,-188.463791304348,3.383
"2372",237.1,24.4384177777778,-188.332928571429,3.383
"2373",237.2,24.4462992079208,-188.25658,3.383
"2374",237.3,24.468078,-188.39586,3.383
"2375",237.4,24.460448,-188.365132075472,3.383
"2376",237.5,24.4488635643564,-188.392951456311,3.38315533980583
"2377",237.6,24.4351927272727,-188.532857142857,3.38428571428571
"2378",237.7,24.4293145098039,-188.253128712871,3.38512871287129
"2379",237.8,24.4313955555556,-188.26936,3.382
"2380",237.9,24.4353535,-188.09456,3.38221
"2381",238,24.4199895,-188.21002,3.383
"2382",238.1,24.412934,-187.928550458716,3.383
"2383",238.2,24.42787,-187.910477876106,3.383
"2384",238.3,24.4273909090909,-188.264460176991,3.383
"2385",238.4,24.4341384158416,-188.155427419355,3.383
"2386",238.5,24.4488527272727,-188.19854,3.38278
"2387",238.6,24.4396352,-188.288752475248,3.38221782178218
"2388",238.7,24.4132636,-188.275454545454,3.383
"2389",238.8,24.4041188,-188.124237623762,3.38343564356436
"2390",238.9,24.3982112871287,-188.074575757576,3.38436363636364
"2391",239,24.4055309090909,-188.052227722772,3.38221782178218
"2392",239.1,24.4464883168317,-188.04916,3.383
"2393",239.2,24.4567125,-187.98770212766,3.383
"2394",239.3,24.4457315,-188.086283687943,3.383
"2395",239.4,24.4317325,-188.33266,3.38278
"2396",239.5,24.4282036363636,-188.296,3.38244
"2397",239.6,24.4338863366337,-188.2652,3.38378
"2398",239.7,24.46897,-188.131168316832,3.383
"2399",239.8,24.4657144,-188.050217391304,3.38354782608696
"2400",239.9,24.4379793069307,-188.075606741573,3.38579775280899
"2401",240,24.463047,-187.936416666667,3.383
"2402",240.1,24.5031185,-187.97349,3.383
"2403",240.2,24.4960272727273,-187.843818181818,3.383
"2404",240.3,24.4814782,-188.07454,3.383
"2405",240.4,24.4737964,-188.16334,3.38322
"2406",240.5,24.4570188,-187.9384,3.38422
"2407",240.6,24.450879,-187.63484,3.38456
"2408",240.7,24.4701812121212,-187.90426,3.38278
"2409",240.8,24.50072,-187.932269565217,3.38219130434783
"2410",240.9,24.5004356060606,-187.778384615385,3.383
"2411",241,24.5095848,-187.757553191489,3.383
"2412",241.1,24.502050990099,-187.6234,3.383
"2413",241.2,24.4789009090909,-187.830722772277,3.383
"2414",241.3,24.4658645544554,-187.908939393939,3.383
"2415",241.4,24.467918,-187.740476635514,3.38382242990654
"2416",241.5,24.4795282,-187.799650943396,3.38643396226415
"2417",241.6,24.5002896039604,-187.732125,3.383
"2418",241.7,24.5158590909091,-187.613060606061,3.38215151515151
"2419",241.8,24.5077048514852,-187.66197029703,3.37987128712871
"2420",241.9,24.4935218181818,-187.477641025641,3.383
"2421",242,24.490547,-187.606537634409,3.383
"2422",242.1,24.4716062,-187.669302083333,3.383
"2423",242.2,24.4810276,-187.725659574468,3.383
"2424",242.3,24.515043,-187.70048,3.383
"2425",242.4,24.501894,-187.463086538462,3.38320192307692
"2426",242.5,24.4865453535354,-187.481291666667,3.38382291666667
"2427",242.6,24.4787374,-187.400909090909,3.383
"2428",242.7,24.4739163,-187.35938,3.38278
"2429",242.8,24.4757183168317,-187.254524752475,3.38221782178218
"2430",242.9,24.4875608,-187.454787878788,3.383
"2431",243,24.5046615789474,-187.276653465347,3.383
"2432",243.1,24.5168360606061,-187.234787878788,3.383
"2433",243.2,24.51505,-187.33298,3.383
"2434",243.3,24.51476,-187.18204950495,3.38278217821782
"2435",243.4,24.5061681,-187.10703,3.38284
"2436",243.5,24.5012858,-187.379647058824,3.38538235294118
"2437",243.6,24.5125875,-187.353181818182,3.38280808080808
"2438",243.7,24.5075208,-187.227448979592,3.38220408163265
"2439",243.8,24.4953859405941,-187.26874,3.383
"2440",243.9,24.5076654,-187.192358490566,3.383
"2441",244,24.5346186,-187.026574468085,3.383
"2442",244.1,24.5383252,-187.17948,3.383
"2443",244.2,24.4883634343434,-187.292113207547,3.383
"2444",244.3,24.4684788,-187.41728,3.38268
"2445",244.4,24.5086307,-187.093961165049,3.3816213592233
"2446",244.5,24.529912,-186.971708737864,3.38474757281553
"2447",244.6,24.5040075,-187.468616915423,3.38285074626866
"2448",244.7,24.5009093984962,-187.334786069652,3.38135820895522
"2449",244.8,24.5188639393939,-187.184530612245,3.38055102040816
"2450",244.9,24.468206,-187.163397163121,3.383
"2451",245,24.4751372277228,-187.207368794326,3.383
"2452",245.1,24.4870013,-186.94,3.383
"2453",245.2,24.4642656,-187.023333333333,3.383
"2454",245.3,24.4539364,-187.033888888889,3.38262962962963
"2455",245.4,24.4447907,-187.118296703297,3.38126373626374
"2456",245.5,24.4264920792079,-186.991028037383,3.38290186915888
"2457",245.6,24.4229472,-187.034018691589,3.38243457943925
"2458",245.7,24.4117606,-187.061696969697,3.38231818181818
"2459",245.8,24.4189458,-186.938822580645,3.38367741935484
"2460",245.9,24.415841010101,-186.94604,3.383
"2461",246,24.4242753,-186.891816901408,3.383
"2462",246.1,24.4359736,-186.889,3.383
"2463",246.2,24.4393187,-187.112197530864,3.383
"2464",246.3,24.4249567,-187.14424,3.38252
"2465",246.4,24.4147162626263,-186.821117647059,3.38147058823529
"2466",246.5,24.4275434653465,-186.846551020408,3.38255102040816
"2467",246.6,24.4442137373737,-186.756188118812,3.38171287128713
"2468",246.7,24.4451794059406,-186.832439655172,3.38380172413793
"2469",246.8,24.4450089108911,-186.8,3.383
"2470",246.9,24.4462427067669,-186.71328,3.383
"2471",247,24.4463089552239,-186.855266055046,3.383
"2472",247.1,24.4316701010101,-186.633663043478,3.383
"2473",247.2,24.4228605,-186.6644,3.3832
"2474",247.3,24.4345762,-186.647047619048,3.38380952380952
"2475",247.4,24.4522761,-186.81356,3.38224
"2476",247.5,24.4826462376238,-186.786891089109,3.38323762376238
"2477",247.6,24.501652020202,-186.680211538462,3.38377884615385
"2478",247.7,24.5001020792079,-186.711208333333,3.383
"2479",247.8,24.4956752525253,-186.546198275862,3.383
"2480",247.9,24.4987279207921,-186.798759036145,3.3829156626506
"2481",248,24.4948316,-186.484465346535,3.38223762376238
"2482",248.1,24.4822513131313,-186.47779047619,3.38278095238095
"2483",248.2,24.4834053465347,-186.595894736842,3.38275789473684
"2484",248.3,24.4910052525253,-186.319696969697,3.38530303030303
"2485",248.4,24.4984927,-186.3452,3.383
"2486",248.5,24.5109014,-186.223357798165,3.38255963302752
"2487",248.6,24.5038516541353,-186.427206521739,3.38132608695652
"2488",248.7,24.4941108955224,-186.536555555555,3.383
"2489",248.8,24.4839181818182,-186.232289719626,3.383
"2490",248.9,24.4882072,-186.483265957447,3.383
"2491",249,24.497162,-186.518178217822,3.383
"2492",249.1,24.494892,-186.347111111111,3.38344444444444
"2493",249.2,24.5082134653465,-186.313495049505,3.38431683168317
"2494",249.3,24.5041026262626,-186.282102040816,3.382
"2495",249.4,24.4919140594059,-186.237162162162,3.38264864864865
"2496",249.5,24.5137471,-186.335670103093,3.38473195876289
"2497",249.6,24.5188128,-186.17262992126,3.383
"2498",249.7,24.5063493,-186.176566929134,3.383
"2499",249.8,24.5123788888889,-186.227099009901,3.38276237623762
"2500",249.9,24.514787029703,-186.311760683761,3.38219658119658
"2501",250,24.5217654545455,-186.362722891566,3.38292771084337
"2502",250.1,24.5060314851485,-186.22761,3.38246
"2503",250.2,24.5059622,-186.107490384615,3.38355769230769
"2504",250.3,24.5036377,-186.471244897959,3.382
"2505",250.4,24.484018019802,-186.447359223301,3.38179611650485
"2506",250.5,24.4974323232323,-186.46870212766,3.3811914893617
"2507",250.6,24.5258698019802,-186.361235294118,3.38223529411765
"2508",250.7,24.5417506060606,-186.168903846154,3.383
"2509",250.8,24.5285690977444,-186.178316831683,3.38282178217822
"2510",250.9,24.5129762686567,-186.190989361702,3.382
"2511",251,24.4925542424242,-186.240866071429,3.38261607142857
"2512",251.1,24.5015501980198,-186.33616091954,3.38449425287356
"2513",251.2,24.4985590909091,-185.964752293578,3.38144036697248
"2514",251.3,24.5082815151515,-186.163581632653,3.38315306122449
"2515",251.4,24.5085812871287,-186.029168421053,3.38382105263158
"2516",251.5,24.4935293939394,-186.016777777778,3.383
"2517",251.6,24.4805619607843,-185.992222222222,3.38276767676768
"2518",251.7,24.4869133333333,-185.840981818182,3.382
"2519",251.8,24.4798267326733,-185.993934782609,3.382
"2520",251.9,24.4593284,-185.944888888889,3.38222222222222
"2521",252,24.4792127272727,-185.88025,3.38346
"2522",252.1,24.4872873267327,-186.123650943396,3.38434905660377
"2523",252.2,24.4743157575758,-185.918404255319,3.38218085106383
"2524",252.3,24.4731541176471,-185.7783,3.38346
"2525",252.4,24.4628737373737,-185.885375,3.38455769230769
"2526",252.5,24.4594367669173,-185.71789,3.38281
"2527",252.6,24.4821908955224,-185.847354166667,3.382
"2528",252.7,24.4771951515152,-185.90451,3.382
"2529",252.8,24.4688784,-185.830575757576,3.38223232323232
"2530",252.9,24.4762421212121,-185.960128712871,3.383
"2531",253,24.478521,-185.754534653465,3.38254455445545
"2532",253.1,24.4763675247525,-185.58076,3.38122
"2533",253.2,24.4915260606061,-185.868298245614,3.38257894736842
"2534",253.3,24.498998627451,-185.906011764706,3.38481176470588
"2535",253.4,24.4969322222222,-185.88695049505,3.383
"2536",253.5,24.4568764,-185.734222222222,3.383
"2537",253.6,24.4383384,-185.7631,3.38277
"2538",253.7,24.4332181818182,-185.750310344828,3.382
"2539",253.8,24.4438623762376,-185.7864,3.382
"2540",253.9,24.431396969697,-185.712545454545,3.38236363636364
"2541",254,24.4138896039604,-185.659827160494,3.38398765432099
"2542",254.1,24.4209524,-185.588680412371,3.38279381443299
"2543",254.2,24.3987848,-185.667118811881,3.38177227722772
"2544",254.3,24.3965876,-185.61962,3.38122
"2545",254.4,24.3946928,-185.59254,3.382
"2546",254.5,24.3909024,-185.6518,3.382
"2547",254.6,24.4207542424242,-185.435782608696,3.38213043478261
"2548",254.7,24.4362873880597,-185.63406122449,3.38279591836735
"2549",254.8,24.4330877272727,-185.470155172414,3.382
"2550",254.9,24.4088529,-185.549108433735,3.38243373493976
"2551",255,24.4024747,-185.503694444444,3.38672222222222
"2552",255.1,24.4060591,-185.486514851485,3.38214851485148
"2553",255.2,24.421468,-185.567161290323,3.38315053763441
"2554",255.3,24.4108297,-185.553606060606,3.38357575757576
"2555",255.4,24.4072148,-185.452555555556,3.38222222222222
"2556",255.5,24.4215413861386,-185.4955,3.38277
"2557",255.6,24.4518512,-185.494291262136,3.382
"2558",255.7,24.4757263366337,-185.590734693878,3.382
"2559",255.8,24.479314040404,-185.40996,3.382
"2560",255.9,24.4878668,-185.24616,3.38222
"2561",256,24.5082576,-185.292008849557,3.38280530973451
"2562",256.1,24.5157776,-185.239818181818,3.38210227272727
"2563",256.2,24.5118512,-185.273393939394,3.38278787878788
"2564",256.3,24.5114115151515,-185.092594059406,3.382
"2565",256.4,24.5215408,-185.166,3.382
"2566",256.5,24.5426205,-185.262192307692,3.382
"2567",256.6,24.5333838,-185.278547169811,3.382
"2568",256.7,24.509779,-185.047553191489,3.38212765957447
"2569",256.8,24.5058512,-185.17,3.38317475728155
"2570",256.9,24.5151409,-185.115652173913,3.38383695652174
"2571",257,24.5260673,-185.237702970297,3.38277227722772
"2572",257.1,24.5399371,-185.107961165049,3.38178640776699
"2573",257.2,24.5283915841584,-185.127418367347,3.38119387755102
"2574",257.3,24.5112204,-185.309818181818,3.382
"2575",257.4,24.5271012,-185.092257425743,3.382
"2576",257.5,24.5120824,-185.011071428571,3.382
"2577",257.6,24.4995727272727,-184.99927027027,3.38220720720721
"2578",257.7,24.5289428,-184.904252747253,3.383
"2579",257.8,24.5635806,-184.975787610619,3.38337168141593
"2580",257.9,24.5768106930693,-185.091720930233,3.38472093023256
"2581",258,24.56908,-185.144356435643,3.382
"2582",258.1,24.5688278787879,-184.972424242424,3.38221212121212
"2583",258.2,24.5910271,-185.112,3.38277777777778
"2584",258.3,24.58493,-184.984037735849,3.382
"2585",258.4,24.5990635,-185.06406,3.382
"2586",258.5,24.6011346,-185.015147368421,3.38217894736842
"2587",258.6,24.5818757894737,-185.05328,3.383
"2588",258.7,24.5978218181818,-184.8935,3.38256
"2589",258.8,24.587705,-184.94408,3.38144
"2590",258.9,24.582085,-184.9017,3.38256
"2591",259,24.56998,-184.856555555556,3.38122222222222
"2592",259.1,24.576361980198,-184.88382,3.382
"2593",259.2,24.5697108910891,-184.912053571429,3.382
"2594",259.3,24.5495442424242,-184.920875,3.382
"2595",259.4,24.5514069306931,-184.91940776699,3.382
"2596",259.5,24.5601688,-184.812183673469,3.382
"2597",259.6,24.5597564,-184.599158415842,3.38221782178218
"2598",259.7,24.5795912,-184.9135,3.38204545454545
"2599",259.8,24.5801648484849,-184.677425531915,3.37846808510638
"2600",259.9,24.5534629,-184.61320952381,3.382
"2601",260,24.5494123,-184.813966292135,3.38226966292135
"2602",260.1,24.5580455,-184.797823529412,3.38354901960784
"2603",260.2,24.5650892,-184.704363636364,3.382
"2604",260.3,24.5518365656566,-184.799185840708,3.382
"2605",260.4,24.5588532673267,-184.757862068965,3.382
"2606",260.5,24.5576333333333,-184.703247524753,3.382
"2607",260.6,24.56757,-184.864686956522,3.38254782608696
"2608",260.7,24.589835,-184.640818181818,3.38487878787879
"2609",260.8,24.564355,-184.721534090909,3.383
"2610",260.9,24.5494146534653,-184.6369375,3.38280208333333
"2611",261,24.5578190909091,-184.704401960784,3.38222549019608
"2612",261.1,24.5430486138614,-184.608894736842,3.38281578947368
"2613",261.2,24.5502462,-184.676372340426,3.382
"2614",261.3,24.555532,-184.436532608696,3.382
"2615",261.4,24.5408797,-184.543151515152,3.382
"2616",261.5,24.5408383838384,-184.488888888889,3.382
"2617",261.6,24.5436633663366,-184.26937,3.382
"2618",261.7,24.5570564646465,-184.43156,3.382
"2619",261.8,24.5516822772277,-184.463228571428,3.382
"2620",261.9,24.5265558,-184.637041237113,3.38218556701031
"2621",262,24.5033152525252,-184.537939393939,3.38278787878788
"2622",262.1,24.4665573267327,-184.40998,3.382
"2623",262.2,24.4632766666667,-184.339,3.382
"2624",262.3,24.509,-184.342075,3.382
"2625",262.4,24.520995,-184.35936,3.38223
"2626",262.5,24.4936751879699,-184.228133333333,3.38280833333333
"2627",262.6,24.4677179104478,-184.53877173913,3.3819347826087
"2628",262.7,24.470401010101,-184.301375,3.38025
"2629",262.8,24.4742604,-184.020975,3.38180833333333
"2630",262.9,24.4572526,-184.395329268293,3.381
"2631",263,24.4658768,-184.432891089109,3.38120792079208
"2632",263.1,24.4653292079208,-184.246489795918,3.382
"2633",263.2,24.4391792929293,-184.273366336634,3.382
"2634",263.3,24.456665,-184.2461,3.382
"2635",263.4,24.4845396969697,-184.033138888889,3.382
"2636",263.5,24.4777878217822,-184.105369565217,3.38228260869565
"2637",263.6,24.4773197,-184.11952,3.38337
"2638",263.7,24.47852,-184.08339,3.38121
"2639",263.8,24.4807477227723,-184.1964,3.382
"2640",263.9,24.4569948484849,-184.133515151515,3.382
"2641",264,24.44722,-184.068290598291,3.382
"2642",264.1,24.460625,-184.036609195402,3.382
"2643",264.2,24.4422442424242,-184.090692307692,3.382
"2644",264.3,24.4536206930693,-184.207157894737,3.382
"2646",264.5,24.4365357425743,-184.230357142857,3.382
"2647",264.6,24.4438574747475,-184.141581196581,3.38181196581197
"2648",264.7,24.4432873,-184.081428571429,3.38117857142857
"2649",264.8,24.4282774257426,-184.142696969697,3.38357575757576
"2650",264.9,24.4575351515152,-183.988754385965,3.382
"2651",265,24.4773876237624,-183.973347826087,3.382
"2652",265.1,24.4603570707071,-184.001268817204,3.382
"2653",265.2,24.461097,-183.998099009901,3.382
"2654",265.3,24.4686703,-183.942495049505,3.382
"2655",265.4,24.4680395,-183.95935,3.382
"2656",265.5,24.4332756435643,-183.913048076923,3.38220192307692
"2657",265.6,24.4066177777778,-183.921333333333,3.38283333333333
"2658",265.7,24.4174046534653,-183.863463917526,3.38230927835052
"2659",265.8,24.438565,-183.866189473684,3.38362105263158
"2660",265.9,24.456935,-183.889544554455,3.382
"2661",266,24.45922,-183.933611111111,3.382
"2662",266.1,24.4511784848485,-183.857065217391,3.382
"2663",266.2,24.4486491089109,-184.053033898305,3.382
"2664",266.3,24.4286408080808,-183.682950617284,3.38195061728395
"2665",266.4,24.4091112781955,-183.580376237624,3.38168316831683
"2666",266.5,24.4174256716418,-183.741663366337,3.38334653465346
"2667",266.6,24.4219818181818,-183.63743,3.38142
"2668",266.7,24.4032878431373,-183.465151515152,3.38257575757576
"2669",266.8,24.3951244444444,-183.475865546218,3.38118487394958
"2670",266.9,24.3946029,-183.53634939759,3.382
"2671",267,24.3977685148515,-183.538797979798,3.382
"2672",267.1,24.4151098989899,-183.604563106796,3.382
"2673",267.2,24.4591944554455,-183.595410526316,3.382
"2674",267.3,24.5046551515151,-183.718,3.382
"2675",267.4,24.5171856435644,-183.567128,3.381448
"2676",267.5,24.50918,-183.580728,3.379048
"2677",267.6,24.4848827272727,-183.586936842105,3.383
"2678",267.7,24.4735820792079,-183.066252427185,3.38255339805825
"2679",267.8,24.4807798989899,-183.474041666667,3.38120833333333
"2680",267.9,24.4889228712871,-183.37828,3.382
"2681",268,24.4923615151515,-183.256782178218,3.382
"2682",268.1,24.5002028,-183.301410714286,3.382
"2683",268.2,24.5037661,-183.29247826087,3.382
"2684",268.3,24.4825321212121,-183.268126213592,3.38236893203884
"2685",268.4,24.4869659405941,-183.43181632653,3.38367346938775
"2686",268.5,24.5099306060606,-183.120242105263,3.382
"2687",268.6,24.5086052,-183.350931372549,3.38222549019608
"2688",268.7,24.5021905940594,-183.329285714286,3.38278571428571
"2689",268.8,24.5001209,-183.246454545454,3.382
"2690",268.9,24.5108611,-183.326652173913,3.382
"2691",269,24.5177178787879,-183.120556701031,3.38178350515464
"2692",269.1,24.522253960396,-183.37499009901,3.381
"2693",269.2,24.5178278787879,-183.28098019802,3.38122772277228
"2694",269.3,24.534862,-183.172567567568,3.38299099099099
"2695",269.4,24.5450735643564,-183.1625,3.386375
"2696",269.5,24.5139872,-183.0186,3.38223
"2697",269.6,24.4768859405941,-183.126101010101,3.383
"2698",269.7,24.495783030303,-183.196673267327,3.38276237623762
"2699",269.8,24.5399504,-183.25265,3.382
"2700",269.9,24.5189934,-183.1858,3.382
"2701",270,24.4996313,-183.100544554455,3.38177227722772
"2702",270.1,24.5035097,-183.198794392523,3.38120560747664
"2703",270.2,24.4959839393939,-183.27821978022,3.382
"2704",270.3,24.4983010447761,-183.232666666667,3.38177777777778
"2705",270.4,24.5084063636364,-183.160752688172,3.38117204301075
"2706",270.5,24.5103196,-183.159708737864,3.38155339805825
"2707",270.6,24.512574,-183.128333333333,3.38041666666667
"2708",270.7,24.5136401010101,-183.181841584158,3.382
"2709",270.8,24.5318340594059,-183.102085470086,3.382
"2710",270.9,24.5427784,-182.998048192771,3.382
"2711",271,24.5358792,-183.070752475247,3.382
"2712",271.1,24.5221079207921,-182.939631578947,3.382
"2713",271.2,24.502916969697,-183.170458823529,3.382
"2714",271.3,24.4984403921569,-183.025930693069,3.382
"2715",271.4,24.5002882828283,-183.126188118812,3.38221782178218
"2716",271.5,24.4869953,-183.032095652174,3.38281739130435
"2717",271.6,24.4885779,-182.8625,3.382
"2718",271.7,24.4854054545455,-183.014649122807,3.382
"2719",271.8,24.4801047524752,-182.914701149425,3.382
"2720",271.9,24.4787493939394,-182.93558490566,3.382
"2721",272,24.4929884,-183.066680851064,3.382
"2722",272.1,24.4861296,-182.833303030303,3.38178787878788
"2723",272.2,24.4665088,-182.848207920792,3.38078217821782
"2724",272.3,24.4800392,-182.843409090909,3.38038181818182
"2725",272.4,24.5115323232323,-182.881088888889,3.38224444444444
"2726",272.5,24.5020567326733,-182.739951456311,3.38359223300971
"2727",272.6,24.49496,-182.662515789474,3.382
"2728",272.7,24.4788064,-182.89218,3.382
"2729",272.8,24.4535204,-182.83298019802,3.382
"2730",272.9,24.4523212,-182.735235294118,3.382
"2731",273,24.455044,-182.781188034188,3.382
"2732",273.1,24.4589105050505,-182.750525,3.3817375
"2733",273.2,24.4667509,-182.666743119266,3.3766880733945
"2734",273.3,24.4591212871287,-182.577153846154,3.383
"2735",273.4,24.4250936,-182.499633663366,3.38322772277228
"2736",273.5,24.4230295049505,-182.530722772277,3.38356435643564
"2737",273.6,24.4379133333333,-182.64598,3.382
"2738",273.7,24.4338444,-182.640928571429,3.382
"2739",273.8,24.4283612,-182.715237623763,3.382
"2740",273.9,24.4384008,-182.447792079208,3.38178217821782
"2741",274,24.4388556,-182.5305,3.381
"2742",274.1,24.4297696,-182.46628,3.381
"2743",274.2,24.4214821052632,-182.410807692308,3.381
"2744",274.3,24.4149048484848,-182.398166666667,3.381
"2745",274.4,24.4306206,-182.458337349398,3.38124096385542
"2746",274.5,24.4259312,-182.71148,3.38434
"2747",274.6,24.4101991,-182.75352,3.382
"2748",274.7,24.3968315,-182.46952,3.382
"2749",274.8,24.4129786,-182.62646,3.382
"2750",274.9,24.4275544,-182.57848,3.382
"2751",275,24.4307391089109,-182.49824,3.38222
"2752",275.1,24.431348,-182.310222222222,3.383
"2753",275.2,24.4376283168317,-182.483048076923,3.38277884615385
"2754",275.3,24.4302639,-182.442466019417,3.38218446601942
"2755",275.4,24.4166396969697,-182.401731092437,3.38286554621849
"2756",275.5,24.4366056,-182.300050420168,3.38202521008403
"2757",275.6,24.4541884,-182.300435643564,3.382
"2758",275.7,24.4754004,-182.208,3.382
"2759",275.8,24.4840528,-182.25996,3.382
"2760",275.9,24.4664731313131,-182.282416666667,3.38178703703704
"2761",276,24.4738596,-182.44244117647,3.381
"2762",276.1,24.5002205,-182.146142857143,3.381
"2763",276.2,24.5031319,-182.42648,3.38144
"2764",276.3,24.4900632,-182.378267326733,3.38256435643564
"2765",276.4,24.4797752,-182.38118,3.38121
"2766",276.5,24.4649906930693,-182.29739,3.382
"2767",276.6,24.4798296969697,-182.1196,3.382
"2768",276.7,24.4957621,-182.1796,3.382
"2769",276.8,24.4673721,-182.23218,3.38178
"2770",276.9,24.4627169,-182.227094339623,3.38079245283019
"2771",277,24.464818,-182.269531914894,3.38085106382979
"2772",277.1,24.4794087878788,-182.107888888889,3.38433333333333
"2773",277.2,24.5122345544555,-182.06154,3.38223
"2774",277.3,24.4976355,-182.06,3.383
"2775",277.4,24.4710426732673,-182.05472,3.38278
"2776",277.5,24.449698,-182.040844036697,3.382
"2777",277.6,24.453614040404,-182.092641304348,3.382
"2778",277.7,24.4460912871287,-182.308785714286,3.382
"2779",277.8,24.4432567676768,-182.298623762376,3.38177227722772
"2780",277.9,24.4512125,-182.073222222222,3.38188888888889
"2781",278,24.4481187,-182.224774509804,3.38454901960784
"2782",278.1,24.4465669924812,-182.35656097561,3.38265853658537
"2783",278.2,24.4483819402985,-182.235422764228,3.3810325203252
"2784",278.3,24.4920078787879,-182.152571428571,3.382
"2785",278.4,24.4869502,-182.256128712871,3.382
"2786",278.5,24.4696896,-182.057444444444,3.382
"2787",278.6,24.4745414,-181.792821138211,3.382
"2789",278.8,24.4500082828283,-182.095947368421,3.382
"2790",278.9,24.4495522772277,-181.748302325581,3.38218604651163
"2791",279,24.4586861,-182.141333333333,3.38355555555555
"2792",279.1,24.4785091089109,-182.154049504951,3.382
"2793",279.2,24.473654,-181.900213114754,3.382
"2795",279.4,24.474175,-181.923555555556,3.382
"2796",279.5,24.4852934,-182.198384615385,3.382
"2797",279.6,24.4819171,-182.164525773196,3.382
"2798",279.7,24.458106,-182.142140350877,3.382
"2799",279.8,24.4573404040404,-181.975252747253,3.38191208791209
"2800",279.9,24.4459772277228,-181.865554455446,3.38116831683168
"2801",280,24.4291509090909,-181.989509090909,3.382
"2802",280.1,24.4447776,-182.069857142857,3.382
"2803",280.2,24.4496848,-182.08926,3.382
"2804",280.3,24.434474,-181.864205607477,3.382
"2805",280.4,24.4318536633663,-181.932623762376,3.382
"2806",280.5,24.4427183838384,-181.821453608247,3.382
"2807",280.6,24.4478487128713,-181.774284552846,3.382
"2808",280.7,24.4775390909091,-181.899487804878,3.382
"2809",280.8,24.4848434,-181.836227722772,3.38222772277228
"2810",280.9,24.4646344,-181.79518,3.38278
"2811",281,24.4690927272727,-182.15006,3.38178
"2812",281.1,24.456007254902,-181.949777777778,3.38140740740741
"2813",281.2,24.4649291919192,-181.852760869565,3.38284782608696
"2814",281.3,24.4799123762376,-181.8312,3.382
"2815",281.4,24.466287,-181.876475247525,3.38178217821782
"2816",281.5,24.4493265656566,-181.879696969697,3.38121212121212
"2817",281.6,24.4510226732673,-181.868666666667,3.38177777777778
"2818",281.7,24.4600175757576,-181.73609,3.381
"2819",281.8,24.4628443564356,-181.79425,3.38054
"2820",281.9,24.463926969697,-181.731238938053,3.37940707964602
"2821",282,24.4660412781955,-181.584222222222,3.38122222222222
"2822",282.1,24.4808089552239,-181.720886597938,3.38258762886598
"2823",282.2,24.4741018181818,-181.501455445545,3.381
"2824",282.3,24.429971980198,-181.518420560748,3.38120560747664
"2825",282.4,24.4331790909091,-181.573909090909,3.38184848484849
"2826",282.5,24.438638,-181.57670212766,3.38117021276596
"2827",282.6,24.4426087128713,-181.669333333333,3.382
"2828",282.7,24.4508527272727,-181.618079207921,3.382
"2829",282.8,24.4556584313725,-181.799302752294,3.38240366972477
"2830",282.9,24.4646719191919,-181.671155555556,3.38371111111111
"2831",283,24.4375330693069,-181.72745,3.38131
"2832",283.1,24.4153195,-181.869316831683,3.37945544554455
"2833",283.2,24.4273966666667,-181.8066,3.38122
"2834",283.3,24.4565048514851,-181.81774,3.382
"2835",283.4,24.4656812121212,-181.636778761062,3.38180530973451
"2836",283.5,24.4536462,-181.635655172414,3.381
"2837",283.6,24.4509228,-181.633777777778,3.381
"2838",283.7,24.4500018,-181.75509,3.38077
"2839",283.8,24.4398194059406,-181.675254901961,3.38045098039216
"2840",283.9,24.4320525252525,-181.461642857143,3.382
"2841",284,24.4405744554455,-181.48105,3.382
"2842",284.1,24.4563554545455,-181.40644,3.382
"2843",284.2,24.4418874,-181.482607142857,3.382
"2844",284.3,24.4533916,-181.152189473684,3.382
"2845",284.4,24.4590363636364,-181.532468085106,3.382
"2846",284.5,24.4524099009901,-181.441534653465,3.382
"2847",284.6,24.4441363636364,-181.687857142857,3.38178571428571
"2848",284.7,24.4324945,-181.553470588235,3.38077450980392
"2849",284.8,24.4308415,-181.274666666667,3.38021212121212
"2850",284.9,24.42802,-181.352866666667,3.38155
"2851",285,24.4208318811881,-181.61911627907,3.38393023255814
"2852",285.1,24.4279872727273,-181.368408602151,3.38117204301075
"2853",285.2,24.4339500990099,-181.169745098039,3.382
"2854",285.3,24.4257046,-181.26473,3.38179
"2855",285.4,24.4384122,-181.385698113208,3.381
"2856",285.5,24.423298019802,-181.540935483871,3.381
"2857",285.6,24.4079597,-181.594089108911,3.38252475247525
"2858",285.7,24.424812,-181.291564356436,3.38675247524752
"2859",285.8,24.4258934343434,-181.317,3.382
"2860",285.9,24.4266771287129,-181.282795918367,3.38220408163265
"2861",286,24.4354041414141,-181.2583,3.38256
"2862",286.1,24.4260542,-181.062222222222,3.38122222222222
"2863",286.2,24.4155314,-181.153613445378,3.382
"2864",286.3,24.4160790909091,-181.151851851852,3.38195061728395
"2865",286.4,24.4211878217822,-181.155603960396,3.381
"2866",286.5,24.4042463636364,-181.1666,3.3812
"2867",286.6,24.401991,-181.149823529412,3.38223529411765
"2868",286.7,24.4136601980198,-181.348551020408,3.38379591836735
"2869",286.8,24.4191218181818,-181.190866666667,3.38173333333333
"2870",286.9,24.4253162376238,-181.18006,3.38044
"2871",287,24.4152192,-181.248555555556,3.38177777777778
"2872",287.1,24.4230438,-181.29400990099,3.38122772277228
"2873",287.2,24.4353092,-181.33388,3.38178
"2874",287.3,24.4280028,-181.374777777778,3.381
"2875",287.4,24.4402414,-181.262486238532,3.38121100917431
"2876",287.5,24.4488363636364,-181.389086956522,3.38245652173913
"2877",287.6,24.4447054455446,-181.428900990099,3.38412871287129
"2878",287.7,24.4489014,-181.208818181818,3.38121212121212
"2879",287.8,24.4397572,-181.354281553398,3.38178640776699
"2880",287.9,24.4517672,-181.320103773585,3.381
"2881",288,24.4452738,-181.14397826087,3.381
"2882",288.1,24.44015,-181.139928571429,3.381
"2883",288.2,24.4618609090909,-181.161158415842,3.381
"2884",288.3,24.4658975,-181.440111111111,3.381
"2885",288.4,24.445849,-181.434,3.3812
"2886",288.5,24.4229745,-181.296942528736,3.38264367816092
"2887",288.6,24.4225455,-181.1916,3.3876
"2888",288.7,24.4545,-181.277659574468,3.38182978723404
"2889",288.8,24.462996,-181.14468627451,3.381
"2890",288.9,24.4406738613861,-180.936676767677,3.381
"2891",289,24.4161765,-181.42063,3.381
"2892",289.1,24.4254845544554,-181.317178217822,3.381
"2893",289.2,24.4412708,-181.181788990826,3.381
"2894",289.3,24.4569327272727,-181.0615,3.381
"2895",289.4,24.4541905,-181.247154639175,3.381
"2896",289.5,24.4532365,-181.179833333333,3.38059259259259
"2897",289.6,24.478845,-181.145150537634,3.37930107526882
"2898",289.7,24.48303,-180.953882352941,3.38079411764706
"2899",289.8,24.4722589108911,-181.105647619048,3.38018095238095
"2900",289.9,24.4517086,-181.028957446809,3.381
"2901",290,24.4477252,-181.098090909091,3.381
"2902",290.1,24.4479784,-180.900719101124,3.38111235955056
"2903",290.2,24.4310582,-180.93401,3.38179
"2904",290.3,24.4365936363636,-180.91648,3.381
"2905",290.4,24.4600466666667,-180.907,3.38058
"2906",290.5,24.4598272,-180.903257425743,3.37962376237624
"2907",290.6,24.4466751485149,-180.902535353535,3.382
"2908",290.7,24.435124,-180.968727272727,3.382
"2909",290.8,24.435237,-181.012333333333,3.38178431372549
"2910",290.9,24.4340825,-180.989303030303,3.381
"2911",291,24.4577766666667,-180.915653465346,3.381
"2912",291.1,24.4627676,-180.815700854701,3.381
"2913",291.2,24.430022,-180.980096385542,3.381
"2914",291.3,24.436792745098,-180.862464646465,3.38120202020202
"2915",291.4,24.4612048,-180.815653465347,3.382
"2916",291.5,24.4610646,-180.903307692308,3.38180769230769
"2917",291.6,24.4735986,-181.076073684211,3.381
"2918",291.7,24.475063,-180.7672,3.381
"2919",291.8,24.4520974,-181.168545454546,3.381
"2920",291.9,24.4380084,-180.847980392157,3.381
"2921",292,24.4457634,-180.828428571429,3.381
"2922",292.1,24.4721952,-180.735196078431,3.381
"2923",292.2,24.4878890909091,-181.047363636364,3.381
"2924",292.3,24.4919845,-180.87406741573,3.38122471910112
"2925",292.4,24.4819477777778,-180.86295,3.38321
"2926",292.5,24.5101692,-180.932484848485,3.38336363636364
"2927",292.6,24.5148024,-180.912435643564,3.381
"2928",292.7,24.4916461616162,-180.86591,3.38121
"2929",292.8,24.4852515841584,-180.695027027027,3.38181081081081
"2930",292.9,24.494794,-180.755582417582,3.381
"2931",293,24.5170642574258,-180.877656565657,3.381
"2932",293.1,24.5308185,-180.785636363636,3.381
"2933",293.2,24.499634,-180.747102040816,3.381
"2934",293.3,24.4893424752475,-180.668086956522,3.38113043478261
"2935",293.4,24.4998209090909,-180.719431192661,3.38181651376147
"2936",293.5,24.5014985,-180.6695,3.38087777777778
"2937",293.6,24.502418,-180.463900990099,3.38
"2938",293.7,24.509004,-180.7115,3.38016666666667
"2940",293.9,24.4930677777778,-180.558455445545,3.381
"2941",294,24.4673276,-180.651666666667,3.381
"2942",294.1,24.4619768,-180.569574257426,3.38121782178218
"2943",294.2,24.4509188,-180.636716981132,3.382
"2944",294.3,24.462924,-180.815670212766,3.38168085106383
"2945",294.4,24.5021675757576,-180.65117,3.38021
"2946",294.5,24.5135157425743,-180.522009345794,3.38119626168224
"2947",294.6,24.5034196,-180.417510638298,3.382
"2948",294.7,24.5049388,-180.562939393939,3.38179797979798
"2949",294.8,24.4939588,-180.522358490566,3.381
"2950",294.9,24.483684040404,-180.452087378641,3.381
"2951",295,24.5185483168317,-180.43596969697,3.381
"2952",295.1,24.5162983838384,-180.45902020202,3.381
"2953",295.2,24.5096373267327,-180.538714285714,3.38085714285714
"2954",295.3,24.4755276,-180.389252631579,3.38016842105263
"2955",295.4,24.4443392,-180.424548076923,3.381
"2956",295.5,24.44363,-180.422833333333,3.38135416666667
"2957",295.6,24.4178022222222,-180.531,3.3826
"2958",295.7,24.4051154455446,-180.551884210526,3.381
"2959",295.8,24.4116933333333,-180.37071,3.381
"2960",295.9,24.4351616,-180.450121212121,3.381
"2961",296,24.4574944,-180.332712871287,3.381
"2962",296.1,24.4566098989899,-180.393588235294,3.38079411764706
"2963",296.2,24.4635602970297,-180.225721649485,3.38
"2964",296.3,24.4646081818182,-180.284398058252,3.38021359223301
"2965",296.4,24.4500879,-180.202148514852,3.38137623762376
"2966",296.5,24.4460377,-180.391618556701,3.38244329896907
"2967",296.6,24.4332748484848,-180.321058823529,3.38020588235294
"2968",296.7,24.428488627451,-180.123326530612,3.381
"2969",296.8,24.4240721212121,-180.111798165138,3.381
"2970",296.9,24.4158984158416,-180.344548672566,3.381
"2971",297,24.438824,-180.265787610619,3.381
"2972",297.1,24.4385108,-180.1836,3.38
"2973",297.2,24.4285544554455,-180.296204081633,3.38020408163265
"2974",297.3,24.4571166666666,-180.423574074074,3.381
"2975",297.4,24.4918888118812,-180.43497826087,3.38115217391304
"2976",297.5,24.5008088888889,-180.284971428571,3.38179047619048
"2977",297.6,24.4887304,-180.267402061856,3.381
"2978",297.7,24.4825388,-180.226448979592,3.381
"2979",297.8,24.4951498989899,-180.048623762376,3.381
"2980",297.9,24.5102258415842,-180.062189189189,3.381
"2981",298,24.5116948484848,-180.023105263158,3.381
"2982",298.1,24.5264624,-180.168714285714,3.38114285714286
"2983",298.2,24.5502559,-179.997113636364,3.38177272727273
"2984",298.3,24.5346142424243,-179.905603960396,3.38043564356436
"2985",298.4,24.5399005882353,-180.104727272727,3.38221212121212
"2986",298.5,24.5529532323232,-180.00965060241,3.38273493975904
"2987",298.6,24.5351194,-180.071698795181,3.38153012048193
"2988",298.7,24.5322539,-180.0096625,3.381
"2989",298.8,24.5455492,-180.0474,3.381
"2990",298.9,24.5480031,-179.9865,3.381
"2991",299,24.5747406060606,-179.991171717172,3.38120202020202
"2992",299.1,24.5695148514852,-180.07097,3.382
"2993",299.2,24.5605759,-180.130449541284,3.38180733944954
"2994",299.3,24.5618329,-180.150173913043,3.38126086956522
"2995",299.4,24.5473311881188,-179.8994,3.3824
"2996",299.5,24.5511037373737,-180.0358,3.3802
"2997",299.6,24.5273108910891,-180.16423364486,3.381
"2998",299.7,24.5055907070707,-179.86372826087,3.381
"2999",299.8,24.5302795049505,-179.9804,3.381
"3000",299.9,24.5413382828283,-179.807101123595,3.381
"3001",300,24.5222945,-179.604,3.38144444444444
"3002",300.1,24.5036653,-179.676551401869,3.38278504672897
"3003",300.2,24.5221936363636,-179.740705263158,3.38183157894737
"3004",300.3,24.5336492079208,-179.769598130841,3.38119626168224
"3005",300.4,24.5073703030303,-179.787470588235,3.38172549019608
"3006",300.5,24.4972176,-179.619723404255,3.38012765957447
"3007",300.6,24.5081796039604,-179.604515463917,3.381
"3008",300.7,24.5080474,-179.734787878788,3.381
"3009",300.8,24.4872934653465,-179.681982758621,3.381
"3010",300.9,24.4970028282828,-179.804511627907,3.381
"3011",301,24.5163637,-179.934071428571,3.38117857142857
"3012",301.1,24.5114076237624,-179.813860465116,3.38190697674419
"3013",301.2,24.50477,-179.70378,3.38122
"3014",301.3,24.5038532,-179.61648,3.38134
"3015",301.4,24.4999162626263,-179.44162,3.37944
"3016",301.5,24.499579009901,-179.494801980198,3.381
"3017",301.6,24.5062917171717,-179.77225,3.381
"3018",301.7,24.5035768,-179.802977272727,3.381
"3019",301.8,24.5182331,-179.850384615385,3.381
"3020",301.9,24.5185933333333,-179.746555555556,3.38095061728395
"3021",302,24.4989576237624,-179.744148514852,3.38068316831683
"3022",302.1,24.4917642424242,-179.725666666667,3.38255555555556
"3023",302.2,24.4964274,-179.598930693069,3.38145544554455
"3024",302.3,24.4888981188119,-179.625544554455,3.38234653465347
"3025",302.4,24.4918296969697,-179.601575757576,3.38021212121212
"3026",302.5,24.4948859405941,-179.637549019608,3.381
"3027",302.6,24.4797881818182,-179.629242424242,3.381
"3028",302.7,24.4821214,-179.7935,3.381
"3029",302.8,24.493387,-179.708673267327,3.38120792079208
"3030",302.9,24.4893812,-179.547111111111,3.38280808080808
"3031",303,24.4948547524753,-179.57403030303,3.38493939393939
"3032",303.1,24.5202006060606,-179.58734,3.38122
"3033",303.2,24.5456724752475,-179.789738317757,3.382
"3034",303.3,24.5148232,-179.661161290322,3.38183870967742
"3035",303.4,24.512949,-180.357465346535,3.381
"3036",303.5,24.5203265,-180.139801980198,3.381
"3037",303.6,24.5264026,-179.444897959184,3.381
"3038",303.7,24.5307705,-179.652455445545,3.381
"3039",303.8,24.5289092,-179.7405,3.38121428571429
"3040",303.9,24.5207486,-179.614982758621,3.382
"3041",304,24.5068903,-179.522688888889,3.382
"3042",304.1,24.484348,-179.454431578947,3.382
"3043",304.2,24.4824026,-179.57838,3.38156
"3044",304.3,24.4776803030303,-179.70238,3.38022
"3045",304.4,24.4905904040404,-179.595888888889,3.381
"3046",304.5,24.4999568316832,-179.428613861386,3.381
"3047",304.6,24.4763936,-179.46316,3.381
"3048",304.7,24.4711318811881,-179.455869158878,3.381
"3049",304.8,24.5124061,-179.480273584906,3.38085849056604
"3050",304.9,24.5275443,-179.374137931034,3.37979310344828
"3051",305,24.5108346,-179.169683168317,3.37843564356436
"3052",305.1,24.497538,-179.217848484849,3.37978787878788
"3053",305.2,24.5234244,-179.456009708738,3.37942718446602
"3054",305.3,24.522587,-179.366154639175,3.381
"3055",305.4,24.4943417,-179.366775700935,3.381
"3056",305.5,24.5001809090909,-179.369020618557,3.381
"3057",305.6,24.5294934,-179.555699029126,3.381
"3058",305.7,24.5147064,-179.55018556701,3.381
"3059",305.8,24.4775638,-179.532375,3.3804375
"3060",305.9,24.4619002,-179.514138613861,3.37865346534653
"3061",306,24.4480258,-179.0264,3.38121
"3062",306.1,24.4678665656566,-179.24454368932,3.382
"3063",306.2,24.4748537623762,-179.349134020619,3.38181443298969
"3064",306.3,24.4625878,-179.354617647059,3.381
"3065",306.4,24.4757434,-179.455128712871,3.381
"3066",306.5,24.4553658,-179.288020618557,3.381
"3067",306.6,24.430904040404,-179.279463414634,3.381
"3068",306.7,24.4261331683168,-179.405479674797,3.381
"3069",306.8,24.4354606,-179.2428,3.383
"3070",306.9,24.4549304950495,-179.429831932773,3.38266386554622
"3071",307,24.4420695,-179.523382022472,3.38098876404494
"3072",307.1,24.4566169,-179.115417582418,3.38
"3073",307.2,24.4856822772277,-179.090861386139,3.38020792079208
"3074",307.3,24.4737728571429,-179.1064,3.381
"3075",307.4,24.4573002,-179.349137614679,3.381
"3076",307.5,24.4437448,-179.203777777778,3.381
"3077",307.6,24.4432848,-179.32881,3.381
"3078",307.7,24.4559318,-179.50182,3.38058
"3079",307.8,24.4653182828283,-179.35516,3.379
"3080",307.9,24.4789003,-179.29064,3.37942
"3081",308,24.4911172,-179.3502,3.381
"3082",308.1,24.4869429,-179.302115789474,3.381
"3083",308.2,24.484749,-179.227330188679,3.381
"3084",308.3,24.5067033333333,-179.306611650485,3.381
"3085",308.4,24.5300313861386,-179.129063157895,3.381
"3086",308.5,24.5249287,-179.359557692308,3.381
"3087",308.6,24.4732795049505,-179.47175,3.381
"3088",308.7,24.4626932,-179.389636363636,3.37972727272727
"3089",308.8,24.4965732,-179.1558,3.37632
"3090",308.9,24.492670990099,-179.199623762376,3.381
"3091",309,24.4629945454545,-179.31591,3.38079
"3092",309.1,24.461512,-179.05579,3.38021
"3093",309.2,24.4960592,-179.0829375,3.381
"3094",309.3,24.5101672,-179.186870967742,3.381
"3095",309.4,24.5089822,-179.077166666667,3.381
"3096",309.5,24.5307588888889,-179.353050505051,3.381
"3097",309.6,24.5544837,-179.440086538462,3.38120192307692
"3098",309.7,24.5548657,-179.348591836735,3.38147959183673
"3099",309.8,24.5599077,-179.146693877551,3.37938775510204
"3100",309.9,24.5502963,-179.17314,3.38142
"3101",310,24.5332513131313,-179.16531,3.38258
"3102",310.1,24.5442427722772,-179.29357,3.381
"3103",310.2,24.5506699,-179.121719626168,3.381
"3104",310.3,24.5483863,-179.071957446808,3.381
"3105",310.4,24.5438764,-179.377351351351,3.381
"3106",310.5,24.5259372727273,-179.161865168539,3.381
"3107",310.6,24.5085604950495,-179.2292,3.381
"3108",310.7,24.5113009090909,-179.243781512605,3.38066386554622
"3109",310.8,24.5488911881188,-179.01512345679,3.37901234567901
"3110",310.9,24.5676165,-179.019137931035,3.3798275862069
"3111",311,24.5679373,-178.985292682927,3.37909756097561
"3112",311.1,24.574525049505,-178.906568627451,3.38078431372549
"3113",311.2,24.5604514141414,-179.001226415094,3.38018867924528
"3114",311.3,24.5491030693069,-178.932137614679,3.38087155963303
"3115",311.4,24.5588439393939,-179.155941176471,3.38
"3116",311.5,24.5777321,-179.142333333333,3.38
"3117",311.6,24.5915058,-179.132473684211,3.38015789473684
"3118",311.7,24.5888896969697,-179.015285714286,3.381
"3119",311.8,24.5765100990099,-179.156555555556,3.38120202020202
"3120",311.9,24.5498447474748,-179.092643564356,3.38179207920792
"3121",312,24.544444,-179.140119266055,3.381
"3122",312.1,24.54184,-178.800510869565,3.381
"3123",312.2,24.5212448484848,-178.873888888889,3.381
"3124",312.3,24.5087930392157,-179.075707070707,3.38079797979798
"3125",312.4,24.4933044444444,-178.96168,3.38021
"3126",312.5,24.4800500990099,-178.969488188976,3.381
"3127",312.6,24.4937769,-178.97657480315,3.381
"3128",312.7,24.516132020202,-178.903070707071,3.381
"3129",312.8,24.504531980198,-178.81626,3.38058
"3130",312.9,24.4795592929293,-178.944212121212,3.37942424242424
"3131",313,24.465727029703,-178.84426,3.381
"3132",313.1,24.473475050505,-178.95440776699,3.381
"3133",313.2,24.488912,-178.934722222222,3.381
"3134",313.3,24.5070984158416,-178.743617977528,3.381
"3135",313.4,24.5003447474747,-178.8568,3.38078
"3136",313.5,24.4891175247525,-178.924588235294,3.38129411764706
"3137",313.6,24.5013266666667,-178.778646464646,3.3849898989899
"3138",313.7,24.533572,-178.805940594059,3.381
"3139",313.8,24.511622,-178.831578947368,3.38117543859649
"3140",313.9,24.5135106060606,-178.809364705882,3.38185882352941
"3141",314,24.5095705882353,-178.98844,3.38021
"3142",314.1,24.486845959596,-178.82596969697,3.38078787878788
"3143",314.2,24.49298,-178.878064220183,3.38
"3144",314.3,24.469564,-178.748673913043,3.38014130434783
"3145",314.4,24.506352,-178.774920353982,3.381
"3146",314.5,24.528938,-178.485255813954,3.38118604651163
"3147",314.6,24.501093030303,-178.870972972973,3.3826036036036
"3148",314.7,24.4878086138614,-178.849755555555,3.38087777777778
"3149",314.8,24.48506,-178.65573,3.38
"3150",314.9,24.483124,-178.7814375,3.38
"3151",315,24.483458019802,-178.620636363636,3.38
"3152",315.1,24.4650752525253,-178.834666666667,3.38011111111111
"3153",315.2,24.4921777227723,-178.668323232323,3.381
"3154",315.3,24.5150781818182,-178.66807,3.381
"3155",315.4,24.5039807920792,-178.49198,3.38142
"3156",315.5,24.5025482828283,-178.566184,3.382832
"3157",315.6,24.497784,-178.776584,3.382032
"3158",315.7,24.486592,-178.673373737374,3.38119191919192
"3159",315.8,24.4935527272727,-178.533777777778,3.38159595959596
"3160",315.9,24.4755044554456,-178.5544,3.38
"3161",316,24.4610106060606,-178.602207920792,3.38020792079208
"3162",316.1,24.456738,-178.388656565657,3.38079797979798
"3163",316.2,24.4500396039604,-178.467336633663,3.38
"3164",316.3,24.46693,-178.397363636364,3.38020202020202
"3165",316.4,24.4796094059406,-178.443910891089,3.38037623762376
"3166",316.5,24.5157174747475,-178.3835,3.37833333333333
"3168",316.7,24.494896,-178.2576,3.381
"3169",316.8,24.484154,-178.284566371681,3.38082300884956
"3170",316.9,24.469092,-178.355534883721,3.38008139534884
"3171",317,24.48343,-178.400555555555,3.381
"3172",317.1,24.517486,-178.079285714286,3.38085714285714
"3173",317.2,24.529604,-178.554651376147,3.38
"3174",317.3,24.51266,-178.555510204082,3.38026530612245
"3175",317.4,24.498998,-178.396116071429,3.38173214285714
"3176",317.5,24.508048,-178.265731707317,3.38003658536585
"3177",317.6,24.510724,-178.0963,3.38121
"3178",317.7,24.507544,-178.30971,3.38179
"3179",317.8,24.4929696969697,-178.467372727273,3.38080909090909
"3180",317.9,24.478737029703,-178.599054945055,3.38
"3181",318,24.488624,-178.37093877551,3.38020408163265
"3182",318.1,24.510324,-178.324274509804,3.381
"3183",318.2,24.509024,-178.177595959596,3.381
"3184",318.3,24.5262872727273,-178.13669,3.38058
"3185",318.4,24.5315787128713,-178.28138,3.37921
"3186",318.5,24.5161348484848,-178.232769230769,3.38017948717949
"3187",318.6,24.524952970297,-178.096666666667,3.38103809523809
"3188",318.7,24.544332,-178.263333333333,3.38199047619048
"3189",318.8,24.532848,-178.2066875,3.38
"3190",318.9,24.5265920792079,-178.287391304348,3.38014130434783
"3191",319,24.5325762626263,-178.18024,3.381
"3192",319.1,24.515398,-178.32403,3.38079
"3193",319.2,24.511622,-178.437,3.38
"3194",319.3,24.49815,-178.398836538462,3.38
"3195",319.4,24.486004,-178.230474226804,3.38
"3196",319.5,24.5088703030303,-178.2005,3.38038461538462
"3197",319.6,24.5322645,-178.397252631579,3.38183157894737
"3198",319.7,24.5364543,-178.299970588235,3.38079411764706
"3199",319.8,24.5467296,-178.334734693878,3.38
"3200",319.9,24.5396343,-178.215346534654,3.38
"3201",320,24.5405880808081,-178.3962,3.3802
"3202",320.1,24.5388859405941,-178.257565656566,3.38079797979798
"3203",320.2,24.5463994,-178.28138,3.38105
"3204",320.3,24.5657825742574,-178.3884,3.38458
"3205",320.4,24.567066,-178.221115044248,3.38244247787611
"3206",320.5,24.5463560606061,-178.03,3.38
"3207",320.6,24.5188621,-177.939529411765,3.38
"3208",320.7,24.5158721,-178.104648648649,3.38
"3209",320.8,24.535735,-178.395318181818,3.38
"3210",320.9,24.5386776,-178.194181818182,3.38
"3211",321,24.5546959,-178.11061682243,3.38
"3212",321.1,24.5623915841584,-177.960393617021,3.38
"3213",321.2,24.5544651515151,-178.10324,3.38105
"3214",321.3,24.5589432,-178.259198019802,3.38416831683169
"3215",321.4,24.530791,-178.080224489796,3.381
"3216",321.5,24.5167789,-177.946901960784,3.38078431372549
"3217",321.6,24.5516929,-178.076444444444,3.38
"3218",321.7,24.5460167676768,-178.2974,3.38
"3219",321.8,24.5144952941177,-178.1647,3.38
"3220",321.9,24.522556969697,-178.136069565217,3.38
"3221",322,24.5191085,-178.0994,3.38
"3222",322.1,24.5340477,-177.882666666667,3.38016666666667
"3223",322.2,24.535421010101,-177.880795918367,3.38120408163265
"3224",322.3,24.5185564356436,-178.10471559633,3.38159633027523
"3225",322.4,24.5268328282828,-178.062519607843,3.38
"3226",322.5,24.5522151485149,-178.0261,3.37987777777778
"3227",322.6,24.561597,-178.09343,3.37921
"3228",322.7,24.5526785,-178.299375,3.38
"3229",322.8,24.5652938235294,-178.248159090909,3.38
"3230",322.9,24.5875003030303,-178.37975,3.38021
"3231",323,24.58004,-178.06458,3.381
"3232",323.1,24.5523,-178.166140186916,3.38060747663551
"3233",323.2,24.54262,-178.223,3.37914893617021
"3234",323.3,24.5178684848485,-178.017343434343,3.38
"3235",323.4,24.5046218181818,-178.11835,3.37958
"3236",323.5,24.4947566336634,-177.992158415842,3.37841584158416
"3237",323.6,24.4887737373737,-178.045068965517,3.38
"3238",323.7,24.4657172,-178.204047619048,3.38
"3239",323.8,24.4640826,-177.855566037736,3.38018867924528
"3240",323.9,24.4760954545455,-177.973,3.38086
"3241",324,24.4710135294118,-177.879106382979,3.37985106382979
"3242",324.1,24.4583013131313,-177.8796,3.379
"3243",324.2,24.4696892079208,-178.078862745098,3.37939215686275
"3244",324.3,24.4762541,-178.134408163265,3.381
"3245",324.4,24.4776602020202,-178.045698113208,3.38118867924528
"3246",324.5,24.4776827722772,-177.940947368421,3.38170526315789
"3247",324.6,24.4906243434343,-178.025428571429,3.38
"3248",324.7,24.4981344,-177.907852941176,3.38
"3249",324.8,24.5008012,-177.75769,3.38019
"3250",324.9,24.5058172,-178.07645,3.38084166666667
"3251",325,24.5068440594059,-177.83145,3.38000833333333
"3252",325.1,24.5173245454545,-178.076612903226,3.38274193548387
"3253",325.2,24.5258856435644,-178.040138613861,3.38081188118812
"3254",325.3,24.5255358585859,-177.911448979592,3.38036734693878
"3255",325.4,24.542765,-177.975666666667,3.38182456140351
"3256",325.5,24.5141256,-177.899314606742,3.38093258426966
"3257",325.6,24.4952022222222,-177.71238,3.38
"3258",325.7,24.4733179411765,-177.750385416667,3.38
"3259",325.8,24.4824927272727,-177.83709,3.38
"3260",325.9,24.5014278,-177.71301980198,3.38020792079208
"3261",326,24.4887348,-177.759660194175,3.38177669902913
"3262",326.1,24.4880868,-177.78397979798,3.38414141414141
"3263",326.2,24.5070774,-177.837505154639,3.38
"3264",326.3,24.5162414141414,-177.888198019802,3.38062376237624
"3265",326.4,24.5060061386139,-177.639619047619,3.38242857142857
"3266",326.5,24.5208274,-177.84978125,3.38
"3267",326.6,24.526069,-177.791555555556,3.38
"3268",326.7,24.491404950495,-177.7236,3.38
"3269",326.8,24.5184732323232,-177.59300990099,3.38
"3270",326.9,24.5336678217822,-177.57969,3.38038
"3271",327,24.5313191919192,-177.48395959596,3.38123232323232
"3272",327.1,24.5503148,-177.3262,3.3784
"3273",327.2,24.5284354,-177.618801980198,3.38019801980198
"3274",327.3,24.5279475757576,-177.52362244898,3.38080612244898
"3275",327.4,24.5365312871287,-177.502794117647,3.38
"3276",327.5,24.5149971717172,-177.637826086957,3.38
"3277",327.6,24.4929863,-177.632447058824,3.38
"3278",327.7,24.4560992,-177.47757,3.38
"3279",327.8,24.4582163636364,-177.671939393939,3.38
"3280",327.9,24.4683643137255,-177.79601980198,3.38079207920792
"3281",328,24.477895959596,-177.75361,3.38324
"3282",328.1,24.4994071287129,-177.5766,3.38
"3283",328.2,24.4945288,-177.436195876289,3.38018556701031
"3284",328.3,24.4798102,-177.484913043478,3.38173913043478
"3285",328.4,24.466852,-177.493522522522,3.38
"3286",328.5,24.4662627272727,-177.593674157303,3.38
"3287",328.6,24.4774550495049,-177.566131313131,3.38
"3288",328.7,24.4794866666667,-177.52157,3.38
"3289",328.8,24.4799083,-177.494257425742,3.38020792079208
"3290",328.9,24.4701418811881,-177.604901960784,3.38119607843137
"3291",329,24.4738671717172,-177.491923076923,3.38169230769231
"3292",329.1,24.5154585148515,-177.661548780488,3.38001219512195
"3293",329.2,24.5310922222222,-177.597037735849,3.38064150943396
"3294",329.3,24.5219092,-177.483537634409,3.37913978494624
"3295",329.4,24.5195217,-177.557181818182,3.38
"3296",329.5,24.5190264,-177.481505617977,3.38
"3297",329.6,24.5212904950495,-177.428634615385,3.38
"3298",329.7,24.5265345454545,-177.322845360825,3.38
"3299",329.8,24.5421155882353,-177.195567567568,3.38018018018018
"3300",329.9,24.5652886868687,-177.407752808989,3.38110112359551
"3301",330,24.5405006,-177.404653465347,3.38160396039604
"3302",330.1,24.5334388,-177.507672566372,3.38016814159292
"3303",330.2,24.5471819191919,-177.326677419355,3.38087096774193
"3304",330.3,24.5350702970297,-177.386085106383,3.37913829787234
"3305",330.4,24.5243632323232,-177.414212121212,3.38
"3306",330.5,24.5345667326733,-177.332152542373,3.38
"3307",330.6,24.5583286,-177.140707317073,3.38
"3308",330.7,24.5644376,-177.473385964912,3.38
"3309",330.8,24.5615428712871,-177.408590909091,3.38040909090909
"3310",330.9,24.5595823232323,-177.516081632653,3.38526530612245
"3311",331,24.5787626732673,-177.459450980392,3.38160784313725
"3312",331.1,24.5796111111111,-177.441861386139,3.38017821782178
"3313",331.2,24.5859874,-177.550269230769,3.38083653846154
"3314",331.3,24.5618718181818,-177.337534653465,3.38
"3315",331.4,24.5493218181818,-177.497782608696,3.38
"3316",331.5,24.5670358415842,-177.170102803738,3.38
"3317",331.6,24.5513209090909,-177.306416666667,3.37986458333333
"3318",331.7,24.5689388,-177.460602040816,3.37917346938776
"3319",331.8,24.5842295049505,-177.573202020202,3.38153535353535
"3320",331.9,24.5897818,-177.3072,3.3864
"3321",332,24.6116583168317,-177.321,3.38
"3322",332.1,24.6184594949495,-177.4312,3.3802
"3323",332.2,24.6103255,-177.2964,3.3808
"3324",332.3,24.6170641,-177.325168316832,3.38
"3325",332.4,24.6065166,-177.208765306122,3.38
"3326",332.5,24.6058138,-177.286574257426,3.38
"3327",332.6,24.6189427272727,-177.105071428571,3.38
"3328",332.7,24.609254,-177.303103448276,3.38009195402299
"3329",332.8,24.5933592079208,-177.380316831683,3.38016831683168
"3330",332.9,24.613602,-177.293,3.3774
"3331",333,24.5996678217822,-177.171414414414,3.37954054054054
"3332",333.1,24.5986526262626,-177.310367346939,3.38181632653061
"3333",333.2,24.6128447524752,-177.14887,3.38
"3334",333.3,24.6383947474747,-177.241564356436,3.38
"3335",333.4,24.6300608,-177.160417582418,3.38
"3336",333.5,24.6370213,-177.229685185185,3.38
"3337",333.6,24.60773,-177.073344444444,3.38
"3338",333.7,24.5638287,-177.080514851485,3.3810396039604
"3339",333.8,24.5390418181818,-177.308116504854,3.38422330097087
"3340",333.9,24.5205704,-177.095295238095,3.3808380952381
"3341",334,24.5053056,-177.366131868132,3.37973626373626
"3342",334.1,24.5052588,-177.32164,3.37842
"3343",334.2,24.4980347524752,-177.145548076923,3.38
"3344",334.3,24.5062023,-177.156072164948,3.38
"3345",334.4,24.518074,-177.26312244898,3.38
"3346",334.5,24.5172968,-177.05944,3.38
"3347",334.6,24.5058654,-176.997035714286,3.37960714285714
"3348",334.7,24.5250668316832,-177.196929292929,3.37840404040404
"3349",334.8,24.5188798,-177.052252747253,3.38175824175824
"3350",334.9,24.5030404,-177.1246,3.38
"3351",335,24.5016068686869,-177.185456140351,3.38
"3352",335.1,24.4885663,-177.105581395349,3.38
"3353",335.2,24.4927133,-177.123838383838,3.38
"3354",335.3,24.5133621,-177.04887,3.38
"3355",335.4,24.509851,-177.077269230769,3.38
"3356",335.5,24.5161636363636,-177.314270833333,3.38
"3357",335.6,24.4873776,-177.13172,3.38063
"3358",335.7,24.4926056,-177.15406,3.38237
"3359",335.8,24.496908,-177.162864864865,3.38018918918919
"3360",335.9,24.5418116831683,-177.221505154639,3.38079381443299
"3361",336,24.6088852,-177.005019607843,3.37912745098039
"3362",336.1,24.62452,-177.077307692308,3.38
"3363",336.2,24.6306096,-176.923383838384,3.38
"3364",336.3,24.6402012,-176.990650943396,3.38
"3365",336.4,24.6479328,-176.971142857143,3.38
"3366",336.5,24.6404208,-176.982475609756,3.37996341463415
"3367",336.6,24.6387836,-176.9412,3.38068
"3368",336.7,24.659162,-177.05665,3.385775
"3369",336.8,24.6351672,-177.153225,3.380025
"3370",336.9,24.6265024752475,-177.064346534653,3.38137623762376
"3371",337,24.6383949,-176.937,3.3792
"3372",337.1,24.6346784,-176.868245283019,3.38
"3373",337.2,24.6239191,-176.953234042553,3.38
"3374",337.3,24.6270281818182,-176.891742574258,3.38
"3375",337.4,24.6241172,-176.644510204082,3.38
"3376",337.5,24.6172256,-176.874717948718,3.38
"3377",337.6,24.6147812,-176.904238095238,3.38
"3378",337.7,24.6380976,-176.80697979798,3.38
"3379",337.8,24.6392318181818,-176.87863,3.37979
"3380",337.9,24.6301301980198,-176.892851485148,3.379
"3381",338,24.5969580808081,-176.916571428571,3.37920408163265
"3382",338.1,24.5623089108911,-176.81797029703,3.38
"3383",338.2,24.568152,-176.77408,3.38
"3384",338.3,24.5580388,-176.80702631579,3.38
"3385",338.4,24.5376645544554,-176.788218390805,3.38
"3386",338.5,24.5335490909091,-176.8202,3.38
"3387",338.6,24.548744,-176.748551020408,3.38020408163265
"3388",338.7,24.5519772,-176.577272727273,3.38081818181818
"3389",338.8,24.5591772,-176.728325301205,3.38
"3390",338.9,24.54651,-176.776204081633,3.38
"3391",339,24.5114192929293,-176.539673469388,3.38
"3392",339.1,24.5122107920792,-176.676445544554,3.38
"3393",339.2,24.5285668,-176.737168316832,3.38
"3394",339.3,24.5182308,-176.83804040404,3.38
"3395",339.4,24.5522432,-176.652945945946,3.37981081081081
"3396",339.5,24.562144040404,-176.806444444444,3.37922222222222
"3397",339.6,24.5355165,-176.7828,3.3808
"3398",339.7,24.498923,-176.685393939394,3.37979797979798
"3399",339.8,24.5177799009901,-176.626188679245,3.37919811320755
"3400",339.9,24.5463684,-176.729298969072,3.38
"3401",340,24.5414380808081,-176.850432989691,3.38
"3402",340.1,24.5304507920792,-176.96934,3.38
"3403",340.2,24.5253473737374,-176.63821,3.38
"3404",340.3,24.5349065,-176.68041,3.38
"3405",340.4,24.5651665,-176.59675,3.37980555555556
"3406",340.5,24.5679235,-176.837956989247,3.37927956989247
"3407",340.6,24.5351873267327,-176.7834,3.3808
"3408",340.7,24.5282408080808,-176.540666666667,3.37966666666667
"3410",340.9,24.5555076,-176.782715789474,3.38
"3411",341,24.5346504,-176.666551401869,3.38
"3412",341.1,24.549856,-176.464978947368,3.38
"3413",341.2,24.5567049494949,-176.6968,3.38
"3414",341.3,24.5497936633663,-176.58596,3.38
"3415",341.4,24.5782452525252,-176.710242424242,3.3809595959596
"3416",341.5,24.549143,-176.652126126126,3.38391891891892
"3417",341.6,24.5347675,-176.822567010309,3.379
"3418",341.7,24.5488001010101,-176.451739130435,3.37886956521739
"3419",341.8,24.5556563366337,-176.567,3.3784
"3420",341.9,24.5643091919192,-176.672623762376,3.38
"3421",342,24.5767111881188,-176.82291,3.38
"3422",342.1,24.564161,-176.831080808081,3.38
"3423",342.2,24.5780515,-176.856861386139,3.38
"3424",342.3,24.5665000980392,-176.665080357143,3.37983035714286
"3425",342.4,24.5774963636364,-176.642931034483,3.379
"3426",342.5,24.5777281188119,-176.622,3.3792
"3427",342.6,24.5744927272727,-176.41495049505,3.37980198019802
"3428",342.7,24.5479784,-176.295735042735,3.37932478632479
"3429",342.8,24.5655922222222,-176.410707317073,3.3809756097561
"3430",342.9,24.5624023232323,-176.375633663366,3.38
"3431",343,24.5602688235294,-176.630010204082,3.38
"3432",343.1,24.5587425252525,-176.67599009901,3.38
"3433",343.2,24.5840455,-176.438762376238,3.37980198019802
"3434",343.3,24.5906595,-176.368777777778,3.37880808080808
"3435",343.4,24.5942177777778,-176.393574257426,3.37819801980198
"3436",343.5,24.6094017821782,-176.547575757576,3.37919191919192
"3437",343.6,24.6225229292929,-176.467777777778,3.38040404040404
"3438",343.7,24.5983367326733,-176.457764705882,3.38158823529412
"3439",343.8,24.609993,-176.468929292929,3.38
"3440",343.9,24.6437274747475,-176.580242424242,3.38
"3441",344,24.6296825742574,-176.680676470588,3.38
"3442",344.1,24.6294263636364,-176.406090909091,3.38
"3443",344.2,24.6178175247525,-176.502454545455,3.38
"3444",344.3,24.6181865,-176.610891089109,3.37937623762376
"3445",344.4,24.6235735,-176.3312,3.3776
"3446",344.5,24.6346586138614,-176.307150442478,3.38035398230089
"3447",344.6,24.6452153535353,-176.365222222222,3.38192222222222
"3448",344.7,24.65673,-176.405,3.38084821428571
"3449",344.8,24.6901314285714,-176.217873563218,3.38
"3450",344.9,24.712505,-176.302636363636,3.38
"3451",345,24.705671,-176.415188118812,3.38
"3452",345.1,24.6771752525253,-176.166545454545,3.37981818181818
"3453",345.2,24.6615048514851,-176.181131313131,3.37919191919192
"3454",345.3,24.6626127272727,-176.308508474576,3.37966101694915
"3455",345.4,24.6601082,-176.312903614458,3.37804819277109
"3456",345.5,24.6420972,-176.367773584906,3.38035849056604
"3457",345.6,24.6452686,-176.235489795918,3.38173469387755
"3458",345.7,24.6496152,-176.061255102041,3.38
"3459",345.8,24.6514133333333,-176.188951456311,3.38
"3460",345.9,24.6552880392157,-176.151514563107,3.38
"3461",346,24.6435283838384,-176.272685185185,3.38
"3462",346.1,24.6393958,-176.029882352941,3.38
"3463",346.2,24.6545685148515,-176.2387,3.37946
"3464",346.3,24.6708075,-176.36882,3.37808
"3465",346.4,24.6547615,-176.498545454545,3.38245454545455
"3466",346.5,24.6473183838384,-176.367175925926,3.38035185185185
"3467",346.6,24.6466732,-176.435,3.38176086956522
"3468",346.7,24.6423104,-176.26302970297,3.38
"3469",346.8,24.6366218,-176.221846153846,3.38
"3470",346.9,24.639671980198,-176.231861702128,3.38
"3471",347,24.6586109090909,-176.191157303371,3.38
"3472",347.1,24.6898566,-175.8965,3.37982692307692
"3473",347.2,24.6769192,-176.107863157895,3.379
"3474",347.3,24.6871714,-176.415792079208,3.379
"3475",347.4,24.6647592,-176.238454545455,3.37918181818182
"3476",347.5,24.6401533333333,-176.278118811881,3.37981188118812
"3477",347.6,24.6499771287129,-176.199272727273,3.379
"3478",347.7,24.646533,-176.224724770642,3.379
"3479",347.8,24.6575886,-176.095545454545,3.379
"3481",348,24.6621376,-176.148333333333,3.37983333333333
"3482",348.1,24.6598768,-176.077291666667,3.37920833333333
"3483",348.2,24.645524,-176.404452631579,3.38070526315789
"3484",348.3,24.6513656,-176.193355140187,3.37917757009346
"3485",348.4,24.66067,-176.221680851064,3.38012765957447
"3486",348.5,24.646233,-176.389306122449,3.38081632653061
"3487",348.6,24.6561712871287,-176.316,3.38
"3488",348.7,24.6387775,-176.235962616822,3.38
"3489",348.8,24.631974,-176.043194915254,3.38
"3490",348.9,24.6170736363636,-176.167771186441,3.38
"3491",349,24.6240454,-176.230353535353,3.38059595959596
"3492",349.1,24.6368786,-176.049764705882,3.37847058823529
"3493",349.2,24.6465602,-176.030395604396,3.37610989010989
"3494",349.3,24.6689004,-176.022444444445,3.38088888888889
"3495",349.4,24.6644542,-175.83247826087,3.37973913043478
"3496",349.5,24.6652566666667,-175.9234,3.3784
"3497",349.6,24.669987,-175.922320754717,3.38
"3498",349.7,24.6482266,-175.970510638298,3.38
"3499",349.8,24.6565344554455,-175.7756,3.3798
"3500",349.9,24.7014118,-175.971386138614,3.379
"3501",350,24.6931562,-175.958859813084,3.37917757009346
"3502",350.1,24.7081976,-176.24856,3.38036
"3503",350.2,24.7007046,-176.220451612903,3.38261290322581
"3504",350.3,24.7080864,-176.106843137255,3.3801862745098
"3505",350.4,24.6977788,-176.137208333333,3.38082291666667
"3506",350.5,24.6976934,-176.199752475248,3.37979207920792
"3507",350.6,24.6903733333333,-176.26,3.379
"3508",350.7,24.6833028,-176.140594059406,3.37919801980198
"3509",350.8,24.6762266336634,-175.93553,3.37981
"3510",350.9,24.6610292,-176.058787878788,3.37919191919192
"3511",351,24.648977,-175.955689655172,3.38068965517241
"3512",351.1,24.6404682,-176.035086956522,3.38382608695652
"3513",351.2,24.6415633333333,-176.091474226804,3.38
"3514",351.3,24.6485149,-175.8636875,3.37984375
"3515",351.4,24.6662694,-175.869363636364,3.379
"3516",351.5,24.669646,-175.733,3.379
"3517",351.6,24.6456843,-175.995537735849,3.379
"3518",351.7,24.6439180808081,-176.055365591398,3.379
"3519",351.8,24.6478058415842,-175.881037383178,3.37918691588785
"3520",351.9,24.6498739393939,-175.90287,3.38
"3521",352,24.649020990099,-175.832193548387,3.38055913978495
"3522",352.1,24.6316382,-175.992545454545,3.38319191919192
"3523",352.2,24.6350372,-176.1471,3.37979
"3524",352.3,24.6641964356435,-175.960831683168,3.37920792079208
"3525",352.4,24.66544,-176.1052,3.3798
"3526",352.5,24.6354493069307,-175.996476190476,3.37919047619048
"3527",352.6,24.6304772,-175.869,3.37984375
"3528",352.7,24.6132334,-175.992846938775,3.37919387755102
"3529",352.8,24.6264994,-176.126443478261,3.37981739130435
"3530",352.9,24.6203133333333,-175.955137931034,3.37913793103448
"3531",353,24.6085986138614,-176.293833333333,3.38044117647059
"3532",353.1,24.6119933333333,-176.074216494845,3.37817525773196
"3533",353.2,24.5986488,-175.896900990099,3.37919801980198
"3534",353.3,24.5856269,-175.87354,3.38
"3535",353.4,24.5973507070707,-175.656339449541,3.37982568807339
"3536",353.5,24.5860689108911,-175.918115044248,3.379
"3537",353.6,24.6128476767677,-176.009265486726,3.379
"3538",353.7,24.626036039604,-175.947373831776,3.37980373831776
"3539",353.8,24.6004318,-175.855910891089,3.37913861386139
"3540",353.9,24.6013528,-175.815655913978,3.38013978494624
"3541",354,24.6189201980198,-175.976571428571,3.381
"3542",354.1,24.6308333333333,-175.874457446809,3.38084042553191
"3543",354.2,24.638868,-175.662247524752,3.38
"3544",354.3,24.6010698,-175.677769230769,3.37980769230769
"3545",354.4,24.5989581,-176.022546391753,3.379
"3546",354.5,24.6072378,-175.853594339623,3.379
"3547",354.6,24.602824040404,-175.896483870968,3.379
"3548",354.7,24.5773768316832,-175.71802970297,3.379
"3549",354.8,24.6302798,-175.717632653061,3.379
"3550",354.9,24.6856379,-175.749574257426,3.37941584158416
"3551",355,24.6946635,-175.7314,3.3806
"3552",355.1,24.7067193939394,-175.8766,3.379
"3553",355.2,24.7100972277228,-175.7112,3.3786
"3554",355.3,24.7158827,-175.567130434783,3.37734782608696
"3555",355.4,24.6972998,-175.569882352941,3.379
"3556",355.5,24.6764003,-175.6364,3.379
"3557",355.6,24.6850965656566,-175.469070707071,3.379
"3558",355.7,24.6812047524752,-175.549396039604,3.379
"3559",355.8,24.6764266326531,-175.771363636364,3.37936363636364
"3560",355.9,24.6672794059406,-175.837384615385,3.38067032967033
"3561",356,24.6730848,-175.5684,3.37819
"3562",356.1,24.6681976,-175.616262135922,3.379
"3563",356.2,24.7180936633663,-175.625666666667,3.379
"3564",356.3,24.7394477777778,-175.626227722772,3.379
"3565",356.4,24.7210833333333,-175.435010204082,3.379
"3566",356.5,24.7070633333333,-175.66025,3.379
"3567",356.6,24.7066664,-175.554117647059,3.379
"3568",356.7,24.688128,-175.629828282828,3.379
"3569",356.8,24.6680219,-175.447175438596,3.379
"3570",356.9,24.6668571287129,-175.538933333333,3.37913333333333
"3571",357,24.6466433333333,-175.52618556701,3.38083505154639
"3572",357.1,24.6266826,-175.675545454545,3.38
"3573",357.2,24.6250871,-175.681,3.38
"3574",357.3,24.6306933333333,-175.750108910891,3.37980198019802
"3575",357.4,24.6552416,-175.5996,3.379
"3576",357.5,24.644237979798,-175.237353535354,3.37919191919192
"3577",357.6,24.6090717821782,-175.626403669725,3.37981651376147
"3578",357.7,24.6007572,-175.669434782609,3.37888043478261
"3579",357.8,24.638172,-175.791333333333,3.37857575757576
"3580",357.9,24.636155049505,-175.555254901961,3.38041176470588
"3581",358,24.6231085858586,-175.46425,3.378
"3582",358.1,24.6477901980198,-175.494063829787,3.37829787234043
"3583",358.2,24.666903030303,-175.608656565657,3.37979797979798
"3584",358.3,24.6571687128713,-175.597852941177,3.379
"3585",358.4,24.6426317,-175.47818699187,3.379
"3586",358.5,24.6431187878788,-175.521276422764,3.379
"3587",358.6,24.64266,-175.50844,3.379
"3588",358.7,24.6469366666667,-175.497533898305,3.3786779661017
"3589",358.8,24.6245279,-175.54402,3.37702
"3590",358.9,24.6129207,-175.743275510204,3.379
"3591",359,24.6117837373737,-175.674445783133,3.37892771084337
"3592",359.1,24.6217684158416,-175.7008,3.3774
"3593",359.2,24.6130421212121,-175.61768627451,3.379
"3594",359.3,24.61812,-175.4923,3.379
"3595",359.4,24.6164416161616,-175.54544,3.379
"3596",359.5,24.6478877,-175.46532,3.379
"3597",359.6,24.6698725,-175.462181818182,3.37918181818182
"3598",359.7,24.6540263636364,-175.503742574257,3.37962376237624
"3599",359.8,24.6560880392157,-175.354244897959,3.37836734693877
"3600",359.9,24.6374396,-175.491090909091,3.3798347107438
"3601",360,24.6310804,-175.636545454546,3.37900826446281
"3602",360.1,24.639874950495,-175.601933333333,3.37818095238095
"3603",360.2,24.6195384848485,-175.4818,3.379
"3604",360.3,24.6170963366337,-175.40028,3.379
"3605",360.4,24.616767979798,-175.339961538462,3.379
"3606",360.5,24.5954892,-175.408175257732,3.379
"3607",360.6,24.6043736,-175.506787610619,3.379
"3608",360.7,24.615568,-175.472238095238,3.37919047619048
"3610",360.9,24.6265278787879,-175.404369565217,3.37921739130435
"3611",361,24.646153960396,-175.624181818182,3.38063636363636
"3612",361.1,24.660495050505,-175.41544,3.379
"3613",361.2,24.6553363,-175.535513761468,3.379
"3614",361.3,24.6513629,-175.41997826087,3.379
"3615",361.4,24.6350473,-175.352181818182,3.379
"3616",361.5,24.6502318811881,-175.387148514852,3.37918811881188
"3617",361.6,24.6391666666667,-175.439567567568,3.38
"3618",361.7,24.6372712,-175.528898876404,3.38
"3619",361.8,24.6310197029703,-175.28026,3.38018
"3620",361.9,24.6346164,-175.313775510204,3.38118367346939
"3621",362,24.6485072,-175.23,3.38142307692308
"3622",362.1,24.6682480808081,-175.181907216495,3.379
"3623",362.2,24.6660106930693,-175.437079207921,3.379
"3624",362.3,24.6602408080808,-175.315181818182,3.379
"3625",362.4,24.6596404,-175.38149,3.379
"3626",362.5,24.6526055445545,-175.258188118812,3.37881188118812
"3627",362.6,24.6465725252525,-175.188482758621,3.37908620689655
"3628",362.7,24.6682949504951,-175.252682926829,3.38485365853658
"3629",362.8,24.6856950505051,-175.322631578947,3.379
"3630",362.9,24.6517032,-175.333363636364,3.37893181818182
"3631",363,24.6244378,-175.300272727273,3.37818181818182
"3632",363.1,24.6156693939394,-175.26674137931,3.379
"3633",363.2,24.6298012871287,-175.334467391304,3.379
"3634",363.3,24.6180675757576,-175.139722222222,3.379
"3635",363.4,24.605528,-175.387841463415,3.379
"3636",363.5,24.596839,-175.241396039604,3.37941584158416
"3637",363.6,24.611126,-175.193323232323,3.38039393939394
"3638",363.7,24.6062326732673,-175.172763157895,3.37818421052632
"3639",363.8,24.5998660606061,-175.21616091954,3.37916091954023
"3640",363.9,24.6023223762376,-175.1614,3.3804
"3641",364,24.619805,-174.979,3.3782
"3642",364.1,24.6487353,-175.15702020202,3.379
"3643",364.2,24.6392971287129,-175.172823529412,3.379
"3644",364.3,24.6343404,-175.16842,3.379
"3645",364.4,24.623746,-175.03145,3.379
"3646",364.5,24.6112960606061,-175.096535353535,3.3799595959596
"3647",364.6,24.6424864,-175.175079207921,3.3830099009901
"3648",364.7,24.6212041,-175.127262626263,3.379
"3649",364.8,24.6193128,-175.0662,3.3786
"3650",364.9,24.6664527,-175.0912,3.3774
"3651",365,24.6795463636364,-175.047,3.379
"3652",365.1,24.688097,-174.830326732673,3.379
"3653",365.2,24.667961,-174.983606060606,3.379
"3654",365.3,24.626928,-175.158757575758,3.379
"3655",365.4,24.6435117821782,-175.165287128713,3.37879207920792
"3656",365.5,24.6665936,-175.2276,3.3778
"3657",365.6,24.6678408,-175.134871287129,3.37739603960396
"3658",365.7,24.6668316,-175.154181818182,3.37880808080808
"3659",365.8,24.6618136,-175.049,3.3784
"3660",365.9,24.667888,-175.1518,3.3798
"3661",366,24.6512115,-175.016261261261,3.379
"3662",366.1,24.6450215,-174.9450625,3.379
"3663",366.2,24.6544827272727,-175.057516129032,3.379
"3664",366.3,24.616759,-174.943495049505,3.379
"3665",366.4,24.5962730693069,-175.06263,3.37824
"3666",366.5,24.6187591,-175.02158,3.37519
"3667",366.6,24.6191321,-174.932480620155,3.37644186046512
"3668",366.7,24.6160832,-174.966589147287,3.37876744186047
"3669",366.8,24.6035754545455,-175.1764,3.379
"3670",366.9,24.607469,-175.0314,3.379
"3671",367,24.606084,-175.036282051282,3.379
"3672",367.1,24.6373407920792,-174.803,3.379
"3673",367.2,24.6490491,-174.8742,3.379
"3674",367.3,24.642336969697,-174.873,3.3786
"3675",367.4,24.634125,-174.9996,3.378
"3676",367.5,24.628846,-174.9722,3.3814
"3677",367.6,24.618808,-175.0346,3.379
"3678",367.7,24.620624,-175.1138,3.3792
"3679",367.8,24.624647,-175.0482,3.3798
"3680",367.9,24.6166697029703,-174.944636363636,3.379
"3681",368,24.6287209090909,-175.091633663366,3.379
"3682",368.1,24.6185804950495,-174.954047619048,3.379
"3683",368.2,24.619655,-174.77355,3.379
"3684",368.3,24.6350323,-174.7391875,3.37884375
"3685",368.4,24.638958,-174.80249,3.37838
"3686",368.5,24.6121172727273,-174.987295918367,3.38
"3687",368.6,24.6039127722772,-174.876710526316,3.38018421052632
"3688",368.7,24.6279775757576,-174.994137931034,3.38083908045977
"3689",368.8,24.620691,-174.6792,3.379
"3690",368.9,24.628848,-174.835595959596,3.379
"3691",369,24.6484435353535,-174.748058823529,3.379
"3692",369.1,24.639370990099,-174.997,3.379
"3693",369.2,24.6486063636364,-174.851882352941,3.37888235294118
"3694",369.3,24.6453996039604,-174.870720720721,3.37808108108108
"3695",369.4,24.648955,-174.938957446808,3.3826170212766
"3696",369.5,24.644132,-174.698210526316,3.37915789473684
"3697",369.6,24.6378769306931,-174.749636363636,3.37963636363636
"3698",369.7,24.6235996969697,-174.8681875,3.37810416666667
"3699",369.8,24.615172,-174.932587628866,3.379
"3700",369.9,24.631098,-174.673195876289,3.379
"3701",370,24.615638,-174.606464646465,3.379
"3702",370.1,24.605072,-174.701323529412,3.37879411764706
"3703",370.2,24.6015198989899,-174.657666666667,3.37819191919192
"3704",370.3,24.6154374257426,-174.6992,3.38
"3705",370.4,24.648613,-174.9298,3.383
"3706",370.5,24.654911,-174.7692,3.3788
"3707",370.6,24.643474,-174.810288288288,3.37836036036036
"3708",370.7,24.6492492929293,-174.8415,3.3799
"3709",370.8,24.6448092079208,-174.75621,3.379
"3710",370.9,24.654453,-174.69938,3.379
"3711",371,24.6577011881188,-174.88149,3.379
"3712",371.1,24.6693329,-174.66345,3.379
"3713",371.2,24.6937396969697,-174.850232323232,3.37919191919192
"3714",371.3,24.6594957425743,-174.803869565217,3.37982608695652
"3715",371.4,24.6578406060606,-174.976,3.37894117647059
"3716",371.5,24.666484,-174.9228,3.3776
"3717",371.6,24.660959,-174.867263157895,3.37652631578947
"3718",371.7,24.696779,-174.702896551724,3.379
"3719",371.8,24.683245,-174.66401010101,3.379
"3720",371.9,24.6700506060606,-174.617747474747,3.379
"3721",372,24.6662897029703,-174.838277777778,3.379
"3722",372.1,24.645139,-174.83286,3.37887
"3723",372.2,24.664345,-174.669978723404,3.37827659574468
"3724",372.3,24.689746,-174.637524271845,3.37981553398058
"3725",372.4,24.6867074747475,-174.714340206186,3.379
"3726",372.5,24.6616978217822,-174.679152380952,3.3786380952381
"3727",372.6,24.6535002020202,-174.536473684211,3.37729473684211
"3728",372.7,24.634191980198,-174.54177,3.379
"3729",372.8,24.622698,-174.55061,3.379
"3730",372.9,24.6516845454545,-174.601131313131,3.379
"3731",373,24.6617785148515,-174.4914,3.379
"3732",373.1,24.6765118181818,-174.7802,3.3788
"3733",373.2,24.6813744,-174.659965517241,3.37834482758621
"3734",373.3,24.706676,-174.922011764706,3.37990588235294
"3735",373.4,24.6787796,-174.516,3.378
"3736",373.5,24.6762096039604,-174.619683673469,3.37819387755102
"3737",373.6,24.6866770707071,-174.726059405941,3.379
"3738",373.7,24.6891177227723,-174.661900990099,3.379
"3739",373.8,24.673091010101,-174.273767676768,3.379
"3740",373.9,24.6850814,-174.577,3.379
"3741",374,24.6728755,-174.783323529412,3.379
"3742",374.1,24.646353030303,-174.592833333333,3.37916666666667
"3743",374.2,24.6636052941177,-174.256058823529,3.37994117647059
"3744",374.3,24.6818664646465,-174.5896,3.379
"3745",374.4,24.670768019802,-174.387168316832,3.37919801980198
"3746",374.5,24.642718,-174.422653846154,3.37981730769231
"3747",374.6,24.623707979798,-174.530947368421,3.379
"3748",374.7,24.634879009901,-174.613614035088,3.379
"3749",374.8,24.619804,-174.806162790698,3.379
"3750",374.9,24.620974,-174.495594059406,3.379
"3751",375,24.610986,-174.421071428571,3.37919387755102
"3752",375.1,24.6230070707071,-174.483705882353,3.37979411764706
"3753",375.2,24.6356887128713,-174.62698989899,3.379
"3754",375.3,24.6281528571429,-174.460727272727,3.379
"3755",375.4,24.6257741584158,-174.35279,3.379
"3756",375.5,24.6366427272727,-174.405851485149,3.379
"3757",375.6,24.6411004,-174.589613861386,3.379
"3758",375.7,24.6518033663366,-174.514131313131,3.379
"3759",375.8,24.649157979798,-174.539,3.379
"3760",375.9,24.6294564705882,-174.463,3.3788
"3761",376,24.6175719191919,-174.5412,3.378
"3762",376.1,24.625023,-174.643,3.3782
"3763",376.2,24.6116909,-174.530636363636,3.37881818181818
"3764",376.3,24.6255970707071,-174.354912087912,3.37821978021978
"3765",376.4,24.6298008910891,-174.279342592593,3.37982407407407
"3766",376.5,24.6340006060606,-174.365467391304,3.379
"3767",376.6,24.6305613861386,-174.252702970297,3.379
"3768",376.7,24.6172379,-174.357152173913,3.379
"3769",376.8,24.6310225,-174.369108695652,3.379
"3770",376.9,24.6083325742574,-174.299979591837,3.379
"3771",377,24.60609,-174.3506953125,3.3791484375
"3772",377.1,24.5964368316832,-174.4280390625,3.3799296875
"3773",377.2,24.5877270707071,-174.350705263158,3.37904210526316
"3774",377.3,24.5926372727273,-174.503900990099,3.37981188118812
"3775",377.4,24.6040804,-174.45366,3.379
"3776",377.5,24.6213745454545,-174.433153846154,3.379
"3777",377.6,24.6004406930693,-174.377841463415,3.379
"3778",377.7,24.6086990909091,-174.33055,3.379
"3779",377.8,24.5812616831683,-174.50538317757,3.379
"3780",377.9,24.5513646534653,-174.395242105263,3.37950526315789
"3781",378,24.5848748484849,-174.378721153846,3.38234615384615
"3782",378.1,24.5709758823529,-174.309659574468,3.37886170212766
"3783",378.2,24.5613275757576,-174.264333333333,3.37818095238095
"3784",378.3,24.5725576237624,-174.383712871287,3.379
"3785",378.4,24.590407,-174.425308510638,3.379
"3786",378.5,24.5946178787879,-174.51853,3.379
"3787",378.6,24.5666396039604,-174.517903225806,3.37884677419355
"3788",378.7,24.5663353535354,-174.143709677419,3.37804032258065
"3789",378.8,24.5925527,-174.199470588235,3.379
"3790",378.9,24.5685422222222,-174.509181818182,3.37936363636364
"3791",379,24.5342592,-174.443653465347,3.38043564356436
"3792",379.1,24.55548,-174.261909090909,3.37818181818182
"3793",379.2,24.5477144,-174.37369,3.379
"3794",379.3,24.5136042574257,-174.317257425743,3.379
"3795",379.4,24.5221790909091,-174.2261,3.379
"3796",379.5,24.5379737623762,-174.15602,3.379
"3797",379.6,24.548583,-174.274272727273,3.379
"3798",379.7,24.5515487,-174.444326732673,3.37881188118812
"3799",379.8,24.5422745,-174.271274193548,3.37858064516129
"3800",379.9,24.5669468,-174.117241935484,3.3818064516129
"3801",380,24.5829649,-174.107862745098,3.378
"3802",380.1,24.5589776767677,-174.278514018692,3.37783177570094
"3803",380.2,24.5470748,-174.353336734694,3.37722448979592
"3804",380.3,24.5596408,-174.154893617021,3.379
"3805",380.4,24.5593972,-174.01996969697,3.379
"3806",380.5,24.5568794059406,-174.189930693069,3.379
"3807",380.6,24.5422948484849,-174.252,3.37883333333333
"3808",380.7,24.544494,-174.018379310345,3.37805747126437
"3809",380.8,24.603936,-174.07574,3.37864
"3810",380.9,24.638604,-174.270321428571,3.37716071428571
"3811",381,24.635784,-174.424206896552,3.378
"3812",381.1,24.6676008,-173.954732673267,3.378
"3813",381.2,24.6869390909091,-174.037454545455,3.37818181818182
"3814",381.3,24.699549,-174.13426,3.379
"3815",381.4,24.6884742,-174.081551401869,3.379
"3816",381.5,24.6792562,-174.023306930693,3.379
"3817",381.6,24.68446,-174.080869565218,3.379
"3818",381.7,24.6964968,-173.788171717172,3.37957575757576
"3819",381.8,24.7151099,-173.879118811881,3.38120792079208
"3820",381.9,24.698123,-174.031019417476,3.378
"3821",382,24.7075096039604,-173.891969072165,3.37832989690722
"3822",382.1,24.6818884,-174.16862,3.37981
"3823",382.2,24.6944015841584,-174.262861386139,3.379
"3824",382.3,24.7160162626263,-174.326090909091,3.379
"3825",382.4,24.7222636,-174.31402,3.379
"3826",382.5,24.729482,-174.2325,3.379
"3827",382.6,24.7148508,-174.02829,3.379
"3828",382.7,24.7167452,-173.992405940594,3.37937623762376
"3829",382.8,24.6884504,-173.948454545454,3.381
"3830",382.9,24.6462663636364,-174.22398019802,3.38062376237624
"3831",383,24.638298019802,-173.918342857143,3.379
"3832",383.1,24.6554018181818,-174.140936170213,3.379
"3833",383.2,24.6580066,-174.028168316832,3.379
"3834",383.3,24.64801,-173.85736,3.379
"3835",383.4,24.6292794,-173.941,3.37882
"3836",383.5,24.6546075247525,-173.93542,3.378
"3837",383.6,24.65364,-173.940727272727,3.37818181818182
"3838",383.7,24.6557847524753,-174.042681415929,3.37950442477876
"3839",383.8,24.6284864,-173.870582417582,3.38173626373626
"3840",383.9,24.6167724,-174.016613861386,3.37814851485149
"3841",384,24.6123148,-174.2086875,3.379
"3842",384.1,24.6387863636364,-174.01594,3.379
"3843",384.2,24.6414395,-173.890909090909,3.379
"3844",384.3,24.5729633,-173.81206,3.379
"3845",384.4,24.5921297029703,-173.99391,3.379
"3846",384.5,24.6050288,-173.87506,3.379
"3847",384.6,24.6310027272727,-174.07192,3.37881
"3848",384.7,24.6120754,-173.94429,3.37914
"3849",384.8,24.6125047,-173.872366336634,3.38305940594059
"3850",384.9,24.629289,-173.95452,3.37918
"3851",385,24.6184183,-174.032474576271,3.37984745762712
"3853",385.2,24.6367275247525,-174.02882,3.379
"3854",385.3,24.5939726262626,-174.017008849558,3.3788407079646
"3855",385.4,24.5917082,-173.946643678161,3.378
"3856",385.5,24.6098136,-173.77388,3.37818
"3857",385.6,24.5971654,-173.949272727273,3.37936363636364
"3858",385.7,24.6161674257426,-174.093831683168,3.38043564356436
"3859",385.8,24.6097219191919,-173.918272727273,3.37818181818182
"3860",385.9,24.5895238613861,-173.769794642857,3.37866071428571
"3861",386,24.572427,-173.847863636364,3.37715909090909
"3862",386.1,24.5686365346535,-173.772363636364,3.37880808080808
"3863",386.2,24.5704412,-173.743068965517,3.3781724137931
"3864",386.3,24.5644054545455,-174.150755102041,3.379
"3865",386.4,24.5813959405941,-173.898681818182,3.379
"3866",386.5,24.5675681818182,-173.813272727273,3.37881818181818
"3867",386.6,24.5608137,-174.099090909091,3.378
"3868",386.7,24.5800821,-173.96,3.378
"3869",386.8,24.5947013131313,-173.858039215686,3.37819607843137
"3870",386.9,24.5890042574257,-173.943090909091,3.37881818181818
"3871",387,24.5534781818182,-174.02498019802,3.378
"3872",387.1,24.551942970297,-174.057,3.37818181818182
"3873",387.2,24.5691160606061,-173.617616161616,3.379
"3874",387.3,24.5697342,-173.806265486726,3.37882300884956
"3875",387.4,24.5439279207921,-173.932528089888,3.37807865168539
"3876",387.5,24.5358537373737,-173.833588235294,3.37988235294118
"3877",387.6,24.5557282352941,-174.147164948454,3.38317525773196
"3878",387.7,24.5403545454545,-174.01997029703,3.37881188118812
"3879",387.8,24.5421687,-173.799909090909,3.37818181818182
"3880",387.9,24.5652136,-173.742564356436,3.379
"3881",388,24.5474778787879,-173.84302,3.37882
"3882",388.1,24.5769634653465,-173.901315789474,3.37815789473684
"3883",388.2,24.6242866666667,-173.831923076923,3.379
"3884",388.3,24.620260990099,-173.986863157895,3.379
"3885",388.4,24.589932,-173.73874,3.37882
"3886",388.5,24.630853939394,-173.74902,3.37854
"3887",388.6,24.6399631683168,-173.81048,3.38046
"3888",388.7,24.6515006060606,-173.740545454545,3.37818181818182
"3889",388.8,24.6479192,-173.635515151515,3.379
"3890",388.9,24.628651,-173.541,3.3788
"3891",389,24.6076318181818,-173.636192982456,3.378
"3892",389.1,24.5998955445545,-173.746689655173,3.378
"3893",389.2,24.6298209090909,-173.576229508197,3.378
"3894",389.3,24.6292399009901,-173.909016393442,3.378
"3895",389.4,24.6296009090909,-173.93584,3.37872
"3896",389.5,24.64046,-173.680313043478,3.38168695652174
"3897",389.6,24.6185555445545,-173.693936170213,3.37996808510638
"3898",389.7,24.6363605050505,-174.0364,3.379
"3899",389.8,24.6431555882353,-173.855208695652,3.3788347826087
"3900",389.9,24.6526221212121,-173.829541176471,3.37804705882353
"3901",390,24.6419462376238,-173.781940594059,3.37881188118812
"3902",390.1,24.6229376,-173.731577981651,3.378
"3903",390.2,24.6283402020202,-173.837076923077,3.3780989010989
"3904",390.3,24.6106712871287,-173.5469,3.37882
"3905",390.4,24.6000948484849,-173.61896,3.37872
"3906",390.5,24.5835553465346,-173.563,3.38166666666667
"3907",390.6,24.6182954545454,-173.623989010989,3.38
"3908",390.7,24.58792,-173.74574,3.37962
"3909",390.8,24.5561542,-173.555237623762,3.37818811881188
"3910",390.9,24.5424323232323,-173.626454545455,3.37881818181818
"3911",391,24.5782767326733,-173.62725,3.378
"3912",391.1,24.607033030303,-173.509898876404,3.37807865168539
"3913",391.2,24.6010475,-173.53498,3.37882
"3914",391.3,24.6164338613861,-173.73464,3.37854
"3915",391.4,24.5904704,-173.86446,3.381
"3916",391.5,24.582763960396,-173.90282,3.38046
"3917",391.6,24.584565050505,-173.901818181818,3.37818181818182
"3918",391.7,24.6147492,-173.886702970297,3.37881188118812
"3919",391.8,24.6176854,-173.75408,3.378
"3920",391.9,24.5744062,-173.410872727273,3.378
"3921",392,24.5614424,-173.339111111111,3.378
"3922",392.1,24.5589026262626,-173.6175,3.37818
"3923",392.2,24.5846672277228,-173.5068,3.37864
"3924",392.3,24.573674,-173.827545454545,3.37754545454545
"3925",392.4,24.5652772,-173.751442477876,3.37983185840708
"3926",392.5,24.5778762,-173.701829787234,3.379
"3927",392.6,24.5585707070707,-173.463290322581,3.37938709677419
"3928",392.7,24.5724950495049,-173.5378,3.38124
"3929",392.8,24.5922141414141,-173.500841584158,3.378
"3930",392.9,24.5963,-173.659181818182,3.378
"3931",393,24.5919275,-173.816702970297,3.378
"3932",393.1,24.5948412121212,-173.717,3.378
"3933",393.2,24.5905362376238,-173.531891089109,3.37818811881188
"3934",393.3,24.5839403030303,-173.51348,3.37918
"3935",393.4,24.5681572,-173.6935,3.37964
"3936",393.5,24.5808064356436,-173.62552,3.37764
"3937",393.6,24.5782984848485,-173.5609,3.37654
"3938",393.7,24.5935052941176,-173.469971962617,3.37883177570093
"3939",393.8,24.6110404,-173.771612903226,3.378
"3940",393.9,24.5869546534653,-173.483538461538,3.378
"3941",394,24.5804741,-173.511696969697,3.378
"3942",394.1,24.5577143,-173.516742268041,3.37815463917526
"3943",394.2,24.5700522,-173.48603960396,3.37882178217822
"3944",394.3,24.5842053,-173.517525252525,3.37817171717172
"3945",394.4,24.5781569,-173.64766,3.37882
"3946",394.5,24.5834218181818,-173.407920792079,3.378
"3947",394.6,24.551324,-173.603465346535,3.378
"3948",394.7,24.5945074,-173.280204081633,3.378
"3949",394.8,24.5942542424242,-173.468132743363,3.378
"3950",394.9,24.6102975,-173.64616091954,3.378
"3951",395,24.5919154545455,-173.653,3.378
"3952",395.1,24.5509751485149,-173.46888,3.37818
"3953",395.2,24.532455,-173.5469,3.37846
"3954",395.3,24.5583154455446,-173.475772277228,3.37635643564356
"3955",395.4,24.5865994059406,-173.502316326531,3.37834693877551
"3956",395.5,24.5773484848485,-173.481917431193,3.38
"3957",395.6,24.5884162376238,-173.498692307692,3.37978021978022
"3958",395.7,24.586005959596,-173.56495049505,3.378
"3959",395.8,24.5936813131313,-173.531818181818,3.378
"3960",395.9,24.59256,-173.30619,3.378
"3961",396,24.5760925,-173.34234,3.37819
"3962",396.1,24.5532859405941,-173.49186,3.37881
"3963",396.2,24.5791442424243,-173.47427,3.37819
"3964",396.3,24.5865125,-173.416237623762,3.37881188118812
"3965",396.4,24.58872,-173.429762376238,3.37764356435644
"3966",396.5,24.5748775,-173.538666666667,3.37651515151515
"3967",396.6,24.5793325,-173.389719626168,3.37883177570093
"3968",396.7,24.5703360606061,-173.329709677419,3.378
"3969",396.8,24.6233132,-173.34742,3.378
"3970",396.9,24.6577468,-173.39104,3.37818
"3971",397,24.6495892,-173.30374,3.37882
"3972",397.1,24.6385148,-173.19948,3.378
"3973",397.2,24.6463835353535,-173.30236,3.37782
"3974",397.3,24.6297659405941,-173.267054054054,3.37716216216216
"3975",397.4,24.5978451485148,-173.291977272727,3.37784090909091
"3976",397.5,24.5987725,-173.30228,3.37638
"3977",397.6,24.6193085148515,-173.19275,3.378
"3978",397.7,24.6227911111111,-173.3294,3.378
"3979",397.8,24.6449052475247,-173.121455445545,3.378
"3980",397.9,24.6207136363636,-173.066771428571,3.378
"3981",398,24.6073075,-173.082205607477,3.3778785046729
"3982",398.1,24.59827,-173.076021052632,3.37706315789474
"3983",398.2,24.6144325,-173.272163043478,3.378
"3984",398.3,24.626355,-173.19184,3.37781
"3985",398.4,24.6373133333333,-173.253732673267,3.37737623762376
"3986",398.5,24.6646312,-173.38492,3.37882
"3987",398.6,24.6683044,-173.345153846154,3.378
"3988",398.7,24.682192,-173.379722891566,3.378
"3989",398.8,24.657872,-173.4174,3.378
"3990",398.9,24.6482924,-173.297594594595,3.378
"3991",399,24.659874,-173.188715686275,3.3783431372549
"3992",399.1,24.6648772,-173.224068965517,3.38294252873563
"3993",399.2,24.669204,-173.4328,3.38128
"3994",399.3,24.65315,-173.45806,3.37782
"3995",399.4,24.6697984,-173.331,3.377
"3996",399.5,24.6541472,-173.214603960396,3.37717821782178
"3997",399.6,24.6399911111111,-173.106398230089,3.378
"3998",399.7,24.648496,-173.382276595745,3.378
"3999",399.8,24.6651411881188,-173.197648351648,3.378
"4000",399.9,24.6628648,-173.250093457944,3.37782242990654
"4001",400,24.6697293069307,-173.07304,3.37724
"4002",400.1,24.683085,-173.236838709677,3.37874193548387
"4003",400.2,24.7011206060606,-173.46366,3.37719
"4004",400.3,24.6554832,-173.289698113208,3.378
"4005",400.4,24.6495864,-173.18587368421,3.378
"4006",400.5,24.6706456,-173.1896,3.378
"4007",400.6,24.663608,-173.1348,3.378
"4008",400.7,24.6599838383838,-173.169504424779,3.378
"4009",400.8,24.6552567,-173.083406976744,3.378
"4010",400.9,24.6807446,-173.00913,3.378
"4011",401,24.667615,-173.336383838384,3.37876767676768
"4012",401.1,24.6902574,-173.241168316832,3.38120792079208
"4013",401.2,24.7068487,-173.1901,3.37819
"4014",401.3,24.7123231,-173.212772277228,3.37918811881188
"4015",401.4,24.6911818,-173.008288461538,3.37965384615385
"4016",401.5,24.6706613861386,-173.066708333333,3.378
"4017",401.6,24.6773096,-173.035690265487,3.378
"4018",401.7,24.6799372277228,-172.888865168539,3.378
"4019",401.8,24.6637975,-173.049536082474,3.378
"4020",401.9,24.6597221212121,-173.22231,3.37857
"4021",402,24.67493,-173.308728971963,3.38028971962617
"4022",402.1,24.673074,-173.128193548387,3.37712903225806
"4023",402.2,24.679674,-172.94281,3.37781
"4024",402.3,24.675988,-172.833545454545,3.37717272727273
"4025",402.4,24.696498989899,-173.0722,3.378
"4026",402.5,24.6586218811881,-172.908613861386,3.378
"4027",402.6,24.6526201010101,-172.89227826087,3.378
"4028",402.7,24.6744163,-172.88976744186,3.378
"4029",402.8,24.6705619,-173.04062,3.37817
"4030",402.9,24.670144,-172.906272727273,3.379
"4031",403,24.6686614851485,-173.080069306931,3.37882178217822
"4032",403.1,24.7094168686869,-172.92308,3.37817
"4033",403.2,24.6695615,-172.956909090909,3.37865656565657
"4034",403.3,24.6951974,-172.986752475248,3.37717821782178
"4035",403.4,24.7158691,-172.839810810811,3.378
"4036",403.5,24.7038994,-172.994352941177,3.378
"4037",403.6,24.7182311111111,-173.261842696629,3.378
"4038",403.7,24.6975651485148,-173.0181875,3.378
"4039",403.8,24.6770872,-172.92063,3.37819
"4040",403.9,24.6897883168317,-173.15336,3.37919
"4041",404,24.7014608,-173.13181,3.37962
"4042",404.1,24.6640921212121,-172.91308,3.37781
"4043",404.2,24.6756335643564,-173.02475,3.37719
"4044",404.3,24.684731010101,-173.027128712871,3.378
"4045",404.4,24.7111959,-172.94,3.378
"4046",404.5,24.6850985,-172.932677966102,3.378
"4047",404.6,24.6798666666667,-173.128642857143,3.378
"4048",404.7,24.7032853465347,-173.097626262626,3.37817171717172
"4049",404.8,24.6920233333333,-173.069280991736,3.37929752066116
"4050",404.9,24.6905068,-172.948619834711,3.38095041322314
"4051",405,24.6817522,-172.910974358974,3.37716239316239
"4052",405.1,24.6888592,-172.917458823529,3.37809411764706
"4053",405.2,24.6907982178218,-173.01608,3.38132
"4054",405.3,24.6833166666667,-173.182424242424,3.378
"4055",405.4,24.6857292079208,-173.0196,3.378
"4056",405.5,24.687435,-172.748923076923,3.378
"4057",405.6,24.6914228712871,-172.973741176471,3.378
"4058",405.7,24.6982692,-172.97088,3.37784
"4059",405.8,24.7089166666667,-173.084857142857,3.37716326530612
"4060",405.9,24.7146342574257,-173.119673469388,3.37818367346939
"4061",406,24.7291525252525,-172.964431372549,3.379
"4062",406.1,24.7148108,-173.08802,3.37918
"4063",406.2,24.71238,-173.10506,3.37964
"4064",406.3,24.7088725,-173.03322,3.378
"4065",406.4,24.7145943564356,-173.00196,3.378
"4066",406.5,24.7133124242424,-172.93134,3.378
"4067",406.6,24.6948168316832,-172.930940594059,3.378
"4068",406.7,24.7038046464647,-173.047836734694,3.37782653061225
"4069",406.8,24.7243862,-172.924613861386,3.377
"4070",406.9,24.724841,-172.862,3.37718181818182
"4071",407,24.6676077777778,-172.96275,3.37819
"4072",407.1,24.6212254455446,-172.77591,3.379
"4073",407.2,24.6127111111111,-172.901910891089,3.37881188118812
"4074",407.3,24.5913822,-172.7553,3.378
"4075",407.4,24.5870772,-172.695272727273,3.378
"4076",407.5,24.5834887878788,-172.986405940594,3.378
"4077",407.6,24.5806705882353,-172.79648,3.378
"4078",407.7,24.5815622222222,-172.818090909091,3.37836363636364
"4079",407.8,24.5672944554455,-172.63486,3.37962
"4080",407.9,24.58376,-172.77623,3.378
"4081",408,24.5934233333333,-172.73066,3.37819
"4082",408.1,24.5551088118812,-172.780861386139,3.37881188118812
"4083",408.2,24.5538488888889,-172.651,3.378
"4084",408.3,24.5727166336634,-172.85251,3.378
"4085",408.4,24.5818666666667,-172.756130434783,3.378
"4086",408.5,24.5874768,-172.950270588235,3.378
"4087",408.6,24.5990272,-172.596207920792,3.37818811881188
"4088",408.7,24.600576969697,-172.692090909091,3.37863636363636
"4089",408.8,24.5787939603961,-172.639757575758,3.37714393939394
"4090",408.9,24.5980184848485,-172.670060606061,3.37790151515152
"4091",409,24.5971133,-172.655414141414,3.37982828282828
"4092",409.1,24.6134433663366,-172.84488,3.37882
"4093",409.2,24.6441660606061,-172.75854,3.378
"4094",409.3,24.6465988235294,-172.64228,3.378
"4095",409.4,24.6514522222222,-172.50974,3.378
"4096",409.5,24.6148355445544,-172.65018,3.378
"4097",409.6,24.6040282,-172.6248,3.37818
"4098",409.7,24.6277388888889,-172.85794,3.379
"4099",409.8,24.6299985148515,-172.77892,3.37882
"4100",409.9,24.62392,-172.87274,3.37818
"4101",410,24.6167524752475,-172.967178217822,3.37882178217822
"4102",410.1,24.6216122222222,-172.995878787879,3.378
"4103",410.2,24.6222108,-172.686,3.378
"4104",410.3,24.6570514,-172.502758928571,3.378
"4105",410.4,24.627785,-172.594090909091,3.378
"4106",410.5,24.6322988,-172.79125,3.378
"4107",410.6,24.6309024,-172.73028,3.37857
"4108",410.7,24.6123596,-172.838792079208,3.38043564356436
"4109",410.8,24.6035652,-172.56366,3.37836
"4110",410.9,24.6264774,-172.527871287129,3.37982178217822
"4111",411,24.6373082,-172.39517,3.37883
"4112",411.1,24.6135212,-172.36281,3.378
"4113",411.2,24.626458,-172.62844,3.378
"4114",411.3,24.6442784848485,-172.730384,3.378
"4115",411.4,24.6764029,-172.685584,3.378
"4116",411.5,24.6559898019802,-172.71772,3.378
"4117",411.6,24.6478112,-172.65463,3.37749
"4118",411.7,24.6472466336634,-172.63651,3.37551
"4119",411.8,24.64305,-172.42706,3.37817
"4120",411.9,24.6289732,-172.64268,3.37883
"4121",412,24.6368818,-172.81404,3.378
"4122",412.1,24.6406002,-172.79119,3.378
"4123",412.2,24.6233984,-172.634777777778,3.378
"4124",412.3,24.6122388,-172.63968,3.378
"4125",412.4,24.6162372727273,-172.615356435643,3.378
"4126",412.5,24.6322549,-172.72639,3.37902
"4127",412.6,24.6591285,-172.470090909091,3.3829696969697
"4128",412.7,24.662169,-172.559864864865,3.37783783783784
"4129",412.8,24.6598964,-172.541044444444,3.37723333333333
"4130",412.9,24.6509938,-172.736797979798,3.37965656565657
"4131",413,24.6527347524752,-172.62056,3.378
"4132",413.1,24.6498396969697,-172.509178217822,3.378
"4133",413.2,24.6692687128713,-172.540019417476,3.37816504854369
"4134",413.3,24.6580306,-172.335216494845,3.37885567010309
"4135",413.4,24.6634363366337,-172.631525252525,3.37817171717172
"4136",413.5,24.6581009,-172.2926,3.37918
"4137",413.6,24.6760344444444,-172.49028,3.37946
"4138",413.7,24.6270594,-172.560173076923,3.37682692307692
"4139",413.8,24.670802,-172.512659793814,3.37643298969072
"4140",413.9,24.6968132,-172.478324074074,3.37884259259259
"4141",414,24.6719138,-172.452923076923,3.378
"4142",414.1,24.692581,-172.363708737864,3.378
"4143",414.2,24.6729061386138,-172.395534653465,3.37785148514852
"4144",414.3,24.7251422222222,-172.273660869565,3.37712173913043
"4145",414.4,24.7454108,-172.364095652174,3.37799130434783
"4146",414.5,24.7254262,-172.33906,3.37936
"4147",414.6,24.7550322,-172.22928,3.38046
"4148",414.7,24.7721302,-172.242132075472,3.37833962264151
"4149",414.8,24.7983887878788,-172.329936170213,3.37974468085106
"4150",414.9,24.8035928,-172.375166666667,3.378
"4151",415,24.8281408,-172.296752688172,3.378
"4152",415.1,24.8031047,-172.253295238095,3.378
"4153",415.2,24.8127573,-172.021010526316,3.378
"4154",415.3,24.8252546,-172.18142,3.378
"4155",415.4,24.7787110891089,-172.1608,3.37868
"4156",415.5,24.7833852,-172.37462,3.38115
"4157",415.6,24.7938641584158,-172.417409090909,3.37715454545455
"4158",415.7,24.794516,-172.271422222222,3.37807777777778
"4159",415.8,24.7888577777778,-172.40894,3.37883
"4160",415.9,24.7652148,-172.4345,3.378
"4161",416,24.7513282,-172.244343434343,3.378
"4162",416.1,24.787819,-172.296455445545,3.378
"4163",416.2,24.7867782,-172.165675213675,3.378
"4165",416.4,24.757774,-172.3728,3.37993333333333
"4166",416.5,24.7013039393939,-172.316949494949,3.37883838383838
"4167",416.6,24.6824037,-172.19363,3.37766
"4168",416.7,24.6651426,-172.246429824561,3.37629824561404
"4169",416.8,24.6436244,-172.358081395349,3.378
"4170",416.9,24.6498793,-172.215818181818,3.378
"4171",417,24.6505076767677,-172.24072,3.378
"4172",417.1,24.6539241584158,-172.50098,3.378
"4173",417.2,24.6328263,-172.47652293578,3.378
"4174",417.3,24.6317729411765,-172.116583333333,3.378
"4175",417.4,24.6174566,-172.29713253012,3.37797590361446
"4176",417.5,24.6230266666667,-172.185524752475,3.37653465346535
"4177",417.6,24.6299681188119,-172.38244,3.37849
"4178",417.7,24.6306211111111,-172.36531,3.37634
"4179",417.8,24.6652034,-172.1775,3.378
"4180",417.9,24.6596915151515,-172.308868686869,3.378
"4181",418,24.6321781,-172.334693069307,3.378
"4182",418.1,24.6495817821782,-172.306838383838,3.378
"4183",418.2,24.6494393939394,-172.341415841584,3.37817821782178
"4184",418.3,24.6739502970297,-172.35757,3.37866
"4185",418.4,24.6565642424242,-172.306252525253,3.377
"4186",418.5,24.6679062,-172.36024,3.37736
"4187",418.6,24.6361446,-172.26546,3.379
"4188",418.7,24.6063847474747,-172.19634,3.37882
"4189",418.8,24.588015882353,-172.391158415842,3.378
"4190",418.9,24.5846593939394,-172.130727272727,3.378
"4191",419,24.5933115,-172.224336633663,3.37782178217822
"4192",419.1,24.6187054,-172.157,3.37717171717172
"4193",419.2,24.5810887878788,-172.391827586207,3.378
"4194",419.3,24.6016218811881,-172.323494117647,3.37802352941176
"4195",419.4,24.5793493939394,-172.055616161616,3.37882828282828
"4196",419.5,24.6209644554456,-172.274732673267,3.37817821782178
"4197",419.6,24.5973746,-172.333717171717,3.37865656565657
"4198",419.7,24.6174746,-172.3826,3.37718
"4199",419.8,24.604421980198,-172.18968,3.378
"4200",419.9,24.6067266666667,-172.12995,3.378
"4201",420,24.5965091,-171.90745,3.378
"4202",420.1,24.590129,-172.381303030303,3.37717171717172
"4203",420.2,24.5870901,-172.2934,3.37782857142857
"4204",420.3,24.6009096,-172.413063157895,3.377
"4205",420.4,24.6307860606061,-172.3549,3.377
"4206",420.5,24.6201601980198,-172.34842,3.37736
"4207",420.6,24.6492908080808,-172.405920353982,3.3788407079646
"4208",420.7,24.62229,-172.016426966292,3.378
"4209",420.8,24.616058,-172.622489795918,3.378
"4210",420.9,24.6523886868687,-172.397166666667,3.378
"4211",421,24.6539670588235,-172.275150537634,3.37789247311828
"4212",421.1,24.6471447474747,-172.23329,3.377
"4213",421.2,24.629422,-172.31555,3.37734
"4214",421.3,24.614374,-172.18614,3.37866
"4215",421.4,24.639528,-172.262077669903,3.37733009708738
"4216",421.5,24.63094,-172.081463917526,3.37871134020619
"4217",421.6,24.6228318181818,-172.2476,3.37717
"4218",421.7,24.6754343564357,-172.17928,3.378
"4219",421.8,24.636806,-172.34475,3.37783653846154
"4220",421.9,24.652056,-172.392830188679,3.377
"4221",422,24.6744684158416,-172.272488888889,3.37707777777778
"4222",422.1,24.6698498989899,-172.33889,3.37749
"4223",422.2,24.6209827722772,-172.5037,3.37534
"4224",422.3,24.6301557575757,-172.39483,3.37717
"4225",422.4,24.6343,-172.2025,3.37848113207547
"4226",422.5,24.662284,-172.045777777778,3.38055555555555
"4227",422.6,24.6439296969697,-171.876673684211,3.377
"4228",422.7,24.5981117821782,-172.024111111111,3.37717171717172
"4229",422.8,24.624791010101,-172.161324324324,3.378
"4230",422.9,24.6300742,-172.070943820225,3.378
"4231",423,24.6418269,-172.112953271028,3.378
"4232",423.1,24.6216931,-172.238559139785,3.37776344086022
"4233",423.2,24.6240110891089,-172.022594059406,3.37635643564357
"4234",423.3,24.6499280808081,-172.00587,3.37783
"4235",423.4,24.6619656435644,-172.129540540541,3.37715315315315
"4236",423.5,24.662162,-171.85375,3.3779375
"4237",423.6,24.6501,-171.981989247312,3.37710752688172
"4238",423.7,24.6542907920792,-171.98556,3.378
"4239",423.8,24.6484435353535,-172.09474,3.378
"4240",423.9,24.6310999009901,-171.965545454545,3.37784545454545
"4241",424,24.6102066666667,-172.082477777778,3.377
"4242",424.1,24.606484,-172.21415,3.37751
"4243",424.2,24.604244,-171.95369,3.37966
"4244",424.3,24.6276904040404,-171.921245454545,3.378
"4245",424.4,24.6287966336634,-171.954239583333,3.378
"4246",424.5,24.6274903030303,-172.140594059406,3.378
"4247",424.6,24.6405315,-172.087096774194,3.378
"4248",424.7,24.6453496,-172.101181818182,3.37782828282828
"4249",424.8,24.6772123,-171.905037735849,3.37716981132075
"4250",424.9,24.7107586138614,-172.010875,3.378
"4251",425,24.698318989899,-172.033676767677,3.37783838383838
"4252",425.1,24.6659210891089,-171.888494949495,3.37717171717172
"4253",425.2,24.6880643434343,-172.02562,3.37782
"4254",425.3,24.7074745,-172.1209,3.377
"4255",425.4,24.7246903,-171.95452,3.37718
"4256",425.5,24.7174614,-171.90196,3.378
"4257",425.6,24.7120848514852,-171.852411764706,3.37782352941176
"4258",425.7,24.7059316161616,-172.070930434783,3.377
"4259",425.8,24.71517,-171.82564893617,3.37701063829787
"4260",425.9,24.7281620792079,-172.083588888889,3.37807777777778
"4261",426,24.7331652,-172.189060606061,3.37814141414141
"4262",426.1,24.7441743,-172.022351351351,3.37448648648649
"4263",426.2,24.7278124242424,-171.949766666667,3.37715555555556
"4264",426.3,24.74893,-171.868292929293,3.37882828282828
"4265",426.4,24.7489795959596,-171.89692,3.378
"4266",426.5,24.7386129,-171.933972972973,3.378
"4267",426.6,24.7338508,-171.92846728972,3.37793457943925
"4269",426.8,24.7202608910891,-171.87812,3.377
"4270",426.9,24.6988645454545,-171.888575757576,3.37691919191919
"4271",427,24.7223346,-171.850813186813,3.3761978021978
"4272",427.1,24.7424702970297,-171.803089108911,3.37782178217822
"4273",427.2,24.7373679,-171.99842,3.37683
"4274",427.3,24.7377478217822,-171.91065,3.37634
"4275",427.4,24.7419744444444,-171.78642,3.378
"4276",427.5,24.741058,-171.79423,3.37783
"4277",427.6,24.7470157425743,-171.775424242424,3.377
"4278",427.7,24.752262,-172.01296,3.377
"4279",427.8,24.732132,-172.051495049505,3.377
"4280",427.9,24.7118073737374,-172.16929,3.37768
"4281",428,24.7113647,-172.270336734694,3.38047959183673
"4282",428.1,24.7514417,-172.14578,3.37781
"4283",428.2,24.7656191,-171.891345454545,3.37717272727273
"4284",428.3,24.7742401,-171.972626373626,3.3779010989011
"4285",428.4,24.7638727272727,-171.87836,3.377
"4286",428.5,24.7551558415842,-171.929910891089,3.377
"4287",428.6,24.7444245454545,-171.987267241379,3.377
"4288",428.7,24.7455234,-172.081714285714,3.377
"4289",428.8,24.7514403960396,-172.02213,3.377
"4290",428.9,24.7614385,-171.85278,3.37836
"4291",429,24.6815523,-171.9116,3.38364
"4292",429.1,24.6624118181818,-172.035348214286,3.377
"4293",429.2,24.6816426,-171.886090909091,3.377
"4294",429.3,24.6259426,-171.75604,3.377
"4295",429.4,24.6459836,-171.64488,3.377
"4296",429.5,24.6596838613861,-171.83119,3.377
"4297",429.6,24.6353553,-171.692121212121,3.377
"4298",429.7,24.6376025,-171.791107142857,3.377
"4299",429.8,24.6480388,-171.788674157303,3.37686516853933
"4300",429.9,24.6799919,-171.934533333333,3.37532380952381
"4301",430,24.6647936,-171.800545454545,3.37712121212121
"4302",430.1,24.6545418,-171.922410526316,3.378
"4303",430.2,24.633434,-171.83166,3.37782
"4304",430.3,24.63623,-171.793339285714,3.377
"4305",430.4,24.625672,-171.843531914894,3.377
"4306",430.5,24.6352162,-171.544723404255,3.377
"4307",430.6,24.6331358,-171.544310344827,3.377
"4308",430.7,24.6475552,-172.032905263158,3.37702105263158
"4309",430.8,24.6306984848485,-171.889,3.37807777777778
"4310",430.9,24.6388255,-171.87948,3.37849
"4311",431,24.6596182178218,-171.861171428571,3.37632380952381
"4312",431.1,24.6752732,-171.98312631579,3.378
"4313",431.2,24.6769956435644,-171.826654545455,3.37784545454545
"4314",431.3,24.6795135,-171.885825242718,3.377
"4315",431.4,24.6801338,-172.039908045977,3.377
"4316",431.5,24.6829488,-171.860824074074,3.377
"4317",431.6,24.7015758,-171.809413043478,3.377
"4318",431.7,24.6845194,-171.89193,3.37683
"4319",431.8,24.675804,-171.89796969697,3.37582828282828
"4320",431.9,24.6818879,-171.82144,3.37554
"4321",432,24.7097672727273,-171.86288,3.37818
"4322",432.1,24.7464074,-171.83248,3.37882
"4323",432.2,24.7307594,-171.861455445545,3.37782178217822
"4324",432.3,24.7600668,-172.012219047619,3.377
"4325",432.4,24.7763622,-171.817808510638,3.377
"4326",432.5,24.7380116,-171.771591304348,3.377
"4327",432.6,24.7103017171717,-171.856694117647,3.377
"4328",432.7,24.7538068316832,-171.77896,3.37718
"4329",432.8,24.778071,-171.92878,3.37782
"4330",432.9,24.752235,-171.762217821782,3.37735643564356
"4331",433,24.7406666,-171.663444444444,3.37882828282828
"4332",433.1,24.7239814141414,-171.64086,3.37782
"4333",433.2,24.7295284158416,-171.73208,3.377
"4334",433.3,24.7135142424242,-171.805694915254,3.377
"4336",433.5,24.7297882,-171.829359223301,3.377
"4337",433.6,24.743146,-171.756865168539,3.377
"4338",433.7,24.7192315841584,-171.825118811881,3.37717821782178
"4339",433.8,24.7155718181818,-171.748828282828,3.378
"4340",433.9,24.7109076,-171.926257425743,3.37782178217822
"4341",434,24.7486544,-171.953028301887,3.377
"4342",434.1,24.7449802,-171.723333333333,3.377
"4343",434.2,24.712001,-171.60205882353,3.377
"4344",434.3,24.7251708080808,-171.889404040404,3.377
"4345",434.4,24.7126717,-171.701171717172,3.377
"4346",434.5,24.6850589,-171.745683168317,3.377
"4347",434.6,24.6937867,-171.61133,3.377
"4348",434.7,24.7000179,-171.764424242424,3.377
"4349",434.8,24.7105887,-171.552125,3.377
"4350",434.9,24.6901506930693,-171.78895505618,3.37706741573034
"4351",435,24.6988592,-171.722181818182,3.37782828282828
"4352",435.1,24.7096746534653,-171.687643564356,3.377
"4353",435.2,24.7045645,-171.726585858586,3.377
"4354",435.3,24.6984318181818,-171.536192307692,3.377
"4355",435.4,24.7225876,-171.62075,3.377
"4356",435.5,24.7107916,-171.731670588235,3.37702352941176
"4357",435.6,24.7082856,-171.49059,3.37766
"4358",435.7,24.726856,-171.58223,3.37617
"4359",435.8,24.6998904,-171.53421,3.377
"4360",435.9,24.7283664,-171.64398,3.37683
"4361",436,24.699152020202,-171.688467889908,3.37615596330275
"4362",436.1,24.7156762,-171.513241758242,3.377
"4363",436.2,24.7292288,-171.540909090909,3.377
"4364",436.3,24.7178497029703,-171.459485148515,3.377
"4365",436.4,24.7059718,-171.883070707071,3.377
"4366",436.5,24.7027061616162,-171.72632,3.37682
"4367",436.6,24.698216039604,-171.528712871287,3.37706930693069
"4368",436.7,24.7268282,-171.311535714286,3.38139285714286
"4369",436.8,24.69436,-171.47508045977,3.37805747126437
"4370",436.9,24.6820626,-171.55874,3.37864
"4371",437,24.7163177777778,-171.587415841584,3.377
"4372",437.1,24.6911871287129,-171.395,3.377
"4373",437.2,24.6945549494949,-171.50324742268,3.377
"4374",437.3,24.711401,-171.399415841584,3.377
"4375",437.4,24.6850114,-171.65025,3.37717
"4376",437.5,24.6590285,-171.85166,3.37851
"4377",437.6,24.6934651485148,-171.521777777778,3.38031313131313
"4378",437.7,24.6956575757576,-171.507564356436,3.377
"4379",437.8,24.6801621,-171.38503,3.377
"4380",437.9,24.7085576,-171.5289,3.37717
"4381",438,24.6984613,-171.60349,3.37783
"4382",438.1,24.6680054,-171.68296969697,3.377
"4383",438.2,24.6998016161616,-171.669267326733,3.377
"4384",438.3,24.6923041584158,-171.606333333333,3.377
"4385",438.4,24.6977047,-171.5123,3.37718
"4386",438.5,24.6891197,-171.553826086956,3.378
"4387",438.6,24.7235051,-171.414247058823,3.378
"4388",438.7,24.7132062626263,-171.70800990099,3.378
"4389",438.8,24.7164334653465,-171.538747474747,3.37782828282828
"4390",438.9,24.7350087878788,-171.642732673267,3.377
"4391",439,24.703208019802,-171.636121212121,3.377
"4392",439.1,24.7094962,-171.403027027027,3.377
"4393",439.2,24.7178093,-171.379857142857,3.377
"4394",439.3,24.7053577227723,-171.538288,3.377
"4395",439.4,24.7170788888889,-171.441488,3.377
"4396",439.5,24.7045243,-171.374041666667,3.3765625
"4397",439.6,24.7316084,-171.272743119266,3.37449541284404
"4398",439.7,24.681287,-171.353175257732,3.377
"4399",439.8,24.7091433,-171.634631578947,3.37687368421053
"4400",439.9,24.7128939393939,-171.46501,3.37617
"4401",440,24.7353388118812,-171.462752380952,3.377
"4402",440.1,24.735682020202,-171.638726315789,3.377
"4403",440.2,24.7334204,-171.532644230769,3.377
"4404",440.3,24.7163584,-171.49296875,3.37713541666667
"4405",440.4,24.7009757575758,-171.4766,3.37753636363636
"4406",440.5,24.6994333333333,-171.443125,3.37514583333333
"4407",440.6,24.7359039393939,-171.29752688172,3.377
"4408",440.7,24.7280672,-171.571564356436,3.37682178217822
"4409",440.8,24.7452824,-171.363212121212,3.37617171717172
"4410",440.9,24.7414212121212,-171.50034,3.377
"4411",441,24.7500648514852,-171.5822,3.377
"4412",441.1,24.74467,-171.49322,3.377
"4413",441.2,24.7525685148515,-171.367247524753,3.377
"4414",441.3,24.7523008,-171.57967,3.377
"4415",441.4,24.739488,-171.3951,3.377
"4416",441.5,24.7527889108911,-171.494576576577,3.377
"4417",441.6,24.7928867,-171.457168539326,3.37706741573034
"4418",441.7,24.7475043,-171.57992,3.37783
"4419",441.8,24.7337256565657,-171.566900990099,3.377
"4420",441.9,24.763904,-171.566898989899,3.377
"4421",442,24.764972,-171.448237623762,3.377
"4422",442.1,24.7424972,-171.684769230769,3.377
"4423",442.2,24.7321068,-171.398452631579,3.377
"4424",442.3,24.7081366666667,-171.4027,3.377
"4425",442.4,24.7310175247525,-171.558528846154,3.37618269230769
"4426",442.5,24.7379481818182,-171.454694736842,3.37268421052632
"4427",442.6,24.6936635,-171.41238,3.37664
"4428",442.7,24.7065518811881,-171.48004950495,3.37535643564357
"4429",442.8,24.7278709090909,-171.416919191919,3.377
"4430",442.9,24.7607047524752,-171.28194,3.377
"4431",443,24.741352,-171.3662,3.377
"4432",443.1,24.7414384,-171.41624,3.377
"4433",443.2,24.7295188118812,-171.339457943925,3.377
"4434",443.3,24.7111248484849,-171.473946236559,3.377
"4435",443.4,24.7152823762376,-171.328584158416,3.37717821782178
"4436",443.5,24.7228518181818,-171.367571428571,3.37771428571429
"4437",443.6,24.7297602970297,-171.282697478992,3.37603361344538
"4438",443.7,24.7437975757576,-171.25064,3.37617
"4439",443.8,24.7639033663366,-171.45169,3.377
"4440",443.9,24.7557924752475,-171.24711,3.377
"4441",444,24.7323624242424,-171.26428,3.377
"4442",444.1,24.7285477227723,-171.39609,3.377
"4443",444.2,24.7451262626263,-171.30352,3.377
"4444",444.3,24.7337592929293,-171.30019,3.37717
"4445",444.4,24.789374,-171.074858585859,3.37765656565657
"4446",444.5,24.7947224,-171.157461538462,3.37615384615385
"4447",444.6,24.797946,-171.139547619048,3.377
"4448",444.7,24.7900306060606,-171.268,3.377
"4449",444.8,24.791768,-171.269341176471,3.377
"4450",444.9,24.7959115,-171.344571428571,3.377
"4451",445,24.8052355,-171.491315789474,3.37686315789474
"4452",445.1,24.7592204950495,-171.23101980198,3.37617821782178
"4453",445.2,24.7517887878788,-171.19265,3.37717
"4454",445.3,24.7486933333333,-171.23833,3.37783
"4455",445.4,24.7773771,-171.269555555556,3.37684259259259
"4456",445.5,24.7809083,-171.24663,3.376
"4457",445.6,24.7856871,-171.50621978022,3.376
"4458",445.7,24.7654639,-171.292647058823,3.37617647058824
"4459",445.8,24.7819413,-171.15396969697,3.377
"4460",445.9,24.7804586868687,-171.257316831683,3.377
"4461",446,24.7792996,-171.286131313131,3.377
"4462",446.1,24.7987430693069,-171.061346534653,3.377
"4463",446.2,24.7748169,-171.15856,3.3762
"4464",446.3,24.7317851515152,-171.233,3.37275471698113
"4465",446.4,24.7385645454545,-171.418957446809,3.377
"4466",446.5,24.755153,-171.09132,3.377
"4467",446.6,24.7644655,-171.12772,3.377
"4468",446.7,24.7472505,-171.258121212121,3.377
"4469",446.8,24.7536866336634,-170.98679,3.377
"4470",446.9,24.7240481818182,-170.984920792079,3.377
"4471",447,24.720742,-171.04036,3.377
"4472",447.1,24.680792,-171.08512,3.37716
"4473",447.2,24.68591,-170.98668,3.37736
"4474",447.3,24.6986907920792,-170.89712,3.37448
"4475",447.4,24.6871912,-170.99996,3.377
"4476",447.5,24.685124,-171.1056,3.377
"4477",447.6,24.707396,-171.296212121212,3.377
"4478",447.7,24.7235984,-171.242127118644,3.377
"4479",447.8,24.7286436,-171.131110169492,3.377
"4480",447.9,24.7321184,-171.232342857143,3.377
"4481",448,24.712016,-170.978336734694,3.37688775510204
"4482",448.1,24.7018388,-171.227927835052,3.37626804123711
"4483",448.2,24.693353030303,-171.12148,3.37752
"4484",448.3,24.7027855,-171.04768,3.37532
"4485",448.4,24.7356795,-171.07216,3.37732
"4486",448.5,24.7202995,-170.973293577982,3.37870642201835
"4487",448.6,24.698226,-170.888922222222,3.377
"4488",448.7,24.722926969697,-170.98205,3.377
"4489",448.8,24.6931902,-171.043405940594,3.377
"4490",448.9,24.7111726,-171.07728,3.377
"4491",449,24.6896187128713,-171.074066666667,3.377
"4492",449.1,24.705131,-171.143233333333,3.377
"4493",449.2,24.6844335,-171.036747474747,3.38286868686868
"4494",449.3,24.667019,-171.018514851485,3.377
"4495",449.4,24.6944415,-170.892585858586,3.37716161616162
"4496",449.5,24.7378465,-171.056669642857,3.37784821428571
"4497",449.6,24.7203635,-170.967,3.377
"4498",449.7,24.736473,-170.892815789474,3.377
"4499",449.8,24.7114505,-170.854083333333,3.377
"4500",449.9,24.6999863636364,-170.98212,3.377
"4501",450,24.74365,-170.752059405941,3.37716831683168
"4502",450.1,24.7052554,-170.71544,3.37848
"4503",450.2,24.6908884,-170.7902,3.38036
"4504",450.3,24.677505,-170.77256,3.37716
"4505",450.4,24.6681956565657,-171.083,3.37784
"4506",450.5,24.6880733663366,-170.79952,3.377
"4507",450.6,24.7244654,-170.94756,3.377
"4508",450.7,24.7055130693069,-170.8555,3.377
"4509",450.8,24.694946,-170.852375,3.377
"4510",450.9,24.7583613131313,-170.867186915888,3.37614953271028
"4511",451,24.823485049505,-171.049619565217,3.37719565217391
"4512",451.1,24.8291177777778,-170.834673267327,3.37866336633663
"4513",451.2,24.8388172,-170.868707070707,3.377
"4514",451.3,24.8232828,-171.00556,3.37717
"4515",451.4,24.8369834,-170.888257425743,3.37783168316832
"4516",451.5,24.8529446534654,-170.841215686274,3.377
"4517",451.6,24.8395736363636,-170.830857142857,3.377
"4518",451.7,24.8190066336634,-171.03744,3.377
"4519",451.8,24.82029,-170.92599009901,3.377
"4520",451.9,24.8403735,-170.764801980198,3.377
"4521",452,24.802572,-170.922794871795,3.37676068376068
"4522",452.1,24.7468414141414,-171.035615384615,3.37505128205128
"4523",452.2,24.7636893069307,-170.76298245614,3.37675438596491
"4525",452.4,24.7587942,-170.854677419355,3.37608602150538
"4526",452.5,24.7569684,-170.886224489796,3.377
"4527",452.6,24.7368958585859,-170.717129032258,3.377
"4528",452.7,24.7612796039604,-170.659064516129,3.377
"4529",452.8,24.7696698989899,-170.859060606061,3.37683838383838
"4530",452.9,24.7486147524752,-170.676940594059,3.376
"4531",453,24.7319204,-170.648660377358,3.37584905660377
"4532",453.1,24.7680486,-170.676709677419,3.37521505376344
"4533",453.2,24.767996039604,-170.811297029703,3.37649504950495
"4534",453.3,24.7811181818182,-170.728070707071,3.37448484848485
"4535",453.4,24.79894,-170.8305,3.377
"4536",453.5,24.7730205,-170.773412844037,3.377
"4537",453.6,24.7558405,-170.334819672131,3.377
"4538",453.7,24.778044,-170.815147540984,3.377
"4539",453.8,24.7769309090909,-170.784697247706,3.377
"4540",453.9,24.7862918811881,-170.599666666667,3.37686666666667
"4541",454,24.7762401010101,-170.880940594059,3.37515841584158
"4542",454.1,24.7786502,-170.631061946903,3.376
"4543",454.2,24.7338488,-170.739471264368,3.376
"4544",454.3,24.7808545454545,-170.854727272727,3.37615151515152
"4545",454.4,24.7890972277228,-170.69272,3.377
"4546",454.5,24.7855991919192,-170.759,3.377
"4547",454.6,24.7899885148515,-170.606,3.37685714285714
"4548",454.7,24.798219,-170.69475862069,3.376
"4549",454.8,24.8007851515152,-170.700811881188,3.37616831683168
"4550",454.9,24.80447,-170.81432,3.37684
"4551",455,24.7798293939394,-170.591464646465,3.37616161616162
"4552",455.1,24.8084684158416,-170.649857142857,3.37685714285714
"4553",455.2,24.7977148484848,-170.796075630252,3.37601680672269
"4554",455.3,24.8201385,-170.679137614679,3.377
"4555",455.4,24.8366415841584,-170.629923076923,3.377
"4556",455.5,24.8124222222222,-170.73844,3.37684
"4557",455.6,24.8142755882353,-170.432454545455,3.376
"4558",455.7,24.8050370707071,-170.430666666667,3.37616666666667
"4559",455.8,24.826914,-170.403816513761,3.3775504587156
"4560",455.9,24.8195098,-170.536971428571,3.38077142857143
"4561",456,24.8049434,-170.683569767442,3.377
"4562",456.1,24.8032656,-170.57955,3.37745
"4563",456.2,24.7869639393939,-170.673090909091,3.37939393939394
"4564",456.3,24.75752,-170.639366336634,3.37615841584158
"4565",456.4,24.7556036363636,-170.644787878788,3.37684848484849
"4566",456.5,24.7340634,-170.662950495049,3.37615841584158
"4567",456.6,24.7517309,-170.525878787879,3.377
"4568",456.7,24.74036,-170.68008,3.37684
"4569",456.8,24.7398324752475,-170.650318584071,3.37585840707965
"4570",456.9,24.7430776,-170.531655172414,3.37506896551724
"4571",457,24.727609,-170.5028,3.37684
"4572",457.1,24.7335596039604,-170.3294,3.37584
"4573",457.2,24.7359076767677,-170.684121212121,3.37532323232323
"4574",457.3,24.7398811764706,-170.502166666667,3.377
"4575",457.4,24.7415703030303,-170.545878787879,3.37684848484849
"4576",457.5,24.7181502,-170.67224,3.376
"4577",457.6,24.7443498,-170.68828,3.37616
"4578",457.7,24.7281098,-170.813080808081,3.377
"4579",457.8,24.7020434,-170.76554,3.37768
"4580",457.9,24.7251937373737,-170.70612,3.38032
"4581",458,24.7475287,-170.562,3.37733333333333
"4582",458.1,24.7399157,-170.552757575758,3.37854545454545
"4583",458.2,24.7507762,-170.701396039604,3.376
"4584",458.3,24.7640792,-170.60495,3.37615
"4585",458.4,24.7697093939394,-170.730887755102,3.37684693877551
"4586",458.5,24.7936440594059,-170.514605769231,3.376
"4587",458.6,24.8123598,-170.466875,3.376
"4588",458.7,24.7680776,-170.364806451613,3.3761935483871
"4589",458.8,24.7789115,-170.66696039604,3.37752475247525
"4590",458.9,24.7690736363636,-170.380889908257,3.3752752293578
"4591",459,24.7689008910891,-170.564280898876,3.37693258426966
"4592",459.1,24.7831203030303,-170.261613861386,3.37616831683168
"4593",459.2,24.8174008910891,-170.333099009901,3.377
"4594",459.3,24.7629765,-170.41415,3.37685
"4595",459.4,24.7637174,-170.44,3.37615
"4596",459.5,24.804455049505,-170.377415841584,3.377
"4597",459.6,24.8168173737374,-170.336428571429,3.37714285714286
"4598",459.7,24.8004505940594,-170.455574257426,3.378
"4599",459.8,24.7907205050505,-170.317424778761,3.37786725663717
"4600",459.9,24.7851721,-170.571413043478,3.377
"4601",460,24.785022,-170.40637254902,3.377
"4602",460.1,24.7856133,-170.349757894737,3.37691578947368
"4603",460.2,24.7880564,-170.121525773196,3.376
"4604",460.3,24.7645596969697,-170.292831683168,3.37615841584158
"4605",460.4,24.7757372,-170.368112068966,3.377
"4606",460.5,24.7298556,-170.415525862069,3.377
"4607",460.6,24.738818,-170.435363636364,3.37584848484849
"4608",460.7,24.7669466336634,-170.43852,3.37532
"4609",460.8,24.7581793939394,-170.258626262626,3.377
"4610",460.9,24.7266855445544,-170.241643564356,3.37666336633663
"4611",461,24.7565245,-170.386408163265,3.37532653061225
"4612",461.1,24.7577772,-170.349821428571,3.37683928571429
"4613",461.2,24.7282401980198,-170.47,3.37606666666667
"4614",461.3,24.7314232,-170.443434343434,3.37683838383838
"4615",461.4,24.7409904,-170.296287128713,3.376
"4616",461.5,24.7473175757576,-170.58836,3.37616
"4617",461.6,24.7306787,-170.438303030303,3.37635353535354
"4618",461.7,24.7390246,-170.215603960396,3.37367326732673
"4619",461.8,24.7415735,-170.21168,3.37684
"4620",461.9,24.7179155,-170.307868686869,3.37632323232323
"4621",462,24.7053348484848,-170.115541284404,3.3776880733945
"4622",462.1,24.715574,-170.435130434783,3.37608695652174
"4623",462.2,24.7383392,-170.269547008547,3.37686324786325
"4624",462.3,24.7261292,-170.472965811966,3.37600854700855
"4625",462.4,24.7742997029703,-170.558688172043,3.377
"4626",462.5,24.7355924242424,-170.5164,3.377
"4627",462.6,24.7317468,-170.216485148515,3.37733663366337
"4628",462.7,24.7421748,-170.313848484849,3.37851515151515
"4629",462.8,24.7524981188119,-170.434878787879,3.37651515151515
"4630",462.9,24.7225435,-170.469732673267,3.37864356435644
"4631",463,24.7183572,-170.309831683168,3.37683168316832
"4632",463.1,24.7149326,-170.189646464646,3.376
"4633",463.2,24.7237799,-170.40885,3.376
"4634",463.3,24.7306523,-170.261666666667,3.37616666666667
"4635",463.4,24.7166541584158,-170.33696969697,3.37684848484849
"4636",463.5,24.7075276,-170.34336,3.37552
"4637",463.6,24.7318946,-170.320009009009,3.37343243243243
"4638",463.7,24.7305238383838,-170.317011235955,3.37611235955056
"4639",463.8,24.6961993939394,-170.19304,3.37768
"4640",463.9,24.7337408,-170.301330434783,3.376
"4641",464,24.7600116,-170.096784946237,3.376
"4642",464.1,24.7653972,-170.40956,3.376
"4643",464.2,24.7421308,-170.016769230769,3.37608791208791
"4644",464.3,24.7516833333333,-170.189524752475,3.377
"4645",464.4,24.7303625,-170.26984,3.377
"4646",464.5,24.7096944,-170.221848484849,3.37732323232323
"4647",464.6,24.7507122772277,-170.419732673267,3.37849504950495
"4648",464.7,24.7690976,-170.390297297297,3.37628828828829
"4649",464.8,24.8283846534653,-170.047488636364,3.37788636363636
"4650",464.9,24.8315134,-170.499801980198,3.376
"4651",465,24.8128489,-170.28096,3.376
"4652",465.1,24.8018417821782,-170.14612,3.376
"4653",465.2,24.7783722,-170.38848,3.376
"4654",465.3,24.7678986868687,-170.300188118812,3.376
"4655",465.4,24.7936473,-170.290666666667,3.37706060606061
"4656",465.5,24.8091357575758,-170.440849557522,3.38172566371681
"4657",465.6,24.7916416,-170.445896551724,3.37406896551724
"4658",465.7,24.7705776,-170.434434343434,3.37648484848485
"4659",465.8,24.7790336,-170.410796116505,3.37850485436893
"4660",465.9,24.8061204,-170.502807692308,3.376
"4661",466,24.7715566666667,-170.431191489362,3.37610638297872
"4662",466.1,24.7876883,-170.5476,3.37684
"4663",466.2,24.7891664,-170.5458,3.37616
"4664",466.3,24.7764995049505,-170.35432,3.37684
"4665",466.4,24.7763412,-170.25428,3.37632
"4666",466.5,24.7744611111111,-170.5208,3.37768
"4667",466.6,24.7803499,-170.63632,3.37632
"4668",466.7,24.7648675,-170.39636,3.37768
"4669",466.8,24.8116053,-170.157171717172,3.376
"4670",466.9,24.7804992,-170.342736363636,3.376
"4671",467,24.7687989,-170.302239130435,3.376
"4672",467.1,24.7906634653465,-170.32996969697,3.376
"4673",467.2,24.7856855555556,-170.511949494949,3.376
"4674",467.3,24.7875702970297,-170.400833333333,3.37583333333333
"4675",467.4,24.81304,-170.4809,3.37515
"4676",467.5,24.7933776,-170.394571428571,3.376
"4677",467.6,24.8017932,-170.351125,3.37603409090909
"4678",467.7,24.7775122222222,-170.28735,3.377
"4679",467.8,24.7913398019802,-170.19685,3.37685
"4680",467.9,24.7758622222222,-170.05903030303,3.376
"4681",468,24.7584744,-170.244,3.376
"4682",468.1,24.7748806,-170.281137614679,3.376
"4683",468.2,24.7489476767677,-170.492411111111,3.37607777777778
"4684",468.3,24.7405671287129,-170.424981981982,3.37669369369369
"4685",468.4,24.7384916161616,-170.347404494382,3.37506741573034
"4686",468.5,24.7713181188119,-170.287168316832,3.37616831683168
"4687",468.6,24.8079329,-170.343471698113,3.377
"4688",468.7,24.7820204,-170.200127659574,3.37689361702128
"4689",468.8,24.7325334653465,-170.30363963964,3.376
"4690",468.9,24.7026,-170.074505617978,3.376
"4691",469,24.7142438,-170.23132,3.376
"4692",469.1,24.7322569,-170.17152,3.376
"4693",469.2,24.7246925,-170.414091743119,3.37585321100917
"4694",469.3,24.706244,-170.471033333333,3.37554444444444
"4695",469.4,24.7349363636364,-170.162207920792,3.3809900990099
"4696",469.5,24.7654089108911,-170.113574257426,3.376
"4697",469.6,24.7132452,-170.197428571429,3.376
"4698",469.7,24.7180579,-170.269188118812,3.376
"4699",469.8,24.7509259,-170.389494949495,3.376
"4700",469.9,24.7388888888889,-170.129425742574,3.376
"4701",470,24.7448257425743,-170.341414141414,3.376
"4702",470.1,24.72886,-170.32497029703,3.37583168316832
"4703",470.2,24.6995055445544,-170.319696969697,3.37564646464647
"4704",470.3,24.7509206,-170.34875,3.37866
"4705",470.4,24.7561527272727,-170.275465346535,3.37666336633663
"4706",470.5,24.7062037623762,-170.382594059406,3.37484158415842
"4707",470.6,24.7391091919192,-170.142663265306,3.37430612244898
"4708",470.7,24.7562593069307,-170.1607,3.376
"4709",470.8,24.7628633333333,-170.46564,3.376
"4710",470.9,24.73265,-170.290836363636,3.376
"4711",471,24.7546616831683,-170.262285714286,3.376
"4712",471.1,24.7459033333333,-170.074181818182,3.37590909090909
"4713",471.2,24.7515758823529,-170.325680851064,3.37489361702128
"4714",471.3,24.7560655555556,-170.036267326733,3.37431683168317
"4715",471.4,24.7687475,-170.303606060606,3.37584848484849
"4716",471.5,24.7570079,-170.34252,3.375
"4717",471.6,24.7616,-170.31624,3.37516
"4718",471.7,24.7780633663366,-170.021909090909,3.376
"4719",471.8,24.8087217171717,-170.303673267327,3.376
"4720",471.9,24.765816,-170.351080808081,3.376
"4721",472,24.761698,-170.177105263158,3.376
"4722",472.1,24.789413,-170.366296703297,3.37596703296703
"4723",472.2,24.808914,-170.36625,3.37525
"4724",472.3,24.7884218181818,-170.303545454545,3.377
"4725",472.4,24.7698730693069,-170.285831460674,3.37673033707865
"4726",472.5,24.739766,-170.17175,3.37351
"4727",472.6,24.737124,-170.23757,3.376
"4728",472.7,24.7265314851485,-170.22200990099,3.376
"4729",472.8,24.7755061,-170.06902020202,3.376
"4730",472.9,24.7802248,-170.13652173913,3.376
"4731",473,24.8010044444444,-170.223858823529,3.37602352941176
"4732",473.1,24.778223,-170.142574257426,3.37733663366337
"4733",473.2,24.787814,-170.17402020202,3.37867676767677
"4734",473.3,24.822382,-170.134742857143,3.37667619047619
"4735",473.4,24.7779155445545,-170.088463157895,3.37512631578947
"4736",473.5,24.7786735353535,-170.075819047619,3.376
"4737",473.6,24.76322,-170.125235294118,3.376
"4738",473.7,24.8031778787879,-170.038368421053,3.376
"4739",473.8,24.80024,-170.040757575758,3.376
"4740",473.9,24.767503,-169.98995049505,3.376
"4741",474,24.809122,-169.986363636364,3.37645454545455
"4742",474.1,24.8324964356436,-169.93864,3.37868
"4743",474.2,24.7936651515151,-169.98696,3.37684
"4744",474.3,24.782426,-170.20303960396,3.37615841584158
"4745",474.4,24.801688,-170.050484848485,3.37684848484849
"4746",474.5,24.795621,-169.82264,3.376
"4747",474.6,24.829116,-169.946768,3.376
"4748",474.7,24.809864,-169.651568,3.376
"4749",474.8,24.807849,-169.951151515152,3.376
"4750",474.9,24.788866,-169.777861386139,3.376
"4751",475,24.789369,-169.914357142857,3.376
"4752",475.1,24.7779154455446,-170.038613861386,3.376
"4753",475.2,24.7576743,-170.103111111111,3.37616161616162
"4754",475.3,24.7807239,-170.123607142857,3.377
"4755",475.4,24.7576993939394,-170.017055555556,3.37694444444444
"4756",475.5,24.77897,-169.79855,3.376
"4757",475.6,24.74566,-169.990051020408,3.376
"4758",475.7,24.754017,-169.9282,3.376
"4759",475.8,24.769268,-169.91693,3.376
"4760",475.9,24.7490372727273,-170.015247524752,3.37583168316832
"4761",476,24.7438115,-169.954060606061,3.3759696969697
"4762",476.1,24.7569325,-169.847871287129,3.38015841584158
"4763",476.2,24.8065719,-169.79804,3.37584
"4764",476.3,24.7969251485149,-169.855455445545,3.37531683168317
"4765",476.4,24.792784,-169.7302,3.37685
"4766",476.5,24.795614,-169.675363636364,3.376
"4767",476.6,24.806175,-169.7462,3.376
"4768",476.7,24.803665,-169.919910891089,3.376
"4769",476.8,24.806869,-169.83115,3.376
"4770",476.9,24.803643,-169.667454545455,3.37630303030303
"4771",477,24.78074,-169.69688,3.378
"4772",477.1,24.8243581818182,-169.734151515151,3.37767676767677
"4773",477.2,24.8507463,-169.957413793103,3.37614655172414
"4774",477.3,24.8339701980198,-169.954647058824,3.37698823529412
"4775",477.4,24.805142,-169.95604,3.376
"4776",477.5,24.846765,-169.671162393162,3.376
"4777",477.6,24.8336472727273,-169.628427350427,3.376
"4778",477.7,24.8101001,-169.60204,3.376
"4779",477.8,24.8385442,-169.60192,3.37584
"4780",477.9,24.8233791,-169.73256,3.375
"4781",478,24.8168768316832,-169.697846153846,3.37515384615385
"4782",478.1,24.823551,-169.64075,3.376125
"4783",478.2,24.8208045454545,-169.522226415094,3.37684905660377
"4784",478.3,24.8261011,-169.758070707071,3.376
"4785",478.4,24.8148027,-169.638787234043,3.376
"4786",478.5,24.8015907,-169.626861386139,3.376
"4787",478.6,24.7936569,-169.729525252525,3.376
"4788",478.7,24.8008342,-169.77,3.376
"4789",478.8,24.837072970297,-169.814701754386,3.37628070175439
"4790",478.9,24.8108245454546,-169.579552941177,3.37795294117647
"4791",479,24.8073054455446,-169.8255,3.376
"4792",479.1,24.806818,-169.855476635514,3.376
"4793",479.2,24.799525,-169.589318681319,3.376
"4794",479.3,24.787938,-169.7995,3.376
"4795",479.4,24.8250854545454,-169.591090909091,3.376
"4796",479.5,24.8273821,-169.891090909091,3.376
"4797",479.6,24.8147175,-169.852380530973,3.376
"4798",479.7,24.846786,-169.723409090909,3.376
"4799",479.8,24.8153271,-169.821132075472,3.37645283018868
"4800",479.9,24.8411478787879,-169.821935483871,3.37867741935484
"4801",480,24.8367924,-169.619801980198,3.37633663366337
"4802",480.1,24.8059036,-169.7936,3.37752
"4803",480.2,24.8136632673267,-169.889415841584,3.37515841584158
"4804",480.3,24.7908107,-169.784939393939,3.376
"4805",480.4,24.7936916,-169.67548,3.376
"4806",480.5,24.7829205940594,-169.474316831683,3.376
"4807",480.6,24.8038709090909,-169.732891891892,3.376
"4808",480.7,24.8310877,-169.749404494382,3.37586516853933
"4809",480.8,24.8221759,-169.806333333333,3.37421212121212
"4810",480.9,24.8221602,-169.626709401709,3.38031623931624
"4811",481,24.8164096,-169.787393162393,3.37604273504273
"4812",481.1,24.7885667676768,-169.66972,3.37516
"4813",481.2,24.7971462376238,-169.596862745098,3.376
"4814",481.3,24.7897752,-169.611428571428,3.376
"4815",481.4,24.7718775,-169.83744,3.37584
"4816",481.5,24.7858602,-169.997722772277,3.37515841584158
"4817",481.6,24.8250876767677,-169.791818181818,3.376
"4818",481.7,24.7979398019802,-169.7308,3.37572173913043
"4819",481.8,24.7870181818182,-169.808094117647,3.37401176470588
"4820",481.9,24.8100396039604,-169.638571428571,3.37514285714286
"4821",482,24.8175288,-169.584786516854,3.376
"4822",482.1,24.8395766666667,-169.61835,3.37585
"4823",482.2,24.8711195049505,-169.5153,3.37515
"4824",482.3,24.8352760606061,-169.736059322034,3.376
"4825",482.4,24.8348759405941,-169.609788135593,3.376
"4826",482.5,24.8310428282828,-169.4111,3.376
"4827",482.6,24.8328052,-169.531859649123,3.37587719298246
"4829",482.8,24.7758891919192,-169.574693069307,3.37331683168317
"4830",482.9,24.8113994117647,-169.669921052632,3.37486842105263
"4831",483,24.8313472727273,-169.645069767442,3.37403488372093
"4832",483.1,24.8298833,-169.780678899083,3.3768623853211
"4833",483.2,24.8233829,-169.533733333333,3.376
"4834",483.3,24.8201227272727,-169.618435643564,3.376
"4835",483.4,24.8276599009901,-169.625726415094,3.376
"4836",483.5,24.8368122222222,-169.553322580645,3.376
"4837",483.6,24.810686,-169.755114285714,3.376
"4838",483.7,24.8530068,-169.5034375,3.376
"4839",483.8,24.8278217171717,-169.454242424242,3.376
"4840",483.9,24.8103432673267,-169.52824,3.376
"4841",484,24.8254784848485,-169.637872727273,3.376
"4842",484.1,24.825625049505,-169.608,3.376
"4843",484.2,24.83818,-169.746529411765,3.37585294117647
"4844",484.3,24.7789832,-169.543777777778,3.37513131313131
"4845",484.4,24.7487633663366,-169.424636363636,3.37587272727273
"4846",484.5,24.7520649494949,-169.530636363636,3.37504545454545
"4847",484.6,24.7788636,-169.657142857143,3.37657142857143
"4848",484.7,24.8288152,-169.706375,3.37979166666667
"4849",484.8,24.78581,-169.719342857143,3.37507619047619
"4850",484.9,24.7344772,-169.764231578947,3.37603157894737
"4851",485,24.7509073737374,-169.525741935484,3.37691397849462
"4852",485.1,24.7633838235294,-169.547,3.376
"4853",485.2,24.7151161616162,-169.684363636364,3.376
"4854",485.3,24.7418392,-169.728509090909,3.376
"4855",485.4,24.7654516,-169.917733333333,3.376
"4856",485.5,24.7727156565657,-169.573504950495,3.376
"4857",485.6,24.7593089108911,-169.5847,3.37615
"4858",485.7,24.7937676767677,-169.39965,3.37685
"4859",485.8,24.7900444,-169.593606060606,3.37615151515152
"4860",485.9,24.7377032,-169.461554455446,3.37684158415842
"4861",486,24.7645086,-169.341722222222,3.376
"4862",486.1,24.7603565,-169.370615384615,3.376
"4863",486.2,24.7820209090909,-169.33896,3.376
"4864",486.3,24.7554803921569,-169.230866666667,3.376
"4865",486.4,24.7881715151515,-169.442533333333,3.376
"4866",486.5,24.7578436,-169.4386,3.376
"4867",486.6,24.7932874257426,-169.385247524752,3.37584158415842
"4868",486.7,24.8352457575758,-169.55545,3.37515
"4869",486.8,24.785025,-169.190763157895,3.37534210526316
"4870",486.9,24.7930428282828,-169.014151162791,3.37105813953488
"4871",487,24.7899864,-169.297,3.376
"4872",487.1,24.7670524,-169.4012,3.376
"4873",487.2,24.7755504,-169.487638888889,3.376
"4874",487.3,24.7665516,-169.343279569892,3.376
"4875",487.4,24.7720091919192,-169.267626262626,3.376
"4876",487.5,24.7677656,-169.232727272727,3.37569696969697
"4877",487.6,24.8028988,-169.282732673267,3.37415841584158
"4878",487.7,24.8183668,-169.603575757576,3.375
"4879",487.8,24.8048499,-169.500574257426,3.37515841584158
"4880",487.9,24.7920739393939,-169.313151515152,3.376
"4881",488,24.7940655445545,-169.2596,3.376
"4882",488.1,24.7506995,-169.25808,3.376
"4883",488.2,24.7755432,-169.2356,3.376
"4884",488.3,24.7808091089109,-169.394921568627,3.3758431372549
"4885",488.4,24.8023422222222,-169.39875,3.375125
"4886",488.5,24.7655905940594,-169.276298850575,3.376
"4887",488.6,24.776628989899,-169.224,3.376
"4888",488.7,24.7957062,-169.357333333333,3.376
"4889",488.8,24.7784693,-169.339168316832,3.375
"4890",488.9,24.7984975757576,-169.27085,3.37515
"4891",489,24.8030870588235,-169.30105,3.376
"4892",489.1,24.8055252525252,-169.467863636364,3.37586363636364
"4893",489.2,24.7929304,-169.402555555556,3.37505555555556
"4894",489.3,24.8040228,-169.26862295082,3.37612295081967
"4895",489.4,24.7970808,-169.219442622951,3.37694262295082
"4896",489.5,24.7922399,-169.233517241379,3.37772413793103
"4898",489.7,24.7720003960396,-169.488727272727,3.37615151515152
"4899",489.8,24.7618936363636,-169.352435643564,3.37684158415842
"4900",489.9,24.758491,-169.299939393939,3.376
"4901",490,24.7921694,-169.35288,3.376
"4902",490.1,24.7658386,-169.401267326733,3.376
"4903",490.2,24.7841695049505,-169.5783,3.37585
"4904",490.3,24.7465066666667,-169.560675675676,3.375
"4905",490.4,24.7747952475248,-169.435136363636,3.37513636363636
"4906",490.5,24.7685898,-169.381857142857,3.37757142857143
"4907",490.6,24.7398268,-169.303696629213,3.37508988764045
"4908",490.7,24.76096,-169.4442,3.3767
"4909",490.8,24.7671975757576,-169.429285714286,3.37514285714286
"4910",490.9,24.7521151485149,-169.399210526316,3.376
"4911",491,24.7858522222222,-169.3807,3.376
"4912",491.1,24.7800105,-169.37055,3.37585
"4913",491.2,24.7582125,-169.4015,3.37514705882353
"4914",491.3,24.8044313,-169.329448979592,3.37639795918367
"4915",491.4,24.7859862376238,-169.517654205607,3.37871962616822
"4916",491.5,24.7674370707071,-169.501274509804,3.3768431372549
"4917",491.6,24.8103264,-169.601032967033,3.375
"4918",491.7,24.7993466,-169.294151515152,3.375
"4919",491.8,24.8003532,-169.2358,3.375
"4920",491.9,24.7570418,-169.252108910891,3.37515841584158
"4921",492,24.7654748484848,-169.4073,3.37585
"4922",492.1,24.7700179207921,-169.27815,3.37515
"4923",492.2,24.7676402,-169.2143,3.37585
"4924",492.3,24.7652638,-169.215727272727,3.375
"4925",492.4,24.7434124,-169.17532,3.37516
"4926",492.5,24.7122736363636,-169.443072727273,3.37629090909091
"4927",492.6,24.7379557425743,-169.287175824176,3.37786813186813
"4928",492.7,24.76357,-169.374842105263,3.376
"4929",492.8,24.724905,-169.189023255814,3.376
"4930",492.9,24.775436039604,-169.204787878788,3.376
"4931",493,24.7756793939394,-169.31416,3.376
"4932",493.1,24.8311512871287,-169.44387394958,3.37586554621849
"4933",493.2,24.7832481818182,-169.199336134454,3.37502521008403
"4934",493.3,24.8046026,-169.196732673267,3.37614851485149
"4935",493.4,24.7858008,-169.187514563107,3.3768640776699
"4936",493.5,24.794746,-169.23220212766,3.37576595744681
"4937",493.6,24.8208823762376,-169.104752475248,3.37433663366337
"4938",493.7,24.7691781818182,-169.050461538462,3.376
"4939",493.8,24.7838996,-169.008125,3.376
"4940",493.9,24.7572642,-169.27076,3.376
"4941",494,24.799435,-169.407895238095,3.376
"4942",494.1,24.8096942,-169.095817307692,3.376
"4943",494.2,24.8011084,-169.309695652174,3.37592391304348
"4944",494.3,24.802551,-169.06075,3.37515
"4945",494.4,24.8177012,-169.113272727273,3.376
"4946",494.5,24.8187258,-169.08897029703,3.37615841584158
"4947",494.6,24.7980034653465,-169.027071428571,3.37669387755102
"4948",494.7,24.7874483,-168.93776,3.375
"4949",494.8,24.7783256,-168.9305,3.37516666666667
"4950",494.9,24.8076942424242,-169.188373831776,3.376
"4951",495,24.7834698,-169.161484536082,3.3759175257732
"4952",495.1,24.7725598,-169.188541666667,3.37522916666667
"4953",495.2,24.79171,-169.247653061224,3.37669387755102
"4954",495.3,24.7602002970297,-169.138811881188,3.37516831683168
"4955",495.4,24.7625402,-169.232910891089,3.37568316831683
"4956",495.5,24.7757509090909,-169.32165,3.37445
"4957",495.6,24.7915636,-169.197424242424,3.37669696969697
"4958",495.7,24.8358822,-169.14636,3.375
"4959",495.8,24.8022062,-168.83308,3.37516
"4960",495.9,24.7719902,-168.97336,3.37584
"4961",496,24.7995756,-168.98124,3.375
"4962",496.1,24.8268018,-168.97016,3.37564
"4963",496.2,24.7961874,-169.19924,3.37804
"4964",496.3,24.7963578,-169.27004,3.37332
"4965",496.4,24.81154,-169.119929292929,3.37532323232323
"4966",496.5,24.780728,-169.054376146789,3.37684403669725
"4967",496.6,24.7884892929293,-169.227967032967,3.37591208791209
"4968",496.7,24.7705705,-169.128056603774,3.37516037735849
"4969",496.8,24.8067252475247,-168.999638297872,3.376
"4970",496.9,24.8000272,-169.08429,3.37583
"4971",497,24.7749262376238,-169.02741,3.375
"4972",497.1,24.7825767,-169.007524752475,3.37651485148515
"4973",497.2,24.7945721212121,-169.03328,3.38272
"4974",497.3,24.7769888,-169.08876,3.37568
"4975",497.4,24.7615132,-169.023212121212,3.37416161616162
"4976",497.5,24.8265034,-169.07249122807,3.375
"4977",497.6,24.8339342,-169.081174418605,3.375
"4978",497.7,24.8352034343434,-169.05421,3.375
"4979",497.8,24.8277728712871,-168.91787,3.37517
"4980",497.9,24.7665608080808,-169.00898,3.37583
"4981",498,24.8272555,-168.992666666667,3.37533333333333
"4982",498.1,24.831798,-168.981594059406,3.37685148514851
"4983",498.2,24.8292285,-169.246535353535,3.37585858585859
"4984",498.3,24.822091980198,-169.2698,3.37545
"4985",498.4,24.825372020202,-169.247121212121,3.37754545454546
"4986",498.5,24.8100407920792,-169.0198,3.375
"4987",498.6,24.7950916,-168.863745098039,3.375
"4988",498.7,24.781933,-169.246545454545,3.375
"4989",498.8,24.7741564,-169.263370786517,3.375
"4990",498.9,24.7725706060606,-169.194266055046,3.375
"4991",499,24.7821510891089,-168.87889010989,3.37526373626374
"4992",499.1,24.7817535353535,-169.2903,3.3784
"4993",499.2,24.78645,-168.937237623762,3.375
"4994",499.3,24.7915722,-169.138571428571,3.37528571428571
"4995",499.4,24.7675919191919,-169.117900990099,3.37668316831683
"4996",499.5,24.8011866336634,-169.15045,3.375
"4997",499.6,24.828732020202,-168.842633663366,3.375
"4998",499.7,24.816058,-169.123858585859,3.375
"4999",499.8,24.784369,-169.192575471698,3.375
"5000",499.9,24.8456015,-169.083178947368,3.375
"5001",500,24.7860689108911,-168.951232323232,3.37542424242424
"5002",500.1,24.8055335353535,-169.070058823529,3.37770588235294
"5003",500.2,24.7878275,-169.07096969697,3.37586868686869
"5004",500.3,24.81058,-169.0057,3.375
"5005",500.4,24.8091415,-169.042393939394,3.375
"5006",500.5,24.8572505,-168.9861,3.375
"5007",500.6,24.8598475757576,-169.058435643564,3.375
"5008",500.7,24.8304701980198,-169.192342342342,3.375
"5009",500.8,24.8240665,-169.076362637363,3.37503296703297
"5010",500.9,24.8357085148515,-169.24525,3.37625
"5011",501,24.8309892,-169.089633663366,3.37784158415842
"5012",501.1,24.8209361616162,-168.965028301887,3.37671698113208
"5013",501.2,24.8166858415842,-169.203531914894,3.37490425531915
"5014",501.3,24.7990457575758,-169.056529411765,3.37414705882353
"5015",501.4,24.833346,-169.103214285714,3.375
"5016",501.5,24.822242,-169.042038834951,3.375
"5017",501.6,24.8133938383838,-168.775428571429,3.375
"5018",501.7,24.8239331683168,-168.704699115044,3.37512389380531
"5019",501.8,24.7878146464647,-168.9408,3.37598888888889
"5020",501.9,24.8111159405941,-168.758494845361,3.37522680412371
"5021",502,24.8600827272727,-168.85395959596,3.37685858585859
"5022",502.1,24.7969252,-168.8296,3.3757
"5023",502.2,24.8147501980198,-169.017841584158,3.37414851485149
"5024",502.3,24.8087765656566,-168.92172,3.375
"5025",502.4,24.8175529411765,-168.979414141414,3.375
"5026",502.5,24.764502020202,-168.8396,3.375
"5027",502.6,24.801132,-168.9485,3.375
"5028",502.7,24.798384,-168.896393939394,3.375
"5029",502.8,24.7821815151515,-169.011455445545,3.375
"5030",502.9,24.8169159405941,-168.8913,3.37545
"5031",503,24.8340655555556,-168.876410714286,3.37773214285714
"5032",503.1,24.8114513861386,-168.988172413793,3.37593103448276
"5033",503.2,24.7734275,-168.967196078431,3.3743137254902
"5034",503.3,24.819037979798,-168.940805825243,3.376
"5035",503.4,24.7928578217822,-168.720231578947,3.37588421052632
"5036",503.5,24.8330268686869,-168.85512,3.375
"5037",503.6,24.8375079207921,-168.69497029703,3.375
"5038",503.7,24.8106853535353,-168.861848484848,3.375
"5039",503.8,24.822174,-169.101435643564,3.37547524752475
"5040",503.9,24.8226144554455,-169.002878787879,3.37784848484849
"5041",504,24.7970367676768,-168.814326732673,3.37684158415842
"5042",504.1,24.8214617821782,-168.913363636364,3.37569696969697
"5043",504.2,24.845637979798,-168.909727272727,3.37414545454545
"5044",504.3,24.8720352475248,-168.991304347826,3.375
"5045",504.4,24.8593019191919,-168.76698,3.375
"5046",504.5,24.85751,-168.880509090909,3.375
"5047",504.6,24.810343960396,-169.029269230769,3.375
"5049",504.8,24.8272682352941,-168.947027027027,3.37627027027027
"5050",504.9,24.7836831313131,-168.993466666667,3.37786666666667
"5051",505,24.8358095,-169.014111111111,3.37528282828283
"5052",505.1,24.80885,-168.908533980583,3.37685436893204
"5053",505.2,24.812163,-168.698278350515,3.37587628865979
"5054",505.3,24.7972105,-168.83835,3.375
"5055",505.4,24.789261010101,-168.76795,3.375
"5056",505.5,24.821792,-168.717089108911,3.37514851485149
"5057",505.6,24.7881968,-168.788561983471,3.376
"5058",505.7,24.810452,-169.049719008264,3.376
"5059",505.8,24.8228928,-168.6038,3.375
"5060",505.9,24.7959332,-168.80945,3.37515
"5061",506,24.7871964,-168.7682,3.37615
"5062",506.1,24.8378368,-168.78882300885,3.37673451327434
"5063",506.2,24.8546192,-168.662655172414,3.375
"5064",506.3,24.84275,-168.8934,3.375
"5065",506.4,24.837198,-168.84095,3.375
"5066",506.5,24.8000895,-168.876059405941,3.375
"5067",506.6,24.7812803030303,-168.989008264463,3.375
"5068",506.7,24.8013444,-168.810495867769,3.375
"5069",506.8,24.795586,-168.73886,3.37758
"5070",506.9,24.7975468,-168.65758,3.37514
"5071",507,24.7975259405941,-168.94186,3.376
"5072",507.1,24.8321326262626,-168.867727272727,3.37585858585859
"5073",507.2,24.7775932,-168.8919,3.375
"5074",507.3,24.80334,-168.660107142857,3.375
"5075",507.4,24.8308524,-169.09362244898,3.375
"5076",507.5,24.7990412,-168.654166666667,3.37505208333333
"5077",507.6,24.8214178787879,-168.402,3.376
"5078",507.7,24.799462,-168.755966101695,3.37623728813559
"5079",507.8,24.7799905,-168.827152542373,3.37793220338983
"5080",507.9,24.7649861,-168.78516,3.37572
"5081",508,24.7678477,-168.369672413793,3.374
"5082",508.1,24.8221342,-168.510189655172,3.374
"5083",508.2,24.7991623,-168.87496039604,3.375
"5084",508.3,24.8358032,-168.772465346535,3.375
"5085",508.4,24.8242433,-168.736282828283,3.375
"5086",508.5,24.7986492079208,-168.87512,3.37514
"5087",508.6,24.7806276,-168.576857142857,3.37628571428571
"5088",508.7,24.7908506930693,-168.804613861386,3.37752475247525
"5089",508.8,24.7746335,-168.769316831683,3.37514851485148
"5090",508.9,24.798545,-168.734285714286,3.37614285714286
"5091",509,24.8112785,-168.752257425743,3.37668316831683
"5092",509.1,24.7891275,-168.731787878788,3.375
"5093",509.2,24.806436,-168.683574257426,3.375
"5094",509.3,24.7892832323232,-168.73175,3.375
"5095",509.4,24.7995648484848,-168.5708,3.37515
"5096",509.5,24.7828283,-168.62665,3.37585
"5097",509.6,24.8259888,-168.776608695652,3.37486956521739
"5099",509.8,24.8270207,-168.852285714286,3.37585714285714
"5100",509.9,24.8466676,-168.732618181818,3.375
"5101",510,24.8400682178218,-168.926282608696,3.375
"5102",510.1,24.8364633333333,-168.76334,3.375
"5103",510.2,24.8577672277228,-168.63396,3.375
"5104",510.3,24.8428196,-168.759292929293,3.375
"5105",510.4,24.8421792,-168.925,3.375
"5106",510.5,24.8386952,-168.905264705882,3.375
"5107",510.6,24.8153451515151,-168.779989473684,3.37471578947368
"5108",510.7,24.8197416,-169.12382,3.37242
"5109",510.8,24.8197545,-169.0179,3.37472
"5110",510.9,24.8056321782178,-169.085202020202,3.37342424242424
"5111",511,24.8525796,-169.041391304348,3.37586956521739
"5113",511.2,24.8323165,-168.9771,3.375
"5114",511.3,24.8481947524752,-168.852861386139,3.375
"5115",511.4,24.8363516,-169.014616161616,3.375
"5116",511.5,24.8368956,-168.84275,3.3747
"5117",511.6,24.8585448484849,-168.982108910891,3.37329702970297
"5118",511.7,24.8395799009901,-168.9616,3.37486
"5119",511.8,24.8900026530612,-168.863285714286,3.374
"5120",511.9,24.8855428,-168.843851485149,3.37415841584158
"5121",512,24.8875762,-168.890336633663,3.375
"5122",512.1,24.9290544,-169.041717171717,3.375
"5123",512.2,24.8978801980198,-168.853514851485,3.375
"5124",512.3,24.8894927272727,-168.7688,3.375
"5125",512.4,24.876240990099,-168.822,3.37528571428571
"5126",512.5,24.8901184,-168.784752475248,3.37620792079207
"5127",512.6,24.8627757425742,-168.846621621622,3.37240540540541
"5128",512.7,24.886638,-169.065943396227,3.37503773584906
"5129",512.8,24.8817066666667,-168.689528301887,3.37598113207547
"5130",512.9,24.8843051485148,-168.752386138614,3.37414851485149
"5131",513,24.8811036363636,-168.721018518519,3.375
"5132",513.1,24.9174041,-168.824989010989,3.375
"5133",513.2,24.8859186,-168.62395049505,3.375
"5134",513.3,24.9129028282828,-168.84572,3.375
"5135",513.4,24.892279009901,-168.775981481481,3.37448148148148
"5136",513.5,24.9195542424243,-168.6086,3.371
"5137",513.6,24.8422345544554,-168.605435643564,3.37163366336634
"5138",513.7,24.8851362626262,-168.54265,3.37515
"5139",513.8,24.8290144,-168.563181818182,3.37584848484849
"5140",513.9,24.8273357425743,-168.720366336634,3.375
"5141",514,24.8167381818182,-168.7185,3.375
"5142",514.1,24.8050098039216,-168.737841584159,3.375
"5143",514.2,24.7900527272727,-168.76332,3.37486
"5144",514.3,24.7857685,-168.56303030303,3.37385858585859
"5145",514.4,24.7597122,-168.743811881188,3.373
"5146",514.5,24.8053132323233,-168.87722,3.37328
"5147",514.6,24.7806347524752,-168.67318,3.375
"5148",514.7,24.7995341414141,-168.61158,3.37472
"5149",514.8,24.7811647524753,-168.583676767677,3.37328282828283
"5150",514.9,24.7777091,-168.650778761062,3.375
"5151",515,24.793286969697,-168.396863636364,3.375
"5152",515.1,24.779792970297,-168.758091743119,3.375
"5153",515.2,24.8123793939394,-168.631695652174,3.375
"5154",515.3,24.7510652,-168.764295918367,3.37513265306122
"5155",515.4,24.8040234,-168.681545454545,3.37630303030303
"5156",515.5,24.7762249494949,-168.898813084112,3.37755140186916
"5157",515.6,24.7759986138614,-168.86234375,3.375
"5158",515.7,24.7680709090909,-168.7491,3.375
"5159",515.8,24.7830948514851,-168.828121212121,3.375
"5160",515.9,24.7523864646465,-168.90572815534,3.375
"5161",516,24.8163903,-168.657091836735,3.375
"5162",516.1,24.8500628712871,-168.824272727273,3.375
"5163",516.2,24.8569663636364,-168.83952,3.375
"5164",516.3,24.8691720588235,-168.61842,3.37486
"5165",516.4,24.818757070707,-168.731113207547,3.3741320754717
"5166",516.5,24.8352820792079,-168.572810526316,3.375
"5167",516.6,24.7932273,-168.250072072072,3.37535135135135
"5168",516.7,24.8008457575758,-168.618404494382,3.37793258426966
"5169",516.8,24.8082004950495,-168.54393,3.375
"5170",516.9,24.8783775757576,-168.509518518519,3.375
"5171",517,24.811122970297,-168.520565217391,3.375
"5172",517.1,24.8218847474748,-168.77426,3.37487
"5173",517.2,24.8550388,-168.75936,3.37426
"5174",517.3,24.8472624,-168.65567,3.376
"5175",517.4,24.7947144444444,-168.68126,3.37587
"5176",517.5,24.8299572277228,-168.50523,3.375
"5177",517.6,24.8324024242424,-168.51588,3.37513
"5178",517.7,24.8516458,-168.76263,3.37587
"5179",517.8,24.8439886138614,-168.74954,3.375
"5180",517.9,24.8398512,-168.38762,3.375
"5181",518,24.80547,-168.55213,3.375
"5182",518.1,24.7798858585858,-168.65248,3.37487
"5183",518.2,24.7968436,-168.7295,3.37413
"5184",518.3,24.7658008,-168.68587,3.37513
"5185",518.4,24.7852598,-168.70463,3.37587
"5186",518.5,24.7359252,-168.78166,3.375
"5187",518.6,24.8004314141414,-168.40864,3.375
"5188",518.7,24.8005216831683,-168.362939393939,3.375
"5189",518.8,24.8011274,-168.513118811881,3.375
"5190",518.9,24.7926826,-168.72595,3.375
"5191",519,24.7785352,-168.58814,3.375
"5192",519.1,24.8132429292929,-168.72935,3.37526
"5193",519.2,24.8023571287129,-168.62513,3.37661
"5194",519.3,24.8241255555556,-168.561551020408,3.37413265306123
"5195",519.4,24.8300722,-168.690029411765,3.37544117647059
"5196",519.5,24.7864626262626,-168.56791,3.37774
"5197",519.6,24.8142,-168.494620689655,3.37588793103448
"5198",519.7,24.7718367676768,-168.55324137931,3.37502586206897
"5199",519.8,24.78916,-168.385730769231,3.375
"5200",519.9,24.8009520792079,-168.658375,3.375
"5201",520,24.8077822,-168.65736,3.375
"5202",520.1,24.7955245,-168.42168,3.37514
"5203",520.2,24.7982523762376,-168.42234,3.37586
"5204",520.3,24.7964687878788,-168.3756,3.37486
"5205",520.4,24.7954114705882,-168.4314,3.374
"5206",520.5,24.7674753535353,-168.296494736842,3.37409473684211
"5207",520.6,24.7797282,-168.342,3.375
"5208",520.7,24.7710916,-168.278762376238,3.375
"5209",520.8,24.7630112,-168.141838383838,3.375
"5210",520.9,24.7757272,-168.11900990099,3.375
"5211",521,24.8105077777778,-168.42664,3.375
"5212",521.1,24.7728836,-168.35321,3.375
"5213",521.2,24.7681539,-168.273827586207,3.375
"5214",521.3,24.7442213,-168.218655172414,3.375
"5215",521.4,24.7500733333333,-168.478308411215,3.3751214953271
"5216",521.5,24.78574,-168.482617021277,3.37593617021277
"5217",521.6,24.7664627722772,-168.292306122449,3.375
"5218",521.7,24.7747147,-168.27578,3.375
"5219",521.8,24.7911647,-168.5045,3.375
"5220",521.9,24.7963878217822,-168.20500990099,3.37486138613861
"5221",522,24.8015174,-168.346424242424,3.374
"5222",522.1,24.830726,-168.353070175439,3.37449122807018
"5224",522.3,24.7942196,-168.41424,3.375
"5225",522.4,24.7699951,-168.480568965517,3.375
"5226",522.5,24.7798579,-168.241775862069,3.375
"5227",522.6,24.7872134653465,-168.131336065574,3.375
"5228",522.7,24.7985854545454,-168.110844262295,3.375
"5229",522.8,24.7802266,-168.197631067961,3.375
"5230",522.9,24.7878214,-168.128404494382,3.375
"5231",523,24.7664566,-168.204941176471,3.37514705882353
"5232",523.1,24.7773032323232,-168.135644859813,3.376
"5233",523.2,24.80798,-168.358739130435,3.3759347826087
"5234",523.3,24.78391,-168.438698113208,3.3751320754717
"5235",523.4,24.78282,-168.14167368421,3.37591578947368
"5236",523.5,24.78971,-168.13717,3.375
"5237",523.6,24.79993,-168.06424,3.375
"5238",523.7,24.85862,-168.118873786408,3.375
"5239",523.8,24.80629,-168.198618556701,3.375
"5240",523.9,24.78289,-168.161886792453,3.375
"5241",524,24.82228,-168.466170212766,3.37522340425532
"5242",524.1,24.8079730693069,-168.25817,3.37748
"5243",524.2,24.8214227,-168.27094,3.37413
"5244",524.3,24.774138019802,-168.277018867924,3.375
"5245",524.4,24.774944,-168.103436170213,3.375
"5246",524.5,24.7822161616162,-168.348676767677,3.375
"5247",524.6,24.8064361,-168.350764705882,3.375
"5248",524.7,24.808957,-168.236469387755,3.375
"5249",524.8,24.7971297,-168.414456140351,3.375
"5251",525,24.82494,-168.313544554455,3.37527722772277
"5252",525.1,24.81011,-168.028494949495,3.37673737373737
"5253",525.2,24.83015,-168.193712871287,3.375
"5254",525.3,24.80908,-168.072833333333,3.37511403508772
"5255",525.4,24.79771,-168.256166666667,3.37599122807018
"5256",525.5,24.8228,-168.266346534653,3.375
"5257",525.6,24.8279618181818,-168.29874,3.375
"5258",525.7,24.81878,-168.235080808081,3.375
"5259",525.8,24.8594235643564,-168.412313131313,3.37514141414141
"5260",525.9,24.85191,-168.4375,3.376
"5261",526,24.8410687,-168.158623762376,3.37555445544554
"5262",526.1,24.8340906060606,-168.000603773585,3.3732641509434
"5263",526.2,24.82503,-168.164868686869,3.37508080808081
"5264",526.3,24.8392,-167.976442105263,3.37590526315789
"5265",526.4,24.78344,-168.06896969697,3.375
"5266",526.5,24.7794895049505,-168.222396039604,3.375
"5267",526.6,24.8192154545455,-168.04809009009,3.375
"5268",526.7,24.82567,-168.210766666667,3.37496666666667
"5269",526.8,24.79312,-168.114928571429,3.374
"5270",526.9,24.79531,-168.285545454545,3.374
"5271",527,24.77767,-168.232170212766,3.374
"5273",527.2,24.768462970297,-167.9963,3.37415
"5275",527.4,24.8016996,-168.206939393939,3.375
"5276",527.5,24.8164869,-168.147280373832,3.375
"5277",527.6,24.814273,-168.014021276596,3.375
"5278",527.7,24.8216488118812,-168.113982758621,3.375
"5280",527.9,24.8169635643564,-168.34535,3.37455
"5281",528,24.79932,-168.258336633663,3.37244554455446
"5282",528.1,24.77886,-168.058484848485,3.37514141414141
"5283",528.2,24.8024540594059,-168.307821782178,3.37570297029703
"5284",528.3,24.8124988888889,-167.993575757576,3.37414141414141
"5285",528.4,24.80961,-168.128425742574,3.375
"5286",528.5,24.8030822222222,-168.3975,3.375
"5287",528.6,24.81986,-168.19336,3.375
"5288",528.7,24.77709,-168.14914,3.37486
"5290",528.9,24.8203372277228,-168.228108910891,3.37329702970297
"5292",529.1,24.7947014851486,-168.116,3.375
"5294",529.3,24.8410005,-167.924424242424,3.375
"5295",529.4,24.7961274257426,-168.13300990099,3.375
"5297",529.6,24.7463968627451,-168.14085,3.375
"5298",529.7,24.7399732323232,-168.138869565217,3.375
"5300",529.9,24.7548,-168.1584,3.37585454545455
"5302",530.1,24.7572080198019,-167.980888888889,3.374
"5304",530.3,24.7725836633663,-167.973638888889,3.375
"5305",530.4,24.77595,-168.011967741936,3.375
"5307",530.6,24.7412056435644,-167.948060606061,3.37484848484848
"5309",530.8,24.7795188,-167.87799009901,3.37514851485148
"5310",530.9,24.738174,-167.953142857143,3.37585714285714
"5311",531,24.7734621212121,-168.031069306931,3.37531683168317
"5312",531.1,24.7962842574257,-168.019534653465,3.37655445544554
"5313",531.2,24.7518361616162,-167.830818181818,3.37414141414141
"5314",531.3,24.7895677227723,-168.016435897436,3.3748717948718
"5315",531.4,24.7841587878788,-167.966008547009,3.37401709401709
"5316",531.5,24.798102,-167.83535,3.37415
"5317",531.6,24.767222970297,-168.03065,3.375
"5318",531.7,24.7866278787879,-168.2156,3.37515
"5319",531.8,24.8298068627451,-168.120869565217,3.37586956521739
"5321",532,24.7879904950495,-168.12724,3.37456
"5322",532.1,24.79704,-168.121767676768,3.37757575757576
"5324",532.3,24.8244920792079,-167.828631067961,3.37414563106796
"5326",532.5,24.8363020792079,-167.82766,3.37414
"5328",532.7,24.8403462,-168.01898,3.37486
"5329",532.8,24.8410231,-167.95806,3.374
"5330",532.9,24.8474092929293,-167.819626262626,3.37428282828283
"5331",533,24.8609877227723,-167.88895,3.37585
"5332",533.1,24.8572384848485,-167.961237623762,3.37485148514851
"5333",533.2,24.8406702,-167.824747747748,3.37412612612613
"5334",533.3,24.8525881188119,-167.83004494382,3.375
"5335",533.4,24.8599298,-168.03788,3.37486
"5336",533.5,24.8605631,-168.08058,3.37414
"5337",533.6,24.8273257575758,-168.0922,3.3746
"5338",533.7,24.8376224,-167.906136842105,3.37218947368421
"5339",533.8,24.786589,-167.94626,3.374
"5340",533.9,24.800714,-168.10472,3.37428
"5341",534,24.7748601980198,-167.95986,3.37586
"5342",534.1,24.7713183838384,-167.871336633663,3.375
"5343",534.2,24.8112283168317,-167.856914285714,3.37487619047619
"5344",534.3,24.8055223,-167.831230769231,3.37407692307692
"5345",534.4,24.7881196,-167.86010989011,3.37495604395604
"5346",534.5,24.807076,-167.68075,3.374
"5347",534.6,24.8252717171717,-167.87528,3.37491
"5348",534.7,24.8043566336634,-167.572191919192,3.38008080808081
"5349",534.8,24.8273385858586,-167.57934,3.37428
"5350",534.9,24.767762,-167.752495049505,3.37572277227723
"5351",535,24.7849279207921,-167.62702,3.37413
"5352",535.1,24.8051082,-167.822,3.37486868686869
"5353",535.2,24.8037066,-167.628792079208,3.37413861386139
"5354",535.3,24.7805034,-167.520767676768,3.375
"5355",535.4,24.7709457,-167.683373737374,3.37485858585859
"5356",535.5,24.7713165656566,-167.716297029703,3.37429702970297
"5357",535.6,24.7527188,-167.71562,3.37628
"5358",535.7,24.7708651485148,-167.6912,3.3773
"5359",535.8,24.7985427,-167.6961,3.37356
"5360",535.9,24.7694727722772,-168.038587155963,3.37661467889908
"5362",536.1,24.8238312,-167.81966,3.37414
"5363",536.2,24.8205704,-167.60532,3.37486
"5364",536.3,24.7800822,-167.513851485149,3.37413861386139
"5365",536.4,24.7864862,-167.5388,3.375
"5366",536.5,24.8106364,-167.53091,3.37539
"5367",536.6,24.7886196,-167.7058,3.37735
"5368",536.7,24.800187,-167.668505050505,3.37326262626262
"5369",536.8,24.7736048,-167.660542372881,3.37464406779661
"5370",536.9,24.8173829,-167.721559322034,3.37210169491525
"5371",537,24.7918681,-167.504346534653,3.374
"5372",537.1,24.7856829,-167.51539,3.374
"5373",537.2,24.7805764646465,-167.87913,3.374
"5374",537.3,24.8331272,-167.94178,3.374
"5375",537.4,24.7843892,-167.743585858586,3.37413131313131
"5376",537.5,24.8035396,-167.574227722772,3.375
"5377",537.6,24.783212,-167.72346,3.37487
"5378",537.7,24.7727263636364,-167.68509,3.37413
"5379",537.8,24.782472,-167.75417,3.37513
"5380",537.9,24.790072970297,-167.701696428571,3.37576785714286
"5381",538,24.8042434,-167.902091954023,3.374
"5382",538.1,24.8215510891089,-167.646594059406,3.374
"5383",538.2,24.8213946,-167.61768,3.374
"5384",538.3,24.8490729,-167.647723214286,3.374
"5385",538.4,24.7999166,-167.641379310345,3.37403448275862
"5386",538.5,24.8053507,-167.95076,3.37756
"5387",538.6,24.7887946,-168.051861386139,3.38016831683168
"5388",538.7,24.8090394,-167.933357142857,3.375
"5389",538.8,24.8081323,-167.767411764706,3.375
"5390",538.9,24.8222721,-167.931037383178,3.3748785046729
"5391",539,24.8272037373737,-167.655152173913,3.374
"5392",539.1,24.8054534,-167.479564356436,3.374
"5393",539.2,24.826474,-167.77907,3.37413
"5394",539.3,24.8393182,-167.638737373737,3.375
"5395",539.4,24.81075,-167.678168316832,3.37513861386139
"5396",539.5,24.8080994949495,-167.852454545454,3.37586868686869
"5397",539.6,24.8212946534653,-167.36788,3.37486
"5398",539.7,24.7941934,-167.69254,3.37414
"5399",539.8,24.8189313861386,-167.62846,3.37486
"5400",539.9,24.7981989,-167.678982300885,3.374
"5401",540,24.7971268686869,-167.494413793103,3.374
"5402",540.1,24.7993217821782,-167.44862,3.374
"5403",540.2,24.777723030303,-167.50066,3.37414
"5404",540.3,24.7874534,-167.689247524752,3.37486138613861
"5405",540.4,24.8170208,-167.89157,3.37478
"5406",540.5,24.79248,-167.44414,3.37922
"5407",540.6,24.7648002970297,-167.446272727273,3.37386868686869
"5408",540.7,24.7772880808081,-167.600722772277,3.37313861386139
"5409",540.8,24.7866692,-167.64479,3.374
"5410",540.9,24.7752588,-167.38291,3.374
"5411",541,24.7708146,-167.50317,3.374
"5412",541.1,24.7953432,-167.672,3.374
"5413",541.2,24.7620831313131,-167.575548387097,3.374
"5414",541.3,24.7814917,-167.557070707071,3.37386868686869
"5415",541.4,24.7928679,-167.683867924528,3.3732641509434
"5416",541.5,24.8033644,-167.750063829787,3.375
"5417",541.6,24.8000685,-167.47052,3.37486
"5418",541.7,24.8038296969697,-167.42268,3.374
"5419",541.8,24.8016742574257,-167.56242,3.374
"5420",541.9,24.8042831,-167.515222222222,3.374
"5421",542,24.8148152475248,-167.242512195122,3.374
"5422",542.1,24.8176336,-167.439260162602,3.374
"5423",542.2,24.8200348,-167.536235294118,3.37486274509804
"5424",542.3,24.856420990099,-167.466217821782,3.37423762376238
"5425",542.4,24.8270068686869,-167.545591836735,3.37577551020408
"5426",542.5,24.849453,-167.59129,3.37413
"5427",542.6,24.8126338,-167.72754,3.37474
"5428",542.7,24.8503214,-167.840444444445,3.37313131313131
"5429",542.8,24.8627674,-167.635008849557,3.374
"5430",542.9,24.8451604040404,-167.33440229885,3.374
"5431",543,24.8529251485149,-167.640434343434,3.374
"5432",543.1,24.852843030303,-167.715168316832,3.374
"5433",543.2,24.8704892,-167.69644,3.37414
"5434",543.3,24.810281,-167.831425742574,3.375
"5435",543.4,24.8497981818182,-167.85074,3.37487
"5436",543.5,24.8220796078431,-167.593061946903,3.374
"5438",543.7,24.8643387128713,-167.587588785047,3.374
"5439",543.8,24.8471026,-167.345802197802,3.374
"5440",543.9,24.8370658585859,-167.3905,3.374
"5441",544,24.8429181188119,-167.638161616162,3.374
"5442",544.1,24.834391010101,-167.478181818182,3.37414141414141
"5443",544.2,24.8211568316831,-167.661089108911,3.37485148514851
"5444",544.3,24.8619658585859,-167.83902,3.37428
"5445",544.4,24.8345133,-167.621356435644,3.37586138613861
"5446",544.5,24.8468254455445,-167.33145,3.37487
"5447",544.6,24.8330546464646,-167.08949122807,3.374
"5448",544.7,24.8063255445545,-167.470192982456,3.374
"5449",544.8,24.8130402020202,-167.342417582418,3.374
"5450",544.9,24.8130674,-167.568343434343,3.374
"5451",545,24.814536,-167.558626262626,3.374
"5452",545.1,24.8431557575757,-167.553178217822,3.37429702970297
"5453",545.2,24.821423960396,-167.65622,3.3767
"5454",545.3,24.8173457575758,-167.359445544554,3.3800297029703
"5455",545.4,24.8093832,-167.5183,3.37413
"5456",545.5,24.8430312,-167.443972222222,3.37512037037037
"5457",545.6,24.8126224242424,-167.479413043478,3.37589130434783
"5458",545.7,24.791723627451,-167.55421,3.374
"5459",545.8,24.8094421212121,-167.333868686869,3.374
"5460",545.9,24.8236775247525,-167.483222222222,3.37414141414141
"5461",546,24.8705963,-167.353352941176,3.37485294117647
"5462",546.1,24.8133678,-167.353884955752,3.37434513274336
"5464",546.3,24.7806058585859,-167.139494505495,3.37495604395604
"5465",546.4,24.7838452475248,-167.344818181818,3.37439393939394
"5466",546.5,24.8160667676767,-167.33672,3.37658
"5467",546.6,24.7709524,-167.352883211679,3.374
"5468",546.7,24.7909881,-167.480620437956,3.374
"5469",546.8,24.7776693939394,-167.316663366337,3.374
"5470",546.9,24.7783941584158,-167.343696078431,3.374
"5471",547,24.7969242424242,-167.437815533981,3.374
"5472",547.1,24.8122865346535,-167.262172413793,3.37406896551724
"5473",547.2,24.8083048484849,-167.176827586207,3.37493103448276
"5474",547.3,24.786968,-167.333418181818,3.375
"5475",547.4,24.8466182178218,-167.528913043478,3.37504347826087
"5476",547.5,24.8321333333333,-167.220306122449,3.37575510204082
"5477",547.6,24.7906517647059,-167.091544554455,3.374
"5478",547.7,24.8301494949495,-167.281414141414,3.374
"5479",547.8,24.8303577,-167.64328,3.374
"5480",547.9,24.8212076,-167.1182,3.374
"5481",548,24.7903845,-167.32846,3.37414
"5482",548.1,24.8302272,-167.41116,3.37514
"5483",548.2,24.7961278787879,-167.43808,3.37572
"5484",548.3,24.7830592,-167.393228070175,3.374
"5486",548.5,24.7945364,-167.575186915888,3.374
"5487",548.6,24.824523,-167.413462365591,3.374
"5488",548.7,24.8252787878788,-167.392352941176,3.374
"5489",548.8,24.8165072,-167.552016806723,3.374
"5490",548.9,24.84338,-167.38008411215,3.374
"5491",549,24.804132,-167.45835483871,3.37406451612903
"5492",549.1,24.7951904,-167.53106,3.37474
"5493",549.2,24.7927894949495,-167.52114,3.37313
"5494",549.3,24.7992236633663,-167.644944444444,3.374
"5495",549.4,24.8177851515151,-167.423891089109,3.374
"5496",549.5,24.809193,-167.531177777778,3.374
"5497",549.6,24.792783960396,-167.399963302752,3.374
"5498",549.7,24.7971290909091,-167.372206521739,3.374
"5499",549.8,24.7854551485148,-167.53921,3.37413
"5500",549.9,24.804498,-167.153053097345,3.37476991150442
"5502",550.1,24.8094738613861,-167.45532,3.373
"5503",550.2,24.7921596969697,-167.608574257426,3.373
"5504",550.3,24.8164525742574,-167.30018,3.37326
"5505",550.4,24.8026336363637,-167.40373,3.37487
"5506",550.5,24.8697527722772,-167.61303,3.374
"5507",550.6,24.848936969697,-167.702766990291,3.374
"5508",550.7,24.8329516,-167.520714285714,3.374
"5509",550.8,24.843536,-167.4106,3.374
"5510",550.9,24.8478416,-167.533865168539,3.374
"5511",551,24.82191,-167.335336633663,3.37425742574258
"5512",551.1,24.8452477777778,-167.2402,3.37576
"5513",551.2,24.879624,-167.462818181818,3.374
"5514",551.3,24.8570113861386,-167.40123,3.374
"5515",551.4,24.8581236,-167.29602,3.374
"5516",551.5,24.8347517821782,-167.345702970297,3.374
"5517",551.6,24.8639703030303,-167.345939393939,3.374
"5518",551.7,24.8206664,-167.26531,3.374
"5519",551.8,24.8407744,-167.597623762376,3.374
"5520",551.9,24.8374104,-167.536660194175,3.374
"5521",552,24.8734148,-167.293288461538,3.37365384615385
"5522",552.1,24.832966,-167.240857142857,3.37020408163265
"5523",552.2,24.8327604,-167.382904255319,3.374
"5524",552.3,24.8318168,-167.357613861386,3.374
"5525",552.4,24.8726424,-167.517303030303,3.374
"5526",552.5,24.881768,-167.417613861386,3.374
"5527",552.6,24.902854,-167.41512,3.374
"5528",552.7,24.8865492,-167.415878787879,3.374
"5529",552.8,24.9033215151515,-167.39056,3.374
"5530",552.9,24.935541,-167.256078947368,3.37422807017544
"5531",553,24.902485,-167.479763157895,3.37598245614035
"5532",553.1,24.9165555,-167.37108,3.37412
"5533",553.2,24.9173217821782,-167.33396969697,3.375
"5534",553.3,24.9610151515151,-167.447772277228,3.37487128712871
"5535",553.4,24.917544,-167.20954054054,3.374
"5536",553.5,24.9230968316832,-167.373636363636,3.374
"5537",553.6,24.905882,-166.904179245283,3.374
"5538",553.7,24.946331980198,-166.90485106383,3.374
"5539",553.8,24.9586818181818,-167.203,3.374125
"5540",553.9,24.9171055445545,-167.44196875,3.375
"5541",554,24.9011943,-167.114564814815,3.37512037037037
"5542",554.1,24.9148595,-167.136163043478,3.37589130434783
"5543",554.2,24.8931921212121,-167.29181,3.37426
"5544",554.3,24.9228008,-167.163247619048,3.37575238095238
"5545",554.4,24.8785464,-167.261085106383,3.374
"5546",554.5,24.8636793939394,-167.30804950495,3.374
"5547",554.6,24.851589,-167.28241,3.374
"5548",554.7,24.900611,-167.0139,3.374
"5549",554.8,24.8756515,-167.248907407407,3.37424074074074
"5550",554.9,24.8742285,-167.480793478261,3.376
"5551",555,24.87999,-167.068038834951,3.37587378640777
"5552",555.1,24.8973819191919,-167.051816326531,3.37489795918367
"5553",555.2,24.9203230693069,-167.43064,3.374
"5554",555.3,24.9130815,-167.264121212121,3.374
"5555",555.4,24.897764,-167.30208,3.374
"5556",555.5,24.895822,-167.01987,3.374
"5557",555.6,24.9108527272727,-167.349495049505,3.374
"5558",555.7,24.8956274,-167.20508,3.37412
"5559",555.8,24.885931,-167.01188,3.37488
"5560",555.9,24.8854594059406,-167.00376,3.374
"5561",556,24.9029435,-167.12136,3.374
"5562",556.1,24.9096785,-167.17656,3.374
"5563",556.2,24.8957053465347,-167.1134,3.374
"5564",556.3,24.8976177777778,-167.368757575758,3.374
"5565",556.4,24.892092,-167.310326732673,3.374
"5566",556.5,24.9201765,-167.152454545455,3.374
"5567",556.6,24.856759,-167.32375,3.37413
"5568",556.7,24.8413405,-167.08169,3.37487
"5569",556.8,24.7859005050505,-167.32228,3.37387
"5570",556.9,24.8338004,-167.082818181818,3.37313131313131
"5571",557,24.8451868,-166.932386138614,3.37372277227723
"5572",557.1,24.804478,-167.099891891892,3.37235135135135
"5573",557.2,24.7968482178218,-166.987536842105,3.37497894736842
"5574",557.3,24.8119088888889,-167.078436170213,3.374
"5575",557.4,24.7930726732673,-167.293356435643,3.374
"5576",557.5,24.810725,-167.11924,3.374
"5577",557.6,24.8109647524752,-167.1594,3.374
"5578",557.7,24.802473939394,-167.111159574468,3.37429787234042
"5579",557.8,24.796329,-167.08597,3.37761
"5580",557.9,24.826714950495,-167.299792079208,3.37487128712871
"5581",558,24.8263429292929,-167.149111111111,3.37411111111111
"5582",558.1,24.815509,-167.037747368421,3.37495789473684
"5583",558.2,24.817182,-167.031834862385,3.374
"5585",558.4,24.795374,-167.021964285714,3.374
"5587",558.6,24.8066675247525,-167.015475,3.37410833333333
"5588",558.7,24.8500250505051,-167.072975,3.37494166666667
"5589",558.8,24.8493448,-166.972038461538,3.37653846153846
"5590",558.9,24.8801164,-166.94848,3.37316
"5591",559,24.8599036363636,-167.113989473684,3.37491578947368
"5592",559.1,24.854081372549,-167.046666666667,3.374
"5593",559.2,24.8642919191919,-166.725981481481,3.374
"5594",559.3,24.8941982,-167.041322580645,3.374
"5595",559.4,24.8787598,-166.60318,3.37387
"5596",559.5,24.8724696969697,-166.931252525252,3.37313131313131
"5597",559.6,24.8632225742574,-166.90576,3.37428
"5598",559.7,24.8417472727273,-167.04048,3.37558
"5599",559.8,24.8520634653465,-166.915544554455,3.373
"5600",559.9,24.8558982,-167.030442477876,3.37311504424779
"5602",560.1,24.9023199009901,-166.92022,3.37313
"5603",560.2,24.9080615151515,-166.653632075472,3.374
"5604",560.3,24.8931066336634,-166.650376237624,3.374
"5605",560.4,24.880472020202,-166.656838709677,3.374
"5606",560.5,24.9004138,-166.875732673267,3.374
"5607",560.6,24.8168136,-166.940135135135,3.37345945945946
"5608",560.7,24.850423030303,-167.259193181818,3.36905681818182
"5609",560.8,24.8362046534654,-166.933515151515,3.37413131313131
"5610",560.9,24.8023106060606,-166.966118811881,3.37472277227723
"5611",561,24.7964951,-166.93186,3.37313
"5612",561.1,24.8259534,-166.822647619048,3.374
"5613",561.2,24.8227209090909,-166.539446808511,3.374
"5614",561.3,24.8203429411765,-166.67698,3.374
"5615",561.4,24.8082345454545,-166.87784,3.374
"5616",561.5,24.8413408910891,-166.763733333333,3.37386666666667
"5617",561.6,24.8547604,-166.817126213592,3.37352427184466
"5618",561.7,24.8624468,-166.729847826087,3.37867391304348
"5619",561.8,24.8235775247525,-166.946465346535,3.374
"5620",561.9,24.8287855555556,-166.900828282828,3.374
"5621",562,24.822909009901,-167.02542,3.374
"5622",562.1,24.819611010101,-166.98486,3.374
"5623",562.2,24.8605206,-166.97196,3.374
"5624",562.3,24.8811776,-166.882475247525,3.374
"5625",562.4,24.8576842424242,-166.80485,3.374
"5626",562.5,24.8405252475247,-166.93932,3.37374
"5627",562.6,24.7984081818182,-166.962324324324,3.37235135135135
"5628",562.7,24.8279688,-166.716772727273,3.37495454545455
"5629",562.8,24.8412007,-166.7556,3.37286
"5630",562.9,24.8828304,-166.80624,3.37228
"5631",563,24.8760263366336,-166.90684,3.374
"5632",563.1,24.8279327272728,-166.8889,3.374
"5633",563.2,24.8646872277228,-166.7645,3.374
"5634",563.3,24.8751748484849,-166.853592592593,3.374
"5635",563.4,24.8496595,-166.740245283019,3.37405660377358
"5637",563.6,24.8635101010101,-166.721757281553,3.37312621359223
"5638",563.7,24.8744215686275,-166.565105263158,3.3741052631579
"5639",563.8,24.8511333333333,-166.763851485148,3.37470297029703
"5640",563.9,24.8264733,-166.95548,3.37314
"5641",564,24.8441527722772,-166.583633663366,3.374
"5642",564.1,24.8199732,-166.77036,3.374
"5643",564.2,24.8676236,-166.759728971963,3.374
"5644",564.3,24.8669306060606,-166.863709677419,3.374
"5645",564.4,24.8623578,-166.924252525252,3.37373737373737
"5646",564.5,24.8618098,-166.855811881188,3.37255445544555
"5647",564.6,24.8945367,-166.72183,3.37574
"5648",564.7,24.8575335,-166.525686868687,3.37413131313131
"5649",564.8,24.8524705050505,-166.442089108911,3.37486138613861
"5650",564.9,24.878816,-166.517434343434,3.374
"5651",565,24.831098,-166.570673267327,3.374
"5652",565.1,24.8448448,-166.67431,3.374
"5653",565.2,24.8033030693069,-166.930696969697,3.374
"5654",565.3,24.8598613131313,-166.94868,3.374
"5655",565.4,24.8264424752475,-166.788272727273,3.37371717171717
"5656",565.5,24.840593,-166.770900990099,3.372
"5657",565.6,24.8136931,-166.61944,3.37242
"5658",565.7,24.8172807920792,-166.598878787879,3.37485858585859
"5659",565.8,24.836703030303,-166.764910891089,3.374
"5660",565.9,24.840525049505,-166.7936,3.374
"5661",566,24.8212457575758,-166.67812,3.374
"5662",566.1,24.8320725742574,-166.83178,3.374
"5663",566.2,24.8106584848485,-166.92298019802,3.37386138613861
"5664",566.3,24.7959216,-166.824784482759,3.37311206896552
"5665",566.4,24.8413877,-166.930818965517,3.37397413793103
"5666",566.5,24.8420094,-166.62687,3.37239
"5667",566.6,24.8520985,-166.730595959596,3.37473737373737
"5668",566.7,24.8932714,-166.80388,3.373
"5669",566.8,24.8759838383838,-166.544821782178,3.37313861386139
"5670",566.9,24.8542067326733,-166.613765306123,3.374
"5671",567,24.8297947,-166.839176470588,3.374
"5672",567.1,24.8335685,-166.898878787879,3.374
"5673",567.2,24.8548845,-166.865233333333,3.374
"5674",567.3,24.8341397979798,-166.8669,3.374
"5675",567.4,24.8271272,-166.704425531915,3.37317021276596
"5676",567.5,24.840626,-166.58642,3.37486
"5677",567.6,24.8633403960396,-166.88048,3.37414
"5678",567.7,24.8709602,-166.812392156863,3.37486274509804
"5679",567.8,24.8686353,-166.773777777778,3.374
"5680",567.9,24.8867783,-166.940666666667,3.374
"5681",568,24.8588028,-166.748900990099,3.374
"5682",568.1,24.8608999,-166.57236,3.37387
"5683",568.2,24.8507254,-166.784654545455,3.373
"5684",568.3,24.8433868,-166.618130434782,3.37319565217391
"5685",568.4,24.8288228,-167.03637254902,3.37846078431373
"5686",568.5,24.8173302020202,-166.78665625,3.374
"5687",568.6,24.8158157425743,-166.829465346535,3.374
"5688",568.7,24.852435,-166.872242424242,3.374
"5689",568.8,24.8217319,-166.790772277228,3.37387128712871
"5690",568.9,24.8166582,-166.656242424242,3.373
"5691",569,24.8338302020202,-166.95475,3.37313
"5692",569.1,24.8375426732673,-167.180485148515,3.37387128712871
"5693",569.2,24.8512412121212,-167.041848484849,3.37312121212121
"5694",569.3,24.8480372277228,-166.724069306931,3.37387128712871
"5695",569.4,24.867254,-166.888090909091,3.37312121212121
"5696",569.5,24.8094726,-166.863821782178,3.37412871287129
"5697",569.6,24.8293147524752,-166.64828,3.37488
"5698",569.7,24.8196324242424,-166.645633663366,3.374
"5699",569.8,24.8351959,-166.52059,3.374
"5700",569.9,24.8638051,-166.633846938776,3.374
"5701",570,24.8557505,-166.391107843137,3.374
"5702",570.1,24.8529188,-166.735051020408,3.37388775510204
"5703",570.2,24.9125254545454,-166.683284313725,3.373
"5704",570.3,24.9152097029703,-166.665222222222,3.37355555555555
"5705",570.4,24.9097873737374,-166.75512244898,3.37738775510204
"5706",570.5,24.9012684,-166.595803921569,3.37286274509804
"5707",570.6,24.9023096,-166.646121212121,3.37212121212121
"5708",570.7,24.9078868686869,-166.486764705882,3.37312745098039
"5709",570.8,24.9200232352941,-166.585153061224,3.374
"5710",570.9,24.8885458585859,-166.632158415842,3.37387128712871
"5711",571,24.8778504,-166.686909090909,3.373
"5712",571.1,24.8975852,-166.42995,3.37313
"5713",571.2,24.9340541414141,-166.69711,3.37348
"5714",571.3,24.9444118811881,-166.645851485149,3.37025742574257
"5715",571.4,24.8952901010101,-166.615242424242,3.37236363636363
"5716",571.5,24.8997800990099,-166.63677,3.375
"5717",571.6,24.9304948,-166.563654545455,3.37476363636364
"5718",571.7,24.9289464,-166.477633333333,3.37303333333333
"5719",571.8,24.9168677227723,-166.47219,3.37387
"5720",571.9,24.8995162626263,-166.667646464646,3.37313131313131
"5721",572,24.9109572,-166.419,3.374
"5722",572.1,24.9015828,-166.269273684211,3.37408421052632
"5723",572.2,24.890682,-166.63407,3.37513
"5724",572.3,24.8904108,-166.579455445545,3.37561386138614
"5725",572.4,24.8879815151515,-166.600878787879,3.37287878787879
"5726",572.5,24.8861273267327,-166.776218181818,3.37235454545455
"5727",572.6,24.9089509090909,-166.369456521739,3.3749347826087
"5728",572.7,24.8999778,-166.62404,3.373
"5729",572.8,24.9261026,-166.407,3.373
"5730",572.9,24.8630427272727,-166.38328,3.373
"5731",573,24.8494817647059,-166.58052,3.37312
"5732",573.1,24.8492283838384,-166.32304,3.374
"5733",573.2,24.8949948514852,-166.581052631579,3.374
"5734",573.3,24.8700496,-166.773157894737,3.374
"5735",573.4,24.8742672,-166.277127659574,3.37387234042553
"5736",573.5,24.9126828712871,-166.628267326733,3.37223762376238
"5737",573.6,24.8695078787879,-166.619555555556,3.37388888888889
"5738",573.7,24.8432617821782,-166.725575757576,3.373
"5739",573.8,24.8701805050505,-166.81202970297,3.37312871287129
"5740",573.9,24.8714708,-166.703363636364,3.37387878787879
"5741",574,24.85905,-166.516128712871,3.37312871287129
"5742",574.1,24.8244005050505,-166.62468,3.37388
"5743",574.2,24.8207888235294,-166.762696969697,3.37312121212121
"5744",574.3,24.8012881818182,-166.723175,3.37389166666667
"5745",574.4,24.8012684,-166.770675,3.37305833333333
"5746",574.5,24.7662596,-166.633444444444,3.37488888888889
"5747",574.6,24.7956192929293,-166.624185185185,3.37303703703704
"5748",574.7,24.7738530693069,-166.46258974359,3.37389743589744
"5749",574.8,24.7853086868687,-166.525837606838,3.37304273504273
"5750",574.9,24.7649165,-166.5538,3.373
"5751",575,24.8045702,-166.52484,3.37324
"5752",575.1,24.7641573,-166.39764,3.375
"5753",575.2,24.75438,-166.56328,3.37476
"5754",575.3,24.7674590909091,-166.651304347826,3.37320869565217
"5755",575.4,24.782553960396,-166.512173913044,3.37494782608696
"5756",575.5,24.8069736,-166.69968,3.374
"5757",575.6,24.8130561,-166.594333333333,3.37388888888889
"5758",575.7,24.7993618811881,-166.703694736842,3.373
"5759",575.8,24.7886029292929,-166.57616,3.373
"5760",575.9,24.8070526470588,-166.498,3.373
"5761",576,24.7988733333333,-166.451893203884,3.37312621359223
"5762",576.1,24.802164,-166.707857142857,3.37389795918367
"5763",576.2,24.8137816,-166.482454545454,3.37287878787879
"5764",576.3,24.7957570707071,-166.562582524272,3.37212621359223
"5765",576.4,24.8012613861386,-166.447463917526,3.373
"5766",576.5,24.9024064646465,-166.482375,3.373
"5767",576.6,24.9743491,-166.4061875,3.373
"5768",576.7,24.9887411,-166.530435643564,3.373
"5769",576.8,24.9528518,-166.54964,3.37312
"5770",576.9,24.9742892,-166.3902,3.37388
"5771",577,24.93624,-166.53856,3.37288
"5772",577.1,24.9629321568627,-166.588,3.37212
"5773",577.2,24.9309472727273,-166.52072,3.373
"5774",577.3,24.9282041,-166.37436,3.37288
"5775",577.4,24.9725218,-166.533121212121,3.37212121212121
"5776",577.5,24.9644905,-166.410108910891,3.37312871287129
"5777",577.6,24.956044,-166.539036363636,3.37389090909091
"5778",577.7,24.9444327272728,-166.423817204301,3.373
"5779",577.8,24.8999491089109,-166.35171875,3.373
"5780",577.9,24.9362107,-166.176158415842,3.373
"5781",578,24.9061121,-166.212727272727,3.37287878787879
"5782",578.1,24.8869771287129,-166.42997,3.37213
"5783",578.2,24.9093219191919,-166.46634,3.37313
"5784",578.3,24.9215467326733,-166.3093,3.37387
"5785",578.4,24.9169573737374,-166.35232,3.373
"5786",578.5,24.9156017,-166.56419,3.373
"5787",578.6,24.9295377,-166.417033613445,3.373
"5788",578.7,24.9013863,-166.201907563025,3.373
"5789",578.8,24.8776155,-166.538381355932,3.37288983050847
"5790",578.9,24.8660781818182,-166.495161016949,3.37204237288136
"5791",579,24.860133,-166.46456,3.37552
"5792",579.1,24.857521,-166.46908,3.37224
"5793",579.2,24.85331,-166.270782178218,3.374
"5794",579.3,24.8640851485148,-166.389444444444,3.374
"5795",579.4,24.8862181818182,-166.52172,3.37388
"5796",579.5,24.8729386138614,-166.48128,3.373
"5797",579.6,24.8803799,-166.1874,3.37312
"5798",579.7,24.893476,-166.48332,3.374
"5799",579.8,24.8593526732673,-166.44956,3.37412
"5800",579.9,24.8631185858586,-166.594393939394,3.37463636363637
"5801",580,24.8951354455446,-166.473702970297,3.37212871287129
"5802",580.1,24.8941175757576,-166.633939393939,3.37287878787879
"5803",580.2,24.8905379,-166.366177966102,3.37211016949152
"5804",580.3,24.9177439,-166.206008474576,3.37295762711864
"5805",580.4,24.9041709090909,-166.05228,3.373
"5806",580.5,24.9000661386139,-166.151484848485,3.373
"5807",580.6,24.9156409090909,-166.286663934426,3.373
"5808",580.7,24.924938,-166.407155737705,3.373
"5809",580.8,24.906166,-166.43439,3.37413
"5810",580.9,24.911997,-166.24597,3.37474
"5811",581,24.9437689108911,-166.16073,3.373
"5812",581.1,24.9304381818182,-166.33025,3.37274
"5813",581.2,24.939018,-166.202094827586,3.37122413793103
"5814",581.3,24.916825,-166.387439655172,3.37294827586207
"5815",581.4,24.951122,-166.3018,3.373
"5816",581.5,24.943125,-166.46444,3.37312
"5817",581.6,24.952762,-166.430127272727,3.37389090909091
"5818",581.7,24.940231,-166.421133333333,3.373
"5819",581.8,24.957497,-166.357666666667,3.37311111111111
"5820",581.9,24.916686,-166.49747826087,3.374
"5821",582,24.8964314851485,-166.29136,3.37388
"5822",582.1,24.9188652,-166.32176,3.37312
"5823",582.2,24.9090031,-166.3856,3.37388
"5824",582.3,24.8947418181818,-166.52888,3.373
"5825",582.4,24.944632,-166.41536,3.373
"5826",582.5,24.925952,-166.404621359223,3.37311650485437
"5827",582.6,24.938422,-166.4694375,3.37390625
"5828",582.7,24.865774,-166.443898148148,3.37312037037037
"5829",582.8,24.858729,-166.299150537634,3.37421505376344
"5830",582.9,24.865455050505,-166.359666666667,3.37751515151515
"5831",583,24.8814956,-166.523227722772,3.374
"5832",583.1,24.8915431,-166.5264,3.374
"5833",583.2,24.8621531683168,-166.59388,3.37388
"5834",583.3,24.894863,-166.592272727273,3.373
"5835",583.4,24.87983,-166.261564356436,3.373
"5836",583.5,24.902658,-166.256545454546,3.373
"5837",583.6,24.857605,-166.49193,3.373
"5838",583.7,24.815534950495,-166.21117,3.373
"5839",583.8,24.8447994,-166.31003,3.37287
"5840",583.9,24.8128475,-166.329920792079,3.37212871287129
"5841",584,24.84912,-166.256303030303,3.373
"5842",584.1,24.823613,-166.126247524753,3.373
"5843",584.2,24.830002,-166.496090909091,3.373
"5844",584.3,24.825327,-166.328188118812,3.373
"5845",584.4,24.841963,-165.777909090909,3.373
"5846",584.5,24.824781,-166.157168316832,3.373
"5847",584.6,24.8246002020202,-166.243575757576,3.373
"5848",584.7,24.8535331,-166.363518867925,3.37250943396227
"5849",584.8,24.9090919,-166.303147368421,3.36936842105263
"5850",584.9,24.870911980198,-166.222212121212,3.37387878787879
"5851",585,24.842231,-166.26286,3.37313
"5852",585.1,24.8581048484848,-166.26861,3.37387
"5853",585.2,24.8522903960396,-166.174237623762,3.373
"5854",585.3,24.8468249494949,-166.14644,3.373
"5855",585.4,24.8844673,-166.18848,3.373
"5856",585.5,24.8568344,-166.24492,3.373
"5857",585.6,24.848808,-166.140179487179,3.37289743589744
"5858",585.7,24.8724165346535,-166.066675213675,3.37204273504274
"5859",585.8,24.894866969697,-166.1019,3.37033
"5860",585.9,24.914190990099,-166.17958,3.37311
"5861",586,24.88119,-166.15219,3.37389
"5862",586.1,24.86815,-166.09868,3.373
"5863",586.2,24.911825,-166.17238,3.373
"5864",586.3,24.9009561616162,-166.14259,3.373
"5865",586.4,24.8795697,-166.213,3.373
"5866",586.5,24.8641123,-166.28956,3.373
"5867",586.6,24.8647026,-166.3146,3.37348
"5868",586.7,24.8471403,-166.23296,3.37652
"5869",586.8,24.8368388888889,-166.08432,3.37312
"5870",586.9,24.836938,-166.089371428571,3.37411428571429
"5871",587,24.8568508,-166.216197916667,3.37485416666667
"5872",587.1,24.8762383168317,-166.109888888889,3.373
"5873",587.2,24.8396353,-166.00128,3.373
"5874",587.3,24.8244448,-165.706,3.373
"5875",587.4,24.8314353465346,-166.309422018349,3.373
"5876",587.5,24.8498528282828,-166.137087912088,3.37304395604396
"5877",587.6,24.8742710891089,-166.25145,3.37478
"5878",587.7,24.882518,-166.404452830189,3.373
"5879",587.8,24.851861,-166.212691489362,3.37294680851064
"5880",587.9,24.855756,-165.96669,3.372
"5881",588,24.8511380808081,-166.0535,3.37211
"5882",588.1,24.8589747,-166.17072,3.373
"5883",588.2,24.8551024,-166.05154,3.373
"5884",588.3,24.8432114,-166.158222222222,3.373
"5885",588.4,24.8697604,-166.180752475248,3.373
"5886",588.5,24.8623911111111,-166.068111111111,3.37311111111111
"5887",588.6,24.8508902970297,-166.267566037736,3.37388679245283
"5888",588.7,24.81671,-165.942102803738,3.373
"5889",588.8,24.8393238613861,-165.92714953271,3.373
"5890",588.9,24.8583171,-165.967165048544,3.373
"5891",589,24.8628877777778,-165.817051020408,3.373
"5892",589.1,24.8086541584158,-166.03818,3.373
"5893",589.2,24.8035955555555,-165.99422,3.373
"5894",589.3,24.8255623762376,-166.10315,3.373
"5895",589.4,24.8414777777778,-166.23075,3.37311
"5896",589.5,24.836582,-166.052666666667,3.37377777777778
"5897",589.6,24.8139545544555,-165.933168316832,3.37211881188119
"5898",589.7,24.8572122222222,-166.350444444445,3.373
"5899",589.8,24.8421441176471,-166.161247524753,3.37311881188119
"5900",589.9,24.8481181818182,-166.049398305085,3.37390677966102
"5901",590,24.8346005,-166.162110169492,3.3730593220339
"5902",590.1,24.8701273,-165.990689655172,3.373
"5903",590.2,24.8284311111111,-166.088103448276,3.373
"5904",590.3,24.823457029703,-165.94828,3.37312
"5905",590.4,24.8517911111111,-166.064881188119,3.37435643564356
"5906",590.5,24.834428,-166.14684,3.37656
"5907",590.6,24.8439544,-166.08963,3.373
"5908",590.7,24.8377109090909,-166.034444444444,3.37311111111111
"5909",590.8,24.8396411881188,-166.075108910891,3.37411881188119
"5910",590.9,24.8167248484849,-166.099166666667,3.37483333333333
"5911",591,24.7981532673267,-165.973409090909,3.37331818181818
"5912",591.1,24.7756456,-165.99219,3.373
"5913",591.2,24.7895576,-166.0980625,3.373
"5914",591.3,24.8176172277228,-166.0168125,3.373
"5915",591.4,24.8154422222222,-165.77275,3.37309615384615
"5916",591.5,24.822694117647,-165.847528089888,3.37497752808989
"5917",591.6,24.7766015151515,-165.897777777778,3.37311111111111
"5918",591.7,24.7895631,-165.924879120879,3.37413186813187
"5919",591.8,24.7802609,-165.846201612903,3.37658064516129
"5920",591.9,24.8157277777778,-165.763137096774,3.37335483870968
"5921",592,24.7968272277228,-165.797672413793,3.373
"5922",592.1,24.8284433333333,-165.902844827586,3.373
"5923",592.2,24.7895228,-166.11821,3.373
"5924",592.3,24.7745716,-165.923475247525,3.37312871287129
"5925",592.4,24.7966633333333,-165.681444444444,3.37377777777778
"5926",592.5,24.7913394059406,-165.675,3.372
"5927",592.6,24.8040327272727,-165.789166666667,3.37208333333333
"5928",592.7,24.8183102970297,-165.54476,3.37288
"5929",592.8,24.8043128,-165.675110091743,3.37211009174312
"5930",592.9,24.8105204,-165.672905263158,3.373
"5931",593,24.8084884,-165.59525,3.373
"5932",593.1,24.8204790909091,-165.7802,3.373
"5933",593.2,24.8899402970297,-165.748636363636,3.37287878787879
"5934",593.3,24.9313445454546,-165.78514,3.372
"5935",593.4,24.8930945,-165.83883,3.372
"5936",593.5,24.8962084158416,-165.6881,3.37213
"5937",593.6,24.9060076,-165.343603960396,3.37287128712871
"5938",593.7,24.8959543564356,-165.570787878788,3.37212121212121
"5939",593.8,24.90171,-165.75408,3.373
"5940",593.9,24.864142,-165.696723809524,3.373
"5941",594,24.863458,-165.823242105263,3.373
"5942",594.1,24.8746344,-165.944654205607,3.373
"5943",594.2,24.8797964,-165.645382978723,3.373
"5944",594.3,24.8780390909091,-165.914151515152,3.37312121212121
"5945",594.4,24.866907,-165.61929,3.37387
"5946",594.5,24.8789146,-165.83435,3.373
"5947",594.6,24.8975741,-165.892930693069,3.37261386138614
"5948",594.7,24.9102692,-165.70912,3.37036
"5949",594.8,24.9130684848485,-165.56128,3.373
"5950",594.9,24.8878938613861,-165.58692,3.373
"5951",595,24.8660423,-165.548454545455,3.373
"5952",595.1,24.9017948,-165.950455445545,3.373
"5953",595.2,24.9128843564357,-165.873333333333,3.37312121212121
"5954",595.3,24.8913442424243,-166.004363636364,3.37388181818182
"5955",595.4,24.8709257843137,-165.8231,3.37296666666667
"5956",595.5,24.8613566666667,-165.697663636364,3.37223636363636
"5957",595.6,24.8651964,-165.820066666667,3.374
"5958",595.7,24.872494950495,-165.745079207921,3.37387128712871
"5959",595.8,24.8864733333333,-165.66932,3.373
"5960",595.9,24.8906330693069,-166.022090909091,3.373
"5961",596,24.8909322222222,-165.81191,3.373
"5962",596.1,24.8593356,-165.893203703704,3.373
"5963",596.2,24.8714336363637,-165.790260869565,3.37305434782609
"5964",596.3,24.8378077,-165.49991,3.37374
"5965",596.4,24.8735691,-165.52927,3.37213
"5966",596.5,24.8635946464646,-165.666594059406,3.373
"5967",596.6,24.8470807843137,-165.5654,3.373
"5968",596.7,24.870816969697,-165.727060606061,3.373
"5969",596.8,24.8688461,-165.67554,3.373
"5970",596.9,24.8751327,-165.786765765766,3.373
"5971",597,24.8919333,-165.593449438202,3.373
"5972",597.1,24.8745386,-165.80975,3.373
"5973",597.2,24.8598005050505,-165.968634408602,3.37305376344086
"5974",597.3,24.8897686138614,-165.828153846154,3.37388461538462
"5975",597.4,24.8715197,-165.744916666667,3.37291666666667
"5976",597.5,24.9028281,-165.760685714286,3.37211428571429
"5977",597.6,24.9117967326733,-165.903725490196,3.373
"5978",597.7,24.8814488,-166.080923913044,3.373
"5979",597.8,24.8791216,-165.95017,3.373
"5980",597.9,24.8922593939394,-166.102267326733,3.373
"5981",598,24.9008202,-165.884636363636,3.373
"5982",598.1,24.9012938,-165.749755555556,3.37302222222222
"5983",598.2,24.878329,-165.72536,3.37424
"5984",598.3,24.8810658,-165.9186,3.37564
"5985",598.4,24.8843663,-165.706272727273,3.37324242424242
"5986",598.5,24.876556969697,-165.7508,3.37474
"5987",598.6,24.8928684,-165.922882352941,3.373
"5988",598.7,24.8739542,-166.118816326531,3.373
"5989",598.8,24.9015068316832,-165.88748,3.373
"5990",598.9,24.8808202,-165.90129,3.373
"5991",599,24.9005271,-166.002712871287,3.373
"5992",599.1,24.8831978,-165.912909090909,3.37324242424243
"5993",599.2,24.8768289108911,-165.957519607843,3.37474509803922
"5994",599.3,24.8628902970297,-165.929222222222,3.373
"5995",599.4,24.9028965,-166.008634782609,3.373
"5996",599.5,24.8618069,-166.055591304348,3.373
"5997",599.6,24.81246,-165.94272,3.373
"5998",599.7,24.8387824242424,-166.16495049505,3.373
"5999",599.8,24.8312263,-165.820265306122,3.373
"6000",599.9,24.8078509,-165.878198019802,3.373
"6001",600,24.8308184,-166.0528,3.37312
"6002",600.1,24.809718,-166.12324,3.37412
"6003",600.2,24.8412214141414,-166.042272727273,3.37487878787879
"6004",600.3,24.8191134653465,-165.916432432432,3.37388288288288
"6005",600.4,24.8375216161616,-165.881123595506,3.37302247191011
"6006",600.5,24.8306732673267,-165.863703703704,3.37387962962963
"6007",600.6,24.8451327,-166.011684782609,3.373
"6008",600.7,24.8971245454546,-165.980776119403,3.373
"6009",600.8,24.8757464356436,-166.186746268657,3.373
"6010",600.9,24.8525912121212,-165.8745,3.373
"6011",601,24.8631834,-166.20781,3.37287
"6012",601.1,24.8698274,-165.913495049505,3.37212871287129
"6013",601.2,24.8548986,-166.060939393939,3.373
"6014",601.3,24.894236039604,-166.075772277228,3.373
"6015",601.4,24.8854191919192,-166.06612,3.373
"6016",601.5,24.8893912871287,-165.974575757576,3.373
"6017",601.6,24.8912696,-166.098396039604,3.373
"6018",601.7,24.8869063,-166.08048,3.373
"6019",601.8,24.9042222,-166.09944,3.373
"6020",601.9,24.9000268686869,-165.89528,3.373
