"","time_point","temperature","load","voltage"
"1",0,22.8626078947368,4.33739130434783,3.93
"2",0.1,22.85345,4.45,3.93088888888889
"3",0.2,22.83488,4.30368888888889,3.92817777777778
"4",0.3,22.8299297979798,4.49737777777778,3.93
"5",0.4,22.80295,4.19301818181818,3.93
"6",0.5,22.7766686466165,4.33095555555556,3.92957777777778
"8",0.7,22.7950897014925,4.19214285714286,3.93
"9",0.8,22.8011494029851,4.28511111111111,3.93
"10",0.9,22.7908645,4.24835483870968,3.93
"11",1,22.806572406015,4.19109433962264,3.93
"12",1.1,22.8310721212121,4.35727777777778,3.928
"13",1.2,22.80586,4.14626666666667,3.93
"15",1.4,22.7794738235294,4.15174074074074,3.93
"16",1.5,22.7716130827068,4.18496296296296,3.93
"17",1.6,22.7735653731343,4.42358695652174,3.92884782608696
"18",1.7,22.7826955223881,4.65511111111111,3.93
"19",1.8,22.7658,4.244,3.93
"20",1.9,22.78438,4.07238181818182,3.93
"21",2,22.7755057575758,4.22717647058824,3.92964705882353
"22",2.1,22.79193,4.167675,3.92815
"23",2.2,22.7800638345865,4.10850833333333,3.92981666666667
"24",2.3,22.82153,4.10815555555556,3.93
"25",2.4,22.8047,4.16811111111111,3.93
"27",2.6,22.7969425373134,4.51504444444444,3.93186666666667
"28",2.7,22.8157423308271,4.20933333333333,3.93093333333333
"29",2.8,22.7989016,4.35866666666667,3.93
"30",2.9,22.8003171,4.145,3.93
"31",3,22.8266308080808,2.35169565217391,3.93
"32",3.1,22.8141923529412,1.7844,3.93
"33",3.2,22.827759924812,1.58873076923077,3.929
"34",3.3,22.8452417910448,1.738,3.93
"35",3.4,22.8060702985075,1.85121568627451,3.93
"37",3.6,22.7972013235294,4.418,3.934
"38",3.7,22.7952675,4.29560869565217,3.93
"39",3.8,22.7793753731343,4.41697959183673,3.93
"40",3.9,22.7972179699248,2.70406666666667,3.93
"41",4,22.8059587,1.96078260869565,3.93
"42",4.1,22.8156495049505,1.62282608695652,3.92989130434783
"44",4.3,22.8049425373134,1.89733333333333,3.93
"45",4.4,22.8150140601504,1.79588888888889,3.93
"46",4.5,22.7980666,1.82443076923077,3.93
"47",4.6,22.831065,1.9530652173913,3.929
"48",4.7,22.7988021212121,2.01669565217391,3.929
"49",4.8,22.7902592537313,1.90457575757575,3.93
"50",4.9,22.7951047368421,1.27830434782609,3.93
"51",5,22.8027648,1.6132,3.929
"52",5.1,22.8220518,2.18013461538462,3.92967307692308
"53",5.2,22.8192002,2.19373913043478,3.92934782608696
"54",5.3,22.8192965671642,2.27819230769231,3.93
"55",5.4,22.8089705263158,2.294,3.93
"56",5.5,22.7732373134328,1.99894117647059,3.93
"57",5.6,22.8069940298507,1.877125,3.929421875
"58",5.7,22.8050826,2.00083928571429,3.929
"59",5.8,22.7855917821782,2.13382352941177,3.92929411764706
"61",6,22.8034705970149,1.12033333333333,3.93
"62",6.1,22.800820075188,1.68891666666667,3.929
"63",6.2,22.806109,2.20068085106383,3.92942553191489
"64",6.3,22.7734561,2.1952,3.9294
"65",6.4,22.7845629292929,2.25091666666667,3.93
"66",6.5,22.7468034328358,2.35189655172414,3.93
"67",6.6,22.7460163157895,2.324,3.92916666666667
"68",6.7,22.7283438,2.49475,3.93
"69",6.8,22.743755,2.55442857142857,3.93114285714286
"70",6.9,22.7456558,2.2680625,3.93
"71",7,22.7548452941176,2.11209803921569,3.93096078431373
"72",7.1,22.7564648484849,2.067,3.929
"73",7.2,22.7535053731343,1.791,3.93
"74",7.3,22.7656389552239,1.84914893617021,3.93
"75",7.4,22.7553052,1.91024561403509,3.93
"76",7.5,22.7515044776119,0.662375000000001,3.93
"77",7.6,22.7296709774436,0.905549019607843,3.93
"78",7.7,22.7344374626866,1.78452083333333,3.93147916666667
"79",7.8,22.7315512121212,2.51133333333333,3.93078431372549
"80",7.9,22.7207151485149,2.36305,3.9291625
"81",8,22.7602621,2.21478947368421,3.93
"82",8.1,22.7296,2.17962264150944,3.93
"83",8.2,22.7117973134328,2.08015384615385,3.92936538461538
"84",8.3,22.7208111278195,1.75955357142857,3.93
"85",8.4,22.7438506930693,1.89546808510638,3.93
"87",8.6,22.8117007,0.62625,3.93
"88",8.7,22.8154007462687,1.06222448979592,3.93012244897959
"89",8.8,22.7965084848485,1.6067,3.93014
"90",8.9,22.8042024,1.45189285714285,3.93
"91",9,22.7801811111111,1.75778260869565,3.93
"92",9.1,22.774644,1.57915217391304,3.93
"93",9.2,22.7982166176471,1.8065,3.93023913043478
"94",9.3,22.7997468421053,1.85389130434783,3.92958695652174
"95",9.4,22.77477,1.72729787234043,3.93
"96",9.5,22.7821463157895,1.51785454545455,3.93
"97",9.6,22.7790358,2.07865957446807,3.93
"98",9.7,22.7744701980198,3.78386842105263,3.9296447368421
"99",9.8,22.8009312,4.00198275862069,3.93163793103448
"100",9.9,22.7732174626866,1.8141746031746,3.93
"101",10,22.7740143939394,1.73982608695652,3.93
"102",10.1,22.7977666,1.65661818181819,3.93
"103",10.2,22.7999108,1.73405357142857,3.92944642857143
"104",10.3,22.7930898,1.77586956521739,3.93010869565217
"105",10.4,22.7930973134328,2.04318,3.93
"106",10.5,22.8022800757576,1.6219347826087,3.93
"107",10.6,22.8270144554455,1.64752173913043,3.93
"108",10.7,22.8550456565657,3.74416666666667,3.92991666666667
"109",10.8,22.8765904,3.9674,3.9318
"110",10.9,22.8735975,3.53511111111111,3.93
"111",11,22.8681968421053,3.54867924528302,3.93
"112",11.1,22.8978648,3.8225652173913,3.93
"113",11.2,22.8850903030303,3.9475,3.92819565217391
"114",11.3,22.8721666,4.10265217391304,3.929
"115",11.4,22.8763989552239,4.37862264150943,3.93
"116",11.5,22.8599286466165,4.69732608695652,3.93
"117",11.6,22.8626443283582,5.01047826086957,3.93063043478261
"118",11.7,22.8578935820896,5.04691304347826,3.92858695652174
"119",11.8,22.88391,4.98990909090909,3.931
"120",11.9,22.8704772,3.65652173913043,3.93
"121",12,22.9080496,3.6231884057971,3.93
"122",12.1,22.8831092537313,3.8218679245283,3.93
"123",12.2,22.87681,3.91048648648649,3.92840540540541
"124",12.3,22.8528004,4.05302173913044,3.929
"125",12.4,22.8500580808081,4.197375,3.92960416666667
"126",12.5,22.8816593,4.56073913043478,3.93
"127",12.6,22.855666119403,4.9665,3.93
"128",12.7,22.8617733082707,4.9551914893617,3.92978723404255
"129",12.8,22.8837995,5.2612,3.9298
"130",12.9,22.8706042424242,6.3952,3.93
"131",13,22.86274,6.68034042553191,3.93
"132",13.1,22.8651623529412,6.1523043478261,3.9284347826087
"133",13.2,22.8995242105263,4.4835,3.9305
"134",13.3,22.8884591044776,4.67545652173913,3.92965217391304
"135",13.4,22.9091313432836,4.76591304347826,3.93
"136",13.5,22.9202296,4.32313043478261,3.93
"137",13.6,22.9239414,4.6657358490566,3.93
"138",13.7,22.9385942,4.7570652173913,3.92871739130435
"139",13.8,22.9330235820896,4.605,3.929
"140",13.9,22.9441715789474,5.54137037037037,3.93
"141",14,22.965589,6.69497826086956,3.93
"142",14.1,22.9473865656566,5.69864285714287,3.92808928571429
"143",14.2,22.9452063,4.49272727272727,3.92890909090909
"144",14.3,22.9113301492537,4.71926086956522,3.92908695652174
"145",14.4,22.9201747368421,4.44578260869566,3.93
"146",14.5,22.9506177,4.311,3.93
"147",14.6,22.9227468,4.74296,3.92992
"148",14.7,22.9132175757576,4.75854545454545,3.92878787878788
"149",14.8,22.9306682352941,4.58647826086957,3.929
"150",14.9,22.9006231578947,4.5544347826087,3.93
"151",15,22.8917745,4.75252173913043,3.93
"152",15.1,22.8930295,5.394875,3.93
"153",15.2,22.8962039393939,5.01871739130434,3.931
"154",15.3,22.8556320895522,4.90238181818182,3.93
"155",15.4,22.8859633834586,4.81047826086957,3.93
"156",15.5,22.8761831343284,4.63091666666667,3.93
"157",15.6,22.8821353731343,4.69028260869565,3.93017391304348
"158",15.7,22.8687195,4.92569565217391,3.93
"159",15.8,22.856372970297,4.68415094339622,3.93
"160",15.9,22.875531010101,4.57401754385965,3.93
"161",16,22.8495198507463,4.80774468085107,3.93
"162",16.1,22.8559008270677,5.41582142857143,3.93019642857143
"163",16.2,22.8655778,4.98876,3.93064
"164",16.3,22.8643595,4.90776086956522,3.93
"165",16.4,22.8798393939394,4.84522222222222,3.93
"166",16.5,22.8883811940299,4.63017391304348,3.93
"167",16.6,22.8716972932331,4.64352173913044,3.92978260869565
"168",16.7,22.8715328,4.92817391304348,3.93
"169",16.8,22.8866356,4.49556521739132,3.93
"170",16.9,22.8612653535354,3.95757446808511,3.93
"171",17,22.8541145588235,3.99357446808511,3.929
"172",17.1,22.842427518797,3.93008510638298,3.92812765957447
"173",17.2,22.8099280597015,4.1044347826087,3.93082608695652
"174",17.3,22.812623880597,1.64778260869567,3.93
"175",17.4,22.7957061,1.09030434782608,3.93
"176",17.5,22.8056931683168,1.29333962264151,3.93
"177",17.6,22.8189205050505,1.34297872340426,3.931
"178",17.7,22.8063698507463,1.45555555555558,3.92907407407407
"179",17.8,22.8245327819549,3.64164285714285,3.93
"180",17.9,22.8434853,3.9851746031746,3.92996825396825
"181",18,22.8403439,4.00438297872341,3.929
"182",18.1,22.8477727272727,3.92495652173913,3.92808695652174
"183",18.2,22.832828358209,4.11136,3.93092
"184",18.3,22.8251742105263,1.42184210526317,3.93
"185",18.4,22.8195588,1.07764,3.93
"186",18.5,22.8549808,1.2744347826087,3.92882608695652
"187",18.6,22.8352424242424,1.344,3.931
"188",18.7,22.8177088235294,1.40834042553191,3.92917021276596
"189",18.8,22.8291616541353,1.62863043478261,3.93
"190",18.9,22.811682,1.84466666666667,3.93
"191",19,22.7841612,1.83175438596491,3.92964912280702
"192",19.1,22.7803932323232,1.986421875,3.929984375
"193",19.2,22.8101766176471,2.06323076923077,3.93
"194",19.3,22.8064108333333,1.15549056603774,3.93
"195",19.4,22.7905623880597,1.34755357142857,3.93
"196",19.5,22.8060159701493,1.36485714285714,3.93
"197",19.6,22.7791972,1.49169565217391,3.93052173913043
"198",19.7,22.7947787128713,1.522,3.92991304347826
"199",19.8,22.8075824242424,1.62080434782608,3.93
"200",19.9,22.8077131343284,1.70843478260869,3.93
"201",20,22.8136252631579,1.87,3.93
"202",20.1,22.8000592,1.82279365079365,3.92926984126984
"203",20.2,22.7872344,2.00472340425532,3.93
"204",20.3,22.8146365656566,1.03196296296295,3.93
"205",20.4,22.8281941791045,1.269,3.93
"206",20.5,22.8021214285714,1.34078260869565,3.93
"207",20.6,22.8018205,1.48029787234043,3.92925531914894
"208",20.7,22.8345895,1.44134545454546,3.92903636363636
"209",20.8,22.8174929292929,1.54342553191491,3.93
"210",20.9,22.8078908823529,1.38818309859155,3.93
"211",21,22.8172214285714,1.57597014925374,3.92907462686567
"212",21.1,22.8187425373134,1.58464,3.92964
"213",21.2,22.8311158208955,1.67186956521739,3.92891304347826
"214",21.3,22.8406104,1.4986170212766,3.93
"215",21.4,22.8411582352941,1.53665217391304,3.93
"216",21.5,22.8733281818182,1.3616170212766,3.93157446808511
"217",21.6,22.8658902985075,1.44617021276596,3.93
"218",21.7,22.880834962406,1.32595652173913,3.93
"219",21.8,22.8614536,1.689,3.93
"220",21.9,22.858614,1.36652173913043,3.93
"221",22,22.8576724,1.59075471698114,3.92890566037736
"222",22.1,22.8601144776119,1.64157142857142,3.92946428571429
"223",22.2,22.8402845454545,1.70369565217391,3.92813043478261
"224",22.3,22.8469656435644,1.49378260869565,3.93
"225",22.4,22.8233231313131,1.72369565217392,3.93
"226",22.5,22.836967,1.31252173913044,3.93078260869565
"227",22.6,22.8126772058824,1.38569565217391,3.93
"228",22.7,22.8454346616541,1.53100000000001,3.92915217391304
"229",22.8,22.8598064,1.67084782608695,3.93
"230",22.9,22.8728088888889,0.216478260869603,3.92902173913043
"231",23,22.8646445,-0.0207666666666608,3.92946666666667
"232",23.1,22.8667473134328,0.511500000000005,3.92916666666667
"233",23.2,22.8482242857143,0.899489361702128,3.92991489361702
"234",23.3,22.8399868656716,1.32098076923076,3.93
"235",23.4,22.8463971428571,0.589764705882351,3.93
"236",23.5,22.8474682178218,0.697111111111111,3.93
"237",23.6,22.8434504,0.858872340425525,3.92902127659574
"238",23.7,22.826644,0.871957446808512,3.93
"239",23.8,22.8366713432836,0.973931034482756,3.93
"240",23.9,22.827506969697,0.116882352941182,3.92905882352941
"241",24,22.8483788118812,-0.114453333333322,3.93009333333333
"242",24.1,22.8395137373737,0.29506521739129,3.92971739130435
"243",24.2,22.827331,0.893478260869565,3.92891304347826
"244",24.3,22.8595876119403,1.27851063829787,3.93
"245",24.4,22.8522071428571,0.604086956521741,3.93
"246",24.5,22.8599745,0.784260869565218,3.93117391304348
"247",24.6,22.8723637373737,0.856,3.929
"248",24.7,22.847882,0.877363636363634,3.93
"249",24.8,22.8698435294118,0.962489361702125,3.93
"250",24.9,22.8701042857143,0.883507246376808,3.92992753623188
"251",25,22.8667467164179,1.09904347826087,3.929
"252",25.1,22.86273,1.32249019607843,3.93
"253",25.2,22.853508,1.31146808510638,3.929
"254",25.3,22.8444429411765,1.94508510638298,3.92974468085106
"255",25.4,22.8501852631579,2.06497916666667,3.93
"256",25.5,22.8377546268657,2.30691304347827,3.93017391304348
"257",25.6,22.8427479545455,2.45472,3.93096
"258",25.7,22.8324216831683,2.62444,3.93
"259",25.8,22.8192627272727,2.07757446808512,3.93
"260",25.9,22.8344055,1.07525,3.92925
"261",26,22.8360820895522,1.11095744680851,3.92948936170213
"262",26.1,22.8303228571429,1.3626862745098,3.92943137254902
"263",26.2,22.8304415,1.72197872340427,3.92963829787234
"264",26.3,22.8017035,1.96551063829787,3.92846808510638
"265",26.4,22.8115784848485,2.09665384615385,3.93
"266",26.5,22.8201814705882,2.38821276595746,3.92917021276596
"267",26.6,22.8165542857143,2.50215789473684,3.93059649122807
"268",26.7,22.8282685,2.67040425531915,3.93
"269",26.8,22.844372,2.83838461538462,3.93
"270",26.9,22.8166742424242,3.08846808510638,3.92812765957447
"271",27,22.8414828358209,3.27018,3.931
"272",27.1,22.8011794736842,3.28071428571429,3.92910714285714
"273",27.2,22.7962305970149,3.73569565217391,3.93
"274",27.3,22.7761028358209,3.78170588235294,3.9298431372549
"275",27.4,22.778628,5.39959574468085,3.92987234042553
"276",27.5,22.780833,5.48636170212766,3.9308085106383
"277",27.6,22.802603,4.95173913043479,3.93
"278",27.7,22.8174522058824,3.40379166666666,3.93
"279",27.8,22.8026507518797,2.98999999999998,3.93
"280",27.9,22.78379,3.14317021276596,3.92940425531915
"281",28,22.7844404,3.2457868852459,3.931
"282",28.1,22.7992762626263,3.21922580645161,3.92912903225806
"283",28.2,22.7813328358209,3.73693478260869,3.93
"284",28.3,22.7876942857143,3.75266037735849,3.93
"285",28.4,22.790238,5.35899999999996,3.92997872340426
"286",28.5,22.790818,5.52426923076923,3.92996153846154
"287",28.6,22.7798146464646,5.22372340425532,3.93
"288",28.7,22.760397761194,3.73025531914894,3.93
"289",28.8,22.7677158646617,3.48115384615385,3.93
"290",28.9,22.7614097014925,3.56366037735849,3.93090566037736
"291",29,22.7647281343284,3.32021153846154,3.92901923076923
"292",29.1,22.76638,3.55684210526316,3.93
"293",29.2,22.7671598507463,3.33357446808509,3.93
"294",29.3,22.7799814285714,3.81463829787234,3.93
"295",29.4,22.7881197014925,3.304,3.93
"296",29.5,22.7910085714286,3.38249090909091,3.93
"297",29.6,22.789367,3.45936170212766,3.92991489361702
"298",29.7,22.7740365,3.43225,3.93
"299",29.8,22.7771005050505,3.45585507246377,3.93
"300",29.9,22.7903229411765,3.597140625,3.930609375
"301",30,22.75891,3.23562711864407,3.92991525423729
"302",30.1,22.7529925,3.51553191489362,3.93
"303",30.2,22.775671,3.59,3.93
"304",30.3,22.7955012121212,3.49518518518519,3.93
"305",30.4,22.7548474626866,3.50777358490567,3.93
"306",30.5,22.7709373684211,3.22884210526316,3.93
"307",30.6,22.779498,3.41821739130435,3.92930434782609
"308",30.7,22.7832778,3.43295744680851,3.93
"309",30.8,22.7588048484848,3.4746,3.93
"310",30.9,22.7852370149254,3.4006875,3.9280625
"311",31,22.7847332330827,4.47844680851063,3.9291914893617
"312",31.1,22.7900241791045,5.07547826086956,3.93
"313",31.2,22.7985137313433,4.43682608695652,3.93
"314",31.3,22.8088052,3.713125,3.93
"315",31.4,22.7916506930693,3.09278723404257,3.92706382978723
"316",31.5,22.7944876767677,3.05969811320755,3.93
"317",31.6,22.7569794117647,2.44774468085107,3.93
"318",31.7,22.7732571428571,2.50005263157895,3.93
"319",31.8,22.7703225,2.48973076923077,3.93005769230769
"320",31.9,22.7447135,3.26922222222222,3.92816666666667
"321",32,22.7200538383838,4.2208936170213,3.9293829787234
"322",32.1,22.7326535820896,5.05965957446809,3.93
"323",32.2,22.7261112781955,4.46772340425539,3.93
"324",32.3,22.7380382178218,3.7128085106383,3.93
"325",32.4,22.7130855,3.10357446808513,3.92712765957447
"326",32.5,22.7257841414141,3.05202127659574,3.93
"327",32.6,22.7036532835821,2.44204255319148,3.93
"328",32.7,22.688759924812,2.492,3.93
"329",32.8,22.6940845454545,2.47076595744681,3.93031914893617
"330",32.9,22.691006119403,2.9155,3.92960714285714
"331",33,22.7048598,2.71651063829786,3.93057446808511
"332",33.1,22.7256356716418,2.47417647058824,3.93
"333",33.2,22.7359253383459,0.181510638297878,3.93
"334",33.3,22.7205341791045,-0.150021276595748,3.92836170212766
"335",33.4,22.7236427067669,-0.0760425531914868,3.92895744680851
"336",33.5,22.715666,0.229347826086952,3.93
"337",33.6,22.7142294,0.234660377358486,3.93
"338",33.7,22.7352748484848,0.097361702127672,3.93
"339",33.8,22.7483102941177,0.755962264150947,3.93
"340",33.9,22.7518776691729,2.9383829787234,3.92942553191489
"341",34,22.7625658,2.57904255319145,3.93029787234043
"342",34.1,22.775486,2.50100000000001,3.93
"343",34.2,22.7715987878788,0.143326086956531,3.93
"344",34.3,22.7553932352941,-0.135307692307692,3.92861538461538
"345",34.4,22.7617545454545,-0.0864109589041115,3.92853424657534
"346",34.5,22.7410019,0.253717391304342,3.93
"347",34.6,22.7567965,0.283782608695646,3.93
"348",34.7,22.7306753,0.143829787234044,3.93
"349",34.8,22.743357761194,-0.0505555555555569,3.93
"350",34.9,22.7624312121212,-0.0976595744680799,3.93025531914894
"351",35,22.7884117910448,-0.37874468085111,3.92931914893617
"352",35.1,22.7708425373134,-0.5561851851852,3.93
"353",35.2,22.770643,-0.763187499999996,3.93
"354",35.3,22.7730586138614,-0.862468085106379,3.93057446808511
"355",35.4,22.7692442424242,-1.59467924528301,3.92949056603774
"356",35.5,22.7686302941176,-2.03380851063829,3.93
"357",35.6,22.767262556391,-1.77498039215685,3.93
"358",35.7,22.7646974,-0.770851063829834,3.93
"359",35.8,22.7597488,-1.31617021276603,3.93963829787234
"360",35.9,22.8094348484849,-0.38,3.929
"361",36,22.7937377941176,-0.445,3.9291052631579
"362",36.1,22.7948372727273,-0.552345454545455,3.93
"363",36.2,22.7843185,-0.753199999999999,3.93
"364",36.3,22.7919091,-0.83175,3.930375
"365",36.4,22.7978281818182,-1.37825423728815,3.92727118644068
"366",36.5,22.7755664705882,-2.03353191489363,3.93008510638298
"367",36.6,22.7825793939394,-1.87854901960784,3.93
"368",36.7,22.8105,-0.334446808510597,3.93112765957447
"369",36.8,22.8039247014925,-0.877,3.929
"370",36.9,22.7891325,-1.1791914893617,3.9326170212766
"371",37,22.7895470149254,-1.24138461538462,3.92923076923077
"372",37.1,22.7793257575758,-1.50125531914892,3.93
"373",37.2,22.7775114925373,-1.60414035087718,3.93
"374",37.3,22.7681323308271,-1.8348,3.93
"375",37.4,22.7827312,-2.16172727272727,3.929
"376",37.5,22.7712677227723,-2.19025531914893,3.929
"377",37.6,22.7809712,-2.09755319148939,3.93
"378",37.7,22.7828858823529,-3.3841063829787,3.93017021276596
"379",37.8,22.8008063636364,-3.75253999999999,3.92974
"380",37.9,22.8243597029703,-4.22176470588237,3.92923529411765
"381",38,22.7989596969697,-1.75323404255315,3.92902127659574
"382",38.1,22.7823848,-1.49244680851063,3.93
"383",38.2,22.7859717910448,-1.54928571428571,3.93
"384",38.3,22.7799044360902,-1.821,3.93
"385",38.4,22.7789688,-2.13054545454544,3.92909090909091
"386",38.5,22.7617248484848,-2.18455319148935,3.92902127659574
"387",38.6,22.7689544,-2.14393617021281,3.93
"388",38.7,22.7674989552239,-3.36155319148935,3.93008510638298
"389",38.8,22.779367518797,-3.67751063829785,3.92991489361702
"390",38.9,22.7668017910448,-4.37987234042554,3.92921276595745
"391",39,22.7542161654135,-3.63089361702129,3.93
"392",39.1,22.7475143564356,-3.0108148148148,3.93
"393",39.2,22.7460985,-2.83788461538462,3.93
"394",39.3,22.767746,-2.96631914893617,3.93023404255319
"395",39.4,22.7376855882353,-2.82635087719298,3.93061403508772
"396",39.5,22.7162222556391,-2.86074468085106,3.93
"397",39.6,22.707424,-2.90125454545458,3.93
"398",39.7,22.7280715151515,-3.12428301886793,3.93
"399",39.8,22.6932916,-3.84363829787231,3.93078723404255
"400",39.9,22.70248,-3.8736440677966,3.92998305084746
"401",40,22.7077221052632,-3.5767450980392,3.93
"402",40.1,22.7191372,-3.04050909090908,3.93
"403",40.2,22.7091987878788,-2.84630303030303,3.93
"404",40.3,22.7132872,-2.94334042553191,3.93082978723404
"405",40.4,22.7126911940299,-2.851,3.93087234042553
"406",40.5,22.72804,-2.83689361702128,3.92997872340426
"407",40.6,22.7268602985075,-2.86704255319149,3.93
"408",40.7,22.7197722556391,-3.07395744680846,3.931
"409",40.8,22.7242732,-3.808,3.931
"410",40.9,22.7324885074627,-3.77888679245282,3.93
"411",41,22.7364319548872,-2.5473829787234,3.93
"412",41.1,22.7800440298507,-1.45346808510637,3.93
"413",41.2,22.8012610526316,-1.16265957446806,3.92953191489362
"414",41.3,22.8049088,-2.00129787234042,3.93063829787234
"415",41.4,22.802776,-2.34168085106384,3.92948936170213
"416",41.5,22.825436,-2.50009615384616,3.93
"417",41.6,22.8026517647059,-2.47361538461538,3.93
"418",41.7,22.804020075188,-2.18923404255319,3.92934042553191
"419",41.8,22.8214307,-1.89992592592594,3.93005555555556
"420",41.9,22.8033994,-2.46606382978722,3.93046808510638
"421",42,22.7839846464646,-2.51368085106383,3.93
"422",42.1,22.7603570149254,-1.26968085106376,3.93
"423",42.2,22.7970196992481,-1.32619148936169,3.92863829787234
"424",42.3,22.8059528,-2.03748936170213,3.9301914893617
"425",42.4,22.8034432,-2.42870370370371,3.9297037037037
"426",42.5,22.764234040404,-2.50835714285715,3.93
"427",42.6,22.7848707462687,-2.4735,3.93
"428",42.7,22.7718715789474,-2.18853191489362,3.92931914893617
"429",42.8,22.7631004477612,-1.86867346938778,3.93032653061224
"430",42.9,22.780036119403,-1.72099999999999,3.93028571428571
"431",43,22.787556,-1.20881132075471,3.93
"432",43.1,22.7632604,-0.523702127659572,3.93
"433",43.2,22.753808,-0.621228070175427,3.93019298245614
"434",43.3,22.7474805882353,-0.807113207547169,3.92871698113208
"435",43.4,22.7310633834586,-1.18891489361702,3.93
"436",43.5,22.729442,-2.23349056603774,3.93
"437",43.6,22.7398646,-2.34684210526316,3.93
"438",43.7,22.7338185858586,-2.52749122807016,3.93
"439",43.8,22.7192011940299,-2.84291489361702,3.92708510638298
"440",43.9,22.734219924812,-2.9148510638298,3.93
"441",44,22.750458,-1.42991228070176,3.93
"442",44.1,22.7502988,-0.789592592592561,3.93
"443",44.2,22.7768033333333,-0.394315789473692,3.9309298245614
"444",44.3,22.7491737313433,-0.853784313725482,3.93
"445",44.4,22.7504789473684,-0.81499999999997,3.93
"446",44.5,22.7645853731343,-2.04563157894737,3.93
"447",44.6,22.7444601492537,-2.32825,3.93
"448",44.7,22.7259928282828,-2.474875,3.93
"449",44.8,22.7285853731343,-2.81233333333333,3.92780952380952
"450",44.9,22.7307968421053,-2.98621276595744,3.92953191489362
"451",45,22.7443086567164,-3.06174468085108,3.93
"452",45.1,22.7443031578947,-3.266,3.93
"453",45.2,22.7446232,-3.295,3.93
"454",45.3,22.7475832673267,-3.52969230769231,3.93080769230769
"455",45.4,22.7456106060606,-3.63568085106384,3.93042553191489
"456",45.5,22.7476719117647,-3.53700000000001,3.93
"457",45.6,22.7498029323308,-3.7088,3.93
"458",45.7,22.7473716,-2.33420408163267,3.92963265306122
"459",45.8,22.7421888,-1.85321276595745,3.929
"460",45.9,22.7391870707071,-2.09427659574467,3.93
"461",46,22.7506353731343,-3.1912340425532,3.93
"462",46.1,22.7373973684211,-3.26418867924529,3.93
"463",46.2,22.7516265,-3.32429787234041,3.93
"464",46.3,22.7659142,-3.51805882352942,3.93121568627451
"465",46.4,22.7545481818182,-3.65689361702128,3.93
"466",46.5,22.7469711764706,-3.60155319148938,3.93
"467",46.6,22.7528318181818,-3.53287499999993,3.92979166666667
"468",46.7,22.76245,-1.96018181818182,3.92981818181818
"469",46.8,22.767251119403,-1.76339215686276,3.9291568627451
"470",46.9,22.7609983,-2.21159574468089,3.93
"471",47,22.7525128712871,-3.49383928571431,3.93
"472",47.1,22.7426670707071,-4.33948936170216,3.92989361702128
"473",47.2,22.7588482352941,-4.96039999999998,3.933
"474",47.3,22.768112556391,-5.65053191489362,3.9293829787234
"475",47.4,22.7601948,-6.11063829787235,3.93
"476",47.5,22.7298976,-6.49171698113208,3.93
"477",47.6,22.7369802020202,-6.88542553191492,3.92927659574468
"478",47.7,22.7280080597015,-6.98255000000002,3.92928333333333
"479",47.8,22.7513673684211,-6.93450000000001,3.93086111111111
"480",47.9,22.7760037,-6.83342857142857,3.93
"481",48,22.7537771,-5.03057446808509,3.93
"482",48.1,22.7319509090909,-4.12601587301591,3.93
"483",48.2,22.7306211940299,-4.87079166666666,3.93202083333333
"484",48.3,22.7268497744361,-5.50348936170214,3.929
"485",48.4,22.7173146268657,-5.96260000000001,3.9302
"486",48.5,22.7331744029851,-6.39536170212766,3.93
"487",48.6,22.7503754545455,-6.76759574468085,3.93
"488",48.7,22.7647152941176,-7.0551052631579,3.92873684210526
"489",48.8,22.7668709090909,-6.92454716981132,3.93071698113208
"490",48.9,22.7701717910448,-6.83714814814815,3.93
"491",49,22.7593078947368,-6.64423076923077,3.93
"492",49.1,22.738663,-6.53013725490195,3.9293137254902
"493",49.2,22.7300097029703,-7.99882692307692,3.92928846153846
"494",49.3,22.7357963636364,-9.34716326530611,3.931
"495",49.4,22.7731011764706,-10.7594181818182,3.93
"496",49.5,22.7708642105263,-10.6443636363636,3.93
"497",49.6,22.7602117,-10.4398148148148,3.93
"498",49.7,22.7464305,-10.6256964285714,3.92923214285714
"499",49.8,22.7622578,-10.9814545454545,3.92672727272727
"500",49.9,22.7597795522388,-11.1405769230769,3.92942307692308
"501",50,22.75848,-11.4582142857143,3.93
"502",50.1,22.7813082178218,-9.38769230769213,3.92932692307692
"503",50.2,22.7663763636364,-7.31283333333326,3.92941666666667
"504",50.3,22.7395071641791,-8.94512765957443,3.93068085106383
"505",50.4,22.7580417821782,-10.5415106382979,3.9301914893617
"506",50.5,22.7667459090909,-10.6382040816326,3.93
"507",50.6,22.7664911940299,-10.407,3.93
"508",50.7,22.7644785074627,-10.6581071428571,3.92903571428571
"509",50.8,22.7718626,-11.1048867924528,3.92707547169811
"510",50.9,22.7637261,-11.2248888888889,3.92988888888889
"511",51,22.7715005,-11.6064893617022,3.93
"512",51.1,22.7623244117647,-11.9673191489362,3.93008510638298
"513",51.2,22.7616376515152,-12.3587234042553,3.92842553191489
"514",51.3,22.7920569306931,-12.6095454545455,3.93141818181818
"515",51.4,22.7756223232323,-12.9976170212766,3.93
"516",51.5,22.7727283,-13.4056595744681,3.93
"517",51.6,22.7436426865672,-13.8685319148936,3.92976595744681
"518",51.7,22.7059304545455,-13.91928,3.929
"519",51.8,22.6997901980198,-15.198,3.92903921568627
"520",51.9,22.7122981818182,-15.4233333333333,3.93
"521",52,22.708642,-14.8528723404255,3.92995744680851
"522",52.1,22.6814402985075,-13.01,3.929
"523",52.2,22.6847415037594,-12.305,3.92875
"524",52.3,22.6797594029851,-12.5283818181818,3.93141818181818
"525",52.4,22.68272,-12.8935744680851,3.93
"526",52.5,22.684231,-12.3258333333334,3.93
"527",52.6,22.6952270149254,-13.88,3.93
"528",52.7,22.6771989473684,-13.8128297872339,3.929
"529",52.8,22.6745095522388,-15.1920625,3.9290625
"530",52.9,22.698375112782,-15.4483134328358,3.93
"531",53,22.700265,-15.0337346938776,3.93
"532",53.1,22.696952,-15.3795094339623,3.92922641509434
"533",53.2,22.704741,-15.600358490566,3.92977358490566
"534",53.3,22.7066041176471,-14.8668085106383,3.92912765957447
"535",53.4,22.7208531578947,-17.6864461538461,3.92972307692308
"536",53.5,22.7198625,-17.2646808510638,3.93
"537",53.6,22.69872,-16.6023404255319,3.92912765957447
"538",53.7,22.667021,-19.3550000000001,3.92987037037037
"539",53.8,22.6657270149254,-18.8809583333333,3.93008333333333
"540",53.9,22.6543556390977,-18.6938510638298,3.93
"541",54,22.646681,-21.5335161290323,3.93090322580645
"542",54.1,22.6516170707071,-18.2371896551723,3.93
"543",54.2,22.6493928,-15.55675,3.929875
"544",54.3,22.6581213432836,-14.8092291666667,3.92902083333333
"545",54.4,22.6796739097744,-17.9000638297872,3.93
"546",54.5,22.6665211940299,-17.083,3.93
"547",54.6,22.6676880597015,-17.1574042553194,3.929
"548",54.7,22.657034,-19.2427083333333,3.93058333333333
"549",54.8,22.656047,-18.815224137931,3.93
"550",54.9,22.656561,-19.3000212765957,3.93
"551",55,22.6568258823529,-21.467693877551,3.93065306122449
"552",55.1,22.6601447368421,-20.85425,3.929625
"553",55.2,22.664957,-20.7751666666667,3.93070833333333
"554",55.3,22.6714127272727,-22.861375,3.929375
"555",55.4,22.653549,-21.7746595744681,3.93
"556",55.5,22.6773329850746,-21.3298723404255,3.93
"557",55.6,22.7108472932331,-20.9988507462688,3.93002985074627
"558",55.7,22.734663,-23.8713404255319,3.92951063829787
"559",55.8,22.738095,-23.0147872340426,3.92987234042553
"560",55.9,22.7499938383838,-22.6745909090909,3.93
"561",56,22.7476235820896,-24.0404716981132,3.93
"562",56.1,22.7373595488722,-24.6523617021275,3.93
"563",56.2,22.7301695522388,-20.9048936170213,3.92968085106383
"564",56.3,22.7393068656716,-21.8671063829787,3.92953191489362
"565",56.4,22.7585133333333,-22.051170212766,3.93
"566",56.5,22.7463186567164,-21.4532340425532,3.93
"567",56.6,22.7478118045113,-20.9795555555556,3.93
"568",56.7,22.7411313432836,-23.8693673469388,3.92944897959184
"569",56.8,22.7415603007519,-23.0285744680851,3.92974468085106
"570",56.9,22.7499929,-22.6648333333333,3.93
"571",57,22.7403559405941,-25.3496800000002,3.93
"572",57.1,22.7449944444444,-24.7949574468085,3.93
"573",57.2,22.7404836764706,-24.2281509433962,3.929
"574",57.3,22.7614738345865,-25.5986808510637,3.93
"575",57.4,22.751975,-26.9167021276596,3.93
"576",57.5,22.746222,-26.4681914893617,3.93068085106383
"577",57.6,22.7306423232323,-26.1480384615384,3.92926923076923
"578",57.7,22.720441641791,-25.7235,3.93
"579",57.8,22.7330912030075,-24.9745438596491,3.93
"580",57.9,22.7267812,-24.5437234042553,3.93
"581",58,22.7121141,-25.9884893617022,3.93
"582",58.1,22.7475988888889,-26.7247246376811,3.93127536231884
"583",58.2,22.7125111940299,-24.8162352941177,3.929
"584",58.3,22.7207481203008,-24.3302553191487,3.93
"585",58.4,22.7123352238806,-27.0264893617021,3.93
"586",58.5,22.7376318656716,-26.54382,3.93018
"587",58.6,22.7181249,-26.254,3.92988888888889
"588",58.7,22.7474008910891,-26.1851875000001,3.93
"589",58.8,22.7195506060606,-25.1063191489362,3.93
"590",58.9,22.7127168656716,-24.5722962962963,3.93
"591",59,22.7258692481203,-24.7095,3.93
"592",59.1,22.7361758,-27.2434909090909,3.93192727272727
"593",59.2,22.7295489,-26.4003157894737,3.93094736842105
"594",59.3,22.7153922222222,-26.0581509433962,3.9291320754717
"595",59.4,22.7260641176471,-28.4585531914894,3.93
"596",59.5,22.7161561654135,-27.32208,3.93
"597",59.6,22.7380947761194,-26.7507037037038,3.92996296296296
"598",59.7,22.7441249253731,-29.1109791666665,3.9309375
"599",59.8,22.7409175757576,-28.0235294117647,3.93
"600",59.9,22.7238192537313,-27.5461276595745,3.93
"601",60,22.7188784210526,-28.078255319149,3.92910638297872
"602",60.1,22.7350013432836,-27.4295573770492,3.9305737704918
"603",60.2,22.7256098496241,-26.6559807692308,3.92926923076923
"604",60.3,22.7010533333333,-26.0545555555556,3.92938888888889
"605",60.4,22.7027170588235,-27.8619607843138,3.93
"606",60.5,22.6991866666667,-27.50884,3.93
"607",60.6,22.7000110447761,-26.9339433962264,3.93
"608",60.7,22.7063027067669,-27.8752837837836,3.92885135135135
"609",60.8,22.7224208,-28.5476818181818,3.93171212121212
"610",60.9,22.7025489108911,-27.8600425531915,3.93
"611",61,22.7017044444444,-27.4245769230769,3.93
"612",61.1,22.6917829411765,-27.9464285714285,3.929
"613",61.2,22.7012773684211,-27.154085106383,3.92940425531915
"614",61.3,22.7096717910448,-27.067875,3.93045833333333
"615",61.4,22.6928858208955,-30.5336875,3.93
"616",61.5,22.6848595959596,-29.4317857142857,3.93
"617",61.6,22.7193980597015,-29.1824,3.9294
"618",61.7,22.6906755639098,-31.8755384615385,3.92959615384615
"619",61.8,22.6874425373134,-30.7771063829787,3.92955319148936
"620",61.9,22.707435112782,-30.3872105263158,3.93
"621",62,22.7307577777778,-33.4948793103449,3.92939655172414
"622",62.1,22.7384247058824,-33.0845882352941,3.93005882352941
"623",62.2,22.7251366666667,-32.354701754386,3.92917543859649
"624",62.3,22.7394464179105,-38.6949999999998,3.93
"625",62.4,22.7251333834586,-32.145,3.93
"626",62.5,22.7257676,-29.6218936170213,3.93
"627",62.6,22.7327854455446,-29.1107692307692,3.92976923076923
"628",62.7,22.7436633333333,-32.26988,3.92908
"629",62.8,22.687577761194,-30.8950188679245,3.9291320754717
"630",62.9,22.6863645864662,-30.4700212765958,3.93
"631",63,22.6879176,-33.4071914893617,3.92927659574468
"632",63.1,22.7284076,-32.8817083333333,3.93039583333333
"633",63.2,22.7134572727273,-32.3125744680851,3.92887234042553
"634",63.3,22.7067594117647,-35.0023404255319,3.92776595744681
"635",63.4,22.7053006766917,-36.1343684210526,3.93
"636",63.5,22.7153302985075,-35.255625,3.92989583333333
"637",63.6,22.6994142537313,-34.7323404255319,3.92921276595745
"638",63.7,22.7091266666667,-36.0086666666664,3.93133333333333
"639",63.8,22.7055147058824,-39.1407037037037,3.9292962962963
"640",63.9,22.69647,-38.0653561643836,3.93
"641",64,22.6951302985075,-37.644,3.92955813953488
"642",64.1,22.7331490225564,-37.2052142857142,3.92992857142857
"643",64.2,22.74314,-41.5957708333331,3.929
"644",64.3,22.743347761194,-41.7349361702128,3.92825531914894
"645",64.4,22.7450909090909,-40.2781454545455,3.93
"646",64.5,22.7478617910448,-35.7803829787235,3.93112765957447
"647",64.6,22.7586403007519,-34.874,3.929
"648",64.7,22.7691959,-34.4334210526316,3.9300701754386
"649",64.8,22.7666071287129,-39.5542553191495,3.93008510638298
"650",64.9,22.7527184,-38.6085925925926,3.93
"651",65,22.7554889552239,-37.6984705882353,3.92998039215686
"652",65.1,22.7560758646617,-37.1699787234042,3.92995744680851
"653",65.2,22.7526655223881,-41.6205416666665,3.929
"654",65.3,22.7638658955224,-41.7164255319148,3.92829787234043
"655",65.4,22.7660662,-40.4732340425532,3.93
"656",65.5,22.750482238806,-40.08928,3.93
"657",65.6,22.7574633333333,-42.7152037037037,3.93
"658",65.7,22.7621455223881,-43.698350877193,3.93156140350877
"659",65.8,22.7656233082707,-42.8613617021277,3.93
"660",65.9,22.7678636,-42.2528510638298,3.93
"661",66,22.7621455223881,-41.7011034482759,3.92927586206897
"662",66.1,22.7545488636364,-48.7618333333332,3.93004166666667
"663",66.2,22.7407998507463,-47.1412978723405,3.92970212765958
"664",66.3,22.7521561654135,-46.1707446808511,3.93
"665",66.4,22.736885,-44.8259375,3.93
"666",66.5,22.7369805940594,-40.6209411764706,3.93
"667",66.6,22.7588036363636,-42.4834680851068,3.93
"668",66.7,22.7657073134328,-43.6635102040816,3.93169387755102
"669",66.8,22.7645542105263,-42.8446666666666,3.93
"670",66.9,22.7391077,-42.2367234042553,3.93
"671",67,22.7319824,-41.6482807017544,3.92991228070175
"672",67.1,22.733407979798,-48.4703333333333,3.93043137254902
"673",67.2,22.7249635294118,-46.9720212765957,3.92897872340426
"674",67.3,22.732260075188,-46.0202340425532,3.93
"675",67.4,22.7296767164179,-45.380125,3.93
"676",67.5,22.7258844776119,-47.1089999999997,3.93
"677",67.6,22.7250948,-49.6557058823529,3.92935294117647
"678",67.7,22.7345165671642,-48.187,3.93
"679",67.8,22.7423954135338,-47.5007234042553,3.92982978723404
"680",67.9,22.7491249253731,-46.9563035714285,3.93
"681",68,22.7572239097744,-51.0139999999997,3.93
"682",68.1,22.7493752,-50.7818510638298,3.93044680851064
"683",68.2,22.739971641791,-49.7883333333334,3.92866666666667
"684",68.3,22.7455590909091,-49.19312,3.93
"685",68.4,22.75529,-47.3409787234041,3.93
"686",68.5,22.753001969697,-46.7106428571426,3.93
"687",68.6,22.739623960396,-49.7126170212766,3.92942553191489
"688",68.7,22.7667438,-48.3026170212766,3.93
"689",68.8,22.7800593,-47.5492653061224,3.92959183673469
"690",68.9,22.7728329411765,-47.0462340425532,3.93
"691",69,22.7659811363636,-50.8968936170207,3.93
"692",69.1,22.7645939705882,-50.7448620689655,3.93039655172414
"693",69.2,22.7543292481203,-49.8411071428571,3.92892857142857
"694",69.3,22.753132,-49.238,3.93
"695",69.4,22.7816149253731,-48.8754255319149,3.93
"696",69.5,22.7749394736842,-53.7292978723404,3.93
"697",69.6,22.7772055223881,-52.8311428571428,3.92957142857143
"698",69.7,22.7715179545455,-51.8423617021277,3.93
"699",69.8,22.7957438,-51.0210851063829,3.93
"700",69.9,22.7785680597015,-54.4931694915252,3.93
"701",70,22.7807735338346,-55.5565319148937,3.92946808510638
"702",70.1,22.7834950746269,-54.2918085106383,3.92897872340426
"703",70.2,22.7628363636364,-53.39304,3.93152
"704",70.3,22.7339950980392,-57.3178846153848,3.93
"705",70.4,22.7186708,-53.2758541666672,3.93
"706",70.5,22.6832276,-53.7221929824561,3.93
"707",70.6,22.7105789552239,-52.876875,3.9296875
"708",70.7,22.7093802272727,-51.8538936170214,3.93
"709",70.8,22.6864797,-51.071,3.93
"710",70.9,22.6882071717172,-53.0689807692306,3.93
"711",71,22.7143944,-55.7291267605634,3.92977464788732
"712",71.1,22.7260211764706,-54.4657659574467,3.92708510638298
"713",71.2,22.7331346969697,-53.509,3.93375
"714",71.3,22.7307364179104,-53.103649122807,3.93
"715",71.4,22.7317302238806,-58.3502830188678,3.93
"716",71.5,22.7117436,-56.8073454545455,3.93101818181818
"717",71.6,22.7161731343284,-56.0494893617021,3.93102127659574
"718",71.7,22.705270075188,-57.2769574468085,3.92906382978723
"719",71.8,22.7111419402985,-60.3737647058823,3.93
"720",71.9,22.7083197744361,-59.3341249999999,3.93
"721",72,22.6927112,-58.4244255319149,3.93
"722",72.1,22.71293,-62.3837586206899,3.93229310344828
"723",72.2,22.7095128571429,-61.6875833333334,3.92916666666667
"724",72.3,22.705453030303,-60.5045744680851,3.93
"725",72.4,22.7095004511278,-64.7896610169491,3.93
"726",72.5,22.6966224,-60.8877708333342,3.93064583333333
"727",72.6,22.6860446,-56.1455294117647,3.93129411764706
"728",72.7,22.71003,-56.9991914893615,3.92921276595745
"729",72.8,22.7058444117647,-60.8089259259258,3.93
"730",72.9,22.6989415037594,-59.4044042553191,3.93
"731",73,22.7128129850746,-58.4641063829788,3.93
"732",73.1,22.6958205263158,-62.9768723404255,3.93157446808511
"733",73.2,22.6915663,-61.383085106383,3.92987234042553
"734",73.3,22.6897516176471,-60.4247659574468,3.93
"735",73.4,22.6980666165414,-65.247090909091,3.93
"736",73.5,22.7030755223881,-63.4061600000002,3.93096
"737",73.6,22.7093186363636,-62.609875,3.929125
"738",73.7,22.7310763,-68.2212456140348,3.9300350877193
"739",73.8,22.7260959090909,-66.3460625,3.93
"740",73.9,22.7074907518797,-63.9672916666667,3.93004166666667
"741",74,22.690986119403,-62.8542413793104,3.93193103448276
"742",74.1,22.7248527067669,-65.0515416666666,3.93004166666667
"743",74.2,22.761968,-65.1393617021275,3.92914893617021
"744",74.3,22.7377578,-65.3967090909091,3.93
"745",74.4,22.730495,-66.6078125,3.9299375
"746",74.5,22.7075589552239,-63.8473333333334,3.93183333333333
"747",74.6,22.675587593985,-63.1482765957448,3.9293829787234
"748",74.7,22.655461,-67.9019423076924,3.93
"749",74.8,22.6413284848485,-66.2382499999999,3.93
"750",74.9,22.6630895,-64.1815294117648,3.93
"751",75,22.67051,-63.1016808510639,3.93144680851064
"752",75.1,22.657982556391,-64.9614042553191,3.92910638297872
"753",75.2,22.6405262686567,-64.8369399999999,3.92976
"754",75.3,22.6507386466165,-65.3824680851063,3.93
"755",75.4,22.634409,-66.7185,3.93
"756",75.5,22.6513040298507,-67.4342553191489,3.93070212765957
"757",75.6,22.6535262406015,-67.7669361702128,3.9246170212766
"758",75.7,22.6562046268657,-69.118,3.931
"759",75.8,22.6379330075188,-69.225625,3.93
"760",75.9,22.6436015151515,-69.20725,3.93
"761",76,22.646621641791,-69.373,3.929
"762",76.1,22.6362567669173,-69.155,3.929
"763",76.2,22.6186067164179,-68.84445,3.93
"764",76.3,22.6401223308271,-67.9975957446807,3.93
"765",76.4,22.650403,-67.4218510638299,3.93
"766",76.5,22.6341847524752,-67.7404375000002,3.93014583333333
"767",76.6,22.6721882828283,-68.961829787234,3.92948936170213
"768",76.7,22.7072769117647,-69.1834893617021,3.9308085106383
"769",76.8,22.7012495488722,-69.2958823529412,3.93
"770",76.9,22.7160180597015,-69.4426071428571,3.92939285714286
"771",77,22.7225246268657,-69.2429361702128,3.92829787234043
"772",77.1,22.7035801010101,-69.0775,3.92941666666667
"773",77.2,22.7004873134328,-68.7489814814815,3.93
"774",77.3,22.719739924812,-67.875,3.93
"775",77.4,22.7191547761194,-68.2545833333331,3.93
"776",77.5,22.7104036090226,-70.6908297872341,3.93006382978723
"777",77.6,22.7012571717172,-70.9197547169812,3.92966037735849
"778",77.7,22.6923825373134,-71.4515689655172,3.93
"779",77.8,22.7119793233083,-71.8770416666667,3.92954166666667
"780",77.9,22.7110514925373,-72.9820625,3.928875
"781",78,22.7111623308271,-72.999,3.93
"782",78.1,22.7189805,-72.6651355932203,3.92952542372881
"783",78.2,22.7190717821782,-72.8675714285714,3.93
"784",78.3,22.7334134343434,-75.6875614035088,3.93
"785",78.4,22.7481102985075,-74.6927234042552,3.929
"786",78.5,22.7455281954887,-70.7169166666667,3.92991666666667
"787",78.6,22.74081,-70.8938214285714,3.93014285714286
"788",78.7,22.7326045,-71.4070625,3.93
"789",78.8,22.7432996969697,-71.8214912280702,3.92970175438596
"790",78.9,22.74577,-72.7969285714286,3.92985714285714
"791",79,22.7276831578947,-72.9913333333333,3.93095833333333
"792",79.1,22.7287834328358,-72.6946785714286,3.92994642857143
"793",79.2,22.7450508955224,-72.742375,3.93
"794",79.3,22.7459432323232,-75.6878571428572,3.93
"795",79.4,22.750067761194,-75.4971666666667,3.929
"796",79.5,22.7362798496241,-75.3301818181818,3.929
"797",79.6,22.7420676119403,-75.6843404255319,3.92936170212766
"798",79.7,22.7297764661654,-76.5138148148148,3.93
"799",79.8,22.7408521212121,-78.9298749999998,3.93
"800",79.9,22.7325505882353,-78.7372500000001,3.92941666666667
"801",80,22.7444645454545,-81.6113559322033,3.93128813559322
"802",80.1,22.7371620895522,-83.6677234042554,3.93082978723404
"803",80.2,22.7473889473684,-84.391425531915,3.93
"804",80.3,22.7718788,-84.5896153846155,3.93
"805",80.4,22.7358311881188,-86.7051666666666,3.93083333333333
"806",80.5,22.7315651515152,-83.578276595745,3.92897872340426
"807",80.6,22.7310452941176,-75.660875,3.92920833333333
"808",80.7,22.7269660150376,-76.2056666666666,3.93
"809",80.8,22.7403502985075,-79.7124255319148,3.93
"810",80.9,22.7364332835821,-78.7620851063829,3.92946808510638
"811",81,22.7414981818182,-81.7666808510636,3.93097872340426
"812",81.1,22.727627761194,-83.7599375,3.9305625
"813",81.2,22.7203869172932,-84.3062500000001,3.93
"814",81.3,22.7273580597015,-84.6967021276597,3.93
"815",81.4,22.7123020300752,-86.6961153846154,3.93080769230769
"816",81.5,22.7098687878788,-86.7818947368421,3.92842105263158
"817",81.6,22.69755,-87.1593125,3.93
"818",81.7,22.7054290909091,-87.8277307692308,3.93
"819",81.8,22.7452585074627,-89.0328510638301,3.93070212765957
"820",81.9,22.7305078947368,-92.3755833333333,3.9274375
"821",82,22.717598,-92.3781063829787,3.928
"822",82.1,22.7286564705882,-92.6388510638298,3.9293829787234
"823",82.2,22.7308409090909,-92.8988723404255,3.93
"824",82.3,22.72872,-94.5306382978724,3.93
"825",82.4,22.7460436842105,-95.2764042553191,3.931
"826",82.5,22.7477124,-90.7975384615386,3.93
"827",82.6,22.7273352,-87.2768085106383,3.93
"828",82.7,22.76349,-87.6473454545455,3.93
"829",82.8,22.7501464705882,-90.8152083333336,3.92945833333333
"830",82.9,22.7504290909091,-92.3238333333333,3.929125
"831",83,22.7413740298507,-92.4520909090909,3.928
"832",83.1,22.751846641791,-92.669568627451,3.92954901960784
"833",83.2,22.766776,-93.008875,3.93
"834",83.3,22.7681317910448,-94.5624255319149,3.93
"835",83.4,22.7619979699248,-95.3196666666667,3.931
"836",83.5,22.736757761194,-95.8556363636363,3.92836363636364
"837",83.6,22.7441463636364,-95.9343636363636,3.93
"838",83.7,22.7541156,-96.8924999999999,3.93
"839",83.8,22.7419674626866,-97.7250000000001,3.929
"840",83.9,22.7468121052632,-98.7156170212766,3.93046808510638
"841",84,22.7342285074627,-99.1226363636364,3.929
"842",84.1,22.7448559090909,-99.3442978723405,3.93
"843",84.2,22.7727542574257,-100.216,3.9295
"844",84.3,22.7638184,-99.4721111111111,3.93155555555556
"845",84.4,22.7351688,-99.9086,3.92916
"846",84.5,22.7514141176471,-100.381430769231,3.92910769230769
"847",84.6,22.7491287969925,-98.1726170212764,3.93023404255319
"848",84.7,22.7461385,-96.4819787234043,3.93
"849",84.8,22.7551803030303,-97.3315370370371,3.92912962962963
"850",84.9,22.7467676,-98.4636595744681,3.93112765957447
"851",85,22.7413976119403,-99.136,3.929
"852",85.1,22.7217015789474,-99.1822500000001,3.93
"853",85.2,22.6943332835821,-100.390666666667,3.92983333333333
"854",85.3,22.6977657894737,-99.4911851851852,3.93192592592593
"855",85.4,22.6686756,-99.8577924528302,3.92901886792453
"856",85.5,22.6659614925373,-100.371842105263,3.92915789473684
"857",85.6,22.6636021052632,-101.036936170213,3.93093617021277
"858",85.7,22.6733444776119,-101.58802,3.93
"859",85.8,22.6885725,-102.112255319149,3.929
"860",85.9,22.7052814,-102.854595744681,3.92968085106383
"861",86,22.69492,-104.404,3.929125
"862",86.1,22.6691373684211,-104.880727272727,3.92945454545455
"863",86.2,22.6749165671642,-106.089115384615,3.93
"864",86.3,22.6769684210526,-107.126482142857,3.93
"865",86.4,22.679648,-107.399583333333,3.92941666666667
"866",86.5,22.6534054545455,-107.824,3.93
"867",86.6,22.6669862,-105.243041666666,3.93
"868",86.7,22.6774925,-101.67316,3.93
"869",86.8,22.6640310526316,-102.195121212121,3.929
"870",86.9,22.6622213432836,-102.975729166667,3.92952083333333
"871",87,22.6850421052632,-104.452106382979,3.9288085106383
"872",87.1,22.7100512,-104.879666666667,3.92952083333333
"873",87.2,22.729586119403,-106.072574468085,3.93
"874",87.3,22.7238210526316,-107.153361702128,3.93
"875",87.4,22.7216465671642,-107.471170212766,3.92963829787234
"876",87.5,22.7104294736842,-107.839425531915,3.93053191489362
"877",87.6,22.7093745454545,-107.821787234043,3.93
"878",87.7,22.7154676119403,-109.9438125,3.93
"879",87.8,22.7078743283582,-110.53306122449,3.93073469387755
"880",87.9,22.7230794029851,-110.73,3.92947169811321
"881",88,22.7169073684211,-111.249875,3.9291875
"882",88.1,22.7050784,-112.004957446809,3.93
"883",88.2,22.7158344,-113.071914893617,3.93
"884",88.3,22.7603132323232,-113.817291666667,3.93
"885",88.4,22.73574,-114.168574468085,3.93
"886",88.5,22.7315578947368,-115.235875,3.929125
"887",88.6,22.7368992,-108.762083333333,3.93
"888",88.7,22.7421408,-110.364510638298,3.93
"889",88.8,22.7368544444444,-110.4309375,3.9296875
"890",88.9,22.7553858208955,-110.929698412698,3.93
"891",89,22.771034962406,-111.403212765957,3.92929787234043
"892",89.1,22.7911756716418,-112.322659574468,3.93
"893",89.2,22.825836119403,-113.240888888889,3.93
"894",89.3,22.8394012121212,-113.900291666667,3.93045833333333
"895",89.4,22.8307285074627,-114.472035714286,3.93
"896",89.5,22.8391555639098,-115.7114,3.9294
"897",89.6,22.826503880597,-116.714,3.93
"898",89.7,22.8164078195489,-118.25785106383,3.92968085106383
"899",89.8,22.8342867,-119.157,3.9269
"900",89.9,22.8331585074627,-117.2958125,3.93028125
"901",90,22.8335630075188,-117.613484848485,3.93
"902",90.1,22.8161713432836,-118.188604166667,3.93
"903",90.2,22.798917443609,-119.101411764706,3.93
"904",90.3,22.8176904,-120.000833333333,3.9335
"905",90.4,22.8210759,-121.287127659575,3.93029787234043
"906",90.5,22.8047,-122.81925,3.930375
"907",90.6,22.8042394117647,-123.738361702128,3.93
"908",90.7,22.8119036090226,-124.444435643564,3.92993069306931
"909",90.8,22.8254255223881,-125.171941176471,3.92911764705882
"910",90.9,22.8284591044776,-125.342,3.93075
"911",91,22.8378503030303,-125.594524752475,3.92531683168317
"912",91.1,22.8219071641791,-125.57675,3.92912962962963
"913",91.2,22.7951520300752,-125.40175,3.93098148148148
"914",91.3,22.7676189552239,-125.148352941176,3.92907843137255
"915",91.4,22.7502370676692,-125.014286956522,3.93
"916",91.5,22.7438113131313,-124.669069565217,3.93
"917",91.6,22.7530925373134,-125.555583333333,3.93
"918",91.7,22.7366258646617,-126.6145,3.93095833333333
"919",91.8,22.7353343283582,-127.187672727273,3.92978181818182
"920",91.9,22.7369883458647,-127.308581818182,3.92705454545455
"921",92,22.7323176,-127.570279279279,3.92993693693694
"922",92.1,22.748331980198,-127.717126126126,3.92903603603604
"923",92.2,22.7337052525253,-128.226581818182,3.92703636363636
"924",92.3,22.7426282352941,-128.505672727273,3.92885454545455
"925",92.4,22.7464760902256,-128.907227722772,3.93
"926",92.5,22.7464112,-129.186171717172,3.93
"927",92.6,22.7444351,-129.633871287129,3.93
"928",92.7,22.752594040404,-129.943672897196,3.93
"930",92.9,22.7404182706767,-130.526366972477,3.93092660550459
"931",93,22.747561641791,-130.83095412844,3.93000917431193
"932",93.1,22.7573935074627,-131.134575757576,3.92815151515151
"933",93.2,22.7510790909091,-131.160375,3.932875
"934",93.3,22.7532291044776,-131.35824,3.93
"935",93.4,22.7597145112782,-131.726405940594,3.93
"936",93.5,22.7583652238806,-132.274029411765,3.92993137254902
"937",93.6,22.7494392481203,-132.868721649485,3.92905154639175
"938",93.7,22.7285522,-133.104814814815,3.93007407407407
"940",93.9,22.7221194736842,-134.149763636364,3.93098181818182
"941",94,22.7069947761194,-134.737945454545,3.93007272727273
"942",94.1,22.7076840601504,-135.357717171717,3.931
"943",94.2,22.716478,-135.48504950495,3.93092079207921
"944",94.3,22.7152502,-135.978454545455,3.93
"945",94.4,22.7218627272727,-136.554786407767,3.93
"946",94.5,22.7286882352941,-137.255948453608,3.92994845360825
"947",94.6,22.7448393984962,-137.381534653465,3.929
"948",94.7,22.7649982089552,-135.648666666667,3.92919444444444
"949",94.8,22.7436776865672,-135.715333333333,3.93197222222222
"950",94.9,22.7277983838384,-136.633230769231,3.93030769230769
"951",95,22.7363270588235,-137.996719626168,3.92993457943925
"953",95.2,22.7312156716418,-139.215056603774,3.92907547169811
"954",95.3,22.7330327067669,-139.927142857143,3.93
"955",95.4,22.740048,-140.564659793814,3.93
"956",95.5,22.7547726865672,-141.876,3.93
"957",95.6,22.7633947727273,-143.132730769231,3.93
"958",95.7,22.7641582089552,-144.187307692308,3.93
"959",95.8,22.7586712781955,-144.904243697479,3.93066386554622
"960",95.9,22.7649006,-145.269789915966,3.92646218487395
"961",96,22.7728065346535,-145.409171428571,3.92939047619048
"962",96.1,22.7423545454545,-145.412222222222,3.93
"963",96.2,22.7662022058823,-145.251777777778,3.93084444444444
"964",96.3,22.7847029323308,-145.64097,3.93
"965",96.4,22.7939198,-145.914770642202,3.93
"966",96.5,22.7750684,-146.225779816514,3.93
"967",96.6,22.7796690909091,-146.801037037037,3.93
"968",96.7,22.7722839705882,-147.126962962963,3.93
"969",96.8,22.7560743181818,-146.930653465347,3.93193069306931
"970",96.9,22.7515844776119,-146.916787878788,3.93093939393939
"971",97,22.7695092537313,-146.767261682243,3.93
"972",97.1,22.7773545454545,-146.671,3.93
"973",97.2,22.7373952941176,-146.366283018868,3.93
"974",97.3,22.7479613636364,-146.238848484848,3.93
"975",97.4,22.7484334328358,-146.276693069307,3.93
"976",97.5,22.7699951879699,-146.281428571429,3.93005714285714
"977",97.6,22.7920302,-147.783778947369,3.93096842105263
"978",97.7,22.7954634328358,-150.373666666667,3.92818181818182
"979",97.8,22.7956345454545,-151.494962616822,3.93093457943925
"980",97.9,22.779003880597,-151.423,3.93
"981",98,22.7654454887218,-151.577054054054,3.9309009009009
"982",98.1,22.764514,-151.910079207921,3.93186138613861
"983",98.2,22.7699363366337,-152.44358,3.93
"984",98.3,22.7819518,-153.041411764706,3.93
"985",98.4,22.7712710447761,-153.71418556701,3.9299587628866
"986",98.5,22.7708935338346,-154.362227722772,3.92906930693069
"987",98.6,22.7664955223881,-154.892393939394,3.93
"988",98.7,22.7682453731343,-154.938900990099,3.93
"989",98.8,22.7840248,-154.837606060606,3.92993939393939
"990",98.9,22.7485158208955,-154.576782178218,3.929
"991",99,22.7589479545455,-155.19416,3.929
"992",99.1,22.781065,-156.558636363636,3.92906060606061
"993",99.2,22.7728165909091,-157.562621621622,3.93
"994",99.3,22.7828387,-158.257216216216,3.93
"995",99.4,22.808133880597,-159.115287128713,3.93
"996",99.5,22.77871,-159.257818181818,3.93
"997",99.6,22.748821641791,-159.58069,3.93
"998",99.7,22.7362890909091,-160.259355140187,3.92993457943925
"1000",99.9,22.7405846,-161.683008333333,3.92905833333333
"1001",100,22.726866,-162.168841666667,3.92989166666667
"1002",100.1,22.7428970588235,-162.768526315789,3.93
"1003",100.2,22.7435897727273,-162.55748,3.93
"1004",100.3,22.7550644554455,-162.948640776699,3.93
"1005",100.4,22.7312081818182,-163.859711340206,3.93
"1006",100.5,22.7193219,-164.726636363636,3.92994545454546
"1007",100.6,22.7246017910448,-164.703909090909,3.92903636363636
"1008",100.7,22.7415521804511,-163.177257425743,3.93
"1009",100.8,22.7467165671642,-162.979310679612,3.93
"1010",100.9,22.7404733082707,-163.668762886598,3.93003092783505
"1011",101,22.7345653,-164.90738,3.93094
"1012",101.1,22.7428889552239,-165.812757575758,3.93
"1013",101.2,22.7439506766917,-166.41669,3.93
"1014",101.3,22.74678,-166.719877358491,3.92993396226415
"1015",101.4,22.7461536363636,-167.495178947368,3.92901052631579
"1016",101.5,22.730478,-167.416727272727,3.93006060606061
"1017",101.6,22.7082956716418,-167.53553,3.93086
"1018",101.7,22.7019047368421,-169.5080625,3.929
"1019",101.8,22.7006637313433,-171.394669642857,3.929
"1020",101.9,22.7054977443609,-171.6535,3.93007
"1021",102,22.699338,-171.239827586207,3.93093965517241
"1022",102.1,22.680164,-171.308793103448,3.9300775862069
"1023",102.2,22.689116,-172.835293478261,3.93
"1024",102.3,22.6809429411765,-173.519587719298,3.93
"1025",102.4,22.6764787218045,-174.271342105263,3.93
"1026",102.5,22.6707047761194,-174.411621359223,3.92879611650485
"1027",102.6,22.6723694736842,-174.847489795918,3.92620408163265
"1028",102.7,22.6820287128713,-174.60676,3.931
"1029",102.8,22.6592170149254,-175.0331,3.93088
"1030",102.9,22.6709057894737,-174.414728971963,3.929
"1031",103,22.68041,-174.526878504673,3.929
"1032",103.1,22.6845559398496,-175.629893617021,3.93
"1033",103.2,22.6795148,-178.26446,3.93
"1034",103.3,22.6785454545455,-178.79843,3.93
"1035",103.4,22.6898971428571,-178.741893203884,3.93
"1036",103.5,22.6878331343284,-178.623268041237,3.9299587628866
"1037",103.6,22.7019096240601,-178.79252,3.92893
"1038",103.7,22.7104897,-179.09541,3.92814
"1039",103.8,22.7202439393939,-178.95519,3.93007
"1040",103.9,22.725136,-178.84394,3.93093
"1041",104,22.7418123529412,-179.633375,3.93
"1042",104.1,22.7404214285714,-179.724446428571,3.93
"1043",104.2,22.7241773,-179.446336065574,3.93
"1044",104.3,22.7108013,-179.79306779661,3.93
"1045",104.4,22.71885,-181.16086440678,3.93
"1046",104.5,22.7041873134328,-182.675945054945,3.93
"1047",104.6,22.7239609022556,-183.117309278351,3.931
"1048",104.7,22.7298955223881,-183.155615384615,3.931
"1049",104.8,22.7225674626866,-183.641979166667,3.931
"1050",104.9,22.7126225,-184.577696969697,3.93093939393939
"1051",105,22.7347141791045,-185.278356435644,3.93
"1052",105.1,22.750567443609,-185.613580645161,3.93
"1053",105.2,22.7506192537313,-185.973258064516,3.93
"1054",105.3,22.7584820300752,-186.293534883721,3.92904651162791
"1055",105.4,22.7685876,-186.309657142857,3.92991428571429
"1056",105.5,22.7490378787879,-187.231891891892,3.93272972972973
"1057",105.6,22.7462945864662,-187.23009009009,3.92822522522522
"1058",105.7,22.7363644776119,-187.925117647059,3.928
"1059",105.8,22.7182033082707,-188.041084033613,3.928
"1060",105.9,22.706894,-188.326315789474,3.93093859649123
"1061",106,22.724318,-187.773684210526,3.93006140350877
"1062",106.1,22.722686969697,-185.96418852459,3.93
"1063",106.2,22.7208055882353,-185.329886956522,3.93
"1064",106.3,22.7191079699248,-185.657576271186,3.92994915254237
"1065",106.4,22.7093558208955,-186.183847457627,3.92910169491525
"1066",106.5,22.6965838059701,-187.240707865168,3.93196629213483
"1067",106.6,22.6959217171717,-187.671266055046,3.92911009174312
"1068",106.7,22.7140843283582,-188.492366972477,3.93094495412844
"1069",106.8,22.7350602255639,-189.0542,3.928
"1070",106.9,22.7659431343284,-188.9257,3.92812
"1071",107,22.7896760902256,-188.937162162162,3.93
"1072",107.1,22.80284,-190.773198198198,3.93
"1073",107.2,22.7927713432836,-193.118646464646,3.9290505050505
"1074",107.3,22.8008853731343,-192.953939393939,3.93
"1075",107.4,22.7876855223881,-193.42164,3.92979
"1076",107.5,22.7643548120301,-193.48008,3.92756
"1077",107.6,22.7654424,-193.604212389381,3.93469026548673
"1078",107.7,22.7626788,-193.464389380531,3.93026548672566
"1079",107.8,22.7876706122449,-193.823516949153,3.9290593220339
"1080",107.9,22.7817017647059,-193.502330508475,3.92990677966102
"1081",108,22.7843669172932,-193.87704950495,3.93
"1082",108.1,22.79204,-194.124962264151,3.93
"1084",108.3,22.7845575757576,-193.932106796116,3.93
"1085",108.4,22.7655489552239,-194.063693069307,3.93
"1086",108.5,22.7656520300752,-194.25415625,3.92996875
"1087",108.6,22.7630717910448,-195.16095,3.92893
"1088",108.7,22.7562162686567,-195.630851485148,3.92820792079208
"1089",108.8,22.75,-195.879075471698,3.93088679245283
"1090",108.9,22.7578901492537,-195.797,3.929
"1091",109,22.7123152631579,-198.983538461538,3.92996153846154
"1092",109.1,22.6806786567164,-199.705074468085,3.93
"1093",109.2,22.6783206015038,-200.406415841584,3.93
"1094",109.3,22.671912,-204.668112903226,3.93
"1095",109.4,22.6797096969697,-203.536661290323,3.93
"1096",109.5,22.6780472932331,-203.651818181818,3.92812121212121
"1097",109.6,22.6596055223881,-208.01758,3.93
"1098",109.7,22.6791814285714,-206.26205,3.93014
"1099",109.8,22.6824859,-205.48498,3.93179
"1100",109.9,22.6686883,-208.638108910891,3.92906930693069
"1101",110,22.6536872727273,-209.50294,3.93
"1102",110.1,22.6589888235294,-208.03128440367,3.93
"1103",110.2,22.6749553383459,-207.019357798165,3.93
"1104",110.3,22.6834650746269,-211.50213,3.93
"1105",110.4,22.6720349253731,-210.994623762376,3.93
"1106",110.5,22.6721290909091,-209.62928,3.93
"1107",110.6,22.6691825,-208.66944,3.93
"1108",110.7,22.670033030303,-208.063470588235,3.93
"1109",110.8,22.6695862686567,-212.238184466019,3.93
"1110",110.9,22.6938257142857,-210.8193,3.93
"1111",111,22.7233578,-209.549323232323,3.93
"1112",111.1,22.7637227941176,-208.292264150943,3.92998113207547
"1113",111.2,22.7602300757576,-207.555471698113,3.92903773584906
"1114",111.3,22.7605117910448,-211.727010101011,3.93010101010101
"1115",111.4,22.7623931578947,-216.82552,3.932
"1116",111.5,22.7824233,-215.337818181818,3.93193939393939
"1117",111.6,22.7809865,-214.189905660377,3.93080188679245
"1118",111.7,22.7814003030303,-213.331168421053,3.92802105263158
"1119",111.8,22.8176032352941,-213.17003030303,3.93
"1120",111.9,22.8020532330827,-223.459051282051,3.93
"1121",112,22.78553,-222.302641025641,3.93
"1122",112.1,22.7596499,-220.3031875,3.9290625
"1123",112.2,22.7743306060606,-219.277294642857,3.92995535714286
"1124",112.3,22.7981597058824,-218.323673267327,3.93006930693069
"1125",112.4,22.8051968181818,-217.826207920792,3.93094059405941
"1126",112.5,22.7992882089552,-224.011081632653,3.93010204081633
"1127",112.6,22.8036855970149,-223.15303960396,3.93172277227723
"1128",112.7,22.8113874,-221.786965517241,3.92810344827586
"1129",112.8,22.8069230882353,-220.701777777778,3.93
"1130",112.9,22.8015483333333,-219.814,3.93
"1131",113,22.8050079104478,-218.964224489796,3.92995918367347
"1132",113.1,22.7978477443609,-221.76292,3.929
"1133",113.2,22.7605136,-224.58194,3.92906
"1134",113.3,22.7430225373134,-223.314286956522,3.92989565217391
"1135",113.4,22.7406913533835,-222.569069565217,3.92815652173913
"1136",113.5,22.7492425373134,-221.805311827957,3.93289247311828
"1137",113.6,22.7398686363636,-221.236125,3.930375
"1138",113.7,22.7354968316832,-223.49302,3.93
"1139",113.8,22.7503815151515,-227.19514,3.93
"1140",113.9,22.7497454,-225.987742574257,3.93
"1141",114,22.7554973529412,-225.158161616162,3.93
"1142",114.1,22.736012406015,-224.49326,3.92994
"1143",114.2,22.7443879104478,-224.368315789474,3.92905263157895
"1144",114.3,22.7582727067669,-229.790245614035,3.9299298245614
"1145",114.4,22.7704437,-232.738227722772,3.93182178217822
"1146",114.5,22.759,-231.431909090909,3.92910101010101
"1147",114.6,22.7556144360902,-230.26740776699,3.93094174757282
"1148",114.7,22.7612279104478,-229.381672566372,3.93
"1149",114.8,22.7554695454545,-228.737424778761,3.93
"1150",114.9,22.7473465346535,-228.24991588785,3.93
"1151",115,22.7674274626866,-232.971738636363,3.93
"1152",115.1,22.764164962406,-235.993071428571,3.93
"1153",115.2,22.7691086567164,-234.455221153846,3.92990384615385
"1154",115.3,22.7831165413534,-233.419421052632,3.92798947368421
"1155",115.4,22.7807835,-232.3884,3.92712
"1156",115.5,22.7636281818182,-231.781018181818,3.92910909090909
"1157",115.6,22.7616422,-231.214654545455,3.93092727272727
"1158",115.7,22.7542752941176,-231.37828,3.93
"1159",115.8,22.7684956390977,-236.865504672897,3.93
"1160",115.9,22.7584894,-236.073915887851,3.93
"1161",116,22.7509460606061,-235.365252173913,3.92913913043478
"1162",116.1,22.7472598,-234.642350515464,3.92986597938144
"1163",116.2,22.7383873134328,-233.74151,3.93
"1164",116.3,22.7461563909774,-233.10785,3.92805
"1165",116.4,22.7388408955224,-232.429300970874,3.92904854368932
"1166",116.5,22.757235037594,-232.73375,3.92997916666667
"1167",116.6,22.7730268,-239.31512,3.92906
"1168",116.7,22.7739947058824,-237.986018867925,3.93
"1170",116.9,22.7485350746269,-236.045757009346,3.93
"1171",117,22.7423008270677,-235.289682242991,3.93
"1172",117.1,22.7454152,-234.44385,3.92995
"1173",117.2,22.7270840909091,-234.018871794872,3.92895726495726
"1174",117.3,22.7294793233083,-236.216307692308,3.92810256410256
"1175",117.4,22.7237449253731,-243.201846153846,3.92993406593407
"1176",117.5,22.7280341353383,-241.927222222222,3.93279797979798
"1177",117.6,22.7262514,-240.706900990099,3.92905940594059
"1178",117.7,22.7191422,-240.02881372549,3.93
"1179",117.8,22.7160391044776,-239.167242424242,3.93
"1180",117.9,22.7196872277228,-238.376428571429,3.93
"1181",118,22.7266909022556,-237.612142857143,3.93
"1182",118.1,22.7333410447761,-252.511333333333,3.92894444444444
"1183",118.2,22.7340290977444,-252.116888888889,3.92801851851852
"1184",118.3,22.7285848484848,-250.507343434343,3.9299797979798
"1185",118.4,22.7249635820896,-248.664772277228,3.92994059405941
"1186",118.5,22.7265555639098,-247.496065420561,3.92904672897196
"1187",118.6,22.7330708955224,-246.677373831776,3.92998130841122
"1188",118.7,22.731207518797,-245.769076923077,3.92995726495726
"1189",118.8,22.7266944,-248.130615384615,3.92910256410256
"1190",118.9,22.7279859701493,-258.023673267327,3.92994059405941
"1191",119,22.7378589473684,-256.10861682243,3.92904672897196
"1192",119.1,22.7472964179104,-254.960953271028,3.92998130841122
"1193",119.2,22.7516439097744,-253.685923076923,3.92903846153846
"1194",119.3,22.735432238806,-252.878230769231,3.93288461538462
"1195",119.4,22.7007672180451,-251.899676767677,3.93006060606061
"1196",119.5,22.656117,-251.699797979797,3.9290505050505
"1197",119.6,22.6598276470588,-261.100857142857,3.93
"1198",119.7,22.6742239849624,-261.166274509804,3.93
"1199",119.8,22.6757990909091,-259.693725490196,3.93
"1200",119.9,22.6887084,-258.405494949495,3.9290505050505
"1201",120,22.6960255555556,-257.30866,3.92994
"1202",120.1,22.6878507462687,-256.42488,3.92924
"1203",120.2,22.6714547368421,-256.179217821782,3.93282178217822
"1204",120.3,22.6727673134328,-264.208610619469,3.93
"1205",120.4,22.6596855223881,-263.963695652174,3.93
"1206",120.5,22.6440032,-262.33,3.93
"1207",120.6,22.6338379104478,-260.900105263158,3.93
"1208",120.7,22.650004962406,-259.9169,3.93
"1209",120.8,22.6702101492537,-259.114290909091,3.93
"1210",120.9,22.6785557894737,-259.602472727273,3.93
"1211",121,22.6667992,-268.495513513513,3.93259459459459
"1212",121.1,22.6559766666667,-267.97974137931,3.93021551724138
"1213",121.2,22.6610584210526,-266.911943820225,3.93561797752809
"1214",121.3,22.6716419402985,-265.467,3.93
"1215",121.4,22.67767,-264.584181818182,3.93184848484848
"1216",121.5,22.6933857,-264.81634,3.92906
"1217",121.6,22.7035577,-268.900613445378,3.93
"1218",121.7,22.6915811111111,-267.427504201681,3.93
"1219",121.8,22.7025488235294,-265.85025,3.929
"1220",121.9,22.7129094736842,-264.821957264957,3.92904273504274
"1221",122,22.7142644776119,-263.921102564103,3.92989743589744
"1222",122.1,22.706287761194,-267.7434,3.92718
"1223",122.2,22.6987344444444,-273.17502970297,3.92994059405941
"1224",122.3,22.698508358209,-271.456660714286,3.92904464285714
"1225",122.4,22.6976452631579,-270.329875,3.9299375
"1226",122.5,22.7017926865672,-269.208504950495,3.93
"1227",122.6,22.6912542105263,-270.226727272728,3.93
"1228",122.7,22.6874052,-275.71756,3.93
"1229",122.8,22.688048358209,-273.981963302752,3.93
"1230",122.9,22.6791094736842,-272.848018348624,3.93
"1231",123,22.6885067164179,-271.63325,3.92725
"1232",123.1,22.6948247368421,-272.411638888889,3.93186111111111
"1233",123.2,22.678486,-276.864416666667,3.92908333333333
"1234",123.3,22.7019159,-275.605425742574,3.9299603960396
"1235",123.4,22.684998989899,-274.3445,3.93
"1236",123.5,22.6976050746269,-274.08205,3.93
"1237",123.6,22.7401514285714,-277.855183486238,3.93
"1238",123.7,22.7719944,-276.137291666667,3.93
"1239",123.8,22.7757784,-274.98,3.93
"1240",123.9,22.7754566666667,-273.92400862069,3.92999137931035
"1241",124,22.7779958823529,-279.324870689655,3.92912931034483
"1242",124.1,22.7927485714286,-279.55803030303,3.93089898989899
"1243",124.2,22.7859468656716,-278.339056603774,3.92905660377359
"1245",124.4,22.803627,-277.482823529412,3.93
"1246",124.5,22.8034673134328,-282.481219047619,3.93
"1247",124.6,22.8023131578947,-281.111695238095,3.93
"1248",124.7,22.8129965671642,-280.044090909091,3.93
"1249",124.8,22.8217436842105,-279.048453703704,3.93
"1250",124.9,22.81391,-278.703585858586,3.9300101010101
"1251",125,22.8008464179104,-283.545,3.929
"1252",125.1,22.7777342424242,-282.414066666667,3.92826666666667
"1253",125.2,22.7655167164179,-281.457021052632,3.93204210526316
"1254",125.3,22.8002985714286,-280.723376237624,3.93372277227723
"1255",125.4,22.7983588,-283.344878787879,3.93
"1256",125.5,22.810456,-283.260576923077,3.93
"1257",125.6,22.8226172727273,-282.5666875,3.92996875
"1258",125.7,22.7935811764706,-283.1999,3.92907
"1259",125.8,22.7338457142857,-283.866537735849,3.93006603773585
"1260",125.9,22.6955229850746,-283.158872340425,3.93103191489362
"1261",126,22.6817201492537,-282.50589380531,3.93375221238938
"1262",126.1,22.6803142,-283.975805309735,3.93021238938053
"1263",126.2,22.6740519402985,-283.470504950495,3.93093069306931
"1264",126.3,22.6782224242424,-284.15716,3.93
"1265",126.4,22.6821458208955,-285.0926,3.93
"1266",126.5,22.6953414285714,-284.485957894737,3.93
"1267",126.6,22.7016452,-286.97314,3.93
"1268",126.7,22.7119394117647,-286.41462,3.92994
"1269",126.8,22.7721812121212,-289.181683168317,3.92911881188119
"1270",126.9,22.7830165671642,-289.512427184466,3.93095145631068
"1271",127,22.7743371428571,-291.173405940594,3.93
"1272",127.1,22.792804,-293.4058,3.92998947368421
"1273",127.2,22.797934,-292.196696428571,3.92905357142857
"1274",127.3,22.7775457575758,-295.858303571429,3.92994642857143
"1275",127.4,22.7617386567164,-297.00846,3.93
"1276",127.5,22.7590785714286,-296.691299999999,3.92993
"1277",127.6,22.757655,-302.525644628099,3.929
"1278",127.7,22.753585,-300.977710743802,3.929
"1279",127.8,22.7515067676768,-302.125857142857,3.93
"1280",127.9,22.7414526470588,-301.197285714286,3.93
"1281",128,22.7361520300752,-302.070081081081,3.93
"1282",128.1,22.7208250746269,-303.595755555555,3.92902222222222
"1283",128.2,22.7292,-304.7648,3.929
"1284",128.3,22.7322672,-305.146294736842,3.93
"1285",128.4,22.7425941176471,-305.43189,3.93
"1286",128.5,22.74372,-306.60716,3.93
"1287",128.6,22.7447588059702,-307.053466666667,3.93
"1288",128.7,22.7518485714286,-306.94261682243,3.93
"1289",128.8,22.7425096,-306.673457943925,3.93
"1290",128.9,22.6821125373134,-306.34701,3.93186
"1291",129,22.6609542857143,-305.92137,3.93
"1292",129.1,22.6613486567164,-305.945823529412,3.93
"1293",129.2,22.6593468181818,-306.414731092437,3.93
"1294",129.3,22.6438642574257,-309.559515151515,3.93
"1295",129.4,22.6580766666667,-311.295574257426,3.93
"1296",129.5,22.657725,-310.977914285714,3.92994285714286
"1297",129.6,22.6755927941176,-310.930410526316,3.92901052631579
"1298",129.7,22.6715527272727,-311.2783,3.92988
"1299",129.8,22.6614344117647,-311.70186,3.9283
"1300",129.9,22.6543228571429,-311.636586206897,3.93279310344828
"1301",130,22.654776,-311.629689655172,3.92934482758621
"1302",130.1,22.652478358209,-312.436157894737,3.9308947368421
"1303",130.2,22.6358028571429,-312.90919266055,3.93187155963303
"1304",130.3,22.6289579104478,-313.511944954129,3.93003669724771
"1305",130.4,22.6378443181818,-313.193128712871,3.93
"1306",130.5,22.6501272277228,-312.97988034188,3.93
"1307",130.6,22.6596655223881,-313.40196,3.93
"1308",130.7,22.64909,-315.049181818182,3.92987878787879
"1309",130.8,22.6406153731343,-315.641684684685,3.92831531531532
"1310",130.9,22.6627145454545,-316.53718018018,3.93281981981982
"1311",131,22.6928961386139,-317.182623762376,3.93194059405941
"1312",131.1,22.6956227272727,-317.466313131313,3.9309494949495
"1313",131.2,22.70901,-318.20342,3.93
"1314",131.3,22.6994228358209,-319.092709090909,3.93
"1315",131.4,22.7055106060606,-319.704527272727,3.93
"1316",131.5,22.7128004950495,-319.830112149533,3.93
"1317",131.6,22.7074964646465,-320.231981308411,3.93
"1318",131.7,22.6853812,-320.63067,3.92999
"1319",131.8,22.6862905882353,-320.895432692308,3.92902884615385
"1320",131.9,22.6926803030303,-320.938701923077,3.93191346153846
"1321",132,22.6904249253731,-321.879462962963,3.93110185185185
"1322",132.1,22.6922894776119,-322.428716814159,3.93191150442478
"1323",132.2,22.689695,-322.803053097345,3.93014159292035
"1324",132.3,22.7149529411765,-323.852118811881,3.93
"1325",132.4,22.7022257142857,-323.8814,3.93
"1326",132.5,22.6970373134328,-322.583681034483,3.93
"1327",132.6,22.7158809090909,-322.317301724138,3.93
"1328",132.7,22.7067083168317,-322.822323232323,3.929
"1329",132.8,22.7067581818182,-323.5077,3.929
"1330",132.9,22.7253903759398,-323.770839622642,3.92904716981132
"1331",133,22.7380672058824,-324.203919191919,3.9300202020202
"1332",133.1,22.7196614285714,-325.012,3.928
"1333",133.2,22.7023636,-325.493058823529,3.93
"1334",133.3,22.7303972727273,-325.630404040404,3.93
"1335",133.4,22.75563,-325.895896226415,3.93
"1336",133.5,22.7525920895522,-327.213820754717,3.93
"1337",133.6,22.7519895488722,-328.33976,3.93
"1338",133.7,22.7492035820895,-328.579207920792,3.92917821782178
"1339",133.8,22.7437026865672,-328.663796296296,3.93190740740741
"1340",133.9,22.7507151515152,-329.339722222222,3.93005555555556
"1341",134,22.7565320895522,-330.400361344538,3.92904201680672
"1342",134.1,22.757874962406,-331.367588235294,3.92988235294118
"1343",134.2,22.7483452238806,-332.455353535354,3.93
"1344",134.3,22.7667101503759,-333.29258,3.93
"1345",134.4,22.7808925,-333.040188118812,3.92994059405941
"1346",134.5,22.7811349253731,-332.8761,3.9291
"1347",134.6,22.7775744360902,-333.051254237288,3.93104237288136
"1348",134.7,22.7757813432836,-333.856338983051,3.93188983050847
"1349",134.8,22.776997518797,-334.380869565217,3.93105434782609
"1350",134.9,22.79207,-334.6671,3.93105
"1351",135,22.786613030303,-335.22115,3.9319
"1352",135.1,22.7950078,-335.622859649123,3.93
"1353",135.2,22.7588110447761,-336.000052631579,3.93
"1354",135.3,22.7367913432836,-338.132673267327,3.93
"1355",135.4,22.72281,-338.846330275229,3.93
"1356",135.5,22.7233983838384,-338.972935779817,3.93
"1357",135.6,22.724685,-339.36008,3.92904
"1358",135.7,22.7262805882353,-339.6293,3.9299
"1359",135.8,22.7276531578947,-340.359991525424,3.92808474576271
"1360",135.9,22.7277258208955,-340.799822033898,3.92977966101695
"1361",136,22.7403303007519,-341.279267326733,3.93
"1362",136.1,22.7367149504951,-341.825545454545,3.93
"1363",136.2,22.7035562686567,-342.201586206897,3.93
"1364",136.3,22.7028127272727,-342.344689655172,3.93
"1365",136.4,22.7047937313433,-343.3387,3.93
"1366",136.5,22.7129069172932,-345.209076271186,3.93004237288136
"1367",136.6,22.7251325,-346.258390804598,3.93189655172414
"1368",136.7,22.7312425757576,-347.24,3.925
"1369",136.8,22.7257817164179,-348.262264150944,3.93003773584906
"1370",136.9,22.7193843283582,-349.118867924528,3.93098113207547
"1371",137,22.7327615789474,-350.075017241379,3.93095689655172
"1372",137.1,22.7321,-351.035362068965,3.93009482758621
"1373",137.2,22.7008775,-351.245162162162,3.93
"1374",137.3,22.7148192857143,-350.888405405405,3.93
"1375",137.4,22.7037894117647,-350.849375,3.93
"1376",137.5,22.7111387218045,-351.450009174312,3.92995412844037
"1377",137.6,22.6969950746269,-351.47019266055,3.92903669724771
"1378",137.7,22.6968808955224,-349.517161616161,3.92894949494949
"1379",137.8,22.7048201010101,-348.353589285714,3.92789285714286
"1380",137.9,22.7089007462687,-348.963410714286,3.92610714285714
"1381",138,22.7176867669173,-349.36862745098,3.92876470588235
"1382",138.1,22.7259805970149,-350.119361702128,3.92997872340426
"1383",138.2,22.725377518797,-350.459163636364,3.93
"1384",138.3,22.732467,-350.661890909091,3.93
"1385",138.4,22.73026,-350.596697247706,3.93005504587156
"1386",138.5,22.7193539097744,-350.741651376147,3.93097247706422
"1387",138.6,22.6931264179104,-351.42096,3.9263
"1388",138.7,22.7026978947368,-352.118886792453,3.93088679245283
"1390",138.9,22.7108004,-354.196752475248,3.931
"1391",139,22.7071806060606,-354.335537735849,3.93099056603774
"1392",139.1,22.7180551470588,-354.589311320755,3.93004716981132
"1393",139.2,22.7208682706767,-354.84106,3.92994
"1394",139.3,22.7261724,-354.817683168317,3.92905940594059
"1395",139.4,22.7200578,-355.9712,3.93
"1396",139.5,22.7075332323232,-356.9675,3.9302
"1397",139.6,22.7301135820896,-357.7907,3.93375
"1398",139.7,22.7290856390977,-358.07427027027,3.92904504504504
"1399",139.8,22.7245146268657,-357.779675675676,3.92994594594595
"1400",139.9,22.7246832835821,-357.89085,3.9281
"1401",140,22.7289444,-358.245227722772,3.93
"1402",140.1,22.7050705970149,-357.786018018018,3.93
"1403",140.2,22.7091032330827,-357.236468468468,3.93
"1404",140.3,22.72059,-356.965528301887,3.92994339622641
"1406",140.5,22.7141484,-357.029616161616,3.93
"1407",140.6,22.7255949253731,-357.30752,3.93024
"1408",140.7,22.7256178030303,-358.263352941176,3.93358823529412
"1409",140.8,22.7317548529412,-358.63832,3.92712
"1410",140.9,22.7391157142857,-358.677183673469,3.93
"1411",141,22.7436152,-358.860884615385,3.93
"1412",141.1,22.7252834,-359.105793814433,3.93
"1413",141.2,22.7251107070707,-359.199136363636,3.93
"1414",141.3,22.7134735294118,-359.361863636364,3.93
"1415",141.4,22.6823001515152,-359.688645833333,3.93
"1416",141.5,22.66238,-360.239411764706,3.93097058823529
"1417",141.6,22.6722620895522,-361.146636363636,3.92923636363636
"1418",141.7,22.6830817171717,-362.374730769231,3.92984615384615
"1419",141.8,22.6799269117647,-363.493,3.926
"1420",141.9,22.6698002272727,-364.239666666667,3.92980952380952
"1421",142,22.6627743283582,-364.716818897638,3.93
"1422",142.1,22.6778204511278,-365.093196850394,3.93
"1423",142.2,22.6816849,-365.83846,3.93
"1424",142.3,22.6787477941176,-366.298135135135,3.93
"1425",142.4,22.6845962121212,-367.050387387387,3.93
"1426",142.5,22.6882805882353,-368.144122807017,3.9279649122807
"1427",142.6,22.6986530827068,-368.772192982456,3.92708771929825
"1428",142.7,22.6984856,-369.899347826087,3.9299347826087
"1429",142.8,22.6730166,-370.32252173913,3.93286956521739
"1430",142.9,22.6771528282828,-370.252956521739,3.93026086956522
"1431",143,22.6803786567164,-370.049884615385,3.93
"1432",143.1,22.6721912030075,-369.538346153846,3.93
"1433",143.2,22.6797853,-369.13252,3.92994
"1434",143.3,22.7079965,-369.17678,3.92894
"1435",143.4,22.6936027272727,-369.986396039604,3.92811881188119
"1436",143.5,22.7156565671642,-369.9192,3.93
"1437",143.6,22.7133418045113,-369.0528,3.9301
"1438",143.7,22.7216928358209,-367.6338,3.9319
"1439",143.8,22.729113880597,-366.725739130435,3.92995652173913
"1440",143.9,22.7160844,-366.50052173913,3.92908695652174
"1441",144,22.7348991176471,-366.555767676768,3.9299494949495
"1442",144.1,22.7252771212121,-367.172306451613,3.92904838709677
"1443",144.2,22.733634477612,-367.494080645161,3.92985483870968
"1444",144.3,22.7478442857143,-367.730642857143,3.92902380952381
"1445",144.4,22.7265571,-367.749069306931,3.92958415841584
"1446",144.5,22.7149137313433,-367.90385,3.9234
"1447",144.6,22.7189276691729,-368.823454545454,3.93089898989899
"1448",144.7,22.7226991176471,-370.976264150943,3.929
"1450",144.9,22.7313972277228,-375.632315789474,3.93
"1451",145,22.7200777777778,-376.570912280702,3.93
"1452",145.1,22.7367674,-379.63515,3.93
"1453",145.2,22.7400649253731,-380.67675,3.93
"1454",145.3,22.7447763157895,-380.190398058252,3.92985436893204
"1455",145.4,22.7281726,-380.071932038835,3.92707766990291
"1456",145.5,22.7011609090909,-380.618533980582,3.93096116504854
"1457",145.6,22.688904,-381.831073394495,3.93009174311927
"1458",145.7,22.6824379104478,-382.262677419355,3.93096774193548
"1459",145.8,22.6495963909774,-381.897714285714,3.93
"1460",145.9,22.6367188059702,-381.812,3.93
"1461",146,22.6537848120301,-382.328037735849,3.93
"1462",146.1,22.6746568316832,-382.217525252525,3.9290505050505
"1463",146.2,22.7041074626866,-381.678537735849,3.9298962264151
"1464",146.3,22.7019172932331,-381.543222222222,3.9309494949495
"1465",146.4,22.7037107352941,-385.253571428571,3.93
"1466",146.5,22.7016406060606,-386.841842105263,3.93
"1467",146.6,22.6872540594059,-386.321509433962,3.93005660377358
"1468",146.7,22.6775624242424,-385.73,3.931
"1470",146.9,22.6833404477612,-385.191801886792,3.93
"1471",147,22.6709936363636,-385.807839622641,3.93
"1472",147.1,22.6775214851485,-389.17584,3.93
"1473",147.2,22.6791263636364,-390.11695049505,3.93
"1474",147.3,22.67158,-389.14104040404,3.92979797979798
"1475",147.4,22.6767223880597,-388.428564356436,3.92617821782178
"1476",147.5,22.6770665413534,-389.429191919192,3.929
"1477",147.6,22.6927043283582,-391.08176,3.92906
"1478",147.7,22.7233420300752,-390.70254,3.93
"1479",147.8,22.7295535294118,-390.799913793103,3.93
"1480",147.9,22.7501697014925,-392.281810344828,3.93
"1481",148,22.767394962406,-392.821909090909,3.93
"1482",148.1,22.777406119403,-392.778662921348,3.93
"1483",148.2,22.7727687218045,-393.045336633663,3.92905940594059
"1484",148.3,22.7658884848485,-393.264223214286,3.93008928571429
"1485",148.4,22.764545,-392.4686875,3.931875
"1486",148.5,22.7720134586466,-392.119950495049,3.93182178217822
"1487",148.6,22.7715335294118,-391.7501,3.9291
"1488",148.7,22.7701686466165,-391.62025,3.93095
"1489",148.8,22.7780047,-390.91655,3.93
"1490",148.9,22.7738172727273,-390.8573,3.93
"1491",149,22.771184,-391.842660714286,3.93
"1492",149.1,22.7650265671642,-394.715875,3.93
"1493",149.2,22.7616477443609,-394.749476190476,3.929
"1494",149.3,22.7457428,-394.711380952381,3.929
"1495",149.4,22.734946,-394.824417475728,3.93188349514563
"1496",149.5,22.7514455555556,-394.53888,3.931
"1497",149.6,22.7805626865672,-394.07036,3.93096
"1498",149.7,22.7619494736842,-393.22756,3.93
"1499",149.8,22.7313295522388,-392.385740740741,3.92996296296296
"1500",149.9,22.7387204477612,-392.604259259259,3.92903703703704
"1501",150,22.7321684,-394.21748,3.93
"1502",150.1,22.7146308955224,-394.570074074074,3.93
"1503",150.2,22.7260582706767,-394.096925925926,3.93
"1504",150.3,22.73101,-393.804545454545,3.93
"1505",150.4,22.713372406015,-392.996086538462,3.93090384615385
"1506",150.5,22.7011043,-393.027020618557,3.92898969072165
"1507",150.6,22.7015981818182,-397.787504347826,3.9280347826087
"1508",150.7,22.7224370676692,-399.150113043478,3.92890434782609
"1509",150.8,22.7292094029851,-399.969600000001,3.93
"1510",150.9,22.7074032330827,-404.9096,3.93
"1511",151,22.706234,-403.107889908257,3.92995412844037
"1512",151.1,22.717648,-403.665688073394,3.92903669724771
"1513",151.2,22.7286288888889,-403.72,3.92706060606061
"1514",151.3,22.7317437313433,-404.851990291262,3.93096116504854
"1515",151.4,22.7304478947368,-405.12440776699,3.92999029126214
"1516",151.5,22.7231779104478,-405.165184466019,3.92901941747573
"1517",151.6,22.7250401492537,-405.34288,3.92904
"1518",151.7,22.726458,-405.58508,3.93
"1519",151.8,22.7390267164179,-404.577429906542,3.93
"1520",151.9,22.7200766917293,-405.138177570094,3.93
"1521",152,22.6929767164179,-405.861918367347,3.93187755102041
"1522",152.1,22.695067443609,-407.154405172414,3.928
"1523",152.2,22.7059352,-407.72250862069,3.928
"1524",152.3,22.7079110447761,-407.330739130435,3.93086956521739
"1525",152.4,22.6855734090909,-406.66552173913,3.92826086956522
"1526",152.5,22.6785647058824,-406.244666666667,3.93091919191919
"1527",152.6,22.6872196240601,-406.44597029703,3.9290495049505
"1528",152.7,22.69763,-407.279484848485,3.93
"1529",152.8,22.7030788,-407.440158415842,3.93
"1530",152.9,22.7061724242424,-406.637781818182,3.93
"1531",153,22.6896394029851,-406.182327272727,3.93
"1532",153.1,22.6794661654135,-407.602118811881,3.9300495049505
"1533",153.2,22.6774278,-414.279765765766,3.93089189189189
"1534",153.3,22.6795358,-414.12390990991,3.92818918918919
"1535",153.4,22.676112020202,-414.976556603774,3.92997169811321
"1536",153.5,22.6844980597015,-415.328443396226,3.92902830188679
"1537",153.6,22.6996352631579,-414.551,3.93
"1538",153.7,22.6892091044776,-414.2978,3.93
"1539",153.8,22.6758291044776,-413.96188,3.93
"1540",153.9,22.6971053,-413.507032,3.929968
"1541",154,22.7215447761194,-413.607832,3.929168
"1542",154.1,22.7379052631579,-413.167705882353,3.92904901960784
"1543",154.2,22.7372988235294,-412.556555555555,3.92997222222222
"1544",154.3,22.7332942857143,-411.775074074074,3.9290462962963
"1545",154.4,22.7377928,-411.063392156863,3.929
"1546",154.5,22.7215563636364,-410.680223300971,3.92901941747573
"1547",154.6,22.7352266917293,-410.641388349515,3.92999029126214
"1548",154.7,22.7400552238806,-410.639151515151,3.93
"1549",154.8,22.7314763909774,-410.346269230769,3.92996153846154
"1550",154.9,22.7357337,-410.103,3.929
"1551",155,22.7277107,-411.086962264151,3.92994339622642
"1552",155.1,22.718865959596,-409.613305263158,3.93
"1553",155.2,22.7210028358209,-407.695628865979,3.9290206185567
"1554",155.3,22.716003880597,-407.6896,3.93092380952381
"1555",155.4,22.7261471641791,-408.4296,3.92901904761905
"1556",155.5,22.7270764179104,-409.77171942446,3.92828776978417
"1557",155.6,22.7153416,-412.020255102041,3.93
"1558",155.7,22.6999794029851,-411.6593,3.93
"1559",155.8,22.7129390151515,-411.2572109375,3.93
"1560",155.9,22.722531641791,-411.0814296875,3.93
"1561",156,22.7146109774436,-410.546452991453,3.92891452991453
"1562",156.1,22.693702,-412.975512820513,3.92720512820513
"1563",156.2,22.6870526865672,-425.020779816513,3.93
"1564",156.3,22.6793190909091,-422.815275229358,3.93
"1565",156.4,22.6696570588235,-421.360805555555,3.93090740740741
"1566",156.5,22.6784826315789,-423.796916666666,3.92905555555556
"1567",156.6,22.6798896,-421.644010416667,3.93
"1568",156.7,22.6781618,-421.763796296296,3.93
"1569",156.8,22.7045363636364,-420.339722222222,3.93
"1570",156.9,22.6878102941177,-419.956018518518,3.92901851851852
"1571",157,22.6783377272727,-418.683978723404,3.92993617021277
"1572",157.1,22.678991,-418.701,3.931
"1573",157.2,22.677716,-417.5818,3.93005
"1574",157.3,22.6804027272727,-417.46295,3.93085
"1575",157.4,22.7060258823529,-416.699836206897,3.92808620689655
"1576",157.5,22.7014015909091,-416.276560344828,3.92981034482759
"1577",157.6,22.6880298507463,-417.24654,3.93
"1578",157.7,22.7085976119403,-418.747657142857,3.93
"1579",157.8,22.720004,-417.789846153846,3.93
"1580",157.9,22.6918058823529,-418.274461538462,3.93
"1581",158,22.6898831818182,-417.949282051282,3.92994871794872
"1582",158.1,22.6961679411765,-417.537316239316,3.92909401709402
"1583",158.2,22.703492481203,-416.72936,3.93
"1584",158.3,22.7218388,-416.21704950495,3.92988118811881
"1585",158.4,22.7310425373134,-416.451494949495,3.9280505050505
"1586",158.5,22.7527163636364,-421.117092436975,3.929
"1587",158.6,22.7717001492537,-420.701966386555,3.929
"1588",158.7,22.7712494736842,-421.21335,3.929
"1589",158.8,22.763454,-420.873702970297,3.929
"1590",158.9,22.749584,-421.197818181818,3.929
"1591",159,22.7686624242424,-422.196669642857,3.92908928571429
"1592",159.1,22.7776910294118,-422.3100625,3.930875
"1593",159.2,22.7837511363636,-422.697886597938,3.9309793814433
"1594",159.3,22.7931552238806,-422.63587962963,3.9300462962963
"1595",159.4,22.810656119403,-422.453472222222,3.93097222222222
"1596",159.5,22.82133,-423.479727272727,3.9290404040404
"1597",159.6,22.8082138235294,-423.181654205608,3.929
"1598",159.7,22.8162916666667,-422.659224299065,3.929
"1599",159.8,22.8251067164179,-422.948882352941,3.92994957983193
"1600",159.9,22.8378457894737,-422.913588235294,3.92910924369748
"1601",160,22.854645,-423.525745454545,3.93189090909091
"1602",160.1,22.8465635820896,-424.270510638298,3.92893617021277
"1603",160.2,22.8237542105263,-424.112,3.93
"1604",160.3,22.8320685074627,-423.49184,3.92906
"1605",160.4,22.8375421052632,-423.746885714286,3.92994285714286
"1606",160.5,22.824447,-423.080284210526,3.929
"1607",160.6,22.845403,-422.79486,3.929
"1608",160.7,22.856065,-425.336781818182,3.929
"1609",160.8,22.8492649253731,-426.483145454546,3.929
"1610",160.9,22.8548827272727,-425.1189,3.92815
"1611",161,22.8646216831683,-426.76565,3.931
"1612",161.1,22.8848233333333,-425.193404040404,3.9309494949495
"1613",161.2,22.9149865,-431.1806,3.92988
"1614",161.3,22.9094149253731,-431.95952,3.928
"1615",161.4,22.900816969697,-430.457059405941,3.92805940594059
"1616",161.5,22.9082164179105,-437.154298076923,3.929
"1617",161.6,22.9034917910448,-434.28905,3.929
"1618",161.7,22.9117545,-432.334415841584,3.9290099009901
"1619",161.8,22.9156879411765,-434.376,3.93
"1620",161.9,22.9213595454545,-431.547844660194,3.93097087378641
"1621",162,22.9143214705882,-430.898713043478,3.92931304347826
"1622",162.1,22.9089189473684,-429.437272727273,3.929
"1623",162.2,22.936529,-428.065444444444,3.927
"1624",162.3,22.9563864179104,-427.138940594059,3.92711881188119
"1625",162.4,22.9749375,-427.469616161616,3.929
"1626",162.5,22.9699151470588,-426.620475247525,3.929
"1627",162.6,22.9658825,-427.53837037037,3.929
"1628",162.7,22.9683097,-426.745777777778,3.929
"1629",162.8,22.9799715,-425.910213592233,3.929
"1630",162.9,22.9893347,-424.652188679245,3.92545283018868
"1631",163,22.9939131343284,-423.99395,3.9299
"1632",163.1,22.9869206060606,-422.50975,3.9281
"1633",163.2,22.9750811764706,-421.69715,3.92995
"1634",163.3,22.9976221804511,-420.386631147541,3.929
"1635",163.4,23.0190655,-419.579254098361,3.929
"1636",163.5,23.0229791176471,-418.755132653061,3.929
"1637",163.6,23.0377389473684,-417.977779816514,3.929
"1638",163.7,23.0710017910448,-418.572275229358,3.929
"1639",163.8,23.0696888636364,-418.538285714286,3.928
"1640",163.9,23.0526448514851,-417.481142857143,3.928
"1641",164,23.0519754545455,-417.132076923077,3.92988461538462
"1642",164.1,23.0698498496241,-418.14784,3.929
"1643",164.2,23.0851786764706,-420.464816513761,3.92894495412844
"1644",164.3,23.1036531578947,-419.695091743119,3.92802752293578
"1645",164.4,23.131369,-418.953333333333,3.928
"1646",164.5,23.1251896969697,-418.875555555556,3.928
"1647",164.6,23.1300819,-419.346534653465,3.928
"1648",164.7,23.1376710447761,-418.643411764706,3.92805882352941
"1649",164.8,23.1198721804511,-417.783962962963,3.92892592592593
"1650",164.9,23.1369387,-418.933037037037,3.92707407407407
"1651",165,23.1618286868687,-422.550731958763,3.93209278350515
"1652",165.1,23.1576848,-421.193,3.929
"1653",165.2,23.1601885074627,-421.206861386139,3.9280099009901
"1654",165.3,23.1895730827068,-419.9126,3.928
"1655",165.4,23.1989835820896,-419.04075,3.928
"1656",165.5,23.196462406015,-418.128904761905,3.928
"1657",165.6,23.2001198019802,-417.847,3.928
"1658",165.7,23.2037650746269,-417.581951456311,3.928
"1659",165.8,23.224810075188,-416.275693069307,3.92794059405941
"1660",165.9,23.2485419117647,-415.351774193548,3.92695967741935
"1661",166,23.25478,-414.387258064516,3.92615322580645
"1662",166.1,23.271791,-411.988516483517,3.92956043956044
"1663",166.2,23.2938954545455,-409.681734693877,3.9254081632653
"1664",166.3,23.3101587218045,-408.662596330275,3.92795412844037
"1665",166.4,23.3311398507463,-407.87452293578,3.92703669724771
"1666",166.5,23.3684128571429,-406.930555555555,3.92603703703704
"1667",166.6,23.4051924,-409.144444444444,3.92696296296296
"1668",166.7,23.4225392929293,-413.121905660378,3.927
"1669",166.8,23.4668276,-410.967436893204,3.926
"1670",166.9,23.4835437313433,-410.83889380531,3.92600884955752
"1671",167,23.4863151879699,-414.228274336283,3.92689380530973
"1672",167.1,23.5154513432836,-412.107494845361,3.92790721649484
"1673",167.2,23.5577789552239,-417.320485436893,3.92623300970874
"1674",167.3,23.572304040404,-413.618166666666,3.92691666666667
"1675",167.4,23.5948444776119,-409.081632653061,3.927
"1676",167.5,23.6064283458647,-408.473275862069,3.927
"1677",167.6,23.6362297014925,-403.081613861387,3.9269702970297
"1678",167.7,23.6793384210526,-399.410387755102,3.926
"1679",167.8,23.6921716,-397.660559999999,3.926
"1680",167.9,23.7310747761194,-393.26964,3.926
"1681",168,23.7696939097744,-393.999733333334,3.926
"1682",168.1,23.7708170588235,-390.868066666667,3.926
"1683",168.2,23.7616129323308,-389.089739583333,3.925
"1684",168.3,23.774751,-384.450934579439,3.92504672897196
"1685",168.4,23.8155528,-383.369626168224,3.92598130841121
"1686",168.5,23.8208257575758,-378.438309090909,3.925
"1687",168.6,23.797626119403,-382.081945454545,3.925
"1688",168.7,23.801872556391,-378.470363636362,3.92509090909091
"1689",168.8,23.8202884,-371.917636363636,3.92690909090909
"1690",168.9,23.8470388,-370.941495049505,3.9259603960396
"1691",169,23.8828041414141,-367.320864583333,3.924
"1692",169.1,23.8721270149254,-359.546382352941,3.924
"1693",169.2,23.8840451879699,-358.10927184466,3.924
"1695",169.4,23.9428143283582,-346.545387755102,3.9239693877551
"1696",169.5,23.966288,-344.0468,3.92305
"1697",169.6,23.9656411940298,-338.304844036697,3.92395412844037
"1698",169.7,23.9914946616541,-335.261724770642,3.92303669724771
"1699",169.8,24.0204347058824,-331.814594594594,3.92472972972973
"1700",169.9,24.0441147368421,-326.402558139535,3.92203488372093
"1701",170,24.0653411,-322.157666666667,3.92291666666667
"1702",170.1,24.07663,-319.66102020202,3.92391919191919
"1703",170.2,24.0970213533835,-318.52897979798,3.92307070707071
"1704",170.3,24.1220250746269,-316.009581632653,3.923
"1705",170.4,24.1634768421053,-316.61924,3.92396
"1706",170.5,24.1990472,-312.823333333333,3.92296296296296
"1707",170.6,24.1954256,-315.581666666666,3.92203703703704
"1708",170.7,24.2169691919192,-311.380990196078,3.92014705882353
"1709",170.8,24.2596855223881,-310.83117,3.923
"1710",170.9,24.2945376691729,-309.856000000001,3.9229696969697
"1711",171,24.313806119403,-305.234178217822,3.9220396039604
"1712",171.1,24.3228832835821,-301.692693877552,3.923
"1713",171.2,24.3346060606061,-298.316632478632,3.923
"1714",171.3,24.3433152238806,-295.589282051282,3.923
"1715",171.4,24.3410085714286,-293.030326530613,3.923
"1716",171.5,24.35775,-290.41725,3.9229
"1717",171.6,24.3992139097744,-288.008279279279,3.92127027027027
"1718",171.7,24.4318098,-286.093864864865,3.92667567567568
"1719",171.8,24.4216238235294,-284.152431578947,3.92304210526316
"1720",171.9,24.4105907575758,-282.309957627119,3.92394915254237
"1721",172,24.4363423529412,-280.875211864407,3.92225423728814
"1722",172.1,24.4517806766917,-279.182427083334,3.923
"1723",172.2,24.4507948,-277.814318181818,3.923
"1724",172.3,24.4575128,-276.240681818182,3.923
"1725",172.4,24.4696213131313,-275.08548,3.923
"1726",172.5,24.481501641791,-273.76064,3.923
"1727",172.6,24.5009557142857,-272.74488,3.92332
"1728",172.7,24.5035383,-271.56664,3.93068
"1729",172.8,24.4705042574257,-270.394432432432,3.92296396396396
"1730",172.9,24.461327979798,-269.505243243243,3.92206306306306
"1731",173,24.4916262686567,-268.40596,3.923
"1732",173.1,24.4970757894737,-267.315339622642,3.923
"1733",173.2,24.5118456716418,-266.473830188679,3.923
"1734",173.3,24.5330935338346,-265.508424242424,3.923
"1735",173.4,24.5505572,-264.6316,3.923
"1736",173.5,24.5462073134328,-263.96636,3.92304
"1737",173.6,24.5546632330827,-263.169956521739,3.92393043478261
"1738",173.7,24.5678060294118,-262.243869565217,3.92219130434783
"1739",173.8,24.5768414285714,-261.346495049505,3.92292079207921
"1740",173.9,24.6058572,-260.706426086957,3.92105217391304
"1741",174,24.6106341791045,-259.987295652174,3.92279130434783
"1742",174.1,24.6298514393939,-259.156384615385,3.923
"1743",174.2,24.6513828358209,-258.44096,3.923
"1744",174.3,24.632152238806,-257.91732,3.923
"1745",174.4,24.6241016,-257.437363636364,3.923
"1746",174.5,24.6403296,-256.646454545455,3.923
"1747",174.6,24.6380233333333,-255.982643564356,3.92965346534654
"1748",174.7,24.6554489552239,-255.38556,3.92304
"1749",174.8,24.670265,-254.569188679245,3.924
"1750",174.9,24.6835028358209,-254.223905660377,3.924
"1751",175,24.707005,-253.492613207547,3.923
"1752",175.1,24.7244366666667,-253.146386792453,3.923
"1753",175.2,24.73339,-251.54749,3.923
"1754",175.3,24.735065,-251.90496,3.923
"1755",175.4,24.7485471641791,-251.436242424243,3.923
"1756",175.5,24.760889924812,-250.949856,3.923256
"1757",175.6,24.7624542,-250.596256,3.929656
"1758",175.7,24.772025,-249.904029126214,3.923
"1759",175.8,24.77827,-249.505,3.923
"1760",175.9,24.76347,-249.121,3.923
"1761",176,24.7642341353383,-248.689224299065,3.923
"1762",176.1,24.7651278,-247.84404587156,3.923
"1763",176.2,24.7485474,-247.444963302752,3.923
"1764",176.3,24.7787937,-247.195303030303,3.923
"1765",176.4,24.7826520895522,-246.664306122449,3.92391836734694
"1766",176.5,24.79399,-246.277769230769,3.92015384615385
"1768",176.7,24.829194,-245.336653465346,3.9230495049505
"1769",176.8,24.8277612,-244.934526315789,3.9239649122807
"1770",176.9,24.8513932835821,-244.647684210526,3.92308771929825
"1771",177,24.879284469697,-244.147709677419,3.923
"1772",177.1,24.907452238806,-243.950737373737,3.923
"1773",177.2,24.9295352238806,-243.51746728972,3.923
"1774",177.3,24.9294808,-243.17914953271,3.923
"1775",177.4,24.897095,-242.826484848485,3.92412121212121
"1776",177.5,24.915285,-242.316905982906,3.92779487179487
"1777",177.6,24.93581,-241.989555555556,3.92266666666667
"1778",177.7,24.9312760902256,-241.623074766355,3.92294392523364
"1779",177.8,24.9253545,-241.39223364486,3.92107476635514
"1780",177.9,24.9221982089552,-241.13854,3.923
"1781",178,24.9284960902256,-240.65234,3.923
"1782",178.1,24.9254697014925,-240.0493,3.923
"1783",178.2,24.921625,-240.05087,3.923
"1784",178.3,24.9510089552239,-239.77228,3.923
"1785",178.4,24.952875,-239.254181818182,3.92309090909091
"1786",178.5,24.9323634,-238.93492,3.92588
"1787",178.6,24.9468365671642,-238.79496,3.923
"1788",178.7,24.9540766165414,-238.351858585859,3.923
"1789",178.8,24.9551350746269,-238.100801980198,3.923
"1790",178.9,24.941535,-237.894217391304,3.923
"1791",179,24.9165432,-237.624652173913,3.923
"1792",179.1,24.903811641791,-237.378180851064,3.923
"1793",179.2,24.9172345112782,-236.925909090909,3.923
"1794",179.3,24.916475,-236.924090909091,3.923
"1795",179.4,24.921035,-236.434815533981,3.926
"1796",179.5,24.9270442574257,-236.155132653061,3.9259693877551
"1797",179.6,24.9261168656716,-235.8743,3.92303
"1798",179.7,24.9353142105263,-235.777048076923,3.924
"1799",179.8,24.9361313432836,-235.445317307692,3.924
"1800",179.9,24.9378766917293,-235.20157,3.923
"1801",180,24.9348644776119,-234.53599,3.923
"1802",180.1,24.9421323308271,-234.37961,3.92303
"1803",180.2,24.9343485,-234.55578,3.92397
"1804",180.3,24.9241908955224,-234.377008474576,3.92305084745763
"1805",180.4,24.9318790225564,-234.043957627119,3.92474576271186
"1806",180.5,24.9442,-233.79702970297,3.923
"1807",180.6,24.939515959596,-233.525834782609,3.923
"1808",180.7,24.9292925,-233.353660869565,3.923
"1809",180.8,24.9736408955224,-232.960612612613,3.923
"1810",180.9,24.9774891729323,-232.975927927928,3.923
"1811",181,24.96287,-232.437030612245,3.923
"1812",181.1,24.9630417293233,-232.403202020202,3.923
"1813",181.2,24.9759336633663,-232.205028301887,3.92304716981132
"1814",181.3,24.9663865671642,-231.945594339623,3.92399056603774
"1815",181.4,24.9598110526316,-231.77668,3.924
"1816",181.5,24.969765,-231.505692307692,3.924
"1817",181.6,24.98143,-231.357731958763,3.924
"1818",181.7,24.9914825742574,-231.037963636364,3.92396363636364
"1819",181.8,25.009025,-230.887054545455,3.92305454545455
"1820",181.9,25.0332688721805,-230.5244,3.923
"1821",182,25.04374,-230.0344,3.923
"1822",182.1,25.0213481203008,-230.339504950495,3.923
"1823",182.2,25.0094125373134,-229.98419,3.923
"1824",182.3,25.03422,-229.852489795918,3.9230306122449
"1825",182.4,25.04409,-229.57547706422,3.92395412844037
"1826",182.5,25.0197974626866,-229.425018348624,3.92303669724771
"1827",182.6,25.0095427819549,-229.374,3.92307142857143
"1828",182.7,25.0214323880597,-229.024,3.92485714285714
"1829",182.8,25.0372171428571,-228.934350515464,3.9231030927835
"1830",182.9,25.0384507070707,-228.692891089109,3.923
"1831",183,25.0206232835821,-228.469110091743,3.923
"1832",183.1,25.0272809022556,-228.372779816514,3.923
"1833",183.2,25.0360744776119,-228.16616,3.923
"1834",183.3,25.0193167669173,-227.98848,3.92292
"1835",183.4,25.0067485,-227.66099009901,3.92107920792079
"1836",183.5,25.002391641791,-227.57978,3.923
"1837",183.6,24.9905612030075,-227.308171428571,3.92302857142857
"1838",183.7,25.0021373529412,-227.113885714286,3.92398095238095
"1839",183.8,25.0307023308271,-226.901956521739,3.923
"1840",183.9,25.0317088059701,-226.74,3.923
"1841",184,25.022035,-226.513394495413,3.923
"1842",184.1,25.0247433333333,-226.451434343434,3.923
"1843",184.2,25.0187034328358,-226.137336633663,3.9230297029703
"1844",184.3,25.0286228571429,-226.271893203883,3.92401941747573
"1845",184.4,25.0221310447761,-225.916553398058,3.92499029126214
"1846",184.5,25.0084309774436,-225.72026,3.92298
"1847",184.6,25.0139288888889,-225.77648,3.92202
"1848",184.7,25.0300914925373,-225.501495145631,3.923
"1849",184.8,25.0262633834586,-225.276252427184,3.923
"1850",184.9,25.0324488059701,-224.937773584906,3.923
"1851",185,25.0471456390977,-224.91428,3.923
"1852",185.1,25.0559405,-224.60489,3.92303
"1853",185.2,25.0514491044776,-224.749617647059,3.92397058823529
"1854",185.3,25.0745602255639,-224.308071428571,3.92301020408163
"1855",185.4,25.1062001470588,-224.310386792453,3.92397169811321
"1856",185.5,25.0862220300752,-224.156613207547,3.92302830188679
"1857",185.6,25.0811098,-224.06584,3.92203
"1858",185.7,25.1140820895522,-223.887920792079,3.923
"1859",185.8,25.1211243939394,-223.52368,3.923
"1860",185.9,25.1089637313433,-223.411171717172,3.923
"1861",186,25.0931758646617,-223.458376237624,3.923
"1862",186.1,25.1076829850746,-223.14544,3.923
"1863",186.2,25.1178859701493,-223.20994,3.92296
"1864",186.3,25.1247408080808,-222.909625,3.92103571428571
"1865",186.4,25.1541294029851,-222.740875,3.92282142857143
"1866",186.5,25.1382403759399,-222.546663366337,3.923
"1867",186.6,25.1185213432836,-222.403490566038,3.923
"1868",186.7,25.1307481954887,-222.328018867925,3.923
"1869",186.8,25.1390285858586,-222.250773195876,3.923
"1870",186.9,25.1151858823529,-222.086363636364,3.923
"1871",187,25.1311109090909,-221.81339,3.923
"1872",187.1,25.1520791044776,-221.819490566038,3.92297169811321
"1873",187.2,25.1249316541353,-221.602509433962,3.92202830188679
"1874",187.3,25.1179352,-221.400079207921,3.922
"1875",187.4,25.1086694117647,-221.43205,3.92297
"1876",187.5,25.1040754545455,-221.26642,3.92206
"1877",187.6,25.1084488235294,-221.08168,3.92397
"1878",187.7,25.0827057894737,-220.93954,3.923
"1879",187.8,25.0928959701493,-220.85364,3.923
"1880",187.9,25.1174243283582,-220.6458,3.923
"1881",188,25.1131196969697,-220.572466666667,3.923
"1882",188.1,25.1199880597015,-220.57533,3.92303
"1883",188.2,25.1443993984962,-220.289831683168,3.9239405940594
"1884",188.3,25.1362914925373,-220.115202020202,3.922
"1885",188.4,25.1046781203007,-219.831317307692,3.92205769230769
"1886",188.5,25.0950991919192,-219.741894230769,3.92398076923077
"1887",188.6,25.1197865671642,-219.568457142857,3.92305714285714
"1888",188.7,25.1167718796993,-219.63439047619,3.923
"1889",188.8,25.1150540298507,-218.673438095238,3.923
"1890",188.9,25.1336853383459,-219.277888888889,3.923
"1891",189,25.1454436,-219.217613861386,3.923
"1892",189.1,25.1571841176471,-219.006967213115,3.92303278688525
"1893",189.2,25.1613045454545,-218.905327868852,3.92467213114754
"1894",189.3,25.1439664705882,-218.741757575758,3.923
"1895",189.4,25.1421608270677,-218.73168,3.92297
"1896",189.5,25.143473,-218.776762376238,3.9220297029703
"1897",189.6,25.1298249253731,-218.474018518519,3.923
"1898",189.7,25.1323072727273,-218.424944444444,3.923
"1899",189.8,25.1369782352941,-218.095326732673,3.923
"1900",189.9,25.1484087878788,-218.312801980198,3.923
"1901",190,25.174737761194,-218.043693877551,3.9230612244898
"1902",190.1,25.1769276865672,-217.976418803419,3.92589743589744
"1903",190.2,25.1752045,-217.861888888889,3.92333333333333
"1904",190.3,25.1821607462687,-217.684181818182,3.9229696969697
"1905",190.4,25.1533381818182,-217.525,3.92204
"1906",190.5,25.1231970149254,-217.397554455446,3.923
"1907",190.6,25.1468778947368,-217.21172815534,3.923
"1908",190.7,25.1630148,-217.036,3.923
"1909",190.8,25.1578882089552,-216.931192307692,3.923
"1910",190.9,25.1563754545455,-216.940321428571,3.92302678571429
"1911",191,25.1395511940298,-216.951035714286,3.92391964285714
"1912",191.1,25.1470531578947,-216.822367924528,3.92314150943396
"1913",191.2,25.1573966,-216.513947368421,3.92615789473684
"1914",191.3,25.1540541176471,-216.415,3.923
"1915",191.4,25.1741878947368,-216.427454545455,3.923
"1916",191.5,25.2100694029851,-216.33576,3.923
"1917",191.6,25.2130436090226,-216.07,3.923
"1918",191.7,25.1996149253731,-215.59613,3.923
"1919",191.8,25.2183948507463,-215.952181818182,3.923
"1920",191.9,25.2275885,-215.82416,3.923
"1921",192,25.2095902985075,-215.680900900901,3.92307207207207
"1922",192.1,25.2266281818182,-215.603423423423,3.92487387387387
"1923",192.2,25.2367276119403,-215.653732673267,3.9220297029703
"1924",192.3,25.2369081343284,-215.447257425743,3.923
"1925",192.4,25.241625,-215.359166666667,3.923
"1926",192.5,25.2447711940299,-215.191637931034,3.923
"1927",192.6,25.2423318181818,-215.324396551724,3.923
"1928",192.7,25.2319070149254,-215.012943925234,3.923
"1929",192.8,25.2214343181818,-214.95987826087,3.923
"1930",192.9,25.2322023,-215.022486956522,3.923
"1931",193,25.2309358823529,-214.891978947368,3.923
"1932",193.1,25.2088981818182,-214.77988,3.92206
"1933",193.2,25.20622,-214.67378,3.924
"1934",193.3,25.1885042105263,-214.49768,3.92394
"1935",193.4,25.1972555445545,-214.26307,3.92203
"1936",193.5,25.2390736363636,-214.32412,3.923
"1937",193.6,25.2298442105263,-214.13175,3.923
"1938",193.7,25.2078238235294,-214.055058823529,3.923
"1939",193.8,25.2261364661654,-213.925306122449,3.923
"1940",193.9,25.2483768656716,-213.95365,3.92303
"1941",194,25.2452979104478,-213.905864864865,3.92394594594595
"1942",194.1,25.2458765,-213.768027027027,3.92214414414414
"1943",194.2,25.2487901492537,-213.670490566038,3.92292452830189
"1944",194.3,25.2442407518797,-213.382754716981,3.92103773584906
"1945",194.4,25.2317295522388,-213.17731,3.923
"1946",194.5,25.2321327272727,-213.243472222222,3.923
"1947",194.6,25.2427004,-212.959212962963,3.923
"1948",194.7,25.2475876119403,-213.03513,3.92297
"1949",194.8,25.2308040909091,-212.911114285714,3.92202857142857
"1950",194.9,25.2214107462687,-212.948257142857,3.92298095238095
"1951",195,25.2141546969697,-212.801514851485,3.923
"1952",195.1,25.2125086138614,-212.687875,3.923
"1953",195.2,25.2265517910448,-212.592685393258,3.923
"1954",195.3,25.2236626315789,-212.61972,3.92204
"1955",195.4,25.2092973529412,-212.486267326733,3.923
"1956",195.5,25.2183497744361,-212.23944,3.923
"1957",195.6,25.220263880597,-211.74288,3.923
"1958",195.7,25.2122260902256,-212.248925925926,3.923
"1959",195.8,25.2186008,-212.372074074074,3.923
"1960",195.9,25.2237829850746,-212.327040816327,3.923
"1961",196,25.2078929323308,-212.02173,3.92979
"1962",196.1,25.1827014925373,-212.009527777778,3.92302777777778
"1963",196.2,25.2066513636364,-211.893787037037,3.9239537037037
"1964",196.3,25.223686,-211.634541666667,3.92195833333333
"1965",196.4,25.1984395522388,-211.596,3.923
"1966",196.5,25.205197368421,-211.661265306122,3.923
"1967",196.6,25.2235652238806,-211.354721311475,3.923
"1968",196.7,25.229838030303,-211.389147540984,3.923
"1969",196.8,25.2344104950495,-211.319024390244,3.92292682926829
"1970",196.9,25.2196352238806,-211.386504065041,3.92048780487805
"1971",197,25.2199273684211,-211.243539823009,3.92212389380531
"1972",197.1,25.2478870149254,-211.157237623762,3.923
"1973",197.2,25.2602742105263,-211.06258,3.92294
"1974",197.3,25.2565732,-210.94912,3.92106
"1975",197.4,25.2608177272727,-210.85642,3.923
"1976",197.5,25.2539357142857,-210.849,3.923
"1977",197.6,25.2219541176471,-210.149,3.923
"1978",197.7,25.2141521052632,-210.608137931035,3.923
"1979",197.8,25.213101641791,-210.597821428571,3.92310714285714
"1980",197.9,25.2181008955224,-210.458535714286,3.92667857142857
"1981",198,25.2130945454545,-210.4304,3.92526666666667
"1982",198.1,25.2058334328358,-210.301,3.92311111111111
"1983",198.2,25.2040515789474,-210.351,3.922
"1984",198.3,25.2048468656716,-210.092916666667,3.92202777777778
"1985",198.4,25.2191147368421,-209.990138888889,3.9229537037037
"1986",198.5,25.2172490909091,-210.005613207547,3.923
"1987",198.6,25.2094152238806,-210.08865625,3.923
"1988",198.7,25.2083055639098,-209.868859504132,3.923
"1989",198.8,25.1918456716418,-209.890347107438,3.923
"1990",198.9,25.2417921804511,-209.60896,3.92104
"1991",199,25.291632,-209.487611650485,3.92203883495146
"1992",199.1,25.286927761194,-209.477546391753,3.92296907216495
"1993",199.2,25.2766587969925,-209.43556,3.92012
"1994",199.3,25.2751138235294,-209.469436363636,3.923
"1995",199.4,25.28133,-209.380345454545,3.923
"1996",199.5,25.2898405970149,-209.284823529412,3.923
"1997",199.6,25.2919973134328,-209.21256122449,3.923
"1998",199.7,25.2880672727273,-209.168586538462,3.92297115384615
"1999",199.8,25.3085191044776,-209.121471153846,3.92200961538462
"2000",199.9,25.3092926315789,-209.000435643564,3.922
"2001",200,25.2921068656716,-208.764707964602,3.92286725663717
"2002",200.1,25.2786642105263,-208.75603030303,3.923
"2003",200.2,25.2772692929293,-208.655162162162,3.923
"2004",200.3,25.2932829850746,-208.509216216216,3.923
"2005",200.4,25.2898602255639,-208.33862244898,3.923
"2006",200.5,25.2790356716418,-208.494770642202,3.923
"2007",200.6,25.2755477443609,-208.420458715596,3.923
"2008",200.7,25.2847732,-208.358358490566,3.92211320754717
"2009",200.8,25.3004076119403,-208.255090909091,3.91906060606061
"2010",200.9,25.3239071428571,-208.156745098039,3.92107843137255
"2011",201,25.3249198507463,-208.02705050505,3.9229797979798
"2012",201.1,25.319994962406,-207.981519230769,3.92202884615385
"2013",201.2,25.3270146,-207.998826923077,3.92299038461538
"2014",201.3,25.3375182089552,-207.940077669903,3.92201941747573
"2015",201.4,25.3299193939394,-207.643961165049,3.92299029126214
"2016",201.5,25.3275288235294,-207.644504424779,3.923
"2017",201.6,25.3453338345865,-207.732134020619,3.923
"2018",201.7,25.3532059701493,-207.761,3.923
"2019",201.8,25.3384501492537,-207.522,3.92
"2020",201.9,25.3334415151515,-207.306905660377,3.92377358490566
"2021",202,25.3360094029851,-207.388,3.92306930693069
"2022",202.1,25.3446519548872,-207.1838125,3.923
"2023",202.2,25.3472279104478,-207.222757575758,3.9220202020202
"2024",202.3,25.3412545112782,-207.11254368932,3.923
"2026",202.5,25.3405525,-207.101886792453,3.923
"2027",202.6,25.3450568939394,-206.898113207547,3.923
"2028",202.7,25.3717674626866,-206.928191304348,3.923
"2029",202.8,25.364377593985,-206.637756521739,3.923
"2030",202.9,25.3505255,-206.66942,3.92298
"2031",203,25.3364602941176,-206.59484,3.92204
"2032",203.1,25.3066152272727,-206.726637168142,3.92398230088496
"2033",203.2,25.3078348529412,-206.358495575221,3.92309734513274
"2034",203.3,25.3066495488722,-206.513692307692,3.922
"2035",203.4,25.2784894029851,-206.603435897436,3.922
"2036",203.5,25.2713011940299,-206.300351648352,3.92294505494506
"2037",203.6,25.2860685858586,-206.412031746032,3.92204761904762
"2038",203.7,25.2850589552239,-206.263619047619,3.92442857142857
"2039",203.8,25.2800660902256,-206.14716,3.92298
"2040",203.9,25.2677434328358,-206.154089285714,3.92198214285714
"2041",204,25.2401992481203,-206.108553571429,3.92108928571429
"2042",204.1,25.228836969697,-205.924171717172,3.9220202020202
"2043",204.2,25.2445070149254,-205.97785,3.923
"2044",204.3,25.2596669924812,-205.867756756757,3.92297297297297
"2045",204.4,25.2567997014925,-205.592981981982,3.92207207207207
"2046",204.5,25.2626127819549,-205.728166666667,3.92295833333333
"2047",204.6,25.2631304,-205.64467,3.92209
"2048",204.7,25.2679023529412,-205.4427,3.92482
"2049",204.8,25.2905412121212,-205.526307692308,3.91908653846154
"2050",204.9,25.2987835820896,-205.403230769231,3.92197115384615
"2051",205,25.3036016541353,-205.299222222222,3.92202777777778
"2052",205.1,25.3081848,-205.339962962963,3.9229537037037
"2053",205.2,25.3036568656716,-205.1976,3.923
"2054",205.3,25.2990354545455,-205.266570093458,3.922
"2055",205.4,25.2943517647059,-204.789416666667,3.922
"2056",205.5,25.2765551879699,-205.079,3.922
"2057",205.6,25.2663559701493,-205.1139,3.92202
"2058",205.7,25.2796497014925,-205.15252173913,3.923
"2059",205.8,25.300591010101,-204.878608695652,3.923
"2060",205.9,25.3157958823529,-204.846099009901,3.92208910891089
"2061",206,25.3210985606061,-204.783539823009,3.92496460176991
"2062",206.1,25.3063743283582,-204.760530973451,3.92319469026549
"2063",206.2,25.2938836090226,-204.724316831683,3.922
"2064",206.3,25.307659,-204.503651376147,3.92201834862385
"2065",206.4,25.3155817647059,-204.386220183486,3.92293577981651
"2066",206.5,25.3203471969697,-204.253673684211,3.92202105263158
"2067",206.6,25.333461641791,-204.268040816326,3.922
"2068",206.7,25.3326651879699,-204.460845454545,3.922
"2069",206.8,25.3267965,-204.289027272727,3.922
"2070",206.9,25.3096,-204.2711875,3.9239375
"2071",207,25.3110511278195,-204.193811881188,3.92392079207921
"2072",207.1,25.3119163235294,-204.162757575758,3.922
"2073",207.2,25.3254471969697,-204.077603773585,3.922
"2074",207.3,25.3447734328358,-203.742698113207,3.922
"2075",207.4,25.3129475247525,-204.09695049505,3.9220396039604
"2076",207.5,25.3044769172932,-204.112361111111,3.92302777777778
"2077",207.6,25.3076888059702,-203.857731481482,3.9239537037037
"2078",207.7,25.3048857575758,-203.627722772277,3.92023762376238
"2079",207.8,25.3055935820895,-203.572755102041,3.92191836734694
"2080",207.9,25.32015,-203.64086,3.923
"2081",208,25.3299912,-203.681571428571,3.92298319327731
"2082",208.1,25.3117426865672,-203.610142857143,3.92214285714286
"2083",208.2,25.2992866165414,-203.541409090909,3.922
"2084",208.3,25.2836331343284,-203.42153271028,3.922
"2085",208.4,25.3021145454545,-203.339289719626,3.922
"2086",208.5,25.3263699009901,-203.2247,3.92209
"2087",208.6,25.3174185074627,-203.119398058252,3.92494174757282
"2089",208.8,25.3058925373134,-203.069128712871,3.922
"2090",208.9,25.3085596992481,-203.106363636364,3.922
"2091",209,25.3128136,-203.119484848485,3.922
"2092",209.1,25.3180036363636,-202.969376237624,3.922
"2093",209.2,25.3031484962406,-202.833212121212,3.922
"2094",209.3,25.3010205882353,-202.838138613861,3.922
"2095",209.4,25.3172093984962,-202.79204,3.92203
"2096",209.5,25.3073050746269,-202.760333333333,3.92293939393939
"2097",209.6,25.2830556390977,-202.73068,3.92104
"2098",209.7,25.27026,-202.531980392157,3.92203921568627
"2099",209.8,25.2888471641791,-202.557434343434,3.923
"2100",209.9,25.2927636090226,-202.620324324324,3.92297297297297
"2101",210,25.298483880597,-202.397801801802,3.92207207207207
"2102",210.1,25.3057117293233,-202.335614678899,3.922
"2103",210.2,25.3124245454545,-201.916348623853,3.922
"2104",210.3,25.3190565671642,-202.347206185567,3.9229587628866
"2105",210.4,25.3008634586466,-202.221256880734,3.92201834862385
"2106",210.5,25.2836531343284,-202.234100917431,3.92293577981651
"2107",210.6,25.2893921804511,-202.159808510638,3.92695744680851
"2108",210.7,25.284636,-202.030298076923,3.92202884615385
"2109",210.8,25.2916771641791,-201.773567307692,3.92299038461538
"2110",210.9,25.2903095488722,-201.890382352941,3.92397058823529
"2111",211,25.2785664705882,-201.679281553398,3.92211650485437
"2112",211.1,25.2765818045113,-201.77496969697,3.922
"2113",211.2,25.2832441791045,-201.39928,3.922
"2114",211.3,25.2748232,-201.6202,3.922
"2115",211.4,25.2910707518797,-201.572722772277,3.92188118811881
"2116",211.5,25.2661813432836,-201.467609090909,3.91908181818182
"2117",211.6,25.2542578195489,-201.421245454545,3.92180909090909
"2118",211.7,25.2785186567164,-201.407453608247,3.922
"2119",211.8,25.2821260902256,-201.265823529412,3.92488235294118
"2120",211.9,25.2689166666667,-201.235885245902,3.922
"2121",212,25.26625,-201.180147540984,3.922
"2122",212.1,25.25972,-201.098484848485,3.922
"2123",212.2,25.2486543283582,-200.841326732673,3.922
"2124",212.3,25.2424260902256,-201.21027,3.922
"2125",212.4,25.249194,-201.118679611651,3.92214563106796
"2126",212.5,25.2858970149254,-201.008,3.927
"2127",212.6,25.2855627067669,-200.999089108911,3.9230396039604
"2128",212.7,25.2855785074627,-200.947142857143,3.923
"2129",212.8,25.2670272932331,-200.94206185567,3.92396907216495
"2130",212.9,25.251926,-200.72232,3.92296
"2131",213,25.2556798507463,-200.7432,3.922
"2132",213.1,25.2653335606061,-200.490285714286,3.922
"2133",213.2,25.2532352941176,-200.647428571429,3.922
"2134",213.3,25.2402011278195,-200.59202,3.923
"2135",213.4,25.250302238806,-200.526641509434,3.92308490566038
"2136",213.5,25.2450693283582,-200.481358490566,3.92591509433962
"2137",213.6,25.2608027272727,-200.434352941176,3.92219607843137
"2138",213.7,25.2962374626866,-200.611653465347,3.922
"2139",213.8,25.2951434586466,-200.528935779816,3.92298165137615
"2140",213.9,25.2885510447761,-200.475724770642,3.92206422018349
"2141",214,25.272627443609,-200.32398989899,3.922
"2142",214.1,25.2656823232323,-200.277181818182,3.92202727272727
"2143",214.2,25.2763537313433,-200.349909090909,3.92293636363636
"2144",214.3,25.2793171428571,-200.113222222222,3.922
"2145",214.4,25.2792197014925,-200.187296296296,3.922
"2146",214.5,25.3050184962406,-200.1131,3.92485
"2147",214.6,25.3085643,-200.234471698113,3.92231132075472
"2148",214.7,25.2723104477612,-200.049368932039,3.92100970873786
"2149",214.8,25.2534004511278,-199.986262135922,3.92198058252427
"2150",214.9,25.2561011764706,-199.892151515152,3.922
"2151",215,25.251112556391,-199.850257425743,3.922
"2152",215.1,25.247062,-199.826,3.922
"2153",215.2,25.2607442424242,-199.826,3.922
"2154",215.3,25.2541767164179,-199.721666666667,3.9220404040404
"2155",215.4,25.2539349253731,-199.655333333333,3.92390909090909
"2156",215.5,25.2736497744361,-199.599386138614,3.92107920792079
"2157",215.6,25.2738594029851,-199.53261,3.92297
"2158",215.7,25.2797590298508,-199.421673076923,3.92202884615385
"2159",215.8,25.3041615151515,-199.377442307692,3.92299038461538
"2160",215.9,25.3129920895522,-199.538551020408,3.922
"2161",216,25.3137803759398,-199.326724137931,3.922
"2162",216.1,25.3302091044776,-199.369827586207,3.922
"2163",216.2,25.3140976691729,-199.417127659574,3.922
"2164",216.3,25.29449,-199.275363636364,3.92293939393939
"2165",216.4,25.302256119403,-199.341138613861,3.9210396039604
"2166",216.5,25.3175915909091,-199.09738,3.922
"2167",216.6,25.3204088059701,-198.950945945946,3.92210810810811
"2168",216.7,25.2875205263158,-199.049144144144,3.92571171171171
"2169",216.8,25.2539486138614,-199.030353535354,3.922
"2170",216.9,25.2489562686567,-198.99048,3.922
"2171",217,25.231581969697,-198.719242424242,3.922
"2172",217.1,25.2279430882353,-198.854762376238,3.922
"2173",217.2,25.2402919548872,-198.84918,3.922
"2174",217.3,25.2258114925373,-198.849944444444,3.92197222222222
"2175",217.4,25.2342094776119,-198.681425925926,3.9210462962963
"2176",217.5,25.2390312121212,-198.725121212121,3.9220303030303
"2177",217.6,25.2236532835821,-198.631333333333,3.92296296296296
"2178",217.7,25.2387998496241,-198.589666666667,3.92203703703704
"2179",217.8,25.2251872727273,-198.472594059406,3.922
"2180",217.9,25.2614598496241,-198.490424242424,3.922
"2181",218,25.3007116,-198.60224,3.922
"2182",218.1,25.2953839705882,-198.651412844037,3.922
"2183",218.2,25.2773551515152,-198.536733944954,3.922
"2184",218.3,25.270207761194,-198.543762376238,3.922
"2185",218.4,25.2722457142857,-198.342257425743,3.922
"2186",218.5,25.2766198,-198.452824074074,3.922
"2187",218.6,25.2960917910448,-198.335231481481,3.922
"2188",218.7,25.2764325757576,-198.3115,3.92103125
"2189",218.8,25.2879397058824,-198.24636,3.922
"2190",218.9,25.3337209774436,-198.29776,3.922
"2191",219,25.3597366,-197.563355140187,3.922
"2192",219.1,25.3592192537313,-198.181112149533,3.922
"2193",219.2,25.3646936363636,-198.0828,3.922
"2194",219.3,25.3678141791045,-198.1501,3.9277
"2195",219.4,25.3701255639098,-198.04,3.9204
"2196",219.5,25.360788358209,-197.839520408163,3.92201020408163
"2197",219.6,25.3466036567164,-197.89474,3.923
"2198",219.7,25.3476753,-198.04461,3.92297
"2199",219.8,25.3435729850746,-197.935059405941,3.922
"2200",219.9,25.3350869924812,-197.935455445545,3.922
"2201",220,25.3333053731343,-197.858858585859,3.922
"2202",220.1,25.3336751879699,-197.841930693069,3.922
"2203",220.2,25.346304,-197.690179245283,3.92200943396226
"2204",220.3,25.3400571641791,-197.708103773585,3.92295283018868
"2205",220.4,25.3369568181818,-197.721454545455,3.922
"2206",220.5,25.3434337313433,-197.570907407407,3.92198148148148
"2207",220.6,25.3550860150376,-197.616277777778,3.92105555555556
"2208",220.7,25.3690148,-197.64027184466,3.922
"2209",220.8,25.3731656716418,-197.56745631068,3.922
"2210",220.9,25.3741289473684,-197.498079207921,3.922
"2211",221,25.3868028358209,-197.31925,3.922
"2212",221.1,25.3785297744361,-197.244087378641,3.922
"2213",221.2,25.375767761194,-197.152825242718,3.922
"2214",221.3,25.3696632835821,-197.240757009346,3.922
"2215",221.4,25.3725472,-197.276990291262,3.92201941747573
"2216",221.5,25.3875177941176,-197.176019417476,3.92396116504854
"2217",221.6,25.3798741666667,-197.125960784314,3.92207843137255
"2218",221.7,25.3935659701493,-197.19398,3.922
"2219",221.8,25.3950666165414,-197.0865,3.922
"2220",221.9,25.3893343,-196.680336633663,3.922
"2221",222,25.3878329850746,-197.19096,3.922
"2222",222.1,25.3987445454545,-197.086945945946,3.92203603603604
"2223",222.2,25.4188780597015,-196.981540540541,3.92563963963964
"2224",222.3,25.4114618045113,-196.839605504587,3.91905504587156
"2225",222.4,25.4146672,-196.869880733945,3.92180733944954
"2226",222.5,25.4170432835821,-196.715721649485,3.922
"2227",222.6,25.4005693181818,-196.601594059406,3.9210495049505
"2228",222.7,25.4033705882353,-196.560742268041,3.9219793814433
"2229",222.8,25.4038248120301,-196.511485148515,3.922
"2230",222.9,25.3971284,-196.540485714286,3.922
"2231",223,25.3668611940299,-196.441862385321,3.92202752293578
"2232",223.1,25.3406909090909,-196.537275229358,3.92294495412844
"2233",223.2,25.3323494117647,-196.560535353535,3.9220202020202
"2234",223.3,25.3384790909091,-196.22142,3.92396
"2235",223.4,25.3550908955224,-196.241797979798,3.922
"2236",223.5,25.3521252238806,-196.233568807339,3.92202752293578
"2237",223.6,25.347174,-196.285862385321,3.92294495412844
"2238",223.7,25.3430805882353,-196.215036363636,3.922
"2239",223.8,25.3594834848485,-196.166854545455,3.922
"2240",223.9,25.3592804477612,-196.200475247525,3.922
"2241",224,25.3595767669173,-196.01728,3.922
"2242",224.1,25.3736986,-195.883948717949,3.92196581196581
"2243",224.2,25.3541662686567,-195.881384615385,3.92025641025641
"2244",224.3,25.3319895488722,-196.08148,3.922
"2245",224.4,25.3469971641791,-195.897623762376,3.92205940594059
"2246",224.5,25.3545038636364,-195.726183673469,3.92395918367347
"2247",224.6,25.3472157425743,-195.911910891089,3.922
"2248",224.7,25.3410727272727,-195.556554545455,3.922
"2249",224.8,25.3706514285714,-195.908372727273,3.922
"2250",224.9,25.3685901470588,-195.85075,3.922
"2251",225,25.3484043609023,-195.842416666667,3.922
"2252",225.1,25.3469444776119,-195.6045,3.922
"2253",225.2,25.3634903759399,-195.589868686869,3.91808080808081
"2254",225.3,25.3781384158416,-195.438082568807,3.922
"2255",225.4,25.3800585074627,-195.440834862385,3.922
"2256",225.5,25.345465112782,-195.336555555556,3.9210505050505
"2257",225.6,25.3199492537313,-195.351842105263,3.922
"2258",225.7,25.326485,-195.475,3.922
"2259",225.8,25.3381230693069,-195.056257425743,3.922
"2260",225.9,25.3170248484849,-195.422175438596,3.92198245614035
"2261",226,25.3111189473684,-195.330947368421,3.92110526315789
"2262",226.1,25.3259985074627,-195.091020408163,3.92459183673469
"2263",226.2,25.3308704545455,-195.257787878788,3.9210303030303
"2264",226.3,25.3383287128713,-195.245495049505,3.9219603960396
"2265",226.4,25.3645563636364,-195.111836363636,3.921
"2266",226.5,25.3482857142857,-195.106381818182,3.921
"2267",226.6,25.3373147058823,-195.254669811321,3.922
"2268",226.7,25.3326026315789,-195.221650943396,3.922
"2269",226.8,25.3268462,-195.123080808081,3.922
"2270",226.9,25.3342736363636,-195.147363636364,3.922
"2271",227,25.3440871428571,-195.153037037037,3.92207407407407
"2272",227.1,25.3529976119403,-195.003962962963,3.92392592592593
"2273",227.2,25.3764057142857,-194.903939393939,3.92206060606061
"2274",227.3,25.38515,-194.961442307692,3.92294230769231
"2275",227.4,25.3778757142857,-194.883557692308,3.92005769230769
"2276",227.5,25.3706124,-194.9137,3.922
"2277",227.6,25.3713372058823,-194.753232323232,3.922
"2278",227.7,25.3806415789474,-194.80831092437,3.92197478991597
"2279",227.8,25.3667694029851,-194.652008403361,3.92113445378151
"2280",227.9,25.3694625,-194.576652542373,3.922
"2281",228,25.3643469306931,-194.431737288136,3.922
"2282",228.1,25.3733336363636,-194.601373737374,3.9180404040404
"2283",228.2,25.3688157142857,-194.442285714286,3.92197959183674
"2284",228.3,25.3502605970149,-194.455884615385,3.92092307692308
"2285",228.4,25.3721742857143,-194.453,3.919
"2286",228.5,25.3969786,-194.315,3.922
"2287",228.6,25.3955521212121,-194.199905660377,3.922
"2288",228.7,25.4100252631579,-194.29076,3.922
"2289",228.8,25.4203764705882,-194.37384,3.922
"2290",228.9,25.4189142857143,-194.217779661017,3.922
"2291",229,25.4029028358209,-194.156762711864,3.922
"2292",229.1,25.3887801492537,-194.088025641026,3.92394871794872
"2293",229.2,25.3868032,-194.08888034188,3.92223931623932
"2294",229.3,25.3525788059702,-194.176977011494,3.922
"2295",229.4,25.3339640601504,-194.220408163265,3.922
"2296",229.5,25.3360414925373,-194.1,3.922
"2297",229.6,25.3550185714286,-194.014563106796,3.922
"2298",229.7,25.377683,-194.01668,3.922
"2299",229.8,25.3899190909091,-193.998647058824,3.922
"2300",229.9,25.3736614285714,-193.881,3.922
"2301",230,25.3662253731343,-194.095953271028,3.922
"2302",230.1,25.3640485714286,-193.862322033898,3.92198305084746
"2303",230.2,25.3509422,-193.778423728814,3.92113559322034
"2304",230.3,25.3231648484848,-193.82188172043,3.921
"2305",230.4,25.3181094736842,-193.695,3.921
"2306",230.5,25.3223370588235,-193.783989795918,3.922
"2307",230.6,25.33111,-193.307666666667,3.922
"2308",230.7,25.3422964,-193.618333333333,3.92196581196581
"2309",230.8,25.3447120895522,-193.651666666667,3.92111111111111
"2310",230.9,25.3517928571429,-193.57856,3.92112
"2311",231,25.3681064179104,-193.52744,3.925
"2312",231.1,25.3521671428571,-193.38486,3.92491
"2313",231.2,25.3381692537313,-193.540606060606,3.922
"2314",231.3,25.35862,-193.500941176471,3.922
"2315",231.4,25.3734579,-193.618306122449,3.922
"2316",231.5,25.3798185074627,-193.434371428571,3.922
"2317",231.6,25.3982,-193.268657142857,3.922
"2318",231.7,25.406196119403,-193.32302970297,3.9210297029703
"2319",231.8,25.4037,-193.325414141414,3.922
"2320",231.9,25.3995737,-193.387554455446,3.9219702970297
"2321",232,25.4129181818182,-193.1768,3.921
"2322",232.1,25.3820647368421,-193.169181818182,3.92103636363636
"2323",232.2,25.3783592537313,-193.278272727273,3.92285454545455
"2324",232.3,25.4033726315789,-193.214917525773,3.92205154639175
"2325",232.4,25.4119712,-192.998836734694,3.922
"2326",232.5,25.4093570149254,-193.272544554455,3.922
"2327",232.6,25.4199716666667,-193.11465,3.922
"2328",232.7,25.4118277941176,-193.072333333333,3.922
"2329",232.8,25.3999631578947,-193.108425742574,3.9220396039604
"2330",232.9,25.3953734328358,-192.946294642857,3.92291964285714
"2331",233,25.3805094029851,-192.856116071429,3.92024107142857
"2332",233.1,25.3696634,-192.969652631579,3.92191578947368
"2333",233.2,25.3679762686567,-192.964113402062,3.922
"2334",233.3,25.3546980597015,-192.842893203883,3.922
"2335",233.4,25.3650688059701,-192.704930693069,3.922
"2336",233.5,25.3706965413534,-192.85992,3.92197
"2337",233.6,25.3548316,-192.72452,3.92103
"2338",233.7,25.3371436363636,-192.612267326733,3.922
"2339",233.8,25.3585348484849,-192.623366972477,3.92196330275229
"2340",233.9,25.3586240298507,-192.74171559633,3.92012844036697
"2341",234,25.3686063157895,-192.396770642202,3.92170642201835
"2342",234.1,25.3718032,-192.55800990099,3.92108910891089
"2343",234.2,25.37472,-192.393808080808,3.92393939393939
"2344",234.3,25.390790075188,-192.334455445545,3.9210297029703
"2345",234.4,25.412835,-192.280545454545,3.922
"2346",234.5,25.3894747368421,-192.123932692308,3.92197115384615
"2347",234.6,25.3696272,-192.488355769231,3.92100961538462
"2348",234.7,25.3856662686567,-192.37724,3.92103
"2349",234.8,25.393535,-192.375383928571,3.92208035714286
"2350",234.9,25.4003719402985,-192.054848214286,3.92475892857143
"2351",235,25.3885311278195,-192.22704,3.921
"2352",235.1,25.3923143283582,-192.08184,3.92102
"2353",235.2,25.4071688059702,-192.07244,3.922
"2354",235.3,25.4158556,-191.99528,3.922
"2355",235.4,25.4104097014925,-191.961095652174,3.922
"2356",235.5,25.4308494736842,-192.01587826087,3.922
"2357",235.6,25.4216641791045,-191.781333333333,3.922
"2358",235.7,25.4242984210526,-191.833862745098,3.922
"2359",235.8,25.4352058208955,-191.929843137255,3.92198039215686
"2361",236,25.4713206060606,-191.78712244898,3.92101020408163
"2362",236.1,25.459324477612,-191.798821782178,3.9220297029703
"2363",236.2,25.4325921052632,-191.79258974359,3.92298290598291
"2364",236.3,25.4456282089552,-191.772076923077,3.92212820512821
"2365",236.4,25.4428352,-191.77356,3.92198
"2366",236.5,25.4556066666667,-191.799415841584,3.9210198019802
"2367",236.6,25.4359929411765,-191.72123,3.922
"2368",236.7,25.444,-191.743878787879,3.9220303030303
"2369",236.8,25.4586394029851,-191.72582,3.92498
"2370",236.9,25.4538194736842,-191.4246,3.92396
"2371",237,25.4639396,-191.5019,3.922
"2372",237.1,25.45814,-191.449301886792,3.922
"2373",237.2,25.4626081818182,-191.514396226415,3.922
"2374",237.3,25.4483085074627,-191.63104,3.922
"2375",237.4,25.4400426315789,-191.48646,3.92198
"2376",237.5,25.4469736,-191.50978,3.92102
"2377",237.6,25.4671510447761,-191.54608,3.922
"2378",237.7,25.4559708333333,-191.45106,3.92202
"2379",237.8,25.438773880597,-191.403871287129,3.923
"2380",237.9,25.4495506015038,-191.34852,3.92298
"2381",238,25.4643345,-191.39991,3.92101
"2382",238.1,25.4573729850746,-191.39002,3.922
"2383",238.2,25.4553327272727,-191.29381,3.92199
"2384",238.3,25.4515582352941,-191.36799137931,3.92100862068966
"2385",238.4,25.4440785714286,-190.767129310345,3.92187068965517
"2386",238.5,25.4430275,-191.284861386139,3.9219801980198
"2387",238.6,25.4531858208955,-191.278434343434,3.921
"2388",238.7,25.4807011278196,-191.3176,3.92098
"2389",238.8,25.4790880597015,-191.15101980198,3.9200198019802
"2390",238.9,25.4590627272727,-191.151653846154,3.921
"2391",239,25.4697597058823,-191.117038461538,3.921
"2392",239.1,25.4719991729323,-190.985683168317,3.9229603960396
"2393",239.2,25.465067,-191.067686868687,3.921
"2394",239.3,25.4896436764706,-190.932485148515,3.921
"2395",239.4,25.4937789473684,-190.613111111111,3.9210101010101
"2396",239.5,25.4810179104478,-190.91688,3.922
"2397",239.6,25.4698808333333,-190.86068627451,3.92198039215686
"2399",239.8,25.4676366666667,-190.832592592593,3.92983333333333
"2400",239.9,25.4590431578947,-190.762222222222,3.9215
"2401",240,25.4529829850746,-190.840375,3.92299107142857
"2402",240.1,25.450604962406,-190.777875,3.92209821428571
"2403",240.2,25.452231,-190.689177419355,3.922
"2404",240.3,25.4426181818182,-190.74292,3.921
"2405",240.4,25.4336469172932,-190.637914285714,3.921
"2406",240.5,25.4366064705882,-190.829342857143,3.921
"2407",240.6,25.4299004511278,-190.703166666667,3.922
"2408",240.7,25.4110110447761,-190.619833333333,3.922
"2409",240.8,25.4022867669173,-190.628637168142,3.922
"2410",240.9,25.4065725,-190.512813186813,3.92105494505494
"2411",241,25.4117359701493,-190.670603960396,3.921
"2412",241.1,25.4049657894737,-190.581125,3.921
"2413",241.2,25.4078171641791,-190.38696,3.92101
"2414",241.3,25.4004309090909,-190.38399,3.922
"2415",241.4,25.3984707920792,-190.481735849057,3.92199056603774
"2416",241.5,25.4179291044776,-190.455320754717,3.92104716981132
"2417",241.6,25.4062806766917,-190.458611650485,3.921
"2418",241.7,25.393233880597,-190.320505376344,3.92297849462366
"2419",241.8,25.4053481954887,-190.235845360825,3.922
"2420",241.9,25.406568,-190.241,3.922
"2421",242,25.4210713636364,-190.165854700855,3.92001709401709
"2422",242.1,25.4311336842105,-190.151324786325,3.9217264957265
"2423",242.2,25.4075882352941,-190.216076923077,3.921
"2424",242.3,25.3941885714286,-190.119923076923,3.921
"2425",242.4,25.4075215,-190.157784313725,3.92101960784314
"2427",242.6,25.3865157894737,-189.987153846154,3.92198076923077
"2428",242.7,25.3960776119403,-189.944846153846,3.92101923076923
"2429",242.8,25.403865037594,-189.9171,3.921
"2430",242.9,25.3805953731343,-189.926537735849,3.921
"2431",243,25.3693231343284,-189.880311320755,3.921
"2432",243.1,25.3659205,-190.002424778761,3.921
"2433",243.2,25.3630870149254,-189.89524,3.921
"2434",243.3,25.3922928571429,-189.47142,3.92102
"2435",243.4,25.3825634328358,-189.73859223301,3.92198058252427
"2436",243.5,25.4013554135338,-189.818203883495,3.92100970873786
"2437",243.6,25.414094,-189.73264,3.92002
"2438",243.7,25.3967122727273,-189.61664,3.92102
"2439",243.8,25.4007470676692,-189.597019607843,3.92198039215686
"2440",243.9,25.427111641791,-189.498,3.921
"2441",244,25.4299045864662,-189.36147826087,3.92186956521739
"2442",244.1,25.4394244,-189.524433628319,3.921
"2443",244.2,25.4466339393939,-189.467796460177,3.921
"2444",244.3,25.4450347368421,-189.54237,3.92101
"2445",244.4,25.4655232352941,-189.577666666667,3.9219898989899
"2446",244.5,25.4581215789474,-189.44501980198,3.9209603960396
"2447",244.6,25.4481807462687,-189.3469,3.919
"2448",244.7,25.4449106716418,-189.33523,3.91902
"2449",244.8,25.4444336363636,-189.161393939394,3.9209797979798
"2450",244.9,25.4523819402985,-189.2973,3.91906
"2451",245,25.4575291729323,-189.264169811321,3.92198113207547
"2452",245.1,25.4652032835821,-189.322660377358,3.92103773584906
"2453",245.2,25.4639359398496,-188.325178571429,3.921
"2454",245.3,25.4635308,-189.243035714286,3.921
"2455",245.4,25.4611256716418,-189.11916,3.92102
"2456",245.5,25.4665455639098,-189.367094339623,3.92209433962264
"2457",245.6,25.4679746268657,-189.121811320755,3.92681132075472
"2458",245.7,25.4611373684211,-189.15232,3.9222
"2459",245.8,25.4693724,-189.104719626168,3.92107476635514
"2460",245.9,25.4527290909091,-188.990700934579,3.92481308411215
"2461",246,25.443550075188,-188.883666666667,3.92228571428572
"2462",246.1,25.4298114705882,-188.93887628866,3.92107216494845
"2463",246.2,25.4451286466165,-188.850060606061,3.921
"2464",246.3,25.4587194,-189.25797979798,3.9219494949495
"2465",246.4,25.4561086567164,-189.001424242424,3.921
"2466",246.5,25.4273942424242,-188.947230769231,3.92103846153846
"2467",246.6,25.411126119403,-189.058769230769,3.92296153846154
"2468",246.7,25.4358266917293,-188.725738317757,3.921
"2469",246.8,25.4609764179105,-188.899570093458,3.921
"2470",246.9,25.4501405970149,-188.904470588235,3.92192156862745
"2471",247,25.4586356,-188.745346938776,3.9210612244898
"2472",247.1,25.4441586567164,-188.832137614679,3.921
"2473",247.2,25.4181972180451,-188.045899082569,3.921
"2474",247.3,25.4323807462687,-188.76878,3.922
"2475",247.4,25.464367368421,-188.64771,3.92199
"2476",247.5,25.4555626,-188.6184,3.92102
"2477",247.6,25.43447,-188.55824,3.92298
"2478",247.7,25.4473638636364,-188.484418181818,3.92100909090909
"2479",247.8,25.4452170588235,-188.626236363636,3.92191818181818
"2480",247.9,25.4443164661654,-188.551676767677,3.92291919191919
"2481",248,25.4538862,-188.72662,3.921
"2482",248.1,25.4627937313433,-188.60554954955,3.921
"2483",248.2,25.4638473484848,-188.383027027027,3.921
"2484",248.3,25.4984250746269,-188.47472,3.921
"2485",248.4,25.485447518797,-188.545636363636,3.92105050505051
"2486",248.5,25.4673280597015,-188.505818181818,3.92589898989899
"2487",248.6,25.4723847761194,-188.304336633663,3.921
"2488",248.7,25.4781411111111,-188.345607476636,3.92101869158879
"2489",248.8,25.4812854411765,-188.225981308411,3.92195327102804
"2490",248.9,25.4804167669173,-188.129896907216,3.9210206185567
"2491",249,25.4688559701493,-188.37312,3.921
"2492",249.1,25.4696181954887,-188.33031372549,3.921
"2494",249.3,25.4909194029851,-188.35951,3.921
"2495",249.4,25.4978493181818,-188.408037383178,3.92100934579439
"2496",249.5,25.4857788059702,-188.211775700935,3.92194392523364
"2497",249.6,25.4820242105263,-188.19912,3.92198
"2498",249.7,25.484738,-188.011943396226,3.921
"2499",249.8,25.4488067164179,-188.159113207547,3.921
"2500",249.9,25.4372106060606,-187.97426,3.921
"2501",250,25.4521241176471,-188.041465346535,3.921
"2502",250.1,25.4561014285714,-188.311535353535,3.9210101010101
"2503",250.2,25.4612668,-188.263090909091,3.9219797979798
"2504",250.3,25.4690034328358,-188.118435643564,3.9210297029703
"2505",250.4,25.4725324242424,-188.00206,3.922
"2506",250.5,25.4625452941176,-188.00503960396,3.9219801980198
"2507",250.6,25.4569478787879,-188.008063063063,3.92101801801802
"2508",250.7,25.4792891044776,-188.114369369369,3.92281981981982
"2509",250.8,25.4971637313433,-187.812028846154,3.92298076923077
"2510",250.9,25.50673,-187.914913461538,3.92105769230769
"2511",251,25.495225,-187.87043,3.921
"2512",251.1,25.4814151515152,-188.009090909091,3.9210101010101
"2513",251.2,25.4880798507463,-187.726422018349,3.922
"2514",251.3,25.4781552631579,-187.84752293578,3.922
"2515",251.4,25.4569755,-187.689633663366,3.9219801980198
"2517",251.6,25.4539860606061,-187.706878787879,3.9210101010101
"2518",251.7,25.4702419402985,-187.69486,3.92198
"2519",251.8,25.4700718796992,-187.68768,3.921
"2520",251.9,25.4522336,-187.67224,3.921
"2521",252,25.4851134328358,-187.675445544555,3.921
"2522",252.1,25.4715268181818,-187.256292929293,3.921
"2523",252.2,25.4675980882353,-187.678111111111,3.921
"2524",252.3,25.4575226119403,-187.733666666667,3.921
"2525",252.4,25.4324895522388,-187.529032967033,3.91726373626374
"2526",252.5,25.3996537313433,-187.524323232323,3.9219797979798
"2527",252.6,25.3919105050505,-187.442523364486,3.92097196261682
"2528",252.7,25.4006935294118,-186.657416666668,3.91991666666667
"2529",252.8,25.4095920610687,-205.872,3.922
"2530",252.9,25.4053414925373,-208.409962962963,3.92107407407407
"2531",253,25.4420585714286,-207.873282828283,3.921
"2532",253.1,25.4395964,-207.833361111111,3.921
"2533",253.2,25.4227388235294,-207.442287128713,3.9210198019802
"2534",253.3,25.4057239393939,-207.304515151515,3.9219797979798
"2535",253.4,25.3936571641791,-206.954196078431,3.92003921568627
"2537",253.6,25.4184432,-206.45283,3.92102
"2538",253.7,25.4217356716418,-206.13676,3.92298
"2539",253.8,25.4278504545455,-205.912544642857,3.921
"2540",253.9,25.4261113432836,-205.667008928571,3.921
"2541",254,25.4247723308271,-205.731118181818,3.921
"2542",254.1,25.433747,-205.642936363636,3.921
"2543",254.2,25.434618358209,-205.488819148936,3.921
"2544",254.3,25.4521703007519,-205.158518181818,3.92000909090909
"2545",254.4,25.4670808823529,-205.010336363636,3.92091818181818
"2546",254.5,25.4790052272727,-204.884242424242,3.92
"2547",254.6,25.4864341791045,-204.708678899083,3.92001834862385
"2548",254.7,25.475526119403,-204.542623853211,3.92093577981651
"2549",254.8,25.4779372,-204.474941747573,3.921
"2550",254.9,25.5006158823529,-204.272616161616,3.921
"2551",255,25.4972584848485,-204.011,3.921
"2552",255.1,25.4668670588235,-204.036,3.921
"2553",255.2,25.4728508270677,-203.763884615385,3.921
"2554",255.3,25.476526,-203.614861386139,3.92
"2555",255.4,25.4771614925373,-203.501,3.92
"2556",255.5,25.4822915789474,-203.339613861386,3.9209900990099
"2557",255.6,25.4747372727273,-203.379544642857,3.92188392857143
"2558",255.7,25.483855,-203.250875,3.92109375
"2559",255.8,25.486534950495,-203.12416,3.921
"2560",255.9,25.4887863636364,-202.905559139785,3.921
"2561",256,25.4627017293233,-202.63144,3.921
"2562",256.1,25.4626602941176,-202.771415841584,3.921
"2564",256.3,25.4932823880597,-202.466754545455,3.92199090909091
"2565",256.4,25.4937666165414,-202.342209090909,3.92108181818182
"2566",256.5,25.482248,-202.09658,3.921
"2567",256.6,25.4771441791045,-202.251733333333,3.921
"2568",256.7,25.4860958646617,-202.125066666667,3.921
"2569",256.8,25.48283,-202.042424242424,3.921
"2570",256.9,25.4713954545455,-201.91348,3.921
"2571",257,25.4669638613861,-201.887672727273,3.921
"2572",257.1,25.4544801492537,-201.871309090909,3.921
"2573",257.2,25.4457390225564,-201.67912,3.92098
"2574",257.3,25.4439182352941,-201.584089108911,3.9200198019802
"2575",257.4,25.4633345454545,-201.438685185185,3.92101851851852
"2576",257.5,25.4807022772277,-201.307203703704,3.92287037037037
"2577",257.6,25.4884456060606,-201.145780952381,3.92198095238095
"2578",257.7,25.4852564661654,-201.184828571429,3.92102857142857
"2579",257.8,25.5065326865672,-201.03498,3.921
"2580",257.9,25.5010925,-200.83496,3.921
"2581",258,25.4905550495049,-200.831946428571,3.921
"2582",258.1,25.4823654545455,-200.926589285714,3.921
"2583",258.2,25.4794293984962,-200.63365,3.92101
"2584",258.3,25.4693788059702,-200.597634615385,3.92199038461538
"2585",258.4,25.4772215037594,-200.461096153846,3.92102884615385
"2586",258.5,25.5183355223881,-200.30894,3.92199
"2587",258.6,25.5300863157895,-200.20287,3.921
"2588",258.7,25.5197378217822,-200.09297979798,3.921
"2589",258.8,25.5343719402985,-200.284577981651,3.921
"2590",258.9,25.5233513533835,-200.16347706422,3.921
"2591",259,25.5167017647059,-199.98368,3.921
"2592",259.1,25.5191309774436,-200.061542857143,3.92101904761905
"2593",259.2,25.5007791,-199.838685714286,3.92197142857143
"2594",259.3,25.5127772727273,-199.832650485437,3.92196116504854
"2595",259.4,25.5467655639098,-199.615174757282,3.92001941747573
"2596",259.5,25.5597644776119,-199.614626262626,3.9200101010101
"2597",259.6,25.5410430827068,-199.673215686274,3.921
"2599",259.8,25.5242490909091,-199.69367,3.921
"2600",259.9,25.5305381954887,-199.65892173913,3.921
"2601",260,25.5327392537313,-199.451095652174,3.921
"2602",260.1,25.5451477443609,-199.35162,3.92102
"2603",260.2,25.5859619402985,-199.41037,3.92298
"2604",260.3,25.5903144776119,-199.14849,3.921
"2605",260.4,25.5801566666667,-198.99886,3.92099
"2606",260.5,25.5644029850746,-198.984096153846,3.92000961538462
"2607",260.6,25.5558893233083,-198.893711538462,3.92097115384615
"2608",260.7,25.5408513432836,-198.9076,3.921
"2609",260.8,25.5218279699248,-198.8876,3.921
"2610",260.9,25.5154448,-198.755792079208,3.921
"2611",261,25.5270068656716,-198.558168539326,3.921
"2612",261.1,25.5179816541353,-198.737356435644,3.92388118811881
"2613",261.2,25.5226055882353,-198.51268,3.92397
"2614",261.3,25.5308031578947,-198.48053271028,3.92099065420561
"2615",261.4,25.5319784,-198.433803738318,3.92005607476635
"2616",261.5,25.54685,-198.477525252525,3.9209494949495
"2617",261.6,25.5556121052632,-198.3127,3.921
"2618",261.7,25.5458113432836,-198.246339130435,3.921
"2619",261.8,25.5391569924812,-198.113295652174,3.921
"2620",261.9,25.5459702,-198.02659,3.921
"2621",262,25.5793824242424,-197.88651,3.92098
"2622",262.1,25.5717007518797,-197.838660550459,3.91899082568807
"2623",262.2,25.5492955223881,-197.90471559633,3.91807339449541
"2624",262.3,25.5301012030075,-197.844285714286,3.92081632653061
"2625",262.4,25.5414782089552,-197.767102040816,3.92195918367347
"2626",262.5,25.5361048507463,-197.73916,3.921
"2627",262.6,25.5362724,-197.647435643564,3.921
"2628",262.7,25.5348025373134,-197.569626262626,3.921
"2629",262.8,25.5515880451128,-197.5322,3.921
"2630",262.9,25.5749653731343,-197.492574074074,3.92101851851852
"2631",263,25.5656643609023,-197.471277777778,3.92194444444445
"2632",263.1,25.5560333,-197.419711711712,3.92101801801802
"2633",263.2,25.5616474626866,-197.305297297297,3.92191891891892
"2634",263.3,25.5624509090909,-197.22182,3.92096
"2635",263.4,25.5651173529412,-197.259683168317,3.9190396039604
"2636",263.5,25.5626289473684,-197.144747474747,3.921
"2637",263.6,25.5663356,-197.12100990099,3.921
"2638",263.7,25.561943880597,-197.169272727273,3.921
"2639",263.8,25.5783757575758,-196.997196078431,3.921
"2641",264,25.5949540601504,-196.879512820513,3.92096581196581
"2642",264.1,25.6067031343284,-196.805153846154,3.91925641025641
"2643",264.2,25.6036256716418,-196.71985106383,3.91990425531915
"2644",264.3,25.5839344444445,-196.59006,3.91909
"2645",264.4,25.562661641791,-196.586272727273,3.92083838383838
"2646",264.5,25.5906533834587,-196.521613861386,3.921
"2647",264.6,25.5973373134328,-196.551656565657,3.921
"2648",264.7,25.5632619548872,-196.516854368932,3.921
"2649",264.8,25.550105,-196.459572815534,3.921
"2650",264.9,25.5509613432836,-196.324037383178,3.92099065420561
"2651",265,25.516285037594,-196.227775700935,3.92005607476635
"2652",265.1,25.4882847058824,-196.3086,3.92198
"2653",265.2,25.4924632330827,-196.23654,3.92102
"2654",265.3,25.476809,-196.06552,3.92198
"2655",265.4,25.4651137313433,-195.994386138614,3.921
"2656",265.5,25.4846190909091,-196.060951923077,3.921
"2657",265.6,25.4877585074627,-195.856144230769,3.921
"2658",265.7,25.4766745112782,-195.968775510204,3.921
"2659",265.8,25.476765,-196.033704347826,3.921
"2660",265.9,25.4749211940299,-195.78452,3.92002
"2661",266,25.4777229545455,-195.903438596491,3.9209649122807
"2662",266.1,25.4610389552239,-195.675368421053,3.91921052631579
"2663",266.2,25.4702215789474,-195.7322,3.92098
"2664",266.3,25.4762465671642,-195.75145,3.91902
"2665",266.4,25.5036856716418,-195.6955,3.921
"2666",266.5,25.50587,-195.54696,3.921
"2667",266.6,25.5019788235294,-195.54194,3.921
"2668",266.7,25.4957007575758,-195.43902,3.921
"2669",266.8,25.4801791044776,-195.63789,3.92101
"2670",266.9,25.5049304511278,-195.526642201835,3.922
"2671",267,25.5331,-195.390862385321,3.922
"2672",267.1,25.5343082089552,-195.216653061225,3.9210612244898
"2673",267.2,25.5312372727273,-195.310444444444,3.9200505050505
"2674",267.3,25.5445775,-195.27198,3.921
"2675",267.4,25.5294793233083,-195.317345794393,3.921
"2676",267.5,25.515785,-195.184635514019,3.921
"2677",267.6,25.4939841791045,-195.042828282828,3.921
"2678",267.7,25.5096059848485,-195.219423076923,3.921
"2679",267.8,25.5296425,-195.090576923077,3.921
"2680",267.9,25.5087303030303,-195.046603448276,3.92184482758621
"2681",268,25.5050420895522,-194.93802020202,3.921
"2682",268.1,25.5386895522388,-194.842059405941,3.9209603960396
"2683",268.2,25.5468954545455,-194.845272727273,3.91902727272727
"2684",268.3,25.524375,-194.872545454545,3.92175454545455
"2685",268.4,25.5247478787879,-194.719616161616,3.921
"2686",268.5,25.5261250746269,-194.77893220339,3.921
"2687",268.6,25.5267863157895,-194.725542372881,3.921
"2688",268.7,25.5438675,-194.697111111111,3.921
"2689",268.8,25.551585,-194.798752475248,3.921
"2690",268.9,25.5585481818182,-194.439848484848,3.921
"2691",269,25.5829475,-194.42214,3.921
"2692",269.1,25.5926310526316,-194.28479661017,3.921
"2693",269.2,25.590555,-194.424627118644,3.921
"2694",269.3,25.5901164179104,-194.331137931035,3.921
"2695",269.4,25.5892956390977,-194.241524752475,3.921
"2696",269.5,25.587592238806,-194.285058823529,3.921
"2697",269.6,25.5831139393939,-194.227494949495,3.921
"2698",269.7,25.5743036633663,-194.082317757009,3.92098130841121
"2699",269.8,25.5643290909091,-194.198205607477,3.92004672897196
"2700",269.9,25.5971042105263,-194.15086,3.92104
"2701",270,25.6142682089552,-194.04498,3.92296
"2702",270.1,25.6174215789474,-193.98974,3.92102
"2703",270.2,25.5809291044776,-193.733314285714,3.92198095238095
"2704",270.3,25.5826447368421,-193.799028571429,3.92102857142857
"2705",270.4,25.5993594059406,-193.92337,3.921
"2706",270.5,25.6078149253731,-193.86007,3.92099
"2707",270.6,25.6159265413534,-193.76665,3.92001
"2708",270.7,25.600481641791,-193.63257,3.92101
"2709",270.8,25.5993548484848,-193.589317460317,3.92198412698413
"2710",270.9,25.612768019802,-193.521063492063,3.92039682539682
"2711",271,25.59207,-193.41025,3.92170454545455
"2712",271.1,25.6013015789474,-193.596802197802,3.921
"2713",271.2,25.5924375,-193.499,3.921
"2714",271.3,25.5843172180451,-193.388678571429,3.921
"2715",271.4,25.58684,-193.256535714286,3.921
"2716",271.5,25.58775,-193.17803125,3.921
"2717",271.6,25.5790678947368,-193.221947368421,3.921
"2718",271.7,25.6054886567164,-193.264037735849,3.921
"2719",271.8,25.5847480597015,-192.967811320755,3.921
"2720",271.9,25.5733637313433,-193.0271,3.921
"2721",272,25.5567692,-193.062811881188,3.921
"2722",272.1,25.569512481203,-192.944,3.921
"2723",272.2,25.5499901492537,-192.88,3.921
"2724",272.3,25.5741246212121,-192.986853658537,3.921
"2725",272.4,25.6088692537313,-192.971,3.921
"2726",272.5,25.5979636363636,-192.89821978022,3.921
"2727",272.6,25.5719291089109,-193.018,3.921
"2728",272.7,25.5549079104478,-192.786,3.921
"2729",272.8,25.5618184210526,-192.938720430108,3.922
"2730",272.9,25.5532275,-192.757,3.922
"2731",273,25.5695376515152,-192.729380952381,3.922
"2732",273.1,25.5848712871287,-192.72705,3.91915
"2733",273.2,25.6025681818182,-192.680375,3.921
"2734",273.3,25.60327,-192.571,3.921
"2735",273.4,25.5841376119403,-192.584237623762,3.921
"2736",273.5,25.5642578947368,-192.508,3.921
"2737",273.6,25.5600852,-192.283505747126,3.92114942528736
"2738",273.7,25.5843431818182,-192.395,3.92
"2739",273.8,25.5717928571429,-192.369757281553,3.92097087378641
"2740",273.9,25.5535156716418,-192.36977,3.92002
"2741",274,25.5801436090226,-192.14986,3.92198
"2742",274.1,25.5820397014925,-192.2345,3.92001
"2743",274.2,25.5932497761194,-192.18414,3.921
"2744",274.3,25.586504,-192.099034188034,3.921
"2745",274.4,25.5793350746269,-192.112714285714,3.921
"2746",274.5,25.6203731578947,-192.052,3.921
"2747",274.6,25.5998192537314,-192.131,3.92
"2748",274.7,25.5744994736842,-192.028,3.922
"2749",274.8,25.5678854,-191.949303030303,3.9210101010101
"2750",274.9,25.5721063636364,-191.919,3.92
"2751",275,25.5512147368421,-191.836592592593,3.92277777777778
"2752",275.1,25.5777829411765,-191.741643564356,3.92117821782178
"2753",275.2,25.5965921052632,-191.81040776699,3.921
"2754",275.3,25.5790334328358,-191.747897959184,3.921
"2755",275.4,25.5460468,-191.853,3.921
"2756",275.5,25.5296689473684,-191.637643564356,3.921
"2757",275.6,25.5458125373134,-191.702,3.921
"2758",275.7,25.5547410526316,-191.76413592233,3.921
"2759",275.8,25.5570207462687,-191.59199,3.92001
"2760",275.9,25.5459215151515,-191.49161,3.921
"2761",276,25.5501267669173,-191.452541666667,3.921
"2762",276.1,25.5637262686567,-191.424975308642,3.921
"2763",276.2,25.5690713533835,-191.283,3.921
"2764",276.3,25.5497664179105,-191.34533,3.921
"2765",276.4,25.5496285714286,-191.3778,3.921
"2766",276.5,25.5434976,-191.357227722772,3.921
"2768",276.7,25.5368031578947,-191.385574257426,3.9190099009901
"2769",276.8,25.5459547058824,-191.243,3.92
"2770",276.9,25.5524721052632,-191.22676744186,3.92116279069767
"2771",277,25.5667468,-191.257,3.92
"2772",277.1,25.5716704545455,-191.211,3.921
"2773",277.2,25.5579052631579,-191.144,3.92
"2774",277.3,25.5609002985075,-191.326,3.921
"2775",277.4,25.5853945864662,-191.054431372549,3.921
"2776",277.5,25.598498,-191.029970873786,3.92004854368932
"2777",277.6,25.5772326865672,-191.015714285714,3.92099047619048
"2778",277.7,25.5896279545455,-190.987142857143,3.92003809523809
"2779",277.8,25.6147767164179,-190.85534,3.92101
"2780",277.9,25.6087479699248,-190.887693069307,3.9219900990099
"2782",278.1,25.5924982089552,-190.89893,3.92099
"2783",278.2,25.5804432,-190.693981818182,3.92000909090909
"2784",278.3,25.6012949253731,-190.692163636364,3.92091818181818
"2785",278.4,25.5950284962406,-190.743308510638,3.921
"2786",278.5,25.5858485074627,-190.694634615385,3.92006730769231
"2787",278.6,25.6103488721805,-190.466594059406,3.9210099009901
"2788",278.7,25.6345308,-190.626,3.922
"2789",278.8,25.6044711940299,-190.578,3.92
"2790",278.9,25.5971039393939,-190.578,3.92
"2791",279,25.5852248529412,-190.422382978723,3.92097872340426
"2792",279.1,25.5891228571429,-190.412588785047,3.921
"2793",279.2,25.5950932,-190.434962616822,3.921
"2794",279.3,25.5854768656717,-190.346409090909,3.921
"2795",279.4,25.5779856060606,-190.430470588235,3.921
"2796",279.5,25.5568126865672,-190.252795918367,3.921
"2797",279.6,25.5551283458647,-190.23146728972,3.921
"2798",279.7,25.5626016,-190.278196261682,3.921
"2799",279.8,25.5608291044776,-190.25939,3.92001
"2800",279.9,25.5587107575758,-190.10026,3.921
"2801",280,25.5544779104478,-190.12556,3.921
"2802",280.1,25.5642147368421,-190.081035087719,3.921
"2803",280.2,25.5758441791045,-189.984543859649,3.921
"2804",280.3,25.5838764179104,-190.09244,3.92
"2805",280.4,25.5751281,-189.938207920792,3.9200099009901
"2806",280.5,25.5696286567164,-189.959,3.921
"2807",280.6,25.5685446616541,-189.82,3.917
"2808",280.7,25.5653929411765,-189.898448275862,3.92044827586207
"2809",280.8,25.5768794736842,-189.854647058824,3.92000980392157
"2810",280.9,25.5794588,-189.919352941176,3.92099019607843
"2811",281,25.6089243283582,-189.97213,3.921
"2812",281.1,25.5617187878788,-189.88606779661,3.921
"2813",281.2,25.5670282089552,-189.892847457627,3.921
"2814",281.3,25.5880134586466,-189.846571428571,3.92008791208791
"2815",281.4,25.5771087,-189.827625,3.92
"2816",281.5,25.5561241791045,-189.78266,3.921
"2817",281.6,25.6091156390977,-189.6488,3.92099
"2818",281.7,25.6327938235294,-189.529166666667,3.92
"2819",281.8,25.6321353787879,-189.445833333333,3.92
"2820",281.9,25.6075826865672,-189.529333333333,3.92091666666667
"2821",282,25.588598358209,-189.62344,3.92001
"2822",282.1,25.5923596,-189.66195049505,3.921
"2823",282.2,25.6342902985075,-189.157,3.921
"2824",282.3,25.648971969697,-189.504747747748,3.9200990990991
"2825",282.4,25.6376837313433,-189.5205,3.92
"2826",282.5,25.6089635338346,-189.4705,3.91999
"2827",282.6,25.623844,-189.420525,3.91901666666667
"2828",282.7,25.6491774626866,-189.373025,3.92068333333333
"2829",282.8,25.65177,-189.405656565657,3.9210101010101
"2830",282.9,25.6490920588235,-189.24,3.92
"2831",283,25.6381532330827,-189.202,3.921
"2832",283.1,25.6423483,-189.169,3.92
"2833",283.2,25.6284259701493,-189.139,3.921
"2834",283.3,25.6140563636364,-189.109,3.92
"2835",283.4,25.6023929411765,-189.235,3.92
"2837",283.6,25.6502556,-189.02781,3.91901
"2838",283.7,25.6429364179105,-189.107930693069,3.9199900990099
"2839",283.8,25.6554129545455,-189.101,3.919
"2840",283.9,25.6604285294118,-189.159476190476,3.92
"2841",284,25.6500395454545,-188.969,3.92
"2842",284.1,25.6334465671642,-188.89423364486,3.92093457943925
"2843",284.2,25.6361355223881,-188.947836734694,3.92005102040816
"2844",284.3,25.6294132,-188.94873,3.92
"2845",284.4,25.6276576470588,-189.116376237624,3.9200099009901
"2846",284.5,25.6164060606061,-188.754,3.921
"2847",284.6,25.5996014705882,-188.835,3.92
"2848",284.7,25.5842334586466,-188.758121212121,3.921
"2849",284.8,25.6099357,-188.746,3.921
"2850",284.9,25.6111880597015,-188.786,3.92
"2851",285,25.6166888721805,-188.758881355932,3.92
"2852",285.1,25.6429144776119,-188.711518072289,3.92
"2853",285.2,25.6332657575758,-188.686125,3.92
"2854",285.3,25.6505362686567,-188.683,3.92
"2855",285.4,25.643919009901,-188.696,3.921
"2856",285.5,25.6527819548872,-188.472428571429,3.92
"2857",285.6,25.6627664179105,-188.601,3.92
"2858",285.7,25.6915957142857,-188.494086956522,3.91882608695652
"2859",285.8,25.6974119402985,-188.368,3.921
"2860",285.9,25.6920212121212,-188.563,3.92
"2862",286.1,25.6675255223881,-188.31815,3.92
"2863",286.2,25.6507644360902,-188.430108910891,3.92
"2865",286.4,25.6613510606061,-188.295675213675,3.91997435897436
"2866",286.5,25.6553792079208,-188.264857142857,3.91642857142857
"2867",286.6,25.6376762121212,-188.222,3.92
"2868",286.7,25.6504009022556,-188.165,3.92
"2869",286.8,25.6669717647059,-188.14,3.92
"2870",286.9,25.6671983458647,-187.971636363636,3.92
"2871",287,25.6835888059702,-188.083,3.92
"2872",287.1,25.673097,-188.017935483871,3.92
"2873",287.2,25.6738795488722,-187.976,3.92
"2874",287.3,25.6653505970149,-188.081894736842,3.91884210526316
"2875",287.4,25.6572307518797,-187.984,3.922
"2876",287.5,25.6596977777778,-187.914,3.918
"2877",287.6,25.6694481818182,-187.958827586207,3.92144827586207
"2878",287.7,25.6612671428571,-187.929,3.92
"2879",287.8,25.6639226865672,-187.929,3.92
"2880",287.9,25.6902792481203,-187.675,3.92
"2881",288,25.7098501492537,-187.769536585366,3.92
"2882",288.1,25.7192403007519,-187.711,3.92
"2883",288.2,25.7312967326733,-187.686229357798,3.92091743119266
"2884",288.3,25.6964702985075,-187.669405660377,3.92014150943396
"2885",288.4,25.6961184962406,-187.430382978723,3.9253829787234
"2886",288.5,25.6962805882353,-187.574,3.919
"2887",288.6,25.6780671212121,-187.395,3.922
"2888",288.7,25.6737416831683,-187.573,3.92
"2889",288.8,25.679715,-187.477,3.92
"2890",288.9,25.6628288721805,-187.429,3.92
"2891",289,25.6390558208955,-187.539377358491,3.92
"2892",289.1,25.6506766917293,-187.625157894737,3.92
"2893",289.2,25.6666342,-187.50918,3.92099
"2894",289.3,25.6738694029851,-187.50503,3.921
"2895",289.4,25.6702252631579,-187.4005,3.92008333333333
"2896",289.5,25.6281268656716,-187.15727368421,3.92095789473684
"2897",289.6,25.6555529323308,-187.161845360825,3.9190206185567
"2898",289.7,25.6673743283582,-187.196269230769,3.91995192307692
"2899",289.8,25.6718107462687,-187.190565217391,3.92
"2900",289.9,25.6572053,-187.206777777778,3.92
"2901",290,25.6497337313433,-187.260307692308,3.92
"2902",290.1,25.6765126315789,-187.244888888889,3.921
"2903",290.2,25.6684510447761,-187.256,3.921
"2904",290.3,25.6841953030303,-187.009465346535,3.9219900990099
"2905",290.4,25.6760858,-187.035973684211,3.92000877192982
"2906",290.5,25.6565727272727,-187.033342105263,3.92088596491228
"2907",290.6,25.676835037594,-187.025948453608,3.9179381443299
"2908",290.7,25.6853038235294,-187.061,3.92
"2909",290.8,25.6843940601504,-187.002691588785,3.92
"2910",290.9,25.675058358209,-186.864638297872,3.92
"2911",291,25.6213125,-186.854,3.92
"2912",291.1,25.6038830075188,-186.95416,3.92002
"2913",291.2,25.6006743283582,-186.87102,3.92198
"2914",291.3,25.6132226119403,-186.870067961165,3.92000970873786
"2915",291.4,25.6133525252525,-186.568510204082,3.92097959183673
"2916",291.5,25.6101809090909,-186.693,3.922
"2917",291.6,25.6230763157895,-186.670192982456,3.91936842105263
"2918",291.7,25.6409171641791,-186.616685185185,3.92
"2919",291.8,25.6204833333333,-186.594139784946,3.9199247311828
"2920",291.9,25.610873880597,-186.435,3.921
"2921",292,25.5917064925373,-186.776254545454,3.92000909090909
"2922",292.1,25.5824845,-186.704098901099,3.9211978021978
"2923",292.2,25.5996923880597,-186.603,3.919
"2924",292.3,25.5992409774436,-186.571,3.922
"2926",292.5,25.595330075188,-186.446079207921,3.9209900990099
"2927",292.6,25.5974396,-186.354,3.92
"2928",292.7,25.5867309090909,-186.39,3.92
"2929",292.8,25.6186107462686,-186.254957264957,3.92
"2930",292.9,25.6185323880597,-186.412647058823,3.92
"2931",293,25.627892481203,-186.465888888889,3.92
"2932",293.1,25.6208552238806,-186.297,3.92
"2933",293.2,25.6530252475247,-186.317,3.91909090909091
"2934",293.3,25.675103129771,-186.171,3.92098
"2935",293.4,25.6688264179104,-186.073403669725,3.91901834862385
"2936",293.5,25.6647960150376,-186.213770642202,3.92085321100917
"2937",293.6,25.6574862686567,-186.165583333333,3.92004166666667
"2938",293.7,25.6477027067669,-186.280861386139,3.92
"2939",293.8,25.677427,-186.327138613861,3.92
"2940",293.9,25.6954002985075,-186.141,3.92
"2941",294,25.6708166917293,-185.921380952381,3.92
"2942",294.1,25.6426347761194,-186.194,3.92
"2943",294.2,25.6595608270677,-185.958,3.924
"2944",294.3,25.6766855,-185.879,3.92
"2945",294.4,25.6801691044776,-185.828,3.921
"2946",294.5,25.70987,-185.82452173913,3.921
"2947",294.6,25.7012123529412,-185.951227272727,3.92
"2948",294.7,25.6863441353383,-185.980054945055,3.92
"2949",294.8,25.6976019402985,-185.935,3.92
"2950",294.9,25.6844561386139,-186.012981651376,3.92
"2951",295,25.6681754545454,-185.784142857143,3.92
"2952",295.1,25.6629344776119,-185.827020408163,3.92202040816327
"2953",295.2,25.6554498496241,-185.826,3.921
"2955",295.4,25.653853880597,-185.695289256198,3.92099173553719
"2956",295.5,25.6801715909091,-185.7265,3.92
"2957",295.6,25.7095717910448,-185.744,3.92
"2959",295.8,25.7124844776119,-185.675647619048,3.92
"2960",295.9,25.7303897014925,-185.74040952381,3.92
"2961",296,25.7022364,-185.588682242991,3.92089719626168
"2962",296.1,25.7013649253731,-185.676821782178,3.9190099009901
"2963",296.2,25.695517518797,-185.459,3.92
"2964",296.3,25.69971,-185.273070707071,3.9210101010101
"2965",296.4,25.6755357142857,-185.366,3.92
"2966",296.5,25.6695855,-185.335,3.92
"2967",296.6,25.7244547761194,-185.235,3.92
"2968",296.7,25.7230766666667,-185.357,3.92
"2969",296.8,25.734053880597,-185.369,3.92
"2970",296.9,25.7252512030075,-185.312564356436,3.92
"2971",297,25.7343365671642,-185.272291139241,3.921
"2972",297.1,25.7133316831683,-185.409,3.921
"2973",297.2,25.69816,-185.187841584158,3.9190099009901
"2974",297.3,25.6484688235294,-185.172,3.92
"2976",297.5,25.6841217910448,-185.35905,3.92
"2977",297.6,25.6553527819549,-185.263297029703,3.92
"2978",297.7,25.6492456,-185.093,3.92
"2979",297.8,25.6458241176471,-185.086523809524,3.92
"2980",297.9,25.6710533333333,-185.102,3.92
"2981",298,25.688587761194,-185.044918181818,3.91998181818182
"2982",298.1,25.6737617293233,-185.034021978022,3.9178021978022
"2983",298.2,25.6762788,-185.056,3.92
"2984",298.3,25.6539847761194,-185.000078431373,3.92
"2985",298.4,25.6626206060606,-185.107921568627,3.92
"2986",298.5,25.6672223529412,-185.12902247191,3.92
"2987",298.6,25.6603192481203,-185.047,3.92
"2988",298.7,25.6504868656716,-184.881653465346,3.92
"2989",298.8,25.6621599009901,-185.080775700935,3.92
"2990",298.9,25.64233,-185.080265306122,3.9200612244898
"2991",299,25.6440741176471,-184.917,3.917
"2992",299.1,25.6472,-184.725,3.922
"2994",299.3,25.6462042,-184.735059405941,3.9219801980198
"2996",299.5,25.6397552941176,-184.8769,3.92
"2997",299.6,25.6381925757576,-184.863525423729,3.92
"2998",299.7,25.6328676119403,-184.51606779661,3.92
"2999",299.8,25.6129260902256,-184.90862,3.92
"3000",299.9,25.6153467,-184.87049,3.91998
"3001",300,25.6521105882353,-184.81833,3.91801
"3002",300.1,25.6594887878788,-184.65239,3.919
"3003",300.2,25.6632983823529,-184.593455445545,3.9190198019802
"3004",300.3,25.6365745112782,-184.739,3.921
"3005",300.4,25.6122876,-184.624629213483,3.92
"3006",300.5,25.6203074626866,-184.528,3.92
"3007",300.6,25.6062318045113,-184.696425531915,3.92
"3008",300.7,25.610926119403,-184.456,3.92
"3009",300.8,25.6199741353383,-184.55792,3.92
"3010",300.9,25.6562585074627,-184.45081,3.91999
"3011",301,25.6299902,-184.431366336634,3.9190198019802
"3013",301.2,25.6500046268657,-184.40336,3.92198
"3014",301.3,25.6291542105263,-184.43854,3.92
"3015",301.4,25.6009243283582,-184.391174311927,3.92
"3016",301.5,25.6279433082707,-184.208605504587,3.92
"3017",301.6,25.6420006060606,-184.319777777778,3.92
"3018",301.7,25.6532714925373,-184.212,3.92
"3019",301.8,25.640415112782,-184.198,3.92
"3020",301.9,25.6582734328358,-184.115821782178,3.9190099009901
"3021",302,25.672675037594,-184.222318181818,3.91886363636364
"3022",302.1,25.6655128,-184.103,3.92
"3023",302.2,25.6547049253731,-184.051283018868,3.91900943396226
"3024",302.3,25.6466148120301,-184.07958490566,3.91995283018868
"3025",302.4,25.6211310294118,-184.229380952381,3.92
"3026",302.5,25.6350578947368,-184.230079207921,3.92
"3027",302.6,25.6364056716418,-184.138,3.92
"3028",302.7,25.6334504,-183.996,3.92
"3029",302.8,25.6328417293233,-184.01570212766,3.9201914893617
"3030",302.9,25.6350371641791,-184.004,3.917
"3031",303,25.6469461654135,-183.889,3.92
"3032",303.1,25.6597211940298,-183.873,3.92
"3033",303.2,25.643275050505,-184.005,3.921
"3034",303.3,25.6508045864662,-183.800412844037,3.92008256880734
"3035",303.4,25.6434240298507,-183.93124,3.92
"3036",303.5,25.6347390225564,-183.936419642857,3.92
"3037",303.6,25.6127714925373,-183.978383928571,3.92
"3038",303.7,25.6328835338346,-184.01272,3.92001
"3039",303.8,25.6553104,-183.985,3.92098
"3040",303.9,25.6898908955224,-183.983879310345,3.91901724137931
"3041",304,25.642824887218,-183.834176470588,3.92135294117647
"3042",304.1,25.6446047058823,-183.973,3.919
"3043",304.2,25.6572783458647,-183.99798,3.92099
"3044",304.3,25.6534096,-183.99526,3.92
"3045",304.4,25.6287378787879,-183.923653465346,3.92
"3047",304.6,25.6437265671642,-183.919811881188,3.92
"3048",304.7,25.6473384962406,-183.901,3.92
"3049",304.8,25.6519744776119,-184.009181818182,3.92090909090909
"3050",304.9,25.6273521782178,-184.008131868132,3.91902197802198
"3051",305,25.6147631818182,-183.92979,3.91999
"3052",305.1,25.6510823880597,-183.923526315789,3.92
"3053",305.2,25.6547953383459,-183.893,3.92
"3054",305.3,25.6574702985075,-183.716,3.92
"3055",305.4,25.6261345112782,-183.609518518519,3.92
"3056",305.5,25.631913030303,-183.522142857143,3.92
"3057",305.6,25.6460243283582,-183.48577,3.92
"3058",305.7,25.6453689473684,-183.59464,3.92
"3059",305.8,25.6329986567164,-183.558917431193,3.91999082568807
"3060",305.9,25.6422489473684,-183.554,3.91891304347826
"3061",306,25.6711178,-183.504,3.92
"3062",306.1,25.6505826865672,-183.538188034188,3.9191452991453
"3063",306.2,25.6694710526316,-183.581891304348,3.919
"3064",306.3,25.6664155882353,-183.521225806452,3.92
"3065",306.4,25.6539117293233,-183.618,3.92
"3066",306.5,25.6510611940299,-183.5,3.92
"3067",306.6,25.659545,-183.567924528302,3.92
"3068",306.7,25.6700657894737,-183.376,3.92086363636364
"3069",306.8,25.65015,-183.426,3.922
"3070",306.9,25.6182748120301,-183.361087719298,3.91936842105263
"3071",307,25.6488708955224,-183.373747126437,3.92097701149425
"3072",307.1,25.663741,-183.37004,3.921
"3073",307.2,25.6255195454545,-183.346428571429,3.92005714285714
"3074",307.3,25.6225198507463,-183.361821052632,3.92
"3075",307.4,25.6356494736842,-183.292232323232,3.92
"3076",307.5,25.6299289552239,-183.469,3.92
"3077",307.6,25.6131968421053,-183.302,3.92
"3078",307.7,25.6130724,-183.235663366337,3.92
"3079",307.8,25.6136050746269,-183.21619,3.92099
"3080",307.9,25.6395836842105,-183.240530973451,3.92012389380531
"3081",308,25.6746464705882,-183.179518987342,3.92
"3082",308.1,25.6881384210526,-183.258,3.92
"3083",308.2,25.6569767,-183.09782300885,3.92
"3084",308.3,25.6641604477612,-183.100727272727,3.92
"3085",308.4,25.6755227272727,-183.208485714286,3.92
"3086",308.5,25.6300285074626,-183.189689655172,3.92
"3087",308.6,25.6620726315789,-183.169,3.92
"3088",308.7,25.6935274626866,-183.060089108911,3.9190099009901
"3089",308.8,25.6900208910891,-183.07187,3.92098
"3090",308.9,25.6472395454545,-183.040795918367,3.921
"3091",309,25.6478514705882,-182.901,3.921
"3092",309.1,25.657875,-182.965356435644,3.9200099009901
"3093",309.2,25.6242674626866,-182.993445544554,3.92
"3094",309.3,25.6422947368421,-182.971232323232,3.92
"3095",309.4,25.6594911111111,-183.04921,3.92
"3096",309.5,25.6261326470588,-182.94137037037,3.92
"3097",309.6,25.635123030303,-182.971,3.92
"3098",309.7,25.6478637313433,-182.790818181818,3.9179797979798
"3099",309.8,25.6177212781955,-182.809,3.92
"3100",309.9,25.6375618,-182.827811881188,3.9190099009901
"3101",310,25.6556126470588,-182.71585840708,3.919
"3102",310.1,25.6462170454545,-182.605103448276,3.91998850574713
"3103",310.2,25.6452826470588,-182.78418,3.92
"3104",310.3,25.6546657894737,-182.70878,3.92
"3105",310.4,25.656842238806,-182.708894736842,3.92
"3106",310.5,25.661080990099,-182.751,3.92
"3107",310.6,25.6500436363636,-182.862757575758,3.9190101010101
"3108",310.7,25.6475859701493,-182.587,3.918
"3109",310.8,25.6698732089552,-182.622643564356,3.9209702970297
"3110",310.9,25.6880594029851,-182.456366336634,3.9190396039604
"3111",311,25.714208,-182.538131313131,3.9209797979798
"3112",311.1,25.7234986363636,-182.41327,3.92001
"3113",311.2,25.7421753731343,-182.366742857143,3.92
"3114",311.3,25.710736969697,-182.330823529412,3.92
"3115",311.4,25.72144,-182.527121212121,3.92
"3116",311.5,25.7222345864662,-182.415,3.92
"3117",311.6,25.7060163,-182.282761904762,3.92
"3118",311.7,25.7073639705882,-182.328,3.92
"3119",311.8,25.7263396969697,-182.337,3.918
"3120",311.9,25.7138638235294,-182.362925925926,3.918
"3121",312,25.7061478947368,-182.276956989247,3.91997849462366
"3122",312.1,25.7148154,-182.31659,3.92
"3123",312.2,25.7143728358209,-182.43382,3.92
"3124",312.3,25.7119042424242,-182.2308125,3.92
"3125",312.4,25.6971405882353,-182.183238636364,3.91901136363636
"3126",312.5,25.7225940151515,-182.170101010101,3.9189797979798
"3127",312.6,25.7231343283582,-182.06,3.921
"3128",312.7,25.7349465346535,-182.043,3.92
"3129",312.8,25.7145568421053,-181.946,3.92
"3130",312.9,25.7299388059701,-182.115306930693,3.9190099009901
"3131",313,25.7405050757576,-182.004277227723,3.9199801980198
"3132",313.1,25.7435868656716,-182.047535353535,3.92
"3133",313.2,25.7435446616541,-181.830725663717,3.92
"3134",313.3,25.7525529,-181.904568181818,3.92
"3135",313.4,25.7418344776119,-182.038656565657,3.92
"3136",313.5,25.7234718181818,-182.01624,3.92
"3137",313.6,25.7544870149254,-182.073333333333,3.92244444444444
"3138",313.7,25.7628427819549,-182,3.918
"3139",313.8,25.747574,-182.021782178218,3.9209702970297
"3140",313.9,25.7392523529412,-181.89231,3.921
"3141",314,25.7608866666667,-181.850523809524,3.92
"3142",314.1,25.7486964705882,-181.916,3.92
"3143",314.2,25.7462204511278,-181.808156862745,3.92
"3144",314.3,25.7409743283582,-181.821838383838,3.9190101010101
"3145",314.4,25.7541493069307,-181.87546,3.919
"3146",314.5,25.7426114393939,-181.560495327103,3.91992523364486
"3147",314.6,25.7361579411765,-181.609568421053,3.92
"3148",314.7,25.7245609090909,-181.889142857143,3.92197959183674
"3149",314.8,25.7367541791045,-181.783483516484,3.9212967032967
"3150",314.9,25.7401312,-181.667,3.918
"3151",315,25.7562473684211,-181.642,3.92
"3152",315.1,25.7375180597015,-181.702,3.92
"3153",315.2,25.7258066666667,-181.644592592593,3.92
"3154",315.3,25.7271743283582,-181.648903225806,3.91901075268817
"3155",315.4,25.6961230075188,-181.713626262626,3.9189898989899
"3156",315.5,25.655766,-181.651,3.92
"3157",315.6,25.6443623529412,-181.626947368421,3.91889473684211
"3158",315.7,25.674155037594,-181.548,3.921
"3159",315.8,25.6891370149254,-181.638196078431,3.91903921568627
"3160",315.9,25.6650918796992,-181.597434343434,3.9199898989899
"3161",316,25.6499505940594,-181.429386138614,3.92
"3162",316.1,25.6444381818182,-181.509345794393,3.92
"3163",316.2,25.6574296240602,-181.510914893617,3.92
"3164",316.3,25.6399373134329,-181.579,3.92
"3165",316.4,25.675904962406,-181.54280952381,3.91904761904762
"3166",316.5,25.6704720895522,-181.386171717172,3.9169393939394
"3167",316.6,25.6756592,-181.469,3.923
"3168",316.7,25.6493541353383,-181.356789473684,3.91905263157895
"3169",316.8,25.6617553731343,-181.481,3.918
"3170",316.9,25.6735506015038,-181.473079207921,3.9199801980198
"3171",317,25.6773828358209,-181.49082,3.92
"3172",317.1,25.6423742424242,-181.429551724138,3.92
"3173",317.2,25.626106,-181.427586206897,3.92
"3174",317.3,25.6213891044776,-181.323092783505,3.92
"3175",317.4,25.6149204511278,-181.37249,3.91901
"3176",317.5,25.6240802985075,-181.285,3.91808333333333
"3177",317.6,25.6227022727273,-181.329257425743,3.91890099009901
"3178",317.7,25.6106001980198,-181.371593406593,3.919
"3179",317.8,25.6210886567164,-181.12945,3.91999
"3180",317.9,25.609612556391,-181.12502,3.92
"3181",318,25.6128252941176,-181.164207920792,3.92
"3182",318.1,25.6152566666667,-181.46196969697,3.92
"3183",318.2,25.6097094029851,-181.33135,3.92
"3184",318.3,25.5996631683168,-181.216959183673,3.91897959183673
"3185",318.4,25.6156897744361,-181.069,3.92
"3186",318.5,25.6202311940299,-181.03280952381,3.91880952380952
"3187",318.6,25.6142339097744,-181.184,3.92
"3188",318.7,25.6426524242424,-181.06,3.921
"3189",318.8,25.6537321,-181.094,3.92
"3190",318.9,25.6404239097744,-181.250435643564,3.92
"3191",319,25.6269465671642,-181.151652173913,3.91891304347826
"3192",319.1,25.6085258646617,-181.156,3.92
"3193",319.2,25.575627761194,-181.179,3.92
"3194",319.3,25.6455106766917,-181.037653846154,3.92
"3195",319.4,25.695872,-181.064183673469,3.9210612244898
"3196",319.5,25.7211958208955,-180.805,3.918
"3197",319.6,25.7215232330827,-180.93,3.919
"3198",319.7,25.7364447058824,-180.920099009901,3.9199900990099
"3199",319.8,25.7138813533835,-180.844666666667,3.919
"3200",319.9,25.7256014,-180.958,3.919
"3201",320,25.7530090909091,-180.945632653061,3.92002040816326
"3202",320.1,25.7346222556391,-180.764,3.919
"3203",320.2,25.6931737313433,-180.909544554455,3.919
"3204",320.3,25.6845121804511,-180.774525252525,3.9189797979798
"3205",320.4,25.7184668656716,-180.922,3.921
"3206",320.5,25.716346,-180.827,3.921
"3207",320.6,25.7281208270677,-180.787,3.92
"3208",320.7,25.7172437313433,-180.792940594059,3.92
"3209",320.8,25.696829924812,-180.794767857143,3.92
"3210",320.9,25.6964182089552,-180.805919191919,3.9189898989899
"3211",321,25.7012717293233,-180.714,3.92
"3212",321.1,25.703676969697,-180.917545454546,3.9189898989899
"3213",321.2,25.7184331343284,-180.763,3.92
"3214",321.3,25.7363076691729,-180.716465346535,3.92
"3215",321.4,25.6982731343283,-180.7358,3.92
"3216",321.5,25.6875203007519,-180.634947368421,3.92093684210526
"3217",321.6,25.6935337,-180.669244897959,3.92004081632653
"3218",321.7,25.7195723880597,-180.692773195876,3.92098969072165
"3219",321.8,25.7219504511278,-180.60687,3.91902
"3220",321.9,25.7307117647059,-180.59313,3.919
"3221",322,25.748370075188,-180.59993,3.919
"3222",322.1,25.7307340298507,-180.71327027027,3.919
"3223",322.2,25.6899797,-180.490046511628,3.91883720930233
"3224",322.3,25.735972481203,-180.604,3.92
"3225",322.4,25.7657382089552,-180.531,3.922
"3226",322.5,25.7471111278195,-180.382,3.919
"3227",322.6,25.7345495522388,-180.375069306931,3.919
"3228",322.7,25.6792845454545,-180.36609,3.919
"3229",322.8,25.6953769172932,-180.280786407767,3.91999029126214
"3230",322.9,25.698922238806,-180.259427184466,3.91901941747573
"3231",323,25.715594962406,-180.43350877193,3.919
"3232",323.1,25.7282355223881,-180.385384615385,3.91992307692308
"3233",323.2,25.6940636090226,-180.395889908257,3.91998165137615
"3234",323.3,25.69491,-180.384880733945,3.91814678899083
"3235",323.4,25.7230874626866,-180.29106122449,3.918
"3236",323.5,25.7445269172932,-180.175168421053,3.91898947368421
"3237",323.6,25.7773431343283,-180.131311926606,3.92081651376147
"3238",323.7,25.7561639849624,-179.977616161616,3.9200101010101
"3239",323.8,25.7753328,-180.016,3.919
"3240",323.9,25.7883053731343,-180.002138613861,3.919
"3241",324,25.7591540909091,-180.18127027027,3.919
"3242",324.1,25.7615126470588,-180.288033707865,3.919
"3243",324.2,25.7597007518797,-180.337058252427,3.919
"3244",324.3,25.7686962686567,-180.197474226804,3.91603092783505
"3245",324.4,25.7680533663366,-179.97622,3.91996
"3246",324.5,25.7703043181818,-180.09379,3.92
"3247",324.6,25.7593913432836,-180.02372,3.91901
"3248",324.7,25.7722563909774,-179.96525,3.919
"3249",324.8,25.767828358209,-180.110347826087,3.919
"3250",324.9,25.7927371428571,-179.793435643564,3.919
"3251",325,25.7721335353535,-179.852333333333,3.919
"3252",325.1,25.7357952238806,-180.06486,3.91999
"3253",325.2,25.7574685714286,-179.96404,3.91802
"3254",325.3,25.7934695522388,-180.03527,3.91899
"3255",325.4,25.8000157142857,-179.87661,3.91999
"3256",325.5,25.7926622,-179.814076923077,3.91904807692308
"3257",325.6,25.7692388059701,-179.70425,3.919
"3258",325.7,25.7380071428571,-179.673,3.919
"3259",325.8,25.74872,-179.591,3.919
"3260",325.9,25.7404922556391,-179.718,3.92
"3261",326,25.7145650746269,-179.81403960396,3.92
"3262",326.1,25.7441021782178,-179.90113,3.91901
"3263",326.2,25.75793,-179.75251,3.919
"3264",326.3,25.7602641176471,-179.78862,3.91999
"3265",326.4,25.8018090225564,-179.62466,3.92
"3266",326.5,25.7789373134328,-179.87205050505,3.9169797979798
"3267",326.6,25.7740305,-179.667,3.919
"3268",326.7,25.7334522727273,-179.697693069307,3.919
"3269",326.8,25.7412885294118,-179.59504,3.919
"3270",326.9,25.7688554545455,-179.718407079646,3.919
"3271",327,25.7905459701493,-179.731113636364,3.91997727272727
"3272",327.1,25.7424760902256,-179.806102803738,3.91908411214953
"3273",327.2,25.7247906,-179.627043478261,3.91998913043478
"3274",327.3,25.7235164179104,-179.677016949153,3.91832203389831
"3275",327.4,25.7316657575758,-179.674113636364,3.91892045454545
"3276",327.5,25.7659134328358,-179.653625,3.91996875
"3277",327.6,25.7812857142857,-179.531255102041,3.91901020408163
"3278",327.7,25.7885852,-179.669252525253,3.919
"3279",327.8,25.7915564179104,-179.644,3.919
"3280",327.9,25.8034282575758,-179.598455445545,3.919
"3281",328,25.7781398529412,-179.48425,3.919
"3282",328.1,25.7624628571429,-179.593,3.919
"3283",328.2,25.7634047761194,-179.535,3.918
"3284",328.3,25.7878199009901,-179.411237623762,3.9199801980198
"3285",328.4,25.7869586363636,-179.624739130435,3.92108695652174
"3286",328.5,25.77918,-179.478,3.92
"3287",328.6,25.7931585714286,-179.525,3.919
"3288",328.7,25.7985165671642,-179.526616161616,3.919
"3289",328.8,25.7763676865672,-179.265,3.919
"3290",328.9,25.7885537373737,-179.474689655172,3.919
"3291",329,25.7824782089552,-179.254,3.919
"3292",329.1,25.7942342857143,-179.399544554455,3.9180099009901
"3293",329.2,25.7984958208955,-179.300686868687,3.9230303030303
"3294",329.3,25.7984603787879,-179.332,3.92
"3295",329.4,25.7884882,-179.424,3.92
"3296",329.5,25.8102936764706,-179.344,3.92
"3297",329.6,25.7714888636364,-179.305090909091,3.919
"3298",329.7,25.7728542647059,-179.196,3.919
"3299",329.8,25.8120657142857,-179.297,3.919
"3300",329.9,25.8356301492537,-179.285118811881,3.919
"3301",330,25.8293307920792,-179.293197530864,3.91876543209877
"3302",330.1,25.8353204545455,-179.329,3.92
"3303",330.2,25.8442402985075,-179.279857142857,3.92
"3304",330.3,25.8635018656716,-179.337,3.92
"3305",330.4,25.843021641791,-179.203,3.919
"3306",330.5,25.863045,-179.212708737864,3.919
"3307",330.6,25.8753242424242,-179.339686746988,3.919
"3308",330.7,25.8714179104478,-179.218,3.919
"3309",330.8,25.8959753787879,-179.194237623762,3.919
"3310",330.9,25.9185410447761,-179.178316831683,3.919
"3311",331,25.910774962406,-179.077302752294,3.91810091743119
"3312",331.1,25.8907372,-179.078855555556,3.91898888888889
"3313",331.2,25.8767130882353,-178.98198,3.919
"3314",331.3,25.8848796212121,-179.05228,3.919
"3315",331.4,25.9137097014925,-178.93915,3.919
"3316",331.5,25.8920229323308,-179.176530612245,3.919
"3317",331.6,25.888773,-179.05,3.919
"3318",331.7,25.8794271641791,-178.996,3.919
"3319",331.8,25.8668401503759,-179.034,3.919
"3320",331.9,25.8655064179104,-179.162712871287,3.9199900990099
"3321",332,25.8558718045113,-178.998697247706,3.92
"3322",332.1,25.8371762686567,-178.827434782609,3.9170652173913
"3323",332.2,25.8330363366337,-178.958648351648,3.919
"3324",332.3,25.8288128571429,-178.907,3.919
"3325",332.4,25.8288001492537,-178.831752475247,3.919
"3326",332.5,25.8255978030303,-178.82011,3.919
"3327",332.6,25.8344646268657,-178.780921052632,3.919
"3328",332.7,25.812982,-178.923255813954,3.919
"3329",332.8,25.8295204511278,-178.858431034483,3.919
"3330",332.9,25.8677314705882,-178.945441860465,3.919
"3331",333,25.832776969697,-178.893843137255,3.91709803921569
"3332",333.1,25.822477761194,-178.779177083333,3.92194791666667
"3333",333.2,25.8337142105263,-178.73741,3.91903
"3334",333.3,25.8209048,-178.77066,3.91999
"3335",333.4,25.8167862686567,-178.731019230769,3.91904807692308
"3336",333.5,25.8396690909091,-178.706782258065,3.919
"3337",333.6,25.8459829411765,-178.646747474747,3.919
"3338",333.7,25.8296238345865,-178.772,3.919
"3339",333.8,25.8286262686567,-178.674,3.919
"3340",333.9,25.8219548514851,-178.819,3.918
"3341",334,25.8462185714286,-178.647535353535,3.9189898989899
"3342",334.1,25.8414120895522,-178.594,3.92
"3343",334.2,25.8756318939394,-178.639285714286,3.9202987012987
"3344",334.3,25.8830259701493,-178.525,3.919
"3345",334.4,25.8961848,-178.614,3.919
"3346",334.5,25.9012251879699,-178.787202020202,3.919
"3347",334.6,25.8874632835821,-178.667,3.919
"3348",334.7,25.9064739849624,-178.373,3.919
"3349",334.8,25.90473,-178.512,3.919
"3350",334.9,25.8901372727273,-178.566054054054,3.9199009009009
"3351",335,25.8654682178218,-178.468957446808,3.92231914893617
"3352",335.1,25.8718611940298,-178.353,3.917
"3353",335.2,25.8994485714286,-178.498544554455,3.9179900990099
"3354",335.3,25.8970036764706,-178.433070707071,3.9169797979798
"3355",335.4,25.8892357142857,-178.426,3.919
"3356",335.5,25.8697094,-178.494,3.919
"3357",335.6,25.8837866666667,-178.368,3.919
"3358",335.7,25.8813395488722,-178.412,3.919
"3359",335.8,25.8790847761194,-178.366,3.919
"3360",335.9,25.8836523308271,-178.361238095238,3.92090476190476
"3361",336,25.9029007462687,-178.372875,3.91902083333333
"3362",336.1,25.8558564,-178.27994,3.919
"3363",336.2,25.8999801492537,-178.269666666667,3.91766666666667
"3364",336.3,25.8940507462687,-178.431,3.919
"3365",336.4,25.8719571428571,-178.181943396226,3.919
"3366",336.5,25.8838325373134,-178.289775510204,3.919
"3367",336.6,25.8951415151515,-178.263310679612,3.919
"3368",336.7,25.8972335820896,-178.189340425532,3.92006382978723
"3369",336.8,25.8558996969697,-178.217,3.919
"3370",336.9,25.8719713533835,-178.203138613861,3.9180099009901
"3371",337,25.8855664179105,-178.094571428571,3.918
"3372",337.1,25.857487593985,-178.129125,3.91995833333333
"3373",337.2,25.8564136,-178.11824,3.91902
"3374",337.3,25.8553,-178.16014,3.919
"3375",337.4,25.8652242857143,-178.088737373737,3.919
"3376",337.5,25.8929170588235,-178.07414,3.919
"3377",337.6,25.8878415789474,-178.01064,3.919
"3378",337.7,25.8736879104478,-177.98129,3.919
"3379",337.8,25.8481148,-178.05624,3.91999
"3380",337.9,25.8783990977444,-178.060920792079,3.92
"3381",338,25.8974094029851,-177.94732,3.91902
"3382",338.1,25.8738355639098,-177.740090909091,3.9199898989899
"3383",338.2,25.8607623880597,-177.809103448276,3.919
"3384",338.3,25.8269781818182,-178.016,3.919
"3385",338.4,25.8513454477612,-177.977818181818,3.919
"3386",338.5,25.8627701492537,-178.060242424242,3.919
"3387",338.6,25.8529696240602,-178.136,3.919
"3388",338.7,25.8381014925373,-177.995,3.919
"3389",338.8,25.8186908270677,-177.923828828829,3.919
"3390",338.9,25.8035609,-177.927019047619,3.92069523809524
"3391",339,25.7860427272727,-177.926347368421,3.92011578947368
"3392",339.1,25.8147269172932,-177.811041666667,3.91907291666667
"3393",339.2,25.8092274626866,-177.937094736842,3.919
"3394",339.3,25.8382601503759,-177.82632,3.919
"3395",339.4,25.8442448,-177.714121212121,3.919
"3396",339.5,25.8479936363636,-177.773772277228,3.919
"3397",339.6,25.8477136842105,-177.808656565657,3.919
"3398",339.7,25.8297892647059,-177.85355,3.919
"3399",339.8,25.8467290225564,-177.668833333333,3.919
"3400",339.9,25.8914811940299,-177.629255319149,3.91793617021277
"3401",340,25.8576807,-177.775,3.919
"3402",340.1,25.8390403731343,-177.828389830508,3.91815254237288
"3403",340.2,25.8354435820896,-177.698375,3.919
"3404",340.3,25.8295335338346,-177.564,3.919
"3405",340.4,25.8356897014925,-177.612514851485,3.919
"3406",340.5,25.85735,-177.660666666667,3.919
"3407",340.6,25.8570678947368,-177.683793478261,3.919
"3408",340.7,25.8718640909091,-177.59688,3.91999
"3409",340.8,25.8927557894737,-177.499724770642,3.9227247706422
"3410",340.9,25.8840011940298,-177.396129032258,3.92106451612903
"3411",341,25.8724460150376,-177.380262626263,3.9190404040404
"3412",341.1,25.869528,-177.31826,3.91704
"3413",341.2,25.8886612121212,-177.541707070707,3.9189797979798
"3414",341.3,25.8876263157895,-177.321495049505,3.919
"3415",341.4,25.8671294117647,-177.55122,3.919
"3416",341.5,25.8612651879699,-177.547694915254,3.919
"3417",341.6,25.8744174626866,-177.335879518072,3.919
"3418",341.7,25.885111,-177.398545454545,3.9170404040404
"3419",341.8,25.8730433834586,-177.32258,3.91602
"3420",341.9,25.8722326865672,-177.331568627451,3.916
"3421",342,25.8983082706767,-177.28693877551,3.91991836734694
"3422",342.1,25.8729110447761,-177.29874,3.91902
"3423",342.2,25.8860528,-177.159424242424,3.919
"3424",342.3,25.851145112782,-177.257,3.919
"3425",342.4,25.7889023880597,-177.21669047619,3.919
"3426",342.5,25.7865562406015,-177.312198113208,3.919
"3427",342.6,25.7585137313433,-177.279842105263,3.919
"3428",342.7,25.7611893984962,-177.141966101695,3.91733898305085
"3429",342.8,25.7832652,-177.149862068966,3.91883908045977
"3430",342.9,25.8099902985075,-177.070768421053,3.91997894736842
"3431",343,25.7787928787879,-177.121266666667,3.91813333333333
"3432",343.1,25.7497494029851,-177.169052631579,3.91995789473684
"3433",343.2,25.7471763157895,-177.18274,3.91902
"3434",343.3,25.752625,-177.06558490566,3.919
"3435",343.4,25.7708320895522,-177.261305263158,3.919
"3436",343.5,25.7712603030303,-176.987777777778,3.919
"3437",343.6,25.7636114705882,-177.17506,3.919
"3438",343.7,25.7638368421053,-177.183851485148,3.919
"3439",343.8,25.7469835820896,-177.076222222222,3.919
"3440",343.9,25.737116039604,-177.061386138614,3.919
"3441",344,25.7470988721805,-177.01347,3.919
"3442",344.1,25.7147688235294,-177.07893,3.919
"3443",344.2,25.7153245454545,-177.006535353535,3.919
"3444",344.3,25.708308358209,-176.35886440678,3.919
"3445",344.4,25.7056796,-176.786111111111,3.919
"3446",344.5,25.7497632330827,-176.925230769231,3.919
"3447",344.6,25.7618610447761,-176.921194174757,3.919
"3448",344.7,25.7836981060606,-176.854387755102,3.91704081632653
"3449",344.8,25.8145940298507,-176.75696,3.91994
"3450",344.9,25.7816263157895,-176.818134615385,3.91905769230769
"3451",345,25.79339,-176.910628571429,3.91720952380952
"3452",345.1,25.7852835820896,-176.833934782609,3.9189347826087
"3453",345.2,25.8002383333333,-176.833939393939,3.919
"3454",345.3,25.7871408823529,-176.109339449541,3.919
"3455",345.4,25.7903084210526,-176.747911111111,3.91801111111111
"3456",345.5,25.7614683582089,-176.83223,3.91899
"3457",345.6,25.7611027722772,-176.763405940594,3.919
"3458",345.7,25.7652278030303,-176.71202,3.91704
"3459",345.8,25.7813254411765,-176.64258490566,3.91884905660377
"3460",345.9,25.7952787121212,-176.715442105263,3.919
"3461",346,25.8006423880597,-176.5725,3.919
"3462",346.1,25.786205,-176.62135,3.919
"3463",346.2,25.7604889473684,-176.43773,3.919
"3464",346.3,25.7709386764706,-176.759252525252,3.919
"3465",346.4,25.7690248120301,-176.700666666667,3.919
"3466",346.5,25.7744182089552,-176.7099,3.919
"3467",346.6,25.791647593985,-176.655830188679,3.91806603773585
"3468",346.7,25.8203108,-176.576808510638,3.91898936170213
"3469",346.8,25.8037465671642,-176.573059405941,3.919
"3470",346.9,25.7761973484849,-176.47892,3.91802
"3471",347,25.7897425373135,-176.611871287129,3.9189702970297
"3472",347.1,25.8148163636364,-176.696990291262,3.919
"3473",347.2,25.8121094,-176.568833333333,3.919
"3474",347.3,25.7790537313433,-176.504527272727,3.919
"3475",347.4,25.7963409022556,-176.612607843137,3.919
"3476",347.5,25.8018289552239,-176.615879120879,3.919
"3477",347.6,25.7974803759398,-176.568969072165,3.9199793814433
"3478",347.7,25.8189619402985,-176.510519230769,3.91528846153846
"3479",347.8,25.8536757425743,-176.486675675676,3.91838738738739
"3480",347.9,25.8543331578947,-176.368517241379,3.91709195402299
"3481",348,25.8274023529412,-176.635326530612,3.91895918367347
"3482",348.1,25.807825530303,-176.482625,3.919
"3483",348.2,25.8215734328358,-176.246954545455,3.919
"3484",348.3,25.8358035643564,-176.47524,3.919
"3485",348.4,25.8531111278196,-176.3869,3.919
"3486",348.5,25.8249346268657,-176.277485436893,3.91804854368932
"3487",348.6,25.8303084090909,-176.26725,3.91895
"3488",348.7,25.8573553731343,-176.289525773196,3.9219381443299
"3489",348.8,25.8192292424243,-176.191125,3.919375
"3490",348.9,25.8154684,-176.346101123596,3.919
"3491",349,25.8410089552239,-176.141343434343,3.919
"3492",349.1,25.8269125,-176.151933333333,3.919
"3493",349.2,25.8227997058824,-176.337042105263,3.919
"3494",349.3,25.8096869172932,-176.183606060606,3.919
"3495",349.4,25.833956,-176.16814,3.919
"3496",349.5,25.8415495522388,-176.2679,3.919
"3497",349.6,25.8434646616541,-176.025692307692,3.91802197802198
"3498",349.7,25.8430271641791,-175.954666666667,3.9199797979798
"3499",349.8,25.8388787969925,-175.986029411765,3.91902941176471
"3500",349.9,25.8472319402985,-175.90746,3.919
"3501",350,25.8353333663366,-175.92634,3.919
"3502",350.1,25.8013721052632,-176.03952,3.919
"3503",350.2,25.7989652941177,-175.978333333333,3.919
"3504",350.3,25.8355278030303,-176.010977011494,3.91808045977012
"3505",350.4,25.8272652238806,-176.038494736842,3.91897894736842
"3506",350.5,25.8170104545455,-176.053134615385,3.91711538461538
"3507",350.6,25.8091972277228,-175.888757894737,3.92095789473684
"3508",350.7,25.8335783333333,-175.954460176991,3.91924778761062
"3509",350.8,25.8746767669173,-175.903409090909,3.91802272727273
"3510",350.9,25.8524583582089,-175.87064,3.91898
"3511",351,25.834759924812,-176.132323232323,3.919
"3512",351.1,25.8121784848485,-176.013455445545,3.919
"3513",351.2,25.81133,-176.027183486239,3.919
"3514",351.3,25.8568112030075,-175.992813186813,3.919
"3515",351.4,25.8651594117647,-176.01258,3.91998
"3516",351.5,25.8355386466165,-176.19038,3.91804
"3517",351.6,25.8216271641791,-175.98526,3.91898
"3518",351.7,25.8343806,-175.81832,3.919
"3519",351.8,25.8157886567164,-175.936376146789,3.919
"3520",351.9,25.8303871641791,-175.695576086956,3.91803260869565
"3521",352,25.8461084210526,-175.68797979798,3.9189797979798
"3522",352.1,25.8383056716418,-175.97906,3.919
"3523",352.2,25.8071933333333,-175.843738738739,3.919
"3524",352.3,25.8444187313433,-175.898466666667,3.919
"3525",352.4,25.8475657575758,-175.73707,3.91803
"3526",352.5,25.8584786466165,-175.7029,3.91897
"3527",352.6,25.8343925373134,-175.713192307692,3.91806730769231
"3528",352.7,25.837282406015,-175.586736842105,3.918
"3529",352.8,25.8195262686567,-175.532117647059,3.918
"3530",352.9,25.840525,-175.753346938776,3.91897959183673
"3531",353,25.8582920300752,-175.649111111111,3.919
"3532",353.1,25.8754041176471,-175.744439655172,3.919
"3533",353.2,25.8508494736842,-175.909423529412,3.919
"3534",353.3,25.8459815151515,-175.809060606061,3.919
"3535",353.4,25.86733,-175.75702970297,3.919
"3536",353.5,25.8810967164179,-175.587717171717,3.9199898989899
"3537",353.6,25.88544,-175.443871287129,3.9190198019802
"3538",353.7,25.8603186567164,-175.61941025641,3.92067521367521
"3539",353.8,25.87805,-175.597695121951,3.92001219512195
"3540",353.9,25.90459,-175.603794117647,3.91902941176471
"3541",354,25.9033362686567,-175.634373737374,3.9180202020202
"3542",354.1,25.8761652238806,-175.596652173913,3.91885217391304
"3543",354.2,25.8921508270677,-175.582095238095,3.919
"3544",354.3,25.9034047761194,-175.40974,3.91801
"3545",354.4,25.9181315789474,-175.43869,3.918
"3546",354.5,25.8986142424242,-175.38653,3.91701
"3547",354.6,25.91919,-175.37511,3.91898
"3548",354.7,25.8988619402985,-175.4092,3.919
"3549",354.8,25.92825,-175.395586956522,3.919
"3550",354.9,25.8925582706767,-175.397771428571,3.919
"3551",355,25.8645258,-175.32808,3.919
"3552",355.1,25.8247804511278,-175.579765765766,3.919
"3553",355.2,25.8134894117647,-175.615847058824,3.919
"3554",355.3,25.79946,-175.596195876289,3.91801030927835
"3555",355.4,25.7857776119403,-175.49601980198,3.9199603960396
"3556",355.5,25.8153,-175.34014,3.91804
"3557",355.6,25.80511,-175.45656,3.91898
"3558",355.7,25.8322592537313,-175.459,3.91735294117647
"3559",355.8,25.8267237313433,-175.385851851852,3.91895061728395
"3560",355.9,25.8316286466165,-175.400174757282,3.919
"3561",356,25.8446494029851,-175.473239583333,3.919
"3562",356.1,25.8126549,-175.21957,3.91801
"3563",356.2,25.8476518181818,-175.39025,3.91888392857143
"3564",356.3,25.82547,-175.270636363636,3.91702272727273
"3565",356.4,25.8220747761194,-175.365646464646,3.9180101010101
"3566",356.5,25.77803,-175.301,3.917
"3567",356.6,25.8213909022556,-175.10595049505,3.9179900990099
"3568",356.7,25.8414218,-175.152548076923,3.92085576923077
"3569",356.8,25.8212058646616,-175.196134020619,3.9190412371134
"3570",356.9,25.8598294117647,-175.21464,3.919
"3571",357,25.8323,-175.166,3.919
"3572",357.1,25.8381796992481,-175.174158878505,3.91808411214953
"3573",357.2,25.8802117910448,-175.308216494845,3.9189381443299
"3574",357.3,25.83057,-175.162027027027,3.919
"3575",357.4,25.8181912121212,-175.107321428571,3.92196428571429
"3576",357.5,25.7985213533835,-174.984572519084,3.91897709923664
"3577",357.6,25.8036566917293,-175.03,3.918
"3578",357.7,25.8274703960396,-175.241441860465,3.91897674418605
"3579",357.8,25.84351,-175.059423076923,3.91805769230769
"3580",357.9,25.8102889552239,-175.159339805825,3.918
"3581",358,25.80008,-175.249258064516,3.91897849462366
"3582",358.1,25.8639998507463,-175.185775510204,3.919
"3583",358.2,25.82597,-175.047,3.919
"3584",358.3,25.842985037594,-175.160861386139,3.9170198019802
"3585",358.4,25.86171,-175.04617,3.91898
"3586",358.5,25.83571,-174.963300970874,3.919
"3587",358.6,25.82196,-174.969795918367,3.91802040816327
"3588",358.7,25.802167518797,-174.98176,3.91898
"3589",358.8,25.7809193984962,-174.895175438597,3.919
"3590",358.9,25.8117512,-174.850103448276,3.91803448275862
"3591",359,25.8542538636364,-175.01159047619,3.918
"3592",359.1,25.8426402272727,-174.932031578947,3.91896842105263
"3593",359.2,25.8302553383459,-174.918222222222,3.9180202020202
"3594",359.3,25.8587891729323,-174.838317757009,3.91983177570093
"3595",359.4,25.8731962376238,-174.746849462366,3.91804301075269
"3596",359.5,25.83282,-174.820683168317,3.918
"3597",359.6,25.8431285074627,-174.858925925926,3.91889814814815
"3598",359.7,25.77583,-174.96891,3.919
"3599",359.8,25.7984919402985,-174.752234693878,3.919
"3600",359.9,25.84088,-174.895683168317,3.91809900990099
"3601",360,25.84863,-174.952709677419,3.91896774193548
"3602",360.1,25.7791580597015,-174.91132,3.919
"3603",360.2,25.81877,-174.96335,3.919
"3604",360.3,25.83077,-174.743565656566,3.9199797979798
"3605",360.4,25.8290635338346,-174.896393939394,3.9170303030303
"3606",360.5,25.7994169172932,-174.743128712871,3.9189603960396
"3607",360.6,25.8095684,-174.87034,3.919
"3608",360.7,25.813226969697,-174.815585858586,3.9180101010101
"3609",360.8,25.8239239393939,-174.71501,3.918
"3610",360.9,25.8384263157895,-174.890647058824,3.91897058823529
"3611",361,25.8290578947368,-174.702,3.91803
"3612",361.1,25.8222588,-174.79202020202,3.9189797979798
"3613",361.2,25.8598256818182,-174.70776,3.919
"3614",361.3,25.9033938636364,-174.790823529412,3.91982352941176
"3615",361.4,25.8709534090909,-174.641125,3.918025
"3616",361.5,25.8892943181818,-174.782108910891,3.9170198019802
"3617",361.6,25.8919902970297,-174.768504950495,3.9179702970297
"3618",361.7,25.9110769172932,-174.582908163265,3.918
"3619",361.8,25.865204117647,-174.657455445545,3.9189801980198
"3620",361.9,25.91241,-174.43458,3.91802
"3621",362,25.9176145454545,-174.549965517241,3.918
"3622",362.1,25.9144242857143,-174.588795180723,3.918
"3623",362.2,25.8868528571429,-174.666314285714,3.91894285714286
"3624",362.3,25.888434,-174.580957894737,3.91998947368421
"3625",362.4,25.8946841353383,-174.6835,3.9191
"3626",362.5,25.9120976691729,-174.702191919192,3.91989898989899
"3627",362.6,25.91989,-174.521043478261,3.91804347826087
"3628",362.7,25.92889,-174.592811320755,3.91892452830189
"3629",362.8,25.9282436633663,-174.423808510638,3.91802127659574
"3630",362.9,25.9081278195489,-174.55524,3.91898
"3631",363,25.8925187969925,-174.528303030303,3.919
"3632",363.1,25.9017926315789,-174.578887850467,3.919
"3633",363.2,25.9060557894737,-174.513510638298,3.91802127659574
"3634",363.3,25.8902936,-174.535015151515,3.91874242424242
"3635",363.4,25.8757784962406,-174.457478873239,3.919
"3636",363.5,25.8575141176471,-174.509762886598,3.919
"3637",363.6,25.90572,-174.450081081081,3.919
"3638",363.7,25.8470826865672,-174.376505617978,3.91802247191011
"3639",363.8,25.86562,-174.55532,3.918
"3640",363.9,25.8346744360902,-174.687079207921,3.918
"3641",364,25.8461180451128,-174.633608333333,3.918
"3642",364.1,25.8966626315789,-174.427987341772,3.9189746835443
"3643",364.2,25.9419257894737,-174.454676767677,3.9199898989899
"3644",364.3,25.8982333333333,-174.495188118812,3.91607920792079
"3645",364.4,25.8745666666667,-174.604888888889,3.9189696969697
"3646",364.5,25.8826491089109,-174.397323529412,3.919
"3647",364.6,25.8893994736842,-174.550417391304,3.91815652173913
"3648",364.7,25.8918731578947,-174.548385542169,3.918
"3649",364.8,25.895687443609,-174.45098,3.91899
"3650",364.9,25.9084318045113,-174.45495,3.91801
"3651",365,25.9198132,-174.464307692308,3.918
"3652",365.1,25.8998188721805,-174.305951807229,3.918
"3653",365.2,25.910262481203,-174.289056603774,3.91706603773585
"3654",365.3,25.9133316541353,-174.157404255319,3.917
"3655",365.4,25.9044143609023,-174.45398019802,3.917
"3656",365.5,25.8954734,-174.392224299065,3.91791588785047
"3657",365.6,25.8668394029851,-174.454734042553,3.918
"3658",365.7,25.8723095522388,-174.428585858586,3.918
"3659",365.8,25.8702208270677,-174.511445544554,3.918
"3660",365.9,25.8753035338346,-174.43252,3.918
"3661",366,25.8566179699248,-174.42806,3.918
"3662",366.1,25.869414962406,-174.464252525253,3.9189797979798
"3663",366.2,25.8834516,-174.25528,3.91606
"3664",366.3,25.8848218796993,-174.163888888889,3.9179797979798
"3665",366.4,25.8564158646617,-174.21646,3.91701
"3666",366.5,25.853225112782,-174.12196,3.91799
"3667",366.6,25.8574807518797,-174.22495,3.918
"3668",366.7,25.8420261,-174.15967,3.918
"3669",366.8,25.8570118796992,-174.15504,3.918
"3670",366.9,25.8727412030075,-174.216395348837,3.918
"3671",367,25.8385181954887,-174.268636363636,3.918
"3672",367.1,25.8424279699248,-174.128625,3.918
"3673",367.2,25.8756262,-173.96783,3.91897
"3674",367.3,25.8994759701493,-174.06,3.919
"3675",367.4,25.9007744776119,-174.348349514563,3.91805825242718
"3676",367.5,25.8901258646616,-174.2220625,3.918
"3677",367.6,25.8647123308271,-174.177424242424,3.918
"3678",367.7,25.9032717171717,-174.241398058252,3.918
"3679",367.8,25.8844994029851,-174.146020618557,3.918
"3680",367.9,25.8684695522388,-174.237138613861,3.9189801980198
"3681",368,25.8680645864662,-174.200188118812,3.919
"3682",368.1,25.8747939097744,-174.140212121212,3.9170404040404
"3683",368.2,25.9030538345865,-174.019653465347,3.917
"3684",368.3,25.8827455639098,-173.917079207921,3.91892079207921
"3685",368.4,25.8880972,-173.947594594595,3.919
"3686",368.5,25.8775585714286,-174.017482758621,3.91802298850575
"3687",368.6,25.8748442857143,-173.933868686869,3.918
"3688",368.7,25.893752481203,-173.83796,3.918
"3689",368.8,25.8933765413534,-173.875351351351,3.918
"3690",368.9,25.8874778,-174.026989010989,3.91896703296703
"3691",369,25.8682528787879,-173.855224299065,3.919
"3692",369.1,25.8553968181818,-173.88635483871,3.91706451612903
"3693",369.2,25.8567192481203,-173.839961904762,3.91792380952381
"3694",369.3,25.914027518797,-173.79685106383,3.918
"3695",369.4,25.9322064356436,-173.961920792079,3.918
"3696",369.5,25.8941164661654,-173.96506,3.918
"3697",369.6,25.9064397744361,-174.04551,3.918
"3698",369.7,25.8938111278195,-174.1935,3.918
"3699",369.8,25.890367518797,-173.939333333333,3.918
"3700",369.9,25.8688902255639,-173.940540816327,3.9189693877551
"3701",370,25.8914015037594,-173.84982,3.919
"3702",370.1,25.9053973,-173.787438596491,3.91644736842105
"3703",370.2,25.9074393984962,-173.758447058824,3.91795294117647
"3704",370.3,25.9260860150376,-173.892626262626,3.9170101010101
"3705",370.4,25.9108452631579,-173.79303960396,3.9179801980198
"3706",370.5,25.9116873684211,-173.8008,3.918
"3707",370.6,25.898087,-173.8108,3.918
"3708",370.7,25.8952941353384,-173.783325842697,3.918
"3709",370.8,25.919647518797,-173.77409,3.918
"3710",370.9,25.9005892481203,-173.705386138614,3.918
"3711",371,25.901897518797,-173.530767676768,3.9160202020202
"3712",371.1,25.9218034653465,-173.560366336634,3.9179603960396
"3713",371.2,25.9146193939394,-173.64724,3.91898
"3714",371.3,25.9090890909091,-173.716313131313,3.9160303030303
"3715",371.4,25.9100381203008,-173.675831683168,3.9179603960396
"3716",371.5,25.9223087969925,-173.69362,3.918
"3717",371.6,25.9217417,-173.634811881188,3.918
"3718",371.7,25.8773984962406,-173.656317307692,3.918
"3719",371.8,25.874015037594,-173.814278350515,3.918
"3720",371.9,25.8752734586466,-173.664878787879,3.91993939393939
"3721",372,25.8960554135338,-173.60956,3.92097
"3722",372.1,25.898504962406,-173.61356557377,3.91702459016394
"3723",372.2,25.8997530827068,-173.561428571429,3.91794805194805
"3724",372.3,25.9191702,-173.635384615385,3.91988461538461
"3725",372.4,25.9318277272727,-173.7075625,3.91804166666667
"3726",372.5,25.9152140909091,-173.538941176471,3.918
"3727",372.6,25.9111260902256,-173.385230769231,3.918
"3728",372.7,25.9213290977444,-173.643127659574,3.918
"3729",372.8,25.914051,-173.4726,3.918
"3730",372.9,25.9069686363636,-173.5229,3.91898
"3731",373,25.9155898484848,-173.34564,3.91704
"3732",373.1,25.8833197727273,-173.46352,3.91798
"3733",373.2,25.8569788636364,-173.41798,3.918
"3734",373.3,25.8681223762376,-173.48200990099,3.9189702970297
"3735",373.4,25.9016833082707,-173.514415254237,3.9181779661017
"3736",373.5,25.9191269172932,-173.377136842105,3.918
"3737",373.6,25.8986466666667,-173.452752941176,3.918
"3738",373.7,25.88748,-173.477524752475,3.918
"3739",373.8,25.8666267669173,-173.379147826087,3.918
"3740",373.9,25.864965112782,-173.420588235294,3.91897647058824
"3741",374,25.8602203,-173.272574257426,3.91705940594059
"3742",374.1,25.8612760606061,-173.3456,3.91797
"3743",374.2,25.8720790909091,-173.28107,3.918
"3744",374.3,25.8442693984962,-173.257355371901,3.91719834710744
"3745",374.4,25.8659160150376,-173.321179487179,3.91797435897436
"3746",374.5,25.893711,-173.333137931034,3.918
"3747",374.6,25.8510043181818,-173.145619047619,3.918
"3748",374.7,25.8518149242424,-173.255485981308,3.918
"3749",374.8,25.9068182706767,-173.144021276596,3.918
"3750",374.9,25.908525037594,-173.19529,3.91897
"3751",375,25.9312895049505,-173.12522,3.91803
"3752",375.1,25.9475613636364,-173.161039215686,3.918
"3753",375.2,25.9326068181818,-173.111092783505,3.9170206185567
"3754",375.3,25.9318431818182,-173.0855,3.91790740740741
"3755",375.4,25.9369492424242,-173.095727272727,3.918
"3756",375.5,25.9551048,-173.085258064516,3.918
"3757",375.6,25.9613493233083,-172.93212,3.918
"3758",375.7,25.940582406015,-173.08384,3.918
"3759",375.8,25.9385009090909,-173.068745098039,3.91703921568627
"3760",375.9,25.9585312121212,-173.085108910891,3.9160495049505
"3761",376,25.9528596240601,-172.977565656566,3.9169595959596
"3762",376.1,25.9465137593985,-172.985560747664,3.91879439252336
"3763",376.2,25.960073,-173.055604166667,3.91807291666667
"3764",376.3,25.9465186363636,-172.960329896907,3.918
"3765",376.4,25.9524731818182,-173.03203960396,3.918
"3766",376.5,25.9448547727273,-173.027275510204,3.918
"3767",376.6,25.948680530303,-173.13273,3.918
"3768",376.7,25.9477452,-173.079336633663,3.918
"3769",376.8,25.9265344360902,-173.070212121212,3.918
"3770",376.9,25.9418953383459,-173.00792,3.918
"3771",377,25.9426436363636,-172.880188118812,3.9170396039604
"3772",377.1,25.9609845454545,-172.948696969697,3.91893939393939
"3773",377.2,25.9505983168317,-173.051592592593,3.919
"3774",377.3,25.9564970676692,-172.898255319149,3.91805319148936
"3775",377.4,25.9271737593985,-173.127469387755,3.918
"3776",377.5,25.9403036363636,-172.645198019802,3.918
"3777",377.6,25.9440915151515,-172.92452,3.918
"3778",377.7,25.9380812781955,-172.867181818182,3.918
"3779",377.8,25.9444572180451,-172.858277227723,3.918
"3780",377.9,25.942366,-172.921683168317,3.91609900990099
"3781",378,25.9335160902256,-172.796414141414,3.91887878787879
"3782",378.1,25.9377190977444,-172.91868,3.91804
"3783",378.2,25.922637443609,-172.93168,3.91896
"3784",378.3,25.9408855639098,-172.793236363636,3.91812727272727
"3785",378.4,25.913901,-172.926844444444,3.918
"3786",378.5,25.9188402255639,-172.78232,3.918
"3787",378.6,25.9278477443609,-172.78176,3.918
"3788",378.7,25.9161082442748,-172.898363636364,3.918
"3789",378.8,25.9273830534351,-172.80985,3.91897
"3790",378.9,25.9232294059406,-172.68187,3.91997
"3791",379,25.9345263909774,-172.74008,3.91806
"3792",379.1,25.9484361654135,-172.65858,3.91703
"3793",379.2,25.9622284848485,-172.762971962617,3.91790654205608
"3794",379.3,25.9229406060606,-172.85335483871,3.918
"3795",379.4,25.9535495,-172.700611650485,3.918
"3796",379.5,25.961227518797,-172.824731958763,3.918
"3797",379.6,25.9553778947368,-172.735919191919,3.918
"3798",379.7,26.0060854545455,-172.675576923077,3.918
"3799",379.8,25.9942218181818,-172.716577319588,3.91896907216495
"3800",379.9,26.0141992481203,-172.810198019802,3.92188118811881
"3801",380,26.0026804511278,-172.702484848485,3.91812121212121
"3802",380.1,26.0217547,-172.707643564356,3.918
"3803",380.2,26.0144532330827,-172.7224,3.918
"3804",380.3,26.0097840601504,-172.6798,3.918
"3805",380.4,25.9784712121212,-172.723575757576,3.918
"3806",380.5,25.9930015151515,-172.734603960396,3.918
"3807",380.6,26.0014755445545,-172.704632653061,3.918
"3808",380.7,26.0039935338346,-172.606,3.91896078431373
"3809",380.8,26.0302642105263,-172.69703030303,3.9180303030303
"3810",380.9,26.021304887218,-172.546336633663,3.91992079207921
"3811",381,26.0324026315789,-172.69648,3.91904
"3812",381.1,25.9867785,-172.64252,3.91708
"3813",381.2,25.9849750746269,-172.636571428571,3.91785714285714
"3814",381.3,26.0026765671642,-172.622482758621,3.918
"3815",381.4,25.965220075188,-172.612582524272,3.918
"3816",381.5,25.9859719548872,-172.594556701031,3.918
"3817",381.6,25.9828522727273,-172.77248,3.918
"3818",381.7,25.9422613636364,-172.58594,3.91703
"3819",381.8,25.9459412871287,-172.61007,3.917
"3820",381.9,25.9847809774436,-172.51012,3.917
"3821",382,25.9855554135338,-172.45656,3.917
"3822",382.1,25.9694054135338,-172.50059,3.91797
"3823",382.2,25.9545407518797,-172.47775,3.918
"3824",382.3,25.9570531,-172.407247058824,3.918
"3825",382.4,25.9538809022556,-172.37136,3.918
"3826",382.5,25.9580989473684,-172.404285714286,3.918
"3827",382.6,25.9634737593985,-172.389663157895,3.918
"3828",382.7,25.9805489473684,-172.455684782609,3.91703260869565
"3829",382.8,25.945347,-172.555,3.91894
"3830",382.9,25.9793954887218,-172.505009259259,3.91810185185185
"3831",383,25.9623052631579,-172.489326086957,3.918
"3832",383.1,25.9683916541353,-172.42013,3.91703
"3833",383.2,25.9586247368421,-172.52955,3.91797
"3834",383.3,25.9543951515152,-172.54658,3.918
"3835",383.4,25.9880935820896,-172.66146,3.918
"3836",383.5,25.9496532835821,-172.437260869565,3.918
"3837",383.6,25.979879924812,-172.386418604651,3.918
"3838",383.7,25.9742784210526,-172.279333333333,3.918
"3839",383.8,25.9782551515152,-172.29152,3.918
"3840",383.9,25.9581339393939,-172.38996039604,3.918
"3841",384,25.9625087128713,-172.308666666667,3.918
"3842",384.1,25.9654430827068,-172.392607142857,3.918
"3843",384.2,25.9651047368421,-172.341284090909,3.918
"3844",384.3,25.9497009022556,-172.424914285714,3.918
"3845",384.4,25.9479189473684,-172.328274509804,3.918
"3846",384.5,25.970892,-172.320829787234,3.918
"3847",384.6,25.9849309774436,-172.250469387755,3.918
"3848",384.7,26.0007806015038,-172.194654545455,3.91889090909091
"3849",384.8,25.9987762406015,-172.158021978022,3.91706593406593
"3850",384.9,25.9600469172932,-172.0988,3.91894
"3851",385,25.9694998,-172.088764150943,3.919
"3852",385.1,25.9715619402985,-172.146085106383,3.91803191489362
"3853",385.2,25.9694276119403,-172.00638,3.918
"3854",385.3,25.9760493984962,-171.992673076923,3.918
"3855",385.4,25.983237368421,-172.014545454545,3.918
"3856",385.5,25.9697498496241,-171.944815533981,3.918
"3857",385.6,25.9642460902256,-171.872170212766,3.918
"3858",385.7,25.9466324,-171.782238095238,3.918
"3859",385.8,25.9370056390977,-171.897059405941,3.91891089108911
"3860",385.9,25.9301184210526,-171.909968085106,3.919
"3861",386,25.9651131578947,-171.86247,3.91706
"3862",386.1,25.9803763157895,-171.85809,3.91797
"3863",386.2,25.9590252,-171.955,3.918
"3864",386.3,25.9693987218045,-171.870245283019,3.918
"3865",386.4,25.9672107518797,-171.853340425532,3.918
"3866",386.5,25.9743321052632,-171.9154,3.918
"3867",386.6,25.9887005263158,-171.87768,3.918
"3868",386.7,25.9916904,-171.943657142857,3.91891428571429
"3869",386.8,25.986674962406,-171.722978947368,3.91804210526316
"3870",386.9,25.9917576691729,-171.8186,3.91896
"3871",387,25.9708512030075,-171.806223300971,3.91806796116505
"3872",387.1,25.9862045864662,-171.85006185567,3.918
"3873",387.2,26.0054466,-171.73872,3.918
"3874",387.3,25.9992314285714,-171.741111111111,3.918
"3875",387.4,25.9330885714286,-171.674086956522,3.918
"3876",387.5,25.8816786466165,-171.669060606061,3.918
"3877",387.6,25.8756560902256,-171.8533,3.918
"3878",387.7,25.8961069172932,-171.597772277228,3.918
"3879",387.8,25.8854452631579,-171.811,3.918
"3880",387.9,25.8666992,-171.728936363636,3.91623636363636
"3881",388,25.8462114285714,-171.687362637363,3.91791208791209
"3882",388.1,25.8520685714286,-171.715090909091,3.918
"3883",388.2,25.8851036842105,-171.71891,3.918
"3884",388.3,25.8829984210526,-171.81503,3.918
"3885",388.4,25.8870582,-171.68899,3.91703
"3886",388.5,25.9129540909091,-171.715159663866,3.91781512605042
"3887",388.6,25.9223556060606,-171.652775,3.918975
"3888",388.7,25.9093657894737,-171.510869158879,3.91808411214953
"3889",388.8,25.9055913533835,-171.420410526316,3.918
"3890",388.9,25.8933392079208,-171.6522,3.91896
"3891",389,25.8952918796993,-171.53496969697,3.9180303030303
"3892",389.1,25.9011565413534,-171.496357142857,3.918
"3893",389.2,25.9086054887218,-171.510101123596,3.918
"3894",389.3,25.8875303007519,-171.36988,3.918
"3895",389.4,25.898097443609,-171.59632,3.918
"3896",389.5,25.8946463157895,-171.672909090909,3.9170303030303
"3897",389.6,25.8957464,-171.64493,3.917
"3898",389.7,25.9290687121212,-171.48298,3.91991
"3899",389.8,25.9132429545455,-171.39943,3.91709
"3900",389.9,25.9439969172932,-171.473831683168,3.917
"3901",390,25.9897788721805,-171.433897959184,3.91797959183674
"3902",390.1,25.9679979,-171.45394017094,3.918
"3903",390.2,25.9531704545455,-171.516554216867,3.918
"3904",390.3,25.9423446969697,-171.58203960396,3.918
"3905",390.4,25.9417805263158,-171.513454545455,3.9170202020202
"3906",390.5,25.9502166165414,-171.53748,3.91798
"3907",390.6,25.9314623762376,-171.632301886792,3.91615094339623
"3908",390.7,25.9518290909091,-171.417829787234,3.91697872340426
"3909",390.8,25.9326472727273,-171.41104,3.917
"3910",390.9,25.9433931578947,-171.536862745098,3.91796078431373
"3911",391,25.9425811278195,-171.470742268041,3.918
"3912",391.1,25.9519526,-171.363235294118,3.918
"3913",391.2,25.9312973684211,-171.295627272727,3.918
"3914",391.3,25.9659740601504,-171.343696629213,3.918
"3915",391.4,25.9481021052632,-171.404188118812,3.9170297029703
"3916",391.5,26.0075607518797,-171.48069,3.91797
"3917",391.6,26.02003,-171.429419047619,3.918
"3918",391.7,26.03703,-171.331063157895,3.918
"3919",391.8,26.0523218,-171.18929,3.91703
"3920",391.9,26.0432436363636,-171.28976,3.917
"3921",392,26.0419709090909,-171.27651,3.91797
"3922",392.1,26.0429452631579,-171.398474747475,3.918
"3923",392.2,26.0691633082707,-171.38992173913,3.918
"3924",392.3,26.0721488118812,-171.50188372093,3.918
"3925",392.4,26.0785368181818,-171.35903030303,3.9170202020202
"3926",392.5,26.0353171212121,-171.30896,3.91798
"3927",392.6,26.0621931818182,-171.3472,3.91898
"3928",392.7,26.0669128787879,-171.281733333333,3.91806666666667
"3929",392.8,26.1094451,-171.136031578947,3.91702105263158
"3930",392.9,26.0896036842105,-171.240889908257,3.91789908256881
"3931",393,26.0993706015038,-171.356510869565,3.918
"3932",393.1,26.0439213636364,-171.194414141414,3.918
"3933",393.2,26.0827774242424,-171.062920792079,3.9170297029703
"3934",393.3,26.0926,-171.20644,3.91797
"3935",393.4,26.0557428571429,-171.236474747475,3.918
"3936",393.5,26.0457752,-171.23024137931,3.918
"3937",393.6,25.9984109090909,-171.213564705882,3.91607058823529
"3938",393.7,25.9851381818182,-171.116,3.91690654205607
"3939",393.8,25.9769715789474,-171.256,3.917
"3940",393.9,25.9831369924812,-171.139514563107,3.91794174757282
"3941",394,25.980115,-171.171326530612,3.918
"3942",394.1,25.9838913636364,-171.18836,3.918
"3943",394.2,25.9574822727273,-171.302454545455,3.918
"3944",394.3,25.9218040151515,-171.20304494382,3.918
"3945",394.4,25.9274328030303,-171.18833,3.91897
"3946",394.5,25.937317029703,-171.188,3.91805825242718
"3947",394.6,25.9144068421053,-171.062666666667,3.91702083333333
"3948",394.7,25.949647443609,-170.952392156863,3.917
"3949",394.8,25.9665366666667,-171.04208,3.917
"3950",394.9,25.9832033333333,-171.04888,3.91796
"3951",395,25.9765075757576,-170.97988,3.918
"3952",395.1,25.9606837313433,-170.9338,3.918
"3953",395.2,25.9998553731343,-171.014788990826,3.91711926605505
"3954",395.3,25.9541989473684,-171.1565,3.917
"3955",395.4,25.9451839097744,-171.014541666667,3.91794791666667
"3956",395.5,25.9750522727273,-170.988727272727,3.9189595959596
"3957",395.6,25.9172568181818,-171.016121212121,3.91706060606061
"3958",395.7,25.9449301980198,-171.041725490196,3.91795098039216
"3959",395.8,25.9432221052632,-171.039984126984,3.91724603174603
"3960",395.9,25.9318236090226,-171.040916666667,3.91795833333333
"3961",396,25.9604926315789,-170.94594,3.918
"3962",396.1,25.9465302255639,-170.940118811881,3.918
"3963",396.2,25.953741,-170.91696,3.918
"3964",396.3,25.9664786466165,-170.72304950495,3.918
"3965",396.4,25.9507117293233,-170.948101010101,3.9170404040404
"3966",396.5,25.9581972180451,-170.873487179487,3.91864102564103
"3967",396.6,25.961287443609,-170.941707317073,3.91707317073171
"3968",396.7,25.9595384,-170.8674,3.91603
"3969",396.8,25.9970444776119,-170.87567,3.91794
"3970",396.9,26.0118504477612,-170.795018348624,3.918
"3971",397,26.0308468421053,-170.902978021978,3.91703296703297
"3972",397.1,26.046087443609,-170.93319,3.917
"3973",397.2,26.0472954545455,-170.84961,3.91797
"3974",397.3,26.0696789552239,-170.90714,3.91703
"3975",397.4,26.0692908955224,-170.907079207921,3.9160396039604
"3976",397.5,26.0649566165414,-170.957424242424,3.9169696969697
"3977",397.6,26.0620393233083,-170.87073,3.91603
"3978",397.7,26.03937,-170.910257425743,3.9169603960396
"3979",397.8,26.0397985714286,-170.84192,3.917
"3980",397.9,26.0545028,-170.88796,3.917
"3981",398,26.0352669924812,-170.77403960396,3.917
"3982",398.1,26.0552293984962,-170.843612244898,3.917
"3983",398.2,26.0714497744361,-170.804702970297,3.9179603960396
"3984",398.3,26.0713219548872,-170.7214,3.91704
"3985",398.4,26.061982,-170.768424242424,3.917
"3986",398.5,26.0772757142857,-170.756554455446,3.917
"3987",398.6,26.0798471428571,-170.661959183673,3.91895918367347
"3988",398.7,26.0519010526316,-170.676333333333,3.91818333333333
"3989",398.8,26.0611642105263,-170.596065217391,3.91715217391304
"3990",398.9,26.0742188,-170.665088888889,3.917
"3991",399,26.0797046616541,-170.779545454545,3.917
"3992",399.1,26.0780129323308,-170.648544554455,3.917
"3993",399.2,26.1370481203007,-170.757424242424,3.917
"3994",399.3,26.0976496240602,-170.67176,3.91797
"3995",399.4,26.069477368421,-170.76212,3.91703
"3996",399.5,26.0902969172932,-170.657435643564,3.9179603960396
"3997",399.6,26.074805,-170.66356,3.91704
"3998",399.7,26.0597658646617,-170.74176,3.917
"3999",399.8,26.0690891729323,-170.76036,3.917
"4000",399.9,26.0801582706767,-170.65828,3.917
"4001",400,26.0845116541353,-170.638484848485,3.917
"4002",400.1,26.0546925,-170.691982608696,3.917
"4003",400.2,26.0526636363636,-170.566244444444,3.917
"4004",400.3,26.0649590909091,-170.638291666667,3.91795833333333
"4005",400.4,26.0813302255639,-170.67464,3.91416
"4006",400.5,26.0919993984962,-170.64303030303,3.91690909090909
"4007",400.6,26.0936353465347,-170.55761,3.91603
"4008",400.7,26.1120166165414,-170.631676190476,3.91692380952381
"4009",400.8,26.1110993233083,-170.671541666667,3.917
"4010",400.9,26.0848490225564,-170.520757575758,3.917
"4011",401,26.0899618045113,-170.55286,3.917
"4012",401.1,26.0645384,-170.633447619048,3.917
"4013",401.2,26.0623489473684,-170.693263157895,3.917
"4014",401.3,26.0610857894737,-170.66105,3.917
"4015",401.4,26.0903006015038,-170.631188118812,3.91892079207921
"4016",401.5,26.0687517293233,-170.624352941176,3.91711764705882
"4017",401.6,26.0843031578947,-170.553979591837,3.917
"4018",401.7,26.0770926315789,-170.5942,3.917
"4019",401.8,26.0526025,-170.585333333333,3.917
"4020",401.9,26.0742505263158,-170.49964,3.917
"4021",402,26.0611452631579,-170.379578947368,3.917
"4022",402.1,26.0698068421053,-170.390482758621,3.917
"4023",402.2,26.0574384210526,-170.384242424242,3.9179696969697
"4024",402.3,26.0556352475247,-170.341742574257,3.91511881188119
"4025",402.4,26.0839345454545,-170.43216,3.91692
"4026",402.5,26.0856163636364,-170.37936,3.91604
"4027",402.6,26.1140303007519,-170.52388,3.91792
"4028",402.7,26.0992558646617,-170.381636363636,3.9170303030303
"4029",402.8,26.0819897,-170.40125,3.917
"4030",402.9,26.0917254887218,-170.276188118812,3.917
"4031",403,26.0853420300752,-170.415484848485,3.917
"4032",403.1,26.0235445454545,-170.25025,3.917
"4033",403.2,26.0244763636364,-170.358754545455,3.91876363636364
"4034",403.3,26.0240642857143,-170.287,3.919
"4035",403.4,26.0394928571429,-170.134178217822,3.9180396039604
"4036",403.5,26.023415,-170.280523364486,3.91979439252337
"4037",403.6,26.0381178787879,-170.241537634409,3.91712903225806
"4038",403.7,26.0094663636364,-170.2438,3.917
"4039",403.8,26.0404818181818,-170.288377358491,3.917
"4040",403.9,25.9995045454545,-170.265234042553,3.917
"4041",404,26.0175696,-170.25871559633,3.917
"4042",404.1,25.9987745454545,-170.348824175824,3.917
"4043",404.2,25.9670472727273,-170.3818,3.917
"4044",404.3,26.0083793181818,-170.18524,3.91604
"4045",404.4,26.0083717424242,-170.25188,3.91792
"4046",404.5,26.0350652475248,-170.046058823529,3.91638655462185
"4047",404.6,26.0382987969925,-170.151901234568,3.91695061728395
"4048",404.7,26.0463965413534,-170.049454545455,3.917
"4049",404.8,26.0463275757576,-170.26619,3.917
"4050",404.9,26.0487972727273,-170.290287128713,3.917
"4051",405,26.0668352,-170.24588,3.917
"4052",405.1,26.0598896992481,-170.157696969697,3.9179696969697
"4053",405.2,26.0506641353383,-170.13657,3.91412
"4054",405.3,26.0404852272727,-170.10302,3.91691
"4055",405.4,26.0524321969697,-170.292080808081,3.9179797979798
"4056",405.5,26.0466893984962,-170.141782945736,3.918
"4057",405.6,26.0402382706767,-170.134589041096,3.91705479452055
"4058",405.7,26.04819,-169.948878787879,3.917
"4059",405.8,26.0668145454545,-169.976613861386,3.917
"4060",405.9,26.0957539393939,-169.872495049505,3.917
"4061",406,26.0960738345864,-170.096343434344,3.917
"4062",406.1,26.0544121804511,-169.99641509434,3.917
"4063",406.2,26.0701279207921,-170.060638297872,3.917
"4064",406.3,26.0516759090909,-169.96992,3.91604
"4065",406.4,26.0379637878788,-169.95928,3.91696
"4066",406.5,26.0420768181818,-170.20956,3.91796
"4067",406.6,26.0471525757576,-169.979094339623,3.91709433962264
"4068",406.7,26.071113,-170.005290322581,3.917
"4069",406.8,26.0732872932331,-169.954178217822,3.917
"4070",406.9,26.0704602255639,-170.031515151515,3.917
"4071",407,26.0812704545455,-170.023435643564,3.917
"4072",407.1,26.0958310606061,-169.95964,3.91796
"4073",407.2,26.0801010526316,-169.900757575758,3.9170303030303
"4074",407.3,26.0688905263158,-169.765504950495,3.917
"4075",407.4,26.0681,-169.844363636364,3.917
"4076",407.5,26.0713820300752,-169.77328,3.917
"4077",407.6,26.0764045864662,-169.84957,3.917
"4078",407.7,26.0639530827068,-169.887534653465,3.917
"4079",407.8,26.081765112782,-169.764384615385,3.917
"4080",407.9,26.0796891089109,-169.751125,3.917
"4081",408,26.0752963909774,-169.765191304348,3.917
"4082",408.1,26.0925896240602,-169.732321428571,3.91892857142857
"4083",408.2,26.1055193181818,-169.80763,3.91706
"4084",408.3,26.1025117424242,-169.62764,3.917
"4085",408.4,26.1341598019802,-169.657347457627,3.9161779661017
"4086",408.5,26.1081332330827,-169.777747572816,3.91676699029126
"4087",408.6,26.1080655639098,-169.649417721519,3.917
"4088",408.7,26.1191136090226,-169.66797029703,3.917
"4089",408.8,26.1038203759398,-169.662212121212,3.917
"4090",408.9,26.106332,-169.88025,3.917
"4091",409,26.1165732330827,-169.76866,3.91797
"4092",409.1,26.1225055639098,-169.6971,3.918
"4093",409.2,26.1066977443609,-169.804435897436,3.91634188034188
"4094",409.3,26.0926751879699,-169.656397590362,3.91696385542169
"4095",409.4,26.086370075188,-169.72663,3.91797
"4096",409.5,26.0896708270677,-169.56216,3.91703
"4097",409.6,26.1118591,-169.66176,3.917
"4098",409.7,26.1116710447761,-169.652514851485,3.917
"4099",409.8,26.0905814925373,-169.56176,3.917
"4100",409.9,26.0860118181818,-169.538606060606,3.917
"4101",410,26.0979209090909,-169.631626086957,3.917
"4102",410.1,26.0800453465347,-169.520279069767,3.91795348837209
"4103",410.2,26.0804777272727,-169.487818181818,3.9170303030303
"4104",410.3,26.086455,-169.43898019802,3.917
"4105",410.4,26.0902715789474,-169.553910891089,3.9179504950495
"4106",410.5,26.0923768421053,-169.635080645161,3.91723387096774
"4107",410.6,26.0655664,-169.565226666667,3.917
"4108",410.7,26.0636969402985,-169.31808,3.917
"4109",410.8,26.069032761194,-169.542772277228,3.917
"4110",410.9,26.0953065413534,-169.561394230769,3.917
"4111",411,26.0924719548872,-169.574322916667,3.917
"4112",411.1,26.1252672727273,-169.465606060606,3.917
"4113",411.2,26.128236969697,-169.293685714286,3.917
"4114",411.3,26.1068037623762,-169.494484210526,3.91795789473684
"4115",411.4,26.0972823308271,-169.41088,3.918
"4116",411.5,26.1205304511278,-169.407923076923,3.91707692307692
"4117",411.6,26.1069011278195,-169.533195876289,3.917
"4118",411.7,26.0942469924812,-169.340404040404,3.917
"4119",411.8,26.1016390909091,-169.44528,3.917
"4120",411.9,26.084722481203,-169.400117647059,3.917
"4121",412,26.1046472932331,-169.322939393939,3.9179494949495
"4122",412.1,26.0976815037594,-169.271927927928,3.91714414414414
"4123",412.2,26.0946965413534,-169.324618556701,3.917
"4124",412.3,26.0796624242424,-169.375346534653,3.917
"4125",412.4,26.0952485074627,-169.37821978022,3.917
"4126",412.5,26.1121440298508,-169.30105,3.917
"4127",412.6,26.1222309774436,-169.37775,3.917
"4128",412.7,26.0951407518797,-169.20815,3.917
"4129",412.8,26.1065554545454,-169.40705,3.917
"4130",412.9,26.141238358209,-169.357327731092,3.917
"4131",413,26.1235219402985,-169.136454545455,3.917
"4132",413.1,26.1278734586466,-169.260869565217,3.91604347826087
"4133",413.2,26.1457080451128,-169.12016,3.91888
"4134",413.3,26.1318804511278,-169.31944,3.91804
"4135",413.4,26.116684962406,-169.241504950495,3.9170495049505
"4136",413.5,26.145573,-169.254117117117,3.917
"4137",413.6,26.129342406015,-169.180550561798,3.917
"4138",413.7,26.1449664661654,-169.145434782609,3.917
"4139",413.8,26.1463860902256,-169.309666666667,3.917
"4140",413.9,26.1527469924812,-169.191164556962,3.91889873417722
"4141",414,26.1682644444444,-169.187702970297,3.919
"4142",414.1,26.1866105263158,-169.17945,3.9152
"4143",414.2,26.1650315789474,-169.2664,3.9169
"4144",414.3,26.154239924812,-169.169214285714,3.917
"4145",414.4,26.1543226315789,-169.077584070796,3.917
"4146",414.5,26.1242722772277,-169.167045454546,3.917
"4147",414.6,26.1370239849624,-169.23248,3.917
"4148",414.7,26.1442420300752,-169.059158415842,3.917
"4149",414.8,26.1955072180451,-169.174747474747,3.917
"4150",414.9,26.1608455639098,-169.105861386139,3.9160495049505
"4151",415,26.1636387218045,-169.123111111111,3.91791919191919
"4152",415.1,26.1445259398496,-169.034653465347,3.9170495049505
"4153",415.2,26.142171,-168.9369,3.917
"4154",415.3,26.1501242857143,-169.03175,3.91795
"4155",415.4,26.1602671428571,-168.84415,3.91705
"4156",415.5,26.1648385714286,-168.749346534653,3.917
"4157",415.6,26.1301242857143,-168.874448979592,3.917
"4158",415.7,26.143803,-168.900869565217,3.917
"4159",415.8,26.139401969697,-168.868788235294,3.917
"4160",415.9,26.1266216666667,-168.87756,3.91604
"4161",416,26.1237984210526,-168.8764,3.9152
"4162",416.1,26.1186931578947,-168.8779,3.9169
"4163",416.2,26.0962033,-168.758237623762,3.9179504950495
"4164",416.3,26.1197827067669,-168.752,3.91705
"4165",416.4,26.1235345864662,-168.8717,3.917
"4166",416.5,26.1362021804511,-168.839435643564,3.917
"4167",416.6,26.1255856390977,-168.906313131313,3.917
"4168",416.7,26.1119798,-168.8473,3.917
"4169",416.8,26.1190496992481,-168.835857142857,3.917
"4170",416.9,26.1414106015038,-168.787631578947,3.91605263157895
"4171",417,26.1555831578947,-168.91135,3.916
"4172",417.1,26.1381094736842,-168.772705882353,3.91786274509804
"4173",417.2,26.1332446616541,-168.633786407767,3.91890291262136
"4174",417.3,26.1526506766917,-168.616210526316,3.9171052631579
"4175",417.4,26.1773696,-168.699484848485,3.917
"4176",417.5,26.1851518045113,-168.83932,3.917
"4177",417.6,26.1639863909774,-168.793444444444,3.917
"4178",417.7,26.149887368421,-168.698043478261,3.917
"4179",417.8,26.1400452631579,-168.89176,3.917
"4180",417.9,26.153239,-168.852,3.91604
"4181",418,26.1525741666667,-168.69736,3.91696
"4182",418.1,26.1311575,-168.696090909091,3.917
"4183",418.2,26.1154530075188,-168.66831884058,3.91607246376812
"4184",418.3,26.1061447368421,-168.617060606061,3.9169595959596
"4185",418.4,26.1421844,-168.562722772277,3.917
"4186",418.5,26.1259635338346,-168.768232323232,3.917
"4187",418.6,26.1530763157895,-168.600692307692,3.917
"4188",418.7,26.11781,-168.574618556701,3.917
"4189",418.8,26.1233554545455,-168.664343137255,3.91606862745098
"4190",418.9,26.1287258646617,-168.582793814433,3.9179175257732
"4191",419,26.1066882706767,-168.423226415094,3.91709433962264
"4192",419.1,26.1387496,-168.55554368932,3.91612621359223
"4193",419.2,26.1142558333333,-168.664,3.91695604395604
"4194",419.3,26.1408543181818,-168.68624,3.917
"4195",419.4,26.1744508333333,-168.61096039604,3.917
"4196",419.5,26.1632765909091,-168.535963963964,3.917
"4197",419.6,26.1568459405941,-168.6608,3.9162
"4198",419.7,26.1414366666667,-168.748301204819,3.91695180722892
"4199",419.8,26.16277,-168.632188118812,3.917
"4200",419.9,26.1557383333333,-168.573222222222,3.9179595959596
"4201",420,26.1787231818182,-168.681442477876,3.91715044247788
"4202",420.1,26.1957284,-168.543586206897,3.917
"4203",420.2,26.1547684962406,-168.57152,3.917
"4204",420.3,26.126422631579,-168.6786,3.917
"4205",420.4,26.1340575,-168.6254,3.917
"4206",420.5,26.1306711363636,-168.783633663366,3.917
"4207",420.6,26.133126,-168.614474747475,3.917
"4208",420.7,26.175922481203,-168.489138613861,3.917
"4209",420.8,26.1361931578947,-168.475323232323,3.9160404040404
"4210",420.9,26.1423890909091,-168.405713043478,3.9168347826087
"4211",421,26.1236315151515,-168.436788235294,3.917
"4212",421.1,26.167242481203,-168.490326732673,3.9160495049505
"4213",421.2,26.1435131578947,-168.283825688073,3.91687155963303
"4214",421.3,26.1667723762376,-168.550177777778,3.917
"4215",421.4,26.16572,-168.37738317757,3.917
"4216",421.5,26.1479018181818,-168.408074468085,3.91605319148936
"4217",421.6,26.1460206766917,-168.45565,3.916
"4218",421.7,26.1472763157895,-168.435929292929,3.91791919191919
"4219",421.8,26.163004,-168.291,3.91444444444444
"4220",421.9,26.1294590909091,-168.307064516129,3.91494623655914
"4221",422,26.1069515151515,-168.361777777778,3.91691919191919
"4222",422.1,26.1333372727273,-168.36688,3.917
"4223",422.2,26.1047312121212,-168.391,3.917
"4224",422.3,26.1244161,-168.44192,3.917
"4225",422.4,26.1646496240602,-168.536540540541,3.917
"4226",422.5,26.1531082706767,-168.500361702128,3.917
"4227",422.6,26.1570909090909,-168.403099009901,3.917
"4228",422.7,26.1810984848485,-168.386225806452,3.917
"4229",422.8,26.1488835338346,-168.492971962617,3.917
"4230",422.9,26.1369963157895,-168.416903225806,3.91603225806452
"4231",423,26.1096308,-168.41303,3.91794
"4232",423.1,26.143852406015,-168.56432,3.91703
"4233",423.2,26.1562057894737,-168.35075,3.917
"4234",423.3,26.15618,-168.295953271028,3.917
"4235",423.4,26.1330133333333,-168.303580645161,3.917
"4236",423.5,26.1093304950495,-168.343376237624,3.917
"4237",423.6,26.1204452631579,-168.313301886792,3.91609433962264
"4238",423.7,26.1436557894737,-168.137741935484,3.91503225806452
"4239",423.8,26.14126,-168.265495049505,3.9159603960396
"4240",423.9,26.1356766666667,-168.339324324324,3.91686486486486
"4241",424,26.1868155,-168.285056179775,3.917
"4242",424.1,26.1886769924812,-168.17736,3.917
"4243",424.2,26.2073461654135,-168.24404,3.917
"4244",424.3,26.1856527272727,-167.99548,3.917
"4245",424.4,26.1664254545455,-168.175330434783,3.9161652173913
"4246",424.5,26.1864699,-168.263142857143,3.91696428571429
"4247",424.6,26.1711505263158,-168.35521,3.917
"4248",424.7,26.1923084210526,-168.17758,3.91603
"4249",424.8,26.1781080451128,-168.1138,3.91794
"4250",424.9,26.1920930075188,-168.23519,3.91509
"4251",425,26.1827804511278,-168.08768,3.91597
"4252",425.1,26.202630075188,-168.133646017699,3.91685840707965
"4253",425.2,26.1877792079208,-168.198965517241,3.917
"4254",425.3,26.2195063157895,-168.29994,3.917
"4255",425.4,26.1725589473684,-168.15459,3.917
"4256",425.5,26.1791281954887,-168.23148,3.917
"4257",425.6,26.2121131578947,-168.16319,3.917
"4258",425.7,26.228983030303,-168.149431192661,3.91611009174312
"4259",425.8,26.1881103759398,-168.133652173913,3.91791304347826
"4260",425.9,26.1936517293233,-168.18196,3.91608
"4261",426,26.1627439849624,-168.1984,3.916
"4262",426.1,26.1330823308271,-168.12412,3.91696
"4263",426.2,26.1287437373737,-168.1018,3.91604
"4264",426.3,26.0997398507463,-168.202818181818,3.9169696969697
"4265",426.4,26.133381641791,-168.272267326733,3.9160396039604
"4266",426.5,26.1035359398496,-168.18188,3.91696
"4267",426.6,26.1118893233083,-168.072068965517,3.91534482758621
"4268",426.7,26.1387002255639,-168.157252747253,3.915
"4269",426.8,26.1314521052632,-168.126064516129,3.91691397849462
"4270",426.9,26.1673049,-168.102971428571,3.91791428571429
"4271",427,26.1595942857143,-168.17653,3.91709
"4272",427.1,26.1621657142857,-168.157861702128,3.917
"4273",427.2,26.1345897744361,-168.18100990099,3.9160396039604
"4274",427.3,26.126664962406,-168.176156521739,3.9168347826087
"4275",427.4,26.1532153,-168.109471910112,3.917
"4276",427.5,26.1445877443609,-168.030368421053,3.91603157894737
"4277",427.6,26.1263396240602,-168.035683168317,3.9150396039604
"4278",427.7,26.1498225373134,-167.897333333333,3.91693939393939
"4279",427.8,26.1496882089552,-167.83965,3.917
"4280",427.9,26.1414863636364,-168.03685,3.917
"4281",428,26.1787397014925,-167.8781,3.917
"4282",428.1,26.1688143283582,-167.79055,3.917
"4283",428.2,26.1539081818182,-167.871554455446,3.9160396039604
"4284",428.3,26.136393030303,-167.766643564356,3.916
"4285",428.4,26.1107987,-167.839686868687,3.9169595959596
"4286",428.5,26.1369385714286,-167.941851485149,3.9160495049505
"4287",428.6,26.1640814285714,-167.98215,3.91695
"4288",428.7,26.1601905263158,-167.83865,3.917
"4289",428.8,26.14998,-167.731202020202,3.917
"4290",428.9,26.1613844360902,-167.859118811881,3.9160495049505
"4291",429,26.137572406015,-167.878474747475,3.916
"4292",429.1,26.1504602,-167.95772,3.916
"4293",429.2,26.1582751879699,-167.841,3.916
"4294",429.3,26.1545458646617,-167.926305084746,3.916
"4295",429.4,26.1536547368421,-167.918807228916,3.91693975903614
"4296",429.5,26.1490757894737,-167.683818181818,3.9160404040404
"4297",429.6,26.1504759,-167.88328,3.91792
"4298",429.7,26.1816520454545,-167.81424,3.91608
"4299",429.8,26.1241293181818,-167.927389380531,3.916
"4300",429.9,26.1681363157895,-168.030087912088,3.91691208791209
"4301",430,26.1261814285714,-167.810371134021,3.91605154639175
"4302",430.1,26.1300922,-168.021585858586,3.916
"4303",430.2,26.1280173684211,-167.846603960396,3.9169504950495
"4304",430.3,26.1302128571429,-167.81396969697,3.9160404040404
"4305",430.4,26.1239305263158,-167.961277227723,3.916
"4306",430.5,26.1205771428571,-167.860926605505,3.916
"4307",430.6,26.1432415789474,-167.765615384615,3.91978021978022
"4308",430.7,26.1237152631579,-167.9339,3.9162
"4309",430.8,26.123906,-167.746391304348,3.91765217391304
"4310",430.9,26.1135537878788,-167.828294117647,3.91611764705882
"4311",431,26.1416598484848,-167.759232323232,3.916
"4312",431.1,26.128902631579,-167.744226415094,3.916
"4313",431.2,26.12885,-167.804276595745,3.916
"4314",431.3,26.1348267326733,-167.735224299065,3.916
"4315",431.4,26.1085572727273,-167.848603960396,3.916
"4316",431.5,26.1289209090909,-167.790608247423,3.91418556701031
"4317",431.6,26.140882631579,-167.676673684211,3.91687368421053
"4318",431.7,26.1345442857143,-167.63936,3.91604
"4319",431.8,26.1431074,-167.700732673267,3.91790099009901
"4320",431.9,26.1482642105263,-167.72585,3.9161
"4321",432,26.1334371428571,-167.636956521739,3.916
"4322",432.1,26.17803,-167.640727272727,3.916
"4323",432.2,26.1878871428571,-167.544360824742,3.916
"4324",432.3,26.1477598,-167.6872,3.916
"4325",432.4,26.1307263157895,-167.663333333333,3.91408080808081
"4326",432.5,26.1437714285714,-167.610377358491,3.91490566037736
"4327",432.6,26.1481009090909,-167.55329787234,3.91595744680851
"4328",432.7,26.1604645454546,-167.65372,3.91792
"4329",432.8,26.1250036842105,-167.52552,3.91512
"4330",432.9,26.1331014285714,-167.589386138614,3.9159504950495
"4331",433,26.1423024752475,-167.5797,3.916
"4332",433.1,26.1472995454546,-167.437857142857,3.916
"4333",433.2,26.1115268181818,-167.517736842105,3.916
"4334",433.3,26.1400931578947,-167.528757575758,3.916
"4335",433.4,26.1595442857143,-167.632603960396,3.91790099009901
"4336",433.5,26.141764,-167.483185185185,3.91712037037037
"4337",433.6,26.1574384848485,-167.450094736842,3.91608421052632
"4338",433.7,26.1489990909091,-167.490731958763,3.916
"4339",433.8,26.1456413636364,-167.506443396226,3.91689622641509
"4340",433.9,26.1529368181818,-167.467806451613,3.91604301075269
"4341",434,26.172738,-167.358594059406,3.916
"4342",434.1,26.1937527067669,-167.541080808081,3.916
"4343",434.2,26.1869707518797,-167.497972972973,3.916
"4344",434.3,26.1753809090909,-167.477604166667,3.91688541666667
"4345",434.4,26.1937445454545,-167.406139784946,3.91604301075269
"4346",434.5,26.1840247368421,-167.427,3.91984
"4347",434.6,26.1627014285714,-167.45872,3.91616
"4348",434.7,26.1965418,-167.38896,3.91792
"4349",434.8,26.2123793939394,-167.38216,3.91608
"4350",434.9,26.1808036363636,-167.47896,3.916
"4351",435,26.1942125757576,-167.4974,3.916
"4352",435.1,26.1846595454545,-167.470338983051,3.916
"4353",435.2,26.2023154455446,-167.40124137931,3.916
"4354",435.3,26.1993896969697,-167.501114583333,3.91694791666667
"4355",435.4,26.1926018181818,-167.4557,3.9189
"4356",435.5,26.1633793939394,-167.481952380952,3.91719047619048
"4357",435.6,26.1843036363636,-167.429468085106,3.91508510638298
"4358",435.7,26.185385,-167.444108910891,3.91690099009901
"4359",435.8,26.1735906818182,-167.368232323232,3.9160404040404
"4360",435.9,26.1941285606061,-167.3458,3.916
"4361",436,26.1706936363636,-167.337684782609,3.916
"4362",436.1,26.1647845454545,-167.401129411765,3.916
"4363",436.2,26.1631584,-167.399163636364,3.916
"4364",436.3,26.1747402255639,-167.317733333333,3.91786666666667
"4365",436.4,26.1553041353383,-167.242198019802,3.91893069306931
"4366",436.5,26.184995,-167.357990291262,3.91629126213592
"4367",436.6,26.1611616666667,-167.270065420561,3.91684112149533
"4368",436.7,26.1464969172932,-167.254730337079,3.917
"4369",436.8,26.1846096992481,-167.118188118812,3.91606930693069
"4370",436.9,26.1887993069307,-167.21216,3.916
"4371",437,26.1878068181818,-167.33718,3.916
"4372",437.1,26.1737840909091,-167.35344,3.916
"4373",437.2,26.1897478787879,-167.385939393939,3.916
"4374",437.3,26.1977327272727,-167.241777777778,3.91439316239316
"4375",437.4,26.2131315,-167.272379310345,3.91488505747126
"4376",437.5,26.2000278947369,-167.314402061856,3.91592783505155
"4377",437.6,26.2270805263158,-167.27096969697,3.91693939393939
"4378",437.7,26.2258840909091,-167.29996,3.91606
"4379",437.8,26.2161113636364,-167.312237623762,3.916
"4380",437.9,26.2164893939394,-167.25875,3.916
"4381",438,26.2203792537313,-167.185,3.916
"4382",438.1,26.1943120895522,-167.272785714286,3.916
"4383",438.2,26.1750679699248,-167.211604395604,3.916
"4384",438.3,26.1936544360902,-167.10354,3.91694
"4385",438.4,26.2421533333333,-167.07068,3.91512
"4386",438.5,26.21532,-167.112742574257,3.91593069306931
"4387",438.6,26.2090854455446,-167.072787878788,3.91787878787879
"4388",438.7,26.2003644029851,-167.165620689655,3.91637931034483
"4389",438.8,26.2113270895522,-167.107483870968,3.916
"4390",438.9,26.1902654545455,-167.018208791209,3.916
"4391",439,26.1979472727273,-167.208445544554,3.916
"4392",439.1,26.2101299009901,-167.06397,3.916
"4393",439.2,26.1836056060606,-167.033221153846,3.91689423076923
"4394",439.3,26.2169313636364,-167.0666,3.91793684210526
"4395",439.4,26.2185611363636,-167.139262626263,3.9170505050505
"4396",439.5,26.2049020454545,-167.115612612613,3.917
"4397",439.6,26.1698232,-167.140258426966,3.91511235955056
"4398",439.7,26.2155644360902,-167.059474747475,3.9159595959596
"4399",439.8,26.1876546616541,-166.89952,3.916
"4400",439.9,26.2003288721804,-166.80852,3.916
"4401",440,26.2105093233083,-166.971336633663,3.916
"4402",440.1,26.2399129,-166.981666666667,3.916
"4403",440.2,26.2284778195489,-167.074435294118,3.91695294117647
"4404",440.3,26.2082296992481,-166.96668,3.91604
"4405",440.4,26.2028382706767,-166.948407079646,3.916
"4406",440.5,26.217514962406,-167.037488636364,3.91694318181818
"4407",440.6,26.2348885714286,-166.974868686869,3.9160404040404
"4408",440.7,26.2183171428571,-167.03056,3.916
"4409",440.8,26.2284181188119,-166.978538461538,3.916
"4410",440.9,26.2382683458647,-166.968640776699,3.916
"4411",441,26.2505239849624,-166.997666666667,3.916
"4412",441.1,26.2359809090909,-167.120663366337,3.9150495049505
"4413",441.2,26.2219203030303,-166.922606060606,3.91691919191919
"4414",441.3,26.2093048484848,-166.84776,3.91508
"4415",441.4,26.2337135338346,-166.819336633663,3.9159504950495
"4416",441.5,26.2345481203008,-167.003202020202,3.9169595959596
"4417",441.6,26.2380536842105,-167.003754716981,3.91609433962264
"4418",441.7,26.2592642105263,-166.910157894737,3.916
"4419",441.8,26.2345156565657,-166.9354,3.916
"4420",441.9,26.2249882089552,-166.741242424242,3.916
"4421",442,26.2102717910448,-166.870018181818,3.916
"4422",442.1,26.1947830827068,-166.98247311828,3.9150752688172
"4423",442.2,26.2154898496241,-166.871636363636,3.91687878787879
"4424",442.3,26.2386981203008,-166.876469387755,3.91412244897959
"4425",442.4,26.2043522556391,-166.987702702703,3.91486486486486
"4426",442.5,26.178818,-166.990833333333,3.91594444444444
"4427",442.6,26.2084211278196,-166.892121212121,3.916
"4428",442.7,26.1982406766917,-166.881834862385,3.916
"4429",442.8,26.2068793233083,-166.791131868132,3.916
"4430",442.9,26.194187593985,-166.866111111111,3.916
"4431",443,26.1938092,-166.796608695652,3.916
"4432",443.1,26.1815247368421,-166.69796,3.916
"4433",443.2,26.1933668421053,-166.72664,3.91888
"4434",443.3,26.2162871428571,-166.801309090909,3.91638181818182
"4435",443.4,26.1910014285714,-166.730725274725,3.91505494505495
"4436",443.5,26.17984,-166.643666666667,3.91590476190476
"4437",443.6,26.1807960902256,-166.852572815534,3.916
"4438",443.7,26.1990216541353,-166.881131868132,3.916
"4439",443.8,26.1943894736842,-166.77252,3.916
"4440",443.9,26.1990736842105,-166.813623762376,3.916
"4441",444,26.1829890909091,-166.694131313131,3.916
"4442",444.1,26.1988082089552,-166.7082,3.916
"4443",444.2,26.2030917910448,-166.693842105263,3.916
"4444",444.3,26.1603933834586,-166.698540229885,3.916
"4445",444.4,26.1632956390977,-166.680163793103,3.91518103448276
"4446",444.5,26.153996969697,-166.679434782609,3.91585869565217
"4447",444.6,26.184353030303,-166.545717391304,3.916
"4448",444.7,26.1695035643564,-166.643048076923,3.916
"4449",444.8,26.1903959398496,-166.72978125,3.916
"4450",444.9,26.2152455639098,-166.82425,3.916
"4451",445,26.2046330827068,-166.72423364486,3.91688785046729
"4452",445.1,26.2313398496241,-166.65552173913,3.917
"4453",445.2,26.2279174747475,-166.607376237624,3.917
"4454",445.3,26.2326884962406,-166.4606,3.917
"4455",445.4,26.2306208270677,-166.552797979798,3.91508080808081
"4456",445.5,26.2447433834586,-166.654900990099,3.9159504950495
"4457",445.6,26.2506456390977,-166.614898989899,3.916
"4458",445.7,26.2479213,-166.558821782178,3.916
"4459",445.8,26.2451358646617,-166.55695,3.916
"4460",445.9,26.2536997744361,-166.5095,3.916
"4461",446,26.2289677443609,-166.5203,3.916
"4462",446.1,26.2213662406015,-166.43075,3.91505
"4463",446.2,26.2323783458647,-166.445752475248,3.915
"4464",446.3,26.2532430075188,-166.560617391304,3.91581739130435
"4465",446.4,26.2389533,-166.599166666667,3.91788095238095
"4466",446.5,26.2429369172932,-166.569900990099,3.91611881188119
"4467",446.6,26.2514481954887,-166.439818181818,3.916
"4468",446.7,26.2332786567164,-166.399709401709,3.916
"4469",446.8,26.2307413432836,-166.508071428571,3.916
"4470",446.9,26.2204252,-166.385754716981,3.91688679245283
"4471",447,26.2676090225564,-166.364268817204,3.917
"4472",447.1,26.2371654135338,-166.29845,3.9151
"4473",447.2,26.2562096969697,-166.316990740741,3.915
"4474",447.3,26.2562703030303,-166.348369565217,3.915
"4475",447.4,26.2622894949495,-166.40795,3.91595
"4476",447.5,26.2658733834586,-166.397926605505,3.916
"4477",447.6,26.2573921804511,-166.471717391304,3.916
"4478",447.7,26.2310765413534,-166.369707070707,3.916
"4479",447.8,26.2572795488722,-166.483455445545,3.916
"4480",447.9,26.2677184,-166.392008849558,3.91516814159292
"4481",448,26.2626010526316,-166.312441176471,3.91579411764706
"4482",448.1,26.2574957894737,-166.325214285714,3.91505952380952
"4483",448.2,26.2801878195489,-166.355663793103,3.91663793103448
"4484",448.3,26.2891201503759,-166.380588235294,3.91514117647059
"4485",448.4,26.2842137593985,-166.285151515152,3.9159494949495
"4486",448.5,26.3128829323308,-166.21698019802,3.916
"4487",448.6,26.2988796,-166.358272727273,3.916
"4488",448.7,26.3343094029851,-166.224910891089,3.916
"4489",448.8,26.3040705970149,-166.304303030303,3.916
"4490",448.9,26.2847090225564,-166.277333333333,3.91506862745098
"4491",449,26.2342654135338,-166.29096969697,3.91593939393939
"4492",449.1,26.21376,-166.15006,3.91694
"4493",449.2,26.2032958646617,-166.0705,3.91606
"4494",449.3,26.196957518797,-166.038464646465,3.916
"4495",449.4,26.2150198496241,-166.1586,3.916
"4496",449.5,26.2116439097744,-166.215495495496,3.916
"4497",449.6,26.2177476,-166.216042105263,3.916
"4498",449.7,26.2024221212121,-166.353234042553,3.916
"4499",449.8,26.2254978787879,-166.2546,3.916
"4500",449.9,26.2357728030303,-166.35445,3.916
"4501",450,26.2020834090909,-166.2935,3.916
"4502",450.1,26.2125857142857,-166.212198275862,3.91518103448276
"4503",450.2,26.2244428571429,-166.136647727273,3.91589772727273
"4504",450.3,26.2366888,-166.205833333333,3.91505208333333
"4505",450.4,26.2361803030303,-166.188366336634,3.91594059405941
"4506",450.5,26.2412409090909,-166.198393939394,3.916
"4507",450.6,26.2776067669173,-166.2579,3.916
"4508",450.7,26.2696443609023,-166.175405940594,3.916
"4509",450.8,26.2466047524752,-166.123,3.916
"4510",450.9,26.24046,-166.18016,3.916
"4511",451,26.22046,-165.988404040404,3.916
"4512",451.1,26.2485693233083,-166.089930693069,3.916
"4513",451.2,26.2633888721805,-166.064717171717,3.9169494949495
"4514",451.3,26.2755547,-165.987752475248,3.91605940594059
"4515",451.4,26.2700454135338,-165.82884,3.916
"4516",451.5,26.2624890225564,-165.862701754386,3.916
"4517",451.6,26.2355223308271,-166.035764705882,3.916
"4518",451.7,26.2241463909774,-165.952844660194,3.916
"4519",451.8,26.2334618,-165.968711340206,3.916
"4520",451.9,26.2630318796992,-166.0878,3.916
"4521",452,26.2609867669173,-165.8546,3.916
"4522",452.1,26.2850614285714,-165.860675213675,3.916
"4523",452.2,26.2627005263158,-165.986228915663,3.91693975903614
"4524",452.3,26.215462406015,-165.9864,3.91605
"4525",452.4,26.2483646616541,-165.985086538462,3.916
"4526",452.5,26.2382532673267,-166.041875,3.916
"4527",452.6,26.2363154545455,-165.967871287129,3.916
"4528",452.7,26.2354063636364,-165.885114285714,3.916
"4529",452.8,26.2470303007519,-165.950947368421,3.91506315789474
"4530",452.9,26.2211430827068,-165.962514851485,3.91686138613861
"4531",453,26.2145568,-165.95091,3.91607
"4532",453.1,26.2107222727273,-165.85793,3.916
"4533",453.2,26.1859571212121,-165.958588235294,3.91417647058824
"4534",453.3,26.1599145454545,-165.969928571429,3.91585714285714
"4535",453.4,26.1820509090909,-166.041173469388,3.916
"4536",453.5,26.1386511,-165.815495049505,3.916
"4537",453.6,26.1714014285714,-165.833854368932,3.916
"4538",453.7,26.1489878947368,-165.86828125,3.916
"4539",453.8,26.16437,-165.975145631068,3.916
"4540",453.9,26.1960366666667,-165.936577319588,3.91505154639175
"4541",454,26.1692829323308,-165.848223300971,3.91684466019418
"4542",454.1,26.184132556391,-165.868224489796,3.91418367346939
"4543",454.2,26.197818,-165.791191919192,3.91684848484848
"4544",454.3,26.1692518181818,-165.913090909091,3.91613636363636
"4545",454.4,26.1837063636364,-165.796842592593,3.916
"4546",454.5,26.1848081818182,-165.935337349398,3.916
"4547",454.6,26.182686969697,-165.765747474747,3.916
"4548",454.7,26.2115894059406,-165.6952,3.916
"4549",454.8,26.1902068421053,-165.714454545455,3.916
"4550",454.9,26.1805226315789,-165.684373626374,3.91413186813187
"4551",455,26.2069068939394,-165.684660377358,3.91577358490566
"4552",455.1,26.1625356818182,-165.727127659574,3.91506382978723
"4553",455.2,26.1959692,-165.802440366972,3.9158623853211
"4554",455.3,26.2450471428571,-165.802244680851,3.916
"4555",455.4,26.2924757142857,-165.826863157895,3.916
"4556",455.5,26.2851527272727,-165.339504424779,3.916
"4557",455.6,26.3213345454545,-165.817781609195,3.916
"4558",455.7,26.2903313,-165.9026,3.91696
"4559",455.8,26.2997057142857,-165.754142857143,3.91357142857143
"4560",455.9,26.3009989473684,-165.742855670103,3.91732989690722
"4561",456,26.292795530303,-165.75435483871,3.91612903225806
"4562",456.1,26.3136667424242,-165.716070707071,3.9150505050505
"4563",456.2,26.3378857142857,-165.692366336634,3.91594059405941
"4564",456.3,26.303652631579,-165.735626262626,3.916
"4565",456.4,26.318526039604,-165.61735,3.916
"4566",456.5,26.3077292481203,-165.521643564356,3.916
"4567",456.6,26.3039472932331,-165.52822,3.916
"4568",456.7,26.2921678195489,-165.471957264957,3.91519658119658
"4569",456.8,26.273100150376,-165.689927710843,3.91592771084337
"4570",456.9,26.2981427272727,-165.607353535354,3.916
"4571",457,26.2954288059702,-165.552803571429,3.91345535714286
"4572",457.1,26.3272646268657,-165.52491954023,3.91777011494253
"4573",457.2,26.3230921804511,-165.4904,3.91608
"4574",457.3,26.3361598496241,-165.51876,3.916
"4575",457.4,26.34904,-165.633882352941,3.916
"4576",457.5,26.3392055970149,-165.587549019608,3.916
"4577",457.6,26.3622876865672,-165.694917525773,3.916
"4578",457.7,26.3334414285714,-165.584888888889,3.916
"4579",457.8,26.3672384210526,-165.59900990099,3.9169504950495
"4580",457.9,26.360852020202,-165.57,3.91533333333333
"4581",458,26.34695,-165.441103448276,3.91593103448276
"4582",458.1,26.33445,-165.60026,3.916
"4583",458.2,26.3528787969925,-165.623854700855,3.916
"4584",458.3,26.3274727819549,-165.567576086957,3.916
"4585",458.4,26.3098657142857,-165.32621978022,3.916
"4586",458.5,26.3259484210526,-165.422448598131,3.916
"4587",458.6,26.3360938,-165.456913043478,3.916
"4588",458.7,26.3492999253731,-165.428841584158,3.91505940594059
"4589",458.8,26.3803521641791,-165.31401010101,3.91310101010101
"4590",458.9,26.3292177443609,-165.4353,3.91585
"4591",459,26.3478718796993,-165.432404040404,3.916
"4592",459.1,26.3643518181818,-165.42624,3.91696
"4593",459.2,26.3514414179104,-165.39144,3.91604
"4594",459.3,26.346448880597,-165.52536,3.916
"4595",459.4,26.3225728571429,-165.461810810811,3.916
"4596",459.5,26.2929036842105,-165.454777777778,3.916
"4597",459.6,26.259615959596,-165.4835,3.916
"4598",459.7,26.2646110447761,-165.432523809524,3.91690476190476
"4599",459.8,26.2675662686567,-165.367638297872,3.91317021276596
"4600",459.9,26.2307922556391,-165.347891089109,3.91585148514852
"4601",460,26.2223035338346,-165.367693069307,3.91788118811881
"4602",460.1,26.2123128571429,-165.388552,3.916496
"4603",460.2,26.2394331578947,-165.374037974684,3.916
"4604",460.3,26.2442515,-165.423105263158,3.916
"4605",460.4,26.23688,-165.442313131313,3.916
"4606",460.5,26.2626694736842,-165.350801980198,3.916
"4607",460.6,26.2874914285714,-165.30862295082,3.91522131147541
"4608",460.7,26.2718673684211,-165.470545454546,3.915
"4609",460.8,26.2533709090909,-165.26016,3.91692
"4610",460.9,26.2564829850746,-165.140882352941,3.91511764705882
"4611",461,26.2694979104478,-165.39795959596,3.9159494949495
"4612",461.1,26.2711657142857,-165.2695,3.916
"4613",461.2,26.2436168421053,-165.324170454545,3.916
"4614",461.3,26.2467048,-165.2986,3.916
"4615",461.4,26.2596928571429,-165.287404040404,3.916
"4616",461.5,26.29855,-165.22901980198,3.9150495049505
"4617",461.6,26.3077806766917,-165.328676767677,3.915
"4618",461.7,26.3581340601504,-165.354942857143,3.91408571428571
"4619",461.8,26.350712,-165.113385416667,3.91589583333333
"4620",461.9,26.342529924812,-165.19405,3.91505
"4621",462,26.3213795488722,-165.078017094017,3.91581196581197
"4622",462.1,26.3359631578947,-165.297156626506,3.916
"4623",462.2,26.3305496240601,-165.2712,3.916
"4624",462.3,26.3558254887218,-165.16545,3.916
"4625",462.4,26.3258029323308,-165.23315,3.91505
"4626",462.5,26.315464,-165.24175,3.91595
"4627",462.6,26.3356128358209,-165.155796296296,3.91687962962963
"4628",462.7,26.3192770149254,-165.179934782609,3.91605434782609
"4629",462.8,26.3332028571429,-165.15635,3.916
"4630",462.9,26.3273231578947,-165.219189189189,3.916
"4631",463,26.3221959,-165.188471910112,3.916
"4632",463.1,26.3224514285714,-165.222464646465,3.916
"4633",463.2,26.3339852631579,-165.28544,3.916
"4634",463.3,26.3107164661654,-165.192,3.916
"4635",463.4,26.3106487969925,-165.171471153846,3.916
"4636",463.5,26.28676,-165.065729166667,3.91505208333333
"4637",463.6,26.3005744360902,-165.100445544554,3.915
"4638",463.7,26.3424466165414,-165.037484848485,3.9159494949495
"4639",463.8,26.3492978947368,-164.9713,3.916
"4640",463.9,26.3614783458647,-165.159727272727,3.91772727272727
"4641",464,26.3673707518797,-165.214555555556,3.91611111111111
"4642",464.1,26.3778745112782,-165.23215,3.916
"4643",464.2,26.3868585148515,-165.11045,3.916
"4644",464.3,26.3653413636364,-165.061673267327,3.916
"4645",464.4,26.3682959090909,-165.13326,3.916
"4646",464.5,26.3985216541353,-165.145966101695,3.91679661016949
"4647",464.6,26.401829924812,-165.09887804878,3.91792682926829
"4648",464.7,26.368717920792,-164.96716,3.91612
"4649",464.8,26.3090357142857,-165.08778,3.916
"4650",464.9,26.2675921052632,-165.066457142857,3.91510476190476
"4651",465,26.27706,-165.002105263158,3.915
"4652",465.1,26.2563757894737,-165.031074074074,3.91587037037037
"4653",465.2,26.2484817,-165.131450549451,3.916
"4654",465.3,26.2489028571429,-164.892445544555,3.916
"4655",465.4,26.2706021052632,-165.163607843137,3.916
"4656",465.5,26.2707358333333,-165.045731958763,3.916
"4657",465.6,26.2728191666667,-165.09025,3.91505
"4658",465.7,26.2759968686869,-164.9524,3.91595
"4659",465.8,26.2643278947368,-164.95545,3.9141
"4660",465.9,26.2710797744361,-165.003086956522,3.91565217391304
"4661",466,26.3090134090909,-165.031823529412,3.916
"4662",466.1,26.3035058333333,-164.919483050847,3.91519491525424
"4663",466.2,26.3195052631579,-164.885506024096,3.91592771084337
"4664",466.3,26.2970541353383,-164.864111111111,3.916
"4665",466.4,26.2672994059406,-165.05425,3.91508333333333
"4666",466.5,26.2556866165414,-164.941989795918,3.91594897959184
"4667",466.6,26.2839196992481,-164.977843137255,3.91413725490196
"4668",466.7,26.2866305970149,-165.026118811881,3.91584158415842
"4669",466.8,26.2810335820895,-164.990571428571,3.9150612244898
"4670",466.9,26.2361937,-164.963313131313,3.9159494949495
"4671",467,26.2204685714286,-164.989009803922,3.916
"4672",467.1,26.2433031578947,-165.028575757576,3.916
"4673",467.2,26.2350506060606,-164.96614,3.91506
"4674",467.3,26.2508536363636,-164.88196039604,3.91593069306931
"4675",467.4,26.2304924,-164.987424528302,3.916
"4676",467.5,26.2293657894737,-164.973147058824,3.916
"4677",467.6,26.2411552631579,-164.884734693878,3.91513265306122
"4678",467.7,26.2522859090909,-164.870129032258,3.915
"4679",467.8,26.244695,-164.900411764706,3.915
"4680",467.9,26.2738657894737,-164.989367346939,3.9159387755102
"4681",468,26.264512406015,-164.93672,3.916
"4682",468.1,26.2449425742574,-164.865585858586,3.916
"4683",468.2,26.2251443609023,-164.979619047619,3.91509523809524
"4684",468.3,26.2108661654135,-164.893649484536,3.91592783505155
"4685",468.4,26.2361838636364,-164.881303030303,3.91506060606061
"4686",468.5,26.2288884090909,-164.93167826087,3.91254782608696
"4687",468.6,26.255616,-164.792523809524,3.9157619047619
"4688",468.7,26.291563030303,-164.852603960396,3.916
"4689",468.8,26.2915781818182,-164.878196078431,3.916
"4690",468.9,26.2673415151515,-164.88,3.91508
"4691",469,26.2673490909091,-164.74844,3.91592
"4692",469.1,26.2612961,-164.758357142857,3.916
"4693",469.2,26.2959805263158,-164.893989010989,3.91512087912088
"4694",469.3,26.3166496992481,-164.864221052632,3.915
"4695",469.4,26.2707577272727,-164.854353535354,3.915
"4696",469.5,26.2946516666667,-164.686454545455,3.915
"4697",469.6,26.2695218,-164.855677083333,3.915
"4698",469.7,26.2697052631579,-164.818510638298,3.915
"4699",469.8,26.2645473684211,-164.78555,3.915
"4700",469.9,26.2906183333333,-164.804490196078,3.915
"4701",470,26.2940198484848,-164.810744897959,3.91594897959184
"4702",470.1,26.3078240601504,-164.78725,3.91505
"4703",470.2,26.3073879699248,-164.78505,3.91595
"4704",470.3,26.2901692079208,-164.748401639344,3.916
"4705",470.4,26.3061626315789,-164.69364556962,3.91415189873418
"4706",470.5,26.3026513533835,-164.789584158416,3.91493069306931
"4707",470.6,26.2819521212121,-164.850545454545,3.91593939393939
"4708",470.7,26.3070127272727,-164.7271,3.91788
"4709",470.8,26.300412,-164.768155963303,3.9162752293578
"4710",470.9,26.2850447368421,-164.784315217391,3.91507608695652
"4711",471,26.2863530075188,-164.797212121212,3.915
"4712",471.1,26.2978606818182,-164.6053,3.915
"4713",471.2,26.3226258333333,-164.79604,3.91594
"4714",471.3,26.3234906,-164.747574257426,3.916
"4715",471.4,26.3418527819549,-164.631020408163,3.91505102040816
"4716",471.5,26.3021836090225,-164.42835,3.91595
"4717",471.6,26.3303066666667,-164.6099,3.91505
"4718",471.7,26.3400642424242,-164.63504950495,3.91594059405941
"4719",471.8,26.3401533834587,-164.566686868687,3.9150505050505
"4720",471.9,26.3131233082707,-164.604386138614,3.915
"4721",472,26.3150917821782,-164.58674137931,3.915
"4722",472.1,26.33714,-164.632142857143,3.915
"4723",472.2,26.3477114285714,-164.703414141414,3.915
"4724",472.3,26.3678068181818,-164.715142857143,3.91590476190476
"4725",472.4,26.3184583333333,-164.731157894737,3.91315789473684
"4726",472.5,26.308224,-164.623682242991,3.91566355140187
"4727",472.6,26.3378637593985,-164.690510638298,3.91693617021277
"4728",472.7,26.3336081203008,-164.67438,3.91512
"4729",472.8,26.3293952272727,-164.51696,3.915
"4730",472.9,26.3383725,-164.57374,3.915
"4731",473,26.3034066,-164.415636363636,3.9159494949495
"4732",473.1,26.2599383458647,-164.6616,3.91505
"4733",473.2,26.2519308270677,-164.6313,3.915
"4734",473.3,26.2617215789474,-164.464396039604,3.91594059405941
"4735",473.4,26.2567742105263,-164.48972,3.91506
"4736",473.5,26.2692944444444,-164.375212121212,3.9159494949495
"4737",473.6,26.2587129323308,-164.441425742574,3.91505940594059
"4738",473.7,26.2354648120301,-164.59358,3.91594
"4739",473.8,26.2731560902256,-164.5372,3.91506
"4740",473.9,26.2514869172932,-164.54146,3.915
"4741",474,26.2078816541353,-164.44236,3.915
"4742",474.1,26.2332801503759,-164.483,3.915
"4743",474.2,26.2450265346535,-164.6364,3.915
"4744",474.3,26.2527840601504,-164.438060606061,3.915
"4745",474.4,26.2583479699248,-164.533287128713,3.91688118811881
"4746",474.5,26.2503865909091,-164.595245614035,3.91535087719298
"4747",474.6,26.2682275,-164.397697674419,3.91406976744186
"4748",474.7,26.2726928,-164.47506,3.91494
"4749",474.8,26.2709185714286,-164.603484848485,3.915
"4750",474.9,26.3027757142857,-164.4922,3.915
"4751",475,26.2599583333333,-164.45275,3.915
"4752",475.1,26.2718143939394,-164.565752475248,3.915
"4753",475.2,26.27913,-164.36432,3.91594
"4754",475.3,26.27913,-164.37356,3.9207
"4755",475.4,26.27913,-164.3092,3.91442
"4756",475.5,26.27913,-164.4178,3.91588
"4757",475.6,26.27913,-164.403161616162,3.9150505050505
"4758",475.7,26.27913,-164.287247524752,3.915
"4759",475.8,26.27913,-164.340767676768,3.915
"4760",475.9,26.27913,-164.322366336634,3.915
"4761",476,26.27913,-164.433637931035,3.915
"4762",476.1,26.27913,-164.377357142857,3.915
"4763",476.2,26.27913,-164.297888888889,3.91405050505051
"4764",476.3,26.27913,-164.2636,3.91495
"4765",476.4,26.27913,-164.269916666667,3.915
"4766",476.5,26.27913,-164.252290322581,3.91593548387097
"4767",476.6,26.27913,-164.192655172414,3.916
"4768",476.7,26.27913,-164.198734939759,3.91506024096386
"4769",476.8,26.27913,-164.115458715596,3.915
"4770",476.9,26.27913,-164.197322580645,3.915
"4771",477,26.27913,-164.36403,3.915
"4772",477.1,26.27913,-164.450212121212,3.915
"4773",477.2,26.2836439097744,-164.302366336634,3.91406930693069
"4774",477.3,26.3073130827068,-164.356697247706,3.91655963302752
"4775",477.4,26.295254949495,-164.2392,3.91606666666667
"4776",477.5,26.3182041791045,-164.2018,3.91506
"4777",477.6,26.2880549253731,-164.130686868687,3.9159494949495
"4778",477.7,26.2645627067669,-164.21345,3.91505
"4779",477.8,26.2640739849624,-164.053396039604,3.915
"4780",477.9,26.3125151879699,-164.14828,3.915
"4781",478,26.3125377443609,-164.104701754386,3.91582456140351
"4782",478.1,26.3157159,-164.156117647059,3.91505882352941
"4783",478.2,26.3244332089552,-164.06405,3.9169
"4784",478.3,26.3076645522388,-164.004963302752,3.91525688073395
"4785",478.4,26.3351430827068,-164.177505494506,3.91594505494505
"4786",478.5,26.3512934586466,-164.243495049505,3.91411881188119
"4787",478.6,26.3288666666667,-164.146963302752,3.9148623853211
"4788",478.7,26.3349673134328,-164.018611111111,3.915
"4789",478.8,26.3525643283582,-164.065613861386,3.915
"4790",478.9,26.3663063157895,-164.042940594059,3.915
"4791",479,26.3434642105263,-164.074818181818,3.915
"4792",479.1,26.3545460606061,-164.18698,3.915
"4793",479.2,26.3203698507463,-164.041471698113,3.91322641509434
"4794",479.3,26.3111608955224,-164.078078431373,3.91558823529412
"4795",479.4,26.3237478195489,-164.049608695652,3.91319565217391
"4796",479.5,26.3284470676692,-164.06862,3.91582
"4797",479.6,26.3442503759399,-164.155086206897,3.91518965517241
"4798",479.7,26.3332954887218,-164.121857142857,3.915
"4799",479.8,26.333181,-164.175413043478,3.915
"4800",479.9,26.3308763909774,-164.178112149533,3.915
"4801",480,26.3278613533835,-164.0372,3.915
"4802",480.1,26.3462316541353,-164.10396969697,3.915
"4803",480.2,26.3323218796993,-164.2547,3.91218
"4804",480.3,26.3418972,-164.224765217391,3.91445217391304
"4805",480.4,26.3402949253731,-164.036369047619,3.91688095238095
"4806",480.5,26.3176904477612,-164.082745098039,3.91513725490196
"4807",480.6,26.3274603759399,-164.100151515152,3.915
"4808",480.7,26.2995054887218,-164.08703960396,3.915
"4809",480.8,26.2868366666667,-163.97998,3.915
"4810",480.9,26.2809813432836,-164.12917,3.915
"4811",481,26.2998619402985,-163.958940677966,3.915
"4812",481.1,26.2762276691729,-164.021111111111,3.915
"4813",481.2,26.2940096240601,-164.000315789474,3.91582456140351
"4814",481.3,26.305292,-163.994930232558,3.916
"4815",481.4,26.3104610526316,-163.98184,3.91506
"4816",481.5,26.3088821052632,-163.97724,3.915
"4817",481.6,26.292684962406,-164.04092,3.915
"4818",481.7,26.2896248120301,-164.03936,3.915
"4819",481.8,26.3008830827068,-163.931571428571,3.915
"4820",481.9,26.299687593985,-163.970916666667,3.915
"4821",482,26.2963376,-164.065181818182,3.915
"4822",482.1,26.2962125373134,-163.98264,3.91406
"4823",482.2,26.3012647761194,-163.9112,3.91588
"4824",482.3,26.3164462406015,-163.897684684685,3.91515315315315
"4825",482.4,26.298995112782,-163.92304494382,3.915
"4826",482.5,26.3244197979798,-163.97106,3.915
"4827",482.6,26.3629820895522,-164.091960784314,3.915
"4828",482.7,26.3974074626866,-163.918,3.915
"4829",482.8,26.4356627819549,-163.89825,3.915
"4830",482.9,26.4376327067669,-164.068484848485,3.915
"4831",483,26.4383392,-164.001191489362,3.915
"4832",483.1,26.4057278947368,-163.951257425743,3.91406930693069
"4833",483.2,26.3748857894737,-163.88011,3.91586
"4834",483.3,26.3687591729323,-163.88058,3.91507
"4835",483.4,26.3844358646617,-163.86054,3.915
"4836",483.5,26.4017533082707,-163.88504,3.915
"4837",483.6,26.3869337593985,-163.886060606061,3.915
"4838",483.7,26.4203711,-163.575464285714,3.915
"4839",483.8,26.4235572727273,-163.949295454545,3.915
"4840",483.9,26.4175875757576,-163.975918918919,3.91584684684685
"4841",484,26.4199430827068,-163.865255555556,3.91507777777778
"4842",484.1,26.4448754135338,-163.765447368421,3.91663157894737
"4843",484.2,26.4515085148515,-163.794604651163,3.91516279069767
"4844",484.3,26.4217082706767,-163.852545454545,3.915
"4845",484.4,26.4381593984962,-163.974198019802,3.915
"4846",484.5,26.4441666165414,-163.74492,3.915
"4847",484.6,26.423527518797,-163.541756097561,3.915
"4848",484.7,26.4017464,-163.862909090909,3.915
"4849",484.8,26.3725245112782,-163.871137614679,3.915
"4850",484.9,26.3810433082707,-163.869733333333,3.915
"4851",485,26.3773336363636,-163.823465346535,3.91593069306931
"4852",485.1,26.3917654545454,-163.789939393939,3.91412121212121
"4853",485.2,26.362325,-163.85192,3.91494
"4854",485.3,26.3555018045113,-163.829940594059,3.91593069306931
"4855",485.4,26.3583890225564,-163.878971153846,3.91510576923077
"4856",485.5,26.3732122727273,-163.831229166667,3.915
"4857",485.6,26.3686213636364,-163.815805555556,3.915
"4858",485.7,26.3705319548872,-163.757956043956,3.915
"4859",485.8,26.3506597744361,-163.802396039604,3.915
"4860",485.9,26.3486459405941,-163.644424242424,3.915
"4861",486,26.3420102255639,-163.759643564356,3.91686138613861
"4862",486.1,26.3123861654135,-163.744739130435,3.91619130434783
"4863",486.2,26.336392556391,-163.780294117647,3.91416470588235
"4864",486.3,26.3469865413534,-163.6259,3.91679
"4865",486.4,26.3241696,-163.783090909091,3.91512121212121
"4866",486.5,26.3450169924812,-163.678307692308,3.915
"4867",486.6,26.3446711278195,-163.696385542169,3.915
"4868",486.7,26.333589924812,-163.81374,3.915
"4869",486.8,26.3274696240602,-163.733514851485,3.915
"4870",486.9,26.3396075,-163.857726415094,3.91412264150943
"4871",487,26.3160703007519,-163.725387096774,3.91587096774194
"4872",487.1,26.3215515037594,-163.779945454545,3.91514545454545
"4873",487.2,26.3150533333333,-163.657787878788,3.91415151515152
"4874",487.3,26.3273866666667,-163.61275,3.914
"4875",487.4,26.3264339097744,-163.730571428571,3.91488571428571
"4876",487.5,26.2896895488722,-163.670571428571,3.915
"4877",487.6,26.3156656,-163.5523125,3.915
"4878",487.7,26.2989530827068,-163.609217821782,3.915
"4879",487.8,26.2718854135338,-163.76466,3.915
"4880",487.9,26.2877578787879,-163.684738317757,3.915
"4881",488,26.2629093939394,-163.636784946237,3.915
"4882",488.1,26.2974152475248,-163.69259,3.915
"4883",488.2,26.2937727067669,-163.69782300885,3.91582300884956
"4884",488.3,26.2841035338346,-163.763,3.91516666666667
"4885",488.4,26.31287,-163.715333333333,3.915
"4886",488.5,26.30737,-163.78902,3.915
"4887",488.6,26.3139325,-163.5308,3.915
"4888",488.7,26.334010075188,-163.756910891089,3.915
"4889",488.8,26.2891303759399,-163.552363636364,3.91406060606061
"4890",488.9,26.3081203007519,-163.633663716814,3.91732743362832
"4891",489,26.3106015037594,-163.687056818182,3.91431818181818
"4892",489.1,26.3402275,-163.57137755102,3.91494897959184
"4893",489.2,26.3288087218045,-163.61202970297,3.91311881188119
"4894",489.3,26.3017636090226,-163.571323232323,3.91489898989899
"4895",489.4,26.3018705263158,-163.66495,3.915
"4896",489.5,26.333712631579,-163.50017699115,3.915
"4897",489.6,26.3445612121212,-163.527379310345,3.915
"4898",489.7,26.3760460606061,-163.63645,3.915
"4899",489.8,26.3588155445545,-163.46245,3.91405
"4900",489.9,26.3512384210526,-163.5271,3.91305
"4901",490,26.3377121052632,-163.470618644068,3.91541525423729
"4902",490.1,26.3566636363636,-163.423134146341,3.91506097560976
"4903",490.2,26.3438454545455,-163.397485148515,3.915
"4904",490.3,26.347895,-163.427333333333,3.915
"4905",490.4,26.3503357142857,-163.322534482759,3.915
"4906",490.5,26.3194785714286,-163.34732038835,3.915
"4907",490.6,26.3302036090226,-163.472292682927,3.915
"4908",490.7,26.3309780451128,-163.49322,3.915
"4909",490.8,26.3409363636364,-163.55604,3.915
"4910",490.9,26.3624026119403,-163.511259259259,3.915
"4911",491,26.4228130597015,-163.271239130435,3.9159347826087
"4912",491.1,26.4104421804511,-163.36968,3.916
"4913",491.2,26.4379309022556,-163.36666,3.91506
"4914",491.3,26.4515734586466,-163.410188034188,3.915
"4915",491.4,26.4591072932331,-163.3825,3.915
"4916",491.5,26.4544844,-163.551,3.915
"4917",491.6,26.4771702255639,-163.43935,3.915
"4918",491.7,26.4771326315789,-163.3589,3.915
"4919",491.8,26.4406,-163.440594059406,3.91594059405941
"4920",491.9,26.4706,-163.399474747475,3.91125252525253
"4921",492,26.4515282,-163.287891089109,3.91476237623762
"4922",492.1,26.4440859701493,-163.341972972973,3.91415315315315
"4923",492.2,26.4138397014925,-163.405818181818,3.91494318181818
"4924",492.3,26.426224962406,-163.384544554455,3.915
"4925",492.4,26.4541648120301,-163.397660550459,3.915
"4926",492.5,26.4443296969697,-163.375714285714,3.915
"4927",492.6,26.4321958208955,-163.375741935484,3.915
"4928",492.7,26.4435391044776,-163.37694,3.91594
"4929",492.8,26.4512787218045,-163.390672727273,3.91429090909091
"4930",492.9,26.4462336090226,-163.284733333333,3.914
"4931",493,26.4162727272727,-163.275242990654,3.9157570093458
"4932",493.1,26.3852197014925,-163.254195652174,3.91505434782609
"4933",493.2,26.3907570149254,-163.1903,3.915
"4934",493.3,26.3661097744361,-163.30575,3.915
"4935",493.4,26.3627488721805,-163.227895833333,3.915
"4936",493.5,26.3680094736842,-163.213752212389,3.915
"4937",493.6,26.3561673684211,-163.11975,3.915
"4938",493.7,26.3466025,-163.258272727273,3.91310101010101
"4939",493.8,26.3535964661654,-163.057188118812,3.91205940594059
"4940",493.9,26.3359423308271,-163.17325,3.91471153846154
"4941",494,26.3527007518797,-163.1635625,3.9140625
"4942",494.1,26.3739037593985,-163.072747474748,3.9149494949495
"4943",494.2,26.3732541414141,-163.051069306931,3.915
"4944",494.3,26.3810820895522,-163.156343434343,3.915
"4945",494.4,26.3723208955224,-163.113302521008,3.915
"4946",494.5,26.3440078195489,-163.213689655172,3.915
"4947",494.6,26.3330378947368,-163.093659574468,3.915
"4948",494.7,26.3080275,-163.038047619048,3.91409523809524
"4949",494.8,26.3014030597015,-163.140052631579,3.91305263157895
"4950",494.9,26.3224552985075,-163.014676470588,3.91486274509804
"4951",495,26.3615566165414,-163.062887755102,3.91310204081633
"4952",495.1,26.3551430827068,-163.089514851485,3.91488118811881
"4953",495.2,26.3878140151515,-163.05058,3.915
"4954",495.3,26.4036700757576,-163.132505050505,3.915
"4955",495.4,26.434075,-163.211509803922,3.915
"4956",495.5,26.425395037594,-163.024424242424,3.915
"4957",495.6,26.4291544360902,-162.972121212121,3.915
"4958",495.7,26.4254318796992,-163.0308,3.91405
"4959",495.8,26.4334018045113,-162.98697029703,3.91305940594059
"4960",495.9,26.4587123762376,-163.008686868687,3.91584848484848
"4961",496,26.4656077443609,-163.1012,3.91315
"4962",496.1,26.4449836842105,-162.89605,3.9149
"4963",496.2,26.4129680597015,-162.83655,3.915
"4964",496.3,26.4079605970149,-162.769833333333,3.915
"4965",496.4,26.4308476,-162.916206896552,3.915
"4966",496.5,26.4127802255639,-162.916990990991,3.915
"4967",496.6,26.4301561654135,-162.989511363636,3.915
"4968",496.7,26.4290015037594,-162.924147058824,3.91406862745098
"4969",496.8,26.429407518797,-162.8446,3.91493
"4970",496.9,26.4378725,-162.900683673469,3.91594897959184
"4971",497,26.4372319548872,-162.920764705882,3.91506862745098
"4972",497.1,26.4143597744361,-162.902071428571,3.915
"4973",497.2,26.3919743939394,-162.937272727273,3.915
"4974",497.3,26.3928759090909,-162.866406593407,3.915
"4975",497.4,26.3878440601504,-162.998676767677,3.915
"4976",497.5,26.4148590977444,-162.899712871287,3.915
"4977",497.6,26.4381885,-162.9635,3.91406
"4978",497.7,26.4345151492537,-162.935717171717,3.914
"4979",497.8,26.3950897761194,-162.9853,3.91495
"4980",497.9,26.3819564661654,-162.8569,3.915
"4981",498,26.3812121052632,-162.7151,3.915
"4982",498.1,26.3634412,-162.87045,3.915
"4983",498.2,26.4159581954887,-163.013117647059,3.915
"4984",498.3,26.4112589473684,-162.72075,3.915
"4985",498.4,26.4022297744361,-162.890575757576,3.915
"4986",498.5,26.3886733834586,-162.76764,3.915
"4987",498.6,26.4217764,-162.806465346535,3.91406930693069
"4988",498.7,26.4242906015038,-162.82395,3.91493
"4989",498.8,26.4065236842105,-162.647157894737,3.915
"4990",498.9,26.404423030303,-162.735483516484,3.91413186813187
"4991",499,26.3946654545454,-162.691084210526,3.91492631578947
"4992",499.1,26.414215037594,-162.715729508197,3.915
"4993",499.2,26.3929744360902,-162.775974358974,3.915
"4994",499.3,26.4229644,-162.890756756757,3.915
"4995",499.4,26.4007547727273,-162.816954545455,3.915
"4996",499.5,26.3755502272727,-162.912294117647,3.915
"4997",499.6,26.4325715789474,-162.815857142857,3.9140612244898
"4998",499.7,26.4135415037594,-162.720584158416,3.914
"4999",499.8,26.3963538613861,-162.7512,3.91484545454545
"5000",499.9,26.4056663909774,-162.645357142857,3.91330612244898
"5001",500,26.3967641353383,-162.751576086957,3.91484782608696
"5002",500.1,26.3937641353383,-162.592909090909,3.915
"5003",500.2,26.4052979699248,-162.61866,3.915
"5004",500.3,26.4213452,-162.77328,3.915
"5005",500.4,26.4164057142857,-162.72566,3.915
"5006",500.5,26.42012,-162.66842,3.915
"5007",500.6,26.3903998484849,-162.64902,3.915
"5008",500.7,26.4219377272727,-162.707965517241,3.91581034482759
"5009",500.8,26.4083979,-162.564142857143,3.91507142857143
"5010",500.9,26.4209351879699,-162.706823529412,3.915
"5011",501,26.4247321804511,-162.723755102041,3.915
"5012",501.1,26.4314818181818,-162.648613861386,3.915
"5013",501.2,26.4134515151515,-162.631485714286,3.915
"5014",501.3,26.3933642105263,-162.750421052632,3.91407368421053
"5015",501.4,26.3828078195489,-162.817303030303,3.91493939393939
"5016",501.5,26.3769732673267,-162.69222,3.915
"5017",501.6,26.3952219548872,-162.586277227723,3.91406930693069
"5018",501.7,26.4057106766917,-162.655090909091,3.91306060606061
"5019",501.8,26.3987296240602,-162.699166666667,3.91378333333333
"5020",501.9,26.3641356390977,-162.601283950617,3.91491358024691
"5021",502,26.3839792,-162.67191,3.915
"5022",502.1,26.3657734586466,-162.73845,3.915
"5023",502.2,26.3606381203008,-162.82763,3.915
"5024",502.3,26.3350581818182,-162.789848484849,3.915
"5025",502.4,26.3494218181818,-162.743074766355,3.9141214953271
"5026",502.5,26.3600474,-162.769741935484,3.91212903225806
"5027",502.6,26.396100075188,-162.5182,3.9167
"5028",502.7,26.4306188721805,-162.624568627451,3.9151568627451
"5029",502.8,26.4145293181818,-162.650923076923,3.915
"5030",502.9,26.3907490151515,-162.612666666667,3.91408333333333
"5031",503,26.4180775,-162.605356435644,3.91491089108911
"5032",503.1,26.4176608333333,-162.621058823529,3.915
"5033",503.2,26.4165,-162.697166666667,3.915
"5034",503.3,26.3960426315789,-162.62581,3.91407
"5035",503.4,26.4235163157895,-162.701700934579,3.914
"5036",503.5,26.4140557575758,-162.474618556701,3.91222680412371
"5037",503.6,26.4515406060606,-162.617594059406,3.91376237623762
"5038",503.7,26.4506634653465,-162.454810526316,3.914
"5039",503.8,26.4500457894737,-162.547431034483,3.91560344827586
"5040",503.9,26.4390307518797,-162.614333333333,3.91508333333333
"5041",504,26.4671809090909,-162.628333333333,3.915
"5042",504.1,26.4553324242424,-162.608565217391,3.915
"5043",504.2,26.4540035,-162.614223529412,3.915
"5044",504.3,26.4519272932331,-162.56142,3.915
"5045",504.4,26.4062506015037,-162.602844036697,3.9141376146789
"5046",504.5,26.3927363636364,-162.616467391304,3.91584782608696
"5047",504.6,26.3961303030303,-162.545882352941,3.91417647058824
"5048",504.7,26.4159554545455,-162.556694444444,3.91568518518519
"5049",504.8,26.4112478947368,-162.538451923077,3.91520192307692
"5050",504.9,26.4163832330827,-162.533908045977,3.915
"5051",505,26.4054139393939,-162.63901010101,3.915
"5052",505.1,26.3717851515152,-162.79394,3.915
"5053",505.2,26.3897315151515,-162.60598,3.91407
"5054",505.3,26.4587012121212,-162.548727272727,3.91476859504132
"5055",505.4,26.4255748514851,-162.5063,3.915
"5056",505.5,26.4169252631579,-162.537383838384,3.91314141414141
"5057",505.6,26.4261583458647,-162.354939393939,3.91581818181818
"5058",505.7,26.4325951515152,-162.478881188119,3.91320792079208
"5059",505.8,26.4560421212121,-162.43506,3.91393
"5060",505.9,26.4550864,-162.428181818182,3.91493939393939
"5061",506,26.4360610447761,-162.511089285714,3.915
"5062",506.1,26.4239267164179,-162.428425531915,3.91412765957447
"5063",506.2,26.42352,-162.560978723404,3.914
"5064",506.3,26.4383771428571,-162.528607843137,3.914
"5065",506.4,26.4535954545455,-162.346632653061,3.91118367346939
"5066",506.5,26.4483652238806,-162.343376237624,3.91565346534653
"5067",506.6,26.457633880597,-162.329909090909,3.91412121212121
"5068",506.7,26.4563852631579,-162.399295652174,3.914
"5069",506.8,26.4580469172932,-162.372247058824,3.914
"5070",506.9,26.4512126315789,-162.475901960784,3.91492156862745
"5071",507,26.4342577443609,-162.540921568627,3.915
"5072",507.1,26.455374,-162.4373125,3.915
"5073",507.2,26.4459615037594,-162.49016,3.91406
"5074",507.3,26.4446908270677,-162.440549019608,3.914
"5075",507.4,26.4145716541353,-162.422857142857,3.914
"5076",507.5,26.4174739097744,-162.41824,3.914
"5077",507.6,26.4280247,-162.5684,3.91494
"5078",507.7,26.4120920895522,-162.505405940594,3.915
"5079",507.8,26.3928234328358,-162.604272727273,3.915
"5080",507.9,26.408462631579,-162.424843137255,3.915
"5081",508,26.4076506015038,-162.595816326531,3.915
"5082",508.1,26.3970454545455,-162.404333333333,3.915
"5083",508.2,26.4008680597015,-162.308269230769,3.915
"5084",508.3,26.4030397014925,-162.343333333333,3.915
"5085",508.4,26.3936078947368,-162.319333333333,3.91592708333333
"5086",508.5,26.4421718045113,-162.32072,3.91507
"5087",508.6,26.3968282828283,-162.22521,3.91593
"5088",508.7,26.397997238806,-162.351742857143,3.916
"5089",508.8,26.4017808208955,-162.224111111111,3.91511111111111
"5090",508.9,26.3914723308271,-162.338094736842,3.915
"5091",509,26.3766527819549,-162.453653846154,3.915
"5092",509.1,26.3822520300752,-162.2503125,3.915
"5093",509.2,26.4190866165414,-162.403524752475,3.915
"5094",509.3,26.3842447,-162.476277777778,3.91413888888889
"5095",509.4,26.3807215789474,-162.453096774194,3.91491397849462
"5096",509.5,26.4140373684211,-162.371939393939,3.915
"5097",509.6,26.3924781954887,-162.33996,3.91407
"5098",509.7,26.4124030075188,-162.306693069307,3.914
"5099",509.8,26.3745372727273,-162.13472,3.91492
"5100",509.9,26.3957592537313,-162.13564,3.91408
"5101",510,26.4389234328358,-162.312636363636,3.91492929292929
"5102",510.1,26.4267896240602,-162.153811881188,3.915
"5103",510.2,26.4158572932331,-162.27792,3.915
"5104",510.3,26.4082232,-162.156693877551,3.915
"5105",510.4,26.3937157894737,-162.12356,3.91406
"5106",510.5,26.4288436090226,-162.1267,3.914
"5107",510.6,26.4292230075188,-162.213643478261,3.91481739130435
"5108",510.7,26.4126816541353,-162.176701149425,3.91409195402299
"5109",510.8,26.4243452631579,-162.099653061225,3.9149387755102
"5110",510.9,26.4783978947368,-162.190724770642,3.9141376146789
"5111",511,26.5031584,-162.109913043478,3.914
"5112",511.1,26.4608344360902,-162.197762376238,3.914
"5113",511.2,26.481082556391,-162.077757575758,3.914
"5114",511.3,26.4495389473684,-162.0494,3.91230909090909
"5115",511.4,26.4098021052632,-162.051533333333,3.91476666666667
"5116",511.5,26.431208,-162.100801980198,3.915
"5117",511.6,26.4178029850746,-162.304797979798,3.915
"5118",511.7,26.4371462686567,-162.06146,3.91407
"5119",511.8,26.4584259398496,-162.10989,3.91493
"5120",511.9,26.4127567669173,-162.149875,3.91416964285714
"5121",512,26.389672,-162.050048543689,3.914
"5122",512.1,26.38844,-162.0808,3.914
"5123",512.2,26.4087257142857,-162.131684210526,3.91492631578947
"5124",512.3,26.3940066165414,-162.049515151515,3.91406060606061
"5125",512.4,26.3896156390977,-162.13706,3.914
"5126",512.5,26.371998,-162.027240740741,3.91487037037037
"5127",512.6,26.3730820300752,-162.034967741936,3.915
"5128",512.7,26.3959166165413,-162.092980582524,3.91409708737864
"5129",512.8,26.4006726315789,-162.138056603774,3.914
"5130",512.9,26.4045147368421,-162.158695652174,3.914
"5131",513,26.3977153383459,-162.222262626263,3.914
"5132",513.1,26.3651664661654,-162.146212121212,3.914
"5133",513.2,26.3780253465347,-162.019884615385,3.914
"5134",513.3,26.3736656818182,-162.072204081633,3.91491836734694
"5135",513.4,26.4119611363636,-162.053838383838,3.91407070707071
"5136",513.5,26.3882852631579,-162.040727272727,3.91493939393939
"5137",513.6,26.3769694736842,-162.0729,3.91406
"5138",513.7,26.405765,-162.047148148148,3.914
"5139",513.8,26.4280092481203,-162.076652173913,3.914
"5140",513.9,26.410340075188,-162.094666666667,3.914
"5141",514,26.4215363909774,-162.19841509434,3.914
"5142",514.1,26.4307243609023,-162.202782608696,3.914
"5143",514.2,26.4213288,-162.047504950495,3.91493069306931
"5144",514.3,26.3986272180451,-162.116787878788,3.91593939393939
"5145",514.4,26.3969279699248,-161.9434,3.91412
"5146",514.5,26.4007715151515,-161.934660377359,3.914
"5147",514.6,26.3799836363636,-161.895168421053,3.914
"5148",514.7,26.4007123308271,-161.83806,3.914
"5149",514.8,26.4324867669173,-162.05441,3.914
"5150",514.9,26.4519379,-162.09401980198,3.914
"5151",515,26.4401577272727,-162.091115044248,3.91481415929204
"5152",515.1,26.4554834848485,-161.853918604651,3.91408139534884
"5153",515.2,26.425825,-161.87113,3.91214
"5154",515.3,26.4139083333333,-161.95026,3.91758
"5155",515.4,26.4456297029703,-162.03876146789,3.9145871559633
"5156",515.5,26.4422676691729,-162.041130434783,3.91308695652174
"5157",515.6,26.4324932330827,-162.030707070707,3.91392929292929
"5158",515.7,26.4265606766917,-161.98303960396,3.914
"5159",515.8,26.4418388721804,-161.9836,3.914
"5160",515.9,26.4349456,-161.888560747664,3.914
"5161",516,26.4329105263158,-161.86111827957,3.914
"5162",516.1,26.4172338345865,-161.930138613861,3.91582178217822
"5163",516.2,26.4122904580153,-161.817505050505,3.91232323232323
"5164",516.3,26.4016492366412,-161.91648,3.91384
"5165",516.4,26.407078,-161.81928,3.91308
"5166",516.5,26.4440436842105,-161.76768,3.91392
"5167",516.6,26.451622631579,-161.840514851485,3.914
"5168",516.7,26.4344277443609,-161.798363636364,3.914
"5169",516.8,26.4234202255639,-161.80504,3.914
"5170",516.9,26.4394691729323,-161.82624,3.914
"5171",517,26.4110330827067,-161.84548,3.91492
"5172",517.1,26.40655,-161.7918,3.91592
"5173",517.2,26.4166183969466,-161.72536,3.91324
"5174",517.3,26.4170611450382,-161.772456140351,3.91461403508772
"5175",517.4,26.4059709090909,-161.7110625,3.915
"5176",517.5,26.4102739393939,-161.683865168539,3.915
"5177",517.6,26.3758181,-161.790732673267,3.91407920792079
"5178",517.7,26.3819696992481,-161.77332,3.914
"5179",517.8,26.3828719548872,-161.81608,3.914
"5180",517.9,26.3856031818182,-161.894693069307,3.914
"5181",518,26.4152471212121,-161.894646464646,3.914
"5182",518.1,26.456095,-161.730950495049,3.914
"5183",518.2,26.4511935338346,-161.767393939394,3.91308080808081
"5184",518.3,26.4452386466165,-161.618059405941,3.91391089108911
"5185",518.4,26.4172086363636,-161.649878787879,3.91491919191919
"5186",518.5,26.4291707575758,-161.608,3.91408
"5187",518.6,26.4274469696969,-161.56168,3.914
"5188",518.7,26.4044471641791,-161.57824,3.914
"5189",518.8,26.4237605970149,-161.700551724138,3.914
"5190",518.9,26.4332041353383,-161.765476190476,3.914
"5191",519,26.4327981203008,-161.692622641509,3.914
"5192",519.1,26.4293718796993,-161.585752688172,3.9130752688172
"5193",519.2,26.4547327819549,-161.71378,3.91207
"5194",519.3,26.4448805,-161.61705,3.91386
"5195",519.4,26.4330537593985,-161.543352941176,3.914
"5196",519.5,26.4537755639098,-161.633352941176,3.914
"5197",519.6,26.4556777443609,-161.570833333333,3.914
"5198",519.7,26.4476702255639,-161.6208,3.914
"5199",519.8,26.463936,-161.60454,3.914
"5200",519.9,26.4511196992481,-161.676852941176,3.914
"5201",520,26.4370520300752,-161.598515151515,3.91308080808081
"5202",520.1,26.4758630827068,-161.769534653466,3.91482178217822
"5203",520.2,26.4793066917293,-161.535141414142,3.91408080808081
"5204",520.3,26.4768103030303,-161.64088,3.91308
"5205",520.4,26.4755913432836,-161.540484848485,3.91392929292929
"5206",520.5,26.5033376119403,-161.545811881188,3.914
"5207",520.6,26.4890266165414,-161.581598290598,3.914
"5208",520.7,26.5021769924812,-161.675939759036,3.914
"5209",520.8,26.5102868421053,-161.496353535354,3.91492929292929
"5210",520.9,26.5047605263158,-161.515735294118,3.91408823529412
"5211",521,26.4876742,-161.540357142857,3.914
"5212",521.1,26.4994920300752,-161.363366336634,3.91215841584158
"5213",521.2,26.5024018045113,-161.436356435644,3.91382178217822
"5214",521.3,26.5188862406015,-161.495142857143,3.914
"5215",521.4,26.5121644360902,-161.496237623762,3.91492079207921
"5216",521.5,26.5118546464647,-161.4914,3.91408
"5217",521.6,26.5306288059701,-161.416656565657,3.914
"5218",521.7,26.5288750746269,-161.560575,3.914
"5219",521.8,26.5139270676692,-161.5556375,3.914
"5220",521.9,26.5147240601504,-161.445083333333,3.914
"5221",522,26.5026184848485,-161.288161290322,3.91308602150538
"5222",522.1,26.5010109701493,-161.31272,3.913
"5223",522.2,26.5362721641791,-161.210857142857,3.913
"5224",522.3,26.4751866165414,-161.383965811966,3.91460683760684
"5225",522.4,26.4253369924812,-161.431710843374,3.91407228915663
"5226",522.5,26.4450534343434,-161.24494,3.914
"5227",522.6,26.4288491044776,-161.396801980198,3.914
"5228",522.7,26.4409088059701,-161.480538461538,3.914
"5229",522.8,26.4494619548872,-161.500125,3.914
"5230",522.9,26.4329055639098,-161.490570093458,3.9148691588785
"5231",523,26.4300939849624,-161.432836734694,3.915
"5232",523.1,26.4515751879699,-161.47872631579,3.915
"5233",523.2,26.455022,-161.34443,3.91314
"5234",523.3,26.4801129850746,-161.33214,3.91486
"5235",523.4,26.4892473134328,-161.26225,3.91407
"5236",523.5,26.4820469172932,-161.293314285714,3.914
"5237",523.6,26.472295037594,-161.370252631579,3.914
"5238",523.7,26.4549281818182,-161.369424242424,3.914
"5239",523.8,26.4430050746269,-161.2186,3.914
"5240",523.9,26.4326020895522,-161.341158415842,3.914
"5241",524,26.4516557894737,-161.26358,3.914
"5242",524.1,26.4942873684211,-161.27203030303,3.914
"5243",524.2,26.4616805050505,-161.368678571429,3.91567857142857
"5244",524.3,26.4642849253731,-161.309270833333,3.91514583333333
"5245",524.4,26.4664565671642,-161.278239130435,3.9140652173913
"5246",524.5,26.4363609022556,-161.32776,3.914
"5247",524.6,26.4334887218045,-161.065691588785,3.914
"5248",524.7,26.4777361654135,-161.296891089109,3.914
"5249",524.8,26.4554429323308,-161.420451612903,3.9130752688172
"5250",524.9,26.4346456,-161.40189,3.91393
"5251",525,26.4536432330827,-161.281217821782,3.91307920792079
"5252",525.1,26.4591845864662,-161.31792,3.91392
"5253",525.2,26.4771506766917,-161.28296969697,3.914
"5254",525.3,26.4614965413534,-161.27535,3.914
"5255",525.4,26.4458984,-161.254155172414,3.914
"5256",525.5,26.4394406766917,-161.137674698795,3.914
"5257",525.6,26.4407865413534,-161.264881188119,3.914
"5258",525.7,26.4363031578947,-161.252454545455,3.914
"5259",525.8,26.4612505263158,-161.311495049505,3.91493069306931
"5260",525.9,26.4729646,-161.203376146789,3.91414678899083
"5261",526,26.4325815037594,-161.16,3.91584615384615
"5262",526.1,26.4410702255639,-161.085666666667,3.91412121212121
"5263",526.2,26.4523923308271,-161.236745098039,3.9158431372549
"5264",526.3,26.4468058646617,-161.043696969697,3.91414141414142
"5265",526.4,26.410244,-161.12565,3.914
"5266",526.5,26.3907288721805,-161.20275,3.914
"5267",526.6,26.4228190977444,-161.234686956522,3.914
"5268",526.7,26.4117257142857,-161.130882352941,3.914
"5270",526.9,26.4152151879699,-161.05937,3.914
"5272",527.1,26.426591980198,-161.242522727273,3.915
"5273",527.2,26.4300209774436,-161.229946428571,3.91416071428571
"5274",527.3,26.4477427819549,-161.17608988764,3.914
"5275",527.4,26.4166407518797,-161.168242424242,3.914
"5276",527.5,26.4275806015038,-161.193128712871,3.914
"5277",527.6,26.4307352,-161.187103773585,3.914
"5278",527.7,26.4135934586466,-161.098074468085,3.914
"5279",527.8,26.3959167669173,-161.20074,3.914
"5280",527.9,26.4041551879699,-161.23132,3.91586
"5282",528.1,26.4078308,-161.0874375,3.913
"5283",528.2,26.4115788,-161.123206896552,3.91393103448276
"5284",528.3,26.38352,-161.02924,3.914
"5285",528.4,26.3908284210526,-161.012762376238,3.914
"5286",528.5,26.4423547368421,-160.95341,3.914
"5287",528.6,26.4654387218045,-161.114333333333,3.914
"5288",528.7,26.5203409774436,-161.10526,3.914
"5289",528.8,26.5310184,-160.91694,3.914
"5290",528.9,26.50996,-161.025059405941,3.91213861386138
"5292",529.1,26.5055115151515,-161.077881188119,3.91492079207921
"5294",529.3,26.502177,-161.153885416667,3.914
"5295",529.4,26.5109713533835,-161.0328,3.914
"5297",529.6,26.5017578787879,-161.157894736842,3.914
"5299",529.8,26.520512,-161.184212121212,3.914
"5300",529.9,26.5039104511278,-161.165594059406,3.914
"5301",530,26.5224743609023,-161.00404,3.914
"5302",530.1,26.5127584848485,-161.07198,3.91493
"5304",530.3,26.5109744,-160.945096774194,3.914
"5305",530.4,26.4822284,-161.010217821782,3.914
"5306",530.5,26.4967631683168,-161.059242718447,3.914
"5307",530.6,26.4875615909091,-161.080363636364,3.914
"5308",530.7,26.4578570454546,-161.024090909091,3.914
"5309",530.8,26.4654610606061,-160.862886363636,3.91492045454545
"5310",530.9,26.467658030303,-160.915757575758,3.91406060606061
"5311",531,26.4623796,-160.933672727273,3.91314545454545
"5312",531.1,26.4558376691729,-160.957466666667,3.913
"5313",531.2,26.4964241353383,-160.997807339449,3.9138623853211
"5314",531.3,26.45966,-160.837541666667,3.914
"5316",531.5,26.4328833,-160.881831683168,3.914
"5317",531.6,26.4507226315789,-160.892450980392,3.91309803921569
"5319",531.8,26.4264863157895,-160.99335483871,3.9159247311828
"5321",532,26.3979964,-160.989121212121,3.91393939393939
"5322",532.1,26.412138,-160.98606,3.914
"5323",532.2,26.4116712,-160.9484,3.914
"5324",532.3,26.4232648484849,-160.946,3.914
"5326",532.5,26.411254962406,-160.973128712871,3.914
"5328",532.7,26.4080545,-160.85899009901,3.91315841584158
"5329",532.8,26.39415,-160.856222222222,3.913
"5330",532.9,26.3695925,-160.97325,3.91393
"5331",533,26.4027,-160.863217821782,3.91307920792079
"5332",533.1,26.4271853731343,-160.91897979798,3.91392929292929
"5333",533.2,26.4243248,-160.83937,3.914
"5334",533.3,26.4113563909774,-160.77813,3.914
"5335",533.4,26.4027455882353,-160.750294117647,3.914
"5336",533.5,26.395265,-160.781336633663,3.914
"5337",533.6,26.4157135294117,-160.736326530612,3.91491836734694
"5338",533.7,26.394818,-160.814882882883,3.91748648648649
"5339",533.8,26.4027286,-160.697303370787,3.91344943820225
"5340",533.9,26.4602243564357,-160.729544554455,3.913
"5341",534,26.4941945454546,-160.789151515152,3.91391919191919
"5343",534.2,26.5259308,-160.872139130435,3.914
"5344",534.3,26.55541,-160.846139534884,3.914
"5345",534.4,26.5506664,-160.79676,3.914
"5346",534.5,26.5281706060606,-160.81508,3.91308
"5348",534.7,26.5399826717557,-160.797443298969,3.91685567010309
"5349",534.8,26.5309734328358,-160.6821,3.91421
"5350",534.9,26.5305406,-160.734725663717,3.91564601769912
"5351",535,26.5429304511278,-160.710727272727,3.91418181818182
"5352",535.1,26.5528652941176,-160.738595959596,3.914
"5353",535.2,26.5505075,-160.627742574257,3.914
"5354",535.3,26.5484580597015,-160.709155963303,3.914
"5355",535.4,26.5549862,-160.763395604396,3.914
"5356",535.5,26.5654069172932,-160.84888,3.914
"5357",535.6,26.5804589552239,-160.7824,3.91308
"5358",535.7,26.5760725757576,-160.62604,3.913
"5359",535.8,26.5730220588235,-160.68752,3.91392
"5360",535.9,26.5472136,-160.73908,3.91308
"5361",536,26.4972104,-160.745787878788,3.91392929292929
"5362",536.1,26.4872644554455,-160.76646,3.914
"5363",536.2,26.492725,-160.720118811881,3.914
"5364",536.3,26.4822655882353,-160.741090909091,3.914
"5365",536.4,26.4829125,-160.755025862069,3.914
"5366",536.5,26.49214,-160.7888,3.914
"5367",536.6,26.5104196,-160.591272727273,3.91307070707071
"5368",536.7,26.4880111278196,-160.57786,3.913
"5369",536.8,26.4574540298507,-160.55754,3.91393
"5370",536.9,26.4538963636364,-160.70666,3.914
"5371",537,26.4467194029851,-160.625,3.914
"5372",537.1,26.4583845,-160.58359,3.914
"5373",537.2,26.4737207462687,-160.629801980198,3.914
"5374",537.3,26.4627902941176,-160.74072,3.91308
"5375",537.4,26.47901,-160.637653846154,3.91388461538462
"5376",537.5,26.4792217647059,-160.593935779816,3.91319266055046
"5377",537.6,26.4737087,-160.604917525773,3.913
"5378",537.7,26.4754596,-160.593337078652,3.913
"5379",537.8,26.4703798019802,-160.494571428571,3.91388571428571
"5380",537.9,26.4972658646617,-160.552762886598,3.914
"5381",538,26.5195966917293,-160.53179,3.914
"5382",538.1,26.5008304040404,-160.744090909091,3.914
"5383",538.2,26.4718716,-160.40696,3.914
"5384",538.3,26.4913233333333,-160.67684,3.914
"5385",538.4,26.5172223308271,-160.656535353535,3.914
"5386",538.5,26.5352913432836,-160.62324,3.91214
"5387",538.6,26.4985725757576,-160.662941176471,3.9174705882353
"5388",538.7,26.5298147761194,-160.733181818182,3.91340404040404
"5389",538.8,26.526361,-160.59403030303,3.91392929292929
"5390",538.9,26.5049036842105,-160.529026785714,3.914
"5391",539,26.5243314705882,-160.557638297872,3.914
"5392",539.1,26.5159903030303,-160.630638297872,3.914
"5393",539.2,26.5015214925373,-160.11799,3.914
"5394",539.3,26.504339,-160.560756756757,3.914
"5395",539.4,26.4979889473684,-160.561066666667,3.914
"5396",539.5,26.5000965671642,-160.4876,3.914
"5397",539.6,26.5238990151515,-160.411436893204,3.914
"5398",539.7,26.5462204411765,-160.472731958763,3.9130824742268
"5399",539.8,26.5318705,-160.588405405405,3.91382882882883
"5400",539.9,26.496329,-160.474483146067,3.914
"5401",540,26.4972920792079,-160.55852,3.914
"5402",540.1,26.5082404511278,-159.849585858585,3.914
"5403",540.2,26.5181667164179,-160.591485148515,3.91307920792079
"5404",540.3,26.5181233333333,-160.612357142857,3.91382142857143
"5405",540.4,26.5239314925373,-160.651655172414,3.914
"5406",540.5,26.5237165,-160.532911764706,3.91217647058824
"5407",540.6,26.5390963157895,-160.534928571429,3.912
"5408",540.7,26.5157159701493,-160.537754716981,3.9146320754717
"5409",540.8,26.5152152631579,-160.580647058824,3.91329411764706
"5410",540.9,26.5321007462687,-160.535210526316,3.91389473684211
"5411",541,26.5009873737374,-160.46012244898,3.914
"5412",541.1,26.5089159701492,-160.12556,3.914
"5413",541.2,26.4942050746268,-160.70788,3.914
"5414",541.3,26.5388568421053,-160.664619047619,3.914
"5415",541.4,26.5519232352941,-160.500810526316,3.91216842105263
"5416",541.5,26.5357641414141,-160.4481875,3.9134375
"5417",541.6,26.5264044554455,-160.537563380282,3.91219718309859
"5418",541.7,26.5192728,-160.583069306931,3.91292079207921
"5419",541.8,26.5319678947368,-160.609,3.91392
"5420",541.9,26.5179829850746,-160.502603960396,3.914
"5421",542,26.5138624242424,-160.57663,3.914
"5422",542.1,26.5378115841584,-160.754448275862,3.914
"5423",542.2,26.5549784848485,-160.654370786517,3.914
"5424",542.3,26.5541721052632,-160.618677419355,3.914
"5425",542.4,26.5555941791045,-160.50082,3.91586
"5426",542.5,26.5472036842105,-160.367088235294,3.91417647058824
"5427",542.6,26.5447697014925,-160.4525,3.914
"5428",542.7,26.5411074747475,-160.45535,3.91586
"5429",542.8,26.549264477612,-160.60845,3.91414
"5430",542.9,26.5251056716418,-160.390722772277,3.914
"5431",543,26.5222084210526,-160.448131313131,3.914
"5432",543.1,26.5005489552239,-160.47911,3.914
"5433",543.2,26.5417374747475,-160.43915,3.914
"5434",543.3,26.5415195522388,-160.378910891089,3.91307920792079
"5435",543.4,26.5834396969697,-160.44668,3.913
"5436",543.5,26.5823695488722,-160.23128,3.91392
"5437",543.6,26.5636991176471,-160.3808,3.9132
"5438",543.7,26.5623587878788,-160.468833333333,3.91391666666667
"5439",543.8,26.5393631683168,-160.451018181818,3.914
"5440",543.9,26.551583,-160.387714285714,3.914
"5441",544,26.5625363157895,-160.30748,3.914
"5442",544.1,26.5492395522388,-160.38196,3.914
"5443",544.2,26.5622973684211,-160.320418181818,3.91316363636364
"5444",544.3,26.5280568656717,-160.304235955056,3.91392134831461
"5445",544.4,26.4972274747475,-160.282821782178,3.914
"5446",544.5,26.4954237593985,-160.225435643564,3.91491089108911
"5447",544.6,26.5194641791045,-160.166142857143,3.91314285714286
"5448",544.7,26.5311577443609,-160.3294,3.91393
"5449",544.8,26.5160853731343,-160.34386,3.914
"5450",544.9,26.5051468,-160.31424,3.914
"5451",545,26.5020191729323,-160.21528,3.914
"5452",545.1,26.5075837313433,-160.21172,3.91307
"5453",545.2,26.463987443609,-160.328644067797,3.91378813559322
"5454",545.3,26.4726472058823,-160.380294117647,3.914
"5455",545.4,26.487814,-160.381144329897,3.91214432989691
"5456",545.5,26.4599585,-160.219972222222,3.91372222222222
"5457",545.6,26.4835415,-160.325612903226,3.914
"5458",545.7,26.4995415789474,-160.298330275229,3.914
"5459",545.8,26.5060810447761,-160.336822916667,3.914
"5460",545.9,26.521567,-160.498268041237,3.914
"5461",546,26.5027785,-160.586714285714,3.914
"5462",546.1,26.4949295959596,-160.54792,3.914
"5463",546.2,26.4741576691729,-160.54308,3.914
"5464",546.3,26.4932820895522,-160.388309734513,3.91562831858407
"5465",546.4,26.536287368421,-160.305430107527,3.91345161290323
"5466",546.5,26.5668979104478,-160.322892473118,3.913
"5467",546.6,26.571012,-160.36778,3.91486
"5468",546.7,26.5701138345865,-160.38867,3.91407
"5469",546.8,26.5407435820896,-160.27654,3.914
"5470",546.9,26.5444681203008,-160.227485148515,3.91307920792079
"5471",547,26.5481526865672,-160.247,3.913
"5472",547.1,26.5603472,-160.225316831683,3.913
"5473",547.2,26.558944962406,-160.176571428571,3.913
"5474",547.3,26.5731372727273,-160.14789,3.91486
"5475",547.4,26.5607064661654,-160.147722222222,3.91155555555556
"5476",547.5,26.5574094117647,-160.26864516129,3.91374193548387
"5477",547.6,26.5518916,-160.23032,3.91308
"5478",547.7,26.544252,-160.1938,3.913
"5479",547.8,26.5378548,-160.151831683168,3.913
"5480",547.9,26.5337465413534,-160.21898,3.91391
"5481",548,26.5545486567164,-160.22937037037,3.91315740740741
"5482",548.1,26.5567822556391,-160.219054945055,3.913
"5483",548.2,26.5700940298508,-160.128732673267,3.91391089108911
"5484",548.3,26.5481568,-160.157686868687,3.91583838383838
"5485",548.4,26.5549854545455,-160.183780952381,3.91424761904762
"5486",548.5,26.5333235820895,-160.248085106383,3.914
"5487",548.6,26.5187711278196,-160.231821782178,3.914
"5488",548.7,26.5501492537313,-160.190344827586,3.91320689655172
"5489",548.8,26.5605669,-160.118709677419,3.913
"5490",548.9,26.5406209774436,-160.252758241758,3.913
"5491",549,26.4866235294118,-160.21548,3.913
"5492",549.1,26.50032,-160.174757575758,3.913
"5493",549.2,26.5339935294118,-160.18967,3.91486
"5494",549.3,26.4833616,-160.25517,3.91314
"5495",549.4,26.4928878195489,-160.19769,3.913
"5496",549.5,26.5206429850746,-160.210884615385,3.91389423076923
"5497",549.6,26.4957890909091,-160.16987628866,3.914
"5498",549.7,26.4788788059701,-160.19084,3.91308
"5499",549.8,26.5178938,-160.25372,3.913
"5500",549.9,26.5196129,-160.35652,3.91392
"5501",550,26.5243731683168,-160.25552,3.91308
"5502",550.1,26.5294627272727,-160.24508,3.913
"5503",550.2,26.502949402985,-160.16864,3.913
"5504",550.3,26.5232976691729,-160.24756,3.91392
"5505",550.4,26.5081458208955,-160.14092,3.914
"5506",550.5,26.5339973,-160.01968,3.91492
"5507",550.6,26.5168503007519,-160.03944,3.91408
"5508",550.7,26.5195847058823,-160.086633663366,3.91308910891089
"5509",550.8,26.5281290909091,-159.972424242424,3.913
"5510",550.9,26.538708358209,-160.23616,3.913
"5511",551,26.5557358,-160.04196,3.913
"5512",551.1,26.5614493233083,-160.120158878505,3.91385981308411
"5513",551.2,26.5291564179104,-160.124244680851,3.91309574468085
"5514",551.3,26.5648468181818,-159.989717171717,3.91483838383838
"5515",551.4,26.5555642647059,-160.012613861386,3.91408910891089
"5516",551.5,26.5563757,-160.078505050505,3.914
"5517",551.6,26.5600514,-160.04536,3.91308
"5518",551.7,26.5327760784314,-159.9132,3.91392
"5519",551.8,26.5350318939394,-159.96456,3.91308
"5520",551.9,26.5554057352941,-160.09328,3.913
"5521",552,26.5459031060606,-160.038415841584,3.91391089108911
"5522",552.1,26.5036108955224,-159.94919,3.914
"5523",552.2,26.5266590909091,-159.89823,3.91309
"5524",552.3,26.5462709022556,-159.892389380531,3.91380530973451
"5525",552.4,26.5488329850746,-160.081172413793,3.914
"5526",552.5,26.5123930075188,-160.06114,3.91491
"5527",552.6,26.496462238806,-159.97965,3.91318
"5528",552.7,26.5192248484849,-159.980108910891,3.913
"5529",552.8,26.5067485714286,-159.875545454545,3.913
"5530",552.9,26.5064964705882,-159.92597,3.913
"5531",553,26.509002481203,-159.922089108911,3.91390099009901
"5532",553.1,26.5122810447761,-159.857632653061,3.914
"5533",553.2,26.5156225,-159.85016,3.91308
"5534",553.3,26.4886350746269,-159.80676,3.91392
"5535",553.4,26.4689318181818,-159.98884,3.91308
"5536",553.5,26.5003669172932,-159.975621848739,3.9122268907563
"5537",553.6,26.4781611940299,-159.975202247191,3.9128202247191
"5538",553.7,26.4774426,-159.798956521739,3.913
"5539",553.8,26.4650382,-160.08008,3.913
"5540",553.9,26.472764059406,-159.9772,3.913
"5541",554,26.4969330075188,-159.98072,3.913
"5542",554.1,26.5217874626866,-159.915504950495,3.913
"5543",554.2,26.4923087022901,-159.937991150442,3.91138938053097
"5544",554.3,26.4677004477612,-159.794086956522,3.91184782608696
"5545",554.4,26.4950406,-159.807871287129,3.912
"5546",554.5,26.4962885714286,-159.927419354839,3.91382795698925
"5547",554.6,26.4801967647059,-159.934356435644,3.91308910891089
"5548",554.7,26.5151249242424,-159.90306,3.913
"5549",554.8,26.5812604411765,-160.01648,3.913
"5550",554.9,26.594383030303,-159.966732673267,3.913
"5551",555,26.6049994029851,-159.882972972973,3.91381081081081
"5552",555.1,26.5919927272727,-159.858204301075,3.91230107526882
"5553",555.2,26.59784,-159.867063829787,3.912
"5554",555.3,26.6033245588235,-159.93148,3.91476
"5555",555.4,26.6041273737374,-159.906940594059,3.91226732673267
"5556",555.5,26.6104420792079,-159.787262626263,3.91291919191919
"5557",555.6,26.6158684,-159.83312,3.913
"5558",555.7,26.614705112782,-159.77176,3.913
"5559",555.8,26.6069226865672,-159.894242424242,3.913
"5560",555.9,26.6106721804511,-159.766801980198,3.91392079207921
"5561",556,26.5956985074627,-159.682368421053,3.91319298245614
"5562",556.1,26.6226617171717,-159.668627906977,3.91209302325581
"5563",556.2,26.5921185714286,-159.701598425197,3.912
"5564",556.3,26.5599892537313,-159.771876712329,3.9111095890411
"5565",556.4,26.5704485714286,-159.740728,3.912472
"5566",556.5,26.5891655223881,-159.703695652174,3.913
"5567",556.6,26.6022724242424,-159.636265060241,3.913
"5568",556.7,26.6058435074627,-159.673676767677,3.913
"5569",556.8,26.5781289552239,-159.75047,3.91393
"5570",556.9,26.58778,-159.82668,3.91307
"5571",557,26.59493,-159.778112149533,3.913
"5572",557.1,26.5735312121212,-159.727417475728,3.913
"5573",557.2,26.5660386567164,-159.754571428571,3.91391208791209
"5574",557.3,26.5738633333333,-159.863529411765,3.91490196078431
"5575",557.4,26.5741557142857,-159.818979591837,3.91316326530612
"5576",557.5,26.5678386567164,-159.67324,3.913
"5577",557.6,26.5651702,-159.71436,3.913
"5578",557.7,26.5641076,-159.93537037037,3.913
"5579",557.8,26.5579548,-159.793505263158,3.913
"5580",557.9,26.5598542857143,-159.731463917526,3.913
"5581",558,26.5689579104478,-159.657861386139,3.91117821782178
"5582",558.1,26.5951371428571,-159.67011,3.91191
"5583",558.2,26.5984971641791,-159.666155963303,3.91283486238532
"5584",558.3,26.5699429292929,-159.64104494382,3.913
"5585",558.4,26.5535065671642,-159.71991,3.913
"5586",558.5,26.5735819402985,-159.731417475728,3.913
"5587",558.6,26.5797557142857,-159.69024742268,3.913
"5588",558.7,26.5669976119403,-159.72606,3.913
"5589",558.8,26.5913062626263,-159.68529,3.913
"5590",558.9,26.5862969402985,-159.662663366337,3.91207920792079
"5591",559,26.5583016666667,-159.71304040404,3.912
"5592",559.1,26.5552154135338,-159.64074,3.91293
"5593",559.2,26.5348094117647,-159.660782178218,3.91392079207921
"5594",559.3,26.5283838,-159.627615384615,3.91311538461538
"5595",559.4,26.5545278,-159.610957894737,3.913
"5596",559.5,26.5431346,-159.75043,3.913
"5597",559.6,26.5470057142857,-159.732317757009,3.913
"5598",559.7,26.5200976119403,-159.665787234043,3.913
"5599",559.8,26.5196171428571,-159.586585858586,3.913
"5600",559.9,26.4920085074627,-159.604940594059,3.91207920792079
"5601",560,26.5025294,-159.719444444445,3.91292929292929
"5602",560.1,26.4999875757576,-159.687016949153,3.913
"5603",560.2,26.4959328358209,-159.734536585366,3.91482926829268
"5604",560.3,26.5394257142857,-159.871681415929,3.91253097345133
"5605",560.4,26.5290859701492,-159.559090909091,3.91290909090909
"5606",560.5,26.5408056,-159.57836,3.913
"5607",560.6,26.5291746616541,-159.70536,3.913
"5608",560.7,26.4919702985074,-159.629575757576,3.913
"5609",560.8,26.5340036842105,-159.67514953271,3.913
"5610",560.9,26.5363873529412,-159.666531914894,3.91574468085106
"5611",561,26.5450292,-159.546203883495,3.91332038834951
"5612",561.1,26.5284771428571,-159.517166666667,3.913
"5613",561.2,26.5406215151515,-159.585327272727,3.913
"5614",561.3,26.571900075188,-159.643604395604,3.913
"5615",561.4,26.5614156716418,-159.54128,3.913
"5616",561.5,26.5496102,-159.448363636364,3.913
"5617",561.6,26.5417111,-159.466861386139,3.913
"5618",561.7,26.5416427722772,-159.54076,3.913
"5619",561.8,26.5420106060606,-159.4918,3.91392
"5620",561.9,26.5523552238806,-159.351900900901,3.91317117117117
"5621",562,26.5487663157895,-159.393168539326,3.91208988764045
"5622",562.1,26.5796164179105,-159.542181818182,3.91292929292929
"5623",562.2,26.5619568,-159.36979,3.91393
"5624",562.3,26.5422564661654,-159.33926,3.91307
"5625",562.4,26.5666064179105,-159.438366336634,3.913
"5626",562.5,26.5559413533835,-159.3734,3.913
"5627",562.6,26.5636626865671,-159.28328,3.913
"5628",562.7,26.5325782,-159.374456140351,3.91380701754386
"5629",562.8,26.5507653383459,-159.366449438202,3.914
"5630",562.9,26.5784449253731,-159.286433962264,3.91316037735849
"5631",563,26.541855,-159.1641,3.91392222222222
"5632",563.1,26.5215814705883,-159.16988,3.914
"5633",563.2,26.6120077,-159.137851485149,3.91215841584158
"5634",563.3,26.626983,-159.304425742574,3.91291089108911
"5635",563.4,26.6408464356436,-159.22454,3.913
"5636",563.5,26.6421351515151,-159.38426,3.913
"5637",563.6,26.6184023529411,-159.213484848485,3.913
"5638",563.7,26.6048106060606,-159.239811881188,3.913
"5639",563.8,26.644582238806,-159.22102020202,3.91391919191919
"5640",563.9,26.6339565,-159.16799009901,3.91673267326733
"5641",564,26.6239565909091,-159.093141414141,3.91332323232323
"5642",564.1,26.6390883823529,-159.27376,3.91116
"5643",564.2,26.6175025,-159.17776,3.91284
"5644",564.3,26.6505311940299,-159.1726,3.913
"5645",564.4,26.631154,-159.20612,3.913
"5646",564.5,26.6256570676692,-159.14736,3.913
"5647",564.6,26.6253945588235,-159.250283185841,3.913
"5648",564.7,26.6117952272727,-159.296127906977,3.913
"5649",564.8,26.6239142647059,-159.17896,3.913
"5650",564.9,26.6259484,-159.184732673267,3.91207920792079
"5651",565,26.627602556391,-159.14696969697,3.91292929292929
"5652",565.1,26.5964928358209,-159.165257142857,3.91477142857143
"5653",565.2,26.6003136363636,-159.336742268041,3.91318556701031
"5654",565.3,26.5809870588236,-159.32488,3.913
"5655",565.4,26.5494190909091,-159.39002020202,3.913
"5656",565.5,26.541706,-159.29098989899,3.913
"5657",565.6,26.5099891089109,-159.376,3.913
"5658",565.7,26.4968847727273,-159.360181818182,3.91391919191919
"5659",565.8,26.5175932352941,-159.392896551724,3.91320689655172
"5660",565.9,26.4980320454545,-159.163517241379,3.913
"5661",566,26.5009546268657,-159.197112244898,3.91390816326531
"5662",566.1,26.508156,-159.27589,3.91127
"5663",566.2,26.4867346616541,-159.244,3.91285714285714
"5664",566.3,26.4870052941176,-159.258495049505,3.913
"5665",566.4,26.4972229545455,-159.202290909091,3.913
"5666",566.5,26.4930943283582,-159.291222222222,3.913
"5667",566.6,26.516532,-159.328878787879,3.913
"5668",566.7,26.5096260902256,-159.190196261682,3.9138691588785
"5669",566.8,26.5034514925373,-159.138855670103,3.91222680412371
"5670",566.9,26.5203621212121,-159.18087628866,3.91383505154639
"5671",567,26.5201288235294,-159.222137614679,3.9123119266055
"5672",567.1,26.521806,-159.266942857143,3.91279047619048
"5673",567.2,26.510846,-159.245620689655,3.913
"5674",567.3,26.5399128712871,-159.245714285714,3.913
"5675",567.4,26.554167368421,-159.217106796116,3.913
"5676",567.5,26.56238,-159.270363636364,3.913
"5677",567.6,26.5557559090909,-159.15588,3.913
"5678",567.7,26.5386226865672,-159.101285714286,3.91485714285714
"5679",567.8,26.52464,-159.04499,3.91128
"5680",567.9,26.5330193984962,-159.100102803738,3.91273831775701
"5681",568,26.563495,-159.149736842105,3.913
"5682",568.1,26.577097518797,-159.13944,3.913
"5683",568.2,26.5657291044776,-159.07612,3.913
"5684",568.3,26.5929824242424,-159.247404040404,3.913
"5685",568.4,26.5928903759399,-159.166490196078,3.913
"5686",568.5,26.5749449253731,-159.1695,3.913
"5687",568.6,26.5907570676692,-159.125081632653,3.913
"5688",568.7,26.6029162686567,-159.119178217822,3.91208910891089
"5689",568.8,26.58631,-159.03619,3.91291
"5690",568.9,26.5564327819549,-159.05439,3.913
"5691",569,26.5427850746268,-159.13799,3.91391
"5692",569.1,26.5336120300752,-159.274686868687,3.91308080808081
"5693",569.2,26.5563376470588,-159.199465346535,3.913
"5694",569.3,26.5442906060606,-159.076101010101,3.913
"5695",569.4,26.548766,-159.055321428571,3.913
"5696",569.5,26.5681551485149,-159.187222222222,3.913
"5697",569.6,26.5976462406015,-159.050632653061,3.91483673469388
"5698",569.7,26.6111643283582,-159.064960784314,3.91139215686275
"5699",569.8,26.5671109090909,-159.1445,3.9137
"5700",569.9,26.5525756716418,-159.1161,3.914
"5701",570,26.593402,-159.232909090909,3.91218181818182
"5702",570.1,26.5977460150376,-159.126069306931,3.91290099009901
"5703",570.2,26.5757362686567,-159.17158490566,3.913
"5704",570.3,26.6015293939394,-159.259744680851,3.913
"5705",570.4,26.6017640298508,-159.151727272727,3.913
"5706",570.5,26.6114692,-159.032782178218,3.913
"5707",570.6,26.6090827067669,-159.291,3.91208163265306
"5708",570.7,26.6134913432836,-159.05995049505,3.912
"5709",570.8,26.6090655639098,-159.02499,3.912
"5710",570.9,26.61278,-158.98123,3.912
"5711",571,26.6176128282828,-159.08893,3.91291
"5712",571.1,26.5814523,-159.00536,3.913
"5713",571.2,26.5721722549019,-159.06698,3.913
"5714",571.3,26.5889693984962,-159.02895959596,3.913
"5715",571.4,26.5844541176471,-159.146764705882,3.913
"5716",571.5,26.572135,-159.032727272727,3.913
"5717",571.6,26.5962134328358,-159.119348623853,3.91216513761468
"5718",571.7,26.5896206060606,-159.157923076923,3.9138021978022
"5719",571.8,26.591631641791,-159.019125,3.913125
"5720",571.9,26.5820627272727,-159.15759375,3.9148125
"5721",572,26.5994606766917,-159.0561875,3.913375
"5722",572.1,26.6110719402985,-159.063617977528,3.913
"5723",572.2,26.5785448484848,-159.036333333333,3.913
"5724",572.3,26.6011026865671,-158.918263736264,3.913
"5725",572.4,26.642290909091,-158.892875,3.913
"5726",572.5,26.5814283458647,-159.041680412371,3.9138969072165
"5727",572.6,26.5775488235294,-159.085363636364,3.91127272727272
"5728",572.7,26.582298,-159.0698,3.91191
"5729",572.8,26.5900711940298,-159.021121212121,3.91291919191919
"5730",572.9,26.5891090909091,-158.922267326733,3.913
"5731",573,26.5906676691729,-158.956247524752,3.913
"5732",573.1,26.6156088059702,-158.984636363636,3.913
"5733",573.2,26.6248225252525,-158.83202970297,3.913
"5734",573.3,26.6270853,-158.843181818182,3.913
"5735",573.4,26.6293608,-158.911772277228,3.913
"5736",573.5,26.6286309774436,-158.919789473684,3.91378947368421
"5737",573.6,26.6265023529412,-158.746285714286,3.91309523809524
"5738",573.7,26.6093669924812,-158.749861386139,3.913
"5739",573.8,26.625734477612,-158.74563,3.91209
"5740",573.9,26.6216683838384,-158.7905,3.912875
"5741",574,26.6282490225564,-158.7535,3.913
"5742",574.1,26.6191098507463,-158.7188,3.913
"5743",574.2,26.6161735074627,-158.612386138614,3.913
"5744",574.3,26.6168479104478,-158.713285714286,3.913
"5745",574.4,26.5956562626263,-158.6895,3.913
"5746",574.5,26.5912432835821,-158.742663366337,3.91390099009901
"5747",574.6,26.5676307575757,-158.68287755102,3.914
"5748",574.7,26.5524140909091,-158.610504950495,3.91217821782178
"5749",574.8,26.5586547058824,-158.76143,3.912
"5750",574.9,26.548808989899,-158.81613,3.91291
"5751",575,26.5457252475248,-158.763929292929,3.913
"5752",575.1,26.5595001,-158.835514851485,3.913
"5753",575.2,26.5541984210526,-158.780494949495,3.913
"5754",575.3,26.5465249253731,-158.82284,3.913
"5755",575.4,26.5463055639098,-158.819672566372,3.913
"5756",575.5,26.5507313432836,-158.714482758621,3.91118390804598
"5757",575.6,26.5546044444444,-158.660509090909,3.91434545454546
"5758",575.7,26.5436607462687,-158.710826086957,3.91321739130435
"5759",575.8,26.5206419402985,-158.779818181818,3.913
"5760",575.9,26.529037593985,-158.81421,3.913
"5761",576,26.5346979104478,-158.752128712871,3.913
"5762",576.1,26.5391511111111,-158.7549,3.913
"5763",576.2,26.5346953731343,-158.6579,3.913
"5764",576.3,26.5153221212121,-158.808818181818,3.913
"5765",576.4,26.5112642105263,-158.70943,3.91209
"5766",576.5,26.5276641176471,-158.609702970297,3.912
"5767",576.6,26.5291785,-158.634545454545,3.91472727272728
"5768",576.7,26.5540078358209,-158.53062,3.91318
"5769",576.8,26.572446060606,-158.620910891089,3.913
"5770",576.9,26.5881768421053,-158.6482,3.913
"5771",577,26.5851259701493,-158.742727272727,3.913
"5772",577.1,26.6024725,-158.71105,3.913
"5773",577.2,26.6227283838384,-158.831090909091,3.913
"5774",577.3,26.6399942,-158.756290598291,3.91221367521368
"5775",577.4,26.6392994029851,-158.651674698795,3.912
"5776",577.5,26.5978486567164,-158.772346534653,3.91473267326733
"5777",577.6,26.5937635338346,-158.633333333333,3.91316161616161
"5778",577.7,26.5918568656717,-158.63932,3.91116
"5779",577.8,26.595633030303,-158.734821782178,3.91282178217822
"5780",577.9,26.6174902985075,-158.77676,3.913
"5781",578,26.6192966666667,-158.728643564356,3.913
"5782",578.1,26.6229078947368,-158.5529,3.913
"5783",578.2,26.6214662686567,-158.615,3.913
"5784",578.3,26.6294836,-158.689454545455,3.913
"5785",578.4,26.6186631578947,-158.56405,3.91209
"5786",578.5,26.596095,-158.70115,3.91382
"5787",578.6,26.6129880451128,-158.586888888889,3.91322222222222
"5788",578.7,26.6260773529412,-158.552674698795,3.913
"5789",578.8,26.6073672,-158.45654,3.913
"5790",578.9,26.60859,-158.48249,3.913
"5791",579,26.6156306,-158.53195959596,3.913
"5792",579.1,26.6021605263158,-158.477702970297,3.913
"5793",579.2,26.6253907462687,-158.513287037037,3.913
"5794",579.3,26.5962536842105,-158.444315217391,3.91390217391304
"5795",579.4,26.6125717910448,-158.55703,3.914
"5796",579.5,26.6233106,-158.53078,3.91309
"5797",579.6,26.6131947368421,-158.65531,3.91209
"5798",579.7,26.6150264179105,-158.50238,3.91291
"5799",579.8,26.6163321052632,-158.665242424242,3.913
"5800",579.9,26.6318373134328,-158.69028440367,3.913
"5801",580,26.6232686,-158.581333333333,3.913
"5802",580.1,26.610902631579,-158.679818181818,3.913
"5803",580.2,26.6248981818182,-158.52174,3.913
"5804",580.3,26.6129479699248,-158.586644859813,3.913
"5805",580.4,26.6129055882353,-158.518826086957,3.91208695652174
"5806",580.5,26.6045498,-158.4374,3.912
"5807",580.6,26.6285631578947,-158.381630630631,3.91126126126126
"5808",580.7,26.6427509090909,-158.367,3.9136625
"5809",580.8,26.6463119548872,-158.33997029703,3.91309900990099
"5810",580.9,26.6651135820896,-158.511489795918,3.913
"5811",581,26.6648939,-158.564346534653,3.913
"5812",581.1,26.6913294,-158.624070707071,3.913
"5813",581.2,26.6883777227723,-158.557635514019,3.913
"5814",581.3,26.6988657894737,-158.519112244898,3.91560204081633
"5815",581.4,26.7121843283582,-158.5005,3.91509375
"5816",581.5,26.6743636842105,-158.49263,3.91318
"5817",581.6,26.6529507462687,-158.38905050505,3.91208080808081
"5818",581.7,26.6875308,-158.44808,3.912
"5819",581.8,26.6984389473684,-158.434224299065,3.91285981308411
"5820",581.9,26.7058047761194,-158.373736842105,3.913
"5821",582,26.6867586363636,-158.407909090909,3.913
"5822",582.1,26.6720386567164,-158.39653,3.913
"5823",582.2,26.7124435,-158.424732673267,3.913
"5824",582.3,26.713135037594,-158.417514563107,3.91212621359223
"5825",582.4,26.6860513432836,-158.345144329897,3.9111030927835
"5826",582.5,26.6857787969925,-158.300653846154,3.91186538461538
"5827",582.6,26.6730868656716,-158.386375,3.91110416666667
"5828",582.7,26.7304994,-158.403923076923,3.91273076923077
"5829",582.8,26.7108704,-158.304666666667,3.913
"5830",582.9,26.6864307920792,-158.435990654206,3.913
"5831",583,26.6792436842105,-158.604641304348,3.91209782608696
"5832",583.1,26.6502349253731,-158.4926,3.912
"5833",583.2,26.6464042424243,-158.538564356436,3.912
"5834",583.3,26.6206737,-158.474090909091,3.90927272727273
"5835",583.4,26.6202864,-158.46245,3.91355
"5836",583.5,26.6305119548872,-158.4893,3.91309
"5837",583.6,26.6183932352941,-158.326545454545,3.913
"5838",583.7,26.6150077272727,-158.323841584158,3.913
"5839",583.8,26.6231085074627,-158.313725663717,3.913
"5840",583.9,26.6372023,-158.524379310345,3.913
"5841",584,26.596877443609,-158.42433,3.91209
"5842",584.1,26.5782656716418,-158.493375,3.912875
"5843",584.2,26.6103082575758,-158.438518867925,3.91217924528302
"5844",584.3,26.5988911764706,-158.4744,3.9147
"5845",584.4,26.6164952,-158.391702970297,3.91229702970297
"5846",584.5,26.6183805263158,-158.388857142857,3.91371428571429
"5847",584.6,26.6237192537313,-158.237894736842,3.91221052631579
"5848",584.7,26.6378226515152,-158.3919,3.912
"5849",584.8,26.6272136764706,-158.241485436893,3.91287378640777
"5850",584.9,26.6345124242424,-158.151525773196,3.913
"5851",585,26.6432396,-158.387,3.913
"5852",585.1,26.6593765346535,-158.3249,3.9121
"5853",585.2,26.6970648120301,-158.317727272727,3.912
"5854",585.3,26.71789,-158.332890909091,3.91448181818182
"5855",585.4,26.6975863636364,-158.27201,3.91338
"5856",585.5,26.7145104477612,-158.299775280899,3.91208988764045
"5857",585.6,26.7152918,-158.350901960784,3.912
"5858",585.7,26.7305444360902,-158.3974,3.9129
"5859",585.8,26.7433282089552,-158.42,3.913
"5860",585.9,26.7431672932331,-158.35695049505,3.913
"5861",586,26.7354753731343,-158.266292929293,3.91210101010101
