"","time_point","temperature","load","voltage"
"1",0,22.4375478947368,2.79304347826087,4.177
"2",0.1,22.4269670588235,2.96526530612245,4.177
"3",0.2,22.4430337593985,2.89105263157895,4.17873684210526
"5",0.4,22.4383808,2.85535555555556,4.177
"6",0.5,22.423305112782,2.76113333333333,4.177
"8",0.7,22.426077443609,2.89808695652174,4.17886956521739
"10",0.9,22.5118108,2.73042857142857,4.177
"11",1,22.5425137593985,2.84092727272727,4.177
"13",1.2,22.5405396992481,2.8908,4.17886666666667
"15",1.4,22.5567804,2.87291111111111,4.177
"16",1.5,22.5431837593985,2.76082608695652,4.177
"18",1.7,22.5247439097744,2.711,4.178
"19",1.8,22.5336175,2.87521568627451,4.17856862745098
"20",1.9,22.5267752,2.89453333333333,4.177
"21",2,22.5432963909774,2.73571111111111,4.177
"23",2.2,22.5318860902256,2.71998039215686,4.17786274509804
"24",2.3,22.5230071641791,2.75,4.1785
"25",2.4,22.5391243609023,2.75152173913043,4.177
"26",2.5,22.544198358209,1.34027659574468,4.177
"27",2.6,22.5297066336634,0.0839999999999976,4.177
"28",2.7,22.5161015789474,-0.2,4.177
"30",2.9,22.5084789473684,-0.138320754716981,4.17784905660377
"31",3,22.5001631578947,-0.296518518518518,4.177
"32",3.1,22.5159656,-0.00484444444444432,4.17708888888889
"33",3.2,22.5143283458647,1.97585185185185,4.17814814814815
"34",3.3,22.5042606766917,2.80623076923077,4.17816923076923
"35",3.4,22.5013925,2.73586956521739,4.177
"36",3.5,22.5005231343284,1.18655555555556,4.177
"37",3.6,22.5301678,0.0833396226415063,4.177
"38",3.7,22.5275169924812,-0.202040816326531,4.177
"39",3.8,22.5174979104478,-0.317509803921569,4.177
"40",3.9,22.5148095454545,-0.249105263157894,4.17750877192982
"41",4,22.5163535294118,-0.179999999999999,4.177
"42",4.1,22.4997295488722,-0.11871111111111,4.177
"43",4.2,22.5105165671642,-0.04908,4.177
"44",4.3,22.509413960396,-0.000804347826086719,4.17834782608696
"45",4.4,22.5133275,-0.0381086956521742,4.17784782608696
"46",4.5,22.5147441791045,-0.710043478260872,4.177
"47",4.6,22.51924,-0.501566037735849,4.177
"48",4.7,22.5124750746269,0.177115384615382,4.17696153846154
"49",4.8,22.5286585148515,0.225745454545452,4.17945454545455
"50",4.9,22.5393703007519,0.244705882352941,4.177
"52",5.1,22.5229457575758,0.613673913043478,4.177
"54",5.3,22.5256501,-0.00207999999999983,4.17825333333333
"55",5.4,22.5381859398496,0.0167567567567568,4.17705405405405
"57",5.6,22.53326,-0.520777777777778,4.177
"58",5.7,22.5052272058824,-0.377188679245283,4.177
"59",5.8,22.50513,0.31721739130435,4.17565217391304
"60",5.9,22.5254051879699,0.20736170212766,4.17795744680851
"61",6,22.5441702985075,0.333350877192982,4.177
"62",6.1,22.4915127272727,0.38536170212766,4.177
"63",6.2,22.4794532835821,0.512714285714286,4.17766071428571
"64",6.3,22.5141331343284,0.453827586206896,4.177
"65",6.4,22.5289641791045,0.5161875,4.1764375
"66",6.5,22.5164097029703,0.477755102040816,4.177
"67",6.6,22.5220498496241,0.365840000000001,4.177
"69",6.8,22.5206075,0.0859999999999993,4.17684210526316
"70",6.9,22.5227291044776,-0.11551724137931,4.17689655172414
"71",7,22.5133686,-1.203,4.1771320754717
"72",7.1,22.5003209022556,-1.14781632653061,4.177
"73",7.2,22.4921376119403,-0.719103448275863,4.177
"74",7.3,22.4676495454545,-0.358451612903226,4.17635483870968
"75",7.4,22.469757761194,-0.124000000000001,4.178
"76",7.5,22.4664325,0.469260869565218,4.177
"77",7.6,22.4598836842105,0.351913043478262,4.177
"78",7.7,22.4497144776119,0.325782608695653,4.177
"79",7.8,22.442735,0.105174603174602,4.17696825396825
"80",7.9,22.4510891176471,-0.111521739130435,4.17684782608696
"81",8,22.4740094736842,-1.21415217391304,4.17710869565217
"82",8.1,22.4726331343284,-1.15598,4.177
"83",8.2,22.4686005940594,-0.706217391304345,4.177
"84",8.3,22.4664693939394,-0.368980392156864,4.17609803921569
"85",8.4,22.4671052941176,-0.45919607843137,4.178
"86",8.5,22.4710312121212,-0.193893617021277,4.17712765957447
"87",8.6,22.4628546268657,-0.0362127659574461,4.177
"88",8.7,22.4656145,-0.000392857142855317,4.177
"89",8.8,22.4657585820896,0.0561739130434783,4.17739130434783
"90",8.9,22.4578198529412,0.224377358490565,4.177
"91",9,22.4757825,0.235925925925927,4.177
"92",9.1,22.4813904477612,0.310152173913044,4.177
"93",9.2,22.4758106,0.28378260869566,4.17745652173913
"94",9.3,22.4759892424242,1.05320833333333,4.1758125
"95",9.4,22.4824397014925,-0.24968085106383,4.17763829787234
"96",9.5,22.5028383333333,-0.25,4.177
"97",9.6,22.5229336764706,-0.0745510204081624,4.177
"98",9.7,22.508384,0.132600000000003,4.177
"99",9.8,22.5024173880597,0.0613750000000001,4.179125
"100",9.9,22.5120841791045,0.267404255319149,4.177
"101",10,22.499578030303,0.271031914893617,4.177
"102",10.1,22.5069179411765,0.227098591549294,4.177
"103",10.2,22.5156412121212,0.243999999999999,4.177
"104",10.3,22.5001149253731,0.960240000000012,4.17608
"105",10.4,22.5038995,1.48237735849057,4.177
"106",10.5,22.508972631579,1.40464705882353,4.177
"107",10.6,22.5091944117647,1.66664,4.177
"108",10.7,22.500011969697,1.95266666666667,4.177
"109",10.8,22.4927176119403,1.9735,4.17708695652174
"110",10.9,22.489663,2.31096296296296,4.177
"111",11,22.50707,2.48104347826087,4.177
"112",11.1,22.5072437313433,2.70447826086956,4.177
"113",11.2,22.5090320454545,3.15771428571428,4.177
"114",11.3,22.4974794029851,3.24763333333333,4.17615
"115",11.4,22.4801712,2.68248936170212,4.17734042553191
"116",11.5,22.4829846616541,1.43983018867924,4.177
"117",11.6,22.4859473134328,1.70058695652174,4.177
"118",11.7,22.4838172180451,1.96858181818182,4.177
"119",11.8,22.4551588059702,2.0365,4.17647826086957
"120",11.9,22.4806396992481,2.27834782608696,4.177
"121",12,22.4874431343284,2.51660377358491,4.177
"122",12.1,22.4808311881188,2.83776086956521,4.177
"123",12.2,22.4840289473684,3.17128260869565,4.17723913043478
"124",12.3,22.4821801492537,3.25355072463768,4.17582608695652
"125",12.4,22.5079145454545,2.836,4.177
"126",12.5,22.5130271641791,2.52013043478261,4.177
"127",12.6,22.505884,2.59291379310345,4.177
"128",12.7,22.5093540298507,2.55386956521739,4.17797826086957
"129",12.8,22.5080497014925,2.14967346938776,4.177
"130",12.9,22.5208873684211,2.13367391304348,4.17967391304348
"131",13,22.5210158208955,2.36511764705882,4.177
"132",13.1,22.5298209090909,1.94183333333333,4.177
"133",13.2,22.5086694029851,1.9904347826087,4.178
"134",13.3,22.4972151515151,2.41100000000001,4.17666666666667
"135",13.4,22.4988136842105,2.5915652173913,4.177
"136",13.5,22.5006547058824,2.51985365853658,4.177
"137",13.6,22.521738989899,2.56667391304348,4.177
"138",13.7,22.536823880597,2.584,4.17775
"139",13.8,22.5342457575758,2.15678260869565,4.17717391304348
"140",13.9,22.5511683458647,2.1364347826087,4.17928260869565
"141",14,22.5627176119403,2.33969230769231,4.177
"142",14.1,22.5725636363636,2.01692592592593,4.177
"143",14.2,22.543951641791,1.98021739130435,4.17760869565217
"144",14.3,22.5100695049505,2.20714285714286,4.17689285714286
"145",14.4,22.4872696240601,2.23080434782608,4.17736956521739
"146",14.5,22.4719191176471,2.16929787234043,4.177
"147",14.6,22.4755657894737,2.12308695652174,4.17917391304348
"148",14.7,22.4642545454545,2.447,4.177
"149",14.8,22.4664308,3.72573913043478,4.177
"150",14.9,22.4536746616541,3.8498085106383,4.177
"151",15,22.4498208955224,3.67717391304348,4.177
"152",15.1,22.4603687218045,3.725,4.177
"153",15.2,22.4659286567164,2.28406382978723,4.17787234042553
"154",15.3,22.4609690909091,2.33765217391304,4.177
"155",15.4,22.4667398507463,2.16642553191489,4.177
"156",15.5,22.4660022727273,2.16447826086956,4.177
"157",15.6,22.4596527067669,2.29369565217391,4.17752173913043
"158",15.7,22.4601817647059,2.57925000000001,4.177
"159",15.8,22.4643225373134,3.73818867924528,4.177
"160",15.9,22.4884988059701,3.86242857142857,4.177
"161",16,22.4750215,3.85482608695651,4.177
"162",16.1,22.4793052631579,3.48291304347827,4.177
"163",16.2,22.4732826865672,2.23726086956521,4.17758695652174
"164",16.3,22.4725662121212,2.33791304347826,4.17758695652174
"165",16.4,22.4730001492537,2.54771698113208,4.177
"166",16.5,22.4873281818182,1.82999999999997,4.177
"167",16.6,22.4807732089552,1.68584905660377,4.17628301886792
"168",16.7,22.4815967164179,1.52737037037037,4.18025925925926
"169",16.8,22.4754503759399,1.57765957446809,4.17729787234043
"170",16.9,22.4841353731343,1.52841304347826,4.177
"171",17,22.4831518181818,-0.144038461538473,4.177
"172",17.1,22.4921200746269,-0.549255319148935,4.17725531914894
"173",17.2,22.4976559090909,-0.393434782608696,4.177
"174",17.3,22.50506,-0.413,4.177
"175",17.4,22.4978534328358,-0.133463768115949,4.177
"176",17.5,22.489535959596,1.0385890410959,4.177
"177",17.6,22.4928979104478,1.77777777777778,4.177
"178",17.7,22.5047951515152,1.71170212765957,4.17674468085106
"179",17.8,22.5131428571429,1.51304347826087,4.18039130434783
"180",17.9,22.5095286764706,1.55452173913044,4.1774347826087
"181",18,22.5119567669173,1.5325,4.177
"182",18.1,22.5140153731343,-0.351847826086961,4.177
"183",18.2,22.5061477,-0.476547169811318,4.17756603773585
"184",18.3,22.4964108208955,-0.415352112676056,4.17787323943662
"185",18.4,22.5038310447761,-0.411434782608696,4.177
"186",18.5,22.5059353383459,-0.4425625,4.177
"187",18.6,22.4961302985075,-0.742108695652173,4.177
"188",18.7,22.4854772727273,-0.65829166666667,4.177
"189",18.8,22.4824399253731,-0.465980392156867,4.177
"190",18.9,22.478465,-0.319173913043479,4.17713043478261
"191",19,22.5001177443609,-0.362830769230771,4.177
"192",19.1,22.4959632835821,-1.13417391304348,4.177
"193",19.2,22.4768,-0.985913043478254,4.177
"194",19.3,22.4822476119403,-0.813347826086951,4.17865217391304
"195",19.4,22.4959396969697,-0.740608695652173,4.177
"196",19.5,22.4908557142857,-1.07800000000002,4.177
"197",19.6,22.4810413235294,-0.981239130434781,4.177
"198",19.7,22.4776945112782,-0.629333333333333,4.177
"199",19.8,22.4642094029851,-0.490169811320757,4.177
"200",19.9,22.4768,-0.357521739130438,4.17739130434783
"201",20,22.4819827819549,-0.352870967741938,4.177
"202",20.1,22.4948735820896,-1.13234782608696,4.177
"203",20.2,22.4833558646617,-0.992745454545453,4.177
"204",20.3,22.4762798507463,-0.784293103448272,4.17813793103448
"205",20.4,22.4812576,-0.7435,4.177
"206",20.5,22.4899659398496,-1.03156521739135,4.177
"207",20.6,22.4964031343284,-1.04320408163266,4.177
"208",20.7,22.5251668421053,-0.710652173913044,4.17752173913043
"209",20.8,22.5597171641791,-0.508127659574468,4.17768085106383
"210",20.9,22.5558667,-0.554000000000001,4.1786
"211",21,22.5596418045113,-0.515566037735849,4.177
"212",21.1,22.5662666666667,-0.680400000000001,4.177
"213",21.2,22.5842114285714,-0.416551724137937,4.17737931034483
"214",21.3,22.5673728358209,-0.344857142857143,4.17785714285714
"215",21.4,22.5737468,-0.342727272727272,4.177
"216",21.5,22.5883714285714,-0.221085106382978,4.17810638297872
"217",21.6,22.5881265151515,-0.637250000000006,4.177
"218",21.7,22.5844798496241,-0.846595744680852,4.177
"219",21.8,22.5694729411765,-0.553037037037045,4.17724074074074
"220",21.9,22.5658428571429,-0.531255319148935,4.178
"221",22,22.5838208955224,-0.524779999999998,4.17752
"222",22.1,22.5977182178218,-0.690108695652172,4.177
"223",22.2,22.6011505263158,-0.4065,4.177
"224",22.3,22.5786158208955,-0.358595744680852,4.178
"225",22.4,22.58737,-0.345094339622641,4.177
"226",22.5,22.585737761194,-0.219680851063829,4.17785106382979
"227",22.6,22.5654135,-0.561239130434786,4.177
"228",22.7,22.5613045112782,-0.9765,4.177
"229",22.8,22.5274242424242,-0.958638297872342,4.177
"230",22.9,22.5310157142857,-0.869913043478261,4.1765652173913
"231",23,22.5176956716418,-0.970454545454548,4.17650909090909
"232",23.1,22.5180594,-1.53067346938775,4.177
"233",23.2,22.5267742857143,-1.549,4.177
"234",23.3,22.5264570149254,-1.51035416666667,4.17652083333333
"235",23.4,22.5429901515152,-1.16634782608696,4.176
"236",23.5,22.5431867647059,-1.26123529411765,4.177
"237",23.6,22.5472314285714,-0.956481481481486,4.177
"238",23.7,22.541062238806,-0.97795652173913,4.177
"239",23.8,22.5371901980198,-0.941680851063834,4.177
"240",23.9,22.5395513636364,-0.857745454545455,4.17623636363636
"241",24,22.5418288059701,-0.980964912280703,4.17671929824561
"242",24.1,22.5241157142857,-1.60982608695652,4.177
"243",24.2,22.5387329850746,-1.54048936170213,4.177
"244",24.3,22.531333,-1.422320754717,4.17620754716981
"245",24.4,22.5277771428571,-1.16456363636363,4.176
"246",24.5,22.5322038235294,-1.26062264150943,4.177
"247",24.6,22.5338068181818,-0.967276595744688,4.177
"248",24.7,22.5145402985075,-0.802862745098031,4.1776862745098
"249",24.8,22.4971667326733,-0.508085106382981,4.17778723404255
"250",24.9,22.4876194736842,-0.773413043478261,4.1770652173913
"251",25,22.470598358209,-0.600176470588235,4.177
"252",25.1,22.4784517424242,-1.52099999999995,4.17375
"253",25.2,22.4906676119403,0.429,4.18
"254",25.3,22.4952504040404,1.38249180327869,4.17790163934426
"255",25.4,22.4913904511278,1.3451914893617,4.17795744680851
"256",25.5,22.4887825373134,0.90291999999999,4.177
"257",25.6,22.4988270454545,0.781473684210525,4.177
"258",25.7,22.4860502941176,0.437510638297876,4.177
"259",25.8,22.4868935338346,-0.499787234042555,4.17778723404255
"260",25.9,22.489972238806,-0.775063829787236,4.17708510638298
"261",26,22.4898833663366,-0.598345454545454,4.177
"262",26.1,22.4916028571429,-0.609565217391306,4.177
"263",26.2,22.4895540298507,0.275836363636357,4.17950909090909
"264",26.3,22.5138885714286,1.36218181818182,4.17781818181818
"265",26.4,22.5213405970149,1.38614285714286,4.17776785714286
"266",26.5,22.5014932,0.909727272727262,4.177
"267",26.6,22.4933514285714,0.787361702127659,4.177
"268",26.7,22.510153880597,1.04923913043478,4.17619565217391
"269",26.8,22.5158278787879,1.34597826086957,4.177
"270",26.9,22.524322238806,1.48640425531915,4.177
"271",27,22.514488,1.60445614035088,4.177
"272",27.1,22.5117963909774,1.69617021276596,4.17587234042553
"273",27.2,22.5340035820896,2.36,4.178
"274",27.3,22.5254711363636,2.1662380952381,4.17715873015873
"275",27.4,22.5147402941176,2.54182978723404,4.177
"276",27.5,22.5073168421053,2.68828301886793,4.177
"277",27.6,22.5008558208955,2.92947916666667,4.17760416666667
"278",27.7,22.5108172277228,1.75931914893618,4.177
"279",27.8,22.5007183333333,1.34853968253968,4.177
"280",27.9,22.4900508823529,1.43589130434783,4.177
"281",28,22.4804407575758,1.65264285714285,4.177
"282",28.1,22.4770317910448,1.70625925925926,4.177
"283",28.2,22.4987673,2.26042553191489,4.17768085106383
"284",28.3,22.5094429323308,2.19630434782609,4.17734782608696
"285",28.4,22.5272894117647,2.54818867924528,4.177
"286",28.5,22.5086575757576,2.6754255319149,4.177
"287",28.6,22.5118789552239,2.93042857142857,4.17757142857143
"288",28.7,22.5188376,2.17908510638299,4.17748936170213
"289",28.8,22.5057635074627,1.79422222222223,4.178
"290",28.9,22.4770066666667,1.50811764705882,4.17772549019608
"291",29,22.5025561654135,1.45685454545454,4.177
"292",29.1,22.5230643283582,1.58417021276596,4.177
"293",29.2,22.51406,1.52638297872341,4.17672340425532
"294",29.3,22.5133614925373,1.57044897959183,4.17738775510204
"295",29.4,22.5100272727273,1.68474468085106,4.177
"296",29.5,22.4976533834586,1.89106382978723,4.177
"297",29.6,22.5080001470588,1.77704255319149,4.17725531914894
"298",29.7,22.5052215909091,1.8053829787234,4.1786170212766
"299",29.8,22.5058294029851,1.76414814814815,4.178
"300",29.9,22.5223456435644,1.55330357142857,4.17733928571429
"301",30,22.5090837593985,1.42095744680851,4.177
"302",30.1,22.4871767647059,1.54180952380953,4.177
"303",30.2,22.4881222727273,1.58744680851063,4.17651063829787
"304",30.3,22.4919697058824,1.59070588235294,4.17752941176471
"305",30.4,22.4874409090909,1.69675,4.177
"306",30.5,22.4950229104478,1.90276595744681,4.177
"307",30.6,22.4850890909091,1.76558823529412,4.17754901960784
"308",30.7,22.48244,1.77633333333333,4.17733333333333
"309",30.8,22.4884468656716,1.87086538461538,4.17719230769231
"310",30.9,22.4759663636364,2.03350943396226,4.177
"311",31,22.4716404477612,2.092,4.177
"312",31.1,22.4852127272727,1.84289285714286,4.177
"313",31.2,22.475209924812,3.26023728813559,4.17761016949153
"314",31.3,22.4569911764706,3.11186301369865,4.177
"315",31.4,22.4417357142857,2.47191489361703,4.17734042553191
"316",31.5,22.4533592537313,2.19563829787233,4.177
"317",31.6,22.4484299,1.81288461538462,4.177
"318",31.7,22.4519998496241,1.81189361702128,4.1768085106383
"319",31.8,22.4520665671642,1.43464150943396,4.17705660377358
"320",31.9,22.4580039849624,1.564,4.17983636363636
"321",32,22.4492341791045,2.04044444444444,4.177
"322",32.1,22.4347606060606,2.10490196078431,4.177
"323",32.2,22.4343955223881,2.62353191489352,4.17891489361702
"324",32.3,22.4368646268657,3.31757446808516,4.177
"325",32.4,22.4485960902256,2.49819148936169,4.17723404255319
"326",32.5,22.4574104477612,2.24275438596492,4.177
"327",32.6,22.4546336363636,1.77666666666666,4.177
"328",32.7,22.4470371641791,1.81048936170213,4.17668085106383
"329",32.8,22.4748890909091,1.39314285714288,4.17715714285714
"330",32.9,22.4676544360902,0.986480769230778,4.17721153846154
"331",33,22.4686680597015,0.788234042553173,4.177
"332",33.1,22.482268,0.867170212765948,4.177
"333",33.2,22.4897703007519,0.915653846153845,4.17503846153846
"334",33.3,22.4770956060606,1.54806849315068,4.17686301369863
"335",33.4,22.4751954887218,-0.687702127659519,4.177
"336",33.5,22.4870741176471,-1.73739285714285,4.177
"337",33.6,22.4886818796993,-1.27089361702127,4.177
"338",33.7,22.4956453731343,-1.13257407407407,4.178
"339",33.8,22.490656,-1.07892000000001,4.17744
"340",33.9,22.4859465671642,-0.273234042553213,4.1771914893617
"341",34,22.4800950746269,0.798153846153829,4.177
"342",34.1,22.4731493984962,0.882249999999993,4.177
"343",34.2,22.4907043283582,0.914085106382978,4.17521276595745
"344",34.3,22.4997864,1.61829787234048,4.17602127659574
"345",34.4,22.5035894736842,-1.32782352941175,4.177
"346",34.5,22.5198254545455,-1.63348936170213,4.177
"347",34.6,22.5131281203008,-1.19638297872339,4.17704255319149
"348",34.7,22.5112756716418,-1.17919642857142,4.178
"349",34.8,22.510794,-1.03191666666669,4.17783333333333
"350",34.9,22.5219684962406,-1.0830925925926,4.17709259259259
"351",35,22.5177373134328,-1.28963829787235,4.177
"352",35.1,22.5127515151515,-1.60397872340426,4.17721276595745
"353",35.2,22.5177894117647,-1.54914893617023,4.177
"354",35.3,22.484975037594,-1.63529787234042,4.17729787234043
"355",35.4,22.4547025373134,-1.75338297872341,4.177
"356",35.5,22.4486278217822,-1.94772340425532,4.177
"357",35.6,22.4466913636364,-2.5012105263158,4.177
"358",35.7,22.4464302985075,-2.45365957446809,4.177
"359",35.8,22.4398148120301,-1.50238297872341,4.176
"360",35.9,22.4379011940299,-1.3872340425532,4.17763829787234
"361",36,22.444996,-1.275625,4.177
"362",36.1,22.457234887218,-1.59857446808511,4.17725531914894
"363",36.2,22.4654820895522,-1.52591489361702,4.177
"364",36.3,22.4715496240601,-1.6288125,4.177
"365",36.4,22.4671153731343,-1.80182456140351,4.177
"366",36.5,22.46003,-1.98095744680852,4.177
"367",36.6,22.4567155639098,-2.56307692307694,4.177
"368",36.7,22.4610286363636,-2.39068085106384,4.177
"369",36.8,22.4450329323308,-1.410734375,4.176046875
"370",36.9,22.4418552941176,-1.55854166666666,4.17745833333333
"371",37,22.438944,-1.40340425531915,4.177
"372",37.1,22.4499566917293,-1.4409574468085,4.177
"373",37.2,22.453911641791,-1.30155319148936,4.17882978723404
"374",37.3,22.4486157575758,-1.48962686567164,4.17773134328358
"375",37.4,22.4658098507463,-1.56917021276596,4.17751063829787
"376",37.5,22.4889358646617,-1.56672340425532,4.177
"377",37.6,22.4912807462687,-1.76887234042553,4.17793617021277
"378",37.7,22.4931325742574,-1.90786274509804,4.17701960784314
"379",37.8,22.4909869924812,-2.22223076923072,4.17790384615385
"380",37.9,22.4795417910448,-1.67327659574466,4.177
"381",38,22.4931,-1.352,4.177
"382",38.1,22.4899970149254,-1.42464705882352,4.177
"383",38.2,22.471088,-1.29963829787234,4.17895744680851
"384",38.3,22.4843703759399,-1.56932142857143,4.17808928571429
"385",38.4,22.4886834328358,-1.56436170212766,4.177
"386",38.5,22.4884760606061,-1.60053191489361,4.177
"387",38.6,22.4807341176471,-1.79424528301887,4.178
"388",38.7,22.476448,-1.87582978723404,4.177
"389",38.8,22.5016096240602,-2.39568421052632,4.17768421052632
"390",38.9,22.5104388059701,-2.88517021276597,4.177
"391",39,22.5051666666667,-2.80442857142856,4.177
"392",39.1,22.4948817647059,-2.23351063829786,4.177
"393",39.2,22.4865366666667,-2.05525000000001,4.17645833333333
"394",39.3,22.4762408,-2.1811875,4.1774375
"395",39.4,22.4716870149254,-1.95721276595745,4.177
"396",39.5,22.4942114393939,-1.923,4.177
"397",39.6,22.5148657352941,-1.72625531914893,4.17823404255319
"398",39.7,22.5266615909091,-1.6686170212766,4.17674468085106
"399",39.8,22.5299437313433,-2.11148936170215,4.177
"400",39.9,22.514489009901,-3.18628000000002,4.177
"401",40,22.5153951879699,-2.58608510638296,4.177
"402",40.1,22.5063141176471,-2.15325531914893,4.17682978723404
"403",40.2,22.5030427272727,-2.00831999999999,4.17728
"404",40.3,22.5679388235294,-2.1638510638298,4.177
"405",40.4,22.54758,-1.91529787234043,4.177
"406",40.5,22.5317055639098,-1.8215,4.177
"407",40.6,22.54432,-1.68202127659575,4.17727659574468
"408",40.7,22.5374412121212,-1.59128846153847,4.177
"409",40.8,22.5203870588235,-1.85817021276597,4.177
"410",40.9,22.5214874747475,-2.158,4.177
"411",41,22.5401594736842,-0.709090909090919,4.17727272727273
"412",41.1,22.5468368656716,0.599773584905657,4.17671698113208
"413",41.2,22.5365881060606,0.0197857142857216,4.177
"414",41.3,22.5302319117647,0.0778085106383063,4.177
"415",41.4,22.5372357575758,-0.0237234042553154,4.177
"416",41.5,22.5422302985075,-0.0707446808510649,4.177
"417",41.6,22.5006044554455,0.141893617021279,4.17793617021277
"418",41.7,22.4717721052632,-0.0908627450980033,4.17739215686275
"419",41.8,22.4591888235294,-1.82389361702126,4.177
"420",41.9,22.4466269924812,-2.143,4.177
"421",42,22.4429695522388,-0.889312499999976,4.17747916666667
"422",42.1,22.467248,0.65937735849055,4.17647169811321
"423",42.2,22.4635706766917,0.0938510638298064,4.177
"424",42.3,22.455706969697,0.0592291666666713,4.177
"425",42.4,22.4548501515152,-0.00687500000000518,4.177
"426",42.5,22.4550197058824,-0.0754680851063838,4.177
"427",42.6,22.4449123,0.140416666666668,4.17804166666667
"428",42.7,22.4400803007519,0.411785714285708,4.17751785714286
"429",42.8,22.4567910447761,0.712208333333328,4.177
"430",42.9,22.4534558646617,0.827979166666677,4.177
"431",43,22.4482479104478,1.07283333333335,4.17741666666667
"432",43.1,22.4411575757576,1.56063829787236,4.17734042553191
"433",43.2,22.4459105940594,2.48091836734694,4.17724489795918
"434",43.3,22.4554536363636,2.15442857142857,4.177
"435",43.4,22.44581,0.934916666666664,4.177
"436",43.5,22.4576119402985,0.834372549019605,4.17650980392157
"437",43.6,22.4614936363636,0.889916666666674,4.17658333333333
"438",43.7,22.4781620895522,0.640666666666675,4.177
"439",43.8,22.4971008823529,0.74970833333333,4.177
"440",43.9,22.525222406015,0.850583333333323,4.177
"441",44,22.5429870588235,1.0749642857143,4.17741071428571
"442",44.1,22.5421006060606,1.51752083333335,4.17752083333333
"443",44.2,22.5513382352941,2.41252727272727,4.17749090909091
"444",44.3,22.5410858585859,2.1805925925926,4.177
"445",44.4,22.5377234586466,0.934916666666664,4.177
"446",44.5,22.5232880597015,0.828872340425531,4.17659574468085
"447",44.6,22.5397146616541,0.892055555555562,4.17661111111111
"448",44.7,22.547441641791,0.714571428571433,4.177
"449",44.8,22.5515926262626,0.5074375,4.177
"450",44.9,22.5702868421053,0.483377358490566,4.177
"451",45,22.5618785074627,0.378914893617009,4.17651063829787
"452",45.1,22.5557115789474,0.284916666666668,4.17739583333333
"453",45.2,22.5630804477612,0.304595744680856,4.177
"454",45.3,22.5454540909091,0.446375,4.177
"455",45.4,22.5378334328358,0.404549999999999,4.177
"456",45.5,22.5393197029703,0.462489361702133,4.178
"457",45.6,22.5373952631579,2.10065957446812,4.178
"458",45.7,22.5189654411765,2.27002127659575,4.177
"459",45.8,22.4617793181818,0.690508196721335,4.177
"460",45.9,22.4584729850746,0.413514285714286,4.177
"461",46,22.4511954,0.520787234042547,4.17623404255319
"462",46.1,22.4464536842105,0.266833333333334,4.17785416666667
"463",46.2,22.4622692537313,0.337241379310344,4.177
"464",46.3,22.4419810526316,0.416333333333326,4.177
"465",46.4,22.4221267647059,0.409811320754716,4.177
"466",46.5,22.412495959596,0.443000000000001,4.178
"467",46.6,22.4092994029851,1.89972340425535,4.17868085106383
"468",46.7,22.4323581818182,2.41163157894737,4.17735087719298
"469",46.8,22.4222636842105,1.53821052631579,4.177
"470",46.9,22.42327,0.671978723404242,4.177
"471",47,22.4310047368421,0.209363636363621,4.177
"472",47.1,22.4227875,-0.246981132075477,4.17656603773585
"473",47.2,22.4246977272727,-0.444068965517231,4.177
"474",47.3,22.4261442105263,-0.677535714285713,4.177
"475",47.4,22.4239167164179,-0.914500000000001,4.177
"476",47.5,22.4164633834586,-1.19472222222222,4.17738888888889
"477",47.6,22.4137458208955,-1.43596296296296,4.17674074074074
"478",47.7,22.4177307,-1.30187234042553,4.177
"479",47.8,22.4434623703704,-1.14559615384616,4.177
"480",47.9,22.4941907462687,-0.700627118644054,4.177
"481",48,22.5087513533835,0.178240740740749,4.177
"482",48.1,22.54257,-0.0304468085106456,4.17668085106383
"483",48.2,22.5446871717172,-0.408888888888888,4.17777777777778
"484",48.3,22.5470917293233,-0.530799999999993,4.177
"485",48.4,22.5468909090909,-0.82998076923076,4.177
"486",48.5,22.5587747368421,-1.09356250000001,4.177
"487",48.6,22.5618898507463,-1.49474468085108,4.17608510638298
"488",48.7,22.5556527272727,-1.32063829787234,4.177
"489",48.8,22.5481263432836,-1.18322727272727,4.177
"490",48.9,22.5407745454545,-0.95048076923077,4.177
"491",49,22.538822406015,-0.573115384615386,4.17628846153846
"492",49.1,22.544983880597,-1.3315833333334,4.177375
"493",49.2,22.5538733834586,-2.98544897959177,4.17744897959184
"494",49.3,22.5508931343284,-4.38849090909092,4.177
"495",49.4,22.5526325,-4.14766666666667,4.177
"496",49.5,22.5483994029851,-3.81078723404256,4.177
"497",49.6,22.5374092537313,-3.84889361702128,4.17723404255319
"498",49.7,22.5331421052632,-3.89766666666667,4.177
"499",49.8,22.5242743283582,-4.19558333333332,4.177
"500",49.9,22.526683030303,-4.09357894736842,4.177
"501",50,22.523692761194,-2.7565454545454,4.177
"502",50.1,22.5385540909091,-1.27726530612249,4.1774693877551
"503",50.2,22.545204962406,-2.63532142857138,4.17807142857143
"504",50.3,22.5487508823529,-4.30002083333332,4.177
"505",50.4,22.5358642,-4.19289361702127,4.177
"506",50.5,22.5375157894737,-3.7769649122807,4.177
"507",50.6,22.5434168181818,-3.83775,4.1755625
"508",50.7,22.536182481203,-3.89658333333333,4.177
"509",50.8,22.5470004477612,-4.14782,4.177
"510",50.9,22.5426557894737,-4.15809090909091,4.177
"511",51,22.549267,-4.30408,4.177
"512",51.1,22.5429084848485,-4.31981818181818,4.17603636363636
"513",51.2,22.5511081203008,-4.58257894736842,4.17712280701754
"514",51.3,22.5527262686567,-4.63914893617021,4.17704255319149
"515",51.4,22.5681372932331,-4.82906382978724,4.177
"516",51.5,22.5749247761194,-4.96153448275862,4.17794827586207
"517",51.6,22.5505832,-5.36227272727274,4.17518181818182
"518",51.7,22.5424035820896,-6.07861702127656,4.17672340425532
"519",51.8,22.5370625373134,-5.69366666666667,4.177
"520",51.9,22.5222032330827,-4.8604375,4.177
"521",52,22.5224658823529,-5.11993877551024,4.17777551020408
"522",52.1,22.5320182,-5.11818181818181,4.17854545454545
"523",52.2,22.5479347368421,-4.6635,4.177
"524",52.3,22.5567731818182,-4.54187499999999,4.17789583333333
"525",52.4,22.54723,-4.592,4.177
"526",52.5,22.5497479104478,-4.91301724137931,4.17722413793103
"527",52.6,22.5473386,-5.17016666666669,4.17587037037037
"528",52.7,22.5300116541353,-5.79577777777774,4.17598148148148
"529",52.8,22.5451863636364,-6.03444680851065,4.177
"530",52.9,22.5741764661654,-4.79002127659576,4.177
"531",53,22.5734620895522,-4.81343749999998,4.177
"532",53.1,22.5563437593985,-5.1755,4.17983333333333
"533",53.2,22.5583611940299,-4.97287500000001,4.178
"534",53.3,22.5626542574257,-5.7585,4.177
"535",53.4,22.563602556391,-5.5326875,4.177
"536",53.5,22.5722964179104,-5.92500000000001,4.177
"537",53.6,22.5709533082707,-5.95975,4.17641666666667
"538",53.7,22.5541508955224,-5.88110526315789,4.17912280701754
"539",53.8,22.551616,-6.15782142857142,4.177
"540",53.9,22.54131,-7.57045454545455,4.177
"541",54,22.5381368656716,-7.33516666666666,4.177
"542",54.1,22.5669510606061,-7.04825,4.1765625
"543",54.2,22.5886647058824,-6.99035416666669,4.17772916666667
"544",54.3,22.5790473,-5.94697916666668,4.177
"545",54.4,22.5749133834586,-5.65183333333332,4.177
"546",54.5,22.5764107462687,-5.72475,4.177
"547",54.6,22.5575337121212,-5.9693275862069,4.17670689655172
"548",54.7,22.5434594029851,-5.87269811320755,4.17818867924528
"549",54.8,22.5655033082707,-5.95833333333333,4.17711111111111
"550",54.9,22.5535615,-7.6101914893617,4.177
"551",55,22.5568397014925,-7.3500625,4.177
"552",55.1,22.55382,-7.08324137931035,4.17605172413793
"553",55.2,22.5508911764706,-7.131,4.17797872340426
"554",55.3,22.5311266666667,-6.892875,4.177
"555",55.4,22.5424447761194,-6.70416666666667,4.177
"556",55.5,22.547849009901,-6.948,4.177
"557",55.6,22.5633445864662,-6.8922641509434,4.17820754716981
"558",55.7,22.5627435294118,-6.67901960784313,4.17892156862745
"559",55.8,22.5809468939394,-6.53564912280698,4.177
"560",55.9,22.5836769117647,-7.78259649122807,4.177
"561",56,22.5836262,-7.82338461538462,4.177
"562",56.1,22.5836017293233,-7.58679999999998,4.17746
"563",56.2,22.5871144776119,-7.27166666666667,4.17866666666667
"564",56.3,22.5728961363636,-5.6523846153846,4.17769230769231
"565",56.4,22.5610864179104,-6.55851020408162,4.177
"566",56.5,22.5255532,-6.79933333333334,4.177
"567",56.6,22.5058077443609,-6.91475,4.17747916666667
"568",56.7,22.4791353731343,-6.76437500000001,4.179
"569",56.8,22.47757,-6.628306122449,4.177
"570",56.9,22.482897761194,-7.69506382978722,4.177
"571",57,22.4999691729323,-7.823,4.177
"572",57.1,22.5084164179104,-7.58585714285712,4.17746428571429
"573",57.2,22.4983940594059,-7.18542553191494,4.17853191489362
"574",57.3,22.4830923308271,-5.56405769230769,4.17748076923077
"575",57.4,22.4614331343284,-5.47108333333333,4.177
"576",57.5,22.4754118796992,-5.5441875,4.177
"577",57.6,22.4826998507463,-5.95600000000003,4.17733333333333
"578",57.7,22.4894408,-6.07945833333334,4.17658333333333
"579",57.8,22.4888664661654,-5.9665,4.177375
"580",57.9,22.4831441791045,-5.79503448275863,4.177
"581",58,22.5024133333333,-6.13616666666668,4.177
"582",58.1,22.5018270588235,-5.8799375,4.178375
"583",58.2,22.5058836,-5.80510909090911,4.17730909090909
"584",58.3,22.4937358646617,-5.85556140350877,4.17738596491228
"585",58.4,22.4834368656716,-5.50350909090909,4.177
"586",58.5,22.4941293984962,-5.50918750000001,4.177
"587",58.6,22.4815862686567,-5.77931250000005,4.1775625
"588",58.7,22.5080433333333,-6.11639583333334,4.17695833333333
"589",58.8,22.5197898019802,-5.96079591836734,4.17740816326531
"590",58.9,22.531615,-5.766875,4.177
"591",59,22.5213133082707,-6.22221276595746,4.177
"592",59.1,22.5083064179105,-6.54708510638298,4.17912765957447
"593",59.2,22.5198865909091,-5.679,4.177
"594",59.3,22.5202502985075,-5.92210714285714,4.17741071428571
"595",59.4,22.5100745544554,-5.46452083333331,4.17760416666667
"596",59.5,22.5030108270677,-4.74537931034483,4.17758620689655
"597",59.6,22.5023411764706,-4.57856,4.17658
"598",59.7,22.4919070676692,-4.36970212765957,4.1758085106383
"599",59.8,22.4986343283582,-6.34293749999984,4.177
"600",59.9,22.49487,-7.41004166666666,4.177
"601",60,22.4842825373134,-7.16968421052631,4.178
"602",60.1,22.4678475757576,-7.00222535211266,4.17732394366197
"603",60.2,22.4645645864662,-6.93004255319138,4.175
"604",60.3,22.4656571641791,-8.49474193548384,4.17687096774193
"605",60.4,22.4606233333333,-6.69024561403515,4.17701754385965
"606",60.5,22.4614575373134,-4.85792307692304,4.17715384615385
"607",60.6,22.4606866666667,-4.65157142857143,4.17721428571429
"608",60.7,22.4822959398496,-4.39625531914894,4.17525531914894
"609",60.8,22.5171695522388,-4.61772549019607,4.177
"610",60.9,22.5260066917293,-7.57482758620688,4.177
"611",61,22.5404714925373,-7.30464516129032,4.17745161290323
"612",61.1,22.5327635,-7.11835714285714,4.17767857142857
"613",61.2,22.5252537593985,-6.83612765957447,4.1776170212766
"614",61.3,22.5241297014925,-7.9759999999999,4.175
"615",61.4,22.5501542105263,-8.21356250000001,4.177
"616",61.5,22.548613880597,-8.07152631578947,4.177
"617",61.6,22.5325263636364,-7.73280851063829,4.17802127659574
"618",61.7,22.5372243283582,-8.18561702127659,4.1763829787234
"619",61.8,22.5460623529412,-8.998125,4.177
"620",61.9,22.5615891729323,-8.9305,4.177
"621",62,22.5619113235294,-8.93598360655738,4.177
"622",62.1,22.5678725252525,-8.81324999999999,4.17670833333333
"623",62.2,22.5600734328358,-8.6751914893617,4.178
"624",62.3,22.5560615151515,-11.2727647058824,4.177
"625",62.4,22.5598366666667,-10.7311428571429,4.177
"626",62.5,22.5498792537313,-9.88571428571431,4.177
"627",62.6,22.564158,-7.85312765957445,4.17765957446808
"628",62.7,22.5605662406015,-7.95072340425531,4.17676595744681
"629",62.8,22.5510881818182,-9.02102127659574,4.17746808510638
"630",62.9,22.5360382706767,-8.92248076923077,4.177
"631",63,22.5344504477612,-8.935625,4.177
"632",63.1,22.5140129323308,-8.79449999999999,4.17608333333333
"633",63.2,22.5107132835821,-8.67684210526316,4.178
"634",63.3,22.5126494,-11.1518125,4.177
"635",63.4,22.5192792537313,-10.7425833333333,4.177
"636",63.5,22.5189646268657,-10.4433404255319,4.177
"637",63.6,22.5212133082707,-10.2257931034483,4.177
"638",63.7,22.5192594117647,-10.1204210526316,4.1778947368421
"639",63.8,22.5206888,-11.9229583333334,4.176
"640",63.9,22.5106382089552,-12.924914893617,4.177
"641",64,22.4985815151515,-12.561962962963,4.177
"642",64.1,22.5036712030075,-12.3617021276596,4.17853191489362
"643",64.2,22.5285495522388,-12.1037118644068,4.17830508474576
"644",64.3,22.5140555555556,-11.8830754716981,4.17828301886792
"645",64.4,22.5178458646617,-17.1781428571429,4.17742857142857
"646",64.5,22.5298818181818,-16.8245000000001,4.177
"647",64.6,22.5214953383459,-14.3876666666664,4.177
"648",64.7,22.513848358209,-10.1627872340426,4.17776595744681
"649",64.8,22.5302846616541,-11.8842244897962,4.176
"650",64.9,22.5695089552239,-12.9366551724138,4.177
"651",65,22.5835738613861,-12.5596595744681,4.177
"652",65.1,22.5970065909091,-12.3613191489362,4.17878723404255
"653",65.2,22.6101317910448,-12.0806875,4.17802083333333
"654",65.3,22.6094988059702,-12.2477659574474,4.17891489361702
"655",65.4,22.5975871641791,-17.1623559322034,4.17703389830508
"656",65.5,22.6058075,-16.7251250000001,4.177
"657",65.6,22.6218970676692,-16.1097037037037,4.177
"658",65.7,22.6217780597015,-15.8700714285714,4.17717857142857
"659",65.8,22.6075025,-15.7402181818182,4.17658181818182
"660",65.9,22.6053763235294,-17.155,4.177
"661",66,22.6035405,-18.8275,4.177
"662",66.1,22.5999966917293,-18.2345714285714,4.177
"663",66.2,22.6046417910448,-17.813085106383,4.17744680851064
"664",66.3,22.6123931818182,-17.5866666666666,4.17633333333333
"665",66.4,22.6109458208955,-17.3907446808511,4.177
"666",66.5,22.5988314,-17.9209166666661,4.17727083333333
"667",66.6,22.603492481203,-22.1868958333331,4.17772916666667
"668",66.7,22.6135880597015,-16.7142978723405,4.178
"669",66.8,22.6087903030303,-15.7606538461538,4.17598076923077
"670",66.9,22.6010495522388,-16.4384791666669,4.177
"671",67,22.5304563157895,-18.9218867924529,4.177
"672",67.1,22.4823294029851,-18.2955636363636,4.177
"673",67.2,22.4648731683168,-17.8578125,4.17702083333333
"674",67.3,22.4499719402985,-17.6125,4.176125
"675",67.4,22.4486185074627,-17.4115090909091,4.177
"676",67.5,22.454892556391,-17.2381724137931,4.17705172413793
"677",67.6,22.4595723529412,-22.59675,4.178
"678",67.7,22.4600792,-21.9383461538462,4.17794230769231
"679",67.8,22.44982,-21.5127708333333,4.177
"680",67.9,22.4367218181818,-21.2572142857143,4.177
"681",68,22.4335682706767,-21.1383272727273,4.177
"682",68.1,22.4363849253731,-20.6624583333333,4.17795833333333
"683",68.2,22.4287524,-21.7670377358489,4.17750943396226
"684",68.3,22.4257251879699,-23.2204999999999,4.177
"685",68.4,22.4347555223881,-22.5075925925926,4.177
"686",68.5,22.4294081818182,-22.0623333333334,4.177
"687",68.6,22.4222474626866,-21.838,4.177
"688",68.7,22.4232414285714,-21.21525,4.177
"689",68.8,22.4143679104478,-21.384,4.177
"690",68.9,22.4290271287129,-21.3266875,4.177
"691",69,22.4369478787879,-21.218,4.177
"692",69.1,22.4444591176471,-20.9246875,4.177
"693",69.2,22.4467621212121,-20.6227708333333,4.17679166666667
"694",69.3,22.4444637313433,-23.1820625,4.1773125
"695",69.4,22.4546422,-22.8504791666666,4.177
"696",69.5,22.4432179699248,-22.341,4.177
"697",69.6,22.43079,-21.9065,4.177
"698",69.7,22.4360660606061,-21.565829787234,4.17744680851064
"699",69.8,22.4422138235294,-21.2892641509434,4.17801886792453
"700",69.9,22.4375216,-24.6761875,4.177
"701",70,22.443202406015,-25.38075,4.177
"702",70.1,22.4308441791045,-24.7742127659574,4.17646808510638
"703",70.2,22.4258316666667,-24.3520638297872,4.177
"704",70.3,22.4265108823529,-24.0607021276596,4.17714893617021
"705",70.4,22.4328846464647,-24.1574,4.177
"706",70.5,22.4460611278196,-28.5997959183674,4.177
"707",70.6,22.4344123880597,-27.3317083333333,4.17739583333333
"708",70.7,22.4451003787879,-26.8614035087719,4.17840350877193
"709",70.8,22.4518235294118,-25.8294893617021,4.179
"710",70.9,22.4705115151515,-24.1725531914894,4.177
"711",71,22.4478465671642,-25.4420714285714,4.177
"712",71.1,22.4412043564356,-24.8572765957447,4.1768085106383
"713",71.2,22.4500833082707,-24.36975,4.177
"714",71.3,22.4500608823529,-24.11775,4.17675
"715",71.4,22.4430995454545,-24.1035,4.177
"716",71.5,22.4473579411765,-28.736041666667,4.177
"717",71.6,22.455144,-27.3158085106383,4.17748936170213
"718",71.7,22.4661310526316,-26.8308333333333,4.17858333333333
"719",71.8,22.4742,-26.3045510204082,4.17836734693878
"720",71.9,22.4627936363636,-28.6742978723403,4.177
"721",72,22.4629973134328,-29.7936666666667,4.177
"722",72.1,22.4691551,-29.0425964912281,4.17801754385965
"723",72.2,22.4609263909774,-28.5475,4.1785
"724",72.3,22.4434867164179,-29.8202653061227,4.17802040816327
"725",72.4,22.4411542424242,-30.6622307692308,4.177
"726",72.5,22.4366219117647,-29.751625,4.178375
"727",72.6,22.4329465909091,-29.2575416666667,4.177
"728",72.7,22.4327865671642,-31.01125,4.178125
"729",72.8,22.434880990099,-29.5108627450977,4.17849019607843
"730",72.9,22.4415133834586,-28.3332500000003,4.177
"731",73,22.4409513432836,-29.8483333333335,4.177
"732",73.1,22.4389237878788,-29.0184181818182,4.17816363636364
"733",73.2,22.4448573134328,-28.5498571428571,4.17838775510204
"734",73.3,22.4293232,-29.1597368421055,4.17843859649123
"735",73.4,22.4310988721804,-30.7351764705882,4.177
"736",73.5,22.4347279411765,-29.8533800000001,4.17814
"737",73.6,22.4338331578947,-29.3080344827586,4.17703448275862
"738",73.7,22.4266449253731,-30.986,4.17866666666667
"739",73.8,22.4233969,-30.4245172413793,4.17851724137931
"740",73.9,22.4092963157895,-29.7385625,4.17722916666667
"741",74,22.40155,-31.6405957446803,4.177
"742",74.1,22.4144151879699,-32.5160344827585,4.177
"743",74.2,22.4245235820896,-31.49575,4.178
"744",74.3,22.4587075757576,-33.0551509433964,4.17666037735849
"745",74.4,22.4668028,-33.8828333333334,4.177
"746",74.5,22.458338019802,-32.918,4.177
"747",74.6,22.4608436090226,-34.1779166666667,4.17758333333333
"748",74.7,22.4714107462687,-33.6507678571429,4.17651785714286
"749",74.8,22.4730010606061,-33.0411063829787,4.17653191489362
"750",74.9,22.4773505970149,-34.6022452830189,4.177
"751",75,22.461238,-31.1274615384614,4.177
"752",75.1,22.4576279699248,-32.8343333333333,4.177
"753",75.2,22.4598980882353,-31.8051041666667,4.18058333333333
"754",75.3,22.4579761363636,-31.7611063829791,4.17621276595745
"755",75.4,22.4512095588235,-34.3331,4.177
"756",75.5,22.4520436,-33.127125,4.177
"757",75.6,22.4427871428571,-35.1458333333332,4.18016666666667
"758",75.7,22.4613888059701,-33.875,4.176
"759",75.8,22.4867412121212,-33.1169166666666,4.17608333333333
"760",75.9,22.4792802941176,-34.877375,4.177
"761",76,22.4663738383838,-35.1628823529412,4.177
"762",76.1,22.469902,-34.4992127659574,4.17785106382979
"763",76.2,22.4836282178218,-37.0401666666667,4.178
"764",76.3,22.4887816541353,-36.2842830188679,4.17866037735849
"765",76.4,22.4816092537313,-35.8787446808511,4.177
"766",76.5,22.4727588636364,-38.1427500000001,4.177
"767",76.6,22.4471950746269,-37.1476964285714,4.17723214285714
"768",76.7,22.4436724,-37.5814528301885,4.17781132075472
"769",76.8,22.4527954887218,-37.88225,4.174375
"770",76.9,22.4480880597015,-38.9507659574468,4.177
"771",77,22.4521159398496,-35.7080000000001,4.177
"772",77.1,22.4410049253731,-34.43275,4.177625
"773",77.2,22.4532566666667,-37.002333333333,4.17797222222222
"774",77.3,22.47156,-36.4339152542372,4.17883050847458
"775",77.4,22.4701249253731,-35.7906666666666,4.177
"776",77.5,22.4573761654135,-36.9499583333332,4.177
"777",77.6,22.4430938235294,-37.8067499999999,4.17591666666667
"778",77.7,22.4465254545455,-36.763,4.178
"779",77.8,22.450400990099,-38.6039166666666,4.17675
"780",77.9,22.4438796,-37.7446666666665,4.177
"781",78,22.4461454887218,-39.2225102040816,4.17595918367347
"782",78.1,22.4559219402985,-38.447,4.178
"783",78.2,22.4435754545455,-39.2108333333334,4.17620833333333
"784",78.3,22.4452973267327,-39.7348181818183,4.17863636363636
"785",78.4,22.4498337373737,-40.153358490566,4.17762264150943
"786",78.5,22.4747246616541,-42.8728333333334,4.177
"787",78.6,22.5095741791045,-42.6705510204083,4.177
"788",78.7,22.4944166165414,-42.2517777777778,4.175
"789",78.8,22.4880125373134,-44.7357499999999,4.17608333333333
"790",78.9,22.4969842424242,-46.4606428571428,4.17710714285714
"791",79,22.4928879104478,-46.6293050847457,4.177
"792",79.1,22.4891304477612,-43.1021875,4.1778125
"793",79.2,22.4943965413534,-39.2088510638298,4.17617021276596
"794",79.3,22.5259417647059,-39.6192857142859,4.17842857142857
"795",79.4,22.5240224242424,-40.1919642857143,4.17796428571429
"796",79.5,22.5097101492537,-43.075814814815,4.177
"797",79.6,22.502326969697,-42.552,4.177
"798",79.7,22.5037459398496,-42.1873333333333,4.175
"799",79.8,22.4770013432836,-45.0042499999999,4.17658333333333
"800",79.9,22.4819693939394,-45.9463389830509,4.17749152542373
"801",80,22.5080419,-46.3424893617021,4.177
"802",80.1,22.5256210891089,-46.857,4.17744444444444
"803",80.2,22.51477,-48.2493673469389,4.17702040816327
"804",80.3,22.5032162686567,-49.1142083333333,4.1768125
"805",80.4,22.4833677443609,-49.1681458333333,4.17752083333333
"806",80.5,22.485096119403,-49.7745625,4.177
"807",80.6,22.506096969697,-49.5925,4.178
"808",80.7,22.5252952631579,-52.97525,4.17575
"809",80.8,22.537118358209,-54.56725,4.1783125
"810",80.9,22.5443478947368,-54.7999636363636,4.177
"811",81,22.5490849253731,-55.1749183673469,4.177
"812",81.1,22.5490215,-52.20825,4.178
"813",81.2,22.5397863157895,-47.8743333333335,4.1755
"814",81.3,22.5284379104478,-49.0665833333333,4.17908333333333
"815",81.4,22.5338410526316,-49.202,4.177
"816",81.5,22.5412317647059,-49.6670784313726,4.177
"817",81.6,22.536426,-49.58275,4.178
"818",81.7,22.5250228,-53.3564210526316,4.17549122807018
"819",81.8,22.526864,-54.5671666666667,4.17829166666667
"820",81.9,22.53107,-54.8319583333333,4.177
"821",82,22.522122238806,-55.18108,4.177
"822",82.1,22.5223428,-55.8760000000001,4.1773137254902
"823",82.2,22.5369168,-56.766,4.17625
"824",82.3,22.5329093939394,-57.31475,4.17725
"825",82.4,22.5289710526316,-58.2241666666667,4.177
"826",82.5,22.5342001492537,-58.91525,4.17808333333333
"827",82.6,22.5321278947368,-59.484,4.176
"828",82.7,22.5354750746269,-60.4468571428572,4.17904081632653
"829",82.8,22.528364949495,-60.9395000000001,4.177
"830",82.9,22.5335752238806,-61.877,4.177
"831",83,22.5479402985075,-62.6759375,4.177
"832",83.1,22.5341505263158,-58.3356545454544,4.17661818181818
"833",83.2,22.5289847058824,-56.807,4.17708333333333
"834",83.3,22.5371496,-57.4511489361703,4.177
"835",83.4,22.5298068421053,-58.3195,4.177
"836",83.5,22.5187109090909,-58.774909090909,4.177
"837",83.6,22.5098921052632,-59.6326875,4.17627083333333
"838",83.7,22.5104786567164,-60.4749799999999,4.17714
"839",83.8,22.5113361,-61.1309166666667,4.177
"840",83.9,22.5257929,-61.8921489361702,4.177
"841",84,22.5370159,-62.9154374999999,4.17672916666667
"842",84.1,22.5393584210526,-63.0532653061225,4.17765306122449
"843",84.2,22.5387452238806,-62.0822962962963,4.17937037037037
"844",84.3,22.5338131578947,-62.8046666666667,4.177
"845",84.4,22.540086119403,-63.3835,4.177
"846",84.5,22.5435905,-63.9646458333333,4.17814583333333
"847",84.6,22.5260173484848,-64.3737076923077,4.17706153846154
"848",84.7,22.5097055223881,-64.8552678571429,4.178
"849",84.8,22.5155919548872,-65.871875,4.17775
"850",84.9,22.5211871641791,-66.8287083333334,4.177
"851",85,22.52366,-67.3765172413792,4.177
"852",85.1,22.5235120300752,-68.0941304347826,4.17657971014493
"853",85.2,22.522645,-61.7537272727273,4.18163636363636
"854",85.3,22.5289948484848,-62.281,4.178
"855",85.4,22.52308,-63.0292083333333,4.177
"856",85.5,22.5135099,-63.704625,4.177125
"857",85.6,22.5140085,-64.2268333333333,4.17858333333333
"858",85.7,22.5206153465347,-64.6702916666666,4.178
"859",85.8,22.5265936363636,-65.795125,4.17825
"860",85.9,22.5305798507463,-66.8287083333334,4.177
"861",86,22.5375727,-67.3377924528301,4.177
"862",86.1,22.5402449,-68.3145192307692,4.17657692307692
"863",86.2,22.5482272,-68.8708775510204,4.177
"864",86.3,22.5573986363636,-69.2633333333333,4.17760416666667
"865",86.4,22.5525191044776,-69.4145535714286,4.177
"866",86.5,22.5340618045113,-69.6874375,4.177
"867",86.6,22.5314740298507,-71.7623673469389,4.177
"868",86.7,22.523365,-72.2160566037736,4.17733962264151
"869",86.8,22.5173860902256,-72.283693877551,4.17765306122449
"870",86.9,22.5079667164179,-72.5783518518519,4.177
"871",87,22.5081521052632,-72.9632982456139,4.177
"872",87.1,22.4990323880597,-73.7329215686273,4.17429411764706
"873",87.2,22.490185,-70.07325,4.17775
"874",87.3,22.479322406015,-69.23928,4.17798
"875",87.4,22.46515,-69.4276785714286,4.177
"876",87.5,22.4748545454545,-69.3225,4.177
"877",87.6,22.4895364705882,-71.1399285714286,4.177
"878",87.7,22.47592,-72.2521666666667,4.177
"879",87.8,22.4775468316832,-72.2743333333333,4.178
"880",87.9,22.4884744554455,-72.4292222222222,4.177
"881",88,22.4862181818182,-72.7441212121212,4.177
"882",88.1,22.4863086567164,-73.422350877193,4.17650877192982
"883",88.2,22.4989526315789,-74.4006428571428,4.17898214285714
"884",88.3,22.5104042424242,-74.7038125,4.1770625
"885",88.4,22.499505,-75.21685,4.177
"886",88.5,22.4786777272727,-76.2668749999999,4.177
"887",88.6,22.4659544117647,-77.3179375,4.178
"888",88.7,22.4737734848485,-78.8376666666665,4.175
"889",88.8,22.4781004477612,-79.6133137254903,4.17680392156863
"890",88.9,22.4768881,-77.839,4.177
"891",89,22.481227593985,-77.4688333333332,4.177
"892",89.1,22.4831808823529,-78.352224489796,4.17910204081633
"893",89.2,22.4948954545455,-79.0930625,4.176
"894",89.3,22.4994188235294,-78.9496829268293,4.17787804878049
"895",89.4,22.49281,-75.7446666666666,4.177
"896",89.5,22.496595,-75.957875,4.177
"897",89.6,22.5081082178218,-76.9304705882353,4.178
"898",89.7,22.5182299242424,-78.453693877551,4.175
"899",89.8,22.51027,-79.3784375,4.1764375
"900",89.9,22.5041247474747,-78.5415263157893,4.177
"901",90,22.493675,-77.0939215686274,4.177
"902",90.1,22.48611,-78.01375,4.17633333333333
"903",90.2,22.4830351515152,-78.7691515151515,4.17660606060606
"904",90.3,22.4702541176471,-79.42925,4.17825
"905",90.4,22.4757554545455,-80.5871132075471,4.177
"906",90.5,22.4719841791045,-81.69125,4.177
"907",90.6,22.4736357,-82.251,4.1765
"908",90.7,22.4794262406015,-83.1102641509434,4.17820754716981
"909",90.8,22.4875338235294,-83.8322807017544,4.17764912280702
"910",90.9,22.4926606060606,-84.02925,4.177
"911",91,22.4855244776119,-83.8852500000001,4.177
"912",91.1,22.4659843,-83.3318620689655,4.177
"913",91.2,22.4664258208955,-84.2262708333332,4.1775625
"914",91.3,22.4699392424242,-85.8544385964912,4.17377192982456
"915",91.4,22.4706531578947,-86.041875,4.177
"916",91.5,22.4706526470588,-82.8450909090911,4.177
"917",91.6,22.4587155555556,-82.0901666666667,4.17691666666667
"918",91.7,22.4617715,-82.9925,4.17866666666667
"919",91.8,22.4663034653465,-83.7979827586207,4.17787931034483
"920",91.9,22.4649319548872,-84.00425,4.177
"921",92,22.4690001492537,-84.0275178571429,4.177
"922",92.1,22.4774360150376,-83.38422,4.177
"923",92.2,22.4675923880597,-83.866,4.17771428571429
"924",92.3,22.4607770707071,-85.6580000000001,4.17358333333333
"925",92.4,22.467860075188,-86.0285,4.177
"926",92.5,22.4793956716418,-86.6378125,4.177
"927",92.6,22.4722896240602,-87.2525178571429,4.17744642857143
"928",92.7,22.4655256716418,-87.9506530612245,4.17718367346939
"929",92.8,22.4648675757576,-88.3501228070176,4.17861403508772
"930",92.9,22.4684846268657,-88.628375,4.177
"931",93,22.4845310447761,-89.0665833333333,4.177
"932",93.1,22.4714320300752,-89.57356,4.177
"933",93.2,22.4697935294118,-90.3552545454545,4.18001818181818
"934",93.3,22.4788614141414,-90.8521428571429,4.17642857142857
"935",93.4,22.4902714851485,-91.65575,4.17670833333333
"936",93.5,22.505035,-92.6216296296296,4.177
"937",93.6,22.5063342105263,-93.4355625,4.17772916666667
"938",93.7,22.4911010447761,-93.9617326732673,4.177
"939",93.8,22.479125,-93.631,4.17604950495049
"940",93.9,22.489605,-92.5059732142857,4.17361607142857
"941",94,22.4940023232323,-92.4415465116279,4.17612790697674
"942",94.1,22.4994017293233,-93.4983240740741,4.177
"943",94.2,22.5015849253731,-94.5097173913043,4.177
"944",94.3,22.4964178947368,-95.3253168316832,4.177
"945",94.4,22.4947301492537,-95.7574601769911,4.177
"946",94.5,22.4939133333333,-96.3866041666666,4.177
"947",94.6,22.4935194029851,-97.1181208791209,4.177
"948",94.7,22.4994514925373,-98.0132018348624,4.17655963302752
"949",94.8,22.4987733834586,-99.0551304347826,4.17532608695652
"950",94.9,22.4844952238806,-99.656,4.17722330097087
"951",95,22.4779060606061,-100.009541666667,4.178
"952",95.1,22.4725462686567,-100.149872727273,4.17778181818182
"953",95.2,22.4836754545455,-100.239101123595,4.177
"954",95.3,22.4923390225564,-100.508613861386,4.177
"955",95.4,22.4947989705882,-100.671128205128,4.177
"956",95.5,22.483652,-100.866914634146,4.17691463414634
"957",95.6,22.4752992,-101.151909090909,4.17622727272727
"958",95.7,22.4744883,-101.421755102041,4.17669387755102
"959",95.8,22.4821066165414,-101.802387387387,4.17545945945946
"960",95.9,22.488608358209,-101.998185185185,4.17785185185185
"961",96,22.4824272932331,-102.070920792079,4.17624752475248
"962",96.1,22.4935189552239,-101.845086956522,4.177
"963",96.2,22.5154412,-101.785806451613,4.177
"964",96.3,22.5206545454545,-101.96824742268,4.177
"965",96.4,22.5133732835821,-101.763946428571,4.17716964285714
"966",96.5,22.513452556391,-101.733076923077,4.17792307692308
"967",96.6,22.502943880597,-101.500588235294,4.177
"968",96.7,22.4964512,-101.495230769231,4.17684615384615
"969",96.8,22.4948448120301,-103.156603960396,4.17645544554455
"970",96.9,22.4908189552239,-105.16822,4.178
"971",97,22.5010232330827,-106.6592,4.1778
"972",97.1,22.5053864705882,-106.543466666667,4.177
"973",97.2,22.5018114,-106.552040816327,4.177
"974",97.3,22.4804578,-106.518523364486,4.177
"975",97.4,22.4596188,-106.920833333333,4.17716666666667
"976",97.5,22.4388733834586,-107.211875,4.17784375
"977",97.6,22.4292417910448,-107.7912,4.1766
"978",97.7,22.4503828,-108.295445544554,4.17547524752475
"979",97.8,22.451718,-108.531981132075,4.177
"980",97.9,22.4363374,-108.619170212766,4.177
"981",98,22.4410188636364,-108.464951456311,4.177
"982",98.1,22.4502364179104,-108.596868686869,4.177
"983",98.2,22.4497344360902,-109.505375,4.177
"984",98.3,22.43661,-110.546135135135,4.177
"985",98.4,22.4260072,-110.888612903226,4.177
"986",98.5,22.4132603007519,-111.521404255319,4.177
"987",98.6,22.4098070149254,-112.137388349515,4.17773786407767
"988",98.7,22.4111348120301,-112.509233009709,4.18053398058252
"989",98.8,22.4079892537313,-112.896433962264,4.17812264150943
"990",98.9,22.4032936,-113.510211764706,4.17883529411765
"991",99,22.4014109774436,-113.967794392523,4.177
"992",99.1,22.3982019402985,-114.50006122449,4.177
"993",99.2,22.3995927272727,-115.156860215054,4.177
"994",99.3,22.4274288235294,-115.3792,4.177
"995",99.4,22.4704584,-115.263346153846,4.177
"997",99.6,22.4977128712871,-117.480171717172,4.179
"998",99.7,22.482875,-117.43129787234,4.17785106382979
"999",99.8,22.4815164705882,-116.404294117647,4.17417647058824
"1000",99.9,22.4923315909091,-116.142102803738,4.17779439252336
"1001",100,22.4986067164179,-116.825544554455,4.177
"1002",100.1,22.5083728,-117.663384615385,4.177
"1003",100.2,22.5016560606061,-118.264444444444,4.177
"1004",100.3,22.5047382352941,-118.584823529412,4.177
"1005",100.4,22.5005036363636,-119.152212765957,4.1768085106383
"1006",100.5,22.5080414925373,-119.61888,4.17624
"1007",100.6,22.5059314,-119.60752,4.177
"1008",100.7,22.4906805263158,-120.406384615385,4.17676923076923
"1009",100.8,22.4813817647059,-121.896,4.176625
"1010",100.9,22.4839887878788,-122.833475247525,4.17852475247525
"1011",101,22.4862805882353,-123.153233009709,4.177
"1012",101.1,22.496986,-123.006773195876,4.17720618556701
"1013",101.2,22.4977124,-123.507108910891,4.178
"1014",101.3,22.478514950495,-124.102365217391,4.17780869565217
"1015",101.4,22.4583854545455,-124.234585106383,4.17707446808511
"1016",101.5,22.4438452238806,-124.936051546392,4.178
"1017",101.6,22.4456284,-125.111472727273,4.17785454545454
"1018",101.7,22.4508048,-125.258068181818,4.17686363636364
"1019",101.8,22.4543216,-125.339734513274,4.1753185840708
"1020",101.9,22.4595736363636,-126.349878048781,4.177
"1021",102,22.4638158823529,-125.75859047619,4.177
"1022",102.1,22.4423154545455,-127.292446808511,4.1768085106383
"1023",102.2,22.4378028358209,-127.79596,4.17624
"1024",102.3,22.4479804,-128.586905660377,4.17677358490566
"1025",102.4,22.4449947368421,-128.748375,4.1761875
"1026",102.5,22.4513794117647,-128.4275,4.17766
"1027",102.6,22.4522466666667,-129.031333333333,4.17933333333333
"1028",102.7,22.4398665671642,-128.280266055046,4.17678899082569
"1029",102.8,22.4466197,-128.617520833333,4.17614583333333
"1030",102.9,22.4512766165414,-128.930097087379,4.177
"1031",103,22.4521792537313,-128.5661,4.177
"1032",103.1,22.4527184090909,-129.66964516129,4.177
"1033",103.2,22.4690091176471,-129.060477477477,4.177
"1034",103.3,22.4673332,-129.731863157895,4.177
"1035",103.4,22.46049,-129.797516129032,4.17631182795699
"1036",103.5,22.481264950495,-130.623781818182,4.17404545454545
"1037",103.6,22.5271590977444,-131.542142857143,4.178
"1038",103.7,22.5683502985075,-131.100907407407,4.1777962962963
"1039",103.8,22.5617215151515,-132.98001980198,4.177
"1040",103.9,22.5614505970149,-132.279777777778,4.177
"1041",104,22.5720406,-132.937177777778,4.177
"1042",104.1,22.5682937593985,-134.202333333333,4.177
"1043",104.2,22.5707153731343,-133.463043478261,4.17717391304348
"1044",104.3,22.5752784962406,-134.209,4.17824
"1045",104.4,22.5749008955224,-135.429581818182,4.17921818181818
"1046",104.5,22.5701749494949,-134.505333333333,4.17953333333333
"1047",104.6,22.5542645112782,-134.160689655172,4.17720689655172
"1048",104.7,22.5460522058824,-135.517643678161,4.17790804597701
"1049",104.8,22.5438366165414,-136.419456,4.177
"1050",104.9,22.5463034328358,-135.793056,4.177
"1051",105,22.553431,-136.127844660194,4.1771359223301
"1052",105.1,22.5480622,-135.479242718446,4.1778932038835
"1053",105.2,22.5365897029703,-134.098353982301,4.177
"1054",105.3,22.5454529323308,-132.702778761062,4.177
"1055",105.4,22.5499323880597,-133.366,4.17425
"1056",105.5,22.5413647474747,-134.21,4.1762
"1057",105.6,22.5380411,-134.161636363637,4.177
"1058",105.7,22.5451181,-136.206,4.177
"1059",105.8,22.5611788721804,-135.635106382979,4.177
"1060",105.9,22.56643,-136.853711538462,4.177
"1061",106,22.5535775,-136.556538461538,4.177
"1062",106.1,22.5378865671642,-136.937397849462,4.177
"1063",106.2,22.5542766,-137.751428571429,4.177
"1064",106.3,22.5688590225564,-138.077264705882,4.177
"1065",106.4,22.5691654411765,-138.733944444444,4.177
"1066",106.5,22.547575530303,-138.498104761905,4.17687619047619
"1067",106.6,22.5432197058824,-140.165666666667,4.17638095238095
"1068",106.7,22.5409446464646,-139.49928,4.17928
"1069",106.8,22.55014,-140.126745454545,4.177
"1070",106.9,22.5490824242424,-139.79986,4.177
"1071",107,22.5534994736842,-140.579108695652,4.177
"1072",107.1,22.5610030882353,-140.238654205608,4.17720560747664
"1073",107.2,22.5528806060606,-140.528309734513,4.178
"1074",107.3,22.5538316831683,-139.815613636364,4.178
"1075",107.4,22.5608542,-141.233384615385,4.17753846153846
"1076",107.5,22.5482181203008,-140.48020952381,4.17543809523809
"1077",107.6,22.5304923880597,-140.73412244898,4.17718367346939
"1078",107.7,22.5476922556391,-140.348560747663,4.17781308411215
"1079",107.8,22.5468288059702,-141.201355555556,4.177
"1080",107.9,22.5425336363636,-141.173811881188,4.177
"1081",108,22.54199,-141.473574074074,4.1772037037037
"1082",108.1,22.538708358209,-141.482461538462,4.17815384615385
"1083",108.2,22.5388445112782,-141.657735042735,4.17860683760684
"1084",108.3,22.5470055223881,-142.239891304348,4.177
"1085",108.4,22.5312536363636,-145.059538461538,4.17730769230769
"1086",108.5,22.538793358209,-145.449355140187,4.179
"1087",108.6,22.5521105970149,-146.037343434344,4.17883838383838
"1088",108.7,22.5264435338346,-150.167019417476,4.17783495145631
"1089",108.8,22.5268872058824,-148.802389473684,4.177
"1090",108.9,22.5447542424242,-148.59778125,4.17719791666667
"1091",109,22.5494628358209,-151.739899159664,4.17780672268908
"1092",109.1,22.5490451515151,-153.500626506024,4.17704819277108
"1093",109.2,22.544407518797,-151.786628865979,4.178
"1094",109.3,22.5483046268657,-151.426008264463,4.17780165289256
"1095",109.4,22.5520526,-153.395556962025,4.17703797468354
"1096",109.5,22.5499628,-156.269099009901,4.17728712871287
"1097",109.6,22.5401178,-154.635189189189,4.17541441441441
"1098",109.7,22.5389205263158,-153.617,4.177
"1099",109.8,22.5428174626866,-152.849448275862,4.177
"1100",109.9,22.5755994736842,-152.752789473684,4.17708421052632
"1101",110,22.5959497014925,-158.864731182796,4.178
"1102",110.1,22.5864190909091,-156.828571428571,4.17780952380952
"1103",110.2,22.5907935820896,-155.323514851485,4.177
"1104",110.3,22.6116726865672,-154.163490909091,4.17687272727273
"1105",110.4,22.6188345112782,-153.310271604938,4.17585185185185
"1106",110.5,22.611866119403,-152.582230088496,4.17381415929204
"1107",110.6,22.6142263636364,-153.487877551021,4.177
"1108",110.7,22.6241579104478,-163.95147368421,4.177
"1109",110.8,22.6336559090909,-162.190189473684,4.177
"1110",110.9,22.6337170676692,-160.835622641509,4.177
"1111",111,22.6285441176471,-159.879844660194,4.177
"1112",111.1,22.619974,-158.91137,4.17713
"1113",111.2,22.620486,-158.1605,4.17777192982456
"1114",111.3,22.6363036,-157.4105,4.17601754385965
"1115",111.4,22.6312161654135,-161.863891089108,4.17745544554455
"1116",111.5,22.6073632835821,-171.211222222222,4.1788253968254
"1117",111.6,22.6046720300752,-169.166777777778,4.17803174603175
"1118",111.7,22.6015464179104,-167.000702970297,4.177
"1119",111.8,22.6045192,-165.858706422018,4.177
"1120",111.9,22.5942706015038,-165.108428571429,4.177
"1121",112,22.562907761194,-164.321735849057,4.177
"1122",112.1,22.5297759398496,-163.5276,4.17604
"1123",112.2,22.5168858208955,-163.281247706422,4.17232110091743
"1124",112.3,22.5226316,-165.143752688172,4.17984946236559
"1125",112.4,22.5321115037594,-169.975571428571,4.17828571428571
"1126",112.5,22.53384,-168.277450450451,4.17956756756757
"1127",112.6,22.5461136842105,-167.098325301205,4.177
"1128",112.7,22.5608832352941,-166.051893203884,4.177
"1129",112.8,22.545002,-165.154115384615,4.177
"1130",112.9,22.540425037594,-164.484289719626,4.17714018691589
"1131",113,22.5394272727273,-163.819844444444,4.17808888888889
"1132",113.1,22.5232304511278,-164.162273684211,4.17881052631579
"1133",113.2,22.5338634328358,-169.61399,4.178
"1134",113.3,22.5384995,-173.188303278688,4.17781147540984
"1135",113.4,22.530787,-172.277805194805,4.17702597402597
"1136",113.5,22.5439899009901,-171.196176470588,4.17852941176471
"1137",113.6,22.539397443609,-170.57398,4.177
"1138",113.7,22.5239846268657,-170.025907407407,4.177
"1139",113.8,22.5251489473684,-169.46622,4.177
"1140",113.9,22.527506119403,-170.787739130434,4.17715217391304
"1141",114,22.5213408,-180.156990654206,4.17779439252336
"1142",114.1,22.52191,-178.851065217391,4.17716304347826
"1143",114.2,22.5222568181818,-177.454643564356,4.17777227722772
"1144",114.3,22.5193296992481,-176.5099,4.17678
"1145",114.4,22.5303586567164,-175.682888888889,4.17644444444444
"1146",114.5,22.5218255,-174.894633027523,4.17778899082569
"1147",114.6,22.5242236842105,-174.482391304348,4.177
"1148",114.7,22.5338780597015,-175.413440366972,4.177
"1149",114.8,22.5270066666667,-180.741142857143,4.177
"1150",114.9,22.5209972058824,-181.076915254237,4.17718644067797
"1151",115,22.5049735,-180.138604651163,4.178
"1152",115.1,22.4914695,-179.114631578947,4.17815789473684
"1153",115.2,22.4914022772277,-178.374190476191,4.179
"1154",115.3,22.5111555639098,-177.778952380952,4.179
"1155",115.4,22.5355553731343,-177.11141025641,4.17860683760684
"1156",115.5,22.5235179699248,-176.948,4.177
"1157",115.6,22.5070780597015,-178.964666666667,4.177
"1158",115.7,22.5049866,-182.13475,4.177
"1159",115.8,22.5100460150376,-181.087990291262,4.177
"1160",115.9,22.5207232835821,-180.3826875,4.177
"1161",116,22.5068836363636,-179.823371428572,4.177
"1162",116.1,22.5185797014925,-179.038723404255,4.17718085106383
"1163",116.2,22.5348885,-178.388,4.17754
"1164",116.3,22.5287866165414,-179.10355,4.17646
"1165",116.4,22.5135949253731,-182.77282,4.17777
"1166",116.5,22.5076091666667,-182.555513761468,4.177
"1167",116.6,22.5210261764706,-181.815842105263,4.177
"1168",116.7,22.5302325,-181.034517857143,4.177
"1169",116.8,22.53581,-180.467141176471,4.177
"1170",116.9,22.5305437313433,-180.2856,4.1768
"1171",117,22.5384525,-182.418905263158,4.17637894736842
"1172",117.1,22.5401819402985,-183.2955,4.17866666666667
"1173",117.2,22.5184812,-182.518434782609,4.177
"1174",117.3,22.51464,-182.352401960784,4.17632352941176
"1175",117.4,22.5210938613861,-184.09892,4.17463
"1176",117.5,22.5265198496241,-187.287601769912,4.177
"1177",117.6,22.5261061764706,-186.094685393258,4.177
"1178",117.7,22.5276268181818,-184.942056603774,4.17717924528302
"1179",117.8,22.5351570149254,-184.590142857143,4.17785714285714
"1180",117.9,22.531488,-188.937903846155,4.17721153846154
"1181",118,22.514462481203,-198.471711340206,4.178
"1182",118.1,22.5089028358209,-195.828545454545,4.178
"1183",118.2,22.5182783333333,-194.189090909091,4.17745454545455
"1184",118.3,22.5255335820896,-192.959151898734,4.1750253164557
"1185",118.4,22.555654,-191.88838,4.177
"1186",118.5,22.5677421052632,-192.01776,4.177
"1187",118.6,22.5769568656716,-196.918243478261,4.177
"1188",118.7,22.5657051515152,-203.585279569893,4.177
"1189",118.8,22.5617423529412,-201.235909090909,4.177
"1190",118.9,22.5690828,-199.7353125,4.1773125
"1191",119,22.5806232,-198.509380952381,4.1786380952381
"1192",119.1,22.5815601980198,-197.617757894737,4.1772947368421
"1193",119.2,22.5760995488722,-198.666672566371,4.17849557522124
"1194",119.3,22.576555,-206.6462,4.17613333333333
"1195",119.4,22.5934540909091,-204.900643564356,4.17784158415842
"1196",119.5,22.6009785074627,-203.441612903226,4.177
"1197",119.6,22.5957175,-202.173009523809,4.177
"1198",119.7,22.5966130827068,-202.162221052631,4.177
"1199",119.8,22.5974731343284,-205.688745762712,4.17718644067797
"1200",119.9,22.5955625,-205.294602409638,4.178
"1201",120,22.5984580597015,-203.8468,4.17737
"1202",120.1,22.5922828,-203.46196969697,4.17563636363636
"1203",120.2,22.5875878947368,-205.2453,4.17844
"1204",120.3,22.5958686567164,-204.792888888889,4.17933333333333
"1205",120.4,22.5786357894737,-204.386161016949,4.177
"1206",120.5,22.5244558208955,-205.587181818182,4.177
"1207",120.6,22.4857872,-207.407535714286,4.17715178571429
"1208",120.7,22.4874626315789,-206.643358695652,4.17794565217391
"1209",120.8,22.4993182089552,-207.345989473684,4.177
"1210",120.9,22.4880715789474,-208.701659793814,4.17718556701031
"1211",121,22.478556119403,-208.379787878788,4.17863636363636
"1212",121.1,22.4919343434343,-209.998896551724,4.18005172413793
"1213",121.2,22.4965755,-209.051785714286,4.17607142857143
"1214",121.3,22.4931835643564,-206.264991304348,4.177
"1215",121.4,22.4895778947368,-205.727882978723,4.177
"1216",121.5,22.4887876470588,-206.73625,4.177
"1217",121.6,22.4855325,-207.212705263158,4.1770947368421
"1218",121.7,22.4926068656716,-207.507826086956,4.17784782608696
"1219",121.8,22.493178019802,-208.162714285714,4.17637142857143
"1220",121.9,22.4904732330827,-208.728833333333,4.17466666666667
"1221",122,22.4863994029851,-210.56147826087,4.178
"1222",122.1,22.4774942857143,-211.433227272727,4.178
"1223",122.2,22.4810898507463,-212.293063157895,4.178
"1224",122.3,22.4871079591837,-212.6095,4.1778125
"1225",122.4,22.4848507462687,-212.564104761905,4.177
"1226",122.5,22.4800540909091,-213.25085106383,4.177
"1227",122.6,22.5040771428571,-214.286705882353,4.17719327731092
"1228",122.7,22.5087811764706,-215.833219512195,4.1779512195122
"1229",122.8,22.4977788,-215.718691588785,4.17761682242991
"1230",122.9,22.5039944,-215.342040816327,4.17969387755102
"1231",123,22.498922,-215.44611,4.17783
"1232",123.1,22.4883826865672,-215.934673267327,4.17733663366337
"1233",123.2,22.4851023880597,-216.813914893617,4.17882978723404
"1234",123.3,22.4847943564356,-217.055765217391,4.17780869565217
"1235",123.4,22.4843778,-217.307914893617,4.177
"1236",123.5,22.4957963636364,-217.015731481481,4.177
"1237",123.6,22.5045607462687,-217.616146067416,4.17705617977528
"1238",123.7,22.50765,-217.68052688172,4.178
"1239",123.8,22.5040125,-217.73899,4.178
"1240",123.9,22.4939252238806,-217.967171428571,4.17821904761905
"1241",124,22.4912823232323,-219.16847368421,4.17843157894737
"1242",124.1,22.4970876865672,-221.029763636364,4.17579090909091
"1243",124.2,22.5003945454545,-221.18,4.17528571428571
"1244",124.3,22.5088128571429,-221.018666666667,4.177
"1245",124.4,22.5071029411765,-221.27569,4.177
"1246",124.5,22.5465916,-221.416046728972,4.177
"1247",124.6,22.5904615789474,-221.66385106383,4.177
"1248",124.7,22.5951057575758,-221.82834,4.17678
"1249",124.8,22.60482,-222.018376237624,4.17621782178218
"1250",124.9,22.6221113432836,-222.272878787879,4.17721212121212
"1251",125,22.6383514,-222.88018,4.17844
"1252",125.1,22.6547184,-223.4592,4.1789
"1253",125.2,22.6512792,-223.7324,4.17544
"1254",125.3,22.6462514179104,-223.907160714286,4.177
"1255",125.4,22.6547804477612,-223.635020618557,4.177
"1256",125.5,22.6470847368421,-223.965825688073,4.177
"1257",125.6,22.6242471641791,-224.229017094017,4.17703418803419
"1258",125.7,22.635712,-224.379444444444,4.17788888888889
"1259",125.8,22.6333841791045,-224.358617021277,4.17668085106383
"1260",125.9,22.6211,-224.306221153846,4.17560576923077
"1261",126,22.6330347368421,-224.232817307692,4.17734615384615
"1262",126.1,22.6448565671642,-224.240100917431,4.174
"1263",126.2,22.6501956,-224.294555555555,4.17414814814815
"1264",126.3,22.6487803030303,-225.067299065421,4.177
"1265",126.4,22.6367256716418,-225.77852688172,4.17717204301075
"1266",126.5,22.6452329545455,-226.610259615385,4.17777884615385
"1267",126.6,22.6396727941176,-227.879081632653,4.177
"1268",126.7,22.6093279,-229.362825242718,4.17740776699029
"1269",126.8,22.6011047524752,-233.067842105263,4.17843157894737
"1270",126.9,22.6015344,-235.106046728972,4.176
"1271",127,22.5945655223881,-233.977363636364,4.17616161616162
"1272",127.1,22.5838659701493,-235.173189473684,4.17717894736842
"1273",127.2,22.5810895,-243.185982758621,4.17781034482759
"1274",127.3,22.5794833333333,-244.556785714286,4.177
"1275",127.4,22.5903476,-243.023966666667,4.177
"1276",127.5,22.5926073684211,-242.156125,4.177
"1277",127.6,22.5910748484848,-241.938,4.1772
"1278",127.7,22.6044042857143,-243.979935483871,4.17748387096774
"1279",127.8,22.6125502985075,-245.924760416667,4.17459375
"1280",127.9,22.5978039,-246.196615384615,4.177
"1281",128,22.5803085714286,-246.79134375,4.17680208333333
"1282",128.1,22.5799127272727,-247.783,4.1762
"1283",128.2,22.584425112782,-247.930727272727,4.177
"1284",128.3,22.5870491176471,-247.415422680412,4.177
"1285",128.4,22.6014779,-246.67022,4.177
"1286",128.5,22.6007471428571,-246.06863,4.177
"1287",128.6,22.59377,-246.137607142857,4.17679464285714
"1288",128.7,22.5803253383459,-247.722696629214,4.17624719101124
"1289",128.8,22.55469,-250.504742857143,4.178
"1290",128.9,22.5249612,-251.130317757009,4.17815887850467
"1291",129,22.5225876,-250.939840909091,4.17888636363636
"1292",129.1,22.545229009901,-250.89758,4.17778
"1293",129.2,22.54989,-251.13878,4.177
"1294",129.3,22.5367037313433,-251.25154054054,4.177
"1295",129.4,22.5171285714286,-250.956555555556,4.177
"1296",129.5,22.5057579104478,-251.334066666667,4.177
"1297",129.6,22.5222767,-252.08516,4.17634
"1298",129.7,22.5297728571429,-252.45880952381,4.17462857142857
"1299",129.8,22.5392228358209,-252.53131,4.17717
"1300",129.9,22.5598706818182,-252.250203883495,4.17766990291262
"1301",130,22.5750870149254,-252.997428571428,4.17614285714286
"1302",130.1,22.5679174,-254.639764705882,4.177
"1303",130.2,22.5792497744361,-255.479392156863,4.177
"1304",130.3,22.5963325373134,-256.092230769231,4.177
"1305",130.4,22.5821687878788,-256.538214285714,4.177
"1306",130.5,22.5750832352941,-256.93046,4.177
"1307",130.6,22.5903196,-257.56282,4.177
"1308",130.7,22.5757552,-258.158228571429,4.177
"1309",130.8,22.5522545544554,-258.3005,4.1771875
"1310",130.9,22.5350054545455,-258.532770491803,4.1776393442623
"1312",131.1,22.5170581818182,-259.178476635514,4.177
"1313",131.2,22.5314362,-259.443574468085,4.177
"1314",131.3,22.5315416,-259.980071428572,4.177
"1315",131.4,22.513887593985,-260.768042553192,4.177
"1316",131.5,22.4920669117647,-261.624185185185,4.17687037037037
"1317",131.6,22.4885365909091,-262.298538461538,4.17613186813187
"1318",131.7,22.4864959701492,-261.808808510638,4.17815957446809
"1319",131.8,22.485017,-260.58957,4.17837
"1320",131.9,22.4759983458647,-260.68528,4.17642
"1321",132,22.4623017910448,-261.40204,4.17779
"1322",132.1,22.4675986363636,-261.960504950495,4.177
"1323",132.2,22.4763532352941,-262.651618556701,4.177
"1324",132.3,22.4770546,-263.37181981982,4.177
"1325",132.4,22.4671978195489,-264.104533333333,4.177
"1326",132.5,22.4676110447761,-264.445666666667,4.17678431372549
"1327",132.6,22.4647845454545,-264.737163265306,4.17640816326531
"1328",132.7,22.4630226865672,-265.69304,4.178
"1329",132.8,22.4806763,-266.417801980198,4.17778217821782
"1330",132.9,22.4968367,-266.770663551402,4.17680373831776
"1331",133,22.5164482178218,-267.205653465346,4.17613861386139
"1332",133.1,22.52801,-267.983,4.177
"1333",133.2,22.5424585294118,-268.976,4.17722
"1334",133.3,22.5520013636364,-270.004097345133,4.17780530973451
"1335",133.4,22.5493817910448,-270.906943181818,4.17689772727273
"1336",133.5,22.5706746,-271.21186407767,4.17559223300971
"1337",133.6,22.5634958646617,-271.1561875,4.174375
"1338",133.7,22.5427171641791,-271.584925925926,4.176
"1339",133.8,22.5335448484848,-272.433927835052,4.176
"1340",133.9,22.5254864179105,-272.994831578947,4.17617894736842
"1341",134,22.5277109,-273.181942307692,4.177
"1342",134.1,22.5229218796992,-273.635115384615,4.177
"1343",134.2,22.523906119403,-274.575857142857,4.177
"1344",134.3,22.5408745864662,-276.589901960784,4.177
"1345",134.4,22.5476511764706,-276.956695652174,4.17745652173913
"1346",134.5,22.5292317171717,-276.9628,4.17934
"1347",134.6,22.5169159,-277.335115384615,4.17678846153846
"1348",134.7,22.5358099009901,-277.693,4.17618181818182
"1349",134.8,22.5482560902256,-278.262909090909,4.17717272727273
"1350",134.9,22.5438871641791,-278.815613207547,4.178
"1351",135,22.5076921212121,-279.514926829268,4.17796341463415
"1352",135.1,22.465097,-279.65059,4.177
"1353",135.2,22.4639176,-280.14925,4.177
"1354",135.3,22.4656156390977,-281.467844036697,4.177
"1355",135.4,22.4643961764706,-282.731701030928,4.17687628865979
"1356",135.5,22.4670486363636,-283.721276595745,4.176
"1357",135.6,22.4598385074627,-284.508051282051,4.17617948717949
"1358",135.7,22.4671819,-285.596608695652,4.177
"1359",135.8,22.4656755639098,-286.784924369748,4.177
"1360",135.9,22.4509980597015,-287.409294117647,4.177
"1361",136,22.4595368421053,-287.278433628319,4.177
"1362",136.1,22.5014456716418,-287.268512195122,4.177
"1363",136.2,22.5323739,-287.69416,4.177
"1364",136.3,22.5456709022556,-287.27732,4.17722
"1365",136.4,22.555853880597,-285.458,4.17779439252336
"1366",136.5,22.5557690977444,-284.573151515151,4.17730303030303
"1367",136.6,22.5577750746269,-285.464178217822,4.17852475247525
"1368",136.7,22.557792020202,-286.249857142857,4.176
"1369",136.8,22.55712,-286.736475609756,4.17607317073171
"1370",136.9,22.5605162376238,-287.190846153846,4.17782051282051
"1371",137,22.5567972180451,-287.408658536585,4.177
"1372",137.1,22.5615511764706,-287.636016666667,4.177
"1373",137.2,22.5639498484848,-288.35124691358,4.177
"1374",137.3,22.5530092537313,-289.350585365854,4.177
"1375",137.4,22.5462114,-290.300991869919,4.177
"1376",137.5,22.546700075188,-290.541141791045,4.178
"1377",137.6,22.5554691044776,-290.618007462687,4.178
"1378",137.7,22.5511190977444,-290.757112149533,4.17619626168224
"1379",137.8,22.5465785074627,-290.92392631579,4.177
"1380",137.9,22.5477084848485,-291.716734693878,4.177
"1381",138,22.5408525373134,-292.664368421052,4.177
"1382",138.1,22.5358048484848,-293.456615384615,4.177
"1383",138.2,22.5329305263158,-293.658693877551,4.177
"1384",138.3,22.5164610294118,-293.723875,4.1771875
"1385",138.4,22.4923384848485,-293.691830188679,4.17758490566038
"1386",138.5,22.5039830693069,-293.720529411765,4.1763137254902
"1387",138.6,22.5030914,-293.559260869565,4.17815217391304
"1388",138.7,22.4929690977444,-293.119148514851,4.17878217821782
"1389",138.8,22.4933834328358,-292.983181818182,4.17778787878788
"1390",138.9,22.5059584848485,-292.934722772277,4.177
"1391",139,22.5026268316832,-292.972317757009,4.177
"1392",139.1,22.5050268686869,-293.398425531915,4.177
"1393",139.2,22.5114041791045,-294.359818181818,4.177
"1394",139.3,22.5189556716418,-294.783,4.17718103448276
"1395",139.4,22.5166690977444,-294.885289156627,4.17787951807229
"1396",139.5,22.5058314925373,-295.036230769231,4.17663461538462
"1397",139.6,22.5210027272727,-295.199990291262,4.17865048543689
"1398",139.7,22.519577761194,-295.382411764706,4.17714705882353
"1399",139.8,22.5088845454545,-295.836142857143,4.17785714285714
"1400",139.9,22.5031427819549,-296.4842,4.177
"1401",140,22.5045097058824,-297.253,4.177
"1402",140.1,22.5124855555555,-298.018110169492,4.177
"1403",140.2,22.5163076119403,-298.647218390805,4.177
"1404",140.3,22.5170381818182,-298.978882352941,4.17735294117647
"1405",140.4,22.5252966917293,-299.577163934426,4.17873770491803
"1406",140.5,22.536806119403,-299.96568852459,4.17709836065574
"1407",140.6,22.5489936363636,-300.628090909091,4.17642424242424
"1408",140.7,22.5554065346535,-301.228333333333,4.17764227642276
"1409",140.8,22.5435,-301.861666666667,4.1760162601626
"1410",140.9,22.5280480597015,-302.858595959596,4.177
"1411",141,22.526816119403,-303.706040816326,4.17715306122449
"1412",141.1,22.5373345112782,-304.28567,4.17783
"1413",141.2,22.5397959701493,-304.552694736842,4.177
"1414",141.3,22.5366544444444,-304.913267326733,4.17678217821782
"1415",141.4,22.5248458208955,-305.175709090909,4.176
"1416",141.5,22.5162060606061,-304.909877777778,4.17661111111111
"1417",141.6,22.5282406015038,-305.183869158878,4.18001869158879
"1418",141.7,22.528553880597,-306.041,4.17614285714286
"1419",141.8,22.520578,-306.16172,4.177
"1420",141.9,22.5198415789474,-304.7462,4.177
"1421",142,22.5224377272727,-303.014,4.177
"1422",142.1,22.52181,-302.314828282828,4.177
"1423",142.2,22.5203564705882,-302.394096774194,4.177
"1424",142.3,22.53547,-303.32246,4.17656
"1425",142.4,22.512538,-304.010990825688,4.17560550458716
"1426",142.5,22.486926,-304.5031,4.17774
"1427",142.6,22.4682609774436,-305.031142857143,4.17614285714286
"1428",142.7,22.4632444776119,-305.963779816514,4.177
"1429",142.8,22.478894,-307.098514851485,4.177
"1430",142.9,22.47703,-309.137102040816,4.177
"1431",143,22.4657512121212,-310.665934782608,4.177
"1432",143.1,22.4635726865672,-311.78934,4.17722
"1433",143.2,22.470761641791,-312.35832,4.17822
"1434",143.3,22.4707366165414,-313.816591304348,4.17880869565217
"1435",143.4,22.4692453731343,-315.539415730337,4.178
"1436",143.5,22.463984,-315.891058823529,4.17817647058823
"1437",143.6,22.4689284210526,-315.918947368421,4.17849473684211
"1438",143.7,22.4701213636364,-316.08321,4.17621
"1439",143.8,22.4507827067669,-316.998771186441,4.177
"1440",143.9,22.4542552941176,-317.958070588235,4.177
"1441",144,22.45688,-318.357272727273,4.177
"1442",144.1,22.4566012030075,-317.9329,4.17719
"1443",144.2,22.4551236363636,-317.968918367347,4.17741836734694
"1444",144.3,22.4742910526316,-318.02494,4.17563
"1445",144.4,22.5048801492537,-317.707871559633,4.178
"1446",144.5,22.4950834,-317.26996,4.17788
"1447",144.6,22.4893487,-317.215204081633,4.177
"1448",144.7,22.5058372,-320.188608695653,4.177
"1449",144.8,22.5111331343284,-322.524666666667,4.177
"1450",144.9,22.496886119403,-322.44506741573,4.177
"1451",145,22.471664887218,-321.96208,4.177
"1452",145.1,22.4533847761194,-321.547932038835,4.17764077669903
"1453",145.2,22.47016,-321.7695,4.17966666666667
"1454",145.3,22.4817783458647,-322.195373493976,4.17793975903614
"1455",145.4,22.48146,-324.069579831933,4.17736974789916
"1456",145.5,22.4865326315789,-324.888814814815,4.17888888888889
"1457",145.6,22.4932471641791,-325.06100990099,4.17643564356436
"1458",145.7,22.5020741,-324.97069,4.17779
"1459",145.8,22.501997368421,-325.912669811321,4.177
"1460",145.9,22.5074440298507,-326.547078947368,4.177
"1461",146,22.5182589393939,-326.447215189873,4.177
"1462",146.1,22.5105742647059,-327.045247524752,4.17656435643564
"1463",146.2,22.5110765,-327.789513513514,4.175
"1464",146.3,22.5043683,-328.110318181818,4.17545454545455
"1465",146.4,22.5013841584158,-328.742716981132,4.17879245283019
"1466",146.5,22.503,-328.956198019802,4.17784158415842
"1467",146.6,22.486208358209,-329.116322580645,4.177
"1468",146.7,22.4763193,-329.50288,4.177
"1469",146.8,22.4810399,-329.076138613861,4.177
"1470",146.9,22.4867079,-329.0896,4.177
"1471",147,22.4932692481203,-329.614553191489,4.177
"1472",147.1,22.4975246268657,-329.49004,4.17722
"1473",147.2,22.4980440601504,-330.752554455446,4.178
"1474",147.3,22.490611641791,-330.9955625,4.178
"1475",147.4,22.4770022,-332.664586206897,4.17820689655172
"1476",147.5,22.4841031578947,-331.740574074074,4.17918518518519
"1477",147.6,22.4947868656716,-333.387268817204,4.17615053763441
"1478",147.7,22.4879532575758,-333.480102564102,4.177
"1479",147.8,22.4826659701493,-332.327955555556,4.177
"1480",147.9,22.4752162,-332.311757894737,4.17714736842105
"1481",148,22.4888166165414,-331.539683673469,4.17761224489796
"1482",148.1,22.5011228358209,-330.58083,4.17642
"1483",148.2,22.4923840909091,-330.966339805826,4.178
"1484",148.3,22.4965397058824,-334.938272727273,4.178
"1485",148.4,22.504245,-333.636982758621,4.17783620689655
"1486",148.5,22.5014162,-332.440228915663,4.177
"1487",148.6,22.5065171287129,-331.787545454545,4.177
"1488",148.7,22.5161692481203,-334.424060000001,4.177
"1489",148.8,22.52279,-338.69621,4.17721
"1490",148.9,22.5243906766917,-337.016777777778,4.17780555555556
"1491",149,22.522631641791,-335.722326086956,4.17685869565217
"1492",149.1,22.5065395,-335.960349999999,4.17537
"1493",149.2,22.5011052631579,-342.149043478261,4.17373043478261
"1494",149.3,22.5047008955224,-342.735627906977,4.17686046511628
"1495",149.4,22.5135258333333,-340.821777777778,4.175
"1496",149.5,22.5193042647059,-339.20284,4.17542
"1497",149.6,22.5190989,-338.932625,4.177
"1498",149.7,22.5180566917293,-341.387808988765,4.177
"1499",149.8,22.5173776470588,-345.9776,4.177
"1500",149.9,22.5371236363636,-344.1366,4.1772
"1501",150,22.5580794117647,-342.5528,4.1784
"1502",150.1,22.5439287878788,-341.333566433567,4.17972027972028
"1503",150.2,22.5313573,-340.401398601399,4.17832167832168
"1504",150.3,22.5404206,-343.230930232558,4.17506976744186
"1505",150.4,22.5531006766917,-349.9576,4.1762
"1506",150.5,22.5629470149254,-348.249818181818,4.177
"1507",150.6,22.5705960606061,-346.813509090909,4.177
"1508",150.7,22.5782364,-345.547255555555,4.17712222222222
"1509",150.8,22.5530548,-344.56628,4.17779
"1510",150.9,22.5168687969925,-346.3416,4.1772
"1511",151,22.4966710294118,-349.475452631579,4.17766315789474
"1512",151.1,22.493496969697,-347.852027522936,4.17638532110092
"1513",151.2,22.4851305882353,-346.613285714286,4.178
"1514",151.3,22.4931781,-345.3314,4.178
"1515",151.4,22.4987987218045,-345.472349999999,4.17779
"1516",151.5,22.495373880597,-350.31423076923,4.177
"1517",151.6,22.4872241666667,-354.17208433735,4.177
"1518",151.7,22.4787014925373,-352.052333333333,4.177
"1519",151.8,22.4806616161616,-350.712946236559,4.177
"1520",151.9,22.4873094736842,-350.632423076923,4.177
"1521",152,22.4964289552239,-354.415792079208,4.17715841584158
"1522",152.1,22.4976370454545,-354.111756756757,4.17786486486487
"1523",152.2,22.4987220588235,-352.634257731958,4.177
"1524",152.3,22.5175731,-351.42432183908,4.177
"1525",152.4,22.5159435,-351.3578,4.177
"1526",152.5,22.5029376237624,-354.557404040404,4.177
"1527",152.6,22.5005076691729,-354.104327272727,4.177
"1528",152.7,22.4955438235294,-352.725666666666,4.177
"1529",152.8,22.4938712878788,-351.718076923077,4.17686813186813
"1530",152.9,22.5038273529412,-352.02247,4.176
"1531",153,22.5119741,-353.850405660378,4.176
"1532",153.1,22.5201713533835,-352.689276595745,4.17631914893617
"1533",153.2,22.5120311940298,-351.86652631579,4.178
"1534",153.3,22.4970306766917,-353.465608247423,4.17792783505155
"1535",153.4,22.5076752238806,-353.645894736842,4.177
"1536",153.5,22.5026606060606,-352.342670212766,4.177
"1537",153.6,22.4989404477612,-351.366918918919,4.17718918918919
"1538",153.7,22.5083045454545,-350.342222222222,4.178
"1539",153.8,22.5043259701493,-350.152116504855,4.17780582524272
"1540",153.9,22.4975176119403,-354.096793814433,4.17717525773196
"1541",154,22.5060555,-353.31396969697,4.17759595959596
"1542",154.1,22.4932592,-352.751980198019,4.17620792079208
"1543",154.2,22.5031172,-354.984141414141,4.17679797979798
"1544",154.3,22.5105141666667,-355.186326732673,4.17620792079208
"1545",154.4,22.5128253731343,-353.978591836735,4.177
"1546",154.5,22.5213662,-353.604235294117,4.177
"1547",154.6,22.5017468,-357.43069387755,4.177
"1548",154.7,22.4946316161616,-362.860427350427,4.17718803418803
"1549",154.8,22.4963173134328,-361.041987951807,4.178
"1550",154.9,22.4965164179104,-359.27450877193,4.17877192982456
"1551",155,22.4901222556391,-358.225758620689,4.18154022988506
"1552",155.1,22.4810463235294,-361.69017,4.177
"1553",155.2,22.4883177777778,-364.187959677419,4.177
"1554",155.3,22.5014901492537,-362.625862903226,4.177
"1555",155.4,22.5117987878788,-360.626396039604,4.177
"1556",155.5,22.4963810526316,-360.035204379562,4.177
"1557",155.6,22.4752850746269,-362.069510948905,4.177
"1558",155.7,22.479438,-362.859230769231,4.177
"1559",155.8,22.4777738345865,-361.61880952381,4.17682142857143
"1560",155.9,22.47156,-360.219515151515,4.17421212121212
"1561",156,22.4748710526316,-359.942336633663,4.17587128712871
"1562",156.1,22.4790694029851,-362.503557522124,4.17881415929204
"1563",156.2,22.4830112,-361.927230769231,4.17791208791209
"1564",156.3,22.495219,-360.481336842105,4.177
"1565",156.4,22.5008882178218,-359.619678899083,4.177
"1566",156.5,22.509625037594,-360.902285714286,4.177
"1567",156.6,22.5176076119403,-365.502727272727,4.17718181818182
"1568",156.7,22.5092084962406,-364.228451219512,4.1779756097561
"1569",156.8,22.5128253731343,-362.647948453608,4.17619587628866
"1570",156.9,22.5188428,-362.529980769231,4.17721153846154
"1571",157,22.5298323308271,-364.352721649485,4.17762886597938
"1572",157.1,22.5492426865672,-363.401407079646,4.17581415929204
"1573",157.2,22.552701969697,-362.959765957447,4.17508510638298
"1574",157.3,22.5456711764706,-367.58596,4.17614
"1575",157.4,22.542441,-367.238604166667,4.177
"1576",157.5,22.5501688721804,-365.965545454545,4.177
"1577",157.6,22.5496782089552,-365.732428571428,4.177
"1578",157.7,22.5489301515152,-368.423294117647,4.177
"1579",157.8,22.5545302985075,-370.148962962963,4.17702469135802
"1580",157.9,22.5479793,-368.474169811321,4.17780188679245
"1581",158,22.5417559,-367.944903225806,4.17716129032258
"1582",158.1,22.5348045544554,-371.3745,4.178
"1583",158.2,22.530698030303,-371.307440366972,4.17779816513761
"1584",158.3,22.5214326865672,-370.033714285714,4.177
"1585",158.4,22.5067463,-370.156316831683,4.177
"1586",158.5,22.500128,-373.874611111111,4.177
"1587",158.6,22.5047278,-372.939717391305,4.177
"1588",158.7,22.4994457894737,-371.488058252427,4.17720388349515
"1589",158.8,22.488506119403,-370.715125,4.1778125
"1590",158.9,22.4997163157895,-371.95844859813,4.177
"1591",159,22.5023635294118,-377.268887755102,4.177
"1592",159.1,22.498051,-375.46372631579,4.17682105263158
"1593",159.2,22.5174157894737,-373.94368,4.17622
"1594",159.3,22.5291692424242,-372.709234782609,4.177
"1595",159.4,22.5250536842105,-372.449230769231,4.177
"1596",159.5,22.5338337313433,-378.042042553192,4.177
"1597",159.6,22.5372847,-376.50601980198,4.177
"1598",159.7,22.5239163157895,-375.10609,4.177
"1599",159.8,22.502466119403,-373.609294117647,4.17720588235294
"1600",159.9,22.4954422727273,-372.440747572815,4.17781553398058
"1601",160,22.5072156716418,-371.869361904762,4.17669523809524
"1602",160.1,22.510494,-374.623764044943,4.17524719101124
"1603",160.2,22.5103112,-384.430173076923,4.17721153846154
"1604",160.3,22.5222137623762,-382.299154639175,4.17781443298969
"1605",160.4,22.5388036842105,-380.439727272728,4.177
"1606",160.5,22.5393520588235,-378.882375,4.177
"1607",160.6,22.5254275757576,-379.543168539325,4.17722471910112
"1608",160.7,22.5425737313433,-389.990305555555,4.17822222222222
"1609",160.8,22.5556706,-388.006575471698,4.1753679245283
"1610",160.9,22.5369357894737,-386.049620689655,4.178
"1611",161,22.52162,-384.401344827586,4.178
"1612",161.1,22.5127331818182,-383.378622448979,4.177
"1613",161.2,22.5069798529412,-386.453956896552,4.177
"1614",161.3,22.5113583,-389.406469879518,4.177
"1615",161.4,22.50673,-387.012352380952,4.177
"1616",161.5,22.5047001492537,-385.532711340206,4.177
"1617",161.6,22.5187925,-384.087888888889,4.17662962962963
"1618",161.7,22.5308833823529,-383.702263157895,4.175
"1619",161.8,22.5233681818182,-390.796122807019,4.175
"1620",161.9,22.5336092,-391.250642857143,4.17792857142857
"1621",162,22.5390371287129,-389.279376237624,4.177
"1622",162.1,22.5373347727273,-387.88434,4.177
"1623",162.2,22.5336245588235,-387.2128,4.177
"1624",162.3,22.5332627272727,-388.749957446809,4.177
"1625",162.4,22.53671,-389.82302,4.177
"1626",162.5,22.5347288,-388.468609375,4.177
"1627",162.6,22.5329809022556,-387.485015625,4.177
"1628",162.7,22.5265757352941,-386.24379245283,4.17541509433962
"1629",162.8,22.5331786363636,-386.556574468086,4.177
"1630",162.9,22.5465345588235,-391.334607142857,4.17680357142857
"1631",163,22.5263524,-390.264444444445,4.17644444444444
"1632",163.1,22.5293094736842,-389.004653846154,4.17942307692308
"1633",163.2,22.5490080597015,-388.301376068376,4.177
"1634",163.3,22.5411829545454,-391.028726495726,4.177
"1635",163.4,22.5257386567164,-391.866475247525,4.177
"1636",163.5,22.5258588,-391.0892,4.177
"1637",163.6,22.5246006015038,-391.989368421053,4.17733684210526
"1638",163.7,22.5276343283582,-392.694075471698,4.1786037735849
"1639",163.8,22.5267727272727,-391.975648648649,4.177
"1640",163.9,22.5193294117647,-394.074759036145,4.177
"1641",164,22.5175851515151,-393.28025,4.17721
"1642",164.1,22.5313415,-393.726,4.17780555555556
"1643",164.2,22.538327029703,-396.565152173913,4.177
"1644",164.3,22.5370727067669,-395.563303030303,4.177
"1645",164.4,22.5438652941176,-397.506462184874,4.177
"1646",164.5,22.5513843181818,-399.055131868132,4.17703296703297
"1647",164.6,22.5428279104478,-397.565533333333,4.178
"1648",164.7,22.5264404,-398.68508411215,4.17758878504673
"1649",164.8,22.5199406015038,-400.442322580645,4.176
"1650",164.9,22.538321641791,-398.60662,4.17622
"1651",165,22.5340478947368,-397.40758,4.177
"1652",165.1,22.5232614705882,-397.61223076923,4.177
"1653",165.2,22.53458,-399.754305084746,4.177
"1655",165.4,22.5187636363636,-396.52197,4.177
"1656",165.5,22.5230418045113,-395.270303030303,4.17742424242424
"1657",165.6,22.5337147761194,-396.06416,4.17856
"1658",165.7,22.5310776767677,-401.122950495049,4.17743564356436
"1659",165.8,22.536553,-399.8511,4.17858
"1660",165.9,22.5352116831683,-398.95015,4.177175
"1661",166,22.5586912781955,-400.255541666667,4.178
"1662",166.1,22.5650214925373,-400.501775280899,4.17794382022472
"1663",166.2,22.5533733333333,-398.802589473684,4.177
"1664",166.3,22.563842,-399.680990384616,4.177
"1665",166.4,22.5675385,-406.898458333333,4.177
"1666",166.5,22.5855329323308,-407.18297029703,4.17679207920792
"1667",166.6,22.6041717647059,-406.024220183486,4.17673394495413
"1668",166.7,22.6073733333333,-409.356226804124,4.17977319587629
"1669",166.8,22.6056394117647,-410.572978723404,4.17740425531915
"1670",166.9,22.5923956,-408.290202020202,4.17480808080808
"1671",167,22.599404887218,-407.16404950495,4.17758415841584
"1672",167.1,22.6212589552239,-409.260515151515,4.17620202020202
"1673",167.2,22.6147808270677,-411.472617647058,4.177
"1674",167.3,22.6015243283582,-409.420101010101,4.177
"1675",167.4,22.6157932323232,-407.885294117647,4.17666386554622
"1676",167.5,22.6253485714286,-407.733226190477,4.1750119047619
"1677",167.6,22.6356776119403,-413.139990291262,4.17583495145631
"1678",167.7,22.6354827067669,-411.210571428571,4.17514285714286
"1679",167.8,22.6414573134328,-410.499494736843,4.176
"1680",167.9,22.6498563636364,-413.032416666667,4.17619444444444
"1681",168,22.660937029703,-411.514959183673,4.177
"1682",168.1,22.650055,-409.995894736842,4.177
"1683",168.2,22.6580534328358,-411.498000000001,4.17684615384615
"1684",168.3,22.6779880597015,-417.838000000001,4.17607692307692
"1685",168.4,22.7010481203008,-415.766324324325,4.17618918918919
"1686",168.5,22.7194519402985,-414.32135483871,4.17656989247312
"1687",168.6,22.7127636363636,-416.667826086956,4.17388695652174
"1688",168.7,22.718272761194,-420.603191919192,4.1789797979798
"1689",168.8,22.7259221212121,-417.977337349397,4.17796385542169
"1690",168.9,22.7322836842105,-417.202696969697,4.177
"1691",169,22.7460782352941,-420.50471559633,4.17680733944954
"1692",169.1,22.7784363636364,-418.381265306122,4.176
"1693",169.2,22.7882179104478,-417.088344086022,4.17615053763441
"1694",169.3,22.7704880597015,-419.122138613861,4.17679207920792
"1695",169.4,22.7695012030075,-417.361840707964,4.17635398230088
"1696",169.5,22.7955937313433,-416.441954022989,4.17775862068966
"1697",169.6,22.8161529292929,-416.949811320755,4.17518867924528
"1698",169.7,22.8370260447761,-415.470584158416,4.176
"1699",169.8,22.8619934328358,-415.773386138614,4.17612871287129
"1700",169.9,22.8810315151515,-414.646608695652,4.17686956521739
"1701",170,22.8850085074627,-412.6256,4.176
"1702",170.1,22.8944049494949,-411.001,4.176
"1703",170.2,22.9052020792079,-410.09571559633,4.176
"1704",170.3,22.9022795,-409.662703296703,4.176
"1705",170.4,22.9228001503759,-411.02094949495,4.17620202020202
"1706",170.5,22.9432188059701,-411.202424528302,4.17660377358491
"1707",170.6,22.9469236090226,-413.307625,4.175
"1708",170.7,22.9363694117647,-414.651928571428,4.17519387755102
"1709",170.8,22.9162563636364,-413.72415,4.176
"1710",170.9,22.9284864179104,-417.01687,4.176
"1711",171,22.9437495454545,-416.63754,4.176
"1712",171.1,22.9366154887218,-416.834601694915,4.176
"1713",171.2,22.9159674626866,-416.690449541284,4.176
"1714",171.3,22.9465680808081,-414.872100917431,4.176
"1715",171.4,22.9634186567164,-413.83287,4.17558
"1716",171.5,22.9530572727273,-413.178105263158,4.17455263157895
"1717",171.6,22.9528484962406,-412.532505747126,4.17691954022988
"1718",171.7,22.9689749253731,-412.168716981132,4.17581132075472
"1719",171.8,22.9756624,-412.044642105263,4.17514736842105
"1720",171.9,22.9998802,-411.635459183673,4.176
"1721",172,23.0203406,-411.39225,4.176
"1722",172.1,23.0170435820896,-411.704303921569,4.176
"1723",172.2,23.0119247761194,-412.217322916666,4.17588541666667
"1724",172.3,23.0199826315789,-411.470980769231,4.17514423076923
"1725",172.4,23.02013,-410.829744680851,4.17564893617021
"1726",172.5,23.0526507070707,-409.956052083333,4.17353125
"1727",172.6,23.0625849253731,-409.064673267327,4.17579207920792
"1728",172.7,23.088766969697,-408.214830188679,4.175
"1729",172.8,23.1493790977444,-407.338738317757,4.175
"1730",172.9,23.1689794117647,-407.277643678161,4.175
"1731",173,23.189845,-408.712102803738,4.175
"1732",173.1,23.2120868421053,-408.908032258064,4.175
"1733",173.2,23.2428954545455,-410.6014,4.175
"1734",173.3,23.2691910447761,-411.0132,4.1752
"1735",173.4,23.2840913432836,-410.3332,4.176
"1736",173.5,23.317802,-411.036999999999,4.1756
"1737",173.6,23.3169546616541,-414.670657657658,4.17472072072072
"1738",173.7,23.2994427272727,-414.72297752809,4.17769662921348
"1739",173.8,23.324435,-413.535185185185,4.175
"1740",173.9,23.354772238806,-412.862,4.175
"1741",174,23.4046659,-412.09209009009,4.175
"1742",174.1,23.4023892,-412.188124999999,4.175
"1743",174.2,23.4068265,-416.787841121495,4.175
"1744",174.3,23.42806,-417.301568807339,4.175
"1745",174.4,23.4341989552239,-416.10147311828,4.17489247311828
"1746",174.5,23.4389430827068,-414.636128712871,4.17335643564356
"1747",174.6,23.4542248529412,-413.783923076923,4.17568269230769
"1748",174.7,23.4719835,-412.828627906977,4.17332558139535
"1749",174.8,23.4612408955224,-411.72915,4.17637
"1750",174.9,23.4597948484849,-410.548321100918,4.174
"1751",175,23.4639408270677,-409.452136842105,4.174
"1752",175.1,23.4735897014925,-409.317052083333,4.174
"1753",175.2,23.512995,-410.70154368932,4.17379611650485
"1754",175.3,23.5396318939394,-409.226942307692,4.173
"1755",175.4,23.566205,-407.117170212766,4.17285106382979
"1756",175.5,23.5714171428571,-407.2686,4.1724
"1757",175.6,23.5731513432836,-408.3296,4.1736
"1758",175.7,23.578044,-408.4058,4.1722
"1759",175.8,23.6249314,-407.344619047619,4.173
"1760",175.9,23.6643810891089,-406.383738317757,4.173
"1761",176,23.6893916541353,-406.74756043956,4.173
"1762",176.1,23.7206714925373,-408.786865979381,4.173
"1763",176.2,23.7415668421053,-413.216119658119,4.173
"1764",176.3,23.7564323880597,-410.692433734939,4.173
"1765",176.4,23.7680538,-408.147076923077,4.17265811965812
"1766",176.5,23.8046218045113,-407.325192307693,4.17097115384615
"1767",176.6,23.8487804477612,-405.298269230769,4.17000961538462
"1768",176.7,23.87245,-401.971163265306,4.172
"1769",176.8,23.9135,-399.057315789473,4.172
"1770",176.9,23.932552,-396.276494949495,4.172
"1771",177,23.9655236842105,-393.56159,4.17221
"1772",177.1,24.0101892537313,-392.08121,4.17279
"1773",177.2,24.041605,-391.462,4.17179
"1774",177.3,24.0779482089552,-389.34432,4.17142
"1775",177.4,24.0584244,-387.553594059406,4.17258415841584
"1776",177.5,24.08088,-385.7078,4.171
"1777",177.6,24.1481865671642,-383.358515151516,4.171
"1778",177.7,24.174355530303,-381.051921052631,4.171
"1779",177.8,24.1834705970149,-379.231781609195,4.171
"1780",177.9,24.2307884,-377.0832,4.171
"1781",178,24.2406248,-374.926555555556,4.171
"1782",178.1,24.2876552475247,-372.782130434783,4.171
"1783",178.2,24.3237161654135,-370.82111965812,4.17168376068376
"1784",178.3,24.3374192537313,-369.514392857143,4.17489285714286
"1785",178.4,24.3482942857143,-368.355,4.17164485981308
"1786",178.5,24.375385,-367.339956521739,4.17
"1787",178.6,24.395145,-365.230200000001,4.17
"1788",178.7,24.425782406015,-362.077181818181,4.17
"1789",178.8,24.4463,-358.724505617977,4.17
"1790",178.9,24.4564854887218,-355.13936,4.17
"1791",179,24.4853473134328,-352.208509090909,4.17
"1792",179.1,24.5265884,-349.457065934066,4.16987912087912
"1793",179.2,24.5613348120301,-346.744652892562,4.1688347107438
"1794",179.3,24.601778358209,-344.852917355372,4.16800826446281
"1795",179.4,24.6083495454545,-342.156435643565,4.17179207920792
"1796",179.5,24.5993640298507,-340.089696969697,4.17120202020202
"1797",179.6,24.6497012,-338.00948,4.17158
"1798",179.7,24.6710696,-336.208524752475,4.17
"1799",179.8,24.6845186138614,-334.3492,4.17
"1800",179.9,24.7013921804511,-332.352338983051,4.17
"1801",180,24.71384,-331.390904761905,4.17
"1802",180.1,24.72667,-329.828538461538,4.16982692307692
"1803",180.2,24.7482823880597,-328.466504950495,4.16886138613861
"1804",180.3,24.7834282,-327.174872727273,4.16823636363636
"1805",180.4,24.8106684962406,-326.042807228916,4.16992771084337
"1806",180.5,24.8258935820895,-324.489378378379,4.16818018018018
"1807",180.6,24.8521432575758,-323.272284090909,4.16910227272727
"1808",180.7,24.8762527941176,-321.965584158416,4.17
"1809",180.8,24.8931527,-320.7318,4.17
"1810",180.9,24.8979346616541,-319.76198989899,4.16979797979798
"1811",181,24.9095395522388,-318.70298,4.16921
"1812",181.1,24.931928030303,-317.564384615385,4.16964102564103
"1813",181.2,24.9539279411765,-316.8762,4.16795789473684
"1814",181.3,24.9660535353535,-315.845265957447,4.1671914893617
"1815",181.4,24.9805201503759,-314.766968085106,4.16884042553191
"1816",181.5,24.9869435820896,-313.978707964602,4.16837168141593
"1817",181.6,25.0209642424242,-312.922735632184,4.16990804597701
"1818",181.7,25.0553223529412,-311.8098,4.1692
"1819",181.8,25.0705333333333,-311.046008695652,4.16986086956522
"1820",181.9,25.0848779,-310.571584269663,4.16901123595506
"1821",182,25.1091503960396,-309.580913043478,4.16986956521739
"1822",182.1,25.1506215789474,-308.942047619048,4.169
"1823",182.2,25.1706664705882,-308.214112244898,4.16915306122449
"1824",182.3,25.1702484090909,-307.440184466019,4.17
"1825",182.4,25.2131530882353,-306.54948,4.17
"1826",182.5,25.2609807,-305.805396226415,4.1698679245283
"1827",182.6,25.2752291729323,-305.185484536083,4.169
"1828",182.7,25.2819991044776,-304.173666666666,4.169
"1829",182.8,25.2661443181818,-302.412758241758,4.169
"1830",182.9,25.2774917910448,-302.68338,4.169
"1831",183,25.2874752,-302.12904,4.169
"1832",183.1,25.2863783458647,-301.45514,4.17005
"1833",183.2,25.2957534328358,-300.817426086956,4.17308695652174
"1834",183.3,25.3194442424242,-300.273649484536,4.169
"1835",183.4,25.3396776470588,-299.550734042553,4.169
"1836",183.5,25.3204767676768,-298.970684210526,4.169
"1837",183.6,25.3683551,-298.2692,4.169
"1838",183.7,25.4021155445545,-297.475981308411,4.169
"1839",183.8,25.4061869924812,-296.483873786408,4.169
"1840",183.9,25.4105458823529,-296.608096153846,4.169
"1841",184,25.4180803787879,-296.065139534884,4.16906976744186
"1842",184.1,25.4223643283582,-295.54799009901,4.16920792079208
"1843",184.2,25.4510536,-294.791676470588,4.16655882352941
"1844",184.3,25.4544127819549,-294.241336538461,4.16932692307692
"1845",184.4,25.4349179104478,-293.868125,4.17075
"1846",184.5,25.4427869172932,-293.326241758242,4.169
"1847",184.6,25.4617655882353,-292.616727272727,4.169
"1848",184.7,25.4650315151515,-292.034570093458,4.169
"1849",184.8,25.5027326732673,-291.413,4.169
"1850",184.9,25.5181968,-291.1055625,4.169
"1851",185,25.5128951879699,-290.715738317757,4.16916822429906
"1852",185.1,25.5325417910448,-290.19294,4.17
"1853",185.2,25.5442633333333,-289.91746,4.17
"1854",185.3,25.5522436842105,-289.407179245283,4.17
"1855",185.4,25.5806033333333,-288.93205882353,4.16994117647059
"1856",185.5,25.587690075188,-288.4786,4.169
"1857",185.6,25.5984635820896,-287.803728971963,4.169
"1858",185.7,25.634076969697,-287.414548387097,4.169
"1859",185.8,25.6254859405941,-286.887981132075,4.169
"1860",185.9,25.6281794,-286.413234042553,4.169
"1861",186,25.6641093283582,-285.94636036036,4.16972072072072
"1862",186.1,25.6796201492537,-285.716747252747,4.1728021978022
"1863",186.2,25.6828256390977,-285.161818181818,4.17081818181818
"1864",186.3,25.7081905882353,-284.624116071429,4.17
"1865",186.4,25.7265847474747,-284.295204545455,4.16992045454545
"1866",186.5,25.7436744776119,-283.81108,4.169
"1867",186.6,25.7684045454545,-283.251222222223,4.169
"1868",186.7,25.7767093984962,-282.275534653465,4.169
"1869",186.8,25.7722029850746,-282.7557,4.169
"1870",186.9,25.7878256,-282.531444444444,4.16919191919192
"1871",187,25.7929368421053,-282.128709401709,4.16948717948718
"1872",187.1,25.7991621212121,-281.927819277108,4.16707228915663
"1873",187.2,25.7901042105263,-281.413980392157,4.169
"1874",187.3,25.7833937313433,-280.910454545455,4.169
"1875",187.4,25.8103375,-280.585947826087,4.169
"1876",187.5,25.8052504,-280.217681818182,4.169
"1877",187.6,25.8505188,-279.848666666667,4.169
"1878",187.7,25.844027238806,-279.458775700935,4.169
"1879",187.8,25.8320567164179,-279.211044642857,4.16888392857143
"1880",187.9,25.8496736,-278.918865853659,4.16796341463415
"1881",188,25.847686,-278.615102803738,4.16695327102804
"1882",188.1,25.8402492,-278.326322580645,4.17509677419355
"1883",188.2,25.837504887218,-277.87392,4.16938
"1884",188.3,25.844378030303,-277.558939393939,4.17042424242424
"1885",188.4,25.8393158646617,-277.2732,4.1682
"1886",188.5,25.8269423529412,-276.795803921569,4.169
"1887",188.6,25.8262688,-276.270457142857,4.169
"1888",188.7,25.8429461654135,-275.925204301075,4.169
"1889",188.8,25.8611057575758,-275.913858585859,4.16879797979798
"1890",188.9,25.8535954135338,-275.592125,4.1685625
"1891",189,25.8215810447761,-275.412386363636,4.171
"1892",189.1,25.8225917,-274.89142,4.17058
"1893",189.2,25.8369415,-274.642475247525,4.169
"1894",189.3,25.8629974,-274.248928571429,4.169
"1895",189.4,25.8874436842105,-274.050901960784,4.169
"1896",189.5,25.8968786567164,-273.835790697674,4.169
"1897",189.6,25.8943481,-272.622514563107,4.169
"1898",189.7,25.9193469,-273.5035,4.169
"1899",189.8,25.9497058,-273.10428125,4.169
"1900",189.9,25.9653804511278,-272.870171717172,4.1699595959596
"1901",190,25.9600507462687,-272.7938,4.1732
"1902",190.1,25.9697518045113,-272.5978,4.1692
"1903",190.2,25.9682076470588,-272.27247706422,4.16838532110092
"1904",190.3,25.9661316,-271.928659793814,4.16975257731959
"1905",190.4,25.9548172180451,-271.686010638298,4.16815957446808
"1906",190.5,25.9563284848485,-271.170087378641,4.16879611650485
"1907",190.6,25.9823139849624,-270.31012244898,4.168
"1908",190.7,25.98868,-270.88758490566,4.16818867924528
"1909",190.8,25.9997344554455,-270.537416666667,4.16914583333333
"1910",190.9,25.9991132,-270.367577319588,4.16962886597938
"1911",191,25.9979551485149,-270.117902654867,4.16818584070796
"1912",191.1,25.9874546212121,-269.84024137931,4.169
"1913",191.2,25.9937023880597,-269.60198019802,4.16879207920792
"1914",191.3,26.0072939393939,-269.3406,4.1682
"1915",191.4,26.0050487,-269.071514851485,4.169
"1916",191.5,26.0294366,-268.50339,4.169
"1917",191.6,26.0368527819549,-266.913275862069,4.169
"1918",191.7,26.0230235820896,-268.378746987952,4.169
"1919",191.8,26.0004849,-268.166455445545,4.17058415841584
"1920",191.9,25.9961992,-267.971290909091,4.17544545454545
"1921",192,26.0107196,-267.901693181818,4.16820454545455
"1922",192.1,26.0438059398496,-267.6704,4.1694
"1923",192.2,26.0539708955224,-267.352126315789,4.16716842105263
"1924",192.3,26.0470593181818,-267.160653465347,4.16820792079208
"1925",192.4,26.0463330882353,-266.842730769231,4.169
"1926",192.5,26.068022,-265.886333333333,4.169
"1927",192.6,26.0692239,-266.592090909091,4.169
"1928",192.7,26.106286039604,-266.397489795918,4.16910204081633
"1929",192.8,26.1135724242424,-266.280102803738,4.17044859813084
"1930",192.9,26.107873880597,-266.077058823529,4.17370588235294
"1931",193,26.1166633,-265.935949579832,4.16866386554622
"1932",193.1,26.1311757,-265.704222222222,4.16702469135802
"1933",193.2,26.121395,-265.349633587786,4.16884732824427
"1934",193.3,26.1265106818182,-265.087801526718,4.16808396946565
"1935",193.4,26.1331762686567,-264.4354,4.1682
"1936",193.5,26.151701,-263.370666666666,4.16883333333333
"1938",193.7,26.146431,-264.294,4.1686
"1939",193.8,26.1333752631579,-264.071090909091,4.17209090909091
"1940",193.9,26.150102238806,-263.956,4.17607216494845
"1941",194,26.1579921052632,-263.681301075269,4.16813978494624
"1942",194.1,26.1573776470588,-263.5232,4.1688
"1943",194.2,26.1610295,-263.196039215686,4.168
"1944",194.3,26.1715563157895,-262.966405405405,4.168
"1945",194.4,26.1737398507463,-262.41524137931,4.16808045977012
"1946",194.5,26.1559252272727,-262.074481481481,4.169
"1947",194.6,26.1650249253731,-262.67104,4.16888
"1948",194.7,26.145659,-262.607939393939,4.16824242424242
"1949",194.8,26.117091,-262.349094736842,4.16986315789474
"1950",194.9,26.1164852475247,-262.248102040816,4.16881632653061
"1951",195,26.1100393181818,-262.1078,4.1682
"1952",195.1,26.1274155882353,-261.927952380952,4.16880952380952
"1953",195.2,26.151526969697,-261.551421052632,4.168
"1954",195.3,26.149944,-261.2708,4.168
"1955",195.4,26.13293,-261.027392857143,4.168
"1956",195.5,26.1498921052632,-261.083482758621,4.168
"1957",195.6,26.1510314925373,-261.020981818182,4.168
"1958",195.7,26.1246532323232,-260.961071428571,4.16901020408163
"1959",195.8,26.1697727,-260.74463963964,4.17606306306306
"1960",195.9,26.1718915,-260.654130434783,4.16897826086957
"1961",196,26.1726382706767,-260.422653061225,4.16810204081633
"1962",196.1,26.1680808823529,-260.279263157895,4.16887368421053
"1963",196.2,26.1798522727273,-260.018010204082,4.168
"1964",196.3,26.2002485294118,-259.79332231405,4.168
"1965",196.4,26.213124,-259.137123966942,4.168
"1966",196.5,26.207352,-259.583481927711,4.168
"1967",196.6,26.2074928712871,-259.297150943396,4.168
"1968",196.7,26.1966215909091,-259.24708,4.16884
"1969",196.8,26.1936536764706,-259.073890909091,4.17323636363636
"1970",196.9,26.1901933333333,-258.939069767442,4.16804651162791
"1971",197,26.158552,-258.944659793814,4.169
"1972",197.1,26.147419,-258.66066,4.16879
"1973",197.2,26.1666689473684,-258.484524752475,4.168
"1974",197.3,26.1753631343284,-258.249252252252,4.16818018018018
"1975",197.4,26.1693102020202,-258.124723404255,4.169
"1976",197.5,26.1923274,-258.10812,4.169
"1977",197.6,26.2312396,-257.88892,4.169
"1978",197.7,26.2313227067669,-257.863170212766,4.169
"1979",197.8,26.2141476470588,-257.592861386139,4.168
"1980",197.9,26.1954898484849,-257.449171171171,4.16817117117117
"1981",198,26.1933814705882,-257.258272727273,4.16890909090909
"1982",198.1,26.22082,-257.148706422018,4.168
"1983",198.2,26.2470431578947,-256.956406593406,4.168
"1984",198.3,26.2636153731343,-256.609336633663,4.168
"1985",198.4,26.2504952631579,-256.633566037736,4.168
"1986",198.5,26.2310532835821,-256.626767857143,4.16811607142857
"1987",198.6,26.2407514141414,-256.623511627907,4.16908139534883
"1988",198.7,26.2572152,-256.487526315789,4.17505263157895
"1989",198.8,26.2542943564356,-256.402148514851,4.16960396039604
"1990",198.9,26.2627773684211,-256.241822429907,4.16817757009346
"1991",199,26.27715,-256.135594594595,4.16889189189189
"1992",199.1,26.2796156565657,-255.987283950617,4.168
"1993",199.2,26.2912345544554,-255.587171717172,4.168
"1994",199.3,26.2898556565657,-255.511823529412,4.168
"1995",199.4,26.2766681203008,-255.536452173913,4.168
"1996",199.5,26.275187761194,-255.362904761905,4.168
"1997",199.6,26.2831139393939,-255.1668,4.1696
"1998",199.7,26.2717940594059,-255.086363636364,4.17438383838384
"1999",199.8,26.2616961616162,-254.953355140187,4.168
"2000",199.9,26.2569373134328,-254.785178217822,4.168
"2001",200,26.243102238806,-254.735734693878,4.168
"2002",200.1,26.2352115037594,-254.58009375,4.168
"2003",200.2,26.2614332352941,-253.97658974359,4.168
"2004",200.3,26.2644583838384,-252.81580952381,4.168
"2005",200.4,26.2720399009901,-254.144818181818,4.168
"2006",200.5,26.252904,-254.019046296296,4.16835185185185
"2007",200.6,26.2575447368421,-253.77643956044,4.16951648351648
"2008",200.7,26.2708328358209,-253.820705882353,4.16639215686275
"2009",200.8,26.2364808080808,-253.775514563107,4.16817475728155
"2010",200.9,26.2513058415842,-253.47428125,4.16884375
"2011",201,26.2614536363636,-253.436919191919,4.168
"2012",201.1,26.2468477443609,-253.098982300885,4.168
"2013",201.2,26.2405867164179,-252.607651685393,4.168
"2014",201.3,26.2559168686869,-252.686485714286,4.168
"2015",201.4,26.2509484158416,-252.938913978495,4.16786021505376
"2016",201.5,26.2423547474747,-252.76,4.1676
"2017",201.6,26.2401229850746,-252.858754716981,4.17
"2018",201.7,26.2318926865672,-252.622398058252,4.16959223300971
"2019",201.8,26.2500987969925,-252.456434782609,4.167
"2020",201.9,26.2788944117647,-252.335584158416,4.16718811881188
"2021",202,26.2980132323232,-252.12182300885,4.168
"2022",202.1,26.2963182089552,-252.11688372093,4.168
"2023",202.2,26.2981972727273,-251.737841584158,4.168
"2024",202.3,26.3045926315789,-251.842621359223,4.168
"2025",202.4,26.3038794029851,-251.759660194175,4.16843689320388
"2026",202.5,26.2882441,-251.693967741935,4.17048387096774
"2027",202.6,26.2728187,-251.639903846154,4.16718269230769
"2028",202.7,26.2751034,-251.5428125,4.16815625
"2029",202.8,26.3001238345865,-251.46524,4.16862
"2030",202.9,26.3150741791045,-251.288101010101,4.16719191919192
"2031",203,26.3249358,-251.232666666667,4.168
"2032",203.1,26.3578957,-250.968736842105,4.168
"2033",203.2,26.3691960606061,-249.888732673267,4.168
"2034",203.3,26.3839060902256,-250.707767676768,4.16780808080808
"2035",203.4,26.4080691044776,-250.631877192982,4.16735087719298
"2036",203.5,26.409614,-250.624442105263,4.16906315789474
"2037",203.6,26.4097696,-250.44112,4.16978
"2038",203.7,26.4127924,-250.338230769231,4.168
"2039",203.8,26.4059718796993,-250.275306306306,4.168
"2040",203.9,26.4100317910448,-250.2152,4.168
"2041",204,26.4148053383459,-250.245049586777,4.168
"2042",204.1,26.4086201470588,-250.29794214876,4.168
"2043",204.2,26.4225131,-249.699414141414,4.168
"2044",204.3,26.4253556,-249.817801980198,4.168
"2045",204.4,26.4157822,-249.896046728972,4.16746728971963
"2046",204.5,26.4299216541353,-249.852113402062,4.16574226804124
"2047",204.6,26.433348358209,-249.6026,4.17055
"2048",204.7,26.4087245,-249.570504854369,4.168
"2049",204.8,26.4095294,-249.455806451613,4.168
"2050",204.9,26.402781010101,-249.39861,4.168
"2051",205,26.4093810526316,-249.298070707071,4.168
"2052",205.1,26.4075926865672,-249.118407407407,4.168
"2053",205.2,26.393994,-248.954483870968,4.168
"2054",205.3,26.4314068,-248.767866666667,4.16784166666667
"2055",205.4,26.4209112,-248.514533333333,4.16700833333333
"2056",205.5,26.3861721804511,-248.349741935484,4.16351612903226
"2057",205.6,26.3813731343284,-248.255102803738,4.16717757009346
"2058",205.7,26.3975106766917,-248.200979591837,4.168
"2059",205.8,26.4107141176471,-248.15732,4.168
"2060",205.9,26.4067841,-247.828905263158,4.168
"2061",206,26.4317429323308,-247.646131313131,4.168
"2062",206.1,26.4441503030303,-247.340090909091,4.16781818181818
"2063",206.2,26.4417315789474,-247.539222222222,4.16711111111111
"2064",206.3,26.4364579104478,-247.429363636364,4.168
"2065",206.4,26.4099984,-247.382755102041,4.16820408163265
"2066",206.5,26.423152,-247.257415841584,4.16976237623762
"2067",206.6,26.4246326732673,-247.124193877551,4.16788775510204
"2068",206.7,26.4263415151515,-247.081451612903,4.16713978494624
"2069",206.8,26.4404743283582,-246.952058823529,4.168
"2070",206.9,26.4366544,-246.899090909091,4.168
"2071",207,26.458926,-246.623615384616,4.168
"2072",207.1,26.446656,-245.860904761905,4.168
"2073",207.2,26.4301918181818,-246.495237623762,4.16780198019802
"2074",207.3,26.4138570588235,-246.365787878788,4.16680808080808
"2075",207.4,26.4150718181818,-246.5218,4.1664
"2076",207.5,26.4070951,-246.330107142857,4.168
"2077",207.6,26.4124927,-246.270636363636,4.16809090909091
"2078",207.7,26.3983427819549,-246.152490196078,4.16880392156863
"2079",207.8,26.3772123529412,-246.027571428571,4.168
"2080",207.9,26.3802709090909,-245.921242990654,4.168
"2081",208,26.3763976470588,-245.915787234043,4.168
"2082",208.1,26.381368,-245.814778761062,4.168
"2083",208.2,26.4180608,-245.787931034483,4.168
"2084",208.3,26.4285010891089,-245.798388349515,4.16836893203884
"2085",208.4,26.4246609848485,-245.608530612245,4.16951020408163
"2086",208.5,26.4253504477612,-245.583514285714,4.16682857142857
"2087",208.6,26.4208152,-245.472723404255,4.16613829787234
"2088",208.7,26.4436252,-245.255288461538,4.16718269230769
"2089",208.8,26.4280592,-245.010147058824,4.168
"2090",208.9,26.4067936363636,-244.706547169811,4.168
"2091",209,26.4027270149254,-242.892525773196,4.16792783505155
"2092",209.1,26.4239922,-244.902333333333,4.16711111111111
"2093",209.2,26.4288894,-244.9292,4.1678
"2094",209.3,26.4250853,-245.063008403361,4.16716806722689
"2095",209.4,26.4282580451128,-244.769761904762,4.1679880952381
"2096",209.5,26.4220489552239,-244.65208490566,4.167
"2097",209.6,26.4249519548872,-244.54826,4.16722
"2098",209.7,26.4330935294118,-244.329539215686,4.16889215686274
"2099",209.8,26.4713792,-244.236,4.168
"2100",209.9,26.4880206015038,-244.126413461538,4.16781730769231
"2101",210,26.4647189552239,-243.935451923077,4.16714423076923
"2102",210.1,26.4606318181818,-244.036171428571,4.16789523809524
"2103",210.2,26.4589470588235,-244.007363636364,4.167
"2104",210.3,26.42342,-243.951132075472,4.16733962264151
"2105",210.4,26.4419251,-243.957870967742,4.16887096774193
"2106",210.5,26.4325293069307,-243.748232323232,4.16761616161616
"2107",210.6,26.42394,-243.635630630631,4.16618018018018
"2108",210.7,26.4251458823529,-243.500714285714,4.167
"2109",210.8,26.4257436,-243.448543478261,4.167
"2110",210.9,26.4298796,-242.954455445545,4.16718811881188
"2111",211,26.4551684,-242.261272727273,4.168
"2112",211.1,26.4621808270677,-243.0912,4.16781
"2113",211.2,26.4740740298508,-243.055025641026,4.16748717948718
"2114",211.3,26.4691085714286,-242.951317073171,4.1699756097561
"2115",211.4,26.4757554,-242.911524752475,4.16860396039604
"2116",211.5,26.4977374,-242.8325,4.167
"2117",211.6,26.4918562406015,-242.74311,4.167
"2118",211.7,26.4873330882353,-242.838,4.167
"2119",211.8,26.4725971969697,-242.609761363636,4.167
"2120",211.9,26.4610430882353,-242.339740740741,4.16715740740741
"2121",212,26.4585759,-242.5022,4.168
"2122",212.1,26.4688236,-242.40334,4.168
"2123",212.2,26.4772630693069,-242.539160714286,4.16783035714286
"2124",212.3,26.470267443609,-242.844988764045,4.16707865168539
"2125",212.4,26.4659462686567,-242.596114285714,4.16817142857143
"2126",212.5,26.4726145454545,-242.389125,4.16875
"2127",212.6,26.4621098,-242.202818181818,4.167
"2128",212.7,26.4513047,-242.003173913043,4.167
"2129",212.8,26.4749855639098,-241.849699029126,4.167
"2130",212.9,26.4698047761194,-241.499526315789,4.167
"2131",213,26.4602418181818,-241.853277227723,4.167
"2132",213.1,26.477724,-241.711060606061,4.16719191919192
"2133",213.2,26.4794826,-241.5804,4.167
"2134",213.3,26.4889259398496,-241.526,4.1638
"2135",213.4,26.4868686764706,-241.3988,4.1674
"2136",213.5,26.4738179545455,-241.425207920792,4.16860396039604
"2137",213.6,26.4891107352941,-241.240208333333,4.167
"2138",213.7,26.5311363,-241.136041666667,4.167
"2139",213.8,26.5377157894737,-240.988648148148,4.167
"2140",213.9,26.5518567164179,-240.657423913043,4.167
"2141",214,26.5562082706767,-240.836836538462,4.167
"2142",214.1,26.5334014925373,-240.771912621359,4.16714563106796
"2143",214.2,26.5610928282828,-240.770475728155,4.16776699029126
"2144",214.3,26.5587048,-240.628417582418,4.1660989010989
"2145",214.4,26.5776444554455,-240.624333333333,4.16683333333333
"2146",214.5,26.5829296240601,-240.662363636364,4.16610101010101
"2147",214.6,26.5956650746269,-240.520315217391,4.167
"2148",214.7,26.6000965656566,-240.26274,4.167
"2149",214.8,26.6134273267327,-239.88886,4.167
"2150",214.9,26.5881303030303,-240.201429906542,4.167
"2151",215,26.5779790977444,-240.147638297872,4.167
"2152",215.1,26.5735397014925,-239.992623853211,4.16782568807339
"2153",215.2,26.5860272,-240.007098901099,4.17140659340659
"2154",215.3,26.5505492,-239.945223300971,4.16634951456311
"2155",215.4,26.5784171717172,-239.999009708738,4.16785436893204
"2156",215.5,26.5754835820896,-239.760347826087,4.167
"2157",215.6,26.5745643283582,-239.649518518519,4.167
"2158",215.7,26.5485967669173,-239.644795918367,4.167
"2159",215.8,26.5039282352941,-238.688666666667,4.167
"2160",215.9,26.4906687878788,-239.567,4.1671
"2161",216,26.4945832673267,-239.593232323232,4.16780808080808
"2162",216.1,26.4834696,-239.544455445545,4.16739603960396
"2163",216.2,26.4864616541353,-239.35297,4.16881
"2164",216.3,26.5029552238806,-239.297833333333,4.16816666666667
"2165",216.4,26.4847053,-239.166777777778,4.16888888888889
"2166",216.5,26.479946,-239.05325,4.167
"2167",216.6,26.4824163636364,-238.908285714286,4.167
"2168",216.7,26.4789332330827,-238.823222222222,4.167
"2169",216.8,26.5003770149254,-238.431037037037,4.167
"2170",216.9,26.5116694,-238.733032258065,4.16687096774194
"2171",217,26.5073928,-238.89043,4.16619
"2172",217.1,26.4859638,-238.732028846154,4.16663461538462
"2173",217.2,26.4931515789474,-238.71759375,4.16515625
"2174",217.3,26.5059746268657,-238.482125,4.16616964285714
"2175",217.4,26.5050039097744,-238.41024137931,4.167
"2176",217.5,26.4890798507463,-238.2572,4.167
"2177",217.6,26.505329,-237.8964,4.167
"2178",217.7,26.5144992481203,-236.7296,4.167
"2179",217.8,26.5397795522388,-238.092712871287,4.167
"2180",217.9,26.5751710606061,-238.057348214286,4.167
"2181",218,26.5782908823529,-238.106488636364,4.16739772727273
"2182",218.1,26.5820772,-238.09232038835,4.17107766990291
"2183",218.2,26.5935388,-238.085886597938,4.16716494845361
"2184",218.3,26.5711199009901,-237.979575757576,4.16780808080808
"2185",218.4,26.5712764393939,-237.964086956522,4.167
"2186",218.5,26.587418358209,-237.87093877551,4.167
"2187",218.6,26.6024434,-237.714072916667,4.167
"2188",218.7,26.61949,-237.624339622642,4.167
"2189",218.8,26.60432,-237.610315789474,4.167
"2190",218.9,26.6054736363636,-237.618340425532,4.16689361702128
"2191",219,26.6044202985075,-237.609463917526,4.16567010309278
"2192",219.1,26.5772925,-237.473092592593,4.16452777777778
"2193",219.2,26.58407,-237.48838317757,4.16710280373832
"2194",219.3,26.6053425,-237.293552380952,4.1679619047619
"2195",219.4,26.6053813533835,-237.357361904762,4.16700952380952
"2196",219.5,26.591368358209,-237.290631578947,4.167
"2197",219.6,26.6069911278195,-237.109625,4.167
"2198",219.7,26.6360441176471,-237.091603603604,4.16682882882883
"2199",219.8,26.6397344,-236.988266666667,4.16608888888889
"2200",219.9,26.6029702,-236.97799009901,4.167
"2201",220,26.5753323762376,-236.91052,4.16717
"2202",220.1,26.5886549242424,-236.835833333333,4.16783333333333
"2203",220.2,26.5826450746269,-236.647794117647,4.167
"2204",220.3,26.5858026,-236.640326315789,4.167
"2205",220.4,26.5908286,-236.50036,4.167
"2206",220.5,26.5881128,-236.500037735849,4.167
"2207",220.6,26.5822089393939,-236.21176,4.167
"2208",220.7,26.594297761194,-235.709151515152,4.167
"2209",220.8,26.6132175,-236.25659139785,4.167
"2210",220.9,26.6217775,-236.4684,4.1678
"2211",221,26.60631,-236.567126213592,4.17041747572816
"2212",221.1,26.5961515037594,-236.6982,4.16783
"2213",221.2,26.5910082352941,-236.732226804124,4.167
"2214",221.3,26.5933328787879,-236.617633027523,4.167
"2215",221.4,26.5928719402985,-236.407054945055,4.167
"2216",221.5,26.597805,-236.11576146789,4.167
"2217",221.6,26.5937993233083,-235.831402173913,4.167
"2218",221.7,26.5705953731343,-235.890583333333,4.167
"2219",221.8,26.5886813636364,-235.809458333333,4.167
"2220",221.9,26.6043748529412,-235.8082,4.16745
"2221",222,26.5509775,-235.775285714286,4.16942857142857
"2222",222.1,26.5630225,-235.736555555556,4.16622222222222
"2223",222.2,26.5534164356436,-235.647972477064,4.16781651376147
"2224",222.3,26.5357921212121,-235.423,4.167
"2225",222.4,26.5402432352941,-235.470978947368,4.167
"2226",222.5,26.5466631313131,-235.128747474747,4.167
"2227",222.6,26.5528725,-234.746079207921,4.16680198019802
"2228",222.7,26.5459125,-235.228606060606,4.16619191919192
"2229",222.8,26.52309,-234.983294117647,4.16719607843137
"2230",222.9,26.5158705882353,-234.919272727273,4.16854545454545
"2231",223,26.5446575757576,-235.057495934959,4.17022764227642
"2232",223.1,26.5678024,-234.902211382114,4.16616260162602
"2233",223.2,26.5623696,-234.773714285714,4.16614285714286
"2234",223.3,26.5770342857143,-234.630105263158,4.1668947368421
"2235",223.4,26.5770008823529,-234.782873786408,4.167
"2236",223.5,26.5646927272727,-234.583381443299,4.167
"2237",223.6,26.5981877941176,-233.284170454545,4.167
"2238",223.7,26.5763725,-234.51454,4.16681
"2239",223.8,26.5690675,-234.340779661017,4.166
"2240",223.9,26.5484796039604,-234.423548780488,4.1659756097561
"2241",224,26.5584874242424,-234.483425742574,4.16456435643564
"2242",224.1,26.5810514925373,-234.527272727273,4.16718181818182
"2243",224.2,26.6256775,-234.38010619469,4.16783185840708
"2244",224.3,26.6148625,-234.155775280899,4.167
"2245",224.4,26.590855,-234.016581632653,4.167
"2246",224.5,26.5928211363636,-233.596727272727,4.16680808080808
"2247",224.6,26.5955370588235,-233.9542,4.166
"2248",224.7,26.591693030303,-233.7768,4.166
"2249",224.8,26.5969712,-233.874181818182,4.16690909090909
"2250",224.9,26.6066348,-233.891555555556,4.17033333333333
"2251",225,26.6280157142857,-233.671326732673,4.16539603960396
"2252",225.1,26.6623314705882,-233.692171717172,4.16680808080808
"2253",225.2,26.6967288636364,-233.6522,4.1662
"2254",225.3,26.6952204477612,-233.647956521739,4.167
"2255",225.4,26.6745052,-233.64361627907,4.167
"2256",225.5,26.69215,-233.116763636364,4.16682727272727
"2257",225.6,26.7035549253731,-233.474161290323,4.166
"2258",225.7,26.6938257142857,-233.300666666667,4.166
"2259",225.8,26.6867670588235,-233.369185185185,4.16674074074074
"2260",225.9,26.6819912121212,-233.421870967742,4.16948387096774
"2261",226,26.7085964,-233.404377358491,4.16617924528302
"2262",226.1,26.7003840594059,-233.106861702128,4.16686170212766
"2263",226.2,26.6881584210526,-233.247848484848,4.16619191919192
"2264",226.3,26.6788864179104,-233.14086407767,4.167
"2265",226.4,26.6806245454545,-232.824311320755,4.167
"2266",226.5,26.6880196,-231.787405940594,4.16689108910891
"2267",226.6,26.7044612,-232.935040816327,4.16610204081633
"2268",226.7,26.7064214285714,-232.983181818182,4.16724242424242
"2269",226.8,26.6962350746269,-232.859052631579,4.16913684210526
"2270",226.9,26.695711010101,-232.739959183673,4.16926530612245
"2271",227,26.7074428,-232.8226,4.1664
"2272",227.1,26.7249405,-232.5936,4.1676
"2273",227.2,26.7144957894737,-232.6252,4.1662
"2274",227.3,26.6577288235294,-232.57831372549,4.167
"2275",227.4,26.614536969697,-232.415090909091,4.16681818181818
"2276",227.5,26.6034264705882,-232.363949494949,4.16619191919192
"2277",227.6,26.6033836,-232.4715,4.16682142857143
"2278",227.7,26.6127256,-232.471853932584,4.16573033707865
"2279",227.8,26.5909306930693,-232.400762376238,4.16394059405941
"2280",227.9,26.6074210526316,-232.5081,4.16782
"2281",228,26.6360158208955,-232.177223300971,4.16665048543689
"2282",228.1,26.6501421212121,-232.178945945946,4.16513513513513
"2283",228.2,26.6768128,-232.153954545455,4.16604545454546
"2284",228.3,26.64296,-232.092845360825,4.167
"2285",228.4,26.6314342857143,-231.72608,4.16681
"2286",228.5,26.6265926470588,-231.9197,4.16619
"2287",228.6,26.6286454545455,-231.920585858586,4.16680808080808
"2288",228.7,26.6040328,-231.840823529412,4.16639215686275
"2289",228.8,26.6169268,-231.914432432432,4.168
"2290",228.9,26.60951,-231.883352272727,4.16784090909091
"2291",229,26.6188091044776,-231.764382352941,4.166
"2292",229.1,26.6294928571429,-231.876020408163,4.166
"2293",229.2,26.6479331343284,-231.818232323232,4.16619191919192
"2294",229.3,26.6665987878788,-231.713793103448,4.167
"2295",229.4,26.6923408955224,-231.611659574468,4.16695744680851
"2296",229.5,26.674743030303,-231.581373737374,4.16610101010101
"2297",229.6,26.6661878947368,-231.384835164835,4.16675824175824
"2298",229.7,26.6752570588235,-231.4192,4.1654
"2299",229.8,26.6792272,-231.397188118812,4.167
"2300",229.9,26.7094061386139,-231.33734,4.16681
"2301",230,26.6950425,-231.40833,4.16619
"2302",230.1,26.6841731343284,-231.3798,4.16681
"2303",230.2,26.6895102985075,-231.235681415929,4.166
"2304",230.3,26.6875354545455,-231.211655172414,4.16606896551724
"2305",230.4,26.6916,-230.8491,4.16681
"2306",230.5,26.6750836363636,-231.15094,4.166
"2307",230.6,26.654407761194,-231.057422413793,4.16698275862069
"2308",230.7,26.6503836363636,-230.882795454545,4.17179545454545
"2309",230.8,26.6540972,-230.811484536083,4.16615463917526
"2310",230.9,26.669246,-230.89298,4.16664
"2311",231,26.6882796969697,-230.768454545455,4.16518181818182
"2312",231.1,26.671405,-230.714610619469,4.166
"2313",231.2,26.6633331818182,-230.658821782178,4.166
"2314",231.3,26.6673710526316,-230.30178125,4.166
"2315",231.4,26.6771011764706,-230.746940594059,4.166
"2316",231.5,26.676055959596,-230.495818181818,4.166
"2317",231.6,26.6684502970297,-230.434,4.1664
"2318",231.7,26.6726992,-230.404097087379,4.16761165048544
"2319",231.8,26.6633942857143,-230.452071428571,4.166
"2320",231.9,26.6535652238806,-230.466932692308,4.166
"2321",232,26.6471429292929,-230.380631578947,4.166
"2322",232.1,26.6522708910891,-230.2932,4.166
"2323",232.2,26.6724787878788,-230.121207920792,4.166
"2324",232.3,26.6537036842105,-229.070881188119,4.166
"2325",232.4,26.6508617647059,-230.140775510204,4.166
"2326",232.5,26.6464091919192,-230.102178571429,4.166
"2327",232.6,26.6264195049505,-229.998909090909,4.16627272727273
"2328",232.7,26.6472637373737,-229.8994,4.1686
"2329",232.8,26.6450670149254,-229.966217391304,4.167
"2330",232.9,26.6387801515151,-229.87452688172,4.16694623655914
"2331",233,26.6380989473684,-229.823042105263,4.166
"2332",233.1,26.6268298507463,-229.74898019802,4.166
"2333",233.2,26.6171257,-229.500113402062,4.166
"2334",233.3,26.6187173684211,-228.87731,4.166
"2335",233.4,26.6304766666667,-229.56861,4.166
"2336",233.5,26.6271522556391,-229.59559,4.16619
"2337",233.6,26.6303205882353,-229.59959,4.16738
"2338",233.7,26.6716013,-229.43497029703,4.16843564356436
"2339",233.8,26.6471115,-229.525894736842,4.16647368421053
"2340",233.9,26.6326777,-229.336510638298,4.16887234042553
"2341",234,26.6293291791045,-229.1905,4.166
"2342",234.1,26.6366594029851,-229.350489361702,4.166
"2343",234.2,26.6343868,-229.087380952381,4.166
"2344",234.3,26.5882532,-228.83065625,4.166
"2345",234.4,26.623026969697,-229.09066,4.166
"2346",234.5,26.6348151492537,-229.098481481481,4.16564814814815
"2347",234.6,26.6330018181818,-229.07972826087,4.16447826086956
"2348",234.7,26.6444089,-229.046235294118,4.16762745098039
"2349",234.8,26.6326526,-228.985142857143,4.16617346938776
"2350",234.9,26.6255066,-229.031484848485,4.16680808080808
"2351",235,26.6303010526316,-228.958555555556,4.166
"2352",235.1,26.6261,-228.759588235294,4.166
"2353",235.2,26.6150438345865,-228.113915966387,4.166
"2354",235.3,26.5997239705882,-228.513075630252,4.166
"2355",235.4,26.6428461,-228.671890756303,4.1661512605042
"2356",235.5,26.6853018,-228.732394957983,4.16699159663866
"2357",235.6,26.7166137,-228.775106796117,4.16744660194175
"2358",235.7,26.7247205263158,-228.68656,4.16516
"2359",235.8,26.7153458208955,-228.611040816326,4.16567346938775
"2360",235.9,26.7423947,-228.466461538462,4.16430769230769
"2361",236,26.7732088,-228.404020408163,4.166
"2362",236.1,26.7528966666667,-228.473678571429,4.166
"2363",236.2,26.7459768656716,-227.783772277228,4.166
"2364",236.3,26.7398043283582,-228.23182,4.166
"2365",236.4,26.7767835,-228.290615384615,4.16615384615385
"2366",236.5,26.7488223,-228.39213253012,4.16696385542169
"2367",236.6,26.7365058,-228.31452,4.16436
"2368",236.7,26.7558063157895,-228.285,4.16616981132076
"2369",236.8,26.7520066666667,-228.267893617021,4.16687234042553
"2370",236.9,26.7594710526316,-228.14524,4.166
"2371",237,26.7500007462687,-228.090339805825,4.166
"2372",237.1,26.7339458,-227.788,4.166
"2373",237.2,26.7298040601504,-226.908621359224,4.166
"2374",237.3,26.7583479104478,-228.049393258427,4.166
"2375",237.4,26.7722304545455,-228.04518,4.166
"2376",237.5,26.7628332352941,-227.979923076923,4.16538461538462
"2377",237.6,26.7490482,-227.842712643678,4.16205747126437
"2378",237.7,26.7171914,-227.869866666667,4.1666
"2379",237.8,26.720168019802,-227.664451612903,4.1641935483871
"2380",237.9,26.7124468421053,-227.771309090909,4.166
"2381",238,26.7004305970149,-227.503275862069,4.166
"2382",238.1,26.7233111,-227.56786,4.166
"2383",238.2,26.7009094,-227.519644859813,4.166
"2384",238.3,26.6912277,-227.66075,4.166125
"2385",238.4,26.6974610526316,-227.43393814433,4.16683505154639
"2386",238.5,26.71588,-227.4944,4.166
"2387",238.6,26.7171708,-227.595154545455,4.16617272727273
"2388",238.7,26.7387972,-227.455,4.16690909090909
"2389",238.8,26.7465568,-227.441145833333,4.166
"2390",238.9,26.7232830075188,-227.49630927835,4.166
"2391",239,26.7317890909091,-227.272515151515,4.166
"2392",239.1,26.7235305263158,-226.185581818182,4.166
"2393",239.2,26.711815,-226.52564516129,4.166
"2394",239.3,26.7328662,-227.033709677419,4.166
"2395",239.4,26.7149528,-227.169169811321,4.167
"2396",239.5,26.7300396039604,-227.021531914894,4.16674468085106
"2397",239.6,26.7184425,-226.936087378641,4.16517475728155
"2398",239.7,26.7084680597015,-227.065082474227,4.166
"2399",239.8,26.706838,-227.076666666667,4.166
"2400",239.9,26.7033436,-227.085215053763,4.166
"2401",240,26.6917502,-226.810342592593,4.166
"2402",240.1,26.7031170676692,-226.294597826087,4.166
"2403",240.2,26.7313705970149,-226.94295959596,4.166
"2404",240.3,26.7270046,-226.680068965517,4.16615517241379
"2405",240.4,26.7265638,-226.772058823529,4.16707058823529
"2406",240.5,26.716141,-226.738428571429,4.16928571428571
"2407",240.6,26.7101894736842,-226.770361344538,4.16508403361345
"2408",240.7,26.7284865671642,-226.631465346535,4.16535643564356
"2409",240.8,26.7125927272727,-226.5409,4.16683
"2410",240.9,26.7086979104478,-226.498141414141,4.166
"2411",241,26.6985827,-226.382059405941,4.166
"2412",241.1,26.7146152631579,-226.262545454545,4.166
"2413",241.2,26.7173102985075,-226.33418,4.166
"2414",241.3,26.7131634848485,-226.28703960396,4.16582178217822
"2415",241.4,26.7394380882353,-226.421080357143,4.16545535714286
"2416",241.5,26.6987084,-226.288483870968,4.16789247311828
"2417",241.6,26.7259279,-226.21025,4.166
"2418",241.7,26.7070177227723,-226.192773195876,4.166
"2419",241.8,26.6803008270677,-226.04796039604,4.166
"2420",241.9,26.6729516176471,-225.955075471698,4.166
"2421",242,26.6753555555556,-225.70585106383,4.166
"2422",242.1,26.65377,-225.458363636364,4.166
"2423",242.2,26.65474,-225.843107142857,4.166
"2424",242.3,26.6606317293233,-225.786292134831,4.16592134831461
"2425",242.4,26.6687295522388,-225.834727272727,4.16572727272727
"2426",242.5,26.655416969697,-225.715225490196,4.16825490196078
"2427",242.6,26.6502136,-225.704299065421,4.16531775700935
"2428",242.7,26.6446533,-225.768152173913,4.16689130434783
"2429",242.8,26.6582796992481,-225.649433962264,4.166
"2430",242.9,26.6797235820896,-225.512421052632,4.166
"2431",243,26.6851850757576,-225.33412,4.166
"2432",243.1,26.6956179411765,-225.516252173913,4.166
"2433",243.2,26.6732863,-225.435785714286,4.16602380952381
"2434",243.3,26.6665320300752,-225.38564,4.16736
"2435",243.4,26.6633740298507,-225.38436,4.16864
"2436",243.5,26.6752459848485,-225.386157894737,4.16715789473684
"2437",243.6,26.6814189552239,-225.38388372093,4.16781395348837
"2438",243.7,26.679338,-225.309096153846,4.16434615384615
"2439",243.8,26.6378,-225.261711538462,4.166
"2440",243.9,26.6949947524753,-225.161565217391,4.166
"2441",244,26.700822481203,-224.29918,4.166
"2442",244.1,26.6889152941176,-225.213545454545,4.166
"2443",244.2,26.6949257575758,-225.061269230769,4.16636538461538
"2444",244.3,26.7108155,-224.971217821782,4.16814851485149
"2445",244.4,26.7162654,-224.969714285714,4.16857142857143
"2446",244.5,26.7184209774436,-225.017102040816,4.16583673469388
"2447",244.6,26.7465246268657,-224.968214285714,4.16516071428571
"2448",244.7,26.7383378787879,-224.848022727273,4.166
"2449",244.8,26.7056497014925,-224.857432432432,4.166
"2450",244.9,26.699782,-224.642548387097,4.166
"2451",245,26.6828322556391,-224.897333333333,4.166
"2452",245.1,26.7169001492537,-224.86888,4.166
"2453",245.2,26.7289134586466,-224.677534653465,4.16617821782178
"2454",245.3,26.7255136764706,-224.67371,4.16615
"2455",245.4,26.7212983838384,-224.653818181818,4.16268686868687
"2456",245.5,26.7511,-224.67036,4.166
"2457",245.6,26.7561669306931,-224.522120689655,4.16584482758621
"2458",245.7,26.754384887218,-224.599905263158,4.16502105263158
"2459",245.8,26.7475955882353,-224.610608247423,4.166
"2460",245.9,26.7389484848485,-224.192652173913,4.16589130434783
"2461",246,26.7445021,-224.119914285714,4.16517142857143
"2462",246.1,26.7229586,-224.332743362832,4.16588495575221
"2464",246.3,26.7123464179104,-224.505631578947,4.16674736842105
"2465",246.4,26.7163793939394,-224.50605050505,4.16517171717172
"2466",246.5,26.724984,-224.45786440678,4.16615254237288
"2468",246.7,26.755645112782,-224.303816513761,4.166
"2469",246.8,26.7557958208955,-224.209802197802,4.166
"2470",246.9,26.744152481203,-223.4794,4.16583
"2471",247,26.7453222058824,-224.085242424242,4.16517171717172
"2472",247.1,26.7403547474747,-224.112168316832,4.16582178217822
"2473",247.2,26.7594292537313,-224.070343434343,4.16534343434344
"2474",247.3,26.7590503030303,-224.160690265487,4.1666814159292
"2475",247.4,26.744842556391,-224.19076744186,4.16511627906977
"2476",247.5,26.7459894029851,-224.093519607843,4.167
"2477",247.6,26.769326,-224.03195959596,4.16682828282828
"2478",247.7,26.754258,-223.982909090909,4.16581818181818
"2479",247.8,26.743872,-223.718775862069,4.16516379310345
"2480",247.9,26.7586235820896,-222.76394117647,4.16596470588235
"2481",248,26.7621474626866,-224.00902,4.16518
"2482",248.1,26.7782656,-223.817027027027,4.16616216216216
"2483",248.2,26.7830292,-223.72223655914,4.1669247311828
"2484",248.3,26.76633,-223.747270833333,4.16585416666667
"2485",248.4,26.7865120895522,-223.679909090909,4.165
"2486",248.5,26.7830018181818,-223.758490740741,4.165
"2487",248.6,26.780624,-223.704475247525,4.16510891089109
"2488",248.7,26.802464,-223.518021505376,4.16589247311828
"2489",248.8,26.797226,-223.502615384615,4.1651452991453
"2491",249,26.8080125757576,-223.581178217822,4.166
"2492",249.1,26.8236669924812,-223.505575471698,4.16616037735849
"2493",249.2,26.8245947058824,-223.541701030928,4.16722680412371
"2494",249.3,26.824258,-223.539097087379,4.16859223300971
"2495",249.4,26.813786,-223.445757894737,4.166
"2496",249.5,26.802396,-223.476096774194,4.166
"2497",249.6,26.8200113432836,-223.295451612903,4.166
"2498",249.7,26.8221664179104,-223.35408,4.16518
"2499",249.8,26.8366948514852,-222.938535714286,4.166
"2500",249.9,26.8360526,-223.109727272727,4.16593181818182
"2501",250,26.8291586,-223.24048,4.16482
"2502",250.1,26.8112554887218,-223.128727272727,4.16381818181818
"2503",250.2,26.7626304545454,-223.22131,4.16357
"2504",250.3,26.744951010101,-223.188216216216,4.166
"2505",250.4,26.77613,-223.211333333333,4.16616666666667
"2506",250.5,26.768334,-223.026064516129,4.16761290322581
"2507",250.6,26.776207443609,-223.012142857143,4.165
"2508",250.7,26.7664063636364,-223.007631578947,4.165
"2509",250.8,26.7626944360902,-222.839583333333,4.16515740740741
"2510",250.9,26.7684517647059,-222.918010869565,4.166
"2511",251,26.740812,-222.875177570093,4.166
"2512",251.1,26.7466307518797,-222.898956521739,4.16621739130435
"2513",251.2,26.7373447761194,-222.947230769231,4.16784615384615
"2514",251.3,26.7175255639098,-222.899109756098,4.16698780487805
"2515",251.4,26.72168,-222.903720720721,4.16582882882883
"2516",251.5,26.70352,-222.877516853933,4.165
"2517",251.6,26.732704,-222.800409090909,4.165
"2518",251.7,26.7619035643564,-222.6826,4.165
"2519",251.8,26.7604712121212,-222.555,4.165
"2520",251.9,26.7607292537313,-222.708052631579,4.16510526315789
"2521",252,26.77538,-222.486424242424,4.16569696969697
"2522",252.1,26.782034,-222.54096,4.16464
"2523",252.2,26.762398,-222.58644,4.16752
"2524",252.3,26.7848128571429,-222.467700934579,4.16455140186916
"2525",252.4,26.8195801492537,-222.47887,4.16227
"2526",252.5,26.8468766666667,-222.591580645161,4.165
"2527",252.6,26.8716565,-222.410898989899,4.165
"2528",252.7,26.8880688,-222.326762376238,4.16516831683168
"2529",252.8,26.8963194736842,-222.350846153846,4.16584615384615
"2530",252.9,26.8878141791045,-222.216886597938,4.165
"2531",253,26.9006797727273,-222.216216981132,4.16485849056604
"2532",253.1,26.8825889705882,-222.262836956522,4.16419565217391
"2533",253.2,26.8726551,-222.281581818182,4.16584545454545
"2534",253.3,26.8622815841584,-222.239153846154,4.16515384615385
"2535",253.4,26.8361152475247,-222.209871287129,4.16668316831683
"2536",253.5,26.8428532330827,-222.171702970297,4.165
"2537",253.6,26.8527510447761,-221.954316831683,4.165
"2538",253.7,26.8339087,-220.797415841584,4.165
"2539",253.8,26.8506585858586,-222.044773584906,4.165
"2540",253.9,26.870048,-222.088565217391,4.1650652173913
"2541",254,26.8780092481203,-222.040141414141,4.166
"2542",254.1,26.8728575757576,-221.865393939394,4.16584848484849
"2543",254.2,26.8945585,-221.868509803922,4.165
"2544",254.3,26.8731635,-222.02782,4.165
"2545",254.4,26.8342647,-221.88604,4.165
"2546",254.5,26.7835881954887,-221.976473684211,4.165
"2548",254.7,26.7623702272727,-221.196198113208,4.165
"2549",254.8,26.7421869117647,-221.768942857143,4.165
"2550",254.9,26.759336,-221.462325842697,4.16504494382022
"2551",255,26.7661207518797,-221.529805555556,4.16572222222222
"2552",255.1,26.7616570149254,-221.507336956522,4.16407608695652
"2553",255.2,26.7631947727273,-221.494247787611,4.16486725663717
"2554",255.3,26.7746727941176,-221.618385542169,4.16402409638554
"2555",255.4,26.76406,-221.55658490566,4.165
"2556",255.5,26.737981,-221.50748,4.165
"2557",255.6,26.7748511881188,-221.014953703704,4.16512037037037
"2558",255.7,26.7745903007519,-220.660287356322,4.16594252873563
"2559",255.8,26.7591970588235,-221.32352,4.165
"2560",255.9,26.7322661616162,-221.30566,4.16446
"2561",256,26.7409107,-221.200525423729,4.16276271186441
"2563",256.2,26.7423680451128,-221.283157894737,4.16515789473684
"2564",256.3,26.7338443283582,-221.252183908046,4.16595402298851
"2565",256.4,26.7662509090909,-221.24665,4.165
"2566",256.5,26.7704086,-221.16768,4.165
"2567",256.6,26.779005,-221.04546,4.165
"2568",256.7,26.7559836090226,-221.23097979798,4.165
"2569",256.8,26.7525707462686,-221.158026548673,4.165
"2570",256.9,26.7886921212121,-221.073791666667,4.16510416666667
"2571",257,26.7795902941176,-220.980583333333,4.16675
"2572",257.1,26.7656882,-220.996840909091,4.16402272727273
"2573",257.2,26.8002876,-220.895315789474,4.16572631578947
"2574",257.3,26.7984716831683,-220.895909090909,4.16418181818182
"2575",257.4,26.7775408270677,-220.916459459459,4.165
"2576",257.5,26.7785958823529,-220.907921348315,4.165
"2577",257.6,26.785745050505,-220.8799,4.165
"2578",257.7,26.8116893,-220.781719008264,4.165
"2579",257.8,26.8321709,-220.648661157025,4.165
"2580",257.9,26.8115988721805,-220.807534653465,4.16812871287129
"2581",258,26.7918470149254,-220.92528,4.17156
"2582",258.1,26.7753436363636,-220.858371428571,4.16517142857143
"2583",258.2,26.76386,-220.753070707071,4.166
"2584",258.3,26.7855366,-220.74362886598,4.16585567010309
"2585",258.4,26.7706277443609,-220.51338,4.165
"2586",258.5,26.7704585074627,-220.313212121212,4.165
"2587",258.6,26.7899760606061,-219.811684210526,4.165
"2588",258.7,26.7949214705882,-220.446127659574,4.165
"2589",258.8,26.8279074,-220.359625,4.16489583333333
"2590",258.9,26.8378968421053,-220.393291666667,4.164
"2591",259,26.8341123880597,-220.53596,4.16418
"2592",259.1,26.8283536090226,-220.418887850467,4.16516822429907
"2593",259.2,26.8219868656716,-220.35385106383,4.1658829787234
"2594",259.3,26.8181096969697,-220.327535353535,4.165
"2595",259.4,26.8119743,-220.315362831859,4.165
"2596",259.5,26.8076232673267,-219.964897727273,4.165
"2597",259.6,26.7945251879699,-220.477343434343,4.16517171717172
"2598",259.7,26.8097607352941,-220.256333333333,4.16583333333333
"2599",259.8,26.7985163636364,-219.981080808081,4.16540404040404
"2600",259.9,26.7858562376238,-220.149021276596,4.16853191489362
"2601",260,26.8072945454546,-220.189086538462,4.165
"2602",260.1,26.8035579104478,-220.128416666667,4.16527083333333
"2603",260.2,26.7966854545455,-220.147574074074,4.16668518518518
"2604",260.3,26.8192556,-220.068717391304,4.165
"2605",260.4,26.8178566,-219.969361111111,4.165
"2606",260.5,26.8239111111111,-219.319054347826,4.165
"2607",260.6,26.8087794776119,-219.91577,4.165
"2608",260.7,26.7918333333333,-219.91989,4.165
"2609",260.8,26.7990081954887,-220.01309,4.16483
"2610",260.9,26.7882667647059,-220.008655172414,4.16414655172414
"2611",261,26.792503030303,-220.092746987952,4.16498795180723
"2612",261.1,26.775330990099,-219.973911504425,4.164
"2613",261.2,26.765041,-219.882131313131,4.1640505050505
"2614",261.3,26.7715879104478,-219.752730337079,4.165
"2615",261.4,26.7810389552239,-219.738436893204,4.165
"2616",261.5,26.7643990909091,-219.699,4.16485263157895
"2617",261.6,26.8027713861386,-219.752346534653,4.16418811881188
"2618",261.7,26.7860109090909,-219.639909090909,4.16481818181818
"2619",261.8,26.8047244776119,-219.661983050847,4.16416101694915
"2620",261.9,26.79794,-219.614636363636,4.165
"2621",262,26.7863502,-219.577041666667,4.16513541666667
"2622",262.1,26.8103402,-219.54397979798,4.16582828282828
"2623",262.2,26.8334438383838,-219.566077669903,4.165
"2624",262.3,26.8235141044776,-219.536,4.165
"2625",262.4,26.8089681818182,-219.300367346939,4.165
"2626",262.5,26.8040554135338,-218.7815,4.165
"2627",262.6,26.8069561764706,-219.372823529412,4.16485294117647
"2628",262.7,26.8155575757576,-219.170960784314,4.16540196078432
"2629",262.8,26.8496053731343,-219.45093877551,4.17387755102041
"2630",262.9,26.870916969697,-219.628114583333,4.165
"2631",263,26.8587477443609,-219.417717171717,4.16517171717172
"2632",263.1,26.846597761194,-219.49504,4.16582
"2633",263.2,26.8455148,-219.425297297297,4.165
"2634",263.3,26.8395925,-219.360215909091,4.165
"2635",263.4,26.8303588,-219.249633663366,4.165
"2636",263.5,26.8519538059702,-219.231363636364,4.165
"2637",263.6,26.8494456716418,-219.079,4.165
"2638",263.7,26.8341534,-219.016836206897,4.16483620689655
"2639",263.8,26.8489884158416,-219.114764705882,4.16403529411765
"2640",263.9,26.81806,-219.15616,4.165
"2641",264,26.8367558208955,-219.135934579439,4.165
"2642",264.1,26.8502763636364,-219.19584375,4.165
"2643",264.2,26.833849,-219.236673076923,4.165
"2644",264.3,26.8336014,-219.184860215054,4.165
"2645",264.4,26.849901,-219.007818181818,4.165
"2646",264.5,26.8588973684211,-219.093018867925,4.165
"2647",264.6,26.8877731818182,-219.103829787234,4.165
"2648",264.7,26.8528496240601,-219.02781,4.16481
"2649",264.8,26.8286343283582,-219.040598039216,4.16437254901961
"2650",264.9,26.7910887,-219.06756122449,4.16565306122449
"2651",265,26.7894003,-218.921512,4.164152
"2652",265.1,26.7916228,-218.966312,4.164952
"2653",265.2,26.8103670676692,-218.903242424242,4.165
"2654",265.3,26.8378907462687,-218.765869565217,4.165
"2655",265.4,26.8112792,-217.930840707964,4.165
"2656",265.5,26.7985148,-218.753523809524,4.165
"2657",265.6,26.7838442424242,-218.75927027027,4.16516216216216
"2658",265.7,26.8082214925373,-218.681577777778,4.16592222222222
"2659",265.8,26.7945610447761,-218.70921,4.165
"2660",265.9,26.7975906,-218.653141414141,4.16465656565657
"2661",266,26.8190495049505,-218.725118811881,4.16317821782178
"2662",266.1,26.8006192,-218.658161616162,4.16417171717172
"2663",266.2,26.8236463157895,-218.492727272727,4.165
"2664",266.3,26.8289904545455,-218.476237623762,4.165
"2665",266.4,26.8199672932331,-218.00768,4.165
"2666",266.5,26.8216171641791,-218.582377358491,4.165
"2667",266.6,26.8110935,-218.678170212766,4.16525531914894
"2668",266.7,26.8375451879699,-218.638277227723,4.16628712871287
"2669",266.8,26.8613790909091,-218.575343434343,4.16334343434343
"2670",266.9,26.8923563157895,-218.548485148515,4.165
"2671",267,26.9207925373134,-218.41275,4.165
"2672",267.1,26.9135756,-218.39523,4.165
"2673",267.2,26.9448832,-218.38635,4.165
"2674",267.3,26.9335001980198,-218.254964912281,4.165
"2675",267.4,26.9156627067669,-218.1899,4.165
"2676",267.5,26.9095576119403,-218.124330097087,4.16474757281553
"2677",267.6,26.926668,-218.069173913043,4.1634347826087
"2678",267.7,26.9433293069307,-217.907442307692,4.16682692307692
"2679",267.8,26.9627266,-218.024525773196,4.16614432989691
"2680",267.9,26.9515345112782,-217.959142857143,4.16630612244898
"2681",268,26.9271811940298,-217.80307,4.16338
"2682",268.1,26.9424927272727,-217.92073,4.165
"2683",268.2,26.9618181,-217.751061538461,4.165
"2684",268.3,26.9753812,-216.998753846154,4.165
"2685",268.4,26.9528172180451,-217.893846153846,4.165
"2686",268.5,26.9466464179104,-217.78593814433,4.165
"2687",268.6,26.9485473484849,-217.732178217822,4.16424752475248
"2688",268.7,26.9636614925373,-217.73962,4.1619
"2689",268.8,26.9723093069307,-217.814920792079,4.16582178217822
"2690",268.9,26.9730517,-217.7143,4.165
"2691",269,26.9179084158416,-217.56873,4.165
"2692",269.1,26.8944451515151,-217.70305,4.165
"2693",269.2,26.9138105970149,-217.608472727273,4.165
"2694",269.3,26.892178989899,-217.258415730337,4.16492134831461
"2695",269.4,26.8826008,-217.370075471698,4.16416981132075
"2696",269.5,26.8954828,-217.437574468085,4.1653829787234
"2697",269.6,26.8861015789474,-217.481818181818,4.16709090909091
"2698",269.7,26.868052238806,-217.56967,4.16338
"2699",269.8,26.872098,-217.544251968504,4.165
"2700",269.9,26.8694713861386,-217.44031496063,4.165
"2701",270,26.8875657,-217.3842,4.16414736842105
"2702",270.1,26.8704154135338,-217.121722772277,4.16481188118812
"2703",270.2,26.86825,-216.833196261682,4.16416822429907
"2704",270.3,26.8632936363636,-217.201451612903,4.16488172043011
"2705",270.4,26.8727911940298,-217.15718,4.16436
"2706",270.5,26.8247492,-217.084554455446,4.16564356435644
"2707",270.6,26.8437384210526,-217.138796296296,4.16384259259259
"2708",270.7,26.8818820895522,-217.222454545455,4.16309090909091
"2709",270.8,26.8690036363636,-217.24602173913,4.16432608695652
"2710",270.9,26.874751641791,-217.064198019802,4.16664356435644
"2711",271,26.8776835,-217.030277227723,4.16483168316832
"2712",271.1,26.85694,-217.014080808081,4.164
"2713",271.2,26.8547622772277,-216.71049122807,4.16414912280702
"2714",271.3,26.8546194736842,-217.105551724138,4.16496551724138
"2715",271.4,26.858985,-217.031868686869,4.164
"2716",271.5,26.8648125252525,-216.88754,4.16332
"2717",271.6,26.8688586138614,-217.019767676768,4.16068686868687
"2718",271.7,26.8579149,-217.022188118812,4.164
"2719",271.8,26.8614623308271,-217.054042372881,4.164
"2720",271.9,26.8667613432836,-216.88370338983,4.164
"2721",272,26.9063096969697,-216.82662,4.164
"2722",272.1,26.8896097029703,-216.79511,4.164
"2723",272.2,26.883771010101,-216.739405940594,4.164
"2724",272.3,26.9040721052632,-216.927676767677,4.16416161616162
"2725",272.4,26.9151294029851,-216.82974,4.16466
"2726",272.5,26.9017345454545,-216.793226415094,4.16348113207547
"2727",272.6,26.8779517647059,-216.921838709677,4.16576344086022
"2728",272.7,26.8900963636364,-216.75326,4.16382
"2729",272.8,26.8951377227723,-216.599821782178,4.16317821782178
"2730",272.9,26.8674406930693,-216.43589,4.164
"2731",273,26.8705441666667,-216.471376237624,4.164
"2732",273.1,26.8715375,-216.446090909091,4.16416161616162
"2733",273.2,26.904823939394,-215.889198019802,4.16483168316832
"2734",273.3,26.894584,-216.471756302521,4.164
"2735",273.4,26.91656,-216.338983193277,4.164
"2736",273.5,26.9139979699248,-216.449811320755,4.16616981132076
"2737",273.6,26.9134358823529,-216.48240776699,4.16665048543689
"2738",273.7,26.9177990909091,-216.441867924528,4.16416981132075
"2739",273.8,26.9094523762376,-216.46251,4.16594
"2740",273.9,26.9138684,-216.486953488372,4.164
"2741",274,26.9191668421053,-216.65481,4.164
"2742",274.1,26.9250282089552,-216.397965811966,4.164
"2744",274.3,26.928364117647,-216.449559322034,4.164
"2745",274.4,26.9154845454545,-216.334305084746,4.164
"2746",274.5,26.9052506766917,-216.412613861386,4.16649504950495
"2747",274.6,26.9293740298507,-216.392464646465,4.164
"2748",274.7,26.9269095454545,-216.380401869159,4.164
"2749",274.8,26.9503245588235,-216.133757281553,4.164
"2750",274.9,26.9460288888889,-216.087692307692,4.164
"2751",275,26.9344398,-216.094303030303,4.164
"2752",275.1,26.9181763366337,-215.9882,4.164
"2753",275.2,26.9480314285714,-216.09567,4.164
"2754",275.3,26.9851211764706,-215.962045045045,4.164
"2755",275.4,26.9958296969697,-215.909474226804,4.1640618556701
"2756",275.5,26.9627520792079,-215.951366336634,4.16491089108911
"2757",275.6,26.961484,-216.000086956522,4.164
"2758",275.7,26.9593210526316,-216.00364,4.164
"2759",275.8,26.9531892537313,-215.791828282828,4.164
"2760",275.9,26.9950109090909,-215.74222,4.164
"2761",276,27.0037299009901,-215.63066,4.164
"2762",276.1,26.9834460606061,-215.63631,4.164
"2763",276.2,26.9794284328358,-215.64769,4.164
"2764",276.3,26.97752,-215.53614,4.16417
"2765",276.4,26.9902365413534,-215.58562,4.165
"2766",276.5,26.9799113432836,-215.64374,4.16483
"2767",276.6,27.0083507070707,-215.57033,4.164
"2768",276.7,27.0067506,-215.523287128713,4.164
"2769",276.8,27.0246292079208,-215.494962962963,4.164
"2770",276.9,26.9846255639098,-215.433587628866,4.164
"2771",277,26.9914376119403,-215.107042105263,4.164
"2772",277.1,26.9803690909091,-215.358851851852,4.164
"2773",277.2,26.9770685148515,-215.305676190476,4.164
"2774",277.3,26.982771010101,-215.230724137931,4.16386206896552
"2775",277.4,27.0043564661654,-215.27676,4.16
"2776",277.5,27.0208620588235,-215.286527272727,4.16043636363636
"2777",277.6,26.9968485858586,-215.398866666667,4.16313333333333
"2778",277.7,27.0359788235294,-215.202699115044,4.16485840707965
"2779",277.8,27.0483503030303,-215.216379310345,4.164
"2780",277.9,27.0317584328358,-215.265585858586,4.164
"2781",278,27.0425440909091,-215.060567307692,4.164
"2782",278.1,27.0497336842105,-215.247604166667,4.164
"2783",278.2,27.0229740298507,-215.403782178218,4.16433663366337
"2784",278.3,27.0375749494949,-215.205384615385,4.16646153846154
"2785",278.4,27.0352343283582,-215.181263157895,4.16824210526316
"2786",278.5,27.0195533333333,-215.177990825688,4.163
"2787",278.6,27.0292305263158,-215.11396,4.16316
"2788",278.7,27.0416853731343,-215.12878021978,4.16491208791209
"2789",278.8,27.024696,-215.140208695652,4.164
"2790",278.9,27.015938,-214.956337078652,4.164
"2791",279,27.0240172277228,-214.055435185185,4.164
"2792",279.1,27.0374836090226,-214.997448275862,4.164
"2793",279.2,27.0233301492537,-215.031460869565,4.16415652173913
"2794",279.3,27.02581,-214.913191489362,4.16493617021277
"2795",279.4,27.0466832673267,-214.974489130435,4.16309782608696
"2796",279.5,27.0554708,-214.61623,4.16434
"2797",279.6,27.0635678947368,-214.487121212121,4.16565656565657
"2798",279.7,27.0551168181818,-214.592813559322,4.164
"2800",279.9,27.119513,-214.503777777778,4.164
"2801",280,27.12637,-214.61266,4.164
"2802",280.1,27.1346054135338,-214.63688,4.164
"2803",280.2,27.1232139393939,-214.368388888889,4.16384259259259
"2804",280.3,27.1346334586466,-214.430529411765,4.163
"2805",280.4,27.1590658208955,-214.502511111111,4.163
"2806",280.5,27.1169848,-214.524065420561,4.16315887850467
"2807",280.6,27.0571018,-214.348689320388,4.164
"2808",280.7,27.0760054,-214.29329,4.164
"2809",280.8,27.0620608270677,-214.270188888889,4.164
"2810",280.9,27.0696165671642,-213.62216,4.164
"2811",281,27.0690412,-214.333555555556,4.164
"2812",281.1,27.0777618,-214.371705882353,4.164
"2813",281.2,27.1105982,-214.3536,4.16407777777778
"2814",281.3,27.0918363157895,-214.443732673267,4.16483168316832
"2815",281.4,27.069987761194,-214.538442622951,4.164
"2816",281.5,27.0781778,-214.397459016393,4.164
"2817",281.6,27.1071034653465,-214.403207920792,4.16483168316832
"2818",281.7,27.094663,-214.43072,4.164
"2819",281.8,27.1112822556391,-214.377346938776,4.164
"2820",281.9,27.1201896969697,-214.007297029703,4.164
"2821",282,27.1177959398496,-214.386418181818,4.164
"2822",282.1,27.1185898507463,-214.33552173913,4.16377173913043
"2823",282.2,27.1329146,-214.352010204082,4.16161224489796
"2824",282.3,27.1305402255639,-214.357158415842,4.16483168316832
"2825",282.4,27.1156143283582,-214.435383838384,4.164
"2826",282.5,27.0893089393939,-214.38926,4.164
"2827",282.6,27.1080955882353,-214.23136440678,4.164
"2828",282.7,27.1126244444444,-214.386449152542,4.164
"2829",282.8,27.1156309,-214.161848484849,4.164
"2830",282.9,27.0882683168317,-213.6154,4.164
"2831",283,27.1137959398496,-214.115223300971,4.164
"2832",283.1,27.1226786764706,-214.007125,4.163875
"2833",283.2,27.1124792929293,-213.89364516129,4.16329032258065
"2834",283.3,27.0917616831683,-213.961752136752,4.1657264957265
"2835",283.4,27.1277265,-214.116452991453,4.16401709401709
"2836",283.5,27.099647443609,-213.830873684211,4.16488421052632
"2837",283.6,27.0685697014925,-213.8862,4.164
"2838",283.7,27.0642882828283,-213.849419047619,4.164
"2839",283.8,27.0661496,-213.778747368421,4.164
"2840",283.9,27.057837,-213.73148,4.164
"2841",284,27.071987593985,-213.717716814159,4.164
"2842",284.1,27.0716382089552,-213.626793103448,4.16406896551724
"2843",284.2,27.0620421212121,-213.83508,4.16552
"2844",284.3,27.0721194029851,-213.76764,4.16332
"2845",284.4,27.0588804,-213.65884,4.16468
"2846",284.5,27.0603324,-213.496131313131,4.16316161616162
"2847",284.6,27.0560876237624,-213.43923,4.164
"2848",284.7,27.0717021212121,-213.5199375,4.164
"2849",284.8,27.0687431343284,-213.414786516854,4.164
"2850",284.9,27.0470236,-213.326518518518,4.164
"2851",285,27.0475582,-213.24243956044,4.164
"2852",285.1,27.0821118,-213.41400990099,4.16433663366337
"2853",285.2,27.0788270676692,-213.43164,4.16568
"2854",285.3,27.0478432835821,-213.456141414141,4.164
"2855",285.4,27.06233,-213.229237623762,4.164
"2856",285.5,27.0633740594059,-213.198616161616,4.164
"2857",285.6,27.045238,-213.2985,4.164
"2858",285.7,27.0416739849624,-213.324346534654,4.164
"2859",285.8,27.0223486567164,-213.230298245614,4.164
"2860",285.9,27.0220439393939,-213.131801980198,4.164
"2861",286,27.0543155882353,-213.319532608696,4.164
"2862",286.1,27.0712467676768,-213.255282608696,4.16380434782609
"2863",286.2,27.0360476691729,-213.09682,4.16234
"2864",286.3,27.0401779104477,-213.275833333333,4.16416666666667
"2865",286.4,27.0324965909091,-213.155943396226,4.16485849056604
"2866",286.5,27.0550897058824,-213.19621875,4.164
"2867",286.6,27.0472875757576,-213.107677083334,4.164
"2868",286.7,27.0473092,-212.29799009901,4.16383168316832
"2869",286.8,27.0393507843137,-212.463464646464,4.16316161616162
"2870",286.9,27.0632515789474,-212.89585,4.16383
"2871",287,27.0950032352941,-212.836580357143,4.163
"2872",287.1,27.0500602020202,-212.949920454545,4.16305681818182
"2873",287.2,27.0816982,-213.02618018018,4.16384684684685
"2874",287.3,27.0834990909091,-213.075730337079,4.16326966292135
"2875",287.4,27.0802127067669,-212.908060606061,4.16648484848485
"2876",287.5,27.0689285074627,-212.91278,4.164
"2877",287.6,27.0621372727273,-212.851666666667,4.164
"2878",287.7,27.0477985148515,-212.688586956522,4.16389130434783
"2879",287.8,27.0696602,-212.86203960396,4.16317821782178
"2880",287.9,27.0805170676692,-212.785855769231,4.164
"2881",288,27.0798323880597,-212.84925,4.16375
"2882",288.1,27.0691634090909,-212.714615384615,4.16208653846154
"2883",288.2,27.0945004411765,-212.609772727273,4.16294318181818
"2884",288.3,27.0740027,-212.690654867257,4.16230088495575
"2885",288.4,27.0328428,-212.6995,4.164
"2886",288.5,27.0431164356436,-212.650660377358,4.164
"2887",288.6,27.0668928787879,-212.433936170213,4.164
"2888",288.7,27.0844997058824,-212.4218,4.164
"2889",288.8,27.0757736734694,-212.41412,4.164
"2890",288.9,27.1028948,-212.477102803738,4.164
"2891",289,27.0655356,-212.565419354839,4.16361290322581
"2892",289.1,27.0654414285714,-212.558796116505,4.16046601941748
"2893",289.2,27.0952927941177,-212.392081818182,4.16323636363636
"2894",289.3,27.1085521212121,-212.333517241379,4.16496551724138
"2895",289.4,27.0958295049505,-212.348161616162,4.16383838383838
"2896",289.5,27.1119147,-212.335367924528,4.16316037735849
"2897",289.6,27.1098382706767,-212.216444444445,4.164
"2898",289.7,27.1212210447761,-211.8624,4.164
"2899",289.8,27.0955502272727,-212.073175925926,4.164
"2900",289.9,27.1278723529412,-212.236525773196,4.16437113402062
"2901",290,27.1305884848485,-212.351752475248,4.168
"2902",290.1,27.1063823880597,-212.278778947368,4.16753684210526
"2903",290.2,27.1067109090909,-212.10597979798,4.164
"2904",290.3,27.0894912781955,-211.955851485149,4.164
"2905",290.4,27.0774001492537,-211.906050505051,4.164
"2906",290.5,27.0839411111111,-211.97021,4.164
"2907",290.6,27.068649009901,-211.59307,4.164
"2908",290.7,27.0821868,-211.41141509434,4.16383962264151
"2909",290.8,27.0994082089552,-211.889882978723,4.1631170212766
"2910",290.9,27.1043885074627,-213.637306930693,4.164
"2911",291,27.1028375757576,-223.05803773585,4.16430188679245
"2912",291.1,27.1289196039604,-227.438089108911,4.16590099009901
"2913",291.2,27.0985348484849,-227.236,4.16484615384615
"2914",291.3,27.1008237313433,-226.902666666667,4.16313675213675
"2915",291.4,27.0861054545455,-226.6531,4.163
"2916",291.5,27.12682,-226.572724137931,4.163
"2917",291.6,27.0845694117647,-226.441904761905,4.163
"2918",291.7,27.0977306060606,-226.3238,4.163
"2919",291.8,27.0755153731343,-226.177833333333,4.16266666666667
"2920",291.9,27.08486,-226.124121212121,4.16130303030303
"2921",292,27.0839181954887,-226.174857142857,4.16316326530612
"2922",292.1,27.0501885074627,-226.063631578947,4.16384210526316
"2923",292.2,27.0331611111111,-225.934452631579,4.163
"2924",292.3,27.0497234,-225.828510638298,4.163
"2925",292.4,27.0244104950495,-225.777523364486,4.16314018691589
"2926",292.5,27.0298771428571,-225.602072164948,4.1639175257732
"2927",292.6,27.0434028358209,-225.519557894737,4.163
"2928",292.7,27.0483344444444,-225.50248,4.163
"2929",292.8,27.0461201,-225.642547826087,4.16286086956522
"2930",292.9,27.0408338,-225.712535714286,4.1620119047619
"2931",293,27.0633666917293,-225.588306930693,4.16316831683168
"2932",293.1,27.06613,-225.540647058824,4.1638431372549
"2933",293.2,27.0751855555556,-225.349882352941,4.163
"2934",293.3,27.120864950495,-225.30618487395,4.163
"2935",293.4,27.1032296,-225.1814,4.163
"2936",293.5,27.07801,-225.0738,4.163
"2937",293.6,27.0627545454545,-224.956828282828,4.163
"2938",293.7,27.0545227067669,-224.74581,4.16317
"2939",293.8,27.0824511940298,-224.661544554455,4.164
"2940",293.9,27.0739388888889,-224.65728440367,4.16414678899083
"2941",294,27.0460671641791,-224.506076923077,4.16492307692308
"2942",294.1,27.0418166666667,-224.52636,4.16384
"2943",294.2,27.0566121052632,-224.356121212121,4.163
"2944",294.3,27.0667610447761,-224.24484,4.163
"2945",294.4,27.0659503,-224.180220338983,4.163
"2946",294.5,27.0598771,-224.034457627119,4.163
"2947",294.6,27.046779,-223.986889908257,4.163
"2948",294.7,27.0671612686567,-223.856916666667,4.16316666666667
"2949",294.8,27.0887556716418,-223.916796460177,4.165
"2950",294.9,27.0781668,-223.873433628319,4.165
"2951",295,27.0731276,-223.870857142857,4.16142857142857
"2952",295.1,27.0522711111111,-223.709221238938,4.16385840707965
"2953",295.2,27.0582414179104,-223.75373255814,4.163
"2954",295.3,27.07325,-223.751613861386,4.163
"2955",295.4,27.0643896,-223.58895959596,4.163
"2956",295.5,27.0862581188119,-223.30502970297,4.163
"2957",295.6,27.0719766666667,-223.246,4.16313333333333
"2958",295.7,27.0779760447761,-223.3085,4.16396666666667
"2959",295.8,27.0569683333333,-223.225916666667,4.16421296296296
"2960",295.9,27.0769469924812,-223.189173913043,4.16039130434783
"2961",296,27.0636586567164,-223.191733944954,4.16415596330275
"2962",296.1,27.065651,-223.144304347826,4.16482608695652
"2963",296.2,27.1131916,-223.101454545455,4.163
"2964",296.3,27.1005459,-223.031049504951,4.163
"2965",296.4,27.1087492481203,-223.043393939394,4.163
"2966",296.5,27.0934189552239,-222.96559,4.163
"2967",296.6,27.0749275,-222.874198019802,4.16283168316832
"2968",296.7,27.0989322,-222.732285714286,4.16216326530612
"2969",296.8,27.1025155555556,-222.792392857143,4.16283928571429
"2970",296.9,27.1241532835821,-222.831674157303,4.16213483146067
"2971",297,27.1257667164179,-222.823364485981,4.164
"2972",297.1,27.0796702,-222.734255319149,4.16389361702128
"2973",297.2,27.0914524752475,-222.730660550459,4.163
"2974",297.3,27.0884296,-222.485485436893,4.163
"2975",297.4,27.1045382089552,-222.27297752809,4.163
"2976",297.5,27.1334018181818,-222.548632075472,4.16285849056604
"2977",297.6,27.1409433082707,-222.403739130435,4.16209782608696
"2978",297.7,27.125067761194,-222.274445544554,4.16316831683168
"2979",297.8,27.1142911111111,-222.329518518518,4.16385185185185
"2980",297.9,27.1126370676692,-222.318511111111,4.16308888888889
"2981",298,27.0834225373134,-222.269882352941,4.16382352941176
"2982",298.1,27.1032126515152,-222.159252525253,4.163
"2983",298.2,27.1256508955224,-222.15673,4.163
"2984",298.3,27.097145,-222.227203883495,4.163
"2985",298.4,27.073152,-222.264571428571,4.163
"2986",298.5,27.0803233663366,-222.06,4.163
"2987",298.6,27.0740120300752,-221.901036036036,4.163
"2988",298.7,27.0544644776119,-221.823920454545,4.163
"2989",298.8,27.0434468,-221.704583333333,4.163
"2990",298.9,27.0354746,-221.621275229358,4.163
"2992",299.1,27.068055037594,-221.753893617021,4.163
"2993",299.2,27.0714933333333,-221.670956521739,4.163
"2994",299.3,27.066756,-221.54052173913,4.163
"2995",299.4,27.0815559405941,-221.587131313131,4.163
"2996",299.5,27.0687673,-221.438647058824,4.16335294117647
"2997",299.6,27.0617739097744,-221.317947368421,4.16471929824561
"2998",299.7,27.0444378787879,-221.530505494505,4.16297802197802
"2999",299.8,27.0248015037594,-221.454287234043,4.1621170212766
"3000",299.9,27.0132514925373,-221.38644,4.163
"3001",300,27.045446,-221.403555555556,4.163
"3002",300.1,27.030991,-221.3381875,4.163
"3003",300.2,27.0299334653465,-221.207439655172,4.163
"3004",300.3,27.0252156818182,-221.303129310345,4.163
"3005",300.4,27.0386017910448,-221.07203,4.163
"3006",300.5,27.071015,-220.98475,4.16334
"3007",300.6,27.060675,-221.097514851485,4.16533663366337
"3008",300.7,27.074739,-220.94804,4.16636
"3009",300.8,27.0806790225564,-221.020428571429,4.16285714285714
"3010",300.9,27.0755437313433,-221.099545454545,4.162
"3011",301,27.082273,-220.90444,4.16216
"3012",301.1,27.0927748514851,-220.73848,4.163
"3013",301.2,27.0630136,-220.923745454545,4.163
"3014",301.3,27.0547266165414,-220.878733333333,4.163
"3015",301.4,27.0337223880597,-220.756247706422,4.163
"3016",301.5,27.0357340909091,-220.715307692308,4.163
"3017",301.6,27.0802701492537,-220.67228,4.16252
"3018",301.7,27.076026,-220.58228,4.1608
"3019",301.8,27.0760121804511,-220.694796460177,4.16485840707965
"3020",301.9,27.0589414925373,-220.441489361702,4.16396808510638
"3021",302,27.0862695454546,-220.327425742574,4.163
"3022",302.1,27.0795644117647,-220.261516483516,4.163
"3023",302.2,27.0758963636364,-220.378057692308,4.163
"3024",302.3,27.0851629,-220.351591836735,4.163
"3025",302.4,27.0765024752475,-220.265367346939,4.163
"3026",302.5,27.0924687969925,-220.200205607477,4.163
"3027",302.6,27.1019998529412,-220.171425531915,4.16321276595745
"3028",302.7,27.101371010101,-219.984393939394,4.16483838383838
"3029",302.8,27.091082,-220.065638888889,4.16384259259259
"3030",302.9,27.123169,-219.968580645161,4.163
"3031",303,27.1086231578947,-220.017588785047,4.163
"3032",303.1,27.1189156716418,-219.951212765957,4.163
"3033",303.2,27.1521863636364,-219.98796969697,4.163
"3034",303.3,27.150639009901,-219.94252,4.163
"3035",303.4,27.136082,-219.797591304348,4.16286086956522
"3036",303.5,27.147723,-219.824776470588,4.162
"3037",303.6,27.1502058415842,-219.7556,4.16232
"3038",303.7,27.1152626515152,-219.929514563107,4.16384466019417
"3039",303.8,27.0973586567164,-219.893216494845,4.163
"3040",303.9,27.14894,-219.738388349515,4.163
"3041",304,27.140623,-219.700441176471,4.163
"3042",304.1,27.148546,-219.724,4.163
"3043",304.2,27.1294931818182,-219.724,4.163
"3044",304.3,27.1243747058823,-219.55432,4.163
"3045",304.4,27.1165736363636,-219.54999009901,4.16283168316832
"3046",304.5,27.1247563,-219.544186440678,4.162
"3047",304.6,27.1276884,-219.539101694915,4.162
"3048",304.7,27.1072131578947,-219.426217821782,4.16116831683168
"3049",304.8,27.0929447058824,-219.270742857143,4.16215238095238
"3050",304.9,27.0509572727273,-219.201052631579,4.163
"3051",305,27.0916912871287,-219.229148514851,4.163
"3052",305.1,27.102587,-219.199,4.163
"3053",305.2,27.1271033834586,-219.098839285714,4.163
"3054",305.3,27.0957159701493,-218.978,4.163
"3055",305.4,27.08746,-218.998,4.163
"3056",305.5,27.0741367647059,-219.00024137931,4.16309195402299
"3057",305.6,27.0867454545455,-218.935672413793,4.16470689655172
"3058",305.7,27.1010701,-218.892065217391,4.163
"3059",305.8,27.1022228712871,-218.800585106383,4.163
"3060",305.9,27.1138355639098,-218.7529,4.163
"3061",306,27.1350182089552,-218.809181818182,4.163
"3062",306.1,27.10236,-218.721518518519,4.163
"3063",306.2,27.1033882,-218.750676767677,4.163
"3064",306.3,27.1283008,-218.639741935484,4.163
"3065",306.4,27.1031942105263,-218.504296296296,4.163
"3066",306.5,27.1277805882353,-218.591204301075,4.16291397849462
"3067",306.6,27.1313645454545,-218.535285714286,4.162
"3068",306.7,27.1366931683168,-218.619862745098,4.16219607843137
"3069",306.8,27.16231,-218.504935483871,4.16391397849462
"3070",306.9,27.1426278947368,-218.54595,4.163
"3071",307,27.136657761194,-218.38343697479,4.163
"3072",307.1,27.1712749494949,-218.133016806723,4.163
"3073",307.2,27.1695871287129,-218.34595,4.163
"3074",307.3,27.1716962,-218.248973214286,4.16273214285714
"3075",307.4,27.1353407,-218.210789473684,4.16112631578947
"3076",307.5,27.1660837623762,-218.229666666667,4.16482795698925
"3077",307.6,27.1871427067669,-218.17705,4.1627
"3078",307.7,27.19597,-218.169855769231,4.16128846153846
"3079",307.8,27.1569790909091,-217.990546391753,4.163
"3080",307.9,27.1738635,-217.988838383838,4.163
"3081",308,27.1698958,-217.984242424242,4.163
"3082",308.1,27.1826489473684,-217.863102803738,4.163
"3083",308.2,27.1738165671642,-217.696680851064,4.16290425531915
"3084",308.3,27.1710763636364,-217.880939393939,4.16245454545454
"3085",308.4,27.1852724,-217.836742574257,4.16452475247525
"3086",308.5,27.1659204,-217.912584158416,4.16244554455446
"3087",308.6,27.1714761654135,-217.809533333333,4.1646
"3088",308.7,27.1636527941176,-217.812875,4.16209375
"3089",308.8,27.187155050505,-217.692298969072,4.163
"3090",308.9,27.1491632673267,-217.727181818182,4.163
"3091",309,27.1761882,-217.690818181818,4.163
"3092",309.1,27.171697,-217.609811881188,4.163
"3093",309.2,27.1793922772277,-217.474461538462,4.1628717948718
"3094",309.3,27.217697,-217.464205128205,4.16201709401709
"3095",309.4,27.1913658415842,-217.516150943396,4.16429245283019
"3096",309.5,27.1846014141414,-217.512053191489,4.16028723404255
"3097",309.6,27.190756039604,-217.5055,4.16315
"3098",309.7,27.2085948484849,-217.39715,4.16385
"3099",309.8,27.2028395454545,-217.32125,4.163
"3100",309.9,27.2011817910448,-217.370844827586,4.163
"3101",310,27.1786572,-217.389810344828,4.163
"3102",310.1,27.1830794,-217.29985,4.163
"3103",310.2,27.1698602020202,-217.185533980583,4.16285436893204
"3104",310.3,27.1663262686567,-217.221625,4.16225
"3105",310.4,27.2040694029851,-217.22876,4.164
"3106",310.5,27.2074055,-217.138381818182,4.16385454545455
"3107",310.6,27.2030996,-217.1633125,4.163
"3108",310.7,27.197058,-217.061407079646,4.163
"3109",310.8,27.2076321052632,-217.045477876106,4.163
"3110",310.9,27.2098172727273,-217.184571428571,4.16285714285714
"3111",311,27.1635572,-217.126306122449,4.162
"3112",311.1,27.1311957425743,-216.963125,4.162125
"3113",311.2,27.1243159,-217.0212,4.163
"3114",311.3,27.1593636,-216.955425742574,4.16284158415842
"3115",311.4,27.1828081,-216.9651,4.162
"3116",311.5,27.1581163157895,-216.96725,4.162
"3117",311.6,27.1650971641791,-216.919121212121,4.16215151515151
"3118",311.7,27.1619839,-216.935660550459,4.163
"3119",311.8,27.1197202,-216.809182795699,4.163
"3120",311.9,27.1284686868687,-216.901070707071,4.16285858585859
"3121",312,27.1527245112782,-216.749303030303,4.162
"3122",312.1,27.2102828358209,-216.610841584158,4.162
"3123",312.2,27.2120992,-216.613285714286,4.16228571428571
"3124",312.3,27.1869888,-216.631144329897,4.1638969072165
"3125",312.4,27.2093856,-216.609693877551,4.16286734693878
"3126",312.5,27.2074595488722,-216.565607476635,4.162
"3127",312.6,27.2157856716418,-216.504371134021,4.1620824742268
"3128",312.7,27.2234436,-216.471677083333,4.163
"3129",312.8,27.2381088118812,-216.514611111111,4.163
"3130",312.9,27.2374152,-216.406152173913,4.163
"3131",313,27.2442163157895,-216.3284,4.163
"3132",313.1,27.2193243283582,-216.350428571429,4.163
"3133",313.2,27.2082958585859,-216.304688073394,4.16290825688073
"3134",313.3,27.214288,-216.358825581395,4.16198837209302
"3135",313.4,27.2143724,-216.1824,4.1613
"3136",313.5,27.198,-216.236330275229,4.1628623853211
"3137",313.6,27.1833447524753,-216.264725274725,4.16206593406593
"3138",313.7,27.2008497727273,-216.102311320755,4.163
"3139",313.8,27.2141808955224,-216.094617021277,4.16290425531915
"3140",313.9,27.190874,-216.17465,4.162
"3141",314,27.16832,-216.13835,4.16215
"3142",314.1,27.168426,-215.98605,4.16285
"3143",314.2,27.1504390225564,-216.048480769231,4.16185576923077
"3144",314.3,27.1408882089552,-216.084807692308,4.16121153846154
"3145",314.4,27.1469644,-216.106423913043,4.16284782608696
"3146",314.5,27.14176,-215.942696969697,4.16115151515152
"3147",314.6,27.1119672,-215.778108910891,4.16215841584158
"3148",314.7,27.1323093233083,-215.95985,4.163
"3149",314.8,27.1586689552239,-215.972207920792,4.16285148514851
"3150",314.9,27.1348676767677,-215.831857142857,4.162
"3151",315,27.1507257425743,-215.72612,4.16216
"3152",315.1,27.1406496,-215.826982608696,4.16286086956522
"3153",315.2,27.1940304,-215.765211764706,4.16202352941177
"3154",315.3,27.1524867326733,-215.79132,4.16384
"3155",315.4,27.1587421212121,-215.81244,4.16268
"3156",315.5,27.1699843283582,-215.68072,4.16116
"3157",315.6,27.1599756,-215.590034482759,4.162
"3159",315.8,27.16684,-215.624579439252,4.16285981308411
"3160",315.9,27.1436051515152,-215.538258064516,4.162
"3161",316,27.1550526865672,-215.58895,4.162
"3162",316.1,27.1539481,-215.37345,4.1623
"3163",316.2,27.2091173,-215.3483,4.164
"3164",316.3,27.2276957,-215.394972222222,4.16372222222222
"3165",316.4,27.214312556391,-215.458461538462,4.16207692307692
"3166",316.5,27.2219782352941,-215.396228571429,4.163
"3167",316.6,27.2306045454545,-215.34993814433,4.16288659793815
"3168",316.7,27.2506868316832,-215.318542056075,4.162
"3169",316.8,27.2252116,-215.269608695652,4.162
"3170",316.9,27.2362972180451,-215.280940677966,4.162
"3171",317,27.2384153731343,-215.307211864407,4.162
"3172",317.1,27.222631010101,-215.304460176991,4.162
"3173",317.2,27.2345544554455,-215.186620689655,4.16206896551724
"3174",317.3,27.2278088888889,-215.20288,4.16352
"3175",317.4,27.227117,-215.197842105263,4.161
"3176",317.5,27.2328097029703,-215.202279069767,4.16102325581395
"3177",317.6,27.2329375757576,-215.16528,4.162
"3178",317.7,27.23878,-215.094831683168,4.162
"3179",317.8,27.2000571717172,-214.93475,4.162
"3180",317.9,27.2422852,-215.113083333333,4.162
"3181",318,27.2124518,-214.99840776699,4.16292233009709
"3182",318.1,27.2208093233083,-214.972620689655,4.16013793103448
"3184",318.3,27.2703528282828,-214.887714285714,4.16357142857143
"3185",318.4,27.2366054,-214.85632967033,4.16104395604396
"3186",318.5,27.2343994,-214.722010309278,4.162
"3187",318.6,27.251249924812,-214.66396,4.162
"3188",318.7,27.2469008955224,-214.70579047619,4.162
"3189",318.8,27.2497629,-214.576958333333,4.162
"3190",318.9,27.2398315841584,-214.72345,4.162
"3191",319,27.2652436,-214.779055555555,4.162
"3192",319.1,27.2597744,-214.58252173913,4.16192391304348
"3193",319.2,27.2422758415842,-214.6112,4.1613
"3194",319.3,27.2340307633588,-214.65050862069,4.16287068965517
"3195",319.4,27.2202770588235,-214.527232758621,4.16200862068965
"3196",319.5,27.2292380808081,-214.602666666667,4.162
"3197",319.6,27.2481278,-214.534947368421,4.162
"3198",319.7,27.2547259,-214.461292134831,4.162
"3199",319.8,27.2762986363636,-214.3935,4.162
"3200",319.9,27.3107461764706,-214.337779661017,4.16213559322034
"3201",320,27.2691339393939,-214.230152542373,4.16298305084746
"3202",320.1,27.2679238,-214.387373737374,4.1620101010101
"3203",320.2,27.2700322,-214.405611111111,4.16113888888889
"3204",320.3,27.2643095522388,-214.266595744681,4.162
"3205",320.4,27.3059288235294,-214.195047619048,4.162
"3206",320.5,27.3460916161616,-214.261212121212,4.162
"3207",320.6,27.3333503960396,-214.342717391304,4.162
"3208",320.7,27.3219008,-214.15112,4.162
"3209",320.8,27.3174584848485,-214.245485148515,4.162
"3210",320.9,27.3042502985075,-214.127656565657,4.16216161616162
"3211",321,27.3008890909091,-214.026514851485,4.16333663366337
"3212",321.1,27.3106811881188,-214.177870967742,4.16461290322581
"3213",321.2,27.3056145454545,-214.027064516129,4.1621935483871
"3214",321.3,27.2985378,-214.079627906977,4.16297674418605
"3215",321.4,27.3073238613861,-214.021853211009,4.162
"3216",321.5,27.3076533834586,-214.015,4.162
"3217",321.6,27.3020641791045,-213.92844,4.162
"3218",321.7,27.2819657575758,-213.836145454545,4.162
"3219",321.8,27.2978368,-213.750533333333,4.162
"3220",321.9,27.299588,-213.858262626263,4.16216161616162
"3221",322,27.3007608270677,-213.861646551724,4.16270689655172
"3222",322.1,27.34088,-213.815261904762,4.161
"3223",322.2,27.3312357575758,-214.00028,4.16083
"3224",322.3,27.3048655445545,-213.95019266055,4.1603119266055
"3225",322.4,27.2887663636364,-213.755202020202,4.162
"3226",322.5,27.3111521052632,-213.802816326531,4.162
"3227",322.6,27.288444477612,-213.782402061856,4.162
"3228",322.7,27.2682925252525,-213.630505154639,4.162
"3229",322.8,27.2772474257426,-213.603666666667,4.162
"3230",322.9,27.2485514,-213.650636363636,4.16215151515151
"3231",323,27.2440574,-213.593165137615,4.163
"3232",323.1,27.2579620792079,-213.619739583333,4.16307291666667
"3233",323.2,27.2457942105263,-213.50072631579,4.16365263157895
"3234",323.3,27.2556741791045,-213.515712871287,4.16115841584158
"3235",323.4,27.2472881818182,-213.63725,4.162
"3236",323.5,27.2828764,-213.57885,4.162
"3237",323.6,27.282981,-213.5568,4.162
"3238",323.7,27.2624356390977,-213.532393939394,4.162
"3239",323.8,27.2468867164179,-213.541070175439,4.162
"3240",323.9,27.2356885858586,-213.611209302326,4.162
"3241",324,27.2659720792079,-213.437538461538,4.16230769230769
"3242",324.1,27.2816686868687,-213.364556701031,4.16362886597938
"3243",324.2,27.2634708955224,-213.421961538462,4.16114423076923
"3244",324.3,27.258258358209,-213.471302083333,4.162
"3245",324.4,27.2267304040404,-213.357222222222,4.162
"3246",324.5,27.2550581372549,-213.39081443299,4.162
"3247",324.6,27.2668424242424,-213.249659574468,4.162
"3248",324.7,27.2787750746269,-213.259326732673,4.162
"3249",324.8,27.2688718181818,-213.189548076923,4.162
"3250",324.9,27.2852788,-213.179168421053,4.16165263157895
"3251",325,27.2738428,-213.222450980392,4.1593137254902
"3252",325.1,27.2772462626263,-213.261234782609,4.16112173913043
"3253",325.2,27.2690328712871,-213.098626086957,4.16199130434783
"3254",325.3,27.3319124,-213.105572649573,4.162
"3255",325.4,27.3134636090226,-213.065401709402,4.162
"3256",325.5,27.2925035820895,-213.048838709677,4.162
"3257",325.6,27.293334,-213.123384615385,4.162
"3258",325.7,27.3093742,-212.976134020619,4.162
"3259",325.8,27.2865861616162,-212.965606060606,4.16215151515151
"3260",325.9,27.30242,-212.954132075472,4.163
"3261",326,27.2854408955224,-213.022468085106,4.16310638297872
"3262",326.1,27.3232965,-212.975366336634,4.16352475247525
"3263",326.2,27.320051,-212.952454545455,4.16115151515151
"3264",326.3,27.327274040404,-212.856465346535,4.162
"3265",326.4,27.3511028358209,-212.8755,4.162
"3266",326.5,27.3471494029851,-212.63996969697,4.162
"3267",326.6,27.321038,-212.955,4.16216
"3268",326.7,27.3103610891089,-212.78988,4.16284
"3269",326.8,27.3563047474747,-212.788172413793,4.162
"3271",327,27.3517636,-212.83093814433,4.161
"3272",327.1,27.3448463909774,-212.795375,4.161125
"3273",327.2,27.3598346268657,-212.713386138614,4.162
"3274",327.3,27.339114,-212.48595,4.162
"3275",327.4,27.330865,-212.5046,4.162
"3276",327.5,27.3355952525253,-212.64655,4.162
"3277",327.6,27.35062,-212.664136363636,4.162
"3278",327.7,27.3530128358209,-212.68102247191,4.16194382022472
"3279",327.8,27.352217,-212.615,4.161
"3280",327.9,27.3605975,-212.532111111111,4.16128282828283
"3281",328,27.3396602020202,-212.538575757576,4.16269696969697
"3282",328.1,27.34788,-212.485153846154,4.16115384615385
"3283",328.2,27.3680541791045,-212.563333333333,4.162
"3284",328.3,27.33918,-212.469454545455,4.162
"3285",328.4,27.3518023762376,-212.36476,4.162
"3286",328.5,27.3562438,-212.38905050505,4.162
"3287",328.6,27.3719481954887,-212.353409090909,4.16213636363636
"3288",328.7,27.3598666666667,-212.327076086957,4.16278260869565
"3289",328.8,27.3101755,-212.444161616162,4.159
"3290",328.9,27.3260035,-212.171571428571,4.15928571428571
"3291",329,27.294214,-212.168247524753,4.16147524752475
"3292",329.1,27.2844815,-212.212545454545,4.16369696969697
"3293",329.2,27.3144694059406,-212.130869565217,4.162
"3294",329.3,27.3227990909091,-212.161760869565,4.162
"3295",329.4,27.292826119403,-212.223471153846,4.162
"3296",329.5,27.2765295,-212.13509375,4.162
"3297",329.6,27.2883975,-211.980563829787,4.162
"3298",329.7,27.298712,-212.057044247788,4.162
"3299",329.8,27.2967298484849,-212.089540229885,4.162
"3300",329.9,27.3261880597015,-212.077297297297,4.162
"3301",330,27.2997232,-212.122078431373,4.16196078431372
"3302",330.1,27.3259192,-212.072149425287,4.16102298850575
"3303",330.2,27.2910024,-211.972680672269,4.162
"3304",330.3,27.2698091729323,-212.117218487395,4.162
"3305",330.4,27.276963880597,-211.895680851064,4.162
"3306",330.5,27.3037624,-211.846025210084,4.162
"3307",330.6,27.3015988118812,-211.814932773109,4.162
"3308",330.7,27.3204775,-211.986333333333,4.16193333333333
"3309",330.8,27.3017485,-211.87995049505,4.16131683168317
"3310",330.9,27.3123855,-211.853348623853,4.163
"3311",331,27.3179071428571,-211.6574,4.16293333333333
"3312",331.1,27.2847428358209,-211.717153846154,4.162
"3313",331.2,27.3262655,-211.8435,4.162
"3314",331.3,27.3366465,-211.69604,4.162
"3315",331.4,27.3157995,-211.559930693069,4.162
"3316",331.5,27.3219993181818,-211.51996969697,4.162
"3317",331.6,27.3406094029851,-211.47548,4.162
"3318",331.7,27.363978,-211.642947826087,4.16227826086957
"3319",331.8,27.3263564,-211.751835294118,4.16397647058823
"3320",331.9,27.3487884,-211.565564356436,4.16247524752475
"3321",332,27.3724113533835,-211.529972972973,4.16459459459459
"3322",332.1,27.3308146268657,-211.448590909091,4.162
"3323",332.2,27.3420968,-211.376857142857,4.162
"3324",332.3,27.3266841584158,-211.50002247191,4.162
"3325",332.4,27.3444605,-211.452545454545,4.16184848484848
"3326",332.5,27.3402471428571,-211.424693069307,4.16084158415841
"3327",332.6,27.329786119403,-211.432787878788,4.16030303030303
"3328",332.7,27.3421317171717,-211.403333333333,4.1618431372549
"3329",332.8,27.3977936,-211.40526,4.16114
"3330",332.9,27.3582244,-211.219,4.16185714285714
"3331",333,27.3795968,-211.10348,4.16116
"3332",333.1,27.3635841584158,-211.18184,4.162
"3333",333.2,27.3734378787879,-211.135710280374,4.162
"3334",333.3,27.3591739705882,-211.118451612903,4.162
"3335",333.4,27.3668741414141,-211.152392156863,4.1618431372549
"3336",333.5,27.3747096,-211.242571428571,4.16114285714286
"3337",333.6,27.3568568,-211.127425742574,4.16168316831683
"3338",333.7,27.3422672727273,-211.146818181818,4.16015151515152
"3339",333.8,27.3512635294118,-211.192089108911,4.16084158415842
"3340",333.9,27.3720675757576,-211.074168316832,4.16014851485149
"3341",334,27.3327454,-211.022663366337,4.16113861386139
"3342",334.1,27.3645676,-210.945865979381,4.162
"3343",334.2,27.373700075188,-210.970188118812,4.162
"3344",334.3,27.3860464705882,-211.076575757576,4.162
"3345",334.4,27.3866687878788,-210.93148,4.162
"3346",334.5,27.3723312871287,-210.9608,4.162
"3347",334.6,27.354652,-210.88676,4.16168
"3348",334.7,27.3644136,-210.903615384615,4.16015384615385
"3349",334.8,27.3739937623762,-210.837125,4.16125
"3350",334.9,27.3668843939394,-210.86924,4.16284
"3351",335,27.3680767164179,-210.756830188679,4.162
"3352",335.1,27.4005096,-210.656766990291,4.162
"3353",335.2,27.4006596,-210.729636363636,4.162
"3354",335.3,27.32141,-210.738727272727,4.162
"3355",335.4,27.3720372727273,-210.752530612245,4.162
"3356",335.5,27.3503494117647,-210.539210526316,4.1621052631579
"3357",335.6,27.4135142424242,-210.7733,4.1624
"3358",335.7,27.3609493,-210.730038461538,4.15928846153846
"3359",335.8,27.345777,-210.66696039604,4.16110891089109
"3360",335.9,27.3523104511278,-210.677747474747,4.162
"3361",336,27.3701747058824,-210.641481132076,4.162
"3362",336.1,27.3953821212121,-210.726722222222,4.162
"3363",336.2,27.3484755445544,-210.628,4.162
"3364",336.3,27.3315532,-210.57175,4.162
"3365",336.4,27.3304969172932,-210.536142857143,4.16185714285714
"3366",336.5,27.344058358209,-210.523842105263,4.16131578947368
"3367",336.6,27.3443578787879,-210.692090909091,4.16324242424242
"3368",336.7,27.3603882178218,-210.54972,4.15948
"3369",336.8,27.3068924242424,-210.532,4.16184158415842
"3370",336.9,27.3305849,-210.393060606061,4.16115151515151
"3371",337,27.287575940594,-210.566724137931,4.162
"3373",337.2,27.2764029850746,-210.3588,4.162
"3374",337.3,27.2697018181818,-210.3108,4.162
"3375",337.4,27.2241325,-210.284776470588,4.16198823529412
"3376",337.5,27.2427314,-210.280386554622,4.16046218487395
"3377",337.6,27.2726906766917,-210.370302521008,4.15710084033613
"3378",337.7,27.2851179104478,-210.51402970297,4.16108910891089
"3379",337.8,27.2836186,-210.438731958763,4.1619175257732
"3380",337.9,27.264558,-210.267263157895,4.161
"3381",338,27.2569957,-210.184323809524,4.16115238095238
"3382",338.1,27.260040075188,-210.253114583333,4.16188541666667
"3383",338.2,27.2269535294117,-210.164909090909,4.16115151515151
"3384",338.3,27.2530124489796,-210.11608,4.162
"3385",338.4,27.2420437623762,-209.989254901961,4.1621568627451
"3386",338.5,27.2520205,-210.044866666667,4.16246666666667
"3387",338.6,27.28144,-210.074387096774,4.15938709677419
"3388",338.7,27.2170714851485,-209.985287128713,4.163
"3389",338.8,27.2415436363636,-209.958242424242,4.16284848484849
"3390",338.9,27.2454335294118,-210.047132075472,4.162
"3391",339,27.2655684848485,-209.956263157895,4.1618947368421
"3392",339.1,27.2657541,-210.04055,4.161
"3393",339.2,27.339266,-209.771787878788,4.161
"3394",339.3,27.3174149242424,-209.74548,4.161
"3395",339.4,27.336315882353,-209.922614678899,4.16114678899083
"3396",339.5,27.323961010101,-209.843945652174,4.16207608695652
"3397",339.6,27.322602,-209.89395,4.1627
"3398",339.7,27.3368096,-209.840305084746,4.16112711864407
"3399",339.8,27.3316031578947,-209.862338983051,4.16197457627119
"3400",339.9,27.3563569117647,-209.602,4.161
"3401",340,27.3205536363636,-209.623643564356,4.161
"3402",340.1,27.3044399009901,-209.644515151515,4.161
"3403",340.2,27.3078791,-209.640485148515,4.16115841584158
"3404",340.3,27.311156119403,-209.587173913044,4.162
"3406",340.5,27.350511,-209.776848484848,4.16169696969697
"3407",340.6,27.3562741,-209.726814814815,4.1602962962963
"3408",340.7,27.3324643434343,-209.610043478261,4.16182608695652
"3409",340.8,27.3260705940594,-209.646524752475,4.16015841584158
"3410",340.9,27.3398871,-209.593558823529,4.16114705882353
"3411",341,27.3354991729323,-209.769193877551,4.16186734693878
"3412",341.1,27.3070114925373,-209.60001980198,4.161
"3413",341.2,27.3106391,-209.538363636364,4.161
"3414",341.3,27.3306221782178,-209.417227272727,4.16113636363636
"3415",341.4,27.2850690909091,-209.47837755102,4.16194897959184
"3416",341.5,27.2862528571429,-209.405505376344,4.16115053763441
"3417",341.6,27.2601780597015,-209.34696,4.163
"3418",341.7,27.2924914,-209.39822,4.16272
"3419",341.8,27.2935202020202,-209.384841584158,4.161
"3420",341.9,27.3001622222222,-209.451777777778,4.161
"3421",342,27.2879141044776,-209.46676,4.161
"3422",342.1,27.2747995522388,-209.33338,4.161
"3423",342.2,27.3067916,-209.386898989899,4.161
"3424",342.3,27.3053347524753,-209.352201612903,4.16087903225806
"3425",342.4,27.3073765656566,-209.286879032258,4.16007258064516
"3426",342.5,27.2738574257426,-209.280495327103,4.15926168224299
"3427",342.6,27.2762347,-209.229475247525,4.16093069306931
"3428",342.7,27.2800012030075,-209.295239130435,4.1600652173913
"3429",342.8,27.2764597014925,-209.1735,4.161
"3430",342.9,27.2622232,-209.096362831858,4.161
"3431",343,27.2410805,-209.009011494253,4.161
"3432",343.1,27.286951010101,-209.15696969697,4.161
"3433",343.2,27.28217,-208.99165,4.161
"3434",343.3,27.3303737313433,-208.924910891089,4.161
"3435",343.4,27.3822136,-208.982032520325,4.16077235772358
"3436",343.5,27.406172,-209.02512195122,4.15914634146341
"3437",343.6,27.4252796,-209.005105263158,4.161
"3438",343.7,27.3915147368421,-209.051471264368,4.161
"3439",343.8,27.4203864179104,-208.981467889908,4.161
"3440",343.9,27.4436118,-208.803978494624,4.161
"3441",344,27.4083530693069,-208.613183673469,4.161
"3442",344.1,27.3834562,-208.655394495413,4.161
"3443",344.2,27.3684690225564,-208.796065934066,4.16083516483516
"3444",344.3,27.3917957575758,-208.924424242424,4.15842424242424
"3445",344.4,27.4062924,-208.7633,4.16085
"3446",344.5,27.4011604,-208.79195,4.16045
"3447",344.6,27.4486192,-208.72095,4.1627
"3448",344.7,27.4496782,-208.5399,4.161
"3449",344.8,27.4173204,-208.531277777778,4.16113888888889
"3450",344.9,27.4007459701493,-208.651605504587,4.16193577981651
"3451",345,27.4099734328358,-208.574541284404,4.16101834862385
"3452",345.1,27.4202927,-208.6446,4.16115
"3453",345.2,27.4204154,-208.61775,4.162
"3454",345.3,27.4347175,-208.64725,4.1617
"3455",345.4,27.4147316541353,-208.68197029703,4.16014851485149
"3456",345.5,27.432623939394,-208.62532,4.161
"3457",345.6,27.4716204,-208.694353535354,4.161
"3458",345.7,27.4352972,-208.654891089109,4.161
"3459",345.8,27.4405376,-208.627711711712,4.161
"3460",345.9,27.4438947368421,-208.412322580645,4.161
"3461",346,27.4544159090909,-208.657578947368,4.161
"3462",346.1,27.4248303,-208.591188118812,4.161
"3463",346.2,27.4382037623762,-208.424933333333,4.16113333333333
"3464",346.3,27.4553556,-208.409942857143,4.162
"3465",346.4,27.4383246,-208.328086956522,4.16195652173913
"3466",346.5,27.4203594,-208.408941176471,4.161
"3467",346.6,27.4639378947368,-208.336789473684,4.161
"3468",346.7,27.4342658208955,-208.292111111111,4.161
"3469",346.8,27.4617016,-208.24588172043,4.161
"3470",346.9,27.4466002,-208.333660194175,4.161
"3471",347,27.5035022,-208.196166666667,4.161
"3472",347.1,27.4616752631579,-208.181598130841,4.161
"3473",347.2,27.4781311940298,-208.234869158879,4.161
"3474",347.3,27.4779928,-208.209307692308,4.16192307692308
"3475",347.4,27.4931796,-208.184767676768,4.16271717171717
"3476",347.5,27.4821024,-208.1509,4.161
"3477",347.6,27.4716278947368,-208.114792079208,4.161
"3478",347.7,27.4566580597015,-207.983614035088,4.161
"3480",347.9,27.463727029703,-208.057383838384,4.161
"3481",348,27.4377756,-207.922524752475,4.16113861386139
"3482",348.1,27.4608805263158,-207.941213592233,4.16174757281553
"3483",348.2,27.4610252238806,-208.020588235294,4.16
"3484",348.3,27.4445950505051,-208.153957446809,4.16008510638298
"3485",348.4,27.4324114,-208.03914,4.161
"3486",348.5,27.438428,-207.98146,4.161
"3487",348.6,27.4118491,-207.885357798165,4.161
"3488",348.7,27.4493666336634,-207.881,4.161
"3489",348.8,27.4365573684211,-207.838862745098,4.161
"3490",348.9,27.4417276470588,-207.611346938776,4.161
"3491",349,27.4378886868687,-207.88012,4.16114
"3492",349.1,27.45642,-207.87695959596,4.16185858585859
"3493",349.2,27.4590148,-207.812923076923,4.16087179487179
"3494",349.3,27.4397694736842,-207.79241025641,4.16001709401709
"3495",349.4,27.4717829850746,-207.929104761905,4.16198095238095
"3496",349.5,27.4734848484848,-207.884342857143,4.16102857142857
"3497",349.6,27.4718565,-207.710128712871,4.161
"3498",349.7,27.4449318,-207.6744,4.161
"3499",349.8,27.4309116541353,-207.758205882353,4.161
"3500",349.9,27.4176109090909,-207.762070707071,4.16086868686869
"3501",350,27.43352,-207.700227722772,4.16
"3502",350.1,27.3969952475248,-207.701121212121,4.16026262626263
"3503",350.2,27.4137768,-207.82562,4.16172
"3504",350.3,27.4392544,-207.833567567568,4.16025225225225
"3505",350.4,27.4171810891089,-207.689303030303,4.1619696969697
"3506",350.5,27.3997210606061,-207.599266666667,4.161
"3507",350.6,27.4019826470588,-207.53595412844,4.161
"3508",350.7,27.4181871717172,-207.651769230769,4.161
"3509",350.8,27.411123,-207.6322,4.161
"3510",350.9,27.4470266,-207.430106382979,4.161
"3511",351,27.400190075188,-207.549417475728,4.161
"3512",351.1,27.3762444117647,-207.637272727273,4.161
"3513",351.2,27.3484809090909,-207.666323809524,4.16124761904762
"3514",351.3,27.3508928,-207.688,4.163
"3515",351.4,27.344287,-207.515026086957,4.16275652173913
"3516",351.5,27.3721037593985,-207.508069565217,4.16101739130435
"3517",351.6,27.3641716161616,-207.462465346535,4.161
"3518",351.7,27.37001,-207.435713043478,4.161
"3519",351.8,27.3438213131313,-207.512234782609,4.161
"3520",351.9,27.38269,-207.414428571429,4.161
"3521",352,27.3194147761194,-207.399089108911,4.16085148514851
"3522",352.1,27.37437,-207.505575757576,4.15943434343434
"3523",352.2,27.3983217821782,-207.439,4.15675
"3524",352.3,27.3995,-207.539617647059,4.16129411764706
"3525",352.4,27.36041,-207.44101010101,4.16273737373737
"3526",352.5,27.42111,-207.496393162393,4.161
"3527",352.6,27.404713960396,-207.513487179487,4.161
"3528",352.7,27.3961759398496,-207.27598989899,4.161
"3529",352.8,27.4214082352941,-207.423310679612,4.161
"3530",352.9,27.4096486868687,-207.240154639175,4.16087628865979
"3531",353,27.4320425,-207.1581,4.16015
"3532",353.1,27.4449915,-207.28525,4.16086607142857
"3533",353.2,27.4089663909774,-207.2605,4.1600625
"3534",353.3,27.4187175757576,-207.242032608696,4.16184782608696
"3535",353.4,27.38496,-207.20705,4.16015
"3536",353.5,27.43405,-207.205125,4.161
"3537",353.6,27.38886,-207.152625,4.161
"3538",353.7,27.3671611940299,-207.13695,4.161
"3539",353.8,27.3604,-207.127515151515,4.161
"3540",353.9,27.3546288118812,-207.115128712871,4.161
"3541",354,27.38151,-207.152567307692,4.16085576923077
"3542",354.1,27.36257,-207.149555555556,4.16033333333333
"3543",354.2,27.35095,-207.150125,4.16275
"3544",354.3,27.3530292079208,-207.150643564356,4.161
"3545",354.4,27.3842982706767,-207.00345,4.161
"3546",354.5,27.360888989899,-206.982326923077,4.161
"3547",354.6,27.37099,-206.772428571428,4.161
"3548",354.7,27.3982,-207.0294,4.161
"3549",354.8,27.36199,-206.87484,4.16084
"3550",354.9,27.3396094029851,-206.926344827586,4.16
"3552",355.1,27.36765,-206.914,4.161
"3553",355.2,27.3467774747475,-206.91592,4.16084
"3554",355.3,27.37103,-206.907734513274,4.16014159292035
"3555",355.4,27.4029196969697,-206.794574468085,4.161
"3556",355.5,27.41895,-206.728989795918,4.161
"3557",355.6,27.36928,-206.807900900901,4.161
"3559",355.8,27.4313497014925,-206.742463157895,4.16003157894737
"3560",355.9,27.4363198507463,-206.64311827957,4.16108602150538
"3561",356,27.4193712,-206.733727272727,4.16172727272727
"3562",356.1,27.4639346534654,-206.704056179775,4.16005617977528
"3564",356.3,27.4790694059406,-206.688483870968,4.161
"3565",356.4,27.42501,-206.641785046729,4.161
"3566",356.5,27.43005,-206.664935483871,4.161
"3567",356.6,27.4254679104478,-206.620182608696,4.161
"3568",356.7,27.4540729850746,-206.576658823529,4.161
"3569",356.8,27.4595592,-206.473821782178,4.161
"3570",356.9,27.4697016161616,-206.5368,4.161
"3571",357,27.46454,-206.586484848485,4.16115151515152
"3572",357.1,27.4567145454545,-206.504574257426,4.16184158415842
"3573",357.2,27.43726,-206.402540540541,4.16086486486486
"3574",357.3,27.44786,-206.347954545454,4.16004545454545
"3576",357.5,27.4654526865672,-206.59331372549,4.161
"3577",357.6,27.4447213432836,-206.410551020408,4.161
"3578",357.7,27.4506389,-206.393,4.161
"3579",357.8,27.448492970297,-206.380181818182,4.161
"3581",358,27.4384636633663,-206.2415,4.15728125
"3582",358.1,27.43783,-206.412755102041,4.16013265306122
"3583",358.2,27.43507,-206.3,4.16085714285714
"3584",358.3,27.4057002985075,-206.293168316832,4.16009900990099
"3585",358.4,27.41176,-206.220636363636,4.161
"3586",358.5,27.42557,-206.088730769231,4.161
"3588",358.7,27.393073880597,-206.306081632653,4.16090816326531
"3589",358.8,27.3654882089552,-206.36770093458,4.16
"3590",358.9,27.38213,-206.20752,4.16
"3591",359,27.40549,-206.197022222222,4.16004444444444
"3592",359.1,27.44393,-206.218214953271,4.161
"3593",359.2,27.40205,-206.213883495146,4.161
"3594",359.3,27.4193357142857,-206.221283018868,4.16096226415094
"3595",359.4,27.4352009,-206.103358490566,4.16001886792453
"3596",359.5,27.458825,-206.112074468085,4.161
"3597",359.6,27.4367424,-206.061795918367,4.161
"3598",359.7,27.4558314285714,-206.07275,4.16087
"3599",359.8,27.4599742857143,-206.052457943925,4.16036448598131
"3600",359.9,27.4159248,-206.066032258064,4.16293548387097
"3601",360,27.4279155445545,-206.099626262626,4.16186868686869
"3602",360.1,27.4034151,-206.032386138614,4.16086138613861
"3603",360.2,27.40148,-206.03619,4.16013
"3604",360.3,27.4536858415842,-206.006232323232,4.16086868686869
"3605",360.4,27.42727,-206.031181818182,4.16
"3606",360.5,27.447712238806,-206.05899009901,4.16
"3607",360.6,27.44516,-205.839881188119,4.16013861386139
"3608",360.7,27.48349,-205.738267326733,4.16087128712871
"3609",360.8,27.45837,-206.02876,4.16
"3610",360.9,27.47581,-205.776460869565,4.16020869565217
"3611",361,27.4496521052631,-205.888634782609,4.16194782608696
"3612",361.1,27.4244698,-205.934779816514,4.161
"3613",361.2,27.3766028,-205.850376146789,4.161
"3614",361.3,27.4420922,-205.863747474748,4.16
"3615",361.4,27.4293941353383,-205.741155172414,4.16
"3616",361.5,27.4248076691729,-205.622189655172,4.16
"3617",361.6,27.4188514,-205.807434782609,4.1609347826087
"3618",361.7,27.3903393069307,-205.67686,4.16014
"3619",361.8,27.4064015,-205.7898,4.16126666666667
"3620",361.9,27.3825714,-205.695875,4.16271875
"3621",362,27.36146,-205.741330275229,4.15988073394495
"3622",362.1,27.41446,-205.731,4.15908888888889
"3623",362.2,27.4106872727273,-205.76994,4.16086
"3624",362.3,27.3754281,-205.734657657658,4.16
"3625",362.4,27.4263749,-205.658469387755,4.1600306122449
"3626",362.5,27.3920921,-205.508406593407,4.16094505494505
"3627",362.6,27.3806003007519,-205.42146,4.16014
"3628",362.7,27.3986303759399,-205.566747474747,4.16114141414141
"3629",362.8,27.4086115,-205.459,4.1617
"3630",362.9,27.434394,-205.456117647059,4.16014705882353
"3631",363,27.4239949,-205.523359223301,4.16087378640777
"3632",363.1,27.4332557142857,-205.41993814433,4.16
"3633",363.2,27.4198271428571,-205.38588,4.16
"3634",363.3,27.4046257575758,-205.274443396226,4.16012264150943
"3635",363.4,27.4272424,-205.259010752688,4.1609247311828
"3636",363.5,27.4031612,-205.389069306931,4.16
"3637",363.6,27.3943122556391,-205.41272,4.15987
"3638",363.7,27.414425037594,-205.285284313725,4.159
"3639",363.8,27.401506969697,-205.344268041237,4.15911340206186
"3640",363.9,27.4182788118812,-205.37306,4.16
"3641",364,27.4005304,-205.422616161616,4.15985858585859
"3642",364.1,27.3969862,-205.328688679245,4.15914150943396
"3643",364.2,27.3906644554455,-205.409757894737,4.16
"3644",364.3,27.4024952631579,-205.15494,4.16
"3645",364.4,27.4607805882353,-205.16346,4.16
"3646",364.5,27.37156,-205.348449541284,4.16012844036697
"3647",364.6,27.3937443,-205.209631578947,4.161
"3648",364.7,27.3824669,-205.219541666667,4.16079166666667
"3649",364.8,27.3997205263158,-205.232961165048,4.15927184466019
"3650",364.9,27.3737731578947,-205.398196428571,4.16080357142857
"3651",365,27.3922071717172,-205.399982142857,4.15901785714286
"3652",365.1,27.3900474,-205.217226804124,4.16088659793814
"3653",365.2,27.3943304,-205.208111111111,4.16
"3654",365.3,27.4184109774436,-205.126264705882,4.16
"3655",365.4,27.4209598496241,-205.047868686869,4.16
"3656",365.5,27.4356095959596,-205.126625,4.160125
"3657",365.6,27.4030305940594,-205.084850574713,4.16106896551724
"3658",365.7,27.416623,-205.18725,4.1631
"3659",365.8,27.4097426,-205.091090909091,4.15840909090909
"3660",365.9,27.4265105940594,-205.152032967033,4.16105494505494
"3661",366,27.4737390909091,-205.099923076923,4.16176068376068
"3662",366.1,27.4416481818182,-205.092230769231,4.16005128205128
"3663",366.2,27.4374896969697,-204.898694444444,4.16
"3664",366.3,27.4109878,-204.835053763441,4.16
"3665",366.4,27.4577774,-204.788037383178,4.16
"3666",366.5,27.4268472180451,-204.948414893617,4.15992553191489
"3667",366.6,27.4302081203008,-204.81371,4.15913
"3668",366.7,27.4397065656566,-204.961653061224,4.16013265306122
"3669",366.8,27.4542576,-204.976877358491,4.16071698113207
"3670",366.9,27.4627608,-204.962545454545,4.159
"3671",367,27.4291409774436,-204.946775510204,4.15910204081633
"3672",367.1,27.4366898496241,-204.942979591837,4.16
"3673",367.2,27.4389309090909,-204.961125,4.16
"3674",367.3,27.4308618811881,-204.742041666667,4.16
"3675",367.4,27.4352811111111,-204.937142857143,4.1600612244898
"3676",367.5,27.440072238806,-205.014384615385,4.16092307692308
"3677",367.6,27.4201468656716,-204.987351648352,4.16
"3678",367.7,27.3886609090909,-204.82906,4.15948
"3679",367.8,27.4144719607843,-204.878546296296,4.15648148148148
"3680",367.9,27.4190291919192,-204.842593406593,4.16
"3681",368,27.4231542,-204.769445544554,4.16
"3682",368.1,27.4024889108911,-204.68498,4.16
"3683",368.2,27.4519466165414,-204.715525423729,4.16
"3684",368.3,27.460277443609,-204.642644067797,4.16
"3685",368.4,27.4538354545455,-204.6934,4.16
"3686",368.5,27.4367984,-204.61006,4.15961
"3687",368.6,27.4401264,-204.74736,4.15726
"3688",368.7,27.4382578195489,-204.731081081081,4.15888288288288
"3689",368.8,27.4026487969925,-204.792266666667,4.15806666666667
"3690",368.9,27.4193232323232,-204.788192307692,4.16088461538462
"3691",369,27.4417573267327,-204.676106382979,4.16
"3692",369.1,27.439447979798,-204.737923076923,4.16
"3693",369.2,27.3798158646617,-204.518708333333,4.16
"3694",369.3,27.4000113533835,-204.61162,4.16
"3695",369.4,27.4196933333333,-204.51786,4.16
"3696",369.5,27.4743897029703,-204.552080808081,4.16
"3697",369.6,27.4562119,-204.5175,4.15985
"3698",369.7,27.4724049,-204.60098019802,4.15885148514852
"3699",369.8,27.4704730693069,-204.62602,4.15814
"3700",369.9,27.4452206015038,-204.534554455446,4.15913861386139
"3701",370,27.4842506766917,-204.536916666667,4.16
"3702",370.1,27.4726362626263,-204.519934065934,4.16
"3703",370.2,27.5059958415842,-204.372425925926,4.16
"3704",370.3,27.4452480808081,-204.429787878788,4.16
"3705",370.4,27.4521503731343,-204.431608247423,4.16007216494845
"3706",370.5,27.4428294776119,-204.306761904762,4.161
"3707",370.6,27.4367978787879,-204.380769230769,4.16094505494505
"3708",370.7,27.4409616831683,-204.24342,4.15986
"3709",370.8,27.437907979798,-204.36506,4.15914
"3710",370.9,27.4450501492537,-204.296514851485,4.16
"3711",371,27.4277217910448,-204.24894949495,4.16
"3712",371.1,27.4391384,-204.220573913043,4.16
"3713",371.2,27.4425363,-204.067530434783,4.16
"3714",371.3,27.4483645454546,-204.133728813559,4.16
"3715",371.4,27.4113867164179,-204.203220338983,4.16
"3716",371.5,27.4193046268657,-204.17402020202,4.15985858585859
"3717",371.6,27.4348252,-204.323237623762,4.15885148514852
"3718",371.7,27.4428937623762,-204.2611,4.15856
"3719",371.8,27.4551457,-204.186844036697,4.16174311926606
"3720",371.9,27.4563846,-204.184769230769,4.16
"3721",372,27.4586133,-204.251066666667,4.16
"3722",372.1,27.4426943283582,-204.030936842105,4.16
"3723",372.2,27.4581719402985,-203.989828282828,4.16
"3724",372.3,27.4601964,-204.102396039604,4.16
"3725",372.4,27.4353198,-204.146649122807,4.16012280701754
"3727",372.6,27.4355027819549,-204.09172,4.16028
"3728",372.7,27.4351418796992,-204.208111111111,4.16157575757576
"3729",372.8,27.438123,-204.1483,4.15915
"3730",372.9,27.4123086,-204.17515,4.16
"3731",373,27.4531387,-204.122920792079,4.16
"3732",373.1,27.4669486466165,-204.105484848485,4.16
"3733",373.2,27.4329035338346,-204.082810810811,4.16
"3734",373.3,27.4431993939394,-204.13995505618,4.15995505617978
"3735",373.4,27.4191752475248,-203.884145631068,4.15929126213592
"3736",373.5,27.4508989,-203.889277227723,4.161
"3737",373.6,27.4750973684211,-203.9381875,4.16077083333333
"3738",373.7,27.4206763157895,-204.0434,4.1593
"3739",373.8,27.3786439393939,-203.89975,4.16085
"3740",373.9,27.3723752,-203.962792079208,4.16
"3741",374,27.365712,-203.90608,4.16
"3742",374.1,27.3872372,-203.87122,4.16
"3743",374.2,27.3886555445544,-203.806466666667,4.16
"3744",374.3,27.3546890977444,-203.8085,4.15992105263158
"3745",374.4,27.3496590225564,-203.725166666667,4.15904385964912
"3746",374.5,27.3709023,-203.6999,4.16058
"3747",374.6,27.372868,-203.85802,4.15814
"3748",374.7,27.3603426,-203.8387,4.15914
"3749",374.8,27.3455416541353,-203.777505050505,4.16
"3750",374.9,27.3882634586466,-203.8978,4.16
"3751",375,27.3728539393939,-203.866297297297,4.16
"3752",375.1,27.3817608,-203.808011235955,4.16
"3753",375.2,27.4001444,-203.6008,4.16
"3754",375.3,27.3920265413534,-203.517035714286,4.16013392857143
"3755",375.4,27.402440075188,-203.572272727273,4.16096590909091
"3756",375.5,27.3623031313131,-203.6494,4.16
"3757",375.6,27.3854612871287,-203.56475,4.16015
"3758",375.7,27.4527012,-203.5473,4.16085
"3759",375.8,27.5121308,-203.321970588235,4.16
"3760",375.9,27.4924006930693,-203.307594059406,4.16
"3761",376,27.5025386466165,-203.427444444444,4.16
"3762",376.1,27.5084935338346,-203.278524752475,4.16
"3763",376.2,27.5322664,-203.45992,4.15997
"3764",376.3,27.5079821,-203.41972631579,4.15896842105263
"3765",376.4,27.5416817,-203.263389473684,4.15825263157895
"3766",376.5,27.530875037594,-203.33422,4.161
"3767",376.6,27.5137096240602,-203.424140186916,4.16063551401869
"3768",376.7,27.5220392,-203.4824375,4.1580625
"3769",376.8,27.526616,-203.457402061856,4.15910309278351
"3770",376.9,27.5436196,-203.33484,4.16
"3771",377,27.5159690977444,-203.454752380952,4.16
"3772",377.1,27.5089465413534,-203.287723404255,4.16
"3773",377.2,27.5477509090909,-203.450620689655,4.16
"3774",377.3,27.50116,-203.176482758621,4.16
"3775",377.4,27.5322828,-203.348947368421,4.15914035087719
"3776",377.5,27.5426913533835,-203.37596,4.1557
"3777",377.6,27.5612251879699,-203.418663366337,4.16013861386139
"3778",377.7,27.5336236363636,-203.332781818182,4.16088181818182
"3779",377.8,27.5327946534653,-203.267166666667,4.16
"3780",377.9,27.515403030303,-203.34158,4.16
"3781",378,27.518526,-203.235338582677,4.16
"3782",378.1,27.4961457425743,-203.314866141732,4.16
"3783",378.2,27.5125281203008,-203.186717391304,4.16
"3784",378.3,27.5017311278195,-203.130636363636,4.15913131313131
"3785",378.4,27.4837075757576,-203.105068376068,4.15976068376068
"3786",378.5,27.4895528,-203.034128205128,4.15805128205128
"3787",378.6,27.4852,-203.053045454545,4.15723636363636
"3788",378.7,27.4702562406015,-203.035133333333,4.15903333333333
"3789",378.8,27.4446622556391,-203.113373737374,4.16
"3790",378.9,27.4995837373737,-202.85648,4.16
"3791",379,27.498728,-202.97406,4.16
"3792",379.1,27.511008,-202.97828,4.15986
"3793",379.2,27.4857397744361,-202.84666,4.159
"3794",379.3,27.4979352631579,-202.815462962963,4.159
"3795",379.4,27.513677979798,-202.801787234042,4.15912765957447
"3796",379.5,27.4860324752475,-203.030857142857,4.16075510204082
"3797",379.6,27.523593,-202.907865384615,4.159
"3798",379.7,27.493884,-202.899916666667,4.15910416666667
"3799",379.8,27.5042784158416,-202.83872,4.16
"3800",379.9,27.5409127819549,-202.84414,4.15986
"3801",380,27.5167323308271,-202.889188679245,4.1591320754717
"3802",380.1,27.4927924242424,-202.875442105263,4.16
"3803",380.2,27.5546684,-202.64737,4.15974
"3804",380.3,27.540258,-202.70183,4.15813
"3805",380.4,27.5410490977444,-202.781,4.15926
"3806",380.5,27.5440265413534,-202.78321,4.161
"3807",380.6,27.5455914141414,-202.79033,4.16074
"3808",380.7,27.5151275,-202.72912,4.15913
"3809",380.8,27.5751465,-202.664361904762,4.16
"3810",380.9,27.5505863909774,-202.682589473684,4.15991578947368
"3811",381,27.5547142105263,-202.764444444444,4.15913131313131
"3812",381.1,27.5482597979798,-202.684240740741,4.16
"3813",381.2,27.5539617821782,-202.661869565217,4.15986956521739
"3814",381.3,27.572955,-202.692657657658,4.15837837837838
"3815",381.4,27.5201299253731,-202.626769230769,4.16096703296703
"3816",381.5,27.5599284328358,-202.783510204082,4.16024489795918
"3817",381.6,27.5497641414141,-202.68084,4.16172
"3818",381.7,27.5294262376238,-202.6176,4.15986666666667
"3819",381.8,27.5170444444444,-202.707178947369,4.1590947368421
"3820",381.9,27.540717029703,-202.48358,4.15986
"3821",382,27.5304995,-202.53096039604,4.159
"3822",382.1,27.5362960902256,-202.331424242424,4.159
"3823",382.2,27.5460178947368,-202.507831683168,4.15913861386139
"3824",382.3,27.5410809090909,-202.59897029703,4.16012871287129
"3825",382.4,27.5742221782178,-202.593454545455,4.16075757575758
"3826",382.5,27.5842064646465,-202.59919,4.15913
"3827",382.6,27.5561294029851,-202.56765,4.16
"3828",382.7,27.5615174626866,-202.56095,4.15987
"3829",382.8,27.5906677777778,-202.488625,4.15911607142857
"3830",382.9,27.5328176470588,-202.501344827586,4.16
"3831",383,27.5463145454545,-202.53394,4.15986
"3832",383.1,27.5451988059701,-202.533462962963,4.15912962962963
"3833",383.2,27.5539749253731,-202.412456521739,4.16019565217391
"3834",383.3,27.59062,-202.459603603604,4.16262162162162
"3835",383.4,27.5749685,-202.44104494382,4.15993258426966
"3836",383.5,27.5874939393939,-202.378,4.15814
"3837",383.6,27.5761388,-202.356466666667,4.15913333333333
"3838",383.7,27.564556039604,-202.486431578947,4.1599052631579
"3839",383.8,27.6046084962406,-202.409388888889,4.159
"3840",383.9,27.6025784210526,-202.49394,4.159
"3841",384,27.5999872727273,-202.301709677419,4.15906451612903
"3842",384.1,27.6157935,-202.26895,4.16
"3843",384.2,27.570377,-202.36952,4.16
"3844",384.3,27.5785861654135,-202.362232323232,4.15986868686869
"3845",384.4,27.5539094736842,-202.30724,4.15886
"3846",384.5,27.5382777777778,-202.37746,4.15814
"3847",384.6,27.5418649504951,-202.20496,4.159
"3848",384.7,27.533334,-202.243643564356,4.159
"3849",384.8,27.5798191044776,-202.146633663366,4.159
"3850",384.9,27.5694011940298,-202.18316,4.159
"3851",385,27.5392728282828,-202.216757575758,4.15912121212121
"3852",385.1,27.5740240594059,-202.17092,4.16
"3853",385.2,27.5783456565657,-202.092688679245,4.15975471698113
"3854",385.3,27.5725050746269,-202.250904255319,4.15822340425532
"3855",385.4,27.5799229850746,-202.19766,4.16087
"3856",385.5,27.5641598,-202.18733,4.15987
"3857",385.6,27.555661,-202.2074,4.159
"3858",385.7,27.5861052,-202.089571428571,4.159
"3859",385.8,27.5730424,-202.0169,4.159
"3860",385.9,27.5895604,-202.109795918367,4.159
"3861",386,27.5749352238806,-202.05944,4.15912
"3862",386.1,27.5686889552239,-202.030363636364,4.16
"3863",386.2,27.5367875,-202.078912621359,4.16
"3864",386.3,27.5545574257426,-202.186927835052,4.1598969072165
"3865",386.4,27.5709921212121,-202.103666666667,4.159
"3866",386.5,27.5485471641791,-202.070333333333,4.159
"3867",386.6,27.5688904477612,-202.151848484849,4.159
"3868",386.7,27.581127,-202.063,4.159
"3869",386.8,27.6057195,-201.85,4.159
"3870",386.9,27.6310617171717,-201.997626262626,4.15913131313131
"3871",387,27.5813971641791,-201.996376146789,4.15987155963303
"3872",387.1,27.5615165671642,-201.872472527473,4.15910989010989
"3873",387.2,27.5462934,-201.932529411765,4.16088235294118
"3874",387.3,27.586782,-202.057739495798,4.16004201680672
"3875",387.4,27.5747086,-201.976083333333,4.159
"3876",387.5,27.5719066,-201.823798165138,4.159
"3877",387.6,27.541032,-201.851326086957,4.159
"3878",387.7,27.5838295522388,-202.10305,4.159
"3879",387.8,27.5498220895522,-201.9835,4.159
"3880",387.9,27.5663165,-201.859303030303,4.159
"3881",388,27.562465,-201.872445544554,4.15927722772277
"3882",388.1,27.5308236363636,-201.71944,4.16087
"3883",388.2,27.5417602985075,-201.86428,4.15987
"3884",388.3,27.5474319402985,-201.739,4.15939
"3885",388.4,27.5497342,-201.750088235294,4.16161764705882
"3886",388.5,27.5567393069307,-201.819649484536,4.159
"3887",388.6,27.5254270707071,-201.753175438596,4.159
"3889",388.8,27.5629789552239,-201.653673267327,4.159
"3890",388.9,27.5243872,-201.55809,4.159
"3891",389,27.5481562,-201.638212121212,4.15886868686869
"3892",389.1,27.5650036,-201.642711711712,4.15825225225225
"3893",389.2,27.5594812781955,-201.7095,4.16
"3894",389.3,27.5526692481203,-201.692833333333,4.16
"3895",389.4,27.557559,-201.591436781609,4.16097701149425
"3896",389.5,27.566894,-201.702046728972,4.159
"3897",389.6,27.5602556,-201.61976344086,4.159
"3898",389.7,27.5787271,-201.668910891089,4.159
"3899",389.8,27.5535100990099,-201.668392156863,4.159
"3900",389.9,27.5822780451128,-201.539412371134,4.159
"3901",390,27.5715787969925,-201.533933333333,4.15926666666667
"3902",390.1,27.5767132,-201.590727272727,4.16072727272727
"3903",390.2,27.5700786138614,-201.698,4.15810416666667
"3904",390.3,27.56641,-201.62758490566,4.1588679245283
"3905",390.4,27.5761760902256,-201.72423655914,4.15808602150538
"3906",390.5,27.5928978947368,-201.663,4.159
"3907",390.6,27.5945732,-201.66804,4.159
"3908",390.7,27.5751228,-201.709329787234,4.159
"3909",390.8,27.5983822,-201.6129,4.159
"3910",390.9,27.5942745864662,-201.582363636364,4.15913636363636
"3911",391,27.5591843609023,-201.577,4.16
"3912",391.1,27.567928,-201.6588,4.16026
"3913",391.2,27.5882228,-201.622161616162,4.16186868686869
"3914",391.3,27.5699312,-201.59054,4.16072
"3915",391.4,27.584182,-201.466163636364,4.159
"3916",391.5,27.5636877227723,-201.434955555556,4.159
"3917",391.6,27.5920658646617,-201.491378378378,4.159
"3918",391.7,27.5731636090226,-201.586078651685,4.159
"3919",391.8,27.620793,-201.443912621359,4.159
"3920",391.9,27.6087964,-201.453612244898,4.159
"3921",392,27.5683898,-201.573313131313,4.15913131313131
"3922",392.1,27.584837518797,-201.483076923077,4.15973076923077
"3923",392.2,27.5952961654135,-201.4123,4.1581
"3924",392.3,27.5612502,-201.514052631579,4.159
"3925",392.4,27.5615096039604,-201.461910891089,4.159
"3926",392.5,27.5812976,-201.595054545455,4.159
"3927",392.6,27.6147898496241,-201.566924731183,4.159
"3928",392.7,27.6331206766917,-201.52406185567,4.159
"3929",392.8,27.6707303030303,-201.386888888889,4.159
"3930",392.9,27.6428507,-201.454263736264,4.15893406593407
"3931",393,27.6679666,-201.394226415094,4.15828301886793
"3932",393.1,27.6430336842105,-201.52633,4.15982
"3933",393.2,27.640514887218,-201.544089285714,4.15808035714286
"3934",393.3,27.6350103030303,-201.367303571429,4.15897321428571
"3935",393.4,27.6466223762376,-201.442333333333,4.159
"3936",393.5,27.6777094949495,-201.309,4.159
"3937",393.6,27.6585688,-201.304333333333,4.159
"3938",393.7,27.6623050495049,-201.26618,4.159
"3939",393.8,27.6467410526316,-201.366019607843,4.15927450980392
"3940",393.9,27.6610418045113,-201.2698,4.16076
"3941",394,27.6519466666667,-201.372647058824,4.15876470588235
"3942",394.1,27.6697241584158,-201.222653061224,4.15720408163265
"3943",394.2,27.671748,-201.229102040816,4.159
"3944",394.3,27.7019786466165,-201.131425742574,4.159
"3945",394.4,27.6919560902256,-201.258963963964,4.159
"3946",394.5,27.6705896969697,-201.124386363636,4.159
"3947",394.6,27.6304703,-201.166118811881,4.159
"3948",394.7,27.6105502970297,-201.057363636364,4.159
"3949",394.8,27.6143378947368,-201.07162745098,4.159
"3950",394.9,27.6169694736842,-201.060454545455,4.159
"3951",395,27.6271409090909,-201.081892156863,4.15887254901961
"3952",395.1,27.638818,-201.332886597938,4.15822680412371
"3953",395.2,27.6444941414141,-201.161524752475,4.15986138613861
"3954",395.3,27.6051472,-201.167633928571,4.159
"3955",395.4,27.6155520792079,-201.140379310345,4.159
"3956",395.5,27.6103410526316,-200.995266666667,4.159
"3957",395.6,27.616927518797,-200.96052,4.159
"3958",395.7,27.6209406,-200.968649484536,4.159
"3959",395.8,27.6196502,-200.80104,4.15912
"3960",395.9,27.5946267,-200.824,4.15977777777778
"3961",396,27.5858368421053,-200.889489361702,4.15812765957447
"3962",396.1,27.5956488721804,-200.921878504673,4.16109345794392
"3963",396.2,27.5930302020202,-200.907292134831,4.1618988764045
"3964",396.3,27.6027521782178,-200.81109009009,4.159
"3965",396.4,27.619852,-200.875133333333,4.159
"3966",396.5,27.5860463157895,-200.729688073395,4.159
"3967",396.6,27.6132793984962,-200.910461538462,4.159
"3968",396.7,27.6329093939394,-200.870303030303,4.159
"3969",396.8,27.6658556,-200.837803921569,4.15913725490196
"3970",396.9,27.6670064,-200.909673469388,4.15987755102041
"3971",397,27.6830203759398,-200.878243243243,4.159
"3972",397.1,27.660900075188,-200.780078651685,4.15903370786517
"3973",397.2,27.6697350505051,-200.867198019802,4.15986138613861
"3974",397.3,27.6887145544554,-200.69253,4.159
"3975",397.4,27.6919712121212,-200.78523,4.159
"3976",397.5,27.6743036,-200.904933962264,4.159
"3977",397.6,27.7027032673267,-200.699606382979,4.159
"3978",397.7,27.7028831343283,-200.722009259259,4.159
"3979",397.8,27.6855473134328,-200.663166666667,4.15889583333333
"3980",397.9,27.6702060606061,-200.90909375,4.157375
"3981",398,27.690688019802,-200.787682242991,4.16075700934579
"3982",398.1,27.6728444,-200.744838709677,4.159
"3983",398.2,27.6697095454545,-200.780235849057,4.159
"3984",398.3,27.6763686363636,-200.735389473684,4.159
"3985",398.4,27.6761,-200.68832,4.159
"3986",398.5,27.6920738613861,-200.662545454545,4.159
"3987",398.6,27.6859027272727,-200.565257425743,4.159
"3988",398.7,27.6964522556391,-200.574878787879,4.15912121212121
"3989",398.8,27.7227304511278,-200.647316831683,4.15974257425743
"3990",398.9,27.7202796969697,-200.735869565217,4.158
"3991",399,27.7226385148515,-200.609782608696,4.158
"3992",399.1,27.689355050505,-200.51336,4.15987
"3993",399.2,27.6823872,-200.555571428571,4.159
"3994",399.3,27.6681228712871,-200.401126436782,4.159
"3995",399.4,27.7090578787879,-200.481366336634,4.159
"3996",399.5,27.7271563636364,-200.376160377358,4.159
"3997",399.6,27.7639048484849,-200.35788172043,4.159
"3998",399.7,27.7324343,-200.30354,4.15914
"3999",399.8,27.7097687,-200.368587155963,4.15987155963303
"4000",399.9,27.7241242105263,-200.45300990099,4.1589504950495
"4001",400,27.6972821052632,-200.431652173913,4.158
"4002",400.1,27.7073283838384,-200.36644,4.15812
"4003",400.2,27.7087712871287,-200.267,4.159
"4004",400.3,27.6873824,-200.26418627451,4.159
"4005",400.4,27.6971287969925,-200.221215053763,4.159
"4006",400.5,27.6921137593985,-200.1328,4.159
"4007",400.6,27.6849104040404,-200.115346938776,4.15887755102041
"4008",400.7,27.6792042574257,-200.19137254902,4.15827450980392
"4009",400.8,27.6704554545455,-200.0812,4.16024
"4010",400.9,27.6496444776119,-200.19048,4.16176
"4011",401,27.6123608955224,-200.2616,4.15976
"4012",401.1,27.59751,-200.131926605505,4.15811009174312
"4013",401.2,27.5871347524752,-200.290956043956,4.159
"4014",401.3,27.5899290909091,-200.233852459016,4.159
"4015",401.4,27.6006803960396,-200.25762295082,4.159
"4016",401.5,27.6308063,-200.105161290323,4.159
"4017",401.6,27.6359049253731,-199.99029787234,4.15785106382979
"4018",401.7,27.6412929850746,-200.013925233645,4.15624299065421
"4019",401.8,27.6411336363636,-200.167255319149,4.15806382978723
"4020",401.9,27.614325,-200.29832,4.159
"4021",402,27.6362208080808,-200.24796460177,4.159
"4022",402.1,27.6765668656716,-200.114336283186,4.159
"4023",402.2,27.6649026865672,-200.043463157895,4.159
"4024",402.3,27.6920152525253,-200.15292,4.159
"4025",402.4,27.699114950495,-200.017689655172,4.15889655172414
"4026",402.5,27.6912035353535,-200.240103448276,4.15803448275862
"4027",402.6,27.6829293283582,-200.068495412844,4.15911926605505
"4028",402.7,27.6929218656716,-200.054434782609,4.15986956521739
"4029",402.8,27.6762178,-200.13904,4.15748
"4030",402.9,27.6835435,-200.054545454545,4.16087878787879
"4031",403,27.6709909090909,-200.124975609756,4.15978861788618
"4032",403.1,27.6759584158416,-200.078634146341,4.15816260162602
"4033",403.2,27.7121668,-200.1442,4.159
"4034",403.3,27.6721521052631,-200.168319148936,4.159
"4035",403.4,27.7177310526316,-200.048208333333,4.159
"4036",403.5,27.7203207,-199.930247706422,4.159
"4037",403.6,27.7361971,-199.983652173913,4.15905434782609
"4038",403.7,27.7383336363636,-199.844767676768,4.16
"4039",403.8,27.7375834328358,-199.988252252252,4.15987387387387
"4040",403.9,27.715717761194,-199.891252747253,4.15896703296703
"4041",404,27.7497835,-199.833094339623,4.15811320754717
"4042",404.1,27.7399631683168,-199.777369565217,4.159
"4043",404.2,27.712156,-199.722950495049,4.159
"4044",404.3,27.7106909022556,-199.54405050505,4.159
"4045",404.4,27.7562021804511,-199.63728,4.15886
"4046",404.5,27.793471,-199.642881188119,4.158
"4047",404.6,27.7705638,-199.667525252525,4.15826262626263
"4048",404.7,27.7322575,-199.672108910891,4.15958415841584
"4049",404.8,27.7231578947368,-199.68186,4.15713
"4050",404.9,27.7155789473684,-199.70334,4.158
"4051",405,27.732579,-199.726222222222,4.15813131313131
"4052",405.1,27.74752,-199.757089108911,4.15886138613861
"4053",405.2,27.745724,-199.643595959596,4.158
"4054",405.3,27.728313,-199.575247524753,4.15813861386139
"4055",405.4,27.7276196039604,-199.507304347826,4.15888695652174
"4056",405.5,27.7548770676692,-199.594260869565,4.15801739130435
"4057",405.6,27.7301778195489,-199.61567,4.15887
"4058",405.7,27.7495025,-199.665625,4.15775
"4059",405.8,27.758245940594,-199.661845360825,4.15627835051546
"4060",405.9,27.769364,-199.711121212121,4.15924242424242
"4061",406,27.7535733082707,-199.64594,4.16061
"4062",406.1,27.7741146616541,-199.570595959596,4.15813131313131
"4063",406.2,27.7525627,-199.434547169811,4.159
"4064",406.3,27.7795885,-199.465273684211,4.159
"4065",406.4,27.7766354,-199.40222,4.15887
"4066",406.5,27.7779715037594,-199.40766,4.158
"4067",406.6,27.7820993233083,-199.49577,4.15839
"4068",406.7,27.772363,-199.618813084112,4.16063551401869
"4069",406.8,27.752016,-199.689468085106,4.158
"4070",406.9,27.759274,-199.55872,4.158
"4071",407,27.745085,-199.414848484848,4.15812121212121
"4072",407.1,27.7914586138614,-199.450232142857,4.159
"4073",407.2,27.7836731818182,-199.452344827586,4.15898850574713
"4074",407.3,27.7539307575758,-199.4722,4.158
"4075",407.4,27.732593,-199.417090909091,4.15812727272727
"4076",407.5,27.790398,-199.454339622642,4.15892452830189
"4077",407.6,27.768365,-199.512830188679,4.15703773584906
"4078",407.7,27.7815497744361,-199.59874,4.15972
"4079",407.8,27.780647518797,-199.571784313726,4.158
"4080",407.9,27.7977209090909,-199.440405405405,4.15810810810811
"4081",408,27.7649557425743,-199.353229885057,4.15898850574713
"4082",408.1,27.7610874,-199.360466666667,4.158
"4083",408.2,27.7563044360902,-199.273978947368,4.158
"4084",408.3,27.7551315037594,-199.220455445545,4.158
"4085",408.4,27.7516018181818,-199.19159,4.158
"4086",408.5,27.7599932673267,-199.21795,4.15813
"4087",408.6,27.7795654545455,-199.14244,4.15861
"4088",408.7,27.8036595522388,-199.130818181818,4.15639393939394
"4089",408.8,27.7920550746269,-199.105431372549,4.15872549019608
"4090",408.9,27.79018,-198.99104,4.15712
"4091",409,27.763234,-198.9614,4.158
"4092",409.1,27.792694,-198.97872,4.158
"4093",409.2,27.7762175757576,-199.098848484848,4.15812121212121
"4094",409.3,27.7595814851485,-198.81994,4.15887
"4095",409.4,27.7580939097744,-198.841596491228,4.15822807017544
"4096",409.5,27.7627330075188,-198.753877192982,4.15998245614035
"4097",409.6,27.7900218181818,-198.959737373737,4.15760606060606
"4098",409.7,27.7959895049505,-198.872660377358,4.15579245283019
"4099",409.8,27.7953393,-198.864083333333,4.16075
"4100",409.9,27.7856087218045,-198.748162162162,4.158
"4101",410,27.801150075188,-198.963921348315,4.158
"4102",410.1,27.7894281818182,-198.948878787879,4.158
"4103",410.2,27.844518,-198.912336363636,4.158
"4104",410.3,27.762815,-199.078361702128,4.158
"4105",410.4,27.7153031578947,-199.043625,4.158
"4106",410.5,27.7149347368421,-198.91879,4.15826
"4107",410.6,27.7160151515152,-199.073348623853,4.15988073394495
"4108",410.7,27.7211039,-199.034053763441,4.15895698924731
"4109",410.8,27.7178161,-198.931647619048,4.158
"4110",410.9,27.7165483,-198.992515789474,4.158
"4111",411,27.7136971287129,-198.923777777778,4.158
"4112",411.1,27.6878993939394,-198.924666666667,4.158
"4113",411.2,27.7017933333333,-199.050861386139,4.158
"4114",411.3,27.7173896969697,-198.986454545455,4.15812121212121
"4115",411.4,27.7342897,-198.959818965517,4.15888793103448
"4116",411.5,27.7286642,-198.896887931034,4.15802586206897
"4117",411.6,27.7254554135338,-198.958676190476,4.15731428571428
"4118",411.7,27.7349591729323,-198.873947368421,4.15987368421053
"4119",411.8,27.696564040404,-198.8067,4.158
"4120",411.9,27.717265049505,-198.857365384615,4.158
"4121",412,27.752276,-198.763494736842,4.158
"4122",412.1,27.7260811278195,-198.81604,4.158
"4123",412.2,27.733592406015,-198.774582608696,4.158
"4124",412.3,27.725263030303,-198.671104347826,4.158
"4125",412.4,27.7051859405941,-198.634086956522,4.15895652173913
"4126",412.5,27.706978989899,-198.80401980198,4.158
"4127",412.6,27.6966602238806,-198.911697478992,4.15809243697479
"4128",412.7,27.7000258955224,-198.94531092437,4.15893277310924
"4129",412.8,27.69843,-198.751780952381,4.158
"4130",412.9,27.760012970297,-198.851338983051,4.158
"4131",413,27.7367522222222,-198.690322033898,4.158
"4132",413.1,27.7305716,-198.685267326733,4.158
"4133",413.2,27.7213292079208,-198.66995,4.158
"4134",413.3,27.732204962406,-198.69449,4.158
"4135",413.4,27.723250075188,-198.5788,4.158
"4136",413.5,27.7253767676768,-198.668101123596,4.15796629213483
"4137",413.6,27.7338711881188,-198.763188679245,4.15545283018868
"4138",413.7,27.754377,-198.748234042553,4.15893617021277
"4139",413.8,27.7546254135338,-198.73292,4.158
"4140",413.9,27.7312795488722,-198.71752,4.158
"4141",414,27.7537585858586,-198.82016,4.158
"4142",414.1,27.7246824752475,-198.7704,4.158
"4143",414.2,27.7583895959596,-198.606757281553,4.158
"4144",414.3,27.7486661654135,-198.576551020408,4.15809183673469
"4145",414.4,27.7282676691729,-198.66240952381,4.15879047619048
"4146",414.5,27.7649366666667,-198.604789473684,4.15706315789474
"4147",414.6,27.7577995049505,-198.816222222222,4.15811111111111
"4148",414.7,27.7412533333333,-198.618777777778,4.15888888888889
"4149",414.8,27.7629488,-198.49985106383,4.158
"4150",414.9,27.7463192079208,-198.554,4.158
"4151",415,27.7326693984962,-198.46291,4.158
"4152",415.1,27.7353912030075,-198.45823364486,4.158
"4153",415.2,27.7198255555556,-198.561879120879,4.15795604395604
"4154",415.3,27.7250272277228,-198.507,4.15750980392157
"4155",415.4,27.7341677777778,-198.610111111111,4.16033333333333
"4156",415.5,27.7241311940299,-198.702487179487,4.15530769230769
"4157",415.6,27.7219744776119,-198.531547008547,4.1578717948718
"4158",415.7,27.7050144444444,-198.5832,4.15888
"4159",415.8,27.6979711764706,-198.677148514851,4.158
"4160",415.9,27.6963638383838,-198.62,4.158
"4161",416,27.6987917164179,-198.350291262136,4.158
"4162",416.1,27.7302618656716,-198.489509433962,4.158
"4163",416.2,27.7739130693069,-198.491836956522,4.158
"4164",416.3,27.775386,-198.402819047619,4.15831428571428
"4165",416.4,27.7306365656566,-198.44629787234,4.16068085106383
"4166",416.5,27.72571,-198.48444,4.15648
"4167",416.6,27.70871,-198.49924,4.15988
"4168",416.7,27.6457188888889,-198.37476,4.15888
"4169",416.8,27.6745224,-198.419851485149,4.158
"4170",416.9,27.6655296969697,-198.44670754717,4.158
"4171",417,27.6478243564356,-198.490787234043,4.158
"4172",417.1,27.6633996,-198.38667,4.158
"4173",417.2,27.7089819402985,-198.286725663717,4.158
"4174",417.3,27.7014147761194,-198.211504424779,4.158
"4175",417.4,27.6747561,-198.296444444444,4.15533333333333
"4176",417.5,27.6601489108911,-198.363920792079,4.158
"4177",417.6,27.6889935353535,-198.289555555556,4.158
"4178",417.7,27.6803698507463,-198.179454545455,4.158
"4179",417.8,27.6704594029851,-198.241049019608,4.158
"4180",417.9,27.6816243,-198.379444444444,4.158
"4181",418,27.672619,-198.268212121212,4.158
"4182",418.1,27.6640033333333,-198.187323529412,4.15812745098039
"4183",418.2,27.6683959701493,-198.16581,4.15878
"4184",418.3,27.6801123880597,-198.14352,4.15744
"4185",418.4,27.691942,-198.194785714286,4.16077551020408
"4186",418.5,27.6911788,-198.36302970297,4.159
"4187",418.6,27.6959827272727,-198.282,4.15889380530973
"4188",418.7,27.7753659405941,-198.282,4.15800884955752
"4189",418.8,27.850316,-198.250876190476,4.158
"4190",418.9,27.853052481203,-198.34125,4.158
"4191",419,27.8443231578947,-198.288853211009,4.158
"4192",419.1,27.8459936,-197.937967032967,4.15796703296703
"4193",419.2,27.8589752,-198.095053097345,4.15710619469027
"4194",419.3,27.8319048484848,-197.945495575221,4.15799115044248
"4195",419.4,27.8579174626866,-198.04015,4.15813
"4196",419.5,27.8480517910448,-198.09301980198,4.159
"4197",419.6,27.8440236,-198.130169811321,4.15888679245283
"4198",419.7,27.8432965346535,-198.141914893617,4.158
"4199",419.8,27.7909389,-197.948514285714,4.158
"4200",419.9,27.7966710526316,-197.936057692308,4.158
"4201",420,27.8084078947368,-197.92346875,4.158
"4202",420.1,27.8053228,-197.939326315789,4.158
"4203",420.2,27.8148312,-197.966060606061,4.15812121212121
"4204",420.3,27.8218436,-198.030633663366,4.15874257425743
"4205",420.4,27.80747,-197.967818181818,4.15724242424242
"4206",420.5,27.7956094059406,-197.925794392523,4.1588785046729
"4207",420.6,27.77668,-197.952322580645,4.158
"4208",420.7,27.8024696,-198.036920792079,4.158
"4209",420.8,27.7711184,-197.98396,4.158
"4210",420.9,27.7819988,-197.939242424242,4.158
"4211",421,27.822568,-197.89756,4.158
"4212",421.1,27.8072239097744,-198.0054,4.15787
"4213",421.2,27.7809231578947,-198.05472,4.15713
"4214",421.3,27.795724,-197.934445544554,4.158
"4215",421.4,27.7912736,-198.024413793103,4.158
"4216",421.5,27.7681,-197.902862068965,4.158
"4217",421.6,27.7669036090226,-197.92134,4.158
"4218",421.7,27.7899336842105,-197.935292929293,4.158
"4219",421.8,27.8358152,-197.908215686275,4.158
"4220",421.9,27.8052447524752,-197.799181818182,4.158
"4221",422,27.8287656,-197.73905,4.158
"4222",422.1,27.7937592,-197.796910891089,4.15825742574257
"4223",422.2,27.8031808,-197.697428571429,4.15951020408163
"4224",422.3,27.8307884,-197.777891089109,4.15641584158416
"4225",422.4,27.8162996,-197.841524752475,4.15887128712871
"4226",422.5,27.800098,-197.733878787879,4.158
"4227",422.6,27.775914,-197.767765217391,4.158
"4228",422.7,27.7663572,-197.812113043478,4.158
"4229",422.8,27.7876990909091,-197.662809090909,4.158
"4230",422.9,27.8074415151515,-197.446266666667,4.158
"4231",423,27.8004794,-197.48072815534,4.15812621359223
"4232",423.1,27.8065748,-197.47,4.15890196078431
"4233",423.2,27.827816,-197.514468085106,4.158
"4234",423.3,27.7912318796992,-197.505346534653,4.15786138613861
"4235",423.4,27.8029386466165,-197.525393939394,4.157
"4236",423.5,27.7793001,-197.3756,4.15714
"4237",423.6,27.7999844554455,-197.498293103448,4.158
"4238",423.7,27.8341368,-197.514672413793,4.158
"4239",423.8,27.8225376,-197.43476,4.158
"4240",423.9,27.8048087128713,-197.39625,4.158
"4241",424,27.8167222222222,-197.42125,4.158
"4242",424.1,27.7899672,-197.495787878788,4.15887878787879
"4243",424.2,27.80378,-197.511495049505,4.15761386138614
"4244",424.3,27.803778,-197.469367346939,4.15561224489796
"4245",424.4,27.80412,-197.377405940594,4.15972277227723
"4246",424.5,27.8464575757576,-197.330201834862,4.158
"4247",424.6,27.7939927722772,-197.373652173913,4.158
"4248",424.7,27.8131015151515,-197.30903030303,4.158
"4249",424.8,27.8160316,-197.22007,4.15787
"4250",424.9,27.7770127,-197.25907,4.15713
"4251",425,27.7594338345865,-197.284254545455,4.15811818181818
"4252",425.1,27.7661556390977,-197.224633333333,4.159
"4253",425.2,27.7465433333333,-197.374613861386,4.15874257425743
"4254",425.3,27.7836899,-197.298303030303,4.15736363636364
"4255",425.4,27.8053478,-197.39433,4.15974
"4256",425.5,27.7943092481203,-197.3469,4.158
"4257",425.6,27.7692265413534,-197.36156043956,4.158
"4258",425.7,27.7854452525253,-196.977878787879,4.158
"4259",425.8,27.7871259405941,-197.278598039216,4.15787254901961
"4260",425.9,27.7932268,-197.33579047619,4.15710476190476
"4261",426,27.8015884,-197.14801980198,4.158
"4262",426.1,27.8060464356436,-197.18188172043,4.158
"4263",426.2,27.824993030303,-197.229495049505,4.15788118811881
"4264",426.3,27.8147098,-197.327283333333,4.15709166666667
"4265",426.4,27.8085448,-197.23895,4.157925
"4266",426.5,27.7939306,-197.12403030303,4.15787878787879
"4267",426.6,27.7985198,-197.107925233645,4.1571214953271
"4268",426.7,27.8190298484848,-197.233195876289,4.158
"4269",426.8,27.8131056060606,-196.94476,4.158
"4270",426.9,27.7961348484849,-196.9185625,4.15790625
"4271",427,27.755649,-196.970415841584,4.15712871287129
"4272",427.1,27.7488744,-196.899153846154,4.15753846153846
"4273",427.2,27.7615178947368,-196.962699029126,4.15423300970874
"4274",427.3,27.7660742857143,-197.054913043478,4.15705434782609
"4275",427.4,27.7349835353535,-196.87552,4.158
"4276",427.5,27.7504458415842,-196.96691,4.158
"4277",427.6,27.7681037,-196.95623,4.15787
"4278",427.7,27.7630191,-196.842161616162,4.15713131313131
"4279",427.8,27.7549771287129,-196.833271028037,4.1581308411215
"4280",427.9,27.7509033333333,-196.857829787234,4.15892553191489
"4281",428,27.7368502970297,-196.885792079208,4.15774257425743
"4282",428.1,27.7502375757576,-196.838028571429,4.15611428571429
"4283",428.2,27.7442849,-196.853,4.15707368421053
"4284",428.3,27.743676,-196.932844660194,4.15788349514563
"4285",428.4,27.7595828282828,-196.88,4.15709278350515
"4286",428.5,27.7646611881188,-196.94844,4.15788
"4287",428.6,27.7579038383838,-196.789910891089,4.157
"4288",428.7,27.7595142,-196.700336734694,4.157
"4289",428.8,27.749816,-196.864,4.15711711711712
"4290",428.9,27.7463647368421,-196.767533333333,4.15795555555555
"4291",429,27.7898985714286,-196.840821782178,4.15623762376238
"4292",429.1,27.7762073737374,-196.881735294118,4.158
"4293",429.2,27.7539922,-196.844628865979,4.15790721649484
"4294",429.3,27.7444292,-196.67232,4.157
"4295",429.4,27.7782073684211,-196.7218,4.15712
"4296",429.5,27.7874028571429,-196.68572,4.15788
"4297",429.6,27.802764949495,-196.65228,4.15712
"4298",429.7,27.7872175247525,-196.67408,4.158
"4299",429.8,27.7734028,-196.554102564103,4.15789743589744
"4300",429.9,27.7982726,-196.588290598291,4.15704273504273
"4301",430,27.7666576237624,-196.681444444444,4.15811111111111
"4302",430.1,27.7569552525252,-196.63204,4.15888
"4303",430.2,27.7800573267327,-196.70592,4.15812
"4304",430.3,27.8049567676768,-196.64356,4.15888
"4305",430.4,27.7925706,-196.565787878788,4.15787878787879
"4306",430.5,27.7570184,-196.529581818182,4.157
"4307",430.6,27.7855963157895,-196.326233333333,4.15703333333333
"4308",430.7,27.7682128571429,-196.36434,4.158
"4309",430.8,27.7265695959596,-196.397018181818,4.15811818181818
"4310",430.9,27.7670195,-196.52189010989,4.15893406593407
"4311",431,27.7857855,-196.455361344538,4.157
"4312",431.1,27.8065163432836,-196.416705882353,4.157
"4313",431.2,27.8372252985075,-196.447,4.158
"4314",431.3,27.8716094949495,-196.603242424242,4.15787878787879
"4315",431.4,27.9263923529412,-196.52541,4.157
"4316",431.5,27.8835163636364,-196.549345132743,4.157
"4318",431.7,27.8922187128713,-196.34812371134,4.15703092783505
"4319",431.8,27.891239,-196.353468085106,4.15793617021277
"4320",431.9,27.8947225,-196.389888888889,4.15666666666667
"4321",432,27.8707224242424,-196.502304347826,4.15413043478261
"4322",432.1,27.8752811881188,-196.35416,4.15724
"4323",432.2,27.8633622222222,-196.332554455446,4.15876237623762
"4324",432.3,27.8791334,-196.226931623932,4.157
"4325",432.4,27.9222296,-196.308128205128,4.157
"4326",432.5,27.9330154545455,-196.26536,4.157
"4327",432.6,27.9247323762376,-195.63948,4.157
"4328",432.7,27.9227594949495,-196.21148,4.15712
"4329",432.8,27.9093364925373,-196.346881188119,4.158
"4330",432.9,27.9141797761194,-196.35865,4.15778
"4331",433,27.9096856,-196.45561,4.15611
"4332",433.1,27.9088076,-196.40419,4.15722
"4333",433.2,27.8925858585859,-196.340090909091,4.15881818181818
"4334",433.3,27.8574529850746,-196.331826446281,4.1571652892562
"4335",433.4,27.8391395522388,-196.317157894737,4.157
"4336",433.5,27.8387025,-196.326807017544,4.157
"4337",433.6,27.8397978217822,-195.944173913043,4.157
"4338",433.7,27.8244941414141,-196.078956521739,4.157
"4339",433.8,27.8420458415842,-196.043196261682,4.15711214953271
"4340",433.9,27.8237618,-196.117344086021,4.15789247311828
"4341",434,27.8422322,-196.149307692308,4.156
"4342",434.1,27.8333242,-196.204346938776,4.15608163265306
"4343",434.2,27.8672636,-196.11875257732,4.157
"4344",434.3,27.8361608,-196.202465346535,4.157
"4345",434.4,27.8392128,-196.090188118812,4.157
"4346",434.5,27.8210543434343,-196.178888888889,4.157
"4347",434.6,27.816351,-196.114036697248,4.15688990825688
"4348",434.7,27.836386,-196.177978021978,4.15596703296703
"4349",434.8,27.826471,-196.13876,4.15572
"4350",434.9,27.8276445,-196.080371428571,4.16042857142857
"4351",435,27.8498903007519,-196.154604166667,4.15621875
"4352",435.1,27.8620256390977,-196.18468,4.15878
"4353",435.2,27.820515,-196.251555555556,4.157
"4354",435.3,27.8268334653465,-196.173782178218,4.157
"4355",435.4,27.8421298,-196.257666666667,4.157
"4356",435.5,27.862896,-196.11508,4.157
"4357",435.6,27.86991,-196.126368421053,4.157
"4358",435.7,27.8153368686869,-195.971105263158,4.157
"4359",435.8,27.8357926,-196.149429906542,4.157
"4360",435.9,27.8456802,-196.051184782609,4.157
"4361",436,27.8486298,-196.194910891089,4.15712871287129
"4362",436.1,27.8664742,-196.06836,4.15788
"4363",436.2,27.8498295959596,-195.94524,4.157
"4364",436.3,27.872145,-195.99724,4.157
"4365",436.4,27.879508,-195.886037735849,4.157
"4366",436.5,27.8875835,-195.819361702128,4.157
"4367",436.6,27.8486755,-195.96996039604,4.15688118811881
"4368",436.7,27.8575116541353,-195.85771,4.15622
"4369",436.8,27.8542560150376,-195.92509,4.15811
"4370",436.9,27.8449665,-196.013378640777,4.15878640776699
"4371",437,27.8527145,-195.862333333333,4.15691666666667
"4372",437.1,27.870042,-195.83136,4.15612
"4373",437.2,27.8520932330827,-195.890257425743,4.157
"4374",437.3,27.8430481203008,-195.810698275862,4.157
"4375",437.4,27.8735832,-195.744318965517,4.157
"4376",437.5,27.9258159405941,-195.692730769231,4.157
"4377",437.6,27.95933,-195.737666666667,4.15708333333333
"4378",437.7,27.970875,-195.818148514851,4.158
"4379",437.8,27.9450411881188,-195.71361,4.15778
"4380",437.9,27.9162395959596,-195.745778846154,4.15610576923077
"4381",438,27.9386865,-195.642031578947,4.157
"4382",438.1,27.961716,-195.75746728972,4.157
"4383",438.2,27.9222175,-195.8679375,4.157
"4384",438.3,27.914167,-195.7866875,4.157
"4385",438.4,27.9602145454545,-195.677453608247,4.157
"4386",438.5,27.9668178217822,-195.854333333333,4.157
"4387",438.6,27.9618560606061,-195.751,4.15712
"4388",438.7,27.9655332,-195.67536,4.15812
"4389",438.8,27.9738412,-195.75292,4.15864
"4390",438.9,27.9561581203007,-195.66396,4.156
"4391",439,27.9594588721805,-195.70372,4.15612
"4392",439.1,27.9653415151515,-195.636801980198,4.157
"4393",439.2,27.9597337623762,-195.740222222222,4.157
"4394",439.3,27.9708085,-195.6336,4.157
"4395",439.4,27.9764855,-195.659675675676,4.157
"4396",439.5,27.9839368316832,-195.657247191011,4.157
"4397",439.6,27.9752105050505,-195.663,4.15723529411765
"4398",439.7,27.9464406930693,-195.564855670103,4.15920618556701
"4399",439.8,27.9503213131313,-195.758732673267,4.16048514851485
"4400",439.9,27.9546615,-195.771689655172,4.157
"4401",440,27.935497,-195.669103448276,4.157
"4402",440.1,27.9539542424242,-195.61916,4.157
"4403",440.2,27.9151430693069,-195.524622047244,4.157
"4404",440.3,27.9649893939394,-195.521472440945,4.157
"4405",440.4,27.9497348,-195.538962264151,4.157
"4406",440.5,27.9752356,-195.621086956522,4.157
"4407",440.6,27.9813927067669,-195.56535,4.15726
"4408",440.7,27.9901596240602,-195.65411,4.15887
"4409",440.8,28.0019975757576,-195.68599009901,4.15812871287129
"4410",440.9,27.9907184,-195.61888,4.15888
"4411",441,27.999846,-195.561524752475,4.15788118811881
"4412",441.1,27.98566,-195.47956,4.157
"4413",441.2,28.01066,-195.509555555555,4.157
"4414",441.3,27.9684205050505,-195.13300990099,4.157
"4415",441.4,27.9788694059406,-195.6168,4.157
"4416",441.5,27.99317,-195.4968,4.157
"4417",441.6,27.9748856,-195.61145045045,4.1577027027027
"4419",441.8,27.9607751515152,-195.488405940594,4.15326732673267
"4420",441.9,27.9518497029703,-195.430010526316,4.15608421052632
"4421",442,27.9185396969697,-195.52400990099,4.157
"4422",442.1,27.9238516,-195.49508,4.157
"4423",442.2,27.9188364,-195.417717948718,4.157
"4424",442.3,27.9306933333333,-194.890367521368,4.157
"4425",442.4,27.9485388118812,-195.382965909091,4.157
"4426",442.5,27.9319197979798,-195.53723,4.15713
"4427",442.6,27.9318876,-195.42643,4.15787
"4428",442.7,27.9557625,-195.433450980392,4.15687254901961
"4429",442.8,27.9590868421053,-195.42051,4.156
"4430",442.9,27.9432447368421,-195.441,4.15611111111111
"4431",443,27.9677403030303,-195.32000990099,4.157
"4432",443.1,27.9723383168317,-195.354888888889,4.157
"4433",443.2,27.9380724,-195.232834645669,4.157
"4434",443.3,27.9423326865672,-195.356456692913,4.157
"4435",443.4,27.9629744776119,-195.277359649123,4.157
"4436",443.5,27.966357979798,-194.962447368421,4.157
"4437",443.6,27.9900672277228,-195.35136,4.156
"4438",443.7,28.0254283838384,-195.312057142857,4.15611428571428
"4439",443.8,28.0573831,-195.32909375,4.15692708333333
"4440",443.9,28.0262220792079,-195.3353,4.15611
"4441",444,28.0262348484849,-195.267805555556,4.157
"4442",444.1,28.048130990099,-195.220615384615,4.157
"4443",444.2,28.0560829292929,-195.181333333333,4.157
"4444",444.3,28.0630461,-195.187780952381,4.157
"4445",444.4,28.0365828,-195.169583333333,4.157
"4446",444.5,28.0401330075188,-195.217058823529,4.15676470588235
"4447",444.6,28.0422683458647,-195.207448979592,4.15489795918367
"4448",444.7,28.0475991919192,-195.289186915888,4.15433644859813
"4449",444.8,28.0511886,-195.06525,4.157
"4450",444.9,28.0631627,-195.000582524272,4.157
"4451",445,28.0332930827068,-195.041957446809,4.157
"4452",445.1,28.0757818045113,-195.07276,4.157
"4453",445.2,28.0623626262626,-194.90048,4.157
"4454",445.3,28.0527423762376,-195.10872,4.157
"4455",445.4,28.0819566,-195.158237623762,4.157
"4456",445.5,28.0540174,-195.1501,4.15689
"4457",445.6,28.0416787128713,-195.076663461538,4.15589423076923
"4458",445.7,28.0472106060606,-195.120548076923,4.15520192307692
"4459",445.8,28.0236538613861,-194.951319148936,4.15796808510638
"4460",445.9,28.0658072727273,-195.058887755102,4.157
"4461",446,28.03812,-195.10687,4.157
"4462",446.1,28.0536116,-194.95852,4.157
"4463",446.2,28.046109,-195.055306930693,4.15689108910891
"4464",446.3,28.036835,-194.897008403361,4.15608403361345
"4465",446.4,28.0396244444444,-195.007092436975,4.1569243697479
"4466",446.5,28.0318227722772,-194.95964,4.15776
"4467",446.6,28.0352421212121,-195.009769230769,4.15515384615385
"4468",446.7,28.0396931343284,-194.96811827957,4.15691397849462
"4469",446.8,28.067043880597,-194.897683168317,4.15521782178218
"4470",446.9,28.0391328,-194.8357,4.157
"4471",447,28.0981423762376,-194.7049,4.157
"4472",447.1,28.0592402020202,-194.4163,4.157
"4473",447.2,28.0598214179104,-194.903118811881,4.15690099009901
"4474",447.3,28.0308885820896,-194.877545454545,4.156
"4475",447.4,28.0453085,-194.8112,4.1564
"4476",447.5,28.0326361,-194.973245614035,4.15973684210526
"4477",447.6,28.037597979798,-194.955701754386,4.1571052631579
"4478",447.7,28.0511815841584,-194.857545454545,4.15709090909091
"4479",447.8,28.0579379,-194.785222222222,4.15789898989899
"4480",447.9,28.0283186,-194.89598,4.157
"4481",448,28.0461419,-194.913375,4.157
"4482",448.1,28.0274713,-194.925875,4.157
"4483",448.2,28.0343956,-194.845666666667,4.15688888888889
"4484",448.3,28.0173343434343,-194.860490909091,4.15610909090909
"4485",448.4,28.0082540298507,-194.746903225806,4.15702150537634
"4486",448.5,28.0297764179105,-194.965330188679,4.15783018867925
"4487",448.6,28.00488,-194.908524752475,4.15605940594059
"4488",448.7,28.0176925,-194.695197802198,4.15795604395604
"4489",448.8,28.0169193939394,-194.623673076923,4.15610576923077
"4490",448.9,28.0268744776119,-194.70493814433,4.157
"4491",449,28.0417326865672,-194.7923,4.157
"4492",449.1,28.0645962,-194.664672897196,4.157
"4493",449.2,28.0699084158416,-194.710260869565,4.157
"4494",449.3,28.0515508080808,-194.705801980198,4.15689108910891
"4495",449.4,28.0568543564357,-194.6246,4.1558
"4496",449.5,28.0246483,-194.792,4.1542
"4497",449.6,28.0604261,-194.786206349206,4.15607936507937
"4498",449.7,28.063951,-194.72826984127,4.15687301587302
"4499",449.8,28.0398593,-194.6948,4.157
"4500",449.9,28.0422058,-194.627542056075,4.157
"4501",450,28.038538989899,-194.682358695652,4.157
"4502",450.1,28.0267014,-194.443222222222,4.157
"4503",450.2,28.0160216,-194.566504950495,4.15711881188119
"4504",450.3,28.0378522,-194.476039215686,4.15778431372549
"4505",450.4,28.0535556,-194.606272727273,4.15609090909091
"4506",450.5,28.044721,-194.5165,4.157
"4507",450.6,28.0598298496241,-194.687173913043,4.157
"4508",450.7,28.0232734586466,-194.6354,4.1569
"4509",450.8,28.0164696,-194.5144,4.156
"4510",450.9,28.0450441584158,-194.598707070707,4.156
"4511",451,28.0353963,-194.523709401709,4.156
"4512",451.1,28.0592173684211,-194.593794871795,4.156
"4513",451.2,28.0558489473684,-194.3869375,4.156
"4514",451.3,28.0723714,-194.4281,4.156
"4515",451.4,28.0774854,-194.5225,4.15608333333333
"4516",451.5,28.0795926,-194.3775,4.15691666666667
"4517",451.6,28.08179,-194.47862,4.15511
"4518",451.7,28.0490804,-194.43052,4.15611
"4519",451.8,28.0591594,-194.439069306931,4.15689108910891
"4520",451.9,28.085213,-194.251204081633,4.156
"4521",452,28.0429436,-194.069594059406,4.15611881188119
"4522",452.1,28.0514178,-194.351222222222,4.157
"4523",452.2,28.0648026,-194.422178571429,4.157
"4525",452.4,28.0433604511278,-194.362815217391,4.15803260869565
"4526",452.5,28.0817894,-194.39,4.15877777777778
"4527",452.6,28.0771296,-194.40428,4.15688
"4528",452.7,28.091476,-194.34000990099,4.15611881188119
"4529",452.8,28.0698433082707,-194.38518,4.15689
"4530",452.9,28.0580839097744,-194.33968,4.15611
"4531",453,28.0773913,-194.393298245614,4.157
"4532",453.1,28.0508465346535,-194.168736842105,4.157
"4533",453.2,28.0209482,-194.308435897436,4.15689743589744
"4534",453.3,28.0269624,-194.220401709402,4.15604273504273
"4535",453.4,28.0128998,-194.317151515152,4.15951515151515
"4536",453.5,27.9890102,-194.3296,4.15637142857143
"4537",453.6,28.008483,-194.25507368421,4.15874736842105
"4538",453.7,28.0237844,-194.229554455446,4.156
"4539",453.8,28.0160514,-194.133079207921,4.156
"4540",453.9,27.9992736,-194.19498,4.15611
"4541",454,27.9938172727273,-194.21892,4.157
"4542",454.1,28.0085863366337,-194.288111111111,4.15688888888889
"4543",454.2,28.0193672727273,-194.317356435644,4.15611881188119
"4544",454.3,28.0129533,-194.229028301887,4.15689622641509
"4545",454.4,27.998561,-194.2155,4.15595454545455
"4546",454.5,28.0495114285714,-194.2855,4.15504545454545
"4547",454.6,28.02394,-194.102519607843,4.15778431372549
"4548",454.7,28.0237145454545,-193.990265306122,4.156
"4549",454.8,28.0184833663366,-193.98685,4.156
"4550",454.9,28.0288596,-194.01745,4.15611
"4551",455,28.0266321804511,-193.998871559633,4.15689908256881
"4552",455.1,28.0086998496241,-193.872911111111,4.15602222222222
"4553",455.2,28.0111254545455,-193.88148,4.15688
"4554",455.3,28.0702955,-193.975378378378,4.15589189189189
"4555",455.4,28.0878233,-193.994625,4.15501041666667
"4556",455.5,28.0963646,-193.95652688172,4.156
"4557",455.6,28.1168163366337,-193.907769230769,4.156
"4558",455.7,28.1146154545454,-193.864179487179,4.156
"4559",455.8,28.0762627,-193.955421568628,4.156
"4560",455.9,28.0829188,-193.807953703704,4.156
"4561",456,28.0895562,-193.931063829787,4.15603191489362
"4562",456.1,28.1109847,-193.929556521739,4.15692173913043
"4563",456.2,28.0744914285714,-193.891295652174,4.15605217391304
"4564",456.3,28.0737094736842,-193.844366972477,4.1607247706422
"4565",456.4,28.0934745454545,-193.883816513761,4.1561376146789
"4566",456.5,28.1195421,-193.724111111111,4.15511111111111
"4567",456.6,28.1009998,-193.710504950495,4.156
"4568",456.7,28.0875314285714,-193.79255,4.156
"4569",456.8,28.0617494736842,-193.8816,4.156
"4570",456.9,28.0553035353535,-193.843577981651,4.156
"4571",457,28.0624945544555,-193.818615384615,4.15602197802198
"4572",457.1,28.0809107,-193.677889908257,4.15679816513761
"4573",457.2,28.0711449,-193.767822222222,4.15508888888889
"4574",457.3,28.0523959405941,-193.85916,4.15876
"4575",457.4,28.0192827272727,-193.923330708661,4.15690551181102
"4576",457.5,27.9889167,-193.776086614173,4.15611811023622
"4577",457.6,27.9644161,-193.74843,4.156
"4578",457.7,27.9506474,-193.74845,4.156
"4579",457.8,27.9473054,-193.65973,4.156
"4580",457.9,27.9198490909091,-193.6947,4.156
"4581",458,27.9220152475248,-193.67174,4.15589
"4582",458.1,27.9468375757576,-193.690607142857,4.155
"4583",458.2,27.931658,-193.587035714286,4.155
"4584",458.3,27.968636,-193.857595505618,4.15798876404495
"4585",458.4,27.9861090225564,-193.655222222222,4.15688888888889
"4586",458.5,27.9561541353383,-193.723,4.156
"4587",458.6,27.9399615151515,-193.584757575758,4.156
"4588",458.7,27.9569030693069,-193.590540816327,4.156
"4589",458.8,27.9599861,-193.663111111111,4.156
"4590",458.9,27.9593085714286,-193.569900990099,4.156
"4591",459,27.9677221052632,-193.59148,4.15622
"4592",459.1,27.9640563636364,-193.65079,4.15789
"4593",459.2,27.9672477227723,-193.645714285714,4.1568253968254
"4594",459.3,27.946333030303,-193.688571428571,4.1552380952381
"4595",459.4,27.952558,-193.641257425743,4.15423762376238
"4596",459.5,28.0298264356436,-193.408777777778,4.156
"4597",459.6,28.0334894949495,-193.561075471698,4.156
"4598",459.7,28.0696517647059,-193.620709677419,4.156
"4599",459.8,28.0427990909091,-193.362539215686,4.156
"4600",459.9,28.0568442,-193.5144,4.156
"4601",460,28.0472176,-193.544444444444,4.15588888888889
"4602",460.1,28.0034428571429,-193.4964,4.15489090909091
"4603",460.2,28.0286684210526,-193.469422222222,4.15406666666667
"4604",460.3,28.0265270707071,-193.557465346535,4.15711881188119
"4605",460.4,28.0394709,-193.40801,4.15778
"4606",460.5,28.0642517,-193.31199,4.156
"4607",460.6,28.0554042105263,-193.322432692308,4.156
"4608",460.7,28.0404718796992,-193.334104166667,4.156
"4609",460.8,28.052842020202,-193.22683,4.156
"4610",460.9,28.0678941584158,-193.29091509434,4.15610377358491
"4611",461,28.09158,-193.435494623656,4.157
"4612",461.1,28.078796,-193.414584158416,4.15688118811881
"4613",461.2,28.0787578217822,-193.45171,4.15622
"4614",461.3,28.0597217171717,-193.382555555556,4.15788888888889
"4615",461.4,28.0744166666667,-193.116661016949,4.15689830508475
"4616",461.5,28.0793281818182,-193.197169491525,4.15605084745763
"4617",461.6,28.0458722,-193.25328,4.156
"4618",461.7,28.0427744,-193.321,4.156
"4619",461.8,28.0180523,-193.20272,4.156
"4620",461.9,28.0520732323232,-193.158752475248,4.15623762376238
"4621",462,28.0758570707071,-193.283222222222,4.15766666666667
"4622",462.1,28.0962908910891,-193.291,4.15476
"4623",462.2,28.0538628282828,-193.33092,4.15324
"4624",462.3,28.019121641791,-193.27628,4.15512
"4625",462.4,28.0477485074627,-193.10064,4.156
"4626",462.5,28.03577,-193.14704,4.156
"4627",462.6,28.0218305940594,-193.163,4.156
"4628",462.7,28.0283265656566,-193.016222222222,4.156
"4629",462.8,28.0532431343284,-193.164040816327,4.156
"4630",462.9,28.0701088059701,-193.04195,4.15589
"4631",463,28.031814,-193.169373913043,4.155
"4632",463.1,28.060834,-193.154591304348,4.155
"4633",463.2,28.0623631313131,-193.127886597938,4.157
"4634",463.3,28.0493400990099,-193.089646464646,4.15689898989899
"4635",463.4,28.03623,-193.22264,4.156
"4636",463.5,28.038528,-193.223198019802,4.156
"4637",463.6,28.0665093069307,-193.037636363636,4.156
"4639",463.8,28.1554592,-193.0238,4.156
"4640",463.9,28.1376009090909,-193.0593,4.1559
"4641",464,28.1366055223881,-193.069383838384,4.15520202020202
"4642",464.1,28.1610831343284,-193.058632075472,4.157
"4643",464.2,28.158546,-193.082368421053,4.15694736842105
"4644",464.3,28.148738,-192.9448,4.156
"4645",464.4,28.1538863636364,-192.952702970297,4.156
"4646",464.5,28.1671202238806,-193.042836734694,4.156
"4647",464.6,28.1579784328358,-193.059475247525,4.156
"4648",464.7,28.1609743,-193.0233,4.156
"4649",464.8,28.1490089108911,-192.8268,4.156
"4650",464.9,28.1603545454545,-192.999,4.1559
"4651",465,28.1757851485148,-193.1705,4.1552
"4652",465.1,28.155292,-193.020040816327,4.15679591836735
"4653",465.2,28.1544877227723,-193.069287128713,4.15511881188119
"4654",465.3,28.1625724752475,-192.97236,4.156
"4655",465.4,28.1874166,-192.96596,4.156
"4656",465.5,28.1501374,-193.084273504273,4.156
"4657",465.6,28.1752682,-193.059487179487,4.156
"4658",465.7,28.1511572727273,-192.874555555556,4.156
"4659",465.8,28.1162251,-193.024764705882,4.15611764705882
"4660",465.9,28.1152583,-193.144,4.15671428571429
"4661",466,28.0805226,-193.016483870968,4.154
"4662",466.1,28.0729848,-193.10184,4.15412
"4663",466.2,28.0782568181818,-193.013940594059,4.155
"4664",466.3,28.0850295454545,-192.962111111111,4.15511111111111
"4665",466.4,28.0593223,-192.90544,4.156
"4666",466.5,28.0639924752475,-192.900055045872,4.156
"4667",466.6,28.068358,-192.944391752577,4.156
"4668",466.7,28.080260075188,-192.7963125,4.156
"4669",466.8,28.0694104511278,-192.742944444444,4.15609259259259
"4670",466.9,28.0540369,-192.76197826087,4.157
"4671",467,28.0603379,-192.7704,4.1568
"4672",467.1,28.0520981,-192.8577,4.155
"4673",467.2,28.0975033,-192.8795,4.1551
"4674",467.3,28.0968911881188,-192.854068965517,4.156
"4675",467.4,28.1022847474748,-192.82475862069,4.156
"4676",467.5,28.0780000990099,-192.6452,4.156
"4677",467.6,28.066828,-192.786428571429,4.156
"4678",467.7,28.07351,-192.676294117647,4.15588235294118
"4679",467.8,28.033722,-192.749928571429,4.15508928571429
"4680",467.9,28.0319333082707,-192.789214285714,4.15598214285714
"4681",468,28.0035498496241,-192.83471,4.15311
"4682",468.1,28.002951,-192.6989,4.15433
"4683",468.2,27.9969774,-192.604558823529,4.15678431372549
"4684",468.3,27.9800948,-192.645,4.15509090909091
"4685",468.4,27.9921952631579,-192.7253,4.156
"4686",468.5,27.9976012781955,-192.484464646465,4.156
"4687",468.6,28.0110042424242,-192.70493,4.15589
"4688",468.7,27.9933786138614,-192.587900990099,4.15510891089109
"4689",468.8,28.0054364,-192.635946428571,4.15582142857143
"4690",468.9,27.9800531,-192.715410714286,4.15403571428571
"4691",469,27.9835540594059,-192.710808080808,4.15759595959596
"4692",469.1,27.9990387878788,-192.719415841584,4.15421782178218
"4693",469.2,28.0106534653465,-192.7149,4.156
"4694",469.3,28.019404040404,-192.579469026549,4.156
"4695",469.4,28.0304633,-192.674159292035,4.156
"4696",469.5,28.0344429,-192.786936170213,4.156
"4697",469.6,27.9928145454545,-192.65788,4.156
"4698",469.7,27.9862621568627,-192.510089108911,4.15610891089109
"4699",469.8,27.9817528282828,-192.692,4.1569
"4700",469.9,28.0121274,-192.6354,4.1559
"4701",470,28.0301056,-192.697356435644,4.15509900990099
"4702",470.1,28.0403147368421,-192.714316326531,4.156
"4703",470.2,28.0349087218045,-192.492831683168,4.156
"4704",470.3,28.0357521212121,-192.4979,4.156
"4705",470.4,28.0341271287129,-192.3531,4.156
"4706",470.5,28.044572,-192.513142857143,4.15590476190476
"4707",470.6,28.0641763157895,-192.48085,4.15505
"4708",470.7,28.032634962406,-192.386551401869,4.15590654205607
"4709",470.8,28.0164354545455,-192.457579439252,4.15403738317757
"4710",470.9,28.0269262,-192.580239583333,4.15304166666667
"4711",471,28.079727,-192.689436170213,4.15694680851064
"4712",471.1,28.073534,-192.521663461539,4.156
"4713",471.2,28.068232970297,-192.409018348624,4.156
"4714",471.3,28.0594921212121,-192.652137614679,4.156
"4715",471.4,28.0693074509804,-192.4596,4.156
"4716",471.5,28.075574949495,-192.4274,4.1559
"4717",471.6,28.0800774,-192.476300884956,4.155
"4718",471.7,28.0458291,-192.299309734513,4.155
"4719",471.8,28.0564773684211,-192.417197916667,4.1566875
"4720",471.9,28.040560075188,-192.342636363636,4.15154545454546
"4721",472,28.0543563636364,-192.3043,4.1568
"4722",472.1,28.0701592,-192.428363636364,4.15510101010101
"4723",472.2,28.0745236,-192.32196,4.156
"4724",472.3,28.0778572932331,-192.428961904762,4.156
"4725",472.4,28.0774813533835,-192.3078,4.156
"4726",472.5,28.0898011111111,-192.2944,4.15589
"4727",472.6,28.0675178217822,-192.31823,4.15522
"4728",472.7,28.0755572,-192.245105769231,4.15710576923077
"4729",472.8,28.0725022,-192.442896907216,4.15792783505155
"4730",472.9,28.0787525742574,-192.544386138614,4.15680198019802
"4731",473,28.0828984848485,-192.21502631579,4.15507894736842
"4732",473.1,28.1101284158416,-192.459763157895,4.15595614035088
"4733",473.2,28.0794157575758,-192.450126126126,4.156
"4734",473.3,28.085766,-192.611387387387,4.156
"4735",473.4,28.0915632,-191.9934,4.1559
"4736",473.5,28.092213,-192.4516,4.1551
"4737",473.6,28.0786830693069,-192.4259,4.1558
"4738",473.7,28.0976,-192.5393,4.154
"4739",473.8,28.0947418,-192.457,4.1541
"4740",473.9,28.0780454,-192.6506,4.155
"4741",474,28.0826795488722,-192.51898989899,4.155
"4742",474.1,28.0609502255639,-192.4216,4.155
"4743",474.2,28.0502755555556,-192.426912087912,4.15501098901099
"4744",474.3,28.0258418811881,-192.4192,4.1559
"4745",474.4,28.023501,-192.405141414141,4.155
"4746",474.5,28.0584354887218,-192.262219047619,4.15510476190476
"4747",474.6,28.0681422556391,-192.261375,4.155875
"4748",474.7,28.0965066666667,-192.461561403509,4.15391228070175
"4749",474.8,28.0738007920792,-192.307175438597,4.1530350877193
"4750",474.9,28.0610711111111,-192.318875,4.155875
"4751",475,28.0606975,-192.328262626263,4.15410101010101
"4752",475.1,28.0463278217822,-192.290534653465,4.155
"4753",475.2,28.0364522222222,-192.248396551724,4.15508620689655
"4754",475.3,28.0547790196078,-192.192362068966,4.15594827586207
"4755",475.4,28.0531996969697,-192.1825,4.1559
"4756",475.5,28.06398,-192.2056,4.1548
"4757",475.6,28.0702834,-192.209380952381,4.15328571428571
"4758",475.7,28.0649721804511,-192.188948453608,4.156
"4759",475.8,28.0586639097744,-192.0992,4.156
"4760",475.9,28.0658088888889,-192.135258064516,4.156
"4761",476,28.0967256,-192.061888888889,4.15589898989899
"4762",476.1,28.0727975,-192.14815,4.155
"4763",476.2,28.0534642105263,-192.20963,4.15511
"4764",476.3,28.0455694736842,-192.245425742574,4.15589108910891
"4765",476.4,28.0429233333333,-192.2893,4.155
"4766",476.5,28.0279382352941,-192.2062,4.1549
"4767",476.6,28.0385555555556,-192.161611111111,4.15427777777778
"4768",476.7,28.0516901,-192.14767032967,4.15693406593407
"4769",476.8,28.0579530693069,-192.141059405941,4.15421782178218
"4770",476.9,28.0859314,-192.1929,4.1559
"4771",477,28.0562336,-192.079571428571,4.155
"4772",477.1,28.0659855555556,-192.215285714286,4.155
"4773",477.2,28.0672977227723,-192.139826086957,4.155
"4774",477.3,28.0848144444444,-192.038086956522,4.155
"4775",477.4,28.0631987,-191.876633663366,4.15510891089109
"4776",477.5,28.0464941584159,-191.8883,4.1561
"4777",477.6,28.0629076,-191.8707,4.157
"4778",477.7,28.0617794,-191.8606,4.1569
"4779",477.8,28.0621066666667,-191.957919191919,4.156
"4780",477.9,28.0399691044776,-191.962801980198,4.15589108910891
"4781",478,28.0428347761194,-191.8709,4.155
"4782",478.1,28.0393781,-191.9337,4.155
"4783",478.2,28.0436059405941,-191.852796296296,4.155
"4784",478.3,28.0388733333333,-191.793586956522,4.155
"4785",478.4,28.0332303731343,-191.8567,4.155
"4786",478.5,28.0815363432836,-191.791428571429,4.155
"4787",478.6,28.0689764,-191.887210526316,4.15521052631579
"4788",478.7,28.0317864,-192.001828282828,4.15879797979798
"4789",478.8,28.0295103030303,-192.011861386139,4.15678217821782
"4790",478.9,28.0532162376238,-191.89395959596,4.155
"4791",479,28.044555,-191.92511,4.155
"4792",479.1,28.0440481,-191.75944,4.155
"4793",479.2,28.0479234653465,-191.850565217391,4.15509565217391
"4794",479.3,28.062582,-191.83752173913,4.1559652173913
"4795",479.4,28.060245,-191.891522222222,4.15597777777778
"4796",479.5,28.0528911111111,-191.761089108911,4.15410891089109
"4797",479.6,28.063973358209,-191.7849,4.155
"4798",479.7,28.0727270895522,-191.9329,4.1549
"4799",479.8,28.02586,-192.0446,4.1541
"4800",479.9,28.0517813861386,-191.925682242991,4.155
"4801",480,28.0750444444445,-191.938129032258,4.155
"4802",480.1,28.1162074626866,-191.829171717172,4.155
"4803",480.2,28.0723268656716,-191.881673267327,4.15510891089109
"4804",480.3,28.0378729292929,-191.7846,4.156
"4805",480.4,28.055063960396,-191.7426,4.1561
"4806",480.5,28.070887,-191.718714285714,4.15671428571429
"4807",480.6,28.0676023,-191.701471153846,4.154
"4808",480.7,28.0496337,-191.790043956044,4.15403296703297
"4809",480.8,28.0541375,-191.782796296296,4.15681481481481
"4810",480.9,28.0647016,-191.674652173913,4.155
"4811",481,28.0699275,-191.7449,4.155
"4812",481.1,28.0690084,-191.704694915254,4.155
"4813",481.2,28.051867,-191.671644067797,4.155
"4814",481.3,28.058956969697,-191.535451612903,4.155
"4815",481.4,28.0648512871287,-191.788757281553,4.15488349514563
"4816",481.5,28.078743,-191.758391304348,4.15203260869565
"4817",481.6,28.0758263,-191.79634,4.15509
"4818",481.7,28.0920049,-191.80299,4.15582
"4819",481.8,28.0782548872181,-191.62749,4.15409
"4820",481.9,28.0498413533835,-191.595980769231,4.155
"4821",482,28.0705124,-191.634842105263,4.155
"4822",482.1,28.0823504,-191.578693069307,4.155
"4823",482.2,28.0732204,-191.57429,4.155
"4824",482.3,28.0848527067669,-191.46141,4.155
"4825",482.4,28.0653639849624,-191.41428,4.155
"4826",482.5,28.1188675,-191.407909090909,4.15490909090909
"4827",482.6,28.1317726732673,-191.4293,4.1541
"4828",482.7,28.1312064,-191.5352,4.155
"4829",482.8,28.1230712,-191.490425925926,4.155
"4830",482.9,28.1106944,-191.474173913043,4.155
"4831",483,28.1354812,-191.442841584158,4.155
"4832",483.1,28.1341469306931,-191.497090909091,4.155
"4833",483.2,28.139855,-191.499188118812,4.155
"4834",483.3,28.127321,-191.425644859813,4.15508411214953
"4835",483.4,28.1193918,-191.49797979798,4.1559797979798
"4836",483.5,28.1161559398496,-191.494967741935,4.15493548387097
"4837",483.6,28.1132687218045,-191.443207920792,4.15319801980198
"4838",483.7,28.1430824,-191.50549,4.155
"4839",483.8,28.1653532,-191.278727272727,4.155
"4840",483.9,28.1442752,-191.19798019802,4.155
"4841",484,28.1382878195489,-191.31123,4.155
"4842",484.1,28.1149870676692,-191.343885714286,4.155
"4843",484.2,28.1168478787879,-191.243829787234,4.155
"4844",484.3,28.140956039604,-191.4087,4.1551
"4845",484.4,28.1741144,-191.301684684685,4.15572972972973
"4846",484.5,28.1735996,-191.248531531532,4.15302702702703
"4847",484.6,28.1469403960396,-191.404981308411,4.1557476635514
"4848",484.7,28.1594366,-191.382053763441,4.15304301075269
"4849",484.8,28.1427926,-191.322083333333,4.155
"4850",484.9,28.1557004,-191.13722,4.155
"4851",485,28.1634323,-191.256565217391,4.155
"4852",485.1,28.1840297,-191.13248,4.155
"4853",485.2,28.1711205050505,-191.196636363636,4.155
"4854",485.3,28.1686268316832,-191.1944,4.1549
"4855",485.4,28.1562738,-191.290564356436,4.15390099009901
"4856",485.5,28.1582097,-191.239636363636,4.15318181818182
"4857",485.6,28.1429236,-191.296,4.15509009009009
"4858",485.7,28.1601978030303,-191.096,4.15599099099099
"4859",485.8,28.1371447727273,-191.21167,4.155
"4860",485.9,28.1537725,-191.26371559633,4.155
"4862",486.1,28.1767875,-191.444333333333,4.155
"4863",486.2,28.160042406015,-191.11833,4.155
"4864",486.3,28.1578920300752,-191.12419,4.15522
"4865",486.4,28.1344966666667,-191.1709,4.15678
"4866",486.5,28.1153240594059,-191.326712871287,4.15532673267327
"4867",486.6,28.10627,-191.198909090909,4.15769696969697
"4868",486.7,28.085535,-191.032259259259,4.155
"4869",486.8,28.1043462376238,-191.063575757576,4.155
"4870",486.9,28.0754342424242,-191.147861386139,4.155
"4871",487,28.0732699009901,-191.18991509434,4.155
"4872",487.1,28.081128,-191.08708490566,4.155
"4873",487.2,28.0507228,-191.036536082474,4.15485567010309
"4874",487.3,28.0708668,-190.998336633663,4.15319801980198
"4875",487.4,28.0854703007519,-191.060775510204,4.155
"4876",487.5,28.088304887218,-191.112847457627,4.15481355932203
"4877",487.6,28.0991875,-191.156915254237,4.1531186440678
"4878",487.7,28.0881425,-191.000883495146,4.155
"4879",487.8,28.088035,-191.031597938144,4.155
"4880",487.9,28.0863287218045,-191.09609,4.155
"4881",488,28.0862836090226,-191.02752,4.155
"4882",488.1,28.067266969697,-191.04479047619,4.155
"4883",488.2,28.0791747524753,-190.957905263158,4.155
"4884",488.3,28.092165,-191.09022,4.15478
"4885",488.4,28.0764725,-191.08903,4.15322
"4886",488.5,28.075859009901,-191.068811881188,4.15521782178218
"4887",488.6,28.0895187878788,-191.0972,4.1568
"4888",488.7,28.0905904950495,-191.064803738318,4.155
"4889",488.8,28.0702678787879,-190.989709677419,4.155
"4890",488.9,28.05376,-190.8528,4.155
"4891",489,28.04046,-191.0525,4.155
"4892",489.1,28.0158758585859,-191.0747,4.155
"4893",489.2,28.0271876470588,-190.997336633663,4.15490099009901
"4894",489.3,28.0119875757576,-191.055091836735,4.15418367346939
"4895",489.4,28.0353625,-191.06395049505,4.15589108910891
"4896",489.5,28.022635,-191.1236,4.1549
"4897",489.6,28.0234329323308,-191.0674,4.1541
"4898",489.7,28.0401246616541,-191.001323232323,4.155
"4899",489.8,28.0175077777778,-191.03443,4.155
"4900",489.9,28.0155656,-191.14589,4.155
"4901",490,28.0425296,-191.221847619048,4.155
"4902",490.1,28.0502838345865,-191.109157894737,4.15493684210526
"4903",490.2,28.0446447368421,-190.976888888889,4.15377777777778
"4904",490.3,28.0619768686869,-190.960158415842,4.15247524752475
"4905",490.4,28.0624356435644,-190.919122641509,4.15579245283019
"4906",490.5,28.0343366,-191.067736842105,4.15405263157895
"4907",490.6,28.055388,-191.07312962963,4.155
"4908",490.7,28.06211,-190.998020618557,4.155
"4909",490.8,28.1311024242424,-191.086368421053,4.155
"4910",490.9,28.1955490196078,-190.973848484848,4.155
"4911",491,28.188376969697,-191.149688073394,4.155
"4912",491.1,28.18736,-190.749604395604,4.155
"4913",491.2,28.2031225,-190.917008849558,4.15490265486726
"4914",491.3,28.2288783458647,-190.980725663717,4.15401769911504
"4915",491.4,28.2122317293233,-190.9407,4.154
"4916",491.5,28.2435097979798,-190.9473,4.1541
"4917",491.6,28.2332586,-190.802859813084,4.155
"4918",491.7,28.2233978,-190.949315217391,4.155
"4919",491.8,28.2059934586466,-190.99952,4.155
"4920",491.9,28.1830836842105,-190.852069306931,4.15489108910891
"4921",492,28.2193124242424,-190.872018867925,4.154
"4922",492.1,28.2400746534653,-190.902290322581,4.15404301075269
"4923",492.2,28.2220848,-190.9134,4.15511
"4924",492.3,28.2355738,-190.785216981132,4.15568867924528
"4925",492.4,28.2057593069307,-190.905234042553,4.15315957446808
"4926",492.5,28.2046824242424,-190.8483,4.15589
"4927",492.6,28.228181980198,-190.77962,4.155
"4928",492.7,28.2094380808081,-190.723433962264,4.155
"4929",492.8,28.2183756,-190.684265957447,4.155
"4930",492.9,28.2091112,-190.699431034483,4.155
"4931",493,28.1782178,-190.79425862069,4.155
"4932",493.1,28.1603033663366,-190.675663366337,4.15610891089109
"4933",493.2,28.1529809090909,-190.803111111111,4.15639393939394
"4934",493.3,28.1577010891089,-190.732386138614,4.15121782178218
"4935",493.4,28.1771054545455,-190.804333333333,4.15317094017094
"4936",493.5,28.1751108270677,-190.837666666667,4.15488034188034
"4937",493.6,28.1413063157895,-190.659475247525,4.155
"4938",493.7,28.1214528282828,-190.72801010101,4.155
"4939",493.8,28.1319926732673,-190.636145631068,4.155
"4940",493.9,28.1435529292929,-190.554649484536,4.1549175257732
"4941",494,28.1514546616541,-190.74451,4.154
"4942",494.1,28.160620075188,-190.69504950495,4.15410891089109
"4943",494.2,28.15552,-190.720808080808,4.15510101010101
"4944",494.3,28.1363243137255,-190.73383,4.15589
"4945",494.4,28.1421419191919,-190.77500990099,4.155
"4946",494.5,28.138648,-190.732262626263,4.155
"4947",494.6,28.1740403960396,-190.77436,4.155
"4948",494.7,28.165304040404,-190.582040983606,4.155
"4949",494.8,28.1860494117647,-189.836959016394,4.155
"4950",494.9,28.1926942424242,-190.6895,4.155
"4951",495,28.2049398,-190.69019047619,4.15409523809524
"4952",495.1,28.2107204,-190.747157894737,4.15515789473684
"4953",495.2,28.2325664661654,-190.722080808081,4.15759595959596
"4954",495.3,28.2268221052632,-190.786887931035,4.154
"4955",495.4,28.2295878787879,-190.722232758621,4.154
"4956",495.5,28.2334962,-190.6337,4.155
"4957",495.6,28.240199,-190.7498,4.155
"4958",495.7,28.2747805970149,-190.6046,4.155
"4959",495.8,28.2630791044776,-190.595050505051,4.15489898989899
"4960",495.9,28.2737827272727,-190.475504950495,4.154
"4961",496,28.2605629411765,-190.5773,4.1541
"4962",496.1,28.2494086868687,-190.499909090909,4.155
"4963",496.2,28.2271393069307,-190.529798165138,4.15489908256881
"4964",496.3,28.268313,-190.719582417583,4.154
"4965",496.4,28.2818022,-190.538420560748,4.15410280373832
"4966",496.5,28.2632126,-190.664956989247,4.15495698924731
"4967",496.6,28.2657484,-190.49524,4.15411
"4968",496.7,28.2666676,-190.580786407767,4.155
"4969",496.8,28.2661092929293,-190.65730927835,4.155
"4970",496.9,28.2554152,-190.50419266055,4.15510091743119
"4971",497,28.2646986138614,-190.498494505495,4.156
"4972",497.1,28.2313696,-190.56269,4.15589
"4973",497.2,28.2456084,-190.53157,4.15489
"4974",497.3,28.2787638,-190.424931034483,4.154
"4975",497.4,28.2779227819549,-190.36975862069,4.154
"4976",497.5,28.2871257894737,-190.348105263158,4.154
"4977",497.6,28.2904882,-190.539771428571,4.15405714285714
"4978",497.7,28.2915299,-190.436866666667,4.15498888888889
"4979",497.8,28.2915479,-190.43292,4.154
"4980",497.9,28.2949045864662,-190.47808,4.15422
"4981",498,28.3025512030075,-190.3294,4.15589
"4982",498.1,28.3385668,-190.36068627451,4.15478431372549
"4983",498.2,28.3416450495049,-190.34804,4.15336
"4984",498.3,28.3047295,-190.55652631579,4.15676315789474
"4985",498.4,28.278688,-190.284596491228,4.15413157894737
"4986",498.5,28.2844862,-190.38975,4.154
"4987",498.6,28.2852307,-190.396,4.1549793814433
"4988",498.7,28.2920553465347,-190.078442307692,4.155
"4989",498.8,28.2761638,-190.2791,4.154
"4990",498.9,28.2566158,-190.3655,4.15409
"4991",499,28.2680656,-190.410727272727,4.15463636363636
"4992",499.1,28.2699097979798,-190.3968,4.1514
"4993",499.2,28.2469715,-190.2891,4.1549
"4994",499.3,28.2551787,-190.226405940594,4.154
"4995",499.4,28.2509936633663,-190.20939,4.154
"4996",499.5,28.2767336,-190.10658,4.154
"4997",499.6,28.2570345864662,-190.25292,4.15409
"4998",499.7,28.2599368421053,-190.240363636364,4.15490909090909
"4999",499.8,28.2580798989899,-190.2252,4.1542
"5000",499.9,28.2773242,-190.2295,4.156
"5001",500,28.2773738,-190.184663366337,4.15590099009901
"5002",500.1,28.2770158,-190.298727272727,4.155
"5003",500.2,28.2793937623762,-190.2076,4.155
"5004",500.3,28.2755447474748,-190.300596491228,4.15491228070175
"5005",500.4,28.2616726,-190.186561403509,4.1540350877193
"5006",500.5,28.2681948,-190.210702970297,4.154
"5007",500.6,28.2478026,-190.206617021277,4.154
"5008",500.7,28.2781869,-190.2269,4.1541
"5009",500.8,28.2915454545455,-190.0919,4.1549
"5010",500.9,28.3106645544554,-190.173277227723,4.15409900990099
"5011",501,28.3235874,-190.11281,4.155
"5012",501.1,28.3071965,-190.20534,4.15491
"5013",501.2,28.2738526,-190.137545454545,4.154
"5014",501.3,28.258940075188,-190.136451327434,4.154
"5015",501.4,28.2594588721805,-190.17096460177,4.154
"5016",501.5,28.2727636363636,-190.1349,4.154
"5017",501.6,28.3030372277228,-190.05741,4.154
"5018",501.7,28.284841,-190.09291,4.154
"5019",501.8,28.2760154887218,-189.99884,4.15409
"5020",501.9,28.2938876691729,-189.988355140187,4.15483177570093
"5021",502,28.27292,-190.113891304348,4.15302173913043
"5022",502.1,28.2890204,-190.189,4.1541
"5023",502.2,28.2980420792079,-190.0958,4.1549
"5024",502.3,28.3165801,-190.0761,4.154
"5025",502.4,28.3435994059406,-190.1372,4.154
"5026",502.5,28.322061010101,-189.953,4.154
"5027",502.6,28.2982707920792,-189.979,4.154
"5028",502.7,28.2932042,-189.987358490566,4.15409433962264
"5029",502.8,28.2843654,-190.150505263158,4.15508421052632
"5030",502.9,28.2962852,-190.07586,4.15655
"5031",503,28.3182394949495,-190.125636363636,4.15218181818182
"5032",503.1,28.309381980198,-190.119326732673,4.15409900990099
"5033",503.2,28.2742344897959,-190.013909090909,4.15490909090909
"5034",503.3,28.2916353465347,-190.1008,4.154
"5035",503.4,28.2745788,-189.9855,4.154
"5036",503.5,28.2313640601504,-189.940059405941,4.154
"5037",503.6,28.1863790977444,-189.981909090909,4.154
"5038",503.7,28.2185709090909,-190.028326732673,4.15390099009901
"5039",503.8,28.2381900990099,-190.002681034483,4.15338793103448
"5040",503.9,28.2079936363636,-189.988025862069,4.15769827586207
"5041",504,28.188918,-190.07711,4.15318
"5042",504.1,28.1988933663366,-190.14324,4.15491
"5043",504.2,28.1882936363636,-190.074818181818,4.154
"5044",504.3,28.1768111881188,-189.970567567568,4.154
"5045",504.4,28.1952018181818,-189.946243243243,4.154
"5046",504.5,28.2204568,-190.01275,4.154
"5047",504.6,28.2162976,-189.9391,4.154
"5048",504.7,28.2191486868687,-189.6008,4.1542
"5049",504.8,28.2131404901961,-189.8055,4.156
"5050",504.9,28.22038,-189.964495327103,4.15581308411215
"5051",505,28.2157253465347,-189.971723404255,4.15396808510638
"5052",505.1,28.2185173,-189.760908256881,4.15308256880734
"5054",505.3,28.2265527067669,-189.950762711864,4.154
"5055",505.4,28.2303836363636,-189.808389830508,4.154
"5056",505.5,28.2612592079208,-189.817181818182,4.154
"5057",505.6,28.2660381818182,-189.82395049505,4.15419801980198
"5058",505.7,28.2683105263158,-189.7825,4.15573
"5059",505.8,28.2894909774436,-189.81882,4.153
"5060",505.9,28.2683776767677,-189.740454545455,4.15318181818182
"5061",506,28.2646654455446,-189.881138613861,4.15480198019802
"5062",506.1,28.2747801010101,-189.840798165138,4.15308256880734
"5064",506.3,28.2728747524752,-189.6338,4.154
"5065",506.4,28.2722994949495,-189.8255,4.154
"5066",506.5,28.3019544117647,-189.6076,4.1541
"5067",506.6,28.3029836363636,-189.4888,4.1548
"5068",506.7,28.2782736,-189.6702,4.1534
"5069",506.8,28.2788648,-189.683752475248,4.15670297029703
"5070",506.9,28.2798563636364,-189.551545454545,4.154
"5071",507,28.2980347524752,-189.6067,4.154
"5072",507.1,28.2772368686869,-189.511431192661,4.154
"5073",507.2,28.2632752475248,-189.486230769231,4.154
"5074",507.3,28.256916,-189.519894736842,4.154
"5075",507.4,28.2688115789474,-189.648842105263,4.154
"5076",507.5,28.2683529323308,-189.5111,4.154
"5077",507.6,28.2441992929293,-189.54303960396,4.15409900990099
"5078",507.7,28.2455103960396,-189.41663,4.15473
"5079",507.8,28.2629754545455,-189.42705,4.15227
"5080",507.9,28.2659797014925,-189.466545454545,4.15463636363636
"5081",508,28.2638752238806,-189.45596039604,4.15129702970297
"5082",508.1,28.2455425,-189.496454545455,4.154
"5083",508.2,28.2312426,-189.527699029126,4.154
"5084",508.3,28.2418494949495,-189.412071428571,4.154
"5085",508.4,28.2631445544554,-189.494019417476,4.154
"5086",508.5,28.2608941,-189.261405405405,4.15405405405405
"5087",508.6,28.2425047,-189.384828828829,4.15495495495496
"5088",508.7,28.2404041584158,-189.4577,4.1555
"5089",508.8,28.234577979798,-189.3806,4.1514
"5090",508.9,28.2560286138614,-189.2944,4.155
"5091",509,28.2656612,-189.426247787611,4.15491150442478
"5092",509.1,28.2673520895522,-189.268725663717,4.15402654867257
"5093",509.2,28.2578595522388,-189.345032258065,4.154
"5094",509.3,28.2312624242424,-189.303565217391,4.154
"5095",509.4,28.2336207920792,-189.179217391304,4.154
"5096",509.5,28.2604777777778,-189.23283,4.15391
"5097",509.6,28.2856571641791,-189.312727272727,4.15336363636364
"5098",509.7,28.2481646268657,-189.330594059406,4.15660396039604
"5099",509.8,28.2427608080808,-189.42286,4.153
"5100",509.9,28.235881980198,-189.371454545455,4.153
"5101",510,28.2159243434343,-189.2834,4.1531
"5102",510.1,28.237083,-189.334537815126,4.154
"5103",510.2,28.2362475247525,-189.179915966387,4.154
"5104",510.3,28.2467832,-189.228148514852,4.154
"5105",510.4,28.2336092079208,-189.1223,4.154
"5106",510.5,28.2236855555555,-189.1223,4.154
"5107",510.6,28.205353960396,-189.1811,4.1542
"5108",510.7,28.2209124242424,-189.2141,4.1558
"5109",510.8,28.2355274,-189.330801980198,4.15409900990099
"5110",510.9,28.2521691,-189.232363636364,4.15490909090909
"5111",511,28.2855832,-189.175504950495,4.154
"5112",511.1,28.2708981188119,-189.15939,4.154
"5113",511.2,28.25435,-189.052545454545,4.154
"5114",511.3,28.2256631343284,-189.1634,4.1539
"5115",511.4,28.2442601492537,-189.208875,4.15317857142857
"5116",511.5,28.2369688,-189.177625,4.15496428571429
"5117",511.6,28.2461482,-189.219920792079,4.15490099009901
"5118",511.7,28.2238752,-189.19056,4.15409
"5119",511.8,28.2233398496241,-189.0868,4.155
"5120",511.9,28.2511669172932,-189.11391,4.15491
"5121",512,28.256306,-189.19716,4.154
"5122",512.1,28.261193,-189.122820754717,4.154
"5123",512.2,28.284511,-189.066776595745,4.154
"5124",512.3,28.294105,-189.048818181818,4.154
"5125",512.4,28.268576,-188.940823529412,4.15409803921569
"5126",512.5,28.272476,-188.987555555556,4.15516161616162
"5127",512.6,28.2721920792079,-189.101909090909,4.157
"5128",512.7,28.2753423,-188.9334,4.1569
"5129",512.8,28.2662210891089,-188.9492,4.1558
"5130",512.9,28.2396653535354,-188.8977,4.154
"5131",513,28.2325636567164,-188.9007,4.154
"5132",513.1,28.2750935074627,-188.8665,4.154
"5133",513.2,28.2911101,-188.8209,4.154
"5134",513.3,28.3012012,-188.7888,4.1539
"5135",513.4,28.2998712,-188.918046728972,4.153
"5136",513.5,28.286304887218,-188.963744680851,4.15306382978723
"5137",513.6,28.2584251879699,-188.86806,4.15491
"5138",513.7,28.285714,-188.900727272727,4.15390909090909
"5139",513.8,28.289625,-188.90323364486,4.15309345794392
"5140",513.9,28.293281,-188.761468085106,4.154
"5141",514,28.304695,-188.81158,4.154
"5142",514.1,28.315527,-188.86656,4.154
"5143",514.2,28.341261,-188.855109090909,4.154
"5144",514.3,28.3498188118812,-188.889654545455,4.154
"5145",514.4,28.331607,-188.717216981132,4.15306603773585
"5146",514.5,28.3097407,-188.8727,4.1523
"5147",514.6,28.2949595,-188.896435483871,4.15491935483871
"5148",514.7,28.3111702020202,-188.890790322581,4.15411290322581
"5149",514.8,28.330922,-188.81998019802,4.154
"5150",514.9,28.342349,-188.92531,4.154
"5151",515,28.3360883168317,-188.875272727273,4.154
"5152",515.1,28.3454552,-188.7701,4.154
"5153",515.2,28.3291176691729,-188.964725806452,4.154
"5154",515.3,28.3269372180451,-188.921983870968,4.154
"5155",515.4,28.3172274747475,-188.9482,4.1532
"5156",515.5,28.311307,-188.923973451327,4.15491150442478
"5157",515.6,28.295516,-188.933707964602,4.15402654867257
"5158",515.7,28.3049441353383,-188.84005940594,4.15117821782178
"5159",515.8,28.3181245864662,-188.894928571429,4.15307142857143
"5160",515.9,28.3410175757576,-188.806535714286,4.15396428571429
"5161",516,28.3368131,-188.75932,4.154
"5162",516.1,28.3575825,-188.763914285714,4.154
"5163",516.2,28.3671678,-188.777621052632,4.154
"5164",516.3,28.3942902970297,-188.849272727273,4.15408080808081
"5165",516.4,28.3819048484849,-188.75108,4.155
"5166",516.5,28.3652064356436,-188.76056,4.15491
"5167",516.6,28.389666,-188.74285,4.154
"5168",516.7,28.3925492079208,-188.717490384615,4.154
"5169",516.8,28.3664292,-188.779431372549,4.154
"5170",516.9,28.371942481203,-188.650308510638,4.154
"5171",517,28.3652958646617,-188.59288,4.154
"5172",517.1,28.325177,-188.550188679245,4.154
"5173",517.2,28.317631,-188.754648648649,4.15397297297297
"5174",517.3,28.331196,-188.67627027027,4.15307207207207
"5175",517.4,28.3133729323308,-188.700505050505,4.153
"5176",517.5,28.3012827067669,-188.825278846154,4.15308653846154
"5177",517.6,28.31336,-188.878264150943,4.15404716981132
"5178",517.7,28.327317,-188.823547169811,4.15499056603773
"5179",517.8,28.3353482,-188.753666666667,4.15391919191919
"5180",517.9,28.3565073,-188.780435643564,4.15308910891089
"5181",518,28.3613943564356,-188.740525252525,4.154
"5182",518.1,28.318133030303,-188.695185840708,4.1539203539823
"5183",518.2,28.3359726732673,-188.630584070796,4.15303539823009
"5184",518.3,28.341706,-188.497087719298,4.154
"5185",518.4,28.342554,-188.685684210526,4.154
"5186",518.5,28.353079,-188.584948453608,4.1520618556701
"5187",518.6,28.3392396969697,-188.5346875,4.15494791666667
"5188",518.7,28.3387968627451,-188.53791,4.154
"5189",518.8,28.3498235353535,-188.61828,4.154
"5190",518.9,28.3216264356436,-188.48715,4.15391
"5191",519,28.3049277,-188.19676,4.153
"5192",519.1,28.2924959398496,-188.59677,4.153
"5193",519.2,28.2958267669173,-188.37551,4.15318
"5194",519.3,28.2981963636364,-188.41586,4.15491
"5195",519.4,28.279391980198,-188.464035714286,4.154
"5196",519.5,28.2986748484848,-188.453321428571,4.154
"5197",519.6,28.2987312030075,-188.48084,4.15218
"5198",519.7,28.2671221804511,-188.539909090909,4.15390909090909
"5199",519.8,28.2890001010101,-188.4547,4.153
"5200",519.9,28.3183618811881,-188.5692,4.1531
"5201",520,28.3315031313131,-188.342036697248,4.15390825688073
"5202",520.1,28.3224396,-188.480098901099,4.15301098901099
"5203",520.2,28.3033975247525,-188.412490566038,4.15390566037736
"5204",520.3,28.2874119191919,-188.537617021277,4.15291489361702
"5205",520.4,28.2866749019608,-188.4492,4.1513
"5206",520.5,28.2877533333333,-188.535,4.1538
"5207",520.6,28.2898284158416,-188.468169811321,4.15218867924528
"5208",520.7,28.301367029703,-188.346649484536,4.154
"5209",520.8,28.2939884962406,-188.38781372549,4.154
"5210",520.9,28.2832591729323,-188.423019230769,4.154
"5211",521,28.3099058585859,-188.363891304348,4.154
"5212",521.1,28.291614,-188.35499,4.154
"5213",521.2,28.3163242424242,-188.35924,4.15391
"5214",521.3,28.3196661654135,-188.301,4.15307826086956
"5215",521.4,28.339169924812,-188.301,4.15394782608696
"5216",521.5,28.3204272727273,-188.420021505376,4.15502150537635
"5217",521.6,28.3371304,-188.24791,4.15582
"5218",521.7,28.3311738613862,-188.329577981651,4.15391743119266
"5220",521.9,28.3332591089109,-188.319242718447,4.154
"5221",522,28.3247609090909,-188.2851875,4.154
"5222",522.1,28.3315699009901,-188.3655,4.1539
"5223",522.2,28.3393993939394,-188.395227722772,4.15319801980198
"5224",522.3,28.3354764,-188.447272727273,4.15481818181818
"5225",522.4,28.3386514,-188.294299065421,4.15290654205607
"5226",522.5,28.3486104040404,-188.14335483871,4.15203225806452
"5227",522.6,28.3490959405941,-188.1963,4.153
"5228",522.7,28.3407342424243,-188.2876,4.153
"5229",522.8,28.3129630693069,-188.1133,4.153
"5230",522.9,28.3229697,-188.1369,4.1531
"5231",523,28.318377368421,-188.3186,4.1539
"5232",523.1,28.2882721052631,-188.262287128713,4.15309900990099
"5233",523.2,28.3149334343434,-188.27571,4.15373
"5234",523.3,28.3199713861386,-188.29921,4.15118
"5235",523.4,28.3052277777778,-188.35984,4.153
"5236",523.5,28.327801641791,-188.332226415094,4.153
"5237",523.6,28.297525522388,-188.266076923077,4.153
"5238",523.7,28.2923088,-188.135307692308,4.153
"5239",523.8,28.28982,-188.148208333333,4.153
"5240",523.9,28.3039673737374,-188.056366336634,4.153
"5241",524,28.3002684,-188.011828282828,4.15308080808081
"5242",524.1,28.2890196039604,-188.064727272727,4.15381818181818
"5243",524.2,28.3075537373737,-188.255465346535,4.15249504950495
"5244",524.3,28.311656039604,-188.10635,4.15655
"5245",524.4,28.3100592929293,-188.114538461538,4.15207692307692
"5246",524.5,28.312469009901,-188.053854700855,4.15293162393162
"5247",524.6,28.3352883,-187.96263,4.153
"5248",524.7,28.3328072932331,-188.148727272727,4.153
"5249",524.8,28.304927593985,-188.1268,4.153
"5250",524.9,28.2985635353535,-188.130306306306,4.153
"5251",525,28.3131743564356,-188.093369369369,4.153
"5252",525.1,28.320436969697,-188.153217391304,4.15301086956522
"5253",525.2,28.3387243609023,-188.09712,4.15436
"5254",525.3,28.3041754887218,-188.2392,4.15764
"5255",525.4,28.2938415151515,-188.13675,4.15391
"5256",525.5,28.2824489108911,-188.209272727273,4.153
"5257",525.6,28.295156969697,-188.247603448276,4.153
"5258",525.7,28.2805139603961,-188.203637931035,4.153
"5259",525.8,28.2680157425743,-188.06191,4.153
"5260",525.9,28.2615882828283,-188.044090909091,4.153
"5261",526,28.2703796078432,-187.888490566038,4.15309433962264
"5262",526.1,28.3080296969697,-188.017536842105,4.154
"5263",526.2,28.2706573737374,-188.02338,4.15391
"5264",526.3,28.2598464,-188.175727272727,4.15318181818182
"5265",526.4,28.2599604,-188.0505,4.15482142857143
"5266",526.5,28.2709264,-188.131183673469,4.153
"5267",526.6,28.2985739393939,-187.922,4.153
"5268",526.7,28.2839614705883,-187.986,4.153
"5269",526.8,28.2589834343434,-188.163142857143,4.153
"5270",526.9,28.2370119402985,-188.120368421053,4.153
"5271",527,28.2395492537313,-187.8626,4.153
"5272",527.1,28.2956912,-188.067178217822,4.153
"5273",527.2,28.280414,-187.996363636364,4.15318181818182
"5274",527.3,28.2912460606061,-188.002321428571,4.15491071428571
"5275",527.4,28.2955744029851,-188.025535714286,4.15401785714286
"5276",527.5,28.3281938059702,-187.92479245283,4.153
"5277",527.6,28.3782278,-187.849063829787,4.153
"5278",527.7,28.3810088118812,-187.912,4.153
"5279",527.8,28.4016116,-187.858196078431,4.153
"5280",527.9,28.4217452,-187.86048,4.153
"5281",528,28.4048944,-187.862,4.15291836734694
"5282",528.1,28.3999472,-187.8329,4.152
"5283",528.2,28.414476,-187.976,4.152
"5284",528.3,28.3979412,-187.976,4.152
"5285",528.4,28.3969334653465,-187.7309375,4.153
"5286",528.5,28.4112292,-187.835188679245,4.153
"5287",528.6,28.4274855639098,-187.841842105263,4.153
"5288",528.7,28.4257938345865,-187.938545454546,4.153
"5289",528.8,28.4481384,-187.8172,4.153
"5290",528.9,28.4405104,-187.9223,4.153
"5291",529,28.446546,-187.801574257426,4.153
"5292",529.1,28.4423218045113,-187.836090909091,4.15309090909091
"5293",529.2,28.438577443609,-187.92674789916,4.15391596638655
"5294",529.3,28.422617,-187.724226890756,4.1530756302521
"5295",529.4,28.4197388,-187.749090909091,4.153
"5296",529.5,28.3975152,-187.74504950495,4.153
"5297",529.6,28.3578403,-187.868957627119,4.153
"5298",529.7,28.3088741584159,-187.724042372881,4.153
"5299",529.8,28.2753776767677,-187.621916666667,4.153
"5300",529.9,28.2718106,-187.762347826087,4.153
"5301",530,28.2764504,-187.616545454545,4.153
"5302",530.1,28.2725629,-187.657841584158,4.15329702970297
"5303",530.2,28.3019276,-187.63197,4.15573
"5304",530.3,28.3063466666667,-187.736158415842,4.153
"5305",530.4,28.2845786138614,-187.556161616162,4.153
"5306",530.5,28.277231,-187.45683,4.153
"5307",530.6,28.2809874257426,-187.37029,4.153
"5308",530.7,28.3213908,-187.55282,4.153
"5309",530.8,28.3530744360902,-187.718207920792,4.153
"5310",530.9,28.3571195488722,-187.576632653061,4.15291836734694
"5311",531,28.3175873737374,-187.6864,4.1521
"5312",531.1,28.3172453,-187.69999009901,4.15309900990099
"5313",531.2,28.3294976,-187.69946,4.154
"5314",531.3,28.3201219548872,-187.59805,4.15391
"5316",531.5,28.32189,-187.680513513513,4.153
"5317",531.6,28.328571,-187.599432432432,4.153
"5318",531.7,28.3336978,-187.49617,4.153
"5319",531.8,28.328925,-187.50368,4.15318
"5320",531.9,28.318744950495,-187.46774,4.15491
"5321",532,28.3178666666667,-187.537259615385,4.154
"5322",532.1,28.3117526732673,-187.45140625,4.154
"5323",532.2,28.3266953,-187.569103773585,4.15391509433962
"5324",532.3,28.336957029703,-187.580375,4.153
"5325",532.4,28.3228776,-187.561848484848,4.153
"5326",532.5,28.3206012030075,-187.573484848485,4.153
"5327",532.6,28.296104962406,-187.577727272727,4.153
"5328",532.7,28.3007236,-187.5571,4.153
"5329",532.8,28.3075035,-187.499168316832,4.153
"5330",532.9,28.2978706,-187.619088235294,4.15317647058824
"5331",533,28.3197433082707,-187.6165,4.15470338983051
"5333",533.2,28.3192033333333,-187.45104950495,4.15392079207921
"5334",533.3,28.3355522,-187.698565656566,4.153
"5335",533.4,28.3287596,-187.424909090909,4.153
"5336",533.5,28.3187114,-187.386336633663,4.153
"5337",533.6,28.312372970297,-187.58168,4.153
"5338",533.7,28.3259733333333,-187.53756,4.153
"5339",533.8,28.3424772277228,-187.343702702703,4.15314414414414
"5340",533.9,28.3700066666667,-187.427486486486,4.15494594594595
"5341",534,28.3815626,-187.51465,4.15321
"5342",534.1,28.3687856,-187.423935779817,4.15567889908257
"5343",534.2,28.3691956565656,-187.523018348624,4.15109174311927
"5344",534.3,28.4041250980392,-187.616424242424,4.153
"5345",534.4,28.40764,-187.705008849557,4.153
"5346",534.5,28.4064578217822,-187.592619469027,4.153
"5347",534.6,28.3750166,-187.518443298969,4.153
"5348",534.7,28.3604209774436,-187.554616161616,4.153
"5350",534.9,28.4135166666667,-187.438612903226,4.15395698924731
"5351",535,28.4166715841584,-187.509237623762,4.152
"5352",535.1,28.4173066666667,-187.47788,4.15192
"5353",535.2,28.3940452631579,-187.444133333333,4.15115238095238
"5354",535.3,28.4136420895523,-187.467815533981,4.153
"5356",535.5,28.3954871287129,-187.425444444444,4.153
"5358",535.7,28.4270225,-187.338676470588,4.153
"5359",535.8,28.427544059406,-187.419428571429,4.15292857142857
"5360",535.9,28.3977936363636,-187.428287128713,4.152
"5361",536,28.3832201960784,-187.33444,4.15208
"5362",536.1,28.3739366666667,-187.38604,4.15292
"5363",536.2,28.3556054455446,-187.267,4.15207692307692
"5364",536.3,28.3489601,-187.348649484536,4.153
"5365",536.4,28.3510791729323,-187.293125,4.153
"5367",536.6,28.3410733333333,-187.344909090909,4.153
"5368",536.7,28.3653352,-187.154,4.153
"5369",536.8,28.3932796,-187.219041237113,4.15394845360825
"5370",536.9,28.3805302,-187.285376237624,4.15292079207921
"5371",537,28.3859694059406,-187.404785123967,4.15205785123967
"5372",537.1,28.3791633333333,-187.387429752066,4.15288429752066
"5373",537.2,28.3752048514852,-187.328111111111,4.153
"5374",537.3,28.3495366666667,-187.19276,4.153
"5375",537.4,28.3442034,-187.280428571429,4.153
"5376",537.5,28.3752214,-187.260785714286,4.153
"5377",537.6,28.3870796969697,-187.154376237624,4.153
"5378",537.7,28.3974154455446,-187.05584,4.15292
"5379",537.8,28.3935577777778,-187.060938053097,4.15207079646018
"5380",537.9,28.401593,-187.147663716814,4.15295575221239
"5381",538,28.4185535,-187.362306122449,4.1529387755102
"5382",538.1,28.416546,-187.276252173913,4.15206956521739
"5383",538.2,28.4282834653465,-187.291904347826,4.15293913043478
"5384",538.3,28.4166104040404,-187.08831,4.153
"5385",538.4,28.3805383168317,-187.144316831683,4.153
"5386",538.5,28.4053482,-187.16792,4.153
"5387",538.6,28.4194452631579,-187.156623762376,4.153
"5388",538.7,28.4153370149254,-187.048444444444,4.15292929292929
"5389",538.8,28.390817979798,-187.193386138614,4.15184158415842
"5390",538.9,28.415572970297,-186.993357142857,4.15014285714286
"5391",539,28.412634040404,-187.19043,4.15209
"5392",539.1,28.3873408208955,-187.02958,4.153
"5393",539.2,28.4018250746269,-187.00283,4.153
"5394",539.3,28.3980608080808,-187.07822,4.153
"5395",539.4,28.4203200990099,-187.04162,4.153
"5396",539.5,28.4083962626263,-187.0562,4.153
"5397",539.6,28.398275,-187.02747,4.15291
"5398",539.7,28.4056475,-186.93072,4.15191
"5399",539.8,28.4025144444445,-187.03479661017,4.15107627118644
"5400",539.9,28.395484117647,-187.09920338983,4.15192372881356
"5401",540,28.404626969697,-186.966672897196,4.15107476635514
"5402",540.1,28.3951285148515,-186.877237623763,4.1520099009901
"5404",540.3,28.3975753383459,-187.0042,4.153
"5405",540.4,28.3991465671642,-186.71536,4.15292
"5406",540.5,28.4249163636364,-186.924828282828,4.15208080808081
"5407",540.6,28.4059359405941,-186.795673267327,4.15317821782178
"5408",540.7,28.3980138383838,-187.010313131313,4.15508080808081
"5409",540.8,28.389107,-187.045136363636,4.15567272727273
"5410",540.9,28.3993232673267,-187.013318181818,4.15203636363636
"5411",541,28.3914867676768,-187.00045,4.15291
"5412",541.1,28.3792708910891,-186.99015,4.15209
"5413",541.2,28.4023268,-186.858972972973,4.153
"5414",541.3,28.412043,-187.069783783784,4.153
"5415",541.4,28.4162796,-186.92115,4.15291
"5416",541.5,28.418508,-186.855377358491,4.15208490566038
"5417",541.6,28.4442302,-186.786734513274,4.15294690265487
"5418",541.7,28.4424816161616,-186.877884955752,4.15117699115044
"5419",541.8,28.4319145,-186.813451612903,4.14906451612903
"5420",541.9,28.4189798989899,-186.867424242424,4.152
"5421",542,28.4187564,-186.89689,4.15209
"5422",542.1,28.4244228712871,-186.916166666667,4.15291666666667
"5423",542.2,28.439723,-186.917032258065,4.15201075268817
"5424",542.3,28.4511449504951,-186.823878787879,4.153
"5425",542.4,28.4302256565657,-186.77004950495,4.15291089108911
"5426",542.5,28.4088154455446,-186.704306930693,4.15192079207921
"5427",542.6,28.4209568,-186.778939393939,4.15114141414142
"5428",542.7,28.4396792,-186.93828,4.15292
"5429",542.8,28.4352456,-186.818747747748,4.152
"5430",542.9,28.4388965656566,-186.865594594595,4.152
"5431",543,28.4360568316832,-186.86884,4.15208
"5432",543.1,28.4107686868687,-186.79536,4.15292
"5433",543.2,28.411423,-186.76972,4.152
"5434",543.3,28.437905,-186.813286956522,4.15206956521739
"5435",543.4,28.4683673737374,-186.679373913043,4.15293913043478
"5436",543.5,28.4850367326733,-186.728689320388,4.153
"5437",543.6,28.4700938383838,-186.830735849057,4.15484905660377
"5438",543.7,28.4475559405941,-186.753436893204,4.15294174757282
"5439",543.8,28.458049009901,-186.725281553398,4.15002912621359
"5440",543.9,28.477148989899,-186.732513761468,4.15107339449541
"5441",544,28.4664431372549,-186.838935779817,4.15199082568807
"5442",544.1,28.46785,-186.73895049505,4.15291089108911
"5443",544.2,28.4856530075188,-186.63352,4.15208
"5444",544.3,28.4591413636364,-186.723047619048,4.153
"5445",544.4,28.4733815151515,-186.75514893617,4.15303191489362
"5446",544.5,28.487165049505,-186.611831683168,4.15391089108911
"5447",544.6,28.4919235353535,-186.656494949495,4.15275757575757
"5448",544.7,28.4899808,-186.72089,4.15009
"5449",544.8,28.4912039603961,-186.735722772277,4.15108910891089
"5450",544.9,28.4636535353535,-186.691076923077,4.15207692307692
"5451",545,28.4623483168317,-186.680833333333,4.15295833333333
"5452",545.1,28.4737209090909,-186.690141414141,4.15208080808081
"5453",545.2,28.4746759405941,-186.591366336634,4.153
"5454",545.3,28.4763225252525,-186.712,4.15292
"5455",545.4,28.4900284,-186.538262626263,4.15191919191919
"5456",545.5,28.498824,-186.6649,4.151
"5457",545.6,28.5183588,-186.76032,4.15127
"5458",545.7,28.4838156,-186.71876,4.15391
"5459",545.8,28.4798590909091,-186.785732673267,4.15308910891089
"5460",545.9,28.4869497,-186.86316,4.15384
"5461",546,28.4493805940594,-186.73516,4.152
"5462",546.1,28.4119468,-186.82844,4.152
"5463",546.2,28.4446098019802,-186.82504,4.15208
"5464",546.3,28.4621066666667,-186.8492,4.153
"5465",546.4,28.4676083168317,-186.73876,4.153
"5466",546.5,28.461554,-186.88364,4.15284
"5467",546.6,28.455845,-186.727862068965,4.15120689655173
"5468",546.7,28.453736,-186.701137931035,4.15379310344828
"5469",546.8,28.4527725,-186.772767676768,4.15383838383839
"5470",546.9,28.4353365,-186.90999,4.152
"5471",547,28.4221567676768,-186.830457142857,4.15208571428571
"5472",547.1,28.4256416,-186.836811881188,4.1529603960396
"5473",547.2,28.440374,-186.626884210526,4.152
"5474",547.3,28.4471772,-187.003818181818,4.152
"5475",547.4,28.4355028,-186.795407079646,4.1520796460177
"5476",547.5,28.4207227272727,-186.777707964602,4.15296460176991
"5477",547.6,28.4069908,-186.88036,4.15191
"5478",547.7,28.4348113861386,-186.790868421053,4.15107894736842
"5479",547.8,28.427086,-186.776263157895,4.152
"5480",547.9,28.4180240594059,-186.571,4.152
"5481",548,28.4307229292929,-186.73668627451,4.15298039215686
"5482",548.1,28.4416798507463,-186.551647619048,4.152
"5483",548.2,28.4383745454545,-186.61640952381,4.152
"5484",548.3,28.4418312,-186.617084210526,4.15203157894737
"5485",548.4,28.4349924,-186.6714,4.15308
"5486",548.5,28.4084472,-186.56524,4.15384
"5487",548.6,28.4268508,-186.61832,4.15208
"5488",548.7,28.44356,-186.66288,4.153
"5489",548.8,28.432228,-186.606018018018,4.15292792792793
"5490",548.9,28.4339552,-186.631243243243,4.15202702702703
"5491",549,28.4347912,-186.435165217391,4.152
"5492",549.1,28.4255692,-186.480382608696,4.152
"5493",549.2,28.4301476,-186.443089108911,4.15208910891089
"5494",549.3,28.4540354545454,-186.539232323232,4.15291919191919
"5495",549.4,28.4603283,-186.5796,4.15208181818182
"5496",549.5,28.4256448,-186.6196,4.15299090909091
"5497",549.6,28.4157712,-186.635495145631,4.15097087378641
"5499",549.8,28.4248077777778,-186.6022,4.15292
"5500",549.9,28.4117276237624,-186.687018691589,4.152
"5501",550,28.404771,-186.711247311828,4.152
"5502",550.1,28.4197611881188,-186.63664,4.152
"5503",550.2,28.425662,-186.576131313131,4.15208080808081
"5504",550.3,28.4369208,-186.582461538462,4.15276923076923
"5505",550.4,28.4135637623763,-186.509811965812,4.15020512820513
"5506",550.5,28.3794319191919,-186.700227722772,4.152
"5507",550.6,28.3970612,-186.755115044248,4.152
"5508",550.7,28.4194412,-186.671044247788,4.152
"5509",550.8,28.4171624,-186.66840952381,4.152
"5510",550.9,28.4295236,-186.633368421053,4.152
"5511",551,28.4255190909091,-186.516796116505,4.152
"5512",551.1,28.4090626,-186.461494845361,4.152
"5513",551.2,28.3920215,-186.571956521739,4.15206956521739
"5514",551.3,28.3995972,-186.458913043478,4.15293913043478
"5515",551.4,28.4142039,-186.5442,4.152
"5516",551.5,28.4112009090909,-186.645722772277,4.15207920792079
"5517",551.6,28.3964573267327,-186.584333333333,4.15292929292929
"5518",551.7,28.3879765,-186.44108,4.152
"5519",551.8,28.3878224,-186.550882352941,4.152
"5520",551.9,28.3977737,-186.469816326531,4.152
"5521",552,28.414012556391,-186.337554455446,4.152
"5522",552.1,28.4144372727273,-186.43455,4.152
"5523",552.2,28.4321256,-186.407303030303,4.15207070707071
"5524",552.3,28.4223563366337,-186.472965811966,4.153
"5525",552.4,28.396415,-186.422538461538,4.153
"5526",552.5,28.3973108,-186.44282,4.15191
"5527",552.6,28.392376039604,-186.52471,4.15109
"5528",552.7,28.3999290909091,-186.45136,4.152
"5529",552.8,28.3955635,-186.44654,4.152
"5530",552.9,28.3879735,-186.373,4.152
"5531",553,28.3848792,-186.506333333333,4.152
"5532",553.1,28.4007145,-186.398220338983,4.15207627118644
"5533",553.2,28.3962516161616,-186.311779661017,4.15292372881356
"5534",553.3,28.3880020792079,-186.216663366337,4.153
"5535",553.4,28.3801093939394,-186.21436,4.153
"5536",553.5,28.3751392,-186.343130841121,4.15285046728972
"5537",553.6,28.391554,-186.319387096774,4.15101075268817
"5538",553.7,28.4441738383838,-186.26388,4.152
"5539",553.8,28.4495355882353,-186.275111111111,4.152
"5541",554,28.4446632673267,-185.177434343435,4.152
"5542",554.1,28.4231318,-186.275504950495,4.15207920792079
"5543",554.2,28.4305915,-186.296,4.15292857142857
"5544",554.3,28.4540714851485,-186.329386138614,4.152
"5545",554.4,28.4523690909091,-186.262666666667,4.152
"5547",554.6,28.4595381818182,-186.18018,4.15291
"5548",554.7,28.4603307,-186.003109090909,4.152
"5549",554.8,28.4463755,-186.037654545455,4.152
"5550",554.9,28.4624836363636,-186.212425742574,4.152
"5551",555,28.4831972277228,-186.14395049505,4.152
"5552",555.1,28.4520161616161,-186.238595959596,4.15207070707071
"5553",555.2,28.4425524,-186.11541025641,4.153
"5554",555.3,28.4598484,-186.126736263736,4.1530989010989
"5555",555.4,28.4663129292929,-186.063,4.152
"5556",555.5,28.48065,-186.159036036036,4.15112612612613
"5557",555.6,28.4694352525253,-186.016693693694,4.15292792792793
"5558",555.7,28.462199,-186.20875,4.152
"5559",555.8,28.4515032,-186.139871287129,4.152
"5560",555.9,28.4744142857143,-185.44233,4.152
"5561",556,28.4552082089552,-185.92577,4.152
"5562",556.1,28.4209607070707,-185.93621,4.152
"5563",556.2,28.4160137623762,-185.94593,4.152
"5564",556.3,28.4163922,-186.03495959596,4.152
"5565",556.4,28.4195854,-186.014326732673,4.15207920792079
"5566",556.5,28.4312927722772,-186.218212121212,4.15292929292929
"5567",556.6,28.4608477777778,-185.954019607843,4.152
"5568",556.7,28.4621525742574,-186.058775510204,4.152
"5569",556.8,28.4641221212121,-186.041425742574,4.152
"5570",556.9,28.4598142,-186.051333333333,4.152
"5571",557,28.4531646,-185.958942307692,4.152
"5572",557.1,28.4525178787879,-186.006057692308,4.152
"5573",557.2,28.4703344554455,-185.910514851485,4.15213861386138
"5574",557.3,28.4627252525253,-185.99884,4.15388
"5575",557.4,28.4522536,-186.00610619469,4.15205309734513
"5576",557.5,28.4646397,-185.907876106195,4.15293805309734
"5577",557.6,28.4642427,-186.007469387755,4.152
"5578",557.7,28.4618103960396,-185.968158415842,4.152
"5579",557.8,28.4547407070707,-185.77371,4.152
"5580",557.9,28.4618702970297,-185.649300970874,4.152
"5581",558,28.4863376,-185.818606060606,4.152
"5582",558.1,28.4556244,-185.838663265306,4.15205102040816
"5583",558.2,28.4460326732673,-185.94057,4.15307
"5584",558.3,28.4715021212121,-185.895201923077,4.15386538461539
"5585",558.4,28.4643816831683,-185.894842105263,4.15203157894737
"5586",558.5,28.452697979798,-185.80032,4.15292
"5587",558.6,28.4694814,-185.835792079208,4.152
"5588",558.7,28.473065,-185.942512396694,4.152
"5589",558.8,28.4718296969697,-186.006975206612,4.152
"5590",558.9,28.4671033663366,-185.870313131313,4.152
"5591",559,28.4587056565657,-185.840090909091,4.152
"5592",559.1,28.4816288,-185.88513,4.15191
"5593",559.2,28.4897203,-185.77183,4.15091
"5594",559.3,28.4812559,-185.949574257426,4.15017821782178
"5595",559.4,28.4830584158416,-186.018927272727,4.15214545454546
"5596",559.5,28.465758989899,-185.918018181818,4.15396363636364
"5597",559.6,28.4636097029703,-185.909848484849,4.152
"5598",559.7,28.4863478787879,-185.942900990099,4.152
"5599",559.8,28.4826548,-185.7334,4.152
"5600",559.9,28.4983184,-185.913683168317,4.152
"5601",560,28.5059803,-185.821313131313,4.152
"5602",560.1,28.5195576237624,-185.88024,4.15192
"5603",560.2,28.5296571717172,-185.906080808081,4.151
"5604",560.3,28.5419845544554,-185.910942857143,4.15117142857143
"5605",560.4,28.529316,-185.949,4.15295833333333
"5606",560.5,28.5079916,-185.85924,4.152
"5607",560.6,28.5061032,-185.88508,4.152
"5608",560.7,28.5090112,-185.873474747475,4.152
"5609",560.8,28.5318808,-185.734913043478,4.152
"5610",560.9,28.5261490909091,-185.778391304348,4.152
"5611",561,28.5153958,-185.765346534653,4.15191089108911
"5612",561.1,28.498332,-185.81144,4.15108
"5613",561.2,28.4793729,-185.72028,4.15192
"5614",561.3,28.4782437,-185.812,4.15107207207207
"5615",561.4,28.4810436363636,-185.912,4.15197297297297
"5616",561.5,28.472116,-185.80271,4.152
"5617",561.6,28.4911818811881,-185.741920792079,4.152
"5618",561.7,28.5073488,-185.865676767677,4.152
"5619",561.8,28.500717029703,-185.769355769231,4.152
"5620",561.9,28.5016342,-185.743179245283,4.15204716981132
"5621",562,28.4841526,-185.566764150943,4.15299056603774
"5622",562.1,28.44549,-185.751237623762,4.1510396039604
"5623",562.2,28.4445262,-185.78908,4.15192
"5624",562.3,28.445161,-185.7518,4.151
"5625",562.4,28.4561414,-185.585888888889,4.15108080808081
"5626",562.5,28.4420004,-185.68817,4.152
"5627",562.6,28.4324241414141,-185.69793,4.152
"5628",562.7,28.4498213,-185.6761,4.152
"5629",562.8,28.4480689,-185.6661,4.152
"5630",562.9,28.445498,-185.66247826087,4.15102173913043
"5631",563,28.4449835,-185.543461538462,4.15269230769231
"5632",563.1,28.425796969697,-185.759700854701,4.1492735042735
"5633",563.2,28.433032,-185.65598989899,4.15283838383839
"5634",563.3,28.4370042574257,-185.692271028037,4.15108411214953
"5635",563.4,28.4264889,-185.715989247312,4.152
"5636",563.5,28.4324433,-185.66703,4.152
"5637",563.6,28.4539645,-185.62971,4.152
"5638",563.7,28.4747181818182,-185.55537,4.152
"5639",563.8,28.48164,-185.56502,4.152
"5640",563.9,28.482202,-185.716183486239,4.152
"5642",564.1,28.4301774,-185.618698924731,4.15202150537634
"5643",564.2,28.437845,-185.520415841584,4.153
"5644",564.3,28.4541230693069,-185.592518518518,4.15292592592593
"5646",564.5,28.4439036,-185.513474747475,4.152
"5647",564.6,28.4763317,-185.54868,4.152
"5648",564.7,28.488126,-185.50626,4.15191
"5649",564.8,28.4854421,-185.538871287129,4.15117821782178
"5650",564.9,28.4931012121212,-185.741466666667,4.15307619047619
"5651",565,28.476104,-185.731170212766,4.15387234042553
"5652",565.1,28.47313,-185.610990909091,4.15016363636364
"5653",565.2,28.495264,-185.566445454545,4.15198181818182
"5654",565.3,28.46286,-185.59839,4.151
"5655",565.4,28.4503156565657,-185.55787,4.15109
"5656",565.5,28.4847755445545,-185.42364,4.152
"5657",565.6,28.500922,-185.528821782178,4.15191089108911
"5658",565.7,28.4945604950495,-185.68908,4.151
"5659",565.8,28.4804318,-185.4418,4.15116
"5660",565.9,28.4881967,-185.493357142857,4.15292857142857
"5661",566,28.4785437623762,-185.447821428571,4.15203571428571
"5662",566.1,28.4829864646465,-185.487484848485,4.15391919191919
"5663",566.2,28.5122721,-185.57968,4.15291
"5664",566.3,28.5423628,-185.525663366337,4.152
"5665",566.4,28.5388966,-185.42272,4.15192
"5666",566.5,28.5391348,-185.461757575758,4.151
"5667",566.6,28.5579648484849,-185.54500990099,4.15108910891089
"5668",566.7,28.58626,-185.49624,4.152
"5669",566.8,28.571706,-185.515828571429,4.15192380952381
"5670",566.9,28.56582,-185.442755319149,4.15093617021277
"5671",567,28.55487,-185.491900990099,4.149
"5672",567.1,28.5384765656566,-185.44797979798,4.14916161616162
"5673",567.2,28.5278004950495,-185.42761,4.151
"5674",567.3,28.522642,-185.45139,4.151
"5675",567.4,28.521146,-185.412702970297,4.15108910891089
"5676",567.5,28.5486,-185.293303030303,4.152
"5677",567.6,28.5639215151515,-185.353772277228,4.152
"5678",567.7,28.5629054455446,-185.24932,4.15192
"5679",567.8,28.5536338383838,-185.365465346535,4.15092079207921
"5680",567.9,28.5342945544554,-185.3475,4.15007142857143
"5681",568,28.526538,-185.488623762376,4.15091089108911
"5682",568.1,28.533944,-185.40600990099,4.14992079207921
"5683",568.2,28.5277795049505,-185.439761061947,4.14912389380531
"5684",568.3,28.4859175757576,-185.422061946903,4.15089380530974
"5685",568.4,28.4614689108911,-185.283669902913,4.151
"5686",568.5,28.4649409090909,-185.146333333333,4.151
"5687",568.6,28.46889,-185.24401980198,4.15107920792079
"5688",568.7,28.451666,-185.22359,4.15193
"5689",568.8,28.450391010101,-185.265623762376,4.15093069306931
"5690",568.9,28.4589940594059,-185.369621621622,4.15037837837838
"5691",569,28.4420828282828,-185.396648648649,4.15668468468468
"5692",569.1,28.4485421,-185.309,4.15207070707071
"5693",569.2,28.471339,-185.210242718447,4.15284466019418
"5694",569.3,28.4751160606061,-185.13887755102,4.151
"5695",569.4,28.4674158823529,-185.295161616162,4.151
"5696",569.5,28.472804949495,-185.18898019802,4.15107920792079
"5697",569.6,28.4662862376238,-185.292767676768,4.15192929292929
"5698",569.7,28.462609009901,-185.148871287129,4.151
"5699",569.8,28.4749653,-185.337151515152,4.15114141414141
"5700",569.9,28.4746737623762,-185.23136,4.15276
"5701",570,28.4710932323232,-185.207035087719,4.1500701754386
"5702",570.1,28.4775914851485,-185.282473684211,4.15094736842105
"5703",570.2,28.4760985714286,-185.240297029703,4.151
"5704",570.3,28.475122,-185.268414141414,4.151
"5705",570.4,28.501646,-185.28812,4.151
"5706",570.5,28.5193384848485,-185.28436,4.15108
"5707",570.6,28.5131753465347,-185.108362831858,4.152
"5708",570.7,28.5192635353535,-185.300398230089,4.152
"5709",570.8,28.5153538,-185.31007368421,4.15193684210526
"5710",570.9,28.5223534,-185.34197029703,4.15
"5711",571,28.5279244444445,-185.32381981982,4.15012612612613
"5712",571.1,28.5142488235294,-185.235531531531,4.15192792792793
"5713",571.2,28.5017041414141,-185.10232,4.151
"5714",571.3,28.5106938,-185.11916,4.151
"5715",571.4,28.4828727,-185.01288,4.15108
"5716",571.5,28.4654404,-185.0904,4.15192
"5717",571.6,28.4823282,-185.06376,4.151
"5718",571.7,28.4813658585859,-184.97556,4.151
"5719",571.8,28.4701354455445,-185.04764,4.15124
"5720",571.9,28.4647363,-185.01332,4.15368
"5721",572,28.4865876,-185.06997029703,4.15023762376238
"5722",572.1,28.5202876237624,-185.146906779661,4.1528813559322
"5723",572.2,28.5069045454546,-185.08843220339,4.15118644067797
"5724",572.3,28.4918863366336,-185.046910891089,4.151
"5725",572.4,28.5198068686869,-184.9152,4.151
"5726",572.5,28.5033987128713,-184.877214953271,4.151
"5728",572.7,28.5120762,-184.869595744681,4.151
"5729",572.8,28.4945992,-184.92262,4.15072
"5730",572.9,28.4779068686869,-184.892202020202,4.14735353535353
"5731",573,28.4585073267327,-184.909663366337,4.15192079207921
"5732",573.1,28.4761368686869,-184.929513761468,4.151
"5733",573.2,28.478908019802,-184.936853211009,4.151
"5734",573.3,28.4721500990099,-184.93828440367,4.151
"5735",573.4,28.4836529292929,-185.156633027523,4.151
"5736",573.5,28.5106823529412,-185.092277227723,4.15107920792079
"5737",573.6,28.5274445454545,-184.96307,4.152
"5738",573.7,28.514798,-185.054101010101,4.15214141414141
"5739",573.8,28.512762,-185.01792,4.15392
"5740",573.9,28.534922,-185.03384,4.15284
"5741",574,28.536022,-184.952861386139,4.151
"5742",574.1,28.5390035353535,-184.83339,4.151
"5743",574.2,28.5285072,-184.821545454545,4.151
"5744",574.3,28.5188314,-184.938794871795,4.151
"5745",574.4,28.5171496,-184.836230769231,4.151
"5746",574.5,28.5301763366337,-184.769636363636,4.15007070707071
"5747",574.6,28.5581736363636,-184.78064,4.151
"5748",574.7,28.5730347524752,-184.805693069307,4.15076237623763
"5749",574.8,28.5736473737374,-184.74829245283,4.14833018867924
"5750",574.9,28.5653222,-184.808829787234,4.15298936170213
"5751",575,28.5740944,-184.79312962963,4.15193518518518
"5752",575.1,28.5812296969697,-184.794981481481,4.15100925925926
"5753",575.2,28.5714522772277,-184.759343434343,4.151
"5754",575.3,28.5586480808081,-184.690018181818,4.151
"5755",575.4,28.56807,-184.752745454545,4.151
"5756",575.5,28.580734,-184.611872727273,4.15092727272727
"5757",575.6,28.5952456,-184.822781818182,4.15001818181818
"5758",575.7,28.6033520792079,-184.802262626263,4.15092929292929
"5759",575.8,28.6015718181818,-184.81536,4.15
"5760",575.9,28.5912399009901,-184.627485148515,4.15
"5761",576,28.6019145,-184.663926229508,4.15005737704918
"5762",576.1,28.6027834,-184.605729508197,4.15087704918033
"5763",576.2,28.6156707920792,-184.502207207207,4.151
"5764",576.3,28.6192186868687,-184.633738738739,4.151
"5765",576.4,28.6085572277228,-184.558909090909,4.151
"5766",576.5,28.6033103030303,-184.50712,4.15076
"5767",576.6,28.5872995,-184.67132,4.14832
"5768",576.7,28.5489764,-184.5716,4.15176
"5769",576.8,28.5622367,-184.70164,4.14924
"5770",576.9,28.5555815,-184.654603960396,4.15192079207921
"5771",577,28.5565472727273,-184.558838383838,4.151
"5772",577.1,28.5780134,-184.591475247525,4.151
"5773",577.2,28.5914456,-184.680887931035,4.151
"5774",577.3,28.5899668,-184.550715517241,4.151
"5775",577.4,28.6060404950495,-184.5898,4.15106666666667
"5776",577.5,28.6019326,-184.543063157895,4.15195789473684
"5777",577.6,28.5734164661654,-184.45685,4.15007
"5778",577.7,28.5710566666666,-184.521798076923,4.15106730769231
"5779",577.8,28.5889874,-184.70953125,4.152
"5780",577.9,28.5854882,-184.58576,4.15193
"5781",578,28.5735342,-184.382303030303,4.151
"5782",578.1,28.5692362,-184.54856,4.151
"5783",578.2,28.5705962,-184.5958,4.151
"5784",578.3,28.570308,-184.52499009901,4.151
"5785",578.4,28.5454992079208,-184.40337,4.15107
"5786",578.5,28.5408262,-184.488785046729,4.15180373831776
"5788",578.7,28.5344255555556,-184.565454545455,4.15185858585859
"5789",578.8,28.487067,-184.5228,4.15016
"5790",578.9,28.4665546,-184.406142857143,4.15192857142857
"5791",579,28.4627592,-184.270428571429,4.15103571428571
"5792",579.1,28.4742304,-184.398079207921,4.151
"5793",579.2,28.4665834,-184.248714285714,4.151
"5794",579.3,28.4637290909091,-184.413158415842,4.151
"5795",579.4,28.4789268,-184.399727272727,4.151
"5796",579.5,28.4672855,-184.21468,4.151
"5797",579.6,28.4720400990099,-184.39356,4.15076
"5798",579.7,28.4767538,-184.37212,4.14824
"5799",579.8,28.4620732,-184.303137254902,4.151
"5800",579.9,28.4805472,-184.165346938775,4.151
"5801",580,28.4846622,-184.351148514851,4.151
"5802",580.1,28.4643135643564,-184.145861386139,4.151
"5803",580.2,28.4666091,-184.322693877551,4.151
"5804",580.3,28.4611755,-184.18,4.15107843137255
"5805",580.4,28.4669563,-184.182081632653,4.15212244897959
"5806",580.5,28.5037951515151,-184.215108910891,4.15352475247525
"5807",580.6,28.4797278,-184.245673267327,4.14834653465347
"5808",580.7,28.4737314,-184.471428571429,4.15281632653061
"5809",580.8,28.5611704,-184.299,4.15006666666667
"5810",580.9,28.642106,-184.3615,4.1509
"5811",581,28.6336521212121,-184.25303030303,4.151
"5812",581.1,28.6376785,-184.11456,4.151
"5813",581.2,28.6395389,-184.125875,4.151
"5814",581.3,28.6449062376238,-184.181232142857,4.151
"5815",581.4,28.661467,-184.119677083333,4.151
"5816",581.5,28.6451189473684,-184.01152991453,4.15388034188034
"5817",581.6,28.6407001492537,-184.261957264957,4.15217094017094
"5818",581.7,28.6338257575758,-184.22276,4.151
"5819",581.8,28.6155472,-184.221647058824,4.151
"5820",581.9,28.6216375,-184.228575757576,4.151
"5821",582,28.6257077,-184.042717171717,4.151
"5822",582.1,28.6239521782178,-184.126243243243,4.151
"5823",582.2,28.612333030303,-184.066783783784,4.151
"5824",582.3,28.630186039604,-183.99912,4.15016
"5825",582.4,28.6380898,-184.058872727273,4.152
"5826",582.5,28.6319278,-184.069781818182,4.152
"5827",582.6,28.6424678,-184.083363636364,4.152
"5828",582.7,28.6516545454546,-184.021696969697,4.15192929292929
"5829",582.8,28.6342174,-183.962306306306,4.151
"5830",582.9,28.6293578,-184.091135135135,4.151
"5831",583,28.6060874,-183.981171717172,4.151
"5832",583.1,28.5785205,-184.28592,4.151
"5833",583.2,28.560116969697,-183.98616,4.151
"5834",583.3,28.5560956435644,-183.994431372549,4.15092156862745
"5835",583.4,28.5623253535354,-184.06712244898,4.14963265306123
"5836",583.5,28.5516323762376,-184.024504950495,4.14455445544555
"5837",583.6,28.5525373,-184.045097345133,4.15087610619469
"5838",583.7,28.5516359,-184.089345132743,4.14910619469027
"5839",583.8,28.5587988118812,-184.123732673267,4.151
"5840",583.9,28.581283030303,-184.001375,4.151
"5841",584,28.5913586138614,-183.792446428571,4.151
"5842",584.1,28.5980592,-183.867227722772,4.151
"5843",584.2,28.61464,-183.862346938775,4.15094897959184
"5844",584.3,28.6098246,-183.99496969697,4.15007070707071
"5845",584.4,28.5926506060606,-183.947642857143,4.151
"5846",584.5,28.6110577227723,-184.018178571429,4.151
"5847",584.6,28.6217348484849,-183.988918367347,4.151
"5848",584.7,28.626228,-183.952137254902,4.151
"5849",584.8,28.6312708,-183.883795918367,4.151
"5850",584.9,28.6212176767677,-183.72896969697,4.151
"5851",585,28.5926678217822,-183.918242718447,4.151
"5852",585.1,28.5957497979798,-183.882402061856,4.1510618556701
"5853",585.2,28.5981343564356,-183.929226086957,4.15215652173913
"5854",585.3,28.6048383,-183.876182608696,4.15389565217391
"5855",585.4,28.6125184210526,-183.848192982456,4.15378947368421
"5856",585.5,28.5921723880597,-184.063105263158,4.15115789473684
"5857",585.6,28.5978738383838,-184.149084210526,4.151
"5858",585.7,28.5913319607843,-183.88120338983,4.151
"5859",585.8,28.6003915151515,-183.984593220339,4.151
"5860",585.9,28.5792847,-183.816811881188,4.151
"5861",586,28.5547145544554,-183.95156,4.151
"5862",586.1,28.5588439393939,-183.782909090909,4.151
"5863",586.2,28.5293932673267,-183.716475247525,4.151
"5864",586.3,28.5037909090909,-183.878606060606,4.151
"5865",586.4,28.5307808,-183.803131313131,4.151
"5866",586.5,28.5521866,-183.899754385965,4.151
"5867",586.6,28.5458658585858,-183.771684210526,4.151
"5868",586.7,28.5433627722772,-183.912450980392,4.151
"5869",586.8,28.5595432323232,-183.938551020408,4.151
"5870",586.9,28.5482148,-183.71076,4.151
"5871",587,28.5398444,-183.649242990654,4.151
"5872",587.1,28.5650788888889,-183.777333333333,4.15098924731183
"5873",587.2,28.570642970297,-183.894440677966,4.15
"5874",587.3,28.5539533333333,-183.824949152542,4.15
"5875",587.4,28.5511838613861,-183.90752,4.15024
"5876",587.5,28.5593496,-183.778178217822,4.15276237623762
"5877",587.6,28.565818,-183.939163461538,4.15006730769231
"5878",587.7,28.5617298019802,-183.885721649485,4.151
"5879",587.8,28.5483043434343,-183.86396969697,4.151
"5880",587.9,28.5410390196078,-183.669070707071,4.151
"5881",588,28.5524587878788,-183.75959223301,4.151
"5882",588.1,28.5693088,-183.735183673469,4.151
"5883",588.2,28.5420799,-183.81671,4.15072
"5884",588.3,28.4996463,-183.861858333333,4.147175
"5885",588.4,28.5119775,-183.802691666667,4.149675
"5886",588.5,28.4958836363636,-183.807637254902,4.14727450980392
"5887",588.6,28.4868574257426,-183.753336633663,4.151
"5888",588.7,28.4989787878788,-183.591571428571,4.151
"5889",588.8,28.4834904,-183.703455445545,4.151
"5890",588.9,28.4841628,-183.77265,4.151
"5891",589,28.49421,-183.737252525253,4.151
"5892",589.1,28.4972526470588,-183.564396039604,4.15088118811881
"5893",589.2,28.4929777777778,-183.7272,4.1492
"5894",589.3,28.4959014925373,-183.69815,4.15285
"5895",589.4,28.4904590909091,-183.7857,4.14995
"5896",589.5,28.48816,-183.5916,4.1491
"5897",589.6,28.4948624,-183.62135,4.151
"5898",589.7,28.5060622222222,-183.6023,4.151
"5899",589.8,28.5077055,-183.481681034483,4.151
"5900",589.9,28.5137394059406,-183.615301724138,4.151
"5901",590,28.5147304,-183.592422222222,4.151
"5902",590.1,28.5118437623762,-183.676415841584,4.14993069306931
"5903",590.2,28.5003978787879,-183.590435643564,4.14911881188119
"5904",590.3,28.5083014851485,-183.63203030303,4.1510505050505
"5905",590.4,28.5268257575758,-183.696782178218,4.15188118811881
"5906",590.5,28.520954,-183.80105,4.15005
"5907",590.6,28.5210672,-183.443766990291,4.151
"5908",590.7,28.5289232,-183.499458333333,4.151
"5909",590.8,28.5255944,-183.571,4.151
"5910",590.9,28.5140792,-183.607782178218,4.15094059405941
"5911",591,28.5179666666667,-183.44955,4.15005
"5912",591.1,28.5318885,-183.52355,4.151
"5913",591.2,28.551123,-183.645058823529,4.15095098039216
"5914",591.3,28.5468744554456,-183.59078125,4.1500625
"5915",591.4,28.5416656,-183.677693069307,4.15186138613861
"5916",591.5,28.5538276,-183.675176470588,4.15005882352941
"5917",591.6,28.5461656,-183.48832,4.151
"5918",591.7,28.5434088,-183.53793939394,4.151
"5919",591.8,28.5357546534653,-183.409101010101,4.1509494949495
"5920",591.9,28.5406274,-183.68808,4.15006
"5921",592,28.5441907,-183.60884,4.151
"5922",592.1,28.5223631,-183.57476,4.15106
"5923",592.2,28.5110906060606,-183.57304,4.15182
"5924",592.3,28.5563232,-183.604227722772,4.14911881188119
"5925",592.4,28.6111428,-183.59015,4.15095
"5926",592.5,28.623574,-183.559,4.15005
"5927",592.6,28.61753,-183.629554455446,4.151
"5928",592.7,28.6160144444444,-183.518963636364,4.151
"5929",592.8,28.6065005,-183.368054545455,4.151
"5930",592.9,28.600243,-183.45284,4.15004
"5931",593,28.5939183168317,-183.404151515152,4.1510404040404
"5932",593.1,28.5863776,-183.482380952381,4.15180952380952
"5933",593.2,28.594747518797,-183.55,4.148
"5934",593.3,28.599395,-183.565789473684,4.15063157894737
"5935",593.4,28.618358,-183.404865979381,4.15011340206186
"5936",593.5,28.638518,-183.30692,4.15096
"5937",593.6,28.6569745,-183.349530612245,4.15
"5938",593.7,28.6694135,-183.269257142857,4.15005714285714
"5939",593.8,28.660777,-183.29028125,4.15098958333333
"5940",593.9,28.635952,-183.315201754386,4.15008771929825
"5941",594,28.6429466336634,-183.279236842105,4.15184210526316
"5942",594.1,28.6632656,-183.3494,4.15195
"5943",594.2,28.6506873267327,-183.542423728814,4.151
"5944",594.3,28.6410611,-183.450898305085,4.151
"5945",594.4,28.6623423232323,-183.386675675676,4.15
"5946",594.5,28.6784988,-183.347936936937,4.15
"5947",594.6,28.6660568,-183.368882352941,4.15
"5948",594.7,28.6343592079208,-183.55168,4.15004
"5949",594.8,28.6333903,-183.370653061224,4.151
"5950",594.9,28.637201010101,-183.251823529412,4.151
"5951",595,28.6439388118812,-183.36496,4.15092
"5952",595.1,28.6385301010101,-183.457252525252,4.1490404040404
"5953",595.2,28.62563,-183.391257425743,4.15
"5954",595.3,28.6345877777778,-183.376434343434,4.15
"5955",595.4,28.6309555,-183.36115,4.15
"5956",595.5,28.6598163366337,-183.323821782178,4.15
"5957",595.6,28.68629,-183.278784313725,4.15
"5958",595.7,28.6902791089109,-183.200206185567,4.15
"5959",595.8,28.6879956,-183.21705,4.15
"5960",595.9,28.6861768,-183.351454545455,4.15005050505051
"5961",596,28.6745108,-183.360118811881,4.15105940594059
"5962",596.1,28.6431366666667,-183.356369369369,4.15186486486486
"5963",596.2,28.6491353465347,-183.243756756757,4.14916216216216
"5964",596.3,28.6500833333333,-183.223571428571,4.15187755102041
"5965",596.4,28.649177,-183.231886597938,4.15
"5966",596.5,28.625315,-183.110541284404,4.15
"5967",596.6,28.5900327272727,-183.236229357798,4.15
"5968",596.7,28.586698019802,-183.303757575758,4.15
"5969",596.8,28.5925909090909,-183.21055,4.15
"5970",596.9,28.5996223762376,-183.345,4.15
"5971",597,28.582534,-183.18835,4.14985
"5972",597.1,28.5659333834586,-183.461,4.1472
"5973",597.2,28.5633286567164,-183.4518,4.151
"5974",597.3,28.5991554545454,-183.279612612613,4.15095495495495
"5975",597.4,28.6343332,-183.331864864865,4.15005405405405
"5976",597.5,28.630292,-183.343635514019,4.15
"5977",597.6,28.6028742,-183.387560747664,4.15
"5978",597.7,28.5981586138614,-183.055470588235,4.15005882352941
"5979",597.8,28.60452,-183.206863247863,4.15103418803419
"5980",597.9,28.5911536633663,-183.203444444444,4.15188888888889
"5981",598,28.5788865,-183.28292,4.14888
"5982",598.1,28.577169,-183.269818181818,4.14710909090909
"5983",598.2,28.5807835,-183.333454545455,4.14892727272727
"5984",598.3,28.5654127272727,-183.216714285714,4.15
"5985",598.4,28.5668166336634,-183.21744,4.15
"5986",598.5,28.5881709090909,-183.333821782178,4.15
"5987",598.6,28.5982854,-183.324181818182,4.15
"5988",598.7,28.6140054,-183.190594059406,4.15005940594059
"5989",598.8,28.6057361616162,-183.1083,4.1509
"5990",598.9,28.5935007920792,-183.176,4.14910101010101
"5991",599,28.61332,-183.268514851485,4.15088118811881
"5992",599.1,28.624461980198,-183.249191919192,4.14910101010101
"5993",599.2,28.6331674,-183.317841584158,4.15094059405941
"5994",599.3,28.6419474,-183.154574257426,4.15
"5995",599.4,28.6233932673267,-183.113827586207,4.15
"5996",599.5,28.6280290909091,-183.259517241379,4.15
"5997",599.6,28.6637667326733,-183.204326530612,4.1499693877551
"5998",599.7,28.6623218181818,-183.17637962963,4.14909259259259
"5999",599.8,28.643668,-183.043972222222,4.15094444444444
"6000",599.9,28.6394284,-183.183737373737,4.15110101010101
"6001",600,28.6462375757576,-183.342178217822,4.15294059405941
"6002",600.1,28.6599267647059,-183.2523,4.15195
"6003",600.2,28.6480672727273,-183.285215686275,4.15095098039216
"6004",600.3,28.6481192,-183.078173469388,4.15
"6005",600.4,28.6536664,-183.150069306931,4.15
"6006",600.5,28.6511909090909,-183.205979591837,4.15004081632653
"6007",600.6,28.6560845544554,-183.136570093458,4.15094392523364
"6008",600.7,28.6712822222222,-183.162738317757,4.15000934579439
"6009",600.8,28.7112387128713,-183.050411764706,4.15097058823529
"6010",600.9,28.7024616,-183.046198019802,4.151
"6011",601,28.6998693984963,-183.18055,4.15105
"6012",601.1,28.7237470149254,-183.25565,4.15185
"6013",601.2,28.6993768686869,-183.050535714286,4.14904464285714
"6014",601.3,28.6877331683168,-183.26125,4.1499375
"6015",601.4,28.6777809090909,-183.098168316832,4.15
"6016",601.5,28.6736348,-183.086435643564,4.15
"6017",601.6,28.6978214851485,-183.113102040816,4.15004081632653
"6018",601.7,28.7101556565657,-183.092891089109,4.15082178217822
"6019",601.8,28.6905942156863,-183.108919191919,4.1480505050505
"6020",601.9,28.6968163636364,-183.1558,4.14918
"6021",602,28.7111222,-183.318192307692,4.15188461538462
"6022",602.1,28.703251,-183.205729166667,4.15
"6023",602.2,28.6827808080808,-183.1385,4.15
"6024",602.3,28.6706013861386,-183.0135,4.15
"6025",602.4,28.6908361616162,-183.026,4.15
"6026",602.5,28.702093960396,-183.008470588235,4.15
"6027",602.6,28.6869829292929,-183.032323232323,4.15
"6028",602.7,28.6919598,-183.037373737374,4.1499494949495
"6029",602.8,28.6713884,-182.99652,4.14906
"6030",602.9,28.6199843,-183.131188118812,4.15
"6031",603,28.6008067326733,-183.15065,4.1499
"6032",603.1,28.6243953535354,-183.155376237624,4.14809900990099
"6033",603.2,28.6246815841584,-183.01304,4.15
"6034",603.3,28.6169468,-183.106324324324,4.15
"6035",603.4,28.6260842,-183.014432432432,4.15
"6036",603.5,28.6326624,-183.181076923077,4.15
"6038",603.7,28.5965388118812,-182.992163265306,4.1509693877551
"6039",603.8,28.6065094,-183.008484848485,4.1480606060606
"6040",603.9,28.6094496,-183.030455445545,4.14992079207921
"6041",604,28.5795973267327,-183.179393939394,4.14806060606061
"6042",604.1,28.6113390909091,-182.93736,4.15
"6043",604.2,28.6349092,-182.97536,4.15
"6044",604.3,28.6234384848485,-183.103259259259,4.15
"6045",604.4,28.6438023,-183.084740740741,4.15
"6046",604.5,28.6286421,-183.120244897959,4.15
"6047",604.6,28.6261598989899,-182.96491,4.15
"6048",604.7,28.6133935294118,-182.962606060606,4.1500303030303
"6049",604.8,28.5991958585859,-182.987861386139,4.1510396039604
"6050",604.9,28.6215203731343,-183.124121212121,4.1519696969697
"6051",605,28.6459748484848,-182.93584,4.15096
"6052",605.1,28.6470873,-182.93472,4.15
"6053",605.2,28.6554699,-182.99188,4.15
"6054",605.3,28.6601690909091,-182.798414141414,4.15
"6055",605.4,28.647044,-182.827445544554,4.15
"6056",605.5,28.6527138613861,-182.74344,4.15
"6057",605.6,28.6653156,-182.8204,4.14992
"6058",605.7,28.6664208910891,-182.68932,4.1482
"6059",605.8,28.6740635353535,-182.776675675676,4.15285585585585
"6060",605.9,28.664030990099,-182.968567567568,4.14925225225225
"6061",606,28.6529225252525,-182.892287128713,4.15
"6062",606.1,28.6636694,-182.68592,4.15
"6063",606.2,28.6577404,-182.831959183674,4.15
"6064",606.3,28.6387587,-182.430434782609,4.15
"6065",606.4,28.6295283,-182.659130434783,4.15
"6066",606.5,28.6319277777778,-182.573393939394,4.1500303030303
"6067",606.6,28.6304956,-182.56144,4.15092
"6068",606.7,28.6262552,-182.739801980198,4.14911881188119
"6069",606.8,28.6222416,-182.73473,4.15197
"6070",606.9,28.6220053465347,-182.719527777778,4.15094444444444
"6071",607,28.655675,-182.503787037037,4.14909259259259
"6072",607.1,28.6703789,-182.6618,4.15
"6073",607.2,28.658733,-182.663128440367,4.15
"6074",607.3,28.6514494,-182.816339449541,4.15
"6075",607.4,28.6587953,-182.75076,4.15
"6076",607.5,28.6576787,-182.694818181818,4.15
"6077",607.6,28.6495162,-182.648346534653,4.15009900990099
"6078",607.7,28.645675959596,-182.750044247788,4.15203539823009
"6079",607.8,28.6607824,-182.726150442478,4.1529203539823
"6080",607.9,28.6722574257426,-182.759108910891,4.1490396039604
"6081",608,28.652602,-182.787787878788,4.15
"6082",608.1,28.6419615,-182.843352941176,4.15
"6083",608.2,28.6585082828283,-182.805795918367,4.15
"6084",608.3,28.6775344,-182.928737864078,4.15
"6085",608.4,28.6616752,-182.649769230769,4.15
"6086",608.5,28.6436832,-182.626692307692,4.15
"6087",608.6,28.6398061386139,-182.507345794393,4.15
"6088",608.7,28.6560237,-182.752205607477,4.15
"6089",608.8,28.6687532330827,-182.625666666667,4.1490303030303
"6090",608.9,28.6767215151515,-182.617222222222,4.15
"6091",609,28.676726,-182.675178571429,4.15
"6092",609.1,28.660134,-182.77875,4.15
"6093",609.2,28.6420184,-182.651818181818,4.15
"6094",609.3,28.6389452,-182.744613861386,4.15
"6095",609.4,28.6287808,-182.803060606061,4.15
"6096",609.5,28.6391516,-182.64745045045,4.14992792792793
"6097",609.6,28.6298415841584,-182.708711711712,4.14812612612613
"6098",609.7,28.6089781,-182.848701030928,4.1480206185567
"6099",609.8,28.6374322,-182.784619047619,4.14909523809524
"6101",610,28.6217392,-182.669118811881,4.15
"6102",610.1,28.6245568,-182.5738,4.15
"6103",610.2,28.6456376,-182.531787878788,4.15
"6104",610.3,28.6466772,-182.435297029703,4.1499603960396
"6105",610.4,28.6378908,-182.585153061224,4.1490306122449
"6106",610.5,28.6301981818182,-182.500792079208,4.14995049504951
"6107",610.6,28.6115174257426,-182.606181818182,4.14914545454546
"6108",610.7,28.635243030303,-182.460727272727,4.15278181818181
"6109",610.8,28.6584342574257,-182.597944954128,4.14904587155963
"6110",610.9,28.6546712,-182.476844036697,4.14996330275229
"6111",611,28.6548232,-182.554144329897,4.15
"6112",611.1,28.6354743564356,-182.573148514851,4.15
"6113",611.2,28.6036063636364,-182.21696969697,4.15
"6114",611.3,28.5785812,-182.345292929293,4.15
"6115",611.4,28.5788432,-182.37352173913,4.15
"6116",611.5,28.5948236,-182.323956521739,4.15
"6117",611.6,28.6039996,-182.448797979798,4.151
"6118",611.7,28.6123257575758,-182.534098039216,4.15090196078431
"6119",611.8,28.6088253465347,-182.435858490566,4.14902830188679
"6120",611.9,28.617912,-182.331141509434,4.14997169811321
"6121",612,28.6397884,-182.56759,4.15
"6122",612.1,28.6247896,-182.40122,4.15
"6123",612.2,28.6090254545455,-182.380181818182,4.15
"6124",612.3,28.6153423,-182.508297029703,4.15
"6125",612.4,28.6153186,-182.372102803738,4.14997196261682
"6126",612.5,28.6051013861386,-182.442196261682,4.14903738317757
"6127",612.6,28.6049184,-182.350787878788,4.1490303030303
"6128",612.7,28.6049298507463,-182.472888888889,4.15
"6129",612.8,28.5993152238806,-182.491431192661,4.15
"6130",612.9,28.596452020202,-182.440055045872,4.15
"6131",613,28.5959572,-182.51396,4.15
"6132",613.1,28.5966312,-182.43656,4.15
"6133",613.2,28.5864615151515,-182.326747663551,4.15
"6134",613.3,28.6142364356435,-182.245439252336,4.15
"6135",613.4,28.6536763636364,-182.276534653465,4.14992079207921
"6136",613.5,28.6474299009901,-182.342527777778,4.14802777777778
"6137",613.6,28.648028,-182.493453703704,4.1489537037037
"6138",613.7,28.661726039604,-182.3706,4.14997
"6139",613.8,28.6535499,-182.389939393939,4.1490303030303
"6140",613.9,28.6471655555556,-182.383762376238,4.1499603960396
"6141",614,28.6554654455446,-182.280606060606,4.1490303030303
"6142",614.1,28.6619257575758,-182.26984,4.15
"6143",614.2,28.6587068,-182.311584158416,4.15
"6144",614.3,28.6486664,-182.25252,4.14997
"6145",614.4,28.6550533333333,-182.239090909091,4.149
"6146",614.5,28.6546571287129,-182.306316831683,4.1490396039604
"6147",614.6,28.6496306060606,-182.31268,4.14997
"6148",614.7,28.6562508910891,-182.26871,4.14903
"6149",614.8,28.6562216,-182.228212121212,4.15
"6150",614.9,28.6607964,-182.267712871287,4.15
"6151",615,28.6503248514851,-182.281046728972,4.14997196261682
"6152",615.1,28.630974949495,-182.149271028037,4.14903738317757
"6153",615.2,28.642064,-182.170811881188,4.149
"6154",615.3,28.6517354545455,-182.0542,4.14908
"6155",615.4,28.6608333,-182.11272,4.15092
"6156",615.5,28.6669749,-182.247425742574,4.149
"6157",615.6,28.6456927272727,-182.18875,4.14897
"6158",615.7,28.63567,-182.30484,4.14803
"6159",615.8,28.6452536363636,-182.14358,4.149
"6160",615.9,28.6621572,-182.319181818182,4.149
"6161",616,28.6866733,-182.16192,4.14904
"6162",616.1,28.696765050505,-182.09172,4.15
"6163",616.2,28.6863194059406,-182.17924,4.14996
"6164",616.3,28.6772768686869,-182.142357142857,4.149
"6165",616.4,28.6929563366336,-182.276285714286,4.149
"6166",616.5,28.6987719,-182.26305,4.14806
"6167",616.6,28.6682994736842,-182.19655,4.15006
"6168",616.7,28.646117761194,-182.08674,4.15194
"6169",616.8,28.6710715151515,-182.1424,4.15
"6170",616.9,28.684265,-182.1212,4.14997
"6171",617,28.671665,-182.062909090909,4.1490303030303
"6172",617.1,28.67413,-182.056118811881,4.1499603960396
"6173",617.2,28.6804261386139,-181.966345794392,4.14902803738318
"6174",617.3,28.671575959596,-182.111205607477,4.14996261682243
"6175",617.4,28.6627790196078,-182.033191919192,4.149
"6176",617.5,28.6587421212121,-182.292284313726,4.149
"6177",617.6,28.6325821782178,-182.1611,4.149
"6178",617.7,28.59988,-182.130775510204,4.149
"6179",617.8,28.5987727272727,-182.092373831776,4.149
"6180",617.9,28.6072521782178,-182.09985046729,4.149
"6181",618,28.6064093939394,-182.214302752294,4.15
"6182",618.1,28.6158752475248,-181.996871559633,4.15
"6183",618.2,28.6151903030303,-182.1168,4.14908
"6184",618.3,28.614002,-182.1372,4.15104
"6185",618.4,28.6230201,-182.162701754386,4.1519298245614
"6186",618.5,28.6407348484848,-182.080245614035,4.15017543859649
"6187",618.6,28.6523638613861,-182.14448,4.14996
"6188",618.7,28.6535101010101,-182.08836,4.14904
"6189",618.8,28.629005,-182.188151515152,4.1499595959596
"6190",618.9,28.6181733663366,-182.073588235294,4.149
"6191",619,28.6333542,-182.085352941176,4.149
"6192",619.1,28.6302947,-181.98647826087,4.149
"6193",619.2,28.6280163636364,-182.036043478261,4.149
"6194",619.3,28.63174,-182.05952,4.15
"6195",619.4,28.630665,-181.953060606061,4.14993939393939
"6196",619.5,28.62323,-182.140444444444,4.148
"6197",619.6,28.6471408910892,-181.976555555555,4.148
"6198",619.7,28.6676617171717,-181.836584158416,4.149
"6199",619.8,28.6571484158416,-181.971242424242,4.149
"6200",619.9,28.6675943,-181.92208,4.14904
"6201",620,28.6712995,-181.342666666667,4.14996396396396
"6202",620.1,28.6691722,-181.809333333334,4.14906306306306
"6203",620.2,28.6864996969697,-182.02884,4.14908
"6204",620.3,28.6898963366337,-181.953554455446,4.151
"6205",620.4,28.6655242424242,-181.965333333333,4.151
"6206",620.5,28.6566563909775,-181.90588,4.15096
"6207",620.6,28.6668101492537,-181.7568,4.14996
"6208",620.7,28.6445723232323,-181.708,4.149
"6209",620.8,28.63206,-181.80797,4.149
"6210",620.9,28.63206,-181.903105769231,4.149
"6211",621,28.63206,-181.873298076923,4.149
"6212",621.1,28.63206,-181.8524,4.149
"6213",621.2,28.63206,-181.795782178218,4.1490396039604
"6214",621.3,28.63206,-181.934151515152,4.14990909090909
"6215",621.4,28.63206,-181.871269230769,4.14707692307692
"6217",621.6,28.63206,-181.934554455446,4.149
"6218",621.7,28.63206,-181.849047169811,4.149
"6219",621.8,28.63206,-181.783952830189,4.149
"6220",621.9,28.63206,-181.200950980392,4.149
"6221",622,28.63206,-181.785762886598,4.149
"6222",622.1,28.63206,-181.632392156863,4.14904901960784
"6223",622.2,28.63206,-181.64279,4.14988
"6224",622.3,28.63206,-181.733201923077,4.14614423076923
"6225",622.4,28.63206,-181.739932692308,4.15095192307692
"6226",622.5,28.63206,-181.823470588235,4.151
"6227",622.6,28.63206,-181.732787878788,4.149
"6228",622.7,28.644405,-181.85224,4.149
"6229",622.8,28.66779,-181.815444444444,4.149
"6230",622.9,28.67164,-181.951555555556,4.149
"6231",623,28.67143,-181.837237623762,4.14995049504951
"6232",623.1,28.68275,-182.00588,4.14904
"6233",623.2,28.693755,-181.7892,4.14988
"6234",623.3,28.6800816161616,-181.846904347826,4.14706956521739
"6235",623.4,28.65505,-181.969513043478,4.14880869565217
"6236",623.5,28.6693078217822,-181.777365384615,4.14998076923077
"6237",623.6,28.69559,-181.895634615385,4.14901923076923
"6238",623.7,28.6940949504951,-181.787242424242,4.149
"6239",623.8,28.6886734,-181.670524752475,4.149
"6240",623.9,28.7050923232323,-181.755727272727,4.149
"6241",624,28.727845,-181.751198019802,4.149
"6242",624.1,28.73007,-181.85096969697,4.1489696969697
"6243",624.2,28.734525,-181.785313131313,4.148
"6244",624.3,28.739775,-181.775287128713,4.14809900990099
"6245",624.4,28.7500625252525,-181.89448,4.14996
"6246",624.5,28.7569128,-181.85024,4.149
"6247",624.6,28.7426447,-181.668146788991,4.149
"6248",624.7,28.7334311,-181.771816513761,4.149
"6249",624.8,28.7125712,-181.633072164948,4.149
"6250",624.9,28.6936248,-181.594,4.149
"6251",625,28.7085223762376,-181.69592,4.149
"6252",625.1,28.7025226262626,-181.853944444444,4.14897222222222
"6253",625.2,28.6923937623762,-181.818759259259,4.1480462962963
"6254",625.3,28.705055,-181.72702970297,4.15088118811881
"6255",625.4,28.70263,-181.845272727273,4.14806060606061
"6256",625.5,28.68265,-181.7258,4.14996
"6257",625.6,28.6660921212121,-181.719072727273,4.149
"6258",625.7,28.6906743564356,-181.670890909091,4.149
"6259",625.8,28.7060897979798,-181.579924528302,4.149
"6260",625.9,28.6933927722772,-181.678037735849,4.149
"6261",626,28.687085,-181.72072815534,4.14903883495146
"6262",626.1,28.7005505050505,-181.615357142857,4.15
"6263",626.2,28.7016762376238,-181.64838,4.14997
"6264",626.3,28.6781535353535,-181.596367346939,4.14906122448979
"6265",626.4,28.6854527,-181.607901960784,4.15090196078431
"6266",626.5,28.7041883,-181.609515151515,4.149
"6267",626.6,28.7027498,-181.72368,4.149
"6268",626.7,28.7067178217822,-181.75512,4.149
"6269",626.8,28.6993333333333,-181.54752,4.149
"6270",626.9,28.6969148,-181.679643564356,4.149
"6271",627,28.6903656,-181.670105263158,4.14902631578947
"6272",627.1,28.6608063,-181.640280701754,4.14990350877193
"6273",627.2,28.6528479,-181.648089108911,4.149
"6274",627.3,28.6593775757576,-181.62648,4.14906
"6275",627.4,28.6419245544554,-181.64179,4.15094
"6276",627.5,28.622372,-181.633102040816,4.149
"6277",627.6,28.6440410891089,-181.576514851485,4.149
"6278",627.7,28.66257,-181.63564,4.149
"6279",627.8,28.6720203030303,-181.43548,4.149
"6280",627.9,28.6648141584158,-181.439566371681,4.149
"6281",628,28.6627754545455,-181.253725663717,4.149
"6282",628.1,28.6538886,-181.556603960396,4.1479603960396
"6283",628.2,28.653514,-181.641393939394,4.1470606060606
"6284",628.3,28.6666951515152,-181.551108910891,4.1489603960396
"6285",628.4,28.6542623762376,-181.386821782178,4.1480297029703
"6286",628.5,28.6652427272727,-181.48102020202,4.149
"6287",628.6,28.670088,-181.575636363636,4.149
"6288",628.7,28.6623473267327,-181.467717171717,4.149
"6289",628.8,28.6642945,-181.461148514852,4.149
"6290",628.9,28.6536417821782,-181.45796,4.149
"6291",629,28.645814949495,-181.318777777778,4.1490404040404
"6292",629.1,28.64361,-181.466735294118,4.15009803921569
"6293",629.2,28.63897,-181.671090909091,4.1519696969697
"6294",629.3,28.6745749,-181.540678899083,4.15088990825688
"6295",629.4,28.7255501,-181.407651376147,4.1481376146789
"6296",629.5,28.7342142424242,-181.482544554455,4.149
"6297",629.6,28.719730990099,-181.528367346939,4.149
"6298",629.7,28.7110382,-181.308431372549,4.149
"6299",629.8,28.7177957425742,-181.369794392523,4.149
"6300",629.9,28.714835,-181.459514018692,4.149
"6301",630,28.7133252525253,-181.524198019802,4.149
"6302",630.1,28.7279425742574,-181.53164,4.149
"6303",630.2,28.736497979798,-181.613089552239,4.149
"6304",630.3,28.7461066,-181.465328358209,4.149
"6305",630.4,28.7300066666667,-181.545333333333,4.149
"6306",630.5,28.7179268,-181.41798,4.149
"6307",630.6,28.7355810891089,-181.48161,4.149
"6308",630.7,28.7414903030303,-181.462818181818,4.149
"6309",630.8,28.7437340594059,-181.27402970297,4.149
"6310",630.9,28.7479060606061,-181.493451327434,4.1490796460177
"6311",631,28.7242112,-181.508495575221,4.15173451327434
"6312",631.1,28.7258524,-181.391392156863,4.1528431372549
"6313",631.2,28.7301398989899,-181.498367346939,4.149
"6314",631.3,28.703166372549,-181.472158415842,4.149
"6315",631.4,28.6974157575758,-181.56547,4.149
"6316",631.5,28.6974075247525,-181.32197,4.149
"6317",631.6,28.6831087,-181.321644859813,4.149
"6318",631.7,28.6648366666667,-181.343140186916,4.149
"6319",631.8,28.6608155445545,-181.29764,4.14808
"6320",631.9,28.6826060606061,-181.318702970297,4.15
"6321",632,28.6959828,-181.45346,4.14991
"6322",632.1,28.689292,-181.34125,4.14709
"6323",632.2,28.6961161616161,-181.409212121212,4.1499393939394
"6324",632.3,28.6953826732673,-181.25608,4.14804
"6325",632.4,28.701508989899,-181.260592592593,4.149
"6326",632.5,28.7064593069307,-181.325407407407,4.149
"6327",632.6,28.7074344444445,-181.21104,4.149
"6328",632.7,28.709006,-181.333425742574,4.149
"6329",632.8,28.6894251485149,-181.37115,4.14894
"6330",632.9,28.6765464646465,-181.469472222222,4.147
"6331",633,28.6777506862745,-181.35187962963,4.147
"6332",633.1,28.6827806060606,-181.437878787879,4.15190909090909
"6333",633.2,28.6868788,-181.364605504587,4.149
"6334",633.3,28.67391,-181.229743119266,4.149
"6335",633.4,28.7099296,-181.208424242424,4.149
"6336",633.5,28.7631204,-181.262782178218,4.149
"6337",633.6,28.7828863636364,-181.202180952381,4.149
"6338",633.7,28.7787998039216,-181.231704761905,4.149
"6339",633.8,28.7869196969697,-181.22474,4.149
"6340",633.9,28.8105648,-181.27902,4.149
"6341",634,28.802618,-181.217272727273,4.149
"6342",634.1,28.7992370707071,-181.288205607477,4.149
"6343",634.2,28.8078069306931,-181.243345794393,4.149
"6344",634.3,28.7961844444444,-181.158266055046,4.149
"6345",634.4,28.7676702,-181.400467889908,4.149
"6346",634.5,28.7666861386139,-181.221545454545,4.149
"6347",634.6,28.7862252,-181.204386138614,4.1489603960396
"6348",634.7,28.7908508,-181.140303030303,4.148
"6349",634.8,28.7925091919192,-181.116772277228,4.1479603960396
"6350",634.9,28.7777107,-181.088272727273,4.14718181818182
"6351",635,28.7582124,-181.13424,4.1528
"6352",635.1,28.7574599,-181.256079207921,4.1480396039604
"6353",635.2,28.7566362376238,-181.162666666667,4.149
"6354",635.3,28.759502020202,-181.21448,4.149
"6355",635.4,28.7575966336634,-181.18024,4.149
"6356",635.5,28.7223768,-181.22548,4.149
"6357",635.6,28.6856336,-181.020357142857,4.149
"6358",635.7,28.6704016,-181.004285714286,4.149
"6359",635.8,28.6608036363636,-181.14571,4.15097
"6360",635.9,28.6615872277228,-181.20133,4.14994
"6361",636,28.6568978787879,-181.20633,4.14806
"6362",636.1,28.6651613,-181.02594,4.14997
"6363",636.2,28.6852271,-181.12196,4.149
"6364",636.3,28.6904835353535,-181.152484848485,4.149
"6365",636.4,28.6898884158416,-181.123128712871,4.149
"6366",636.5,28.6675839393939,-180.817,4.149
"6367",636.6,28.6539549504951,-181.017,4.149
"6368",636.7,28.6754588,-181.171181818182,4.1480303030303
"6369",636.8,28.6703665,-181.20008,4.149
"6370",636.9,28.672098019802,-180.98908,4.149
"6371",637,28.6537036363636,-181.062920792079,4.149
"6372",637.1,28.6340843564356,-181.06373,4.149
"6373",637.2,28.6651935353535,-181.149776785714,4.149
"6374",637.3,28.6849449,-181.077802197802,4.149
"6375",637.4,28.6885382,-180.98,4.149
"6376",637.5,28.6849274,-180.871346153846,4.149
"6377",637.6,28.6642694059406,-181.042339285714,4.14802678571429
"6378",637.7,28.6423267676768,-180.986982142857,4.14891964285714
"6379",637.8,28.6504292,-181.031801980198,4.14892079207921
"6380",637.9,28.6441333,-181.02946,4.14706
"6381",638,28.6326056,-181.110128712871,4.149
"6382",638.1,28.6304692,-181.14794,4.149
"6383",638.2,28.6390085858586,-181.19166,4.14898
"6384",638.3,28.6505079104478,-181.07832,4.14802
"6385",638.4,28.6416506060606,-181.14134,4.149
"6386",638.5,28.653649,-181.06004,4.149
"6387",638.6,28.6618044,-181.060606060606,4.1490202020202
"6388",638.7,28.6816132,-181.000057142857,4.14988571428572
"6389",638.8,28.68919,-181.235295238095,4.14607619047619
"6390",638.9,28.6630754,-181.17922,4.14903
"6391",639,28.6724006,-181.155447368421,4.14994736842105
"6392",639.1,28.6750721782178,-181.203692982456,4.14819298245614
"6393",639.2,28.690735,-181.115485714286,4.14897142857143
"6394",639.3,28.6898059405941,-181.098342857143,4.14801904761905
"6395",639.4,28.6828852525253,-181.04624,4.149
"6396",639.5,28.7062366,-180.91238,4.149
"6397",639.6,28.7280854,-180.97844,4.14902
"6398",639.7,28.7257124,-180.902555555556,4.15011111111111
"6399",639.8,28.7308292,-180.930333333333,4.15566666666667
"6400",639.9,28.7544305050505,-180.996509803922,4.14862745098039
"6401",640,28.7454648,-181.033623762376,4.148
"6402",640.1,28.734744,-180.976861386139,4.1480297029703
"6403",640.2,28.746554,-181.005767676768,4.149
"6404",640.3,28.7579408,-181.040207920792,4.149
"6405",640.4,28.7633106,-180.946313131313,4.1489797979798
"6406",640.5,28.784932,-180.819432692308,4.148
"6407",640.6,28.7793496,-180.933855769231,4.148
"6408",640.7,28.7625834653465,-180.920087378641,4.14801941747573
"6409",640.8,28.7495388118812,-181.07445631068,4.14899029126214
"6410",640.9,28.7461148,-181.0528,4.149
"6411",641,28.7609144,-181.014051282051,4.14897435897436
"6412",641.1,28.761936,-181.015760683761,4.14811965811966
"6413",641.2,28.7649151020408,-180.88866,4.148
"6414",641.3,28.7705554,-180.813267326733,4.1480297029703
"6415",641.4,28.7613768,-180.82654,4.14898
"6416",641.5,28.7432173267327,-181.045714285714,4.14802040816327
"6417",641.6,28.737813,-180.885,4.149
"6418",641.7,28.7540573737374,-180.81,4.149
"6419",641.8,28.7462358,-180.918481132075,4.149
"6420",641.9,28.7107358,-181.034518867924,4.149
"6421",642,28.7067794,-180.91438,4.149
"6422",642.1,28.7034672,-180.73924,4.14898
"6423",642.2,28.6929460902256,-180.841742857143,4.148
"6424",642.3,28.6964540909091,-180.478885714286,4.148
"6425",642.4,28.6912885,-180.765528846154,4.14893269230769
"6426",642.5,28.6935365,-180.875255102041,4.149
"6427",642.6,28.6997825,-180.78541509434,4.14898113207547
"6428",642.7,28.6929675,-180.756169811321,4.14803773584906
"6429",642.8,28.677121980198,-180.919578947369,4.14994736842105
"6430",642.9,28.6835,-180.772210526316,4.14819298245614
"6431",643,28.690804950495,-180.791676470588,4.148
"6432",643.1,28.6857624,-180.859323529412,4.148
"6433",643.2,28.6786683168317,-180.725436893204,4.148
"6434",643.3,28.6706666,-180.87264,4.148
"6435",643.4,28.6750572727273,-180.90208411215,4.148
"6436",643.5,28.68014,-180.856289719626,4.148
"6437",643.6,28.6757412,-180.69697979798,4.1480303030303
"6438",643.7,28.6865594,-180.79195049505,4.1509603960396
"6439",643.8,28.7025584,-180.73969,4.14899
"6440",643.9,28.7171654545455,-180.70904040404,4.148
"6441",644,28.727319,-180.71395049505,4.1480198019802
"6442",644.1,28.7311995,-180.759734693877,4.14898979591837
"6443",644.2,28.7285665,-180.642168316832,4.148
"6444",644.3,28.7415775,-180.808339805825,4.148
"6445",644.4,28.7592025,-180.675330097087,4.148
"6446",644.5,28.7590076237624,-180.679711538462,4.14895192307692
"6447",644.6,28.7589463636364,-180.75964,4.147
"6448",644.7,28.7474659405941,-180.693579439252,4.14703738317757
"6449",644.8,28.7450792,-180.722551401869,4.14890654205607
"6450",644.9,28.7434422,-180.630224137931,4.148
"6451",645,28.7444352,-180.652637931034,4.148
"6452",645.1,28.7412463636363,-180.751211009174,4.148
"6453",645.2,28.728410990099,-180.691577981651,4.148
"6454",645.3,28.7431172727273,-180.67626,4.14802
"6455",645.4,28.7391721782178,-180.642666666667,4.1489595959596
"6456",645.5,28.74576,-180.773088495575,4.1470796460177
"6457",645.6,28.7626245454545,-180.809371681416,4.14973451327434
"6458",645.7,28.7726974509804,-180.779901960784,4.14403921568627
"6459",645.8,28.7536543434344,-180.870098039216,4.14796078431373
"6460",645.9,28.7473366,-180.747099009901,4.1480198019802
"6461",646,28.7479046,-180.75156122449,4.14898979591837
"6462",646.1,28.7262691729323,-180.710069306931,4.148
"6463",646.2,28.7142768181818,-180.73914,4.148
"6464",646.3,28.75202,-180.45618,4.14802
"6465",646.4,28.7735856,-180.6604,4.149
"6466",646.5,28.7690956,-180.630858585859,4.14908080808081
"6467",646.6,28.7788252,-180.627653465347,4.15288118811881
"6468",646.7,28.7957933663366,-180.746683168317,4.149
"6469",646.8,28.8077855555556,-180.72989,4.14899
"6470",646.9,28.7951305940594,-180.6206,4.148
"6471",647,28.7667625,-180.679050505051,4.148
"6472",647.1,28.7413013861386,-180.585527272727,4.148
"6473",647.2,28.7390616,-180.561890909091,4.148
"6474",647.3,28.7249854545455,-180.606884615385,4.148
"6475",647.4,28.7377018811881,-180.710777777778,4.14897777777778
"6476",647.5,28.7573790909091,-180.508267326733,4.149
"6477",647.6,28.7332775,-180.63655,4.14705
"6478",647.7,28.7276275,-180.685818181818,4.14804545454545
"6479",647.8,28.7248755555556,-180.702181818182,4.14895454545455
"6480",647.9,28.714024950495,-180.552712871287,4.148
"6481",648,28.7229088888889,-180.530909090909,4.148
"6482",648.1,28.742012,-180.589900990099,4.148
"6483",648.2,28.7476712,-180.399838383838,4.148
"6484",648.3,28.7587688,-180.491792079208,4.148
"6485",648.4,28.7596955445545,-180.506,4.14812
"6486",648.5,28.7238166666666,-180.487414141414,4.15087878787879
"6487",648.6,28.7216150980392,-180.6129,4.1479
"6488",648.7,28.7352890909091,-180.5435,4.14605
"6489",648.8,28.741563,-180.3509,4.14705
"6490",648.9,28.7450555,-180.479772277228,4.148
"6491",649,28.7576777777778,-180.43252,4.148
"6492",649.1,28.7602453465346,-180.319509803922,4.148
"6493",649.2,28.7484188888889,-180.190279279279,4.148
"6494",649.3,28.7494341584158,-180.454243243243,4.148
"6495",649.4,28.747178,-180.362608247423,4.1470618556701
"6496",649.5,28.7499377777778,-180.27188,4.1472
"6497",649.6,28.7690281188119,-180.360801980198,4.15184158415842
"6498",649.7,28.7500177777778,-180.262786407767,4.14802912621359
"6500",649.9,28.7775977777778,-180.385176470588,4.148
"6501",650,28.76546,-180.291557692308,4.148
"6502",650.1,28.7390637313433,-180.247326923077,4.148
"6503",650.2,28.7210790909091,-180.213963302752,4.148
"6504",650.3,28.7436610891089,-180.3336,4.14796
"6505",650.4,28.7704423232323,-180.343650485437,4.14696116504854
"6506",650.5,28.7624134,-180.236690721649,4.1460206185567
"6507",650.6,28.7556478217822,-180.298450980392,4.14807843137255
"6508",650.7,28.7720554545454,-180.185387755102,4.14995918367347
"6509",650.8,28.75668,-180.112565656566,4.148
"6510",650.9,28.7333744444444,-180.225460784314,4.148
"6511",651,28.7438868316832,-180.308368421053,4.148
"6512",651.1,28.762476,-180.187315789474,4.148
"6513",651.2,28.7372955555556,-180.320845360825,4.14798969072165
"6514",651.3,28.7177740594059,-180.304817391304,4.1470347826087
"6515",651.4,28.7311133333333,-180.275252173913,4.14790434782609
"6516",651.5,28.7284544,-180.238504587156,4.15192660550459
"6517",651.6,28.7196948,-180.276119266055,4.15009174311927
"6518",651.7,28.7291992,-180.12984,4.14704
"6519",651.8,28.7162711881188,-180.054509803922,4.148
"6520",651.9,28.67629,-180.068711340206,4.148
"6521",652,28.6609818811881,-180.150539215686,4.148
"6522",652.1,28.6799144444445,-180.164878787879,4.148
"6523",652.2,28.700067979798,-180.286702970297,4.1479603960396
"6524",652.3,28.6854751485148,-180.22827,4.14703
"6525",652.4,28.6579031313131,-180.14831,4.148
"6526",652.5,28.6731126470588,-180.416198019802,4.148
"6527",652.6,28.6897922222222,-180.38526,4.148
"6528",652.7,28.671990990099,-180.155285714286,4.148
"6529",652.8,28.6579288888889,-180.266306930693,4.148
"6530",652.9,28.662964,-180.29644,4.148
"6531",653,28.6644932,-180.245909090909,4.148
"6532",653.1,28.6593424,-180.243316831683,4.148
"6533",653.2,28.6857015841584,-180.250424242424,4.1480606060606
"6534",653.3,28.7039155555556,-180.23432,4.14984
"6535",653.4,28.6679108910891,-180.297128712871,4.14607920792079
"6536",653.5,28.651899,-180.470424242424,4.1480303030303
"6537",653.6,28.6646065,-180.478060606061,4.1489595959596
"6538",653.7,28.6707713861386,-180.336405940594,4.148
"6539",653.8,28.6596245454546,-180.320474747475,4.148
"6540",653.9,28.6502038345865,-180.209782178218,4.148
"6541",654,28.6586133333333,-180.1496,4.148
"6542",654.1,28.6618288,-180.183151515151,4.1479595959596
"6543",654.2,28.6556033333333,-180.069519607843,4.14704901960784
"6544",654.3,28.6575398,-180.10358974359,4.14802564102564
"6545",654.4,28.6713135,-180.256581196581,4.14888034188034
"6546",654.5,28.6753727,-180.264019607843,4.148
"6547",654.6,28.6732746,-180.14878,4.148
"6548",654.7,28.6649673267327,-180.173969387755,4.148
"6549",654.8,28.6718152,-180.178643564356,4.148
"6550",654.9,28.7048936633664,-180.284939393939,4.148
"6551",655,28.7021377777778,-180.237584158416,4.148
"6552",655.1,28.6936776,-180.267272727273,4.1480404040404
"6553",655.2,28.6870316,-180.244455445545,4.149
"6554",655.3,28.7091692,-180.140772277228,4.1489603960396
"6555",655.4,28.7555132,-180.205833333333,4.14802777777778
"6556",655.5,28.7560268,-180.133611111111,4.1489537037037
"6557",655.6,28.7426998989899,-180.174465346535,4.148
"6558",655.7,28.7725909,-180.305393939394,4.148
"6559",655.8,28.7930491,-180.251,4.148
"6560",655.9,28.7881034,-180.183155339806,4.148
"6561",656,28.7784427,-180.28493814433,4.148
"6562",656.1,28.7817293,-180.184294117647,4.14796078431372
"6563",656.2,28.8073185148515,-180.213734693878,4.14704081632653
"6564",656.3,28.8291251515152,-180.10602970297,4.1490396039604
"6565",656.4,28.8345597029703,-180.130584158416,4.1499702970297
"6566",656.5,28.8292316,-180.117927272727,4.14898181818182
"6567",656.6,28.7980968,-180.164290909091,4.14807272727273
"6568",656.7,28.7749872,-180.086731958763,4.148
"6569",656.8,28.788438989899,-180.058553398058,4.148
"6570",656.9,28.7991234,-179.998623853211,4.14799082568807
"6571",657,28.8093999,-180.061009174312,4.14707339449541
"6572",657.1,28.8060927722772,-179.993445544555,4.1480396039604
"6573",657.2,28.8005364,-180.1722,4.14885
"6574",657.3,28.8075404,-180.114553398058,4.14411650485437
"6576",657.5,28.8066112,-180.069898989899,4.148
"6577",657.6,28.7981712,-180.06611,4.148
"6578",657.7,28.7711248,-180.097773913044,4.148
"6579",657.8,28.78556,-179.956904347826,4.148
"6580",657.9,28.7820948,-179.93011,4.148
"6581",658,28.7497786868687,-179.87128,4.14803
"6582",658.1,28.7593185,-179.945,4.14891891891892
"6583",658.2,28.780179,-179.945,4.14621621621622
"6584",658.3,28.7959581,-179.998263157895,4.14503157894737
"6585",658.4,28.8030605,-179.92598989899,4.1450606060606
"6586",658.5,28.7914718181818,-179.97046,4.148
"6587",658.6,28.7836446534653,-179.85753,4.148
"6588",658.7,28.7902828,-179.905878787879,4.148
"6589",658.8,28.8007345544554,-179.87168627451,4.148
"6590",658.9,28.7974844,-179.911979591837,4.148
"6591",659,28.7989481818182,-179.867792079208,4.148
"6592",659.1,28.7932734,-179.98676,4.14806
"6593",659.2,28.7961779,-180.074393939394,4.14987878787879
"6594",659.3,28.8131538,-180.023470588235,4.14607843137255
"6595",659.4,28.8189381,-180.033264150943,4.148
"6596",659.5,28.823381,-179.946471698113,4.148
"6597",659.6,28.8415103960396,-179.983405940594,4.148
"6598",659.7,28.8309948484849,-179.966274509804,4.148
"6600",659.9,28.7878724,-180.102177570093,4.148
"6601",660,28.7922447,-179.98161682243,4.148
"6602",660.1,28.7930417,-180.066772277228,4.148
"6603",660.2,28.7770778787879,-179.994530612245,4.14797959183673
"6604",660.3,28.7820347058824,-180.01308,4.14708
"6605",660.4,28.7955839393939,-179.851862745098,4.14896078431372
"6606",660.5,28.7786764,-179.970480769231,4.148
"6607",660.6,28.7567389,-179.944519230769,4.148
"6608",660.7,28.7663952941176,-179.953256410256,4.148
"6609",660.8,28.79446,-179.92847008547,4.148
"6610",660.9,28.7913624,-179.85218,4.148
"6611",661,28.7880898,-179.765594594595,4.14802702702703
"6612",661.1,28.7957072,-179.918747747748,4.14892792792793
"6613",661.2,28.7829718181818,-180.018653465347,4.14607920792079
"6614",661.3,28.7616975,-179.985787878788,4.148
"6615",661.4,28.7590288888889,-179.969574257426,4.148
"6616",661.5,28.7888318811881,-179.7497,4.148
"6617",661.6,28.8012144444444,-180.028580645161,4.148
"6618",661.7,28.7906636,-179.947935483871,4.148
"6619",661.8,28.7693064,-179.82937815126,4.14799159663866
"6620",661.9,28.7601627272727,-179.881243902439,4.147
"6621",662,28.7705204950495,-179.841,4.147
"6622",662.1,28.7742031313131,-179.834396226415,4.14983018867925
"6623",662.2,28.7855628,-179.980370689655,4.14607758620689
"6624",662.3,28.7736992,-179.926060344828,4.14866379310345
"6625",662.4,28.7576690909091,-179.769653465347,4.148
"6626",662.5,28.7626101960784,-179.835393939394,4.148
"6627",662.6,28.7638197979798,-179.869544554455,4.1479603960396
"6628",662.7,28.7830182178217,-179.61567,4.14703
"6629",662.8,28.7721936,-179.61103,4.14797
"6630",662.9,28.7545536,-179.80549,4.147
"6631",663,28.747388,-179.787617391304,4.14692173913043
"6632",663.1,28.7672297979798,-179.741530434783,4.14431304347826
"6633",663.2,28.7853583168317,-180.008700729927,4.148
"6634",663.3,28.7906538383838,-179.932058394161,4.148
"6635",663.4,28.7868929,-179.753692307692,4.148
"6636",663.5,28.7746036633663,-179.85556,4.148
"6637",663.6,28.77847,-179.714287128713,4.148
"6638",663.7,28.8132075247524,-179.78802,4.14798
"6639",663.8,28.8204211111111,-179.741693877551,4.147
"6640",663.9,28.8080272277228,-179.824725490196,4.14707843137255
"6641",664,28.8186388888889,-179.866090909091,4.1490202020202
"6642",664.1,28.850386,-179.819534653465,4.1499405940594
"6643",664.2,28.8563498989899,-179.739424242424,4.1479797979798
"6644",664.3,28.8313886,-179.76012,4.14703
"6645",664.4,28.8097323,-179.76082,4.148
"6646",664.5,28.8180163636364,-179.65683,4.148
"6647",664.6,28.8268,-179.626247787611,4.14797345132743
"6648",664.7,28.808884950495,-179.867840707965,4.14708849557522
"6649",664.8,28.7953645,-179.736090909091,4.1479696969697
"6650",664.9,28.7926724752475,-179.77252,4.14696
"6651",665,28.7844787878788,-179.809,4.14603921568627
"6652",665.1,28.8003973267327,-179.80801010101,4.14704040404041
"6653",665.2,28.794082,-179.75795049505,4.14894059405941
"6654",665.3,28.779238,-179.693060606061,4.1470202020202
"6655",665.4,28.8019968,-179.79393,4.148
"6656",665.5,28.8034616,-179.81713,4.148
"6657",665.6,28.7949708,-179.595818181818,4.1479696969697
"6658",665.7,28.79501,-179.62004,4.14704
"6659",665.8,28.7789089,-179.57200990099,4.148
"6660",665.9,28.7532571,-179.551644859813,4.14802803738318
"6661",666,28.7295329,-179.673140186916,4.14896261682243
"6662",666.1,28.7373766,-179.528470588235,4.14607843137255
"6663",666.2,28.7290563636364,-179.686265306122,4.148
"6664",666.3,28.737631,-179.646960784314,4.148
"6665",666.4,28.7476698019802,-179.547797979798,4.148
"6666",666.5,28.7330155,-179.539696969697,4.148
"6667",666.6,28.7193261386139,-179.594233009709,4.14796116504854
"6668",666.7,28.7045905050505,-179.600928571429,4.14701020408163
"6669",666.8,28.7053186,-179.693575757576,4.1479696969697
"6670",666.9,28.7134846,-179.77304,4.14692
"6671",667,28.7185015,-179.701161904762,4.14511428571429
"6672",667.1,28.7343467,-179.68020952381,4.14797142857143
"6673",667.2,28.7236277,-179.49807826087,4.1479652173913
"6674",667.3,28.7324216,-179.525034782609,4.14709565217391
"6675",667.4,28.7453082,-179.544376237624,4.147
"6676",667.5,28.7514598,-179.5035,4.147
"6677",667.6,28.7428725,-179.4535,4.147
"6678",667.7,28.7361473,-179.557575757576,4.147
"6679",667.8,28.7413975,-179.422930693069,4.1470396039604
"6680",667.9,28.7621969,-179.591787878788,4.148
"6681",668,28.7865609090909,-179.61868627451,4.148
"6682",668.1,28.8258384,-179.659545454545,4.14798181818182
"6683",668.2,28.8541872,-179.636818181818,4.14707272727273
"6684",668.3,28.8723118,-179.62129787234,4.147
"6685",668.4,28.852711,-179.505303030303,4.147
"6686",668.5,28.8466447474748,-179.545217821782,4.147
"6687",668.6,28.8458581188119,-179.504545454545,4.1470303030303
"6688",668.7,28.847645,-179.58164,4.148
"6689",668.8,28.8405253465347,-179.47898019802,4.14792079207921
"6690",668.9,28.8224012,-179.52601,4.14609
"6691",669,28.8074921,-179.493548672566,4.14902654867257
"6692",669.1,28.7960495,-179.478504424779,4.14991150442478
"6693",669.2,28.7742635,-179.619831775701,4.147
"6694",669.3,28.7753067,-179.414224299065,4.147
"6695",669.4,28.7941155,-179.3528,4.147
"6696",669.5,28.7936539,-179.503581818182,4.147
"6697",669.6,28.8111845,-179.356309090909,4.147
"6698",669.7,28.8222303030303,-179.32868,4.14894
"6699",669.8,28.8001438,-179.26514,4.1461
"6700",669.9,28.7958236,-179.320524752475,4.15094059405941
"6701",670,28.8065734,-179.297092783505,4.14798969072165
"6702",670.1,28.8079466,-179.305098039216,4.147
"6703",670.2,28.7997764646465,-179.283897959184,4.147
"6704",670.3,28.7755776237624,-179.327076923077,4.147
"6706",670.5,28.7589467326733,-179.353787878788,4.147
"6707",670.6,28.7706398,-179.500254901961,4.147
"6708",670.7,28.7741763636364,-179.334838383838,4.1470404040404
"6709",670.8,28.7669994059406,-179.32631,4.14894
"6710",670.9,28.7797406060606,-179.311485148515,4.1470297029703
"6711",671,28.7869906,-179.550222222222,4.1479797979798
"6712",671.1,28.7708856,-179.274606060606,4.147
"6713",671.2,28.7644614,-179.426594059406,4.147
"6714",671.3,28.7690920792079,-179.53303030303,4.147
"6715",671.4,28.7909403030303,-179.374862745098,4.147
"6716",671.5,28.7869357425743,-179.395535353535,4.147
"6717",671.6,28.7890745454546,-179.37141,4.14703
"6718",671.7,28.7976848,-179.320107142857,4.14794642857143
"6719",671.8,28.7818836,-179.323678571429,4.14616071428571
"6720",671.9,28.7795884848485,-179.391516129032,4.14795698924731
"6721",672,28.7864925742574,-179.271407407407,4.14709259259259
"6722",672.1,28.8013819191919,-179.408653061225,4.147
"6723",672.2,28.7771535,-179.48156,4.147
"6724",672.3,28.7844439,-179.329588235294,4.147
"6725",672.4,28.7976197979798,-179.393795918367,4.147
"6726",672.5,28.7940458823529,-179.429,4.14696153846154
"6728",672.7,28.7960368316832,-179.409411214953,4.14694392523365
"6729",672.8,28.7709756,-179.289785046729,4.14507476635514
"6730",672.9,28.7827438,-179.290775510204,4.14704081632653
"6731",673,28.7974501980198,-179.232514851485,4.14892079207921
"6732",673.1,28.8010121212121,-179.241554455446,4.147
"6733",673.2,28.8029940594059,-179.13436,4.147
"6734",673.3,28.7853660606061,-179.392650485437,4.147
"6735",673.4,28.7553292,-179.175174757282,4.147
"6736",673.5,28.7436858,-179.314028301887,4.147
"6737",673.6,28.7450829292929,-179.338940594059,4.14708910891089
"6738",673.7,28.7367251485149,-179.43397029703,4.1499801980198
"6739",673.8,28.7696511111111,-179.383,4.14897222222222
"6740",673.9,28.7772827,-179.383,4.14619444444444
"6741",674,28.7801272,-179.20892,4.14798
"6742",674.1,28.7985471717172,-179.301396039604,4.147
"6743",674.2,28.8181535294118,-179.223845360825,4.147
"6744",674.3,28.8101688888889,-179.391509803922,4.147
"6745",674.4,28.8042258415842,-179.160326732673,4.147
"6746",674.5,28.804166,-179.226112244898,4.14702040816327
"6747",674.6,28.8223108080808,-179.24045,4.14903
"6748",674.7,28.8204004950495,-179.346818181818,4.14987878787879
"6749",674.8,28.819485959596,-179.180207920792,4.14607920792079
"6750",674.9,28.8314254455446,-179.163946902655,4.14797345132743
"6751",675,28.8134013131313,-179.26217699115,4.14708849557522
"6752",675.1,28.827984,-179.300148514851,4.147
"6753",675.2,28.8643142574257,-179.20664,4.147
"6754",675.3,28.8818515151515,-179.1883,4.147
"6755",675.4,28.9064702970297,-179.153919191919,4.147
"6756",675.5,28.9350484848485,-179.149526315789,4.147
"6757",675.6,28.9230666,-179.133736842105,4.147
"6758",675.7,28.9077487,-179.16058,4.14797
"6759",675.8,28.9258625,-179.143910891089,4.1470297029703
"6760",675.9,28.921832,-179.045311926605,4.14798165137615
"6761",676,28.934311010101,-179.160908256881,4.14706422018349
"6762",676.1,28.9391802970297,-179.126181818182,4.147
"6763",676.2,28.9368468686869,-179.228909090909,4.147
"6764",676.3,28.940602,-179.130689655172,4.147
"6765",676.4,28.9433626732673,-179.147931034483,4.147
"6766",676.5,28.9556473737374,-179.13547,4.14801
"6767",676.6,28.9399218811881,-179.08406,4.14901
"6768",676.7,28.9392062,-179.188394230769,4.14998076923077
"6769",676.8,28.9612002,-179.124917525773,4.14803092783505
"6770",676.9,28.9535844554456,-179.161,4.147
"6771",677,28.9587295959596,-179.09756,4.147
"6772",677.1,28.9603960396039,-179.123316831683,4.147
"6773",677.2,28.9539634343434,-179.041595959596,4.147
"6774",677.3,28.9272087,-179.19392,4.147
"6775",677.4,28.9151227,-178.99789380531,4.14705309734513
"6776",677.5,28.8860548,-179.192584070796,4.14970796460177
"6777",677.6,28.8404981,-179.1349,4.14896
"6778",677.7,28.8242422222222,-179.13268,4.14704
"6779",677.8,28.83415,-179.262404040404,4.1489595959596
"6780",677.9,28.82731,-179.188594059406,4.147
"6781",678,28.831666,-179.30206,4.147
"6782",678.1,28.81793,-179.110840707965,4.147
"6783",678.2,28.8314387878788,-179.202876106195,4.147
"6784",678.3,28.8256867326733,-179.111559139785,4.147
"6785",678.4,28.8305997,-179.09307,4.14799
"6786",678.5,28.8272713,-179.19905050505,4.14708080808081
"6787",678.6,28.8115309,-179.203449541284,4.15485321100917
"6788",678.7,28.8077948484848,-179.175926605505,4.14751376146789
"6789",678.8,28.8359397029703,-179.113305263158,4.14504210526316
"6790",678.9,28.8239575757576,-178.970696969697,4.147
"6791",679,28.8123702970297,-179.146342857143,4.147
"6792",679.1,28.835073,-179.024438095238,4.147
"6793",679.2,28.8340489,-178.902533333333,4.147
"6794",679.3,28.8273525,-179.006303797468,4.147
"6795",679.4,28.8338078787879,-179.008181818182,4.147
"6796",679.5,28.8380497029703,-179.029252427185,4.14603883495146
"6797",679.6,28.8352022222222,-179.141873786408,4.14798058252427
"6798",679.7,28.851106,-179.261038461538,4.14609615384615
"6799",679.8,28.869496,-179.1948,4.14695
"6800",679.9,28.875308,-179.058383838384,4.147
"6801",680,28.867854,-179.07796,4.147
"6802",680.1,28.8697821212121,-179.11128,4.147
"6803",680.2,28.8971719,-179.180455445545,4.147
"6804",680.3,28.9065735643564,-179.03306,4.147
"6805",680.4,28.903696,-179.083828282828,4.147
"6806",680.5,28.9087518811881,-179.030891089109,4.147
"6807",680.6,28.9005558585858,-179.154422018348,4.14701834862385
"6808",680.7,28.894474950495,-178.97552293578,4.14793577981651
"6809",680.8,28.9015518,-178.96887368421,4.14702105263158
"6810",680.9,28.8815585,-178.996707964602,4.147
"6811",681,28.8928055,-178.986973451327,4.147
"6812",681.1,28.907304,-178.99194,4.147
"6813",681.2,28.8843664,-178.987971962617,4.14701869158879
"6814",681.3,28.8996823232323,-178.936570093458,4.14795327102804
"6815",681.4,28.907952,-178.972970588235,4.148
"6816",681.5,28.912456,-179.039848484848,4.1479797979798
"6817",681.6,28.903662,-179.21678,4.146
"6818",681.7,28.850816,-179.009346534653,4.1460198019802
"6819",681.8,28.8293933333333,-178.977714285714,4.147
"6820",681.9,28.8220603,-179.04500990099,4.147
"6821",682,28.8337526732673,-178.983676767677,4.147
"6822",682.1,28.845098,-179.1554,4.147
"6823",682.2,28.8336212871287,-178.940115044248,4.147
"6824",682.3,28.807564949495,-178.877283185841,4.147
"6825",682.4,28.808358,-178.94801,4.14609
"6826",682.5,28.811464,-179.202811881188,4.1489405940594
"6827",682.6,28.809268,-179.0642,4.14698
"6828",682.7,28.808956,-178.97806,4.14602
"6829",682.8,28.830156,-179.077455445545,4.147
"6830",682.9,28.838802,-179.001504950495,4.147
"6831",683,28.809852,-179.052,4.147
"6832",683.1,28.797216,-178.996230769231,4.147
"6833",683.2,28.815152,-178.905529411765,4.147
"6834",683.3,28.828552,-178.873940594059,4.14606930693069
"6835",683.4,28.83731,-179.0250625,4.14503125
"6836",683.5,28.829874,-179.043630252101,4.146
"6837",683.6,28.8432306060606,-178.925142857143,4.146
"6838",683.7,28.8795285,-178.935270588235,4.146
"6839",683.8,28.882493,-178.963125,4.146875
"6840",683.9,28.8793175,-178.897222222222,4.147
"6841",684,28.8681457,-178.858333333333,4.147
"6842",684.1,28.8578966666667,-178.840634615385,4.147
"6843",684.2,28.8533325490196,-178.727181818182,4.14790909090909
"6844",684.3,28.8530872727273,-178.79972,4.146544
"6845",684.4,28.8428377227723,-179.023260869565,4.14791304347826
"6846",684.5,28.859882,-178.900357142857,4.14540178571428
"6847",684.6,28.861222,-178.793454545454,4.14577272727273
"6848",684.7,28.8399757425743,-178.83175,4.1469375
"6849",684.8,28.8507432323232,-178.816631067961,4.147
"6850",684.9,28.853614,-178.812397058824,4.147
"6851",685,28.84295,-178.752102941176,4.147
"6852",685.1,28.84044,-178.769333333333,4.14616666666667
"6853",685.2,28.83697,-178.764433333333,4.14793333333333
"6854",685.3,28.8641584848485,-178.821356521739,4.14462608695652
"6855",685.4,28.8518368316832,-178.693744186047,4.14876744186046
"6856",685.5,28.8321381818182,-178.808731958763,4.1470206185567
"6857",685.6,28.8510451,-178.826663366337,4.147
"6858",685.7,28.8552192,-178.9005,4.147
"6859",685.8,28.8650515151515,-178.785153846154,4.147
"6860",685.9,28.868792745098,-178.691107438017,4.147
"6861",686,28.8612996969697,-178.801851239669,4.147
"6862",686.1,28.8640419,-178.815627906977,4.147
"6863",686.2,28.8621264,-178.741274509804,4.14607843137255
"6864",686.3,28.8618154545455,-178.718922330097,4.1451067961165
"6865",686.4,28.8934486138614,-178.67339,4.145
"6866",686.5,28.8975639393939,-178.594803738318,4.14503738317757
"6867",686.6,28.8844630693069,-178.734990654206,4.14690654205608
"6868",686.7,28.8834428,-178.735282828283,4.147
"6869",686.8,28.8557095,-178.761899082569,4.147
"6870",686.9,28.8386403960396,-178.706853211009,4.147
"6871",687,28.8397163636364,-178.514606060606,4.1469696969697
"6872",687.1,28.8396646534653,-178.631981981982,4.146
"6873",687.2,28.8565178787879,-178.681531531532,4.146
"6874",687.3,28.8591481,-178.857745098039,4.14696078431373
"6875",687.4,28.8671839,-178.682404040404,4.146
"6876",687.5,28.8632765656566,-178.797455445545,4.1460297029703
"6877",687.6,28.8440330693069,-178.745,4.147
"6878",687.7,28.8703638383838,-178.645962962963,4.147
"6879",687.8,28.8568624,-178.594111111111,4.147
"6880",687.9,28.8159524,-178.840711538462,4.147
"6881",688,28.7924521212121,-178.676288461538,4.147
"6882",688.1,28.8152529411765,-178.659636363636,4.14610909090909
"6883",688.2,28.8128015151515,-178.575868686869,4.1470202020202
"6884",688.3,28.8167327722772,-178.71668,4.14794
"6885",688.4,28.8311098,-178.768864,4.146
"6886",688.5,28.8275847,-178.697664,4.146
"6887",688.6,28.8511916831683,-178.646405405405,4.14602702702703
"6888",688.7,28.8627175757576,-178.559918918919,4.14692792792793
"6889",688.8,28.8147549504951,-178.642207920792,4.147
"6890",688.9,28.8278803030303,-178.504161616162,4.1469898989899
"6891",689,28.8529167,-178.519795918367,4.14602040816327
"6892",689.1,28.8582012,-178.508297029703,4.1469603960396
"6893",689.2,28.8343938383839,-178.468725663717,4.14597345132743
"6894",689.3,28.839586039604,-178.526247787611,4.14508849557522
"6895",689.4,28.8605168686869,-178.481918367347,4.14604081632653
"6896",689.5,28.8621218,-178.522752475248,4.1479603960396
"6897",689.6,28.8656626,-178.444181818182,4.1469696969697
"6898",689.7,28.8615546,-178.453157894737,4.146
"6899",689.8,28.8490538613861,-178.532105263158,4.146
"6900",689.9,28.8381695959596,-178.40439,4.14603
"6901",690,28.8432975247525,-178.515216981132,4.14702830188679
"6902",690.1,28.8664776767677,-178.555783018868,4.14797169811321
"6903",690.2,28.899314,-178.546727272727,4.14891919191919
"6904",690.3,28.9202602,-178.677217821782,4.14508910891089
"6905",690.4,28.9013648,-178.619383838384,4.1479595959596
"6906",690.5,28.8787081188119,-178.633633663366,4.1460297029703
"6907",690.6,28.8650639393939,-178.4946,4.14698
"6908",690.7,28.8514169306931,-178.66774,4.146
"6909",690.8,28.8685146534653,-178.50814,4.146
"6910",690.9,28.868858,-178.515218487395,4.14601680672269
"6911",691,28.862616,-178.526142857143,4.14685714285714
"6912",691.1,28.8891654545455,-178.570542056075,4.14698130841121
"6913",691.2,28.9146768,-178.524747663551,4.14511214953271
"6914",691.3,28.929027979798,-178.576230769231,4.14572307692308
"6915",691.4,28.92078,-178.51138961039,4.14766233766234
"6916",691.5,28.9152512,-178.328282828283,4.1460202020202
"6917",691.6,28.908308989899,-178.345201923077,4.147
"6918",691.7,28.8788358415842,-178.451932692308,4.147
"6919",691.8,28.8828026262626,-178.51141,4.147
"6920",691.9,28.9185478,-178.294235294118,4.14602941176471
"6921",692,28.9172375247525,-178.335383838384,4.147
"6922",692.1,28.9127839393939,-178.37682,4.14694
"6923",692.2,28.8897008737864,-178.563683168317,4.1440396039604
"6924",692.3,28.8955360606061,-178.545962616822,4.14600934579439
"6925",692.4,28.9156632,-178.342224299065,4.14694392523365
"6926",692.5,28.9167014851485,-178.407191919192,4.1469898989899
"6927",692.6,28.9212015151515,-178.329212121212,4.1460202020202
"6928",692.7,28.940084,-178.388920792079,4.147
"6929",692.8,28.9434938383838,-178.419660377358,4.147
"6930",692.9,28.9185294,-178.452679245283,4.147
"6931",693,28.8939164,-178.531720720721,4.147
"6932",693.1,28.9301366,-178.603792792793,4.147
"6933",693.2,28.9600002970297,-178.570614173228,4.146
"6934",693.3,28.9463702020202,-178.601322834646,4.146
"6935",693.4,28.9562888118812,-178.43393,4.14699
"6936",693.5,28.9659134343434,-178.329696969697,4.146
"6937",693.6,28.9683192,-178.495157894737,4.146
"6938",693.7,28.9589212,-178.453052631579,4.146
"6939",693.8,28.9718096,-178.385227722772,4.146
"6940",693.9,28.9725712,-178.36236,4.14598
"6941",694,28.9671346464647,-178.476643478261,4.145
"6942",694.1,28.9546391,-178.408817391304,4.145
"6943",694.2,28.9589824,-178.434386138614,4.1440396039604
"6944",694.3,28.9654025,-178.30705,4.146
"6945",694.4,28.9539118811881,-178.50919,4.146
"6946",694.5,28.9449474,-178.42941,4.146
"6947",694.6,28.935687,-178.47085,4.146
"6948",694.7,28.9188892,-178.552858585859,4.146
"6949",694.8,28.9365136,-178.342882352941,4.146
"6951",695,28.9554466,-178.31095049505,4.147
"6952",695.1,28.9654308,-178.457141414141,4.1469898989899
"6953",695.2,28.9489734343435,-178.470227722772,4.1459801980198
"6954",695.3,28.9095914,-178.431313131313,4.1450101010101
"6955",695.4,28.9136204950495,-178.364,4.146
"6956",695.5,28.9068112,-178.363172413793,4.146
"6957",695.6,28.888814,-178.280413793103,4.146
"6958",695.7,28.8699416,-178.291762376238,4.146
"6959",695.8,28.8574118,-178.378479591837,4.146
"6960",695.9,28.8618892,-178.329277227723,4.1460297029703
"6961",696,28.8771558,-178.373101010101,4.14693939393939
"6962",696.1,28.8820410891089,-178.473396039604,4.1440594059406
"6963",696.2,28.8885721212121,-178.417356435644,4.1460198019802
"6964",696.3,28.891343,-178.237939393939,4.1469898989899
"6965",696.4,28.8873482,-178.33008,4.146
"6966",696.5,28.8993324,-178.332,4.146
"6967",696.6,28.9145138,-178.23438,4.146
"6968",696.7,28.9047338,-178.2518,4.14602
"6969",696.8,28.8999124,-178.19576,4.14702
"6970",696.9,28.9335381818182,-178.331551020408,4.1479387755102
"6971",697,28.9352867,-178.354635514019,4.14518691588785
"6972",697.1,28.9102287128713,-178.270523364486,4.14985981308412
"6973",697.2,28.9082376,-178.257222222222,4.14751282051282
"6974",697.3,28.8713824,-178.251701030928,4.14617525773196
"6975",697.4,28.8647763636364,-178.22393877551,4.146
"6976",697.5,28.8495571,-178.029582524272,4.146
"6977",697.6,28.8215115,-178.044518181818,4.146
"6978",697.7,28.8211545,-178.096336363636,4.146
"6979",697.8,28.8141668,-178.04939,4.14601
"6980",697.9,28.7989775,-178.284535353535,4.1469494949495
"6981",698,28.7934127272727,-178.146549019608,4.14207843137255
"6983",698.2,28.8226709090909,-177.965622641509,4.146
"6984",698.3,28.8447558415842,-178.027886792453,4.146
"6985",698.4,28.8331951,-178.057297029703,4.146
"6986",698.5,28.8227958,-177.9736,4.146
"6987",698.6,28.8381724752475,-178.032099009901,4.146
"6989",698.8,28.8348851485149,-177.895921052632,4.147
"6990",698.9,28.8672526,-178.094172413793,4.14714942528736
"6991",699,28.8426938,-178.239,4.146
"6992",699.1,28.8301328,-178.199909090909,4.14690909090909
"6993",699.2,28.8557107070707,-177.999894736842,4.14794736842105
"6994",699.3,28.8562092,-177.995707070707,4.146
"6995",699.4,28.8419346,-178.06444,4.146
"6996",699.5,28.8629147,-178.028366336633,4.146
"6997",699.6,28.867638,-177.604886956522,4.146
"6998",699.7,28.8842181818182,-177.993582608696,4.146
"6999",699.8,28.9164944,-178.019306122449,4.14601020408163
"7000",699.9,28.9032036,-178.053705882353,4.147
"7001",700,28.8822531683168,-178.207060606061,4.1470101010101
"7002",700.1,28.8862845,-178.01496,4.14796
