"","time_point","temperature","load","voltage"
"1",0,22.1927712781955,-4.24528571428571,3.83657142857143
"2",0.1,22.17126,-3.831,3.838
"4",0.3,22.1748028787879,-3.81052173913043,3.838
"5",0.4,22.1778064705882,-3.998,3.8378
"6",0.5,22.1710176691729,-4.21,3.83825
"7",0.6,22.1958483,-4.14008888888889,3.838
"8",0.7,22.2012114,-4.1974,3.838
"9",0.8,22.1607717171717,-3.97482222222222,3.838
"10",0.9,22.1622805882353,-4.08202040816326,3.837
"11",1,22.1710221212121,-4.08273913043478,3.838
"12",1.1,22.1620247761194,-4.000125,3.838
"13",1.2,22.1642076119403,-3.97003773584906,3.838
"14",1.3,22.1608493,-3.63133333333333,3.83768888888889
"15",1.4,22.1708345588235,-3.97211111111111,3.83755555555556
"16",1.5,22.176955,-4.20962222222222,3.83824444444444
"17",1.6,22.1641543283582,-4.15822222222222,3.838
"18",1.7,22.1597803007519,-4.21251111111111,3.838
"19",1.8,22.1653132,-3.94193333333333,3.838
"20",1.9,22.1539329850746,-4.1601,3.837
"21",2,22.1636042424242,-4.04369090909091,3.83723636363636
"22",2.1,22.1571679411765,-4.0954,3.838
"23",2.2,22.1712123308271,-4.05782222222222,3.838
"24",2.3,22.1641782,-3.6116,3.838
"25",2.4,22.1559866,-3.74523636363636,3.83765454545455
"26",2.5,22.1466056,-3.97503773584906,3.839
"27",2.6,22.1330037313433,-3.88108888888889,3.838
"28",2.7,22.1218727272727,-3.27695918367348,3.838
"29",2.8,22.146664,-1.5686,3.838
"30",2.9,22.1715462,-1.82063043478261,3.838
"31",3,22.1560644,-1.89233333333333,3.83877777777778
"32",3.1,22.1269844776119,-2.41969565217391,3.83821739130435
"33",3.2,22.1336334090909,-2.00574545454546,3.838
"34",3.3,22.1424668656716,-1.7609,3.838
"35",3.4,22.1390328358209,-4.05465306122449,3.83730612244898
"36",3.5,22.1404368,-3.93727777777778,3.839
"37",3.6,22.1463314705882,-3.91447826086957,3.838
"38",3.7,22.1455222727273,-2.95595652173913,3.838
"39",3.8,22.1271720588235,-1.39569565217391,3.838
"40",3.9,22.1418869924812,-1.938,3.838
"41",4,22.1566817,-1.95247826086956,3.839
"42",4.1,22.158528358209,-2.424,3.838
"43",4.2,22.1989990909091,-1.83182608695652,3.838
"44",4.3,22.1856441176471,-2.41830434782609,3.838
"45",4.4,22.2181522727273,-5.1148,3.838
"46",4.5,22.2219806930693,-8.20314285714286,3.838
"47",4.6,22.2184084848485,-9.09485714285715,3.838
"48",4.7,22.2048202,-9.3686,3.838
"49",4.8,22.2182711940299,-9.34367391304347,3.838
"50",4.9,22.2116678947368,-9.52346153846154,3.837
"51",5,22.2180273134328,-9.71104411764706,3.83891176470588
"52",5.1,22.2025653731343,-9.89145652173913,3.838
"53",5.2,22.2069325,-10.4350869565217,3.838
"54",5.3,22.2121386567164,-9.69717391304344,3.839
"55",5.4,22.2068916541353,-5.27708695652174,3.838
"56",5.5,22.1898889552239,-8.40599999999999,3.838
"57",5.6,22.1845178947368,-9.33421739130435,3.838
"58",5.7,22.1805808,-9.30453846153846,3.838
"59",5.8,22.1776810606061,-9.27964,3.838
"60",5.9,22.1783315789474,-9.519,3.837
"61",6,22.1813676470588,-9.81816666666666,3.83820833333333
"62",6.1,22.1685064661654,-10.2594117647059,3.838
"63",6.2,22.1708085,-10.50956,3.838
"64",6.3,22.1834002020202,-11.0064615384615,3.839
"65",6.4,22.1705984,-11.4014,3.83866
"66",6.5,22.1669310447761,-11.94625,3.838
"67",6.6,22.175537368421,-12.6196666666667,3.838
"68",6.7,22.1699888,-13.2692264150943,3.83705660377358
"69",6.8,22.19331,-14.69,3.838
"70",6.9,22.1865324242424,-13.2155102040816,3.838
"71",7,22.1909482089552,-11.4437384615385,3.838
"72",7.1,22.2016077443609,-11.3005510204082,3.838
"73",7.2,22.2054276119403,-12.93825,3.838875
"74",7.3,22.1840505970149,-13.7814038461538,3.83786538461538
"75",7.4,22.1761384,-14.4404545454545,3.83836363636364
"76",7.5,22.1856856716418,-14.6292471910112,3.838
"77",7.6,22.1675726315789,-15.0105643564356,3.838
"78",7.7,22.1329776470588,-15.4484666666667,3.838
"79",7.8,22.1470043609023,-15.4001276595745,3.838
"80",7.9,22.1632594,-15.7745,3.83785
"81",8,22.1801271212121,-16.1697889908257,3.8372752293578
"82",8.1,22.1862873684211,-16.4438131868132,3.83886813186813
"83",8.2,22.1851976119403,-16.217,3.83713392857143
"84",8.3,22.1652094736842,-16.5081348314607,3.838
"85",8.4,22.1694732,-16.48975,3.838
"86",8.5,22.166666,-16.3342056074766,3.838
"87",8.6,22.1418222222222,-16.3444859813084,3.838
"88",8.7,22.1592044776119,-16.272,3.839
"89",8.8,22.1745162406015,-17.6665049504951,3.8389801980198
"90",8.9,22.1707064179104,-18.4501666666667,3.83799122807018
"91",9,22.1665631343284,-20.0536091954023,3.83670114942529
"92",9.1,22.1541004,-21.772,3.839
"93",9.2,22.1713917910448,-21.5296,3.838
"94",9.3,22.1779436567164,-20.8549711538462,3.838
"95",9.4,22.1853758208955,-20.3460303030303,3.838
"96",9.5,22.1908052631579,-20.2999108910891,3.838
"97",9.6,22.1884276,-20.1630093457944,3.838
"98",9.7,22.2110662121212,-20.3031962616822,3.838
"99",9.8,22.2119325,-20.6813789473684,3.83618947368421
"100",9.9,22.1957925,-20.6578495575221,3.83812389380531
"101",10,22.2058642105263,-21.0742808988764,3.83898876404494
"102",10.1,22.1979682,-21.115,3.838
"103",10.2,22.19039,-21.2523076923077,3.838
"104",10.3,22.1840251515152,-21.7560576923077,3.838
"105",10.4,22.2075698507463,-22.0415625,3.838
"106",10.5,22.1920073684211,-22.7156701030928,3.8381030927835
"107",10.6,22.1772053,-23.3825567010309,3.83873195876289
"108",10.7,22.1803121,-24.08592,3.83684
"109",10.8,22.1707506060606,-24.5758118811881,3.83647524752475
"110",10.9,22.1717204477612,-24.7954848484849,3.83884848484848
"111",11,22.1585568421053,-24.7192123893805,3.838
"112",11.1,22.1787734328358,-23.7551443298969,3.838
"113",11.2,22.2054530597015,-22.2962653061224,3.838
"114",11.3,22.2058971,-20.9139892473118,3.838
"115",11.4,22.1920071641791,-20.0932,3.838
"116",11.5,22.1699648120301,-20.5254285714286,3.83771428571429
"117",11.6,22.1610201470588,-21.1536842105263,3.83621052631579
"118",11.7,22.1696057894737,-22.134652173913,3.838
"120",11.9,22.1610910447761,-22.9229247311828,3.83708602150538
"121",12,22.1738625,-23.47785,3.838
"122",12.1,22.1782108955224,-24.0764848484848,3.838
"123",12.2,22.1508856390977,-24.324,3.838
"124",12.3,22.1482916831683,-24.5445434782609,3.838
"125",12.4,22.1604096,-25.0752040816327,3.838
"126",12.5,22.1432044444444,-25.1255140186916,3.83814018691589
"127",12.6,22.1421757352941,-25.4762365591398,3.839
"128",12.7,22.1550837121212,-25.5786538461538,3.83871153846154
"129",12.8,22.1489228358209,-25.5298865979381,3.83711340206186
"130",12.9,22.1472947761194,-25.4107096774194,3.838
"131",13,22.15192,-25.180064516129,3.838
"132",13.1,22.1487476470588,-25.0388279569893,3.838
"133",13.2,22.1561965151515,-24.3318686868687,3.83814141414141
"134",13.3,22.1540093939394,-24.1964356435644,3.839
"135",13.4,22.1796092481203,-24.5410280373832,3.83847663551402
"136",13.5,22.1749123,-25.292585106383,3.83522340425532
"137",13.6,22.1603153731343,-25.8775754716981,3.83812264150943
"138",13.7,22.14159,-26.5004545454546,3.83892929292929
"139",13.8,22.11695,-27.1943548387097,3.838
"140",13.9,22.1175833834586,-28.2794859813084,3.838
"141",14,22.1189744,-29.53628,3.838
"142",14.1,22.1093133,-29.90316,3.838
"143",14.2,22.1260303030303,-29.7086989247312,3.83808602150538
"144",14.3,22.0993552941176,-29.5915849056604,3.839
"145",14.4,22.1040954545455,-29.6928571428571,3.83891428571429
"146",14.5,22.0949136,-29.8850107526882,3.83804301075269
"147",14.6,22.0989568,-29.7001376146789,3.83889908256881
"148",14.7,22.1015002020202,-29.8304725274725,3.838
"149",14.8,22.0942130882353,-29.662793814433,3.838
"150",14.9,22.0811238636364,-29.9487,3.838
"151",15,22.0835186567164,-30.1037,3.838
"152",15.1,22.0840423880597,-30.5788285714286,3.838
"153",15.2,22.090018,-30.7731142857143,3.838
"154",15.3,22.1025517647059,-31.0044948453608,3.83711340206186
"155",15.4,22.1003236363636,-31.3003636363636,3.838
"156",15.5,22.1099011764706,-31.9274653465347,3.838
"157",15.6,22.0938339849624,-31.9723148148148,3.838
"158",15.7,22.0774654,-32.5393265306122,3.838
"159",15.8,22.0858710447761,-32.8042525252525,3.838
"160",15.9,22.0890663636364,-33.381205882353,3.838
"161",16,22.0716494117647,-34.0549230769231,3.838
"162",16.1,22.0893818181818,-34.4700754716981,3.83815094339623
"163",16.2,22.1006312,-34.6670476190476,3.83909523809524
"164",16.3,22.1148452,-34.1341666666667,3.83983333333333
"165",16.4,22.0921996,-33.157932038835,3.83714563106796
"166",16.5,22.0882664179105,-32.216067961165,3.838
"167",16.6,22.1007737121212,-31.4896810344828,3.838
"168",16.7,22.089266119403,-30.575025862069,3.838
"169",16.8,22.1080226865672,-30.642652173913,3.838
"170",16.9,22.1076,-32.2031754385965,3.838
"171",17,22.1080811764706,-32.7955368421053,3.838
"172",17.1,22.11578,-33.5523846153846,3.83807692307692
"173",17.2,22.1164597014925,-34.0387523809524,3.83884761904762
"174",17.3,22.13399,-34.502147368421,3.838
"175",17.4,22.1419764,-34.85616,3.838
"176",17.5,22.139241641791,-34.68992,3.838
"177",17.6,22.1325264661654,-35.3031650485437,3.838
"178",17.7,22.1341531343284,-35.5806288659794,3.838
"179",17.8,22.1153159398496,-35.3995420560748,3.83814953271028
"180",17.9,22.1040848,-35.5965526315789,3.83892105263158
"181",18,22.118564,-35.6026929824561,3.83804385964912
"182",18.1,22.1299208,-35.4240980392157,3.8396862745098
"183",18.2,22.1454492537313,-35.7980192307692,3.83786538461538
"184",18.3,22.1280687878788,-35.6417,3.8371
"185",18.4,22.136044950495,-35.3244736842105,3.838
"186",18.5,22.1441973737374,-35.14295,3.838
"187",18.6,22.1532185,-34.4393457943925,3.838
"188",18.7,22.1547225373134,-33.9247234042553,3.838
"189",18.8,22.1518546969697,-34.0345272727273,3.83812727272727
"190",18.9,22.1329814925373,-34.0596818181818,3.83890909090909
"191",19,22.1451600746269,-35.2484102564102,3.83713675213675
"192",19.1,22.1672405,-34.4509743589744,3.83799145299145
"193",19.2,22.1468033823529,-36.15815,3.838
"194",19.3,22.1594929545455,-38.7312,3.838
"195",19.4,22.1687695588235,-39.0454,3.838
"196",19.5,22.1395042857143,-40.1613823529412,3.838
"197",19.6,22.1445456,-40.4344948453608,3.838
"198",19.7,22.1345779104478,-40.4272252252252,3.838
"199",19.8,22.1475055970149,-40.6805217391304,3.83795652173913
"200",19.9,22.1517955223881,-40.8509565217391,3.83708695652174
"201",20,22.1401572727273,-39.8922105263158,3.83794736842105
"202",20.1,22.15523,-39.6460215053763,3.838
"203",20.2,22.1916857575758,-41.041,3.838
"204",20.3,22.2094837373737,-40.7677623762376,3.838
"205",20.4,22.2036905970149,-40.42445,3.838
"206",20.5,22.21171,-40.2882844036697,3.838
"207",20.6,22.1860346268657,-41.0576153846154,3.838
"208",20.7,22.1950371428571,-41.6123277310924,3.838
"209",20.8,22.2107428712871,-41.474512605042,3.838
"210",20.9,22.1849111940299,-41.1202631578947,3.83642105263158
"211",21,22.1957467669173,-40.7956551724139,3.839
"212",21.1,22.1909456716418,-43.225858490566,3.83885849056604
"213",21.2,22.1917990909091,-42.5189032258065,3.838
"214",21.3,22.2004330693069,-41.8253663366337,3.838
"215",21.4,22.187908358209,-41.7167222222222,3.838
"216",21.5,22.1715816541353,-42.7821764705883,3.838
"217",21.6,22.1666947058824,-44.7418403361344,3.838
"218",21.7,22.1944609090909,-44.0980833333333,3.83891666666667
"219",21.8,22.1899014851485,-43.7230319148936,3.83801063829787
"220",21.9,22.2025778787879,-43.507963963964,3.83893693693694
"221",22,22.194622,-43.0503063063063,3.83803603603604
"222",22.1,22.1656491044776,-45.0221428571429,3.838
"223",22.2,22.1488798496241,-45.7533829787234,3.838
"224",22.3,22.144055959596,-44.81452,3.83816
"225",22.4,22.1499549494949,-44.38844,3.839
"226",22.5,22.1559206,-43.9925172413793,3.83886206896552
"228",22.7,22.126917518797,-43.7050198019802,3.838
"229",22.8,22.1255097014925,-46.4211354166667,3.838
"230",22.9,22.1414308955224,-45.902,3.838
"231",23,22.114583,-45.4223,3.838
"232",23.1,22.1465472058824,-44.9508275862069,3.838
"233",23.2,22.1398979699248,-44.5163448275862,3.838
"234",23.3,22.14791,-44.3846,3.838
"235",23.4,22.1498721212121,-44.8546216216216,3.838
"236",23.5,22.1530020792079,-49.4434077669903,3.83792233009709
"237",23.6,22.1159093939394,-48.7036847826087,3.83603260869565
"238",23.7,22.1181157142857,-47.9983225806452,3.83909677419355
"239",23.8,22.1420031343284,-47.5429090909091,3.83970909090909
"240",23.9,22.1416471428571,-47.0290666666667,3.838
"241",24,22.1262925,-46.7678461538462,3.838
"242",24.1,22.158793030303,-46.8474174757282,3.838
"243",24.2,22.1443362,-50.2570909090909,3.838
"244",24.3,22.1494411940299,-50.640427184466,3.838
"245",24.4,22.1187293233083,-49.7885566037736,3.83780188679245
"246",24.5,22.1198414925373,-49.2544673913043,3.83503260869565
"247",24.6,22.1029503731343,-48.8203362831858,3.8380796460177
"248",24.7,22.1065282828283,-48.5796283185841,3.83896460176991
"249",24.8,22.1184435820896,-48.4156666666666,3.83888288288288
"250",24.9,22.1047996240601,-51.614476635514,3.838
"251",25,22.092933880597,-56.388308411215,3.838
"252",25.1,22.0926035338346,-55.4384423076923,3.838
"253",25.2,22.079987,-54.6453980582524,3.838
"254",25.3,22.0962325373134,-54.1178571428571,3.83807142857143
"255",25.4,22.1225343609023,-54.0387256637168,3.8388407079646
"256",25.5,22.1810520588235,-53.3245663716814,3.83707079646018
"257",25.6,22.2096314285714,-53.0243469387754,3.83795918367347
"258",25.7,22.209648,-55.8741176470588,3.83705882352941
"259",25.8,22.2171447474747,-55.8099368421053,3.838
"260",25.9,22.2026452,-54.9783786407767,3.838
"261",26,22.2172434328358,-54.3661515151515,3.838
"262",26.1,22.20396,-54.0353269230769,3.838
"263",26.2,22.2041352,-53.9123333333333,3.838
"264",26.3,22.2071602,-53.4146315789474,3.83788596491228
"265",26.4,22.2110190909091,-53.3041052631579,3.83700877192982
"266",26.5,22.2077286567164,-59.1992688172043,3.83805376344086
"267",26.6,22.2488269172932,-57.8757692307692,3.83888461538462
"268",26.7,22.2448034328358,-57.0896631578947,3.838
"269",26.8,22.2406392537313,-56.5547142857143,3.838
"270",26.9,22.2538698,-56.4832857142857,3.838
"271",27,22.2497414925373,-56.0928727272727,3.838
"272",27.1,22.2529131578947,-55.5478958333333,3.83802083333333
"273",27.2,22.2546132352941,-61.8619361702128,3.83893617021277
"274",27.3,22.2647314285714,-62.06592,3.83788
"275",27.4,22.2766895,-61.2036633663366,3.83723762376238
"276",27.5,22.2509151515152,-60.3964311926605,3.83889908256881
"277",27.6,22.2370369172932,-60.2249777777778,3.838
"278",27.7,22.1946920895522,-59.9192727272727,3.838
"279",27.8,22.1905470676692,-59.605462962963,3.838
"280",27.9,22.2078104,-59.4899468085106,3.838
"281",28,22.2122494,-59.7565887850467,3.838
"282",28.1,22.1957542424242,-58.9509130434783,3.83795652173913
"283",28.2,22.1942241791045,-58.12984,3.83724
"284",28.3,22.1863863157895,-57.5432,3.83878181818182
"285",28.4,22.1882807462687,-57.0118666666667,3.83702222222222
"286",28.5,22.188453880597,-56.8468888888889,3.838
"287",28.6,22.1755972727273,-56.4226956521738,3.838
"288",28.7,22.1844919402985,-60.0780396039604,3.838
"289",28.8,22.2184033082707,-63.4867913043478,3.838
"290",28.9,22.1954547761194,-62.6440416666667,3.838
"291",29,22.1907709022556,-61.918,3.838
"292",29.1,22.1979975,-61.0613944954128,3.8424495412844
"293",29.2,22.1952113432836,-60.4138695652174,3.838
"294",29.3,22.1891416541353,-60.0093773584906,3.838
"295",29.4,22.1976989705882,-59.7975106382978,3.838
"296",29.5,22.1928336090226,-63.1213796296297,3.838
"297",29.6,22.1889342,-65.16754,3.838
"298",29.7,22.1740706,-64.1967,3.838
"299",29.8,22.1892912121212,-63.6060198019802,3.838
"300",29.9,22.1720426865672,-63.1709579831933,3.83789915966387
"301",30,22.1775409022556,-62.9289411764706,3.83705882352941
"302",30.1,22.1494885,-62.443625,3.839
"303",30.2,22.1247776,-62.0436116504855,3.839
"304",30.3,22.1358464646465,-63.8520412371133,3.8388969072165
"305",30.4,22.1397456716418,-70.109225490196,3.838
"306",30.5,22.1439892481203,-68.8993265306122,3.838
"307",30.6,22.1339592537313,-68.1377589285714,3.838
"308",30.7,22.1471585820896,-67.6758421052632,3.838
"309",30.8,22.1763894,-67.367,3.838
"310",30.9,22.1809568656716,-67.167,3.838
"311",31,22.1648909022556,-66.5071142857143,3.83807619047619
"312",31.1,22.1556801470588,-66.0615420560748,3.83894392523364
"313",31.2,22.1517694736842,-65.7129439252336,3.83707476635514
"314",31.3,22.1403468,-72.284705882353,3.83711764705882
"315",31.4,22.1665623880597,-71.3552252252252,3.838
"316",31.5,22.1446934090909,-70.7074774774775,3.838
"317",31.6,22.1349076119403,-70.0824639175258,3.838
"318",31.7,22.1353066917293,-69.6948936170213,3.83793617021277
"319",31.8,22.1495217,-69.2637623762376,3.83723762376238
"320",31.9,22.1339796,-68.8231111111111,3.839
"321",32,22.1582545454545,-68.11992,3.83912
"322",32.1,22.1552552941176,-68.6423396226416,3.83977358490566
"323",32.2,22.14677,-75.0592524271845,3.838
"324",32.3,22.1409223880597,-75.38653125,3.838
"325",32.4,22.1427060447761,-74.3332842105263,3.838
"326",32.5,22.1579196,-73.6565454545454,3.838
"327",32.6,22.1792486567164,-72.9555140186916,3.8381214953271
"328",32.7,22.1562951515152,-72.5463962264151,3.83888679245283
"330",32.9,22.1682306015038,-71.8351685393258,3.83702247191011
"331",33,22.1903476,-71.53536,3.83888
"332",33.1,22.1614776470588,-73.5382181818182,3.838
"333",33.2,22.1641009090909,-77.0915111111112,3.838
"334",33.3,22.1672105882353,-75.86044,3.838
"335",33.4,22.1666027819549,-74.9809615384615,3.838
"336",33.5,22.1762407,-74.3656,3.83792
"337",33.6,22.1952487,-73.9358333333333,3.83708333333333
"338",33.7,22.1892223232323,-73.2622432432432,3.838
"339",33.8,22.20279,-72.8928426966292,3.83801123595506
"340",33.9,22.2059748484848,-72.8078807339449,3.83888990825688
"341",34,22.2126928,-72.2369,3.838
"342",34.1,22.2053828,-73.6558440366977,3.838
"343",34.2,22.2021387878788,-83.2435217391305,3.838
"344",34.3,22.2090445588235,-81.8657878787879,3.838
"345",34.4,22.2179875,-80.6383465346535,3.83787128712871
"346",34.5,22.2229849253731,-79.9792105263158,3.83721052631579
"347",34.6,22.2212882089552,-79.4309649122807,3.8389649122807
"348",34.7,22.2199084,-79.1600108695652,3.83796739130435
"349",34.8,22.2087576470588,-78.6374795918368,3.83711224489796
"350",34.9,22.2159809090909,-78.399896,3.838
"351",35,22.2289823529412,-77.699096,3.838
"352",35.1,22.2133842105263,-79.0274017857145,3.838
"353",35.2,22.1981687,-84.1269387755103,3.83801020408163
"354",35.3,22.1900129850746,-82.0370879120879,3.83893406593407
"355",35.4,22.1977645454545,-80.6647837837838,3.837
"356",35.5,22.2327576470588,-80.6881460674157,3.83702247191011
"357",35.6,22.1925657575758,-79.9439026548673,3.83910619469027
"358",35.7,22.1807063366337,-79.5014247787611,3.83999115044248
"359",35.8,22.2183610447761,-79.1752222222222,3.83888888888889
"360",35.9,22.1782602255639,-78.7138351648352,3.838
"361",36,22.1682079104478,-78.8550097087379,3.838
"362",36.1,22.1623539097744,-78.8436326530614,3.838
"363",36.2,22.186388358209,-82.9966545454545,3.838
"364",36.3,22.1856855639098,-92.315288888889,3.83793333333333
"365",36.4,22.1846188888889,-90.2243428571429,3.83522857142857
"366",36.5,22.1759311940299,-89.544,3.83720588235294
"367",36.6,22.1775553383459,-88.6582631578947,3.8398947368421
"368",36.7,22.1786713432836,-88.069387755102,3.838
"369",36.8,22.1605306766917,-87.678,3.838
"370",36.9,22.1615264,-87.028,3.838
"371",37,22.1634610447761,-86.8501926605504,3.838
"372",37.1,22.1640809774436,-86.5694587155963,3.838
"373",37.2,22.1685182352941,-85.9002424242424,3.838
"374",37.3,22.1612134586466,-86.3746296296295,3.83787962962963
"375",37.4,22.1517775,-93.9665957446809,3.83710638297872
"376",37.5,22.1560416666667,-95.7847777777777,3.839
"377",37.6,22.1495691729323,-94.3502631578947,3.83889473684211
"378",37.7,22.1481346268657,-93.6091632653061,3.838
"379",37.8,22.161659924812,-92.951,3.838
"380",37.9,22.1702844,-92.3033486238532,3.838
"381",38,22.1864733333333,-91.5829565217391,3.838
"382",38.1,22.1951312,-91.2119393939394,3.838
"383",38.2,22.2104831343284,-90.6872178217822,3.838
"384",38.3,22.1882552631579,-90.1580384615385,3.83811538461539
"385",38.4,22.1659914925373,-89.9343333333333,3.83916666666667
"386",38.5,22.1823110447761,-90.0956513761468,3.84055963302752
"387",38.6,22.1778472,-95.7371318681319,3.83703296703297
"388",38.7,22.1844889552239,-98.4809024390244,3.838
"389",38.8,22.1740581954887,-97.1134227642277,3.838
"390",38.9,22.1849317647059,-95.8624242424243,3.838
"391",39,22.1979391729323,-94.9969489795918,3.838
"392",39.1,22.1948801,-94.6480810810811,3.838
"393",39.2,22.2114660606061,-94.1559892473118,3.83804301075269
"394",39.3,22.1930843283582,-93.7023644859813,3.839
"395",39.4,22.197417761194,-93.4309111111111,3.83891111111111
"396",39.5,22.19637,-93.2596730769231,3.83713461538462
"397",39.6,22.1958387,-92.673603960396,3.838
"398",39.7,22.1875543,-92.1637765957447,3.838
"399",39.8,22.1729378571429,-92.0805,3.838
"400",39.9,22.1918743283582,-96.2015094339623,3.83814150943396
"401",40,22.1787905263158,-107.185063829787,3.8388085106383
"402",40.1,22.1883098507463,-104.606476635514,3.83714018691589
"403",40.2,22.1969898507463,-103.148402061856,3.83767010309278
"404",40.3,22.2232056565657,-102.356591836735,3.83433673469388
"405",40.4,22.2310504477612,-101.54803030303,3.83713131313131
"406",40.5,22.2355326315789,-101.11498,3.838
"407",40.6,22.226883880597,-100.568435643564,3.838
"408",40.7,22.2498452631579,-99.996,3.838
"409",40.8,22.2757997014925,-99.4348969072165,3.838
"410",40.9,22.2383548514851,-99.1713362831858,3.838
"411",41,22.2395731578947,-98.9501789473691,3.83802105263158
"412",41.1,22.2569582352941,-112.545395604396,3.83993406593407
"413",41.2,22.269142556391,-112.985264705882,3.83885294117647
"414",41.3,22.2690956716418,-111.925089285714,3.838
"415",41.4,22.268225959596,-110.938942528736,3.838
"416",41.5,22.2511667669173,-109.816475247525,3.838
"417",41.6,22.2312958208955,-109.188067961165,3.838
"418",41.7,22.2612248120301,-108.462294117647,3.83790196078431
"419",41.8,22.2454982089552,-107.940480314961,3.83712598425197
"420",41.9,22.249089924812,-107.708984251969,3.83870078740157
"421",42,22.2184032323232,-107.190052173913,3.83887826086957
"422",42.1,22.2416558208955,-107.076139130435,3.83800869565217
"423",42.2,22.2559231578947,-107.691676767677,3.83813131313131
"424",42.3,22.2176623880597,-114.498495575221,3.83887610619469
"425",42.4,22.2224842105263,-118.046510416667,3.838
"426",42.5,22.2193132,-116.126927083333,3.838
"427",42.6,22.2040765671642,-114.809651785714,3.83808035714286
"428",42.7,22.2115794736842,-113.939116071429,3.83897321428571
"429",42.8,22.2173426865672,-112.90786,3.83886
"430",42.9,22.21846,-112.231181818182,3.838
"431",43,22.2278013,-111.741347107438,3.8377520661157
"432",43.1,22.2067007462687,-111.463661157025,3.83609917355372
"433",43.2,22.1983318181818,-110.871214285714,3.83892857142857
"434",43.3,22.2184823529412,-111.116548076923,3.838
"435",43.4,22.23323,-119.029252525253,3.838
"436",43.5,22.2265970149254,-124.087290322581,3.83787096774194
"437",43.6,22.2507785074627,-122.283061946903,3.83611504424779
"439",43.8,22.2287050746269,-120.589714285714,3.83878571428571
"441",44,22.2181370149254,-119.282056179775,3.838
"442",44.1,22.2028568421053,-118.515851485148,3.838
"443",44.2,22.2081554545455,-118.444742574257,3.838
"444",44.3,22.2074070588235,-120.416980582524,3.838
"445",44.4,22.2140331818182,-122.54115625,3.838
"446",44.5,22.2503788059702,-120.8525,3.8378
"447",44.6,22.2473833834586,-120.194807692308,3.83626153846154
"448",44.7,22.244055,-119.198693181818,3.83798863636364
"449",44.8,22.24308,-118.2175,3.83713
"450",44.9,22.2385768181818,-117.624161616162,3.838
"451",45,22.2177788235294,-117.363791304348,3.838
"452",45.1,22.1972921052632,-116.819443478261,3.838
"453",45.2,22.2005446268657,-127.872541666667,3.838
"454",45.3,22.2076610891089,-127.74225,3.838
"455",45.4,22.2113753030303,-125.996466666667,3.838
"456",45.5,22.2225607462687,-125.044757575758,3.83763636363636
"457",45.6,22.2209447368421,-123.982089108911,3.83525742574257
"458",45.7,22.2200397014925,-123.398309090909,3.83710909090909
"459",45.8,22.2266905263158,-122.856727272727,3.83804545454545
"460",45.9,22.2192390909091,-126.944438596491,3.83975438596491
"462",46.1,22.2156563636364,-128.423264150943,3.838
"463",46.2,22.2154282089552,-127.425511363636,3.838
"464",46.3,22.2156039097744,-126.365935185185,3.838
"465",46.4,22.204482,-125.886408602151,3.83805376344086
"466",46.5,22.2036173529412,-125.12424,3.83924
"467",46.6,22.2040418181818,-125.821310344828,3.84058620689655
"468",46.7,22.2093846268657,-134.548896551724,3.83713793103448
"469",46.8,22.2135872180451,-134.553,3.83894565217391
"470",46.9,22.221176,-133.300703389831,3.838
"471",47,22.2287973134328,-132.367652542373,3.838
"472",47.1,22.2237177443609,-131.488699115044,3.838
"473",47.2,22.2168289552239,-130.606831325301,3.838
"474",47.3,22.2112409022556,-129.702789473684,3.83808421052632
"475",47.4,22.1908859701493,-129.309772277228,3.83887128712871
"476",47.5,22.1728221641791,-130.68228,3.83764
"477",47.6,22.1526187,-140.454644859813,3.83533644859813
"478",47.7,22.1647620895522,-138.365247311828,3.838
"479",47.8,22.1681609090909,-136.953094339623,3.838
"480",47.9,22.1759976119403,-136.270529411765,3.838
"481",48,22.1722634586466,-135.205583333333,3.838
"482",48.1,22.169863,-134.577833333333,3.838
"483",48.2,22.1595458208955,-136.871121212121,3.83787878787879
"484",48.3,22.155966969697,-142.052672131148,3.8372131147541
"485",48.4,22.1798868656716,-140.41168852459,3.83885245901639
"486",48.5,22.1636590977444,-139.114268817204,3.839
"487",48.6,22.1696975,-138.22668,3.84148
"488",48.7,22.1800338235294,-137.482094827586,3.838
"489",48.8,22.1759598484848,-136.867439655172,3.838
"490",48.9,22.1698211764706,-145.481156521739,3.838
"491",49,22.1475985714286,-145.44029,3.838
"492",49.1,22.1440744776119,-144.01138,3.838
"493",49.2,22.1671823762376,-142.876808080808,3.838
"494",49.3,22.1706772727273,-142.246792079208,3.83786138613861
"495",49.4,22.1504970588235,-143.287676767677,3.83726262626263
"496",49.5,22.2007190909091,-145.13208,3.83886
"497",49.6,22.2371749253731,-144.025895652174,3.838
"498",49.7,22.2751740601504,-143.05372173913,3.838
"499",49.8,22.2972338383838,-142.37900990099,3.838
"500",49.9,22.2722391176471,-144.027137931034,3.838
"501",50,22.2670728030303,-150.251275862069,3.838
"502",50.1,22.2952549253731,-148.40300990099,3.83829702970297
"503",50.2,22.3046839097744,-147.498648148148,3.83961111111111
"504",50.3,22.3079537,-146.584591836735,3.8370612244898
"505",50.4,22.3025730882353,-148.66412,3.838
"506",50.5,22.304710075188,-152.051574468085,3.838
"507",50.6,22.2765232835821,-150.290495145631,3.838
"508",50.7,22.2794256818182,-149.391371681416,3.838
"509",50.8,22.2955775247525,-153.267477876106,3.838
"510",50.9,22.2834906060606,-152.878058823529,3.838
"511",51,22.2749054887218,-151.2286125,3.838
"512",51.1,22.2894192647059,-153.407382352941,3.838
"513",51.2,22.2884971212121,-152.9466,3.83974
"514",51.3,22.2786123529412,-152.169052631579,3.83811403508772
"515",51.4,22.2907036842105,-154.084842105263,3.83899122807018
"516",51.5,22.298713,-152.593104761905,3.838
"517",51.6,22.2483346268657,-152.448936170213,3.838
"518",51.7,22.208737593985,-152.61914,3.83814
"519",51.8,22.1881119402985,-153.105564356435,3.83913861386139
"520",51.9,22.1830461363636,-159.798087719298,3.83977192982456
"521",52,22.1719302,-159.291070175439,3.83801754385965
"522",52.1,22.1648426865672,-160.340818181818,3.83792929292929
"523",52.2,22.1873009022556,-159.662489361702,3.83708510638298
"524",52.3,22.1662074626866,-160.61932038835,3.838
"525",52.4,22.1796333333333,-160.008846938776,3.838
"526",52.5,22.2091312871287,-160.790303921569,3.838
"527",52.6,22.2009240298507,-160.537257731959,3.838
"528",52.7,22.2018503007519,-161.5169,3.838
"529",52.8,22.1938147058824,-161.381426229508,3.838
"530",52.9,22.1992800757576,-161.427327868852,3.838
"531",53,22.1977756716418,-161.652158878505,3.84066355140187
"532",53.1,22.1800410891089,-161.909855670103,3.838
"533",53.2,22.1787337593985,-162.470583333333,3.83791666666667
"534",53.3,22.1852001492537,-163.263612244898,3.83712244897959
"535",53.4,22.1848489393939,-163.743698113208,3.838
"536",53.5,22.1993841791045,-164.111063829787,3.838
"537",53.6,22.160804962406,-164.91198019802,3.838
"538",53.7,22.1486162,-165.523373737374,3.838
"539",53.8,22.1516456716418,-166.264891089109,3.83813861386139
"540",53.9,22.1374010526316,-166.274172727273,3.83888181818182
"541",54,22.1359410447761,-167.052636363636,3.83793939393939
"542",54.1,22.1401166666667,-167.348076923077,3.83607692307692
"544",54.3,22.1396592537313,-168.288544554455,3.838
"545",54.4,22.1402420300752,-168.963398305085,3.838
"546",54.5,22.1577729850746,-169.204923728814,3.838
"547",54.6,22.1384208270677,-169.371054054054,3.838
"548",54.7,22.122739,-169.959516483516,3.83805494505495
"549",54.8,22.1123733333333,-170.704198019802,3.83913861386139
"550",54.9,22.1168557894737,-171.1084,3.83948
"551",55,22.1297623529412,-170.215203389831,3.83622033898305
"552",55.1,22.12688,-168.832152542373,3.83791525423729
"553",55.2,22.1276467164179,-168.977907407407,3.838
"554",55.3,22.1332901503759,-170.298353535353,3.838
"555",55.4,22.1389297,-170.718,3.838
"556",55.5,22.1534925373134,-171.318154639175,3.838
"557",55.6,22.1401248120301,-171.77509,3.83813
"558",55.7,22.1454828358209,-172.29708,3.83887
"559",55.8,22.1844268421053,-173.043314285714,3.838
"560",55.9,22.20409,-173.95576,3.83808
"561",56,22.2048147761194,-174.485765957447,3.83891489361702
"562",56.1,22.2008053383459,-175.423875,3.838
"563",56.2,22.1946401492537,-176.536613636364,3.838
"564",56.3,22.1947023308271,-177.51906,3.838
"565",56.4,22.20534,-177.950067961165,3.838
"566",56.5,22.2103295522388,-178.658857142857,3.838
"567",56.6,22.2198196992481,-179.030285714286,3.838
"568",56.7,22.2068423529412,-178.880571428571,3.83794285714286
"569",56.8,22.2047250746269,-179.656458715596,3.83699082568807
"570",56.9,22.2060288059701,-180.402330275229,3.83607339449541
"571",57,22.2002701,-180.960125,3.838
"572",57.1,22.2012184210526,-181.0918125,3.838
"573",57.2,22.2133932835821,-180.86786440678,3.838
"574",57.3,22.1948222727273,-181.389898305085,3.838
"575",57.4,22.1757379104478,-183.991469387755,3.83888775510204
"576",57.5,22.1753466666667,-185.51587,3.83787
"577",57.6,22.1783416,-185.714876190476,3.83712380952381
"578",57.7,22.1918056716418,-185.923515789474,3.838
"579",57.8,22.1794463909774,-186.248666666667,3.838
"580",57.9,22.151297761194,-186.578554455446,3.838
"581",58,22.1283086466165,-186.719470588235,3.838
"582",58.1,22.112282,-187.091195876289,3.838
"583",58.2,22.1265932835821,-187.3416,3.838
"584",58.3,22.1305529850746,-187.642147058824,3.83808823529412
"585",58.4,22.1286679104478,-187.703825242718,3.8391359223301
"586",58.5,22.1525293984962,-187.990981132075,3.84088679245283
"587",58.6,22.1649662,-188.715509433962,3.83805660377358
"588",58.7,22.1650240298508,-189.837632478632,3.838
"589",58.8,22.14518,-190.156435897436,3.838
"590",58.9,22.1593723529412,-190.962693877551,3.838
"591",59,22.1326017293233,-192.25236,3.838
"592",59.1,22.1172852238806,-192.84858,3.838
"593",59.2,22.1370004477612,-194.133619469027,3.83812389380531
"594",59.3,22.1369736734694,-195.033888888889,3.83901111111111
"595",59.4,22.1352962686567,-195.605934579439,3.83989719626168
"596",59.5,22.1449921052632,-196.79336,3.839
"597",59.6,22.1526353731343,-196.608241758242,3.83891208791209
"598",59.7,22.1766318045113,-196.54335,3.83713
"599",59.8,22.1636590909091,-195.885707070707,3.838
"600",59.9,22.1530862686567,-192.656581818182,3.838
"601",60,22.1689642105263,-192.2898,3.838
"602",60.1,22.1844749253731,-193.1202,3.838
"603",60.2,22.2039754887218,-193.5484,3.838
"604",60.3,22.2152005940594,-193.71146,3.838
"605",60.4,22.2144414925373,-194.255553398058,3.8381359223301
"606",60.5,22.2058907518797,-195.071126126126,3.839
"608",60.7,22.2122736090226,-195.612494949495,3.838
"609",60.8,22.22662,-195.887297029703,3.838
"610",60.9,22.2248825,-197.127339130435,3.838
"611",61,22.21622,-198.429947826087,3.838
"612",61.1,22.2184140298507,-198.704796116505,3.8376213592233
"613",61.2,22.2185970676692,-199.206785046729,3.83518691588785
"614",61.3,22.2007532835821,-200.285123595506,3.83703370786517
"615",61.4,22.2029160150376,-201.026779661017,3.83776271186441
"616",61.5,22.1979924242424,-201.589491525424,3.83606779661017
"617",61.6,22.2261534328358,-202.14428,3.838
"618",61.7,22.2280403007519,-202.447807692308,3.838
"619",61.8,22.2385147058824,-202.451692307692,3.838
"620",61.9,22.2421872180451,-202.435260869565,3.83795652173913
"621",62,22.22885,-202.71228,3.83724
"622",62.1,22.2303404477612,-202.98052,3.83924
"623",62.2,22.2355412781955,-203.368151515152,3.84063636363636
"624",62.3,22.2241935820896,-203.25318,3.83787
"625",62.4,22.2459118796992,-202.690705882353,3.83710924369748
"626",62.5,22.2366804,-202.473058823529,3.83794957983193
"627",62.6,22.225126119403,-203.315690721649,3.838
"628",62.7,22.204625,-205.74763,3.838
"629",62.8,22.198921641791,-207.2762,3.83813
"630",62.9,22.2178033834586,-207.340217821782,3.83874257425743
"631",63,22.2251528358209,-207.611212121212,3.83675757575758
"632",63.1,22.2332986567164,-208.199680672269,3.83532773109244
"633",63.2,22.208893030303,-208.64337815126,3.8378487394958
"634",63.3,22.2326510447761,-208.639406593407,3.83803296703297
"635",63.4,22.2364864661654,-208.8695,3.83888461538462
"636",63.5,22.2354465671642,-208.794705263158,3.838
"637",63.6,22.2270556390977,-209.45025,3.838
"638",63.7,22.2336192929293,-210.13575257732,3.838
"639",63.8,22.2257589552239,-210.50328,3.838
"640",63.9,22.2161871428571,-210.88828,3.838
"641",64,22.2158595522388,-211.2362,3.838
"642",64.1,22.1869833834586,-211.871666666667,3.83812121212121
"643",64.2,22.1723576,-212.916472222222,3.83887962962963
"644",64.3,22.1640768656716,-213.009032608696,3.838
"645",64.4,22.1483169924812,-213.376953703704,3.838
"646",64.5,22.1510029411765,-214.049282608696,3.838
"647",64.6,22.1559954887218,-214.51383,3.838
"648",64.7,22.1498149,-215.0826,3.83787
"649",64.8,22.1410667164179,-215.53796,3.83713
"650",64.9,22.1545656060606,-216.16886,3.83813
"651",65,22.1625226865672,-216.46275,3.83848
"652",65.1,22.1485870676692,-217.20317,3.83539
"653",65.2,22.1388955223881,-217.756008403361,3.838
"654",65.3,22.1426805223881,-218.602226890756,3.838
"655",65.4,22.1516311111111,-219.114233009709,3.83794174757282
"656",65.5,22.1490101492537,-218.77140625,3.837
"657",65.6,22.1440322556391,-217.001625,3.837
"658",65.7,22.1644034328358,-216.339125,3.837
"659",65.8,22.1715089473684,-217.2028,3.83605
"660",65.9,22.175671,-218.245381443299,3.838
"661",66,22.1543835294118,-219.13104,3.83812
"662",66.1,22.1487213636364,-219.461288135593,3.83889830508475
"663",66.2,22.1311102985075,-219.705355932203,3.83805084745763
"664",66.3,22.1419823308271,-219.709314814815,3.838
"665",66.4,22.1211052,-220.132698924731,3.838
"666",66.5,22.1296455223881,-221.418454545455,3.838
"667",66.6,22.1513153787879,-223.936741935484,3.83793548387097
"668",66.7,22.1497980882353,-225.187910891089,3.83526732673267
"669",66.8,22.1116873684211,-227.010854545455,3.838
"670",66.9,22.1066035820896,-227.959036363636,3.838
"671",67,22.1123038059701,-227.381342857143,3.83624761904762
"672",67.1,22.1096427,-227.790321100917,3.838
"673",67.2,22.0900120895522,-228.006834862385,3.838
"674",67.3,22.1191178787879,-228.212153061224,3.838
"675",67.4,22.1233810447761,-228.391519607843,3.838
"676",67.5,22.1128004511278,-228.811692307692,3.83818803418803
"677",67.6,22.12931,-228.927076923077,3.83989743589744
"678",67.7,22.1248352238806,-228.854351351351,3.83976576576577
"679",67.8,22.1265131578947,-228.360628865979,3.838
"680",67.9,22.1427807462687,-228.034021505376,3.838
"681",68,22.1435977443609,-227.821222222222,3.838
"682",68.1,22.1278856,-229.660086956522,3.838
"683",68.2,22.1467088235294,-233.371962616822,3.838
"684",68.3,22.1283351515152,-233.990483870968,3.838
"685",68.4,22.1344594029851,-233.7428,3.83812
"686",68.5,22.1446818045113,-233.798153846154,3.83911538461538
"687",68.6,22.1525518,-233.837647058824,3.83986554621849
"688",68.7,22.1772470149254,-234.508235294118,3.83818487394958
"689",68.8,22.161657518797,-234.676877358491,3.83967924528302
"690",68.9,22.1804210447761,-235.014088888889,3.83815555555556
"691",69,22.1657018045113,-235.584828571429,3.838
"692",69.1,22.1671217910448,-236.558893203884,3.838
"693",69.2,22.1554918045113,-236.97375257732,3.838
"694",69.3,22.1432226,-236.50317,3.838
"695",69.4,22.1464955223881,-236.264123893805,3.83765486725664
"697",69.6,22.1614441791045,-238.31804950495,3.83887128712871
"698",69.7,22.1389003787879,-238.62732,3.83788
"699",69.8,22.1392207920792,-238.684631067961,3.83711650485437
"700",69.9,22.1497811940299,-238.920288659794,3.838
"701",70,22.1477663157895,-239.37376146789,3.838
"702",70.1,22.1414074626866,-239.791593406593,3.838
"703",70.2,22.130342481203,-240.32616,3.838
"704",70.3,22.1272056,-240.940110091743,3.83811009174312
"705",70.4,22.1425593939394,-241.332966666667,3.83896666666667
"706",70.5,22.1093819548872,-241.56162,3.83813
"707",70.6,22.1319147058824,-242.27884,3.83861
"708",70.7,22.1478387218045,-242.194566037736,3.83624528301887
"709",70.8,22.1527213432836,-243.588893617021,3.838
"710",70.9,22.1594160902256,-242.931777777778,3.838
"711",71,22.1663536,-244.483914529914,3.838
"712",71.1,22.1622782089552,-244.210886792453,3.8378962264151
"713",71.2,22.1505162406015,-245.465868686869,3.83705050505051
"714",71.3,22.1466167164179,-246.294810344828,3.838
"715",71.4,22.1533731578947,-245.424982758621,3.838
"716",71.5,22.1689021212121,-244.021238636364,3.83901136363636
"717",71.6,22.1858168656716,-242.2681,3.83974
"718",71.7,22.1930507518797,-241.672878260869,3.838
"719",71.8,22.1923820895522,-243.318095652174,3.838
"720",71.9,22.1990845112782,-247.269,3.838
"721",72,22.1872045,-245.945642857143,3.838
"723",72.2,22.1834654135338,-246.683615384615,3.83815384615385
"724",72.3,22.1847735294118,-249.896292929293,3.83991919191919
"725",72.4,22.1897836842105,-249.006068627451,3.83795098039216
"726",72.5,22.203987,-247.70867,3.83703
"727",72.6,22.166606969697,-247.272727272727,3.838
"728",72.7,22.1803913533835,-252.243829787234,3.838
"729",72.8,22.2099313432836,-251.155565217391,3.838
"730",72.9,22.185670075188,-250.211217391304,3.838
"731",73,22.1788370149254,-251.698862068965,3.83888793103448
"732",73.1,22.1842740298507,-252.974724137931,3.83802586206897
"733",73.2,22.2064013131313,-251.536846846847,3.83623423423423
"734",73.3,22.1986192537313,-251.131422222223,3.838
"735",73.4,22.2137066917293,-256.404787878788,3.83787878787879
"736",73.5,22.2103553731343,-255.113018181818,3.83711818181818
"737",73.6,22.2467893984962,-253.943593406593,3.838
"738",73.7,22.282818,-253.307545454546,3.838
"739",73.8,22.3021044776119,-256.565266666667,3.838
"740",73.9,22.2963759398496,-255.119918918919,3.83789189189189
"741",74,22.2929097014925,-253.982020618557,3.83701030927835
"742",74.1,22.2961269924812,-253.64868,3.83796
"743",74.2,22.30233,-261.687086956522,3.83708695652174
"744",74.3,22.3126390909091,-260.648027027027,3.839
"745",74.4,22.2958421052632,-259.681488888889,3.83898888888889
"746",74.5,22.2746729411765,-259.925153061224,3.838
"747",74.6,22.2819479699248,-262.712574074074,3.838
"748",74.7,22.3028749253731,-261.173934782609,3.838
"749",74.8,22.3022844776119,-260.379628099174,3.838
"750",74.9,22.3110478787879,-261.238305785124,3.838
"751",75,22.3098995522388,-263.182861386139,3.83835643564356
"752",75.1,22.2895492481203,-261.801150943396,3.83445283018868
"753",75.2,22.2997529850746,-261.302290322581,3.83793548387097
"754",75.3,22.3082047368421,-263.90257,3.83713
"755",75.4,22.2900448484849,-262.870227722772,3.838
"756",75.5,22.2923211940298,-262.816615384615,3.838
"757",75.6,22.2961457894737,-265.722766990291,3.838
"758",75.7,22.28967,-264.58311827957,3.838
"759",75.8,22.3039726315789,-265.004218181818,3.83789090909091
"760",75.9,22.2877728,-267.966622222222,3.83706666666667
"761",76,22.2862482089552,-266.689924528302,3.83988679245283
"762",76.1,22.2850310526316,-266.689893617021,3.83887234042553
"763",76.2,22.3033441176471,-269.75924,3.83712
"764",76.3,22.304865037594,-268.468722772277,3.838
"765",76.4,22.3004375,-267.547115384615,3.838
"766",76.5,22.2990231343284,-269.297785714285,3.838
"767",76.6,22.28501,-272.392945454545,3.838
"768",76.7,22.294468358209,-271.425672727273,3.838
"769",76.8,22.2839857894737,-269.183422764228,3.83731707317073
"770",76.9,22.2780753731343,-268.686674796748,3.83975609756098
"771",77,22.2859080597015,-267.225064516129,3.83806451612903
"772",77.1,22.2810445,-265.86298,3.83887
"773",77.2,22.2724597014925,-267.028791304348,3.838
"774",77.3,22.2831882706767,-270.33487826087,3.838
"775",77.4,22.2761217910448,-268.693504950495,3.838
"776",77.5,22.2825326315789,-267.528389380531,3.838
"777",77.6,22.2934045,-269.298300884956,3.838
"778",77.7,22.3122734328358,-274.10276,3.8376
"779",77.8,22.3201563636364,-272.486049504951,3.84164356435644
"780",77.9,22.291352238806,-271.589666666667,3.83888888888889
"781",78,22.3056915789474,-270.530314285714,3.838
"782",78.1,22.29738,-273.6811875,3.838
"783",78.2,22.2808991044776,-278.185894736842,3.838
"784",78.3,22.2609931578947,-276.812210526316,3.838
"785",78.4,22.27065,-275.427177777778,3.838
"786",78.5,22.280892406015,-275.171823529412,3.838
"787",78.6,22.2870665671642,-279.65837735849,3.83790566037736
"788",78.7,22.2793005970149,-278.254277227723,3.83692079207921
"789",78.8,22.269824040404,-276.666739130435,3.83513043478261
"790",78.9,22.2654082352941,-275.927555555555,3.839
"791",79,22.2756933333333,-279.861742574257,3.83888118811881
"792",79.1,22.2706420895522,-278.414142857143,3.838
"793",79.2,22.2547466165414,-277.542714285714,3.838
"794",79.3,22.2523470149254,-276.311883495146,3.838
"795",79.4,22.2648834653465,-277.979711340206,3.838
"796",79.5,22.2734762121212,-279.753722222222,3.838
"797",79.6,22.2714202985075,-278.518968085106,3.83793617021277
"798",79.7,22.2566893233083,-277.42406122449,3.83618367346939
"799",79.8,22.252488358209,-277.276067961166,3.8381067961165
"800",79.9,22.2259936,-283.922278350515,3.8389175257732
"801",80,22.2216781818182,-285.9476,3.838
"802",80.1,22.2349947058824,-284.45718627451,3.838
"803",80.2,22.2418539849624,-283.386020618557,3.838
"804",80.3,22.2469085,-282.688235294118,3.838
"805",80.4,22.2327636363636,-283.324444444444,3.838
"806",80.5,22.2375908333333,-283.349457943925,3.83798130841121
"807",80.6,22.223945,-282.422355140187,3.83704672897196
"808",80.7,22.2161363636364,-281.835638888889,3.838
"809",80.8,22.207048358209,-284.657307692308,3.83803296703297
"810",80.9,22.2279588059702,-285.67036,3.83888
"811",81,22.2500128,-284.950826086957,3.838
"812",81.1,22.2287805882353,-285.716043478261,3.838
"813",81.2,22.2198745454545,-289.657555555556,3.838
"814",81.3,22.2242858208955,-288.436072727273,3.838
"815",81.4,22.2473847368421,-287.682752577319,3.8380412371134
"816",81.5,22.25937,-292.99164516129,3.83994623655914
"817",81.6,22.2586873134328,-292.856777777778,3.83888888888889
"818",81.7,22.2557389473684,-291.640652173913,3.838
"819",81.8,22.2695056716418,-291.186575757576,3.838
"820",81.9,22.2432215151515,-295.36750877193,3.838
"821",82,22.2033633,-295.986807017544,3.838
"822",82.1,22.1971920895522,-294.454711111111,3.838
"823",82.2,22.1834408270677,-293.539433962264,3.838
"824",82.3,22.1737475,-294.041741935484,3.838
"825",82.4,22.1665102272727,-293.74737815126,3.838
"826",82.5,22.1650820895522,-292.627210084034,3.838
"827",82.6,22.1635597014925,-291.184607476635,3.83633644859813
"828",82.7,22.174484,-290.800176470588,3.83895098039216
"829",82.8,22.1656958823529,-299.044641025641,3.838
"830",82.9,22.1745518181818,-298.266008547008,3.838
"831",83,22.1617814925373,-296.245534653465,3.838
"832",83.1,22.1619847368421,-294.921732673267,3.838
"833",83.2,22.1640244,-294.731888888889,3.83811111111111
"834",83.3,22.1668380597015,-301.141573913043,3.83868695652174
"835",83.4,22.1577868181818,-303.296356521739,3.83607826086957
"836",83.5,22.1574544776119,-301.59594949495,3.838
"837",83.6,22.1624214285714,-299.846735294118,3.83804901960784
"838",83.7,22.1521822,-299.867395604396,3.83896703296703
"839",83.8,22.1517217910448,-308.31548,3.838
"840",83.9,22.1722277272727,-306.072090909091,3.838
"841",84,22.2076702941176,-304.23796039604,3.838
"842",84.1,22.2286088721805,-302.63,3.83811009174312
"843",84.2,22.2279427722772,-301.726244680851,3.83903191489362
"844",84.3,22.2549387878788,-306.538211009174,3.83983486238532
"846",84.5,22.24022,-302.949444444444,3.83888888888889
"847",84.6,22.2315470676692,-302.197565217391,3.838
"848",84.7,22.2417801492537,-301.59303030303,3.838
"849",84.8,22.2441408270677,-307.41176,3.838
"850",84.9,22.2346666336634,-312.06604950495,3.838
"851",85,22.2244189552239,-310.760586206897,3.838
"852",85.1,22.2285326315789,-309.807137931034,3.838
"853",85.2,22.2265420895522,-308.144636363636,3.83812121212121
"854",85.3,22.2277984210526,-307.482306930693,3.839
"855",85.4,22.2067797029703,-311.215654205608,3.83888785046729
"856",85.5,22.2006659090909,-313.89085106383,3.838
"857",85.6,22.2120105263158,-312.486776699029,3.838
"858",85.7,22.2153737313433,-310.959936842105,3.838
"859",85.8,22.2298918939394,-309.985567567568,3.838
"860",85.9,22.2253811,-309.020866666667,3.83802222222222
"861",86,22.2276648484848,-308.869495412844,3.83877981651376
"862",86.1,22.2191803007519,-314.578042105263,3.837
"863",86.2,22.22773,-318.323224489796,3.837
"864",86.3,22.2466078195489,-316.476519230769,3.83709615384615
"865",86.4,22.2322929850746,-314.984891089109,3.838
"866",86.5,22.2368561654135,-313.699483870968,3.838
"867",86.6,22.2415762376238,-312.496727272727,3.838
"868",86.7,22.2693988059702,-311.930871287129,3.838
"869",86.8,22.2500910526316,-312.657058823529,3.83789915966387
"870",86.9,22.2629601492537,-323.115882352941,3.83705882352941
"871",87,22.2644305263158,-322.800855769231,3.83968269230769
"872",87.1,22.2583672,-320.530545454545,3.83875757575758
"873",87.2,22.2667863636364,-319.08982,3.83713
"874",87.3,22.2707740601504,-317.89888,3.838
"875",87.4,22.2742043283582,-316.719394736842,3.838
"876",87.5,22.2859384210526,-315.837815789474,3.838
"877",87.6,22.2837511,-314.982696969697,3.838
"878",87.7,22.289743030303,-317.181403669724,3.83788073394495
"879",87.8,22.2713963909774,-321.908083333333,3.83695833333333
"880",87.9,22.2704285294118,-320.178923809524,3.83622857142857
"881",88,22.2886360150376,-318.392112244898,3.8389693877551
"882",88.1,22.2846372,-317.083212962963,3.838
"883",88.2,22.2688722727273,-316.167472222222,3.838
"884",88.3,22.2357976691729,-315.222350515464,3.838
"885",88.4,22.210838358209,-314.067296703297,3.838
"886",88.5,22.2180663157895,-313.145561904762,3.838
"887",88.6,22.2036680597015,-313.443200000001,3.838
"888",88.7,22.1959169402985,-327.256833333333,3.83783333333333
"889",88.8,22.216925,-330.76272,3.83624
"890",88.9,22.2374823880597,-328.441696969697,3.838
"891",89,22.1975953383459,-326.685888888889,3.83777777777778
"892",89.1,22.1864388059701,-325.131188034188,3.83606837606838
"893",89.2,22.195230075188,-323.932165048544,3.83890291262136
"894",89.3,22.2116186,-322.852234042553,3.838
"895",89.4,22.2070421212121,-322.632528301887,3.838
"896",89.5,22.213907368421,-327.423849056603,3.838
"897",89.6,22.226008358209,-332.175662921348,3.83796629213483
"898",89.7,22.2368254887218,-329.65424,3.83536
"899",89.8,22.2352502985075,-327.9968,3.83788
"900",89.9,22.2419767,-326.64556,3.83736
"901",90,22.2428471428571,-325.35808,3.83988
"902",90.1,22.2344111764706,-324.132803149606,3.83890551181102
"903",90.2,22.2280414285714,-323.389496062992,3.83811811023622
"904",90.3,22.2369865671642,-336.708078947368,3.838
"905",90.4,22.2371157894737,-335.831763157895,3.838
"906",90.5,22.2231588888889,-334.115620689655,3.83811206896552
"907",90.6,22.2388052238806,-333.07424137931,3.83897413793103
"908",90.7,22.2282654135338,-331.399988764045,3.83701123595506
"909",90.8,22.2344982089552,-329.885424242424,3.83812121212121
"910",90.9,22.20996,-329.786861386139,3.839
"911",91,22.1996118,-334.855884615385,3.83888461538462
"912",91.1,22.219398358209,-338.948990990991,3.838
"913",91.2,22.2223539097744,-336.936378378378,3.838
"914",91.3,22.2261192537313,-335.237100917431,3.838
"916",91.5,22.2239044,-332.848455445545,3.83792079207921
"917",91.6,22.22438,-332.156472527473,3.83603296703297
"918",91.7,22.2230154887218,-339.146714285714,3.83711428571429
"919",91.8,22.2267576470588,-343.537981132075,3.838
"920",91.9,22.2295809774436,-341.864933333333,3.838
"921",92,22.2101068,-340.058266666667,3.838
"922",92.1,22.2057470149254,-338.52792,3.838
"923",92.2,22.1987436363636,-337.482862068966,3.838
"924",92.3,22.2079117910448,-339.473379310345,3.838
"925",92.4,22.2001220300752,-345.258305263158,3.837
"926",92.5,22.1992558208955,-343.217554455446,3.83738613861386
"927",92.6,22.1820611940298,-341.820689320388,3.83965048543689
"928",92.7,22.1833882,-340.501475247525,3.83708910891089
"929",92.8,22.1841810447761,-338.336666666666,3.838
"930",92.9,22.2198696240602,-336.246555555556,3.838
"931",93,22.2330805970149,-335.001681318681,3.838
"932",93.1,22.2325778195489,-334.509346534654,3.838
"933",93.2,22.236827,-337.944363636364,3.838
"934",93.3,22.2051641791045,-342.650770642202,3.83776146788991
"935",93.4,22.2202225,-340.702129032258,3.83608602150538
"936",93.5,22.2213186567164,-339.14097,3.83811
"937",93.6,22.2207543609023,-337.921908163265,3.83866326530612
"938",93.7,22.2315248,-338.453333333333,3.83622222222222
"939",93.8,22.2400562686567,-347.778974358975,3.83793162393162
"940",93.9,22.2396948484848,-347.2295,3.838
"941",94,22.25111,-345.0395,3.838
"942",94.1,22.2618910526316,-344.557168141593,3.838
"944",94.3,22.2141717910448,-346.78968,3.8366
"945",94.4,22.1941309090909,-345.359908256881,3.84066972477064
"946",94.5,22.2235230882353,-345.447690909091,3.83802727272727
"947",94.6,22.2116111363636,-345.704054545455,3.83893636363636
"948",94.7,22.2094925373134,-343.696634408602,3.83894623655914
"949",94.8,22.2192595488722,-342.959878048781,3.838
"950",94.9,22.2109329,-346.700528455285,3.838
"951",95,22.2150838235294,-346.733295918367,3.838
"952",95.1,22.2091120454545,-345.302540816326,3.838
"953",95.2,22.1886388059702,-344.61125,3.838
"954",95.3,22.1856018045113,-344.510916666667,3.83787962962963
"955",95.4,22.1970867,-343.255228260869,3.83710869565217
"956",95.5,22.2061225373134,-348.310678899082,3.83888073394495
"957",95.6,22.2201251515152,-350.601267326733,3.838
"958",95.7,22.2306011764706,-349.094175824176,3.838
"959",95.8,22.2101018045113,-349.597333333333,3.838
"960",95.9,22.203125,-350.232791666667,3.838
"961",96,22.1972686567164,-348.711349514563,3.83807766990291
"962",96.1,22.2002806060606,-348.101221153846,3.83895192307692
"963",96.2,22.2028582352941,-351.944,3.838
"964",96.3,22.2212512121212,-353.575644444444,3.83797777777778
"965",96.4,22.2199888235294,-352.177890909091,3.83721818181818
"966",96.5,22.2292989552239,-353.161936842105,3.83897894736842
"967",96.6,22.2425138,-355.543854166667,3.838
"968",96.7,22.2430720588235,-353.818177570093,3.838
"969",96.8,22.2264704545455,-352.862304347826,3.838
"970",96.9,22.229956119403,-355.0655,3.838
"971",97,22.21971,-353.753,3.838
"972",97.1,22.2228146,-352.581,3.838
"973",97.2,22.239362238806,-355.874069306931,3.8389900990099
"974",97.3,22.2450097014925,-355.415084033613,3.838
"975",97.4,22.232096119403,-354.199117647059,3.838
"976",97.5,22.2171895454545,-359.214548387097,3.838
"977",97.6,22.2350123,-357.832818181818,3.838
"978",97.7,22.246022238806,-358.144008928571,3.838
"979",97.8,22.2195713533835,-357.583414141414,3.838
"980",97.9,22.2131568656716,-357.642,3.838
"981",98,22.2258081954887,-357.76097979798,3.83710101010101
"982",98.1,22.2178632835821,-358.93863,3.83822
"983",98.2,22.2139259405941,-357.5459,3.83989
"984",98.3,22.2083122727273,-355.410888888889,3.83888888888889
"985",98.4,22.2105474626866,-355.681275862069,3.838
"986",98.5,22.2212745864662,-357.27524137931,3.838
"987",98.6,22.2387450746269,-358.146927835052,3.838
"988",98.7,22.2365475757576,-359.456,3.838
"989",98.8,22.241304,-360.75305785124,3.83809917355372
"990",98.9,22.2294247058824,-361.29520661157,3.83892561983471
"991",99,22.2374031578947,-362.599606382979,3.84190425531915
"992",99.1,22.2290025373134,-363.508693877551,3.83789795918367
"993",99.2,22.2284339393939,-363.091157894737,3.8371052631579
"994",99.3,22.2421537254902,-363.300807017544,3.83798245614035
"995",99.4,22.2328745454545,-365.18282,3.838
"996",99.5,22.2266633082707,-367.739663551402,3.838
"997",99.6,22.2341317647059,-367.822666666667,3.838
"998",99.7,22.2388515789474,-367.837,3.838
"999",99.8,22.2358418181818,-368.162727272727,3.83818181818182
"1000",99.9,22.2629881818182,-367.756435643564,3.83990099009901
"1001",100,22.2626784210526,-367.47,3.839
"1002",100.1,22.2549607462687,-366.755625,3.839
"1003",100.2,22.2587944360902,-366.811875,3.839
"1004",100.3,22.2720856716418,-367.520196078432,3.838
"1005",100.4,22.2715823880597,-370.490490909091,3.838
"1006",100.5,22.2452054,-371.395945454545,3.838
"1007",100.6,22.2327980597015,-371.845740384615,3.838
"1008",100.7,22.2556430827068,-371.7347,3.8389
"1009",100.8,22.2816161764706,-371.953285714286,3.838
"1010",100.9,22.2551642105263,-371.743330275229,3.83811009174312
"1011",101,22.2382438,-372.225618556701,3.83903092783505
"1012",101.1,22.2345709090909,-372.039653465347,3.83988118811881
"1013",101.2,22.2334932330827,-371.76469072165,3.838
"1014",101.3,22.2336362686567,-371.729083333333,3.838
"1015",101.4,22.2383110526316,-371.345227722772,3.838
"1016",101.5,22.2444171,-370.849201923077,3.838
"1017",101.6,22.2430260606061,-370.158395833333,3.838
"1018",101.7,22.222085112782,-371.126214285714,3.83819642857143
"1019",101.8,22.214487761194,-372.019071428572,3.83998214285714
"1020",101.9,22.2261491729323,-372.655099009901,3.837
"1021",102,22.2184441791045,-374.542857142857,3.83710204081633
"1022",102.1,22.2179723,-374.153882352941,3.838
"1023",102.2,22.2154212030075,-374.736235294118,3.838
"1024",102.3,22.2048892537313,-375.42958974359,3.838
"1025",102.4,22.2084994736842,-375.826170940171,3.838
"1026",102.5,22.2132353731343,-376.700063829787,3.838
"1027",102.6,22.2065558646617,-376.939716981132,3.83831132075472
"1028",102.7,22.201148,-376.568039215686,3.84090196078431
"1029",102.8,22.2266044776119,-377.133990291262,3.839
"1031",103,22.2103220895522,-378.463137614679,3.838
"1032",103.1,22.2111819548872,-378.69756043956,3.838
"1033",103.2,22.211078,-378.665741071429,3.838
"1034",103.3,22.1929657575758,-377.745205357143,3.838
"1035",103.4,22.2070316541353,-374.617145454545,3.83810909090909
"1036",103.5,22.2104591176471,-374.506483516484,3.83895604395604
"1037",103.6,22.2152487969925,-374.67812264151,3.83710377358491
"1038",103.7,22.21936,-375.243428571429,3.83790476190476
"1040",103.9,22.1859062121212,-376.722198198198,3.83704504504504
"1041",104,22.201357761194,-377.386162162162,3.83794594594595
"1042",104.1,22.1912617293233,-377.675917431193,3.838
"1043",104.2,22.1827582089552,-378.3934,3.838
"1044",104.3,22.1912982089552,-379.75828,3.838
"1045",104.4,22.20209,-379.841990384615,3.83810576923077
"1046",104.5,22.1938571641791,-381.077572916666,3.83892708333333
"1047",104.6,22.2045176691729,-383.06667,3.83811
"1048",104.7,22.2129574626866,-385.2397,3.83867
"1049",104.8,22.2024570676692,-386.21929,3.83622
"1050",104.9,22.193448,-385.78226,3.838
"1051",105,22.1976624242424,-386.329365384615,3.838
"1052",105.1,22.2108179699248,-386.661957894737,3.838
"1053",105.2,22.2120713432836,-386.23688,3.838
"1054",105.3,22.2135351879699,-386.179445378151,3.83789915966387
"1055",105.4,22.2064671,-385.524823529412,3.83705882352941
"1056",105.5,22.2201122727273,-384.965555555556,3.83711111111111
"1057",105.6,22.2158517293233,-385.995018181818,3.83810909090909
"1058",105.7,22.2167988235294,-388.884357894737,3.83897894736842
"1059",105.8,22.2489332330827,-389.161841584158,3.838
"1060",105.9,22.2717401492537,-388.93276,3.838
"1061",106,22.2623501980198,-389.192811881188,3.838
"1062",106.1,22.2664072727273,-389.6294,3.838
"1063",106.2,22.2698195522388,-389.261759615385,3.83795192307692
"1064",106.3,22.2572836842105,-389.355811111111,3.837
"1065",106.4,22.2486495522388,-389.376165048544,3.837
"1066",106.5,22.2663009022556,-389.702542857143,3.83707619047619
"1067",106.6,22.2816554,-389.88696875,3.838
"1068",106.7,22.2962328358209,-389.797875,3.838
"1069",106.8,22.2884151879699,-390.3453,3.838
"1070",106.9,22.2604358208955,-391.166991071429,3.838
"1071",107,22.2733218045113,-391.921455357143,3.838
"1072",107.1,22.2676164,-392.342745283019,3.838
"1073",107.2,22.2841091044776,-393.122380952381,3.839
"1075",107.4,22.3214114925373,-394.848315789474,3.838
"1076",107.5,22.3008656390977,-395.651666666667,3.838
"1077",107.6,22.3123676,-396.401503937008,3.838
"1078",107.7,22.3293365671642,-396.87237007874,3.838
"1079",107.8,22.3393333333333,-397.132833333333,3.838
"1080",107.9,22.3472880882353,-396.518570093458,3.83790654205607
"1081",108,22.3520138345865,-396.167681318681,3.837
"1082",108.1,22.3471474626866,-392.241618181818,3.837
"1083",108.2,22.3266944776119,-392.114934782609,3.83702173913044
"1084",108.3,22.3201211,-392.0333,3.8381
"1085",108.4,22.3476004411765,-391.745754716981,3.83881132075472
"1086",108.5,22.3581921212121,-391.950826086956,3.83704347826087
"1087",108.6,22.3661395522388,-393.13324137931,3.838
"1088",108.7,22.3725155639098,-393.118586206897,3.838
"1089",108.8,22.3762114,-392.845193548387,3.83709677419355
"1090",108.9,22.3823111940299,-393.671806451613,3.83790322580645
"1091",109,22.3895163636364,-393.47754,3.83822
"1092",109.1,22.4051192537313,-393.94017,3.83978
"1093",109.2,22.4134993233083,-394.054522123894,3.83809734513274
"1094",109.3,22.4190998,-394.713814159292,3.83898230088496
"1095",109.4,22.4115032835821,-395.482128712871,3.83711881188119
"1096",109.5,22.423435,-396.07483,3.838
"1097",109.6,22.42504,-396.186638095238,3.83789523809524
"1098",109.7,22.4192565413534,-396.757446808511,3.83706382978723
"1099",109.8,22.4302,-397.01036,3.83788
"1100",109.9,22.4349594059406,-396.975153846154,3.83723076923077
"1101",110,22.4360763636364,-397.718,3.839
"1102",110.1,22.4323241791045,-397.98412,3.83896
"1103",110.2,22.4499656390977,-398.290300970874,3.83796116504854
"1104",110.3,22.4625843283582,-397.476676767677,3.837
"1105",110.4,22.4452853383459,-397.035285714286,3.837
"1106",110.5,22.4660432,-396.135838709678,3.83704301075269
"1107",110.6,22.5049011764706,-394.95609,3.83789
"1108",110.7,22.4950004545455,-394.224056603774,3.83720754716981
"1109",110.8,22.4876235820896,-393.909894736842,3.83889473684211
"1110",110.9,22.4678411278196,-394.216103448276,3.83708620689655
"1111",111,22.4767536,-396.397137931034,3.83794827586207
"1112",111.1,22.5048998507463,-398.262103092784,3.838
"1113",111.2,22.508595,-398.223805825243,3.8378932038835
"1114",111.3,22.5127543283582,-398.062923076923,3.837
"1115",111.4,22.50242,-397.858391304348,3.837
"1116",111.5,22.487691,-397.85656,3.837
"1117",111.6,22.5197462686567,-397.72948,3.837
"1118",111.7,22.5378084210526,-397.35492,3.83688
"1119",111.8,22.5536295588235,-397.375613861386,3.83611881188119
"1120",111.9,22.5711491666667,-397.83647,3.837
"1121",112,22.5401911940299,-398.547206349206,3.8370873015873
"1122",112.1,22.529486119403,-398.72180952381,3.83788095238095
"1123",112.2,22.5597876,-399.204214285714,3.83709821428571
"1124",112.3,22.5813461764706,-399.297071428571,3.83799107142857
"1125",112.4,22.5632927272727,-400.43911,3.83701
"1126",112.5,22.565312238806,-401.346677083333,3.83798958333333
"1127",112.6,22.5765769172932,-401.893211538462,3.83704807692308
"1128",112.7,22.5721862,-402.034966292135,3.83796629213483
"1129",112.8,22.5834811940299,-401.916470588235,3.83523529411765
"1130",112.9,22.5711033333333,-401.7518,3.837
"1131",113,22.5659053731343,-402.0917,3.8371
"1132",113.1,22.5992915789474,-401.770916666667,3.83791666666667
"1133",113.2,22.6223799,-401.830083333333,3.83708333333333
"1134",113.3,22.6302328358209,-402.489666666667,3.837
"1135",113.4,22.6352463157895,-402.666404255319,3.837
"1136",113.5,22.6333534328358,-403.049756756757,3.83709009009009
"1137",113.6,22.6292126315789,-402.517324324324,3.83799099099099
"1138",113.7,22.6461762686567,-402.460091743119,3.83716513761468
"1140",113.9,22.6546363157895,-398.9017,3.838
"1141",114,22.6574353731343,-398.159637362637,3.83798901098901
"1142",114.1,22.6553225,-398.051245283019,3.837
"1143",114.2,22.652391641791,-398.20114893617,3.837
"1144",114.3,22.6758463157895,-398.53746728972,3.837
"1145",114.4,22.6798793,-398.955563829787,3.837
"1146",114.5,22.6917326470588,-399.93096039604,3.837
"1147",114.6,22.7248233333333,-402.130961904762,3.837
"1148",114.7,22.7366601492537,-404.005891304348,3.837
"1149",114.8,22.7342584210526,-403.690367521368,3.83681196581197
"1150",114.9,22.758561,-405.166435897436,3.83510256410256
"1151",115,22.77015,-405.650632653061,3.837
"1152",115.1,22.7605521052632,-406.309598130841,3.837
"1153",115.2,22.7711662686567,-406.509928571429,3.837
"1154",115.3,22.7555563636364,-405.999210526316,3.837
"1155",115.4,22.7419557425743,-405.688615384615,3.83688461538462
"1156",115.5,22.7695013636364,-405.746461538462,3.83607692307692
"1157",115.6,22.7868271428571,-405.165386138614,3.837
"1158",115.7,22.78919,-404.593322580645,3.83703225806452
"1159",115.8,22.7757168421053,-403.7288,3.8379
"1160",115.9,22.8105620895522,-402.320333333333,3.837
"1161",116,22.8205589473684,-402.08703030303,3.837
"1162",116.1,22.8135266336634,-401.3081875,3.837
"1163",116.2,22.8151541791045,-399.925311926606,3.837
"1164",116.3,22.8014836090226,-398.698824175824,3.83701098901099
"1165",116.4,22.8250367164179,-400.615698412699,3.83792063492064
"1166",116.5,22.8172133333333,-403.742682539682,3.83712698412698
"1167",116.6,22.8359877227723,-403.564038461538,3.837
"1168",116.7,22.87638,-402.498653846154,3.837
"1169",116.8,22.8674242105263,-401.132644444444,3.837
"1170",116.9,22.8640637313433,-401.621096153846,3.837
"1171",117,22.8559447368421,-402.1935,3.837
"1172",117.1,22.8653273,-401.321525773196,3.837
"1173",117.2,22.912316969697,-400.69872,3.836904
"1174",117.3,22.9392957142857,-400.35472,3.836104
"1175",117.4,22.9425817647059,-399.89946875,3.83146875
"1176",117.5,22.9637384210526,-398.878401869159,3.83779439252336
"1177",117.6,22.9679240298507,-398.35514159292,3.83596460176991
"1178",117.7,22.9696276,-398.058681415929,3.8350796460177
"1179",117.8,22.9850205263158,-396.887944444444,3.836
"1180",117.9,23.0070841791045,-396.09435106383,3.83603191489362
"1181",118,23.0154610526316,-396.260818181818,3.83690909090909
"1182",118.1,23.0077689552239,-394.971,3.8361
"1183",118.2,23.0327993939394,-393.793636363636,3.83672727272727
"1185",118.4,23.0849947058824,-391.127138613861,3.83610891089109
"1186",118.5,23.101717593985,-391.744,3.8369
"1187",118.6,23.0982191176471,-389.708070707071,3.836
"1188",118.7,23.10203,-389.629596774194,3.836
"1189",118.8,23.0977046268657,-388.344112903226,3.836
"1190",118.9,23.1211925,-386.598571428571,3.836
"1191",119,23.1601521804511,-385.844494382023,3.83507865168539
"1192",119.1,23.2026966666667,-382.697285714286,3.83680952380952
"1193",119.2,23.2033889473684,-381.60729787234,3.835
"1194",119.3,23.188684040404,-380.111466019417,3.8351067961165
"1195",119.4,23.1987527272727,-377.615081632653,3.83591836734694
"1196",119.5,23.1822586466165,-378.346242718447,3.835
"1197",119.6,23.175425,-376.134557692308,3.835
"1198",119.7,23.2024771428571,-373.071087912088,3.83503296703297
"1199",119.8,23.2169728358209,-370.017705882353,3.83588235294118
"1200",119.9,23.2335252238806,-366.993353535353,3.83510101010101
"1201",120,23.2453218,-363.583560747664,3.83610280373832
"1202",120.1,23.2626467164179,-360.480677419355,3.83695698924731
"1203",120.2,23.2928636842105,-357.624901960784,3.83589215686275
"1204",120.3,23.329847761194,-354.823451923077,3.835
"1205",120.4,23.3352778947368,-352.376322580645,3.835
"1206",120.5,23.3425341,-349.791267326733,3.835
"1207",120.6,23.3603504545455,-347.295432692307,3.835
"1208",120.7,23.39471,-345.058743362832,3.835
"1209",120.8,23.4314241176471,-343.369362831858,3.835
"1210",120.9,23.4496642105263,-340.880363636364,3.83481818181818
"1212",121.1,23.4839284848485,-337.108558558558,3.83593693693694
"1213",121.2,23.4832828571429,-335.502252252252,3.83503603603604
"1214",121.3,23.4827143283582,-333.562054945055,3.83204395604396
"1215",121.4,23.5145585714286,-331.7905,3.8359
"1216",121.5,23.536066119403,-330.225366336634,3.835
"1217",121.6,23.568695,-328.657836734694,3.835
"1218",121.7,23.6141971428571,-327.09943,3.835
"1219",121.8,23.6415585074627,-325.736864864865,3.8350990990991
"1221",122,23.6659617910448,-322.900485148515,3.837
"1222",122.1,23.6919857142857,-321.642009708738,3.83670873786408
"1223",122.2,23.6956176,-320.4595,3.83407291666667
"1224",122.3,23.7012314925373,-319.137292035398,3.835
"1225",122.4,23.73103,-318.039946902655,3.835
"1226",122.5,23.7512841176471,-316.748035714286,3.835
"1228",122.7,23.7637061,-314.613808695652,3.83519130434783
"1229",122.8,23.7610957575758,-313.612069565217,3.83693043478261
"1230",122.9,23.7832728571429,-312.481530434783,3.83509565217391
"1231",123,23.8068273134328,-311.695443478261,3.8359652173913
"1232",123.1,23.8076828571429,-310.468714285714,3.8320612244898
"1233",123.2,23.7927624,-309.596702970297,3.835
"1234",123.3,23.8258465671642,-308.55557480315,3.835
"1235",123.4,23.8591672727273,-308.041401574803,3.835
"1236",123.5,23.841361641791,-306.6184,3.835
"1237",123.6,23.7993130075188,-305.965290322581,3.83503225806452
"1238",123.7,23.7783040298507,-304.987333333333,3.83590196078431
"1239",123.8,23.7871317910448,-304.136226804124,3.8349175257732
"1240",123.9,23.7920684,-303.447684210526,3.83409649122807
"1241",124,23.7933755223881,-302.626631578947,3.83497368421053
"1242",124.1,23.8074914285714,-301.708544554455,3.83217821782178
"1243",124.2,23.7954656716418,-301.033322580645,3.835
"1244",124.3,23.7856171428571,-300.3414,3.835
"1245",124.4,23.79846,-299.656168316832,3.835
"1246",124.5,23.8318431343284,-298.716426966292,3.835
"1247",124.6,23.8264838636364,-297.965058823529,3.835
"1248",124.7,23.8282776470588,-297.284037735849,3.83518867924528
"1249",124.8,23.8210285714286,-296.816021505376,3.83687096774194
"1250",124.9,23.8245056,-295.740396039604,3.83389108910891
"1251",125,23.8530764179105,-295.2282,3.8332
"1252",125.1,23.8491093181818,-294.435333333333,3.835
"1253",125.2,23.8238220895522,-293.87501,3.835
"1254",125.3,23.8440406015038,-293.32608,3.835
"1255",125.4,23.846221641791,-292.483715517241,3.835
"1256",125.5,23.8535513861386,-291.881129310345,3.835
"1257",125.6,23.8972372727273,-291.264266666667,3.837
"1258",125.7,23.9515211940298,-290.69640776699,3.83698058252427
"1259",125.8,24.0050541353383,-290.116796116505,3.83600970873786
"1260",125.9,24.0516313432836,-289.386301886792,3.83681132075472
"1261",126,24.0663157894737,-289.058774193548,3.835
"1262",126.1,24.054675,-288.458138613861,3.835
"1263",126.2,24.0671850746269,-287.711081632653,3.835
"1264",126.3,24.0663806015038,-287.095934579439,3.835
"1265",126.4,24.0727282352941,-286.445051020408,3.835
"1266",126.5,24.0660528571429,-285.956333333333,3.83506666666667
"1267",126.6,24.0530268,-285.597130434783,3.83595652173913
"1268",126.7,24.0581825373134,-284.911220338983,3.834
"1269",126.8,24.0905729545455,-284.293423728814,3.834
"1270",126.9,24.1035302985075,-284.236038461538,3.83488461538462
"1271",127,24.1002106015038,-283.806707070707,3.835
"1272",127.1,24.0984975,-283.202762376238,3.835
"1273",127.2,24.0985165671642,-282.54697979798,3.835
"1274",127.3,24.1112633333333,-282.19314,3.835
"1275",127.4,24.1237794117647,-281.5886,3.8351
"1276",127.5,24.1227443939394,-281.160311111111,3.83603333333333
"1277",127.6,24.124932238806,-280.935538461538,3.83836538461538
"1278",127.7,24.1237199253731,-280.27954,3.83321
"1279",127.8,24.139855,-279.88184375,3.83592708333333
"1280",127.9,24.1446579411765,-279.268580357143,3.835
"1281",128,24.1491286363636,-279.028401785714,3.835
"1282",128.1,24.1508228358209,-278.686551020408,3.835
"1283",128.2,24.1317021804511,-277.977738317757,3.835
"1284",128.3,24.12591,-277.902956043956,3.835
"1285",128.4,24.1437097014925,-277.443452830189,3.83522641509434
"1286",128.5,24.1697184848485,-277.042472727273,3.83683636363636
"1287",128.6,24.1890547058824,-276.567018181818,3.83410909090909
"1288",128.7,24.1916576691729,-276.323947368421,3.83226315789474
"1289",128.8,24.1942,-275.963421052632,3.83489473684211
"1290",128.9,24.1965710447761,-275.600417475728,3.835
"1291",129,24.1949456060606,-275.145705357143,3.835
"1292",129.1,24.1870444117647,-274.941510204082,3.83491836734694
"1293",129.2,24.1745960606061,-274.542116504854,3.834
"1294",129.3,24.1868344,-274.2,3.83414285714286
"1295",129.4,24.1831934328358,-273.808376146789,3.83591743119266
"1297",129.6,24.1888332835821,-272.82696,3.83589
"1298",129.7,24.2028510526316,-272.485356435644,3.835
"1299",129.8,24.214718358209,-272.3109,3.835
"1300",129.9,24.2090883458647,-272.000873786408,3.835
"1301",130,24.1890602970297,-271.626028846154,3.835
"1302",130.1,24.1548101492537,-271.461108910891,3.83505940594059
"1303",130.2,24.1467186466165,-271.033956521739,3.83697826086957
"1304",130.3,24.1368555882353,-270.72825,3.836
"1305",130.4,24.1593163636364,-270.39075,3.836
"1306",130.5,24.1730933663366,-270.176027522936,3.83581651376147
"1307",130.6,24.1713427272727,-269.903936842105,3.83401052631579
"1308",130.7,24.1752818045113,-269.4201875,3.835
"1309",130.8,24.1889144776119,-269.257333333333,3.835
"1310",130.9,24.1830217293233,-268.800666666667,3.835
"1311",131,24.1850025,-268.810161290323,3.83403225806452
"1312",131.1,24.1783078787879,-268.556347826087,3.83597826086957
"1313",131.2,24.1769087969925,-268.277445544554,3.835
"1314",131.3,24.1771798507463,-268.027545454545,3.83509090909091
"1315",131.4,24.1846921052632,-267.72399009901,3.83590099009901
"1316",131.5,24.1985168656716,-267.342545454546,3.835
"1317",131.6,24.198954887218,-267.055326732673,3.835
"1318",131.7,24.2073532673267,-266.83306557377,3.835
"1319",131.8,24.2275270149254,-266.656016393443,3.835
"1320",131.9,24.2070358646617,-266.22338317757,3.83509345794392
"1321",132,24.1774773134328,-265.90385,3.836
"1322",132.1,24.1484612030075,-265.791180851064,3.83596808510638
"1323",132.2,24.1328175,-265.441846153846,3.835
"1324",132.3,24.111705,-265.206803418803,3.835
"1325",132.4,24.1302764661654,-264.8871875,3.835
"1326",132.5,24.1468585294118,-264.607522123894,3.835
"1327",132.6,24.149994887218,-264.482743362832,3.835
"1328",132.7,24.1534875,-264.438735849057,3.835
"1329",132.8,24.1529284848485,-263.88627826087,3.83507826086957
"1330",132.9,24.1629056390977,-263.867147826087,3.83594782608696
"1331",133,24.1535046268657,-263.4898,3.834
"1332",133.1,24.1584793233083,-263.1017,3.8342
"1333",133.2,24.165987,-262.8483,3.8359
"1334",133.3,24.1578678787879,-262.678431034483,3.835
"1335",133.4,24.1677401503759,-262.48274137931,3.835
"1336",133.5,24.1847137313433,-262.404928571429,3.835
"1337",133.6,24.1872088721804,-262.140485436893,3.835
"1338",133.7,24.1777282089552,-261.967,3.835125
"1339",133.8,24.1839879104478,-261.8997,3.8368
"1340",133.9,24.1843856,-261.4287,3.8352
"1341",134,24.207281641791,-261.398260869565,3.83682608695652
"1342",134.1,24.2232196240601,-261.120869565217,3.83508695652174
"1343",134.2,24.2434641176471,-260.826990654206,3.83596261682243
"1344",134.3,24.2485495488722,-260.601757009346,3.83502803738318
"1345",134.4,24.2503275,-260.419322033898,3.835
"1346",134.5,24.2756957575758,-260.112542372881,3.835
"1347",134.6,24.2730884210526,-259.86997,3.83509
"1348",134.7,24.2684976119403,-259.69,3.83583333333333
"1349",134.8,24.2717268421053,-259.381010869565,3.83398913043478
"1350",134.9,24.2685132,-259.29226,3.83309
"1351",135,24.2812760606061,-259.271290909091,3.834
"1352",135.1,24.2949406766917,-258.896745454545,3.834
"1353",135.2,24.2765759701492,-258.5316,3.835
"1354",135.3,24.2700903007519,-258.441958762887,3.835
"1355",135.4,24.2762126865672,-258.420214285714,3.835
"1356",135.5,24.2649111940298,-258.125295918367,3.835
"1357",135.6,24.2661062,-257.87196039604,3.83521782178218
"1358",135.7,24.2412092537313,-257.7782,3.8368
"1359",135.8,24.2413721052632,-257.5675,3.835
"1360",135.9,24.2489607462687,-257.2739,3.8349
"1361",136,24.2479180451128,-257.223108910891,3.83419801980198
"1362",136.1,24.2685546,-256.846818181818,3.83590909090909
"1363",136.2,24.2969509090909,-256.8022,3.835
"1364",136.3,24.2748405970149,-256.762409836066,3.835
"1365",136.4,24.2536370588235,-256.616508196721,3.835
"1366",136.5,24.2503039849624,-256.285561797753,3.835
"1367",136.6,24.25003,-256.023941176471,3.83490196078431
"1368",136.7,24.2842172727273,-255.904595959596,3.83416161616162
"1369",136.8,24.2751544360902,-255.788504201681,3.8359243697479
"1370",136.9,24.2646588059702,-255.560773109244,3.83508403361345
"1371",137,24.2695780451128,-255.252443298969,3.83809278350516
"1372",137.1,24.2817372,-255.171,3.835
"1373",137.2,24.3000994029851,-255.214137254902,3.835
"1374",137.3,24.2890116666667,-254.617836734694,3.835
"1375",137.4,24.2795597014925,-254.337683168317,3.83509900990099
"1376",137.5,24.285715037594,-254.250972972973,3.83591891891892
"1377",137.6,24.3166465671642,-254.12845045045,3.83501801801802
"1378",137.7,24.3170167164179,-254.09147826087,3.83497826086957
"1379",137.8,24.299091,-254.017,3.83316822429907
"1380",137.9,24.2931094029851,-253.718125,3.835
"1381",138,24.2872090977444,-253.47093814433,3.835
"1382",138.1,24.2866314705882,-253.220862385321,3.835
"1384",138.3,24.3282125,-253.094146788991,3.83509174311927
"1385",138.4,24.318988030303,-252.858043478261,3.83596739130435
"1386",138.5,24.3367931578947,-252.853583333333,3.83333333333333
"1387",138.6,24.3524473134328,-252.759802197802,3.83698901098901
"1388",138.7,24.3266887969925,-252.61520754717,3.83552830188679
"1389",138.8,24.3240124242424,-252.255272727273,3.83114545454546
"1390",138.9,24.354877761194,-252.087090909091,3.83478181818182
"1391",139,24.3532936363636,-252.191597938144,3.835
"1392",139.1,24.3488273134328,-252.02119,3.835
"1393",139.2,24.3380860150376,-251.72575,3.83491666666667
"1394",139.3,24.3355289552239,-251.566453608247,3.83401030927835
"1395",139.4,24.3179552238806,-251.320127659574,3.83504255319149
"1396",139.5,24.3078849,-251.27753271028,3.83581308411215
"1397",139.6,24.3358837313433,-251.265020618557,3.834
"1398",139.7,24.336660075188,-250.993134615385,3.83405769230769
"1399",139.8,24.3185720588235,-250.634630434783,3.835
"1400",139.9,24.3284441353383,-250.5666,3.835
"1401",140,24.3257822,-250.4839,3.835
"1402",140.1,24.311236969697,-250.250452830189,3.835
"1403",140.2,24.3316527819549,-250.173536842105,3.835
"1404",140.3,24.3039962686567,-250.07218,3.83518
"1405",140.4,24.2746785714286,-250.068634615385,3.83691346153846
"1406",140.5,24.2532185,-249.996215686275,3.83595098039216
"1407",140.6,24.2284602985075,-249.687030927835,3.835
"1408",140.7,24.2371290909091,-249.591958762887,3.835
"1409",140.8,24.2491465671642,-249.536082644628,3.835
"1410",140.9,24.2507576691729,-249.259223140496,3.835
"1411",141,24.2467384,-249.128913043478,3.835
"1412",141.1,24.2460328358209,-248.908043478261,3.835
"1413",141.2,24.2421271212121,-248.879844036697,3.83508256880734
"1415",141.4,24.2176942105263,-248.5162,3.8332
"1416",141.5,24.221218358209,-248.408425742574,3.83519801980198
"1417",141.6,24.2592035820895,-248.460018691589,3.83683177570093
"1418",141.7,24.2656164,-248.2825,3.835
"1419",141.8,24.2516476470588,-248.098,3.835
"1420",141.9,24.2344118181818,-247.8173,3.835
"1421",142,24.2498370588235,-247.497454545455,3.835
"1422",142.1,24.2618396240602,-247.692,3.835
"1423",142.2,24.2519156,-247.455725490196,3.835
"1424",142.3,24.2601873134328,-247.551813084112,3.83507476635514
"1425",142.4,24.2836045454545,-247.203032967033,3.836
"1426",142.5,24.3134305882353,-247.195207920792,3.83590099009901
"1427",142.6,24.2997054545455,-247.073661016949,3.835
"1428",142.7,24.2868508,-246.814338983051,3.835
"1429",142.8,24.3257001492537,-246.92988,3.835
"1430",142.9,24.3181411363636,-247.02453,3.835
"1431",143,24.3018239705882,-246.729926605505,3.835
"1433",143.2,24.3007601492537,-246.191457943925,3.8367476635514
"1434",143.3,24.2981405970149,-246.044,3.83406451612903
"1435",143.4,24.2985352,-246.024263157895,3.83684210526316
"1436",143.5,24.30346,-245.804964912281,3.83508771929825
"1437",143.6,24.2949054545455,-245.6592,3.835
"1438",143.7,24.2798256716418,-245.864320388349,3.835
"1439",143.8,24.2812701503759,-245.570666666667,3.835
"1440",143.9,24.2960056,-245.451808510638,3.835
"1441",144,24.3161140298507,-245.34,3.83515384615385
"1442",144.1,24.3125463636364,-245.207844660194,3.83692233009709
"1443",144.2,24.3034701470588,-245.201698924731,3.835
"1444",144.3,24.3256547368421,-244.985,3.835
"1445",144.4,24.3371428,-244.914224489796,3.835
"1446",144.5,24.3303058208955,-244.660125,3.835
"1447",144.6,24.3301293939394,-244.63204950495,3.835
"1448",144.7,24.3183610294118,-244.498314285714,3.83491428571429
"1449",144.8,24.3267062878788,-244.516333333333,3.83396666666667
"1450",144.9,24.3477459,-244.349666666667,3.83313333333333
"1451",145,24.3552605970149,-244.255803738318,3.83407476635514
"1452",145.1,24.3391831578947,-243.845630434783,3.835
"1453",145.2,24.3171682089552,-243.8796,3.83482
"1454",145.3,24.2907901515152,-243.645382352941,3.83317647058824
"1455",145.4,24.286652238806,-243.677793814433,3.83492783505155
"1456",145.5,24.286603880597,-243.7464,3.8341
"1457",145.6,24.2732007,-243.462,3.835
"1458",145.7,24.2604561764706,-243.459454545455,3.8350202020202
"1459",145.8,24.2806082575758,-243.327031914894,3.83596808510638
"1460",145.9,24.2967735294118,-243.059457943925,3.83508411214953
"1461",146,24.3040021804511,-243.1043125,3.8359375
"1462",146.1,24.3162028,-242.9211,3.8333
"1463",146.2,24.334133880597,-242.776301886792,3.83783018867924
"1464",146.3,24.3263160902256,-242.948,3.835
"1465",146.4,24.3176017910448,-242.581663366337,3.835
"1466",146.5,24.3288034848485,-242.526095238095,3.83490476190476
"1467",146.6,24.3146452475248,-242.560980392157,3.834
"1468",146.7,24.2934075757576,-242.472723404255,3.83403191489362
"1469",146.8,24.3042603759398,-242.145642201835,3.83508256880734
"1471",147,24.2878954135338,-242.02458,3.83518
"1472",147.1,24.2836858208955,-241.70854,3.83682
"1473",147.2,24.3110148120301,-241.623387931034,3.835
"1474",147.3,24.3166109,-241.627698275862,3.835
"1475",147.4,24.3047948529412,-241.484666666667,3.83491666666667
"1476",147.5,24.2976246616541,-241.38056043956,3.83401098901099
"1477",147.6,24.284576119403,-241.234738317757,3.835
"1478",147.7,24.3066495454545,-241.074741935484,3.83503225806452
"1479",147.8,24.330838019802,-241.004142857143,3.83580952380952
"1480",147.9,24.3324921212121,-240.975526315789,3.83405263157895
"1481",148,24.3435881203008,-240.937181818182,3.835
"1482",148.1,24.3274469117647,-240.819257425743,3.835
"1483",148.2,24.2973558333333,-240.7036,3.835
"1484",148.3,24.3126401470588,-240.597171875,3.835
"1485",148.4,24.2994072277228,-240.558890625,3.835
"1486",148.5,24.2939315037594,-240.613666666667,3.83489215686274
"1487",148.6,24.3103865671642,-240.213272727273,3.834
"1488",148.7,24.3233045454545,-240.425327731092,3.834
"1489",148.8,24.3310097014925,-240.118605042017,3.834
"1490",148.9,24.3202267676768,-239.898294117647,3.83409803921569
"1491",149,24.3226259398496,-239.779326530612,3.835
"1492",149.1,24.3371840298507,-239.9605,3.835
"1493",149.2,24.3496296992481,-239.923961538461,3.835
"1494",149.3,24.3563540298507,-239.774927835052,3.835
"1495",149.4,24.3396018181818,-239.513962264151,3.835
"1496",149.5,24.3244407920792,-239.487443396226,3.835
"1497",149.6,24.3184501492537,-239.335556603774,3.835
"1498",149.7,24.3307809022556,-239.32028,3.83209
"1499",149.8,24.3394911764706,-239.218,3.83327272727273
"1500",149.9,24.3387702255639,-239.155722772277,3.83590099009901
"1501",150,24.3415576,-238.95615,3.835
"1502",150.1,24.3481478787879,-238.977445454545,3.835
"1503",150.2,24.3609289473684,-238.860172727273,3.835
"1504",150.3,24.37292,-238.848452830189,3.83500943396226
"1505",150.4,24.3674505263158,-238.693735849057,3.83595283018868
"1506",150.5,24.3583604,-238.609181818182,3.83409090909091
"1507",150.6,24.3733440909091,-238.597831683168,3.83490099009901
"1508",150.7,24.3621668421053,-238.386758928571,3.834
"1509",150.8,24.3631762686567,-238.384080357143,3.834
"1510",150.9,24.3713294736842,-238.078368421053,3.83492105263158
"1511",151,24.3489191044776,-238.03801754386,3.83404385964912
"1512",151.1,24.355066641791,-238.046771428571,3.83491428571429
"1513",151.2,24.3714892929293,-237.985257425743,3.83407920792079
"1514",151.3,24.391288358209,-237.842096774194,3.83596774193548
"1515",151.4,24.3886736842105,-237.704603960396,3.83490099009901
"1516",151.5,24.3923940298507,-237.53525,3.83408333333333
"1517",151.6,24.3741568421053,-237.711395604396,3.835
"1518",151.7,24.372617,-237.460773584906,3.835
"1519",151.8,24.3799592537313,-237.307063157895,3.835
"1520",151.9,24.3783231578947,-237.339818181818,3.83490909090909
"1521",152,24.3859438235294,-237.203445544554,3.83409900990099
"1522",152.1,24.3787641353384,-237.253,3.83517142857143
"1523",152.2,24.3711914,-237.24564,3.83692
"1524",152.3,24.3712807575758,-237.064494736842,3.83495789473684
"1525",152.4,24.3795605263158,-236.959476635514,3.834
"1526",152.5,24.3922097014925,-236.923913978495,3.83404301075269
"1527",152.6,24.3828810526316,-236.56851,3.83591
"1528",152.7,24.373542,-236.671090909091,3.835
"1529",152.8,24.3733363636364,-236.435363636364,3.835
"1531",153,24.3735537313433,-236.4225,3.834
"1532",153.1,24.3509787969925,-236.19353271028,3.834
"1533",153.2,24.3395474626866,-236.287393939394,3.83406060606061
"1534",153.3,24.3489402985075,-236.323115789474,3.83591578947368
"1535",153.4,24.348745,-236.12541,3.83427
"1536",153.5,24.3607335820896,-236.161857142857,3.83682857142857
"1537",153.6,24.3491457894737,-236.054082568807,3.835
"1538",153.7,24.3330270588235,-235.531146788991,3.835
"1539",153.8,24.3504709022556,-235.690319587629,3.83407216494845
"1540",153.9,24.3770815,-235.547476190476,3.83490476190476
"1541",154,24.3772544776119,-235.498315789474,3.834
"1542",154.1,24.3860372727273,-235.540454545455,3.834
"1544",154.3,24.4037936842105,-235.337818181818,3.83472727272727
"1545",154.4,24.3814080597015,-235.036280373832,3.83228037383178
"1546",154.5,24.3825801980198,-235.135617021277,3.835
"1547",154.6,24.4002351515151,-235.12364,3.835
"1548",154.7,24.4105543283582,-235.10533,3.835
"1549",154.8,24.4129510526316,-234.936363636364,3.83490909090909
"1550",154.9,24.4198628358209,-234.723852459016,3.83408196721312
"1551",155,24.39022,-234.66237704918,3.83490163934426
"1552",155.1,24.3725018181818,-234.680504950495,3.83580198019802
"1553",155.2,24.39548,-234.667087378641,3.834
"1554",155.3,24.4094857142857,-234.5685,3.834
"1555",155.4,24.4178458208955,-234.490444444444,3.834
"1556",155.5,24.4128884962406,-234.536484210526,3.834
"1557",155.6,24.3972834,-234.621266666667,3.83406666666667
"1558",155.7,24.381477761194,-234.195412371134,3.8349793814433
"1559",155.8,24.4127418796992,-234.408842105263,3.83405263157895
"1560",155.9,24.4450527941176,-234.437207920792,3.83480198019802
"1561",156,24.4136842105263,-234.085155963303,3.83333027522936
"1563",156.2,24.3881669306931,-233.866631578947,3.8348947368421
"1564",156.3,24.3952015037594,-233.905089108911,3.83319801980198
"1565",156.4,24.3944134328358,-233.8166875,3.835
"1566",156.5,24.3783903759399,-233.7354375,3.835
"1567",156.6,24.3668270149254,-233.790666666667,3.834
"1568",156.7,24.3907802,-233.56917,3.834
"1569",156.8,24.3826861068702,-233.7815,3.834
"1570",156.9,24.3754408955224,-233.53195,3.83418
"1571",157,24.3897848120301,-233.329909090909,3.83581818181818
"1572",157.1,24.3873182089552,-233.518207920792,3.83459405940594
"1573",157.2,24.3754920300752,-233.321017391304,3.83953043478261
"1574",157.3,24.3813368,-233.23232173913,3.83431304347826
"1575",157.4,24.3974617647059,-233.13552631579,3.83405263157895
"1576",157.5,24.3769720454545,-232.934,3.8349
"1577",157.6,24.3700119117647,-232.979884955752,3.83408849557522
"1578",157.7,24.3892452631579,-232.988734513274,3.83497345132743
"1579",157.8,24.3952414925373,-232.939693069307,3.83419801980198
"1580",157.9,24.3681049504951,-232.850166666667,3.83591666666667
"1581",158,24.3650477272727,-232.795384615385,3.83498901098901
"1582",158.1,24.3888097014925,-232.641057692308,3.83409615384615
"1583",158.2,24.4099921052632,-232.55718,3.835
"1584",158.3,24.39645,-232.558018867925,3.83494339622641
"1586",158.5,24.4021638636364,-232.299192982456,3.83495614035088
"1587",158.6,24.4185814705882,-232.143052631579,3.83407894736842
"1588",158.7,24.4287738636364,-232.294672566372,3.834
"1589",158.8,24.4392004477612,-232.381398230088,3.834
"1590",158.9,24.4339660902256,-232.10103,3.83409
"1591",159,24.4209053535354,-232.074818181818,3.83490909090909
"1592",159.1,24.4169864705882,-232.104261261261,3.834
"1593",159.2,24.4188733333333,-232.016873873874,3.834
"1594",159.3,24.4130467164179,-231.7184,3.834
"1595",159.4,24.4239242105263,-231.669574074074,3.83409259259259
"1596",159.5,24.4383888,-231.682827956989,3.83495698924731
"1597",159.6,24.4409129411765,-231.582,3.83309090909091
"1598",159.7,24.4365709090909,-231.5537,3.8343
"1599",159.8,24.4323588235294,-231.514,3.837
"1600",159.9,24.4169767669173,-231.802551401869,3.83681308411215
"1601",160,24.4122373,-231.543989361702,3.83496808510638
"1602",160.1,24.4298911940299,-231.480116504854,3.834
"1603",160.2,24.434553030303,-231.443888888889,3.834
"1604",160.3,24.4392895522388,-231.342037037037,3.834
"1605",160.4,24.4328714285714,-231.46823,3.83391
"1606",160.5,24.4294367164179,-231.223583333333,3.833
"1607",160.6,24.430430990099,-231.065527472527,3.833
"1608",160.7,24.4388439849624,-231.0983,3.8331
"1609",160.8,24.4521152238806,-230.947801801802,3.83390990990991
"1610",160.9,24.4514030075188,-230.76581981982,3.83300900900901
"1611",161,24.4431979104478,-230.73538,3.834
"1612",161.1,24.4314284848485,-230.691416666667,3.834
"1613",161.2,24.4252132673267,-230.389350515464,3.83401030927835
"1614",161.3,24.4254550746269,-230.51816,3.83496
"1615",161.4,24.4303776691729,-230.499744680851,3.834
"1616",161.5,24.4510960294118,-230.530941747573,3.834
"1617",161.6,24.46346,-230.45975257732,3.83407216494845
"1618",161.7,24.4659841584158,-230.4753,3.8346
"1619",161.8,24.4392045454545,-230.1874,3.8314
"1620",161.9,24.437564887218,-230.227233009709,3.83490291262136
"1621",162,24.4359934328358,-230.06536,3.834
"1622",162.1,24.4443097744361,-230.093113402062,3.834
"1623",162.2,24.4463659701493,-229.886097087379,3.834
"1624",162.3,24.4102816,-229.973,3.83393457943925
"1626",162.5,24.3650792537313,-230.111048543689,3.83309708737864
"1627",162.6,24.354527593985,-229.793928571429,3.83414285714286
"1628",162.7,24.3106055223881,-229.869025,3.835775
"1629",162.8,24.303227979798,-229.558191666667,3.833275
"1630",162.9,24.3068266165414,-229.78534,3.834
"1631",163,24.3288570149254,-229.44842,3.834
"1632",163.1,24.3444731578947,-229.48687,3.834
"1633",163.2,24.3340040298507,-229.53167,3.83391
"1634",163.3,24.3567921969697,-229.5737421875,3.833140625
"1635",163.4,24.3938504950495,-229.4042109375,3.834703125
"1636",163.5,24.3929746268657,-229.126036585366,3.8330243902439
"1637",163.6,24.3842255639098,-229.115384615385,3.83395192307692
"1638",163.7,24.3994,-228.8734,3.834
"1639",163.8,24.3922987878788,-228.95098019802,3.834
"1640",163.9,24.3918789552239,-228.965090163934,3.834
"1641",164,24.3821323762376,-228.921647540984,3.834
"1642",164.1,24.3811660902256,-228.682765957447,3.834
"1643",164.2,24.3986940298507,-228.737039215686,3.83404901960784
"1644",164.3,24.3835460150376,-228.693734042553,3.83496808510638
"1645",164.4,24.3734964179105,-228.534818181818,3.83390909090909
"1646",164.5,24.3691129292929,-228.559237623762,3.833
"1647",164.6,24.3651767669173,-228.68774,3.83309
"1648",164.7,24.3743828358209,-228.49597,3.834
"1649",164.8,24.3778973684211,-228.515,3.834
"1650",164.9,24.3756998507463,-228.376188118812,3.834
"1651",165,24.3785884210526,-228.116636363636,3.83418181818182
"1652",165.1,24.3873304,-228.142743589744,3.83565811965812
"1653",165.2,24.4050198507463,-228.140179487179,3.83223931623932
"1654",165.3,24.3994727067669,-228.395545454545,3.835
"1655",165.4,24.3758464705882,-227.985909090909,3.83509090909091
"1657",165.6,24.362145,-227.9836,3.834
"1658",165.7,24.382398030303,-227.8579,3.834
"1659",165.8,24.3897489473684,-227.8858,3.834
"1660",165.9,24.3764649253731,-227.8107,3.8339
"1661",166,24.3825612781955,-227.711798449612,3.83307751937984
"1662",166.1,24.3816374626866,-227.649782945736,3.8338527131783
"1663",166.2,24.382697,-227.634857142857,3.835
"1664",166.3,24.3696506015038,-227.766603174603,3.835
"1665",166.4,24.3574852238806,-227.412315789474,3.83497894736842
"1666",166.5,24.374095037594,-227.433363636364,3.834
"1667",166.6,24.3884585074627,-227.51444,3.834
"1668",166.7,24.3804493939394,-227.477633663366,3.834
"1669",166.8,24.3892154135338,-227.375454545455,3.83407070707071
"1670",166.9,24.3988214925373,-227.159572649573,3.83513675213675
"1671",167,24.3885736842105,-227.179230769231,3.83684615384615
"1672",167.1,24.3776613432836,-227.135888888889,3.83403703703704
"1673",167.2,24.3638853383459,-227.058111111111,3.83496296296296
"1674",167.3,24.3524898,-227.113660194175,3.83494174757281
"1676",167.5,24.3861706015038,-226.806778846154,3.834
"1677",167.6,24.4027482352941,-226.866393617021,3.834
"1678",167.7,24.4259287969925,-226.66276,3.834
"1679",167.8,24.4241234328358,-226.63756,3.834
"1680",167.9,24.466015,-226.699681818182,3.83391818181818
"1681",168,24.4822889473684,-226.540590909091,3.83300909090909
"1682",168.1,24.4506371641791,-226.333333333333,3.83502150537634
"1683",168.2,24.4428647368421,-226.389106796116,3.83582524271845
"1684",168.3,24.455042238806,-226.33193877551,3.834
"1685",168.4,24.4436405,-226.24062962963,3.834
"1687",168.6,24.4573632835821,-226.20164,3.83409
"1688",168.7,24.4739488721805,-226.199782178218,3.835
"1689",168.8,24.4838005970149,-226.205712,3.835
"1690",168.9,24.4749240601504,-226.052112,3.835
"1691",169,24.4750456,-226.063981651376,3.83407339449541
"1692",169.1,24.4725197058824,-225.988752293578,3.83499082568807
"1693",169.2,24.4655470454545,-226.13536,3.834
"1694",169.3,24.4674535294118,-225.861297029703,3.834
"1695",169.4,24.4517521804511,-225.710650943396,3.834
"1696",169.5,24.4386128,-225.831712962963,3.834
"1697",169.6,24.4104456716418,-225.703009259259,3.834
"1698",169.7,24.3916697727273,-225.610191919192,3.834
"1699",169.8,24.3746614925373,-225.691009174312,3.83408256880734
"1701",170,24.3517368656716,-225.636980392157,3.834
"1702",170.1,24.3554759405941,-225.63903030303,3.834
"1703",170.2,24.3603510606061,-225.236,3.834
"1704",170.3,24.3802489552239,-225.447990740741,3.834
"1705",170.4,24.3890866165414,-225.519287037037,3.834
"1706",170.5,24.3745755223881,-225.428868852459,3.83493442622951
"1707",170.6,24.3612546,-225.277229508197,3.83411475409836
"1708",170.7,24.362385,-225.282717171717,3.83483838383838
"1709",170.8,24.386512238806,-225.065099009901,3.833
"1710",170.9,24.4013418796992,-225.18116,3.833
"1711",171,24.3668768656716,-224.976727272727,3.83308080808081
"1712",171.1,24.3537151879699,-224.977588235294,3.834
"1713",171.2,24.3789156,-224.895235294118,3.834
"1714",171.3,24.3804534328358,-224.90036,3.834
"1715",171.4,24.3797181954887,-224.753811881188,3.834
"1716",171.5,24.387025,-224.72797979798,3.834
"1717",171.6,24.3761644360902,-224.565153846154,3.834
"1718",171.7,24.4018074626866,-224.516978947368,3.834
"1719",171.8,24.4310617821782,-224.72033,3.834
"1720",171.9,24.4330771212121,-224.487148514851,3.834
"1721",172,24.4327973134328,-224.550299065421,3.834
"1722",172.1,24.425992631579,-224.551797979798,3.834
"1723",172.2,24.4163249253731,-224.334574468085,3.834
"1724",172.3,24.4465568,-224.269293577982,3.834
"1725",172.4,24.448245,-224.272963302752,3.834
"1726",172.5,24.43656,-224.272689320388,3.83392233009709
"1727",172.6,24.44745,-224.35525,3.83305208333333
"1728",172.7,24.451431641791,-224.190133928571,3.83383928571429
"1729",172.8,24.4399179699248,-224.124955357143,3.83205357142857
"1730",172.9,24.4239028,-224.164538461538,3.834
"1731",173,24.417135,-224.092743589744,3.834
"1732",173.1,24.43113,-223.84096,3.834
"1733",173.2,24.428875,-223.804,3.83393333333333
"1734",173.3,24.4019450746269,-223.779,3.8331
"1735",173.4,24.4019128,-223.428474576271,3.833
"1736",173.5,24.4200986567164,-223.6824,3.83393333333333
"1737",173.6,24.4128864393939,-223.51906185567,3.8340206185567
"1738",173.7,24.4046877941176,-223.519628865979,3.83484536082474
"1739",173.8,24.4014525954198,-223.459111111111,3.83216161616162
"1740",173.9,24.4120105970149,-223.27465,3.834
"1741",174,24.4009527722772,-223.35641,3.834
"1742",174.1,24.397075,-223.382504587156,3.83408256880734
"1744",174.3,24.396475,-223.19421,3.83407
"1745",174.4,24.3824758208955,-222.841428571429,3.83485714285714
"1746",174.5,24.3881415,-223.064,3.83308571428571
"1747",174.6,24.4117980451128,-223.157041666667,3.83404166666667
"1748",174.7,24.4333608955224,-223.090131313131,3.83491919191919
"1749",174.8,24.4284253030303,-223.069756756757,3.834
"1750",174.9,24.4209237313433,-222.700387387387,3.834
"1751",175,24.4229256390977,-222.867690909091,3.834
"1752",175.1,24.422904,-222.753145454545,3.834
"1753",175.2,24.4063217647059,-222.624217821782,3.8349900990099
"1754",175.3,24.4172503007519,-222.646,3.834
"1756",175.5,24.4183095488722,-222.750727272727,3.83308080808081
"1757",175.6,24.4167480597015,-222.826280373832,3.834
"1758",175.7,24.398037029703,-222.56940952381,3.834
"1759",175.8,24.397283129771,-222.639885714286,3.834
"1760",175.9,24.39824,-222.442121212121,3.834
"1761",176,24.38881,-222.591686868687,3.83391919191919
"1762",176.1,24.3922753731343,-222.26975,3.83309
"1763",176.2,24.4268738,-222.152563636364,3.83416363636364
"1764",176.3,24.4079326315789,-222.114381818182,3.83598181818182
"1765",176.4,24.372432238806,-222.1426,3.83398333333333
"1766",176.5,24.3840915909091,-222.1226,3.83315
"1767",176.6,24.3861986764706,-222.058818181818,3.834
"1768",176.7,24.3753084848485,-222.02887,3.834
"1769",176.8,24.3820293069307,-221.984525862069,3.834
"1770",176.9,24.4086462686567,-222.068146551724,3.834
"1771",177,24.4040487969925,-221.868479166667,3.83402083333333
"1772",177.1,24.3907804477612,-222.00487628866,3.83584536082474
"1773",177.2,24.4053118939394,-221.91228,3.83316
"1774",177.3,24.4112812871287,-221.722109090909,3.83492727272727
"1775",177.4,24.3987673134328,-221.748472727273,3.83401818181818
"1776",177.5,24.4106146616541,-221.746145631068,3.834
"1777",177.6,24.40251,-221.846480769231,3.834
"1778",177.7,24.37447,-221.63312173913,3.834
"1779",177.8,24.3856234328358,-221.509643478261,3.834
"1780",177.9,24.395965,-221.448161616162,3.833
"1781",178,24.3815255639098,-221.460514851485,3.83308910891089
"1782",178.1,24.3858426865672,-221.570181818182,3.83408080808081
"1783",178.2,24.4002351879699,-221.574981308411,3.83491588785047
"1784",178.3,24.4046140298507,-221.35908,3.834
"1785",178.4,24.4305033333333,-221.458515789474,3.834
"1786",178.5,24.4186145112782,-221.326509615385,3.834
"1787",178.6,24.3860032835821,-221.098734042553,3.834
"1788",178.7,24.3762693233083,-221.12586,3.834
"1789",178.8,24.3786452238806,-221.179544554455,3.83391089108911
"1790",178.9,24.3860683458647,-221.216222222222,3.83316161616162
"1791",179,24.386436,-221.095538461538,3.83492307692308
"1792",179.1,24.3573495588235,-220.99041025641,3.83406837606838
"1793",179.2,24.341019924812,-220.888545454545,3.83408181818182
"1794",179.3,24.3584117910448,-220.961272727273,3.83499090909091
"1795",179.4,24.3599596969697,-220.82787755102,3.834
"1796",179.5,24.377766119403,-220.910076923077,3.834
"1797",179.6,24.4098414851485,-220.818208333333,3.834
"1798",179.7,24.4088233082707,-220.87176,3.83416
"1799",179.8,24.3864988059701,-220.645464646465,3.83583838383838
"1800",179.9,24.382012481203,-220.71261,3.83409
"1801",180,24.4031674626866,-220.644416666667,3.835
"1802",180.1,24.4103360606061,-220.605215686275,3.83499019607843
"1803",180.2,24.4415390225564,-220.626784313726,3.83400980392157
"1804",180.3,24.4409598507463,-220.674115384615,3.834
"1805",180.4,24.4537312030075,-220.423701030928,3.834
"1806",180.5,24.4663507462687,-220.446769230769,3.834
"1807",180.6,24.4443336842105,-220.343450980392,3.83388235294118
"1808",180.7,24.4313905,-220.23535483871,3.83104301075269
"1809",180.8,24.4170855223881,-220.36199,3.83327
"1810",180.9,24.4332116541353,-220.101584158416,3.83582178217822
"1811",181,24.4407067164179,-220.123459459459,3.83414414414414
"1812",181.1,24.441352556391,-220.066702702703,3.83594594594595
"1813",181.2,24.4446695,-220.128566037736,3.834
"1814",181.3,24.4538886363636,-220.041531914894,3.834
"1815",181.4,24.4623384210526,-220.108326732673,3.83409900990099
"1816",181.5,24.4802094117647,-219.99066,3.835
"1817",181.6,24.4686878195489,-219.981,3.83490909090909
"1818",181.7,24.4541234328358,-220.0797,3.8341
"1819",181.8,24.4680552,-219.7165,3.8349
"1820",181.9,24.4535141353383,-219.777356435644,3.834
"1821",182,24.4485428358209,-219.634217391304,3.834
"1822",182.1,24.4263331578947,-219.62552173913,3.834
"1823",182.2,24.3924214925373,-219.5584,3.834
"1824",182.3,24.410117979798,-219.701679245283,3.834
"1825",182.4,24.4215171428571,-219.398961538462,3.83396153846154
"1827",182.6,24.3926669172932,-219.599553571429,3.83391071428571
"1828",182.7,24.4059119402985,-219.345089285714,3.83301785714286
"1829",182.8,24.4001102255639,-219.45818556701,3.83314432989691
"1830",182.9,24.3817168,-219.592297029703,3.83490099009901
"1831",183,24.362583880597,-219.47898,3.834
"1832",183.1,24.3624341353383,-219.22942,3.834
"1833",183.2,24.3836447058824,-219.256153846154,3.834
"1834",183.3,24.3951843609023,-219.168974358974,3.834
"1835",183.4,24.3879444776119,-219.070775510204,3.8340612244898
"1836",183.5,24.3836392,-219.309481481482,3.83485185185185
"1838",183.7,24.3652374626866,-219.042916666667,3.83408333333333
"1839",183.8,24.383975112782,-219.074369565217,3.835
"1840",183.9,24.3874135820896,-219.01565,3.83491
"1841",184,24.3891916,-219.003554545455,3.834
"1842",184.1,24.3657651515152,-219.020827272727,3.834
"1843",184.2,24.3469419402985,-218.83983,3.834
"1844",184.3,24.3647383458647,-219.00631,3.83418
"1845",184.4,24.3945265671642,-218.942163636364,3.83591818181818
"1846",184.5,24.4050052631579,-218.643981818182,3.83500909090909
"1847",184.6,24.3862728,-218.692757575758,3.833
"1848",184.7,24.3556582089552,-218.52762,3.83318
"1849",184.8,24.3660631578947,-218.71502,3.83491
"1850",184.9,24.3773397014925,-218.61039,3.834
"1851",185,24.3756260150376,-218.656307692308,3.834
"1852",185.1,24.375922,-218.448615384615,3.834
"1853",185.2,24.3861604477612,-218.577432692308,3.83408653846154
"1854",185.3,24.398205,-218.402364583333,3.835
"1855",185.4,24.4055776470588,-218.586235294118,3.83491176470588
"1856",185.5,24.3696440601504,-218.533214285714,3.83414285714286
"1857",185.6,24.3494862686567,-218.45358,3.83591
"1858",185.7,24.3918157425743,-218.15475,3.83491666666667
"1859",185.8,24.3862354545454,-218.251237113402,3.834
"1860",185.9,24.3589604477612,-218.278336448598,3.834
"1861",186,24.3382727819549,-218.393340206186,3.834
"1862",186.1,24.3335379104478,-218.282,3.834
"1863",186.2,24.3648488,-218.025116504854,3.83305825242718
"1865",186.4,24.3769641791045,-218.092657142857,3.834
"1866",186.5,24.4080210526316,-217.950642105263,3.83403157894737
"1867",186.6,24.4565295522388,-218.163343434343,3.83491919191919
"1868",186.7,24.44674,-217.913168316832,3.834
"1869",186.8,24.42005,-217.86064,3.834
"1870",186.9,24.4125247761194,-217.7054,3.834
"1871",187,24.41398,-217.68428,3.834
"1872",187.1,24.4238442647059,-217.661484848485,3.834
"1873",187.2,24.4459279699248,-217.74927,3.83409
"1874",187.3,24.444236119403,-217.659111888112,3.83493706293706
"1875",187.4,24.4228720792079,-217.638132867133,3.83423776223776
"1876",187.5,24.4246854545455,-217.56376,3.83491
"1877",187.6,24.4428223880597,-217.52119,3.834
"1878",187.7,24.4326197744361,-217.430732673267,3.834
"1879",187.8,24.4169613432836,-217.52,3.834
"1880",187.9,24.3939791,-217.506764705882,3.834
"1881",188,24.4223770454545,-217.359705882353,3.834
"1882",188.1,24.4354779411765,-217.266693877551,3.83497959183673
"1883",188.2,24.4327368181818,-217.342989473684,3.83404210526316
"1884",188.3,24.4223214925373,-217.228320754717,3.83483018867924
"1885",188.4,24.389667368421,-217.218625,3.83303125
"1886",188.5,24.3860014,-217.137151515152,3.834
"1887",188.6,24.3716192647059,-217.043535353535,3.834
"1888",188.7,24.3498893181818,-217.14799009901,3.834
"1889",188.8,24.3540937313433,-217.10748,3.834
"1890",188.9,24.3648505263158,-217.115222222222,3.834
"1891",189,24.3619606,-217.143,3.834
"1892",189.1,24.3448705970149,-217.015752475248,3.835
"1893",189.2,24.3523824242424,-216.924825242718,3.83484466019417
"1894",189.3,24.3809861764706,-217.079242718447,3.83309708737864
"1895",189.4,24.3787042105263,-216.884907216495,3.8349793814433
"1896",189.5,24.3701159701493,-216.750389380531,3.834
"1897",189.6,24.3723743564356,-216.99817699115,3.834
"1898",189.7,24.3617640909091,-216.672195876289,3.834
"1899",189.8,24.3554207352941,-216.901888888889,3.83392592592593
"1901",190,24.3585607462687,-216.737563106796,3.835
"1902",190.1,24.348803,-216.972121212121,3.8350101010101
"1903",190.2,24.3682909090909,-216.56,3.834
"1904",190.3,24.3745588235294,-216.563073684211,3.834
"1905",190.4,24.362975,-216.5972,3.834
"1906",190.5,24.3823249253731,-216.616465346535,3.834
"1907",190.6,24.396697518797,-216.670525252525,3.834
"1908",190.7,24.426942,-216.541082568807,3.834
"1909",190.8,24.4623326470588,-216.479614678899,3.834
"1910",190.9,24.4642475757576,-216.501069306931,3.833
"1911",191,24.4721252941176,-216.4525,3.833
"1912",191.1,24.4743242105263,-216.26922,3.83309
"1913",191.2,24.4847795522388,-216.314158415842,3.834
"1914",191.3,24.4936583168317,-216.239494949495,3.834
"1915",191.4,24.4628538636364,-216.273008196721,3.834
"1916",191.5,24.445565,-215.95087704918,3.834
"1917",191.6,24.4506145454545,-216.08302970297,3.834
"1918",191.7,24.4568195522388,-216.109339805825,3.83384466019417
"1919",191.8,24.451988,-216.051171717172,3.83215151515151
"1920",191.9,24.461022631579,-215.987142857143,3.83494285714286
"1921",192,24.485018358209,-215.807655462185,3.83400840336134
"1922",192.1,24.476342631579,-215.773201680672,3.8348487394958
"1923",192.2,24.4558128358209,-215.805588235294,3.83403529411765
"1924",192.3,24.4346625757576,-215.892588235294,3.834
"1925",192.4,24.426493960396,-215.993183486239,3.834
"1926",192.5,24.4464886567164,-215.94547706422,3.834
"1927",192.6,24.4491831578947,-215.8523,3.834
"1928",192.7,24.4346234328358,-215.83332,3.83392
"1929",192.8,24.3994415789474,-215.706838383838,3.83308080808081
"1930",192.9,24.3982677,-215.773973684211,3.83384210526316
"1931",193,24.4252815151515,-215.529236842105,3.83208771929825
"1932",193.1,24.411025112782,-215.706917525773,3.834
"1933",193.2,24.4023391176471,-215.594703703704,3.834
"1935",193.4,24.4044365671642,-215.641207920792,3.83392079207921
"1936",193.5,24.396257,-215.450785714286,3.83292857142857
"1937",193.6,24.3956915789474,-215.530394957983,3.8319243697479
"1938",193.7,24.4117668656716,-215.723672268908,3.83108403361345
"1939",193.8,24.41074,-215.602207920792,3.83367326732673
"1940",193.9,24.3960149253731,-215.470288888889,3.83498888888889
"1941",194,24.3870424242424,-215.5583,3.83218
"1942",194.1,24.3863060150376,-215.423403669725,3.834
"1944",194.3,24.3809834586466,-215.439818181818,3.834
"1945",194.4,24.3856071641791,-215.407782178218,3.834
"1946",194.5,24.399139924812,-215.321076923077,3.834
"1947",194.6,24.3933668,-215.167852631579,3.83395789473684
"1948",194.7,24.3739470149254,-215.20599009901,3.83308910891089
"1949",194.8,24.3624379850746,-215.158132743363,3.83392920353982
"1950",194.9,24.3528019117647,-215.072292035398,3.83304424778761
"1951",195,24.3404054887218,-215.16744,3.834
"1952",195.1,24.3409819402985,-215.08888,3.834
"1953",195.2,24.3511521,-215.05932,3.83408
"1954",195.3,24.3554121804511,-215.11856,3.83492
"1955",195.4,24.3584964179104,-214.97518699187,3.83393495934959
"1956",195.5,24.3940495488722,-215.115024390244,3.83312195121951
"1957",195.6,24.3988837313433,-215.00897752809,3.83491011235955
"1958",195.7,24.3893757575758,-214.990099009901,3.83311881188119
"1959",195.8,24.4004787878788,-214.946333333333,3.83495238095238
"1961",196,24.3982409774436,-214.629666666667,3.834
"1962",196.1,24.3823879104478,-214.693721649485,3.834
"1963",196.2,24.375905037594,-214.702797979798,3.834
"1964",196.3,24.3817950746269,-214.64807,3.83391
"1965",196.4,24.3724476237624,-214.573333333333,3.833
"1966",196.5,24.3562415789474,-214.52197826087,3.833
"1967",196.6,24.35995,-214.52603,3.83318
"1968",196.7,24.3553921052632,-214.57116,3.83491
"1969",196.8,24.3797953731343,-214.422973913044,3.834
"1970",196.9,24.398373030303,-214.556017391304,3.834
"1971",197,24.4085983458647,-214.40251,3.834
"1972",197.1,24.4065891176471,-214.252019230769,3.834
"1973",197.2,24.4173278947368,-214.211057692308,3.834
"1974",197.3,24.4145789552239,-214.232849462366,3.83401075268817
"1975",197.4,24.4268447474747,-214.309126126126,3.83485585585586
"1976",197.5,24.438852481203,-214.285702702703,3.83305405405405
"1977",197.6,24.4418940298507,-214.19285,3.83397
"1978",197.7,24.4283458646617,-214.290959183673,3.834
"1979",197.8,24.4350301492537,-214.185722222222,3.834
"1980",197.9,24.4371896969697,-214.14312962963,3.834
"1981",198,24.4189511278195,-214.161333333333,3.834
"1982",198.1,24.4165146268657,-214.033754716981,3.83402830188679
"1983",198.2,24.4157097744361,-214.092245283019,3.83497169811321
"1984",198.3,24.4422692537314,-214.225292929293,3.8320606060606
"1985",198.4,24.4319864661654,-214.09404,3.83376
"1986",198.5,24.4154543,-213.918564356436,3.83131683168317
"1987",198.6,24.442303880597,-214.136928571429,3.83492857142857
"1988",198.7,24.4281416541353,-214.012325,3.834
"1989",198.8,24.4123819117647,-213.938158333333,3.834
"1990",198.9,24.3938169924812,-213.9966,3.834
"1991",199,24.3787132,-214.11272,3.83408
"1992",199.1,24.380272238806,-213.911309090909,3.83485454545455
"1993",199.2,24.3778143939394,-213.877672727273,3.83303636363636
"1994",199.3,24.3940929850746,-213.84662,3.83398
"1995",199.4,24.4108229323308,-213.683896907217,3.83384536082474
"1996",199.5,24.4201586567164,-213.664707070707,3.83124242424242
"1997",199.6,24.4201866336634,-213.475054054054,3.834
"1998",199.7,24.4029673684211,-213.554755102041,3.834
"1999",199.8,24.4046564179105,-213.567,3.834
"2000",199.9,24.4156680451128,-213.885911764706,3.834
"2001",200,24.4046768656716,-213.658186915888,3.8341308411215
"2003",200.2,24.3876446,-213.62348,3.83304
"2004",200.3,24.3963437313433,-213.449352941177,3.83396078431373
"2005",200.4,24.4182390151515,-213.601365591398,3.83302150537634
"2006",200.5,24.4110608955224,-213.439145631068,3.834
"2007",200.6,24.4073317293233,-213.466519230769,3.834
"2008",200.7,24.3997245,-213.375058252427,3.834
"2009",200.8,24.4047892537313,-213.277970873786,3.834
"2010",200.9,24.3831345454545,-213.355110091743,3.834
"2011",201,24.3699976470588,-213.345166666667,3.83388888888889
"2012",201.1,24.4048222556391,-213.431277777778,3.83203703703704
"2013",201.2,24.429101641791,-213.318601851852,3.83402777777778
"2014",201.3,24.4276371287129,-213.278787037037,3.83680555555556
"2015",201.4,24.4139936090226,-213.091914285714,3.834
"2016",201.5,24.4381520895522,-213.204631578947,3.834
"2017",201.6,24.4651982706767,-213.078787878788,3.834
"2018",201.7,24.4313747761194,-213.127128712871,3.834
"2019",201.8,24.4366739,-213.176224489796,3.834
"2020",201.9,24.4726337593985,-212.876485148515,3.83415841584158
"2021",202,24.468193030303,-212.934532110092,3.83587155963303
"2022",202.1,24.4397946616541,-213.184990825688,3.83403669724771
"2023",202.2,24.4537832835821,-212.87988,3.83308
"2024",202.3,24.459175037594,-212.98104,3.834
"2025",202.4,24.4676019,-212.958941176471,3.834
"2026",202.5,24.4815474626866,-212.831,3.834
"2027",202.6,24.4570490909091,-212.861416666667,3.834
"2028",202.7,24.4609723529412,-212.80924,3.83384
"2029",202.8,24.4515120300752,-212.634091743119,3.83229357798165
"2030",202.9,24.4263418,-212.71023853211,3.83596330275229
"2031",203,24.4255040298507,-212.811191919192,3.83314141414141
"2032",203.1,24.4502227272727,-212.565641025641,3.83486324786325
"2033",203.2,24.4541970588235,-212.586153846154,3.83315384615385
"2034",203.3,24.4561545454545,-212.588968085106,3.83396808510638
"2035",203.4,24.4592201492537,-212.40845945946,3.834
"2036",203.5,24.485589009901,-212.551702702703,3.834
"2037",203.6,24.4798298496241,-212.531350877193,3.83412280701754
"2038",203.7,24.4569275,-212.350649122807,3.83587719298246
"2039",203.8,24.4748675757576,-212.22304950495,3.834
"2040",203.9,24.5030343283582,-212.14896,3.83386
"2041",204,24.4810482706767,-212.536941747573,3.83220388349515
"2042",204.1,24.4479526,-212.395247787611,3.83496460176991
"2043",204.2,24.4722197014925,-212.301442477876,3.8340796460177
"2044",204.3,24.4812327272727,-212.32401010101,3.834
"2045",204.4,24.4727405970149,-212.220752380952,3.834
"2046",204.5,24.4667587218045,-212.243973684211,3.83397368421053
"2047",204.6,24.478482,-212.309763157895,3.83309649122807
"2048",204.7,24.5000895522388,-212.204777777778,3.83307407407407
"2050",204.9,24.5016532352941,-212.06816,3.83308
"2051",205,24.4898998496241,-212.059423728814,3.834
"2052",205.1,24.4722794029851,-211.901111111111,3.834
"2053",205.2,24.4362316831683,-212.03,3.834
"2054",205.3,24.4092381954887,-212.10376,3.83392
"2055",205.4,24.3912507352941,-212.022099009901,3.833
"2056",205.5,24.3757402272727,-211.898299065421,3.83293457943925
"2058",205.7,24.3874968,-211.8714,3.834
"2059",205.8,24.3938823308271,-211.977902912621,3.83420388349515
"2060",205.9,24.38813,-211.900208333333,3.836875
"2061",206,24.3793318181818,-211.72668,3.834
"2062",206.1,24.3600567164179,-211.7984,3.834
"2063",206.2,24.3450618045113,-211.85272,3.834
"2064",206.3,24.339188,-211.63812,3.834
"2065",206.4,24.3435868656716,-211.718654205607,3.834
"2066",206.5,24.3661903030303,-211.701505376344,3.83398924731183
"2067",206.6,24.3750757352941,-211.655619047619,3.83307619047619
"2068",206.7,24.3801177443609,-211.646389473684,3.834
"2069",206.8,24.388264,-211.511974358974,3.834
"2070",206.9,24.390006119403,-211.599153846154,3.834
"2071",207,24.3920942857143,-211.674866666667,3.834
"2072",207.1,24.3831591044776,-211.710126213592,3.83398058252427
"2073",207.2,24.4028386363636,-211.466436893204,3.83300970873786
"2074",207.3,24.4325923529412,-211.618933333333,3.83506666666667
"2075",207.4,24.4354777,-211.226862385321,3.83596330275229
"2076",207.5,24.4455184210526,-211.269981651376,3.83412844036697
"2077",207.6,24.4333794117647,-211.272103773585,3.83306603773585
"2078",207.7,24.4327596992481,-211.414298076923,3.83400961538462
"2079",207.8,24.4507913432836,-211.344105769231,3.83497115384615
"2080",207.9,24.4373236363636,-211.32945,3.834
"2081",208,24.436482,-211.53463,3.834
"2082",208.1,24.4338519402985,-211.35119,3.834
"2083",208.2,24.4210969924812,-211.2628125,3.833875
"2084",208.3,24.4410671641791,-211.102991071429,3.83208928571429
"2085",208.4,24.4395172727273,-211.200169811321,3.833
"2086",208.5,24.4241582178218,-211.235363636364,3.8330202020202
"2087",208.6,24.4080284848485,-211.059694736842,3.83403157894737
"2088",208.7,24.4229760150376,-211.071666666667,3.83492592592593
"2090",208.9,24.4275519548872,-211.11224,3.834
"2091",209,24.4307192537313,-211.09932,3.834
"2092",209.1,24.4337188118812,-210.924306930693,3.83392079207921
"2093",209.2,24.4401338345865,-210.984232323232,3.833
"2094",209.3,24.4452217910448,-210.956929824561,3.83321052631579
"2095",209.4,24.4594509090909,-210.906052631579,3.83584210526316
"2096",209.5,24.4881786567164,-210.742378640777,3.83508737864078
"2097",209.6,24.5164316,-210.727121212121,3.834
"2098",209.7,24.47955,-210.52299122807,3.834
"2099",209.8,24.4533917910448,-210.68000877193,3.834
"2100",209.9,24.4561790909091,-210.605444444444,3.83394017094017
"2101",210,24.4537510447761,-210.683222222222,3.83308547008547
"2102",210.1,24.4511201503759,-210.759425742574,3.83315841584158
"2103",210.2,24.4495493,-210.58979,3.835
"2104",210.3,24.460018358209,-210.575875,3.8349375
"2105",210.4,24.4666609774436,-210.416946428571,3.83404464285714
"2106",210.5,24.4447325,-210.195694915254,3.83589830508475
"2107",210.6,24.4350434090909,-210.240610169492,3.83420338983051
"2108",210.7,24.451939009901,-210.297652173913,3.834
"2109",210.8,24.4709612121212,-210.32207,3.83393
"2110",210.9,24.464114962406,-210.237,3.833
"2111",211,24.4557056716418,-210.337,3.833
"2112",211.1,24.4621912781955,-210.296948453608,3.8349587628866
"2113",211.2,24.4618,-210.28318556701,3.83498969072165
"2114",211.3,24.4548418,-210.214306122449,3.83395918367347
"2115",211.4,24.4640504477612,-210.428542857143,3.83305714285714
"2116",211.5,24.4740131343284,-210.354861702128,3.834
"2117",211.6,24.4638757894737,-210.32191,3.834
"2118",211.7,24.4470495522388,-210.0718,3.834
"2119",211.8,24.4517520454545,-210.276376146789,3.834
"2120",211.9,24.4547665346535,-210.010321100917,3.834
"2121",212,24.4486745454545,-210.093086021505,3.83401075268817
"2122",212.1,24.455747368421,-210.02096039604,3.83492079207921
"2123",212.2,24.4545308955224,-210.15384,3.83386
"2124",212.3,24.4521149253731,-210.07032,3.83221
"2125",212.4,24.466212,-210.04107,3.83493
"2126",212.5,24.4590542424243,-209.957696969697,3.834
"2127",212.6,24.4451148120301,-210.04895049505,3.834
"2128",212.7,24.4562498529412,-209.788565656566,3.83392929292929
"2129",212.8,24.4578296969697,-209.885523809524,3.83293650793651
"2130",212.9,24.437736119403,-209.854571428571,3.83214285714286
"2131",213,24.4292482,-209.831295454545,3.83386363636364
"2132",213.1,24.4148234328358,-209.747358490566,3.83477358490566
"2133",213.2,24.4230114925373,-209.759731958763,3.8319793814433
"2134",213.3,24.4421466165414,-209.563082474227,3.83115463917526
"2135",213.4,24.4598253731343,-209.669644067797,3.834
"2136",213.5,24.4722119191919,-209.602694915254,3.834
"2137",213.6,24.4513249253731,-209.586076923077,3.834
"2138",213.7,24.467706969697,-209.555307692308,3.834
"2139",213.8,24.4690184962406,-209.580485148515,3.8359603960396
"2140",213.9,24.4470211940299,-209.5313,3.83295
"2141",214,24.4382551879699,-209.40259375,3.83205208333333
"2142",214.1,24.4374847,-209.370651785714,3.83316071428571
"2143",214.2,24.4266348484848,-209.300116071429,3.83494642857143
"2144",214.3,24.4120361940299,-209.35832,3.83392
"2145",214.4,24.41477,-209.37404,3.83308
"2146",214.5,24.400894887218,-209.25552,3.834
"2147",214.6,24.387312,-209.339423728814,3.83406779661017
"2148",214.7,24.3921518181818,-209.307220338983,3.83491525423729
"2149",214.8,24.3987282706767,-209.25192,3.83224
"2150",214.9,24.4441908955224,-209.28392,3.83492
"2151",215,24.4448435338346,-209.381862068966,3.834
"2152",215.1,24.4421441791045,-209.180137931034,3.834
"2153",215.2,24.448391,-209.049469387755,3.834
"2154",215.3,24.4669238345865,-209.246053097345,3.834
"2155",215.4,24.4768414925373,-209.271716814159,3.834
"2156",215.5,24.4617321804511,-209.232278846154,3.833
"2157",215.6,24.4301264179105,-209.060163461538,3.833
"2158",215.7,24.4029797744361,-209.017,3.83407692307692
"2159",215.8,24.4106445,-209.015189473684,3.83491578947368
"2160",215.9,24.4426598484848,-208.985127272727,3.83308181818182
"2161",216,24.4569090225564,-209.108763636364,3.83399090909091
"2162",216.1,24.4638229850746,-209.050445544554,3.8330396039604
"2163",216.2,24.4360684962406,-208.842712765957,3.834
"2164",216.3,24.4112842574257,-208.828311320755,3.834
"2165",216.4,24.4386354545455,-208.774042105263,3.834
"2166",216.5,24.4563343609023,-208.97432,3.83392
"2167",216.6,24.4394144117647,-208.786615384615,3.833
"2168",216.7,24.4477855639098,-208.703375,3.83295833333333
"2169",216.8,24.4648448484848,-208.82236,3.83192
"2170",216.9,24.448925,-208.765118811881,3.83107920792079
"2171",217,24.4478938059701,-208.72300877193,3.83212280701754
"2172",217.1,24.4482258208955,-208.76599122807,3.83387719298246
"2173",217.2,24.4297244360902,-208.778363636364,3.834
"2174",217.3,24.4352940298508,-208.68,3.834
"2175",217.4,24.4390022222222,-208.68603030303,3.83416161616162
"2176",217.5,24.4442893283582,-208.49398019802,3.83582178217822
"2177",217.6,24.4548515151515,-208.488153846154,3.83407692307692
"2178",217.7,24.4625984962406,-208.3018,3.83496
"2179",217.8,24.4414552238806,-208.395442105263,3.83404210526316
"2180",217.9,24.4381729323308,-208.458603448276,3.8349224137931
"2181",218,24.4389764,-208.543086206897,3.83406034482759
"2182",218.1,24.4287336363636,-208.535,3.833
"2183",218.2,24.44961,-208.519936936937,3.83307207207207
"2184",218.3,24.4427461764706,-208.331648648649,3.83397297297297
"2185",218.4,24.4235127067669,-208.590857142857,3.834
"2186",218.5,24.4209398,-208.433714285714,3.834
"2187",218.6,24.4475818181818,-208.376181818182,3.834
"2188",218.7,24.4814857142857,-208.0382,3.83388
"2189",218.8,24.4671950746269,-208.240857142857,3.83110714285714
"2190",218.9,24.44373,-208.387285714286,3.83378571428571
"2191",219,24.4260807462687,-208.20411827957,3.834
"2192",219.1,24.3713052475248,-208.261254901961,3.834
"2193",219.2,24.3539672180451,-208.231371134021,3.834
"2194",219.3,24.3818065671642,-208.36852,3.834
"2195",219.4,24.3794395488722,-208.370705882353,3.83392156862745
"2196",219.5,24.3649032835821,-208.193787878788,3.83306060606061
"2197",219.6,24.3869415789474,-208.239310679612,3.83406796116505
"2198",219.7,24.4072358,-208.271404040404,3.8349595959596
"2199",219.8,24.4274327272727,-208.273319587629,3.834
"2200",219.9,24.4329142857143,-208.12448,3.83392
"2201",220,24.4022668656716,-208.042504854369,3.83307766990291
"2202",220.1,24.3855428571429,-208.081363636364,3.83395454545455
"2203",220.2,24.3754575,-207.788636363636,3.83304545454545
"2204",220.3,24.363046969697,-207.85801,3.83593
"2205",220.4,24.3660042105263,-207.81277,3.83493
"2206",220.5,24.3874488235294,-207.91992,3.834
"2207",220.6,24.3986328571429,-207.97417,3.834
"2208",220.7,24.394701641791,-207.98193,3.834
"2209",220.8,24.3987204,-207.704176470588,3.834
"2210",220.9,24.41317,-207.735268907563,3.834
"2211",221,24.4324305970149,-207.81121,3.83307
"2212",221.1,24.44059,-207.8105,3.83393965517241
"2213",221.2,24.438483880597,-207.7605,3.8330775862069
"2214",221.3,24.4084648,-208.023663366337,3.833
"2215",221.4,24.4340257142857,-207.848117647059,3.83305882352941
"2216",221.5,24.4630431343284,-207.695773584906,3.83403773584906
"2217",221.6,24.42463,-207.840113207547,3.83498113207547
"2218",221.7,24.4227529850746,-207.64752,3.834
"2219",221.8,24.4356357142857,-207.421776699029,3.834
"2220",221.9,24.4422822,-207.691841121495,3.834
"2221",222,24.4532711940299,-207.665309278351,3.83396907216495
"2222",222.1,24.4528584848485,-207.555,3.835
"2223",222.2,24.4487864705882,-207.573484210526,3.83303157894737
"2224",222.3,24.4795757142857,-207.437266666667,3.8338
"2225",222.4,24.5023477,-207.4656,3.8313
"2226",222.5,24.5008110447761,-207.342866666667,3.83197777777778
"2227",222.6,24.4849706060606,-207.40832,3.834
"2228",222.7,24.4806147058824,-207.589613445378,3.834
"2229",222.8,24.4617966666667,-207.509781512605,3.834
"2230",222.9,24.4523359701493,-207.514049180328,3.83306557377049
"2231",223,24.4576117821782,-207.377163934426,3.83388524590164
"2232",223.1,24.4360871428571,-207.46508,3.83314
"2233",223.2,24.4387966176471,-207.49592,3.835
"2234",223.3,24.4557595488722,-207.3473,3.83514
"2235",223.4,24.4595641791045,-207.168356435644,3.83679207920792
"2236",223.5,24.4475325,-207.381755102041,3.8339387755102
"2237",223.6,24.4362671428571,-207.282318584071,3.83307079646018
"2238",223.7,24.4309010447761,-207.236300884956,3.83395575221239
"2239",223.8,24.4462016030534,-207.257773584906,3.833
"2240",223.9,24.4604646268657,-207.354127659574,3.83302127659574
"2241",224,24.4603973684211,-207.393326732673,3.83407920792079
"2242",224.1,24.4589196,-207.254685185185,3.83493518518519
"2243",224.2,24.4509846268657,-207.378759259259,3.83400925925926
"2244",224.3,24.4734316666667,-207.160476635514,3.83018691588785
"2245",224.4,24.4710804411765,-207.210009345794,3.83392523364486
"2246",224.5,24.4711936842105,-207.25484,3.83308
"2247",224.6,24.4728226865672,-207.256118811881,3.834
"2248",224.7,24.4694795049505,-207.035027027027,3.834
"2249",224.8,24.4674548484848,-207.17827027027,3.834
"2250",224.9,24.48192,-207.14652173913,3.83586086956522
"2251",225,24.4682115151515,-207.103043478261,3.83412173913043
"2252",225.1,24.4453232835821,-206.957848484848,3.83307070707071
"2253",225.2,24.4388638,-206.965990825688,3.834
"2254",225.3,24.4605089473684,-206.928376146789,3.834
"2255",225.4,24.4439429411765,-207.061151515151,3.833
"2256",225.5,24.4480187878788,-206.88328,3.83308
"2257",225.6,24.4582752941176,-207.071782178218,3.83392079207921
"2258",225.7,24.4438936363636,-206.94719,3.83314
"2259",225.8,24.4394478217822,-206.863919191919,3.83492929292929
"2260",225.9,24.4413125757576,-206.79326984127,3.83393650793651
"2261",226,24.4374215789474,-206.909142857143,3.83314285714286
"2262",226.1,24.4460705882353,-206.97624,3.83484
"2263",226.2,24.4312606060606,-206.83124,3.833
"2264",226.3,24.4421295049505,-206.719857142857,3.833
"2265",226.4,24.4820462121212,-206.730571428571,3.833
"2266",226.5,24.4715236842105,-206.835907216495,3.833
"2267",226.6,24.4550464179105,-206.65068,3.83384
"2268",226.7,24.447777368421,-206.7294,3.83214545454545
"2269",226.8,24.456862238806,-206.6094,3.83396363636364
"2270",226.9,24.4874035,-206.500035087719,3.834
"2271",227,24.4810547368421,-206.475473684211,3.834
"2272",227.1,24.4592929411765,-206.469509090909,3.83110909090909
"2273",227.2,24.4590542857143,-206.261327272727,3.83292727272727
"2274",227.3,24.4445191176471,-206.420112068966,3.833
"2275",227.4,24.4186454545455,-206.450284482759,3.833
"2276",227.5,24.4091247761194,-206.532287128713,3.83292079207921
"2277",227.6,24.4137354545455,-206.35249,3.83221
"2278",227.7,24.4279614285714,-206.538403846154,3.83473076923077
"2279",227.8,24.4238804545455,-206.449551401869,3.83108411214953
"2280",227.9,24.4125758333333,-206.534598130841,3.83388785046729
"2281",228,24.4098136633663,-206.505034782609,3.83118260869565
"2282",228.1,24.40762,-206.319817391304,3.83379130434783
"2283",228.2,24.402912481203,-206.37504040404,3.833
"2284",228.3,24.4076163235294,-206.216504950495,3.833
"2285",228.4,24.45512,-206.05696,3.83307
"2286",228.5,24.4865968656716,-206.17870754717,3.834
"2287",228.6,24.4967268316832,-206.215602150538,3.834
"2288",228.7,24.4884842105263,-206.084069306931,3.83407920792079
"2289",228.8,24.4810686567164,-206.056109090909,3.83493636363636
"2290",228.9,24.4734994736842,-206.143381818182,3.83402727272727
"2291",229,24.4598359701493,-206.103888888889,3.833
"2292",229.1,24.4370144444445,-206.06804,3.833
"2293",229.2,24.4583005970149,-206.129588785047,3.833
"2294",229.3,24.4545137313433,-206.172494623656,3.833
"2295",229.4,24.4501589473684,-206.046941176471,3.83323529411765
"2296",229.5,24.4372791044776,-206.196333333333,3.836
"2297",229.6,24.4399468421053,-206.14289,3.83579
"2298",229.7,24.456172,-205.988861386139,3.83306930693069
"2299",229.8,24.4445066666667,-206.077242424242,3.83393939393939
"2300",229.9,24.4450479699248,-206.00699137931,3.833
"2301",230,24.4770967647059,-205.835439655172,3.833
"2302",230.1,24.4805536842105,-205.794734693878,3.833
"2303",230.2,24.4768296,-205.987757575758,3.833
"2304",230.3,24.4641656716418,-205.65100990099,3.83315841584158
"2305",230.4,24.4739094736842,-205.5902,3.83493
"2306",230.5,24.4908901492537,-205.564260869565,3.83393913043478
"2307",230.6,24.4879015789474,-205.744173913044,3.83291304347826
"2308",230.7,24.4628879104478,-205.667,3.834
"2309",230.8,24.486956,-205.62516,3.833
"2310",230.9,24.4968126315789,-205.520434343434,3.833
"2311",231,24.4678119402985,-205.50996,3.833
"2312",231.1,24.4645063157895,-205.485772277228,3.833
"2313",231.2,24.4578749253731,-205.60617,3.83307
"2314",231.3,24.4491833333333,-205.536202020202,3.83385858585859
"2315",231.4,24.4765643283582,-205.462376237624,3.83215841584158
"2316",231.5,24.50353,-205.47341,3.83407
"2317",231.6,24.495417593985,-205.252887096774,3.83488709677419
"2318",231.7,24.4925598507463,-205.251274193548,3.83327419354839
"2319",231.8,24.4757545112782,-205.354818181818,3.833
"2320",231.9,24.4648805,-205.42132,3.83308
"2321",232,24.4457036363636,-205.580698113208,3.83392452830189
"2322",232.1,24.4582341353383,-205.235897959184,3.83302040816327
"2323",232.2,24.4686082352941,-205.327708333333,3.834
"2324",232.3,24.4683717293233,-205.344,3.83392079207921
"2325",232.4,24.4819382089552,-205.34818627451,3.83313725490196
"2326",232.5,24.4360382,-205.395773195876,3.83505154639175
"2327",232.6,24.4784134586466,-205.22928,3.83576
"2328",232.7,24.4724583582089,-205.25819266055,3.833
"2329",232.8,24.4717617293233,-205.148100917431,3.833
"2330",232.9,24.4956259701493,-205.120121495327,3.83307476635514
"2331",233,24.4979504,-205.134655913978,3.83398924731183
"2332",233.1,24.5008297744361,-205.1882,3.83308
"2333",233.2,24.477046119403,-205.112508474576,3.83386440677966
"2334",233.3,24.4951157142857,-205.141444444444,3.83166666666667
"2335",233.4,24.4900008955224,-205.197,3.835
"2336",233.5,24.4708311278195,-204.960196428571,3.83110714285714
"2337",233.6,24.4840715,-204.883808510638,3.833
"2338",233.7,24.4920037313433,-205.037,3.833
"2339",233.8,24.4934997744361,-205.011038461538,3.833
"2340",233.9,24.4871061764706,-205.029490566038,3.834
"2341",234,24.4805594736842,-204.894989690722,3.8339793814433
"2342",234.1,24.4825076,-204.901265306122,3.83208163265306
"2343",234.2,24.4846076119403,-205.058666666667,3.83393939393939
"2344",234.3,24.4909441666667,-204.855945454545,3.83312727272727
"2345",234.4,24.4957332835821,-204.912309090909,3.83494545454545
"2346",234.5,24.4856779699248,-204.817,3.83407619047619
"2347",234.6,24.4659026865672,-204.750634408602,3.83301075268817
"2348",234.7,24.4579314851485,-204.83613,3.833
"2349",234.8,24.4264175,-204.545514851485,3.83307920792079
"2350",234.9,24.4246441791045,-204.772545454545,3.83393636363636
"2351",235,24.421510075188,-204.608909090909,3.83302727272727
"2352",235.1,24.4468225373134,-204.81201,3.83307
"2353",235.2,24.4275804,-204.751929292929,3.83385858585859
"2354",235.3,24.443605037594,-204.641653465347,3.83215841584158
"2355",235.4,24.4647763636364,-204.46695,3.83393
"2356",235.5,24.4527960150376,-204.8208,3.833
"2357",235.6,24.4531902985075,-204.76941,3.83307
"2358",235.7,24.4669740601504,-204.822125,3.8339375
"2359",235.8,24.4444082089552,-204.738196428571,3.83304464285714
"2360",235.9,24.4503994059406,-204.592489583333,3.83398958333333
"2361",236,24.43379,-204.633810810811,3.83221621621622
"2362",236.1,24.4417626470588,-204.645574257426,3.83405940594059
"2363",236.2,24.445812406015,-204.620087378641,3.83495145631068
"2364",236.3,24.4520059701493,-204.558175257732,3.8339793814433
"2365",236.4,24.4810394,-204.325844660194,3.833
"2366",236.5,24.46208,-204.2691875,3.833
"2367",236.6,24.4490117910448,-204.51066,3.83306
"2368",236.7,24.433474887218,-204.482060606061,3.83387878787879
"2369",236.8,24.4037071641791,-204.602847457627,3.8320593220339
"2370",236.9,24.4204834,-204.543525423729,3.83290677966102
"2371",237,24.4471072932331,-204.448,3.83215238095238
"2372",237.1,24.4445614705882,-204.40604,3.83207
"2373",237.2,24.4503022727273,-204.464128712871,3.833
"2374",237.3,24.4416550746269,-204.355909090909,3.833
"2375",237.4,24.4293415037594,-204.538862745098,3.833
"2376",237.5,24.4336378,-204.717153061225,3.833
"2377",237.6,24.4498723880597,-204.529719008264,3.83305785123967
"2378",237.7,24.463366969697,-204.468561983471,3.83388429752066
"2379",237.8,24.4739634328358,-204.38783908046,3.834
"2380",237.9,24.4646545112782,-204.121,3.8329375
"2381",238,24.4477115,-204.263857142857,3.83204464285714
"2382",238.1,24.445223880597,-204.409267326733,3.83388118811881
"2383",238.2,24.4439818181818,-204.284957894737,3.833
"2384",238.3,24.4255464705882,-204.18396969697,3.833
"2385",238.4,24.4298707518797,-204.146425742574,3.833
"2386",238.5,24.4348134328358,-204.279594594595,3.83294594594595
"2387",238.6,24.4330603960396,-204.389504504504,3.83204504504505
"2388",238.7,24.414812556391,-204.346901960784,3.833
"2389",238.8,24.4028958823529,-204.409602040816,3.833
"2390",238.9,24.4159245454545,-204.094801980198,3.83306930693069
"2391",239,24.4202032352941,-204.211930693069,3.83394059405941
"2392",239.1,24.4278202,-204.194747474747,3.833
"2393",239.2,24.4440083458647,-204.192606060606,3.833
"2394",239.3,24.4227625373134,-204.227147540984,3.833
"2395",239.4,24.4225640909091,-204.143540983607,3.833
"2396",239.5,24.4143650746269,-203.91600990099,3.83284158415842
"2397",239.6,24.4128106060606,-204.03912745098,3.831
"2398",239.7,24.4246674,-203.981413461539,3.83114423076923
"2399",239.8,24.4228156716418,-204.146875,3.83398958333333
"2400",239.9,24.4289378787879,-204.034905660377,3.83304716981132
"2401",240,24.4328805882353,-203.934515151515,3.8340101010101
"2402",240.1,24.4434092481203,-203.683,3.833
"2403",240.2,24.4555092537313,-203.867020618557,3.833
"2404",240.3,24.4538114851485,-203.709528301887,3.833
"2405",240.4,24.4422389393939,-203.685,3.833
"2406",240.5,24.4176892647059,-203.494,3.832
"2407",240.6,24.4226278030303,-203.652415841584,3.8329900990099
"2408",240.7,24.4275332835821,-203.73954368932,3.833
"2409",240.8,24.454382,-203.756474226804,3.83203092783505
"2410",240.9,24.4549356390977,-203.55938,3.833
"2411",241,24.4403083823529,-203.66936,3.833
"2412",241.1,24.4343275,-203.6041,3.833
"2413",241.2,24.4211247058823,-203.951636363636,3.833
"2414",241.3,24.4550865413534,-203.725533333333,3.833
"2415",241.4,24.4659868,-203.677412371134,3.833
"2416",241.5,24.44989,-203.6908,3.83305
"2417",241.6,24.4626554887218,-203.579588785047,3.83404672897196
"2418",241.7,24.4537059701492,-203.711364485981,3.83498130841122
"2419",241.8,24.464188030303,-203.526474747475,3.8339494949495
"2420",241.9,24.4657228712871,-203.482623762376,3.833
"2421",242,24.451873030303,-203.545555555556,3.833
"2422",242.1,24.4656060902256,-203.6314,3.833
"2423",242.2,24.4679305970149,-203.34831147541,3.833
"2424",242.3,24.4689823308271,-203.486836065574,3.833
"2425",242.4,24.4364349253731,-203.4369,3.833
"2426",242.5,24.478132,-203.382863636364,3.83295454545455
"2427",242.6,24.4703009774436,-203.480136363636,3.83204545454545
"2428",242.7,24.4521051470588,-203.471333333333,3.833
"2429",242.8,24.4458325373134,-203.476888888889,3.833
"2430",242.9,24.4502198507463,-203.482415841584,3.833
"2431",243,24.4798616,-203.39537755102,3.83305102040816
"2432",243.1,24.489832556391,-203.4196875,3.834
"2433",243.2,24.4986547761194,-203.4009375,3.834
"2434",243.3,24.5020559090909,-203.220885416667,3.834
"2435",243.4,24.4717696969697,-203.26888,3.834
"2436",243.5,24.457896969697,-203.268,3.83394117647059
"2437",243.6,24.4599065346535,-203.274804123711,3.833
"2438",243.7,24.4768296969697,-203.06947706422,3.833
"2439",243.8,24.4867722556391,-203.190577981651,3.833
"2440",243.9,24.4830676470588,-203.110848484849,3.833
"2441",244,24.4726787878788,-203.209722772277,3.833
"2442",244.1,24.4820241791045,-203.118302521008,3.83305042016807
"2443",244.2,24.4821923762376,-203.223344537815,3.83389075630252
"2444",244.3,24.4822014285714,-203.113132653061,3.83394897959184
"2445",244.4,24.4863368656716,-203.262485148515,3.83306930693069
"2446",244.5,24.5035054887218,-202.9816,3.83394
"2447",244.6,24.488702238806,-202.900057692308,3.833
"2448",244.7,24.4738126262626,-202.952645833333,3.833
"2449",244.8,24.4801139552239,-203.080636363636,3.833
"2450",244.9,24.4944904477612,-203.123375,3.8330625
"2451",245,24.4800476691729,-202.928732142857,3.83395535714286
"2452",245.1,24.4491704411765,-203.017917525773,3.834
"2453",245.2,24.4412250757576,-202.835176470588,3.83490196078431
"2454",245.3,24.4289335643564,-202.947928571429,3.833
"2455",245.4,24.4400809090909,-202.734757575758,3.83305050505051
"2456",245.5,24.4511478947368,-202.927666666667,3.83393939393939
"2457",245.6,24.4435789552239,-202.780302752294,3.833
"2458",245.7,24.4361715037594,-202.741770642202,3.833
"2459",245.8,24.4592212,-202.805464646465,3.833
"2460",245.9,24.4830375757576,-202.658826086957,3.83294782608696
"2461",246,24.4498785714286,-202.889260869565,3.83207826086957
"2462",246.1,24.4258649253731,-202.700367346939,3.83384693877551
"2463",246.2,24.4259818045113,-202.66377,3.83107
"2464",246.3,24.4258176119403,-202.586444444444,3.83214141414141
"2465",246.4,24.3984504,-202.662549019608,3.83392156862745
"2466",246.5,24.4025349253731,-202.717653061225,3.833
"2467",246.6,24.4004911940299,-202.735237623762,3.833
"2468",246.7,24.3836412781955,-202.64577,3.833
"2469",246.8,24.3954325373134,-202.646454545455,3.83311570247934
"2470",246.9,24.4462733333333,-202.510090909091,3.83476859504132
"2471",247,24.4531669402985,-202.325923076923,3.833
"2472",247.1,24.435206969697,-202.580943820225,3.83287640449438
"2473",247.2,24.4395679699248,-202.436,3.834
"2474",247.3,24.4639,-202.406699115044,3.833
"2475",247.4,24.4683830827068,-202.235017699115,3.833
"2476",247.5,24.4716777,-202.466201834862,3.833
"2477",247.6,24.4827510606061,-202.202899082569,3.833
"2478",247.7,24.4611929323308,-202.40814,3.833
"2479",247.8,24.4938725373134,-202.40223,3.83293
"2480",247.9,24.4752715789474,-202.30452293578,3.83206422018349
"2481",248,24.4367814925373,-202.383422018349,3.83298165137615
"2482",248.1,24.4760531,-202.18024,3.83307
"2483",248.2,24.5137563157895,-202.2914375,3.8339375
"2484",248.3,24.5131362686567,-202.108631578947,3.833
"2485",248.4,24.5115442857143,-202.296,3.833
"2486",248.5,24.526221641791,-202.088380952381,3.833
"2487",248.6,24.5088634,-201.987055045872,3.83292660550459
"2488",248.7,24.5030718045113,-202.112743119266,3.83200917431193
"2489",248.8,24.4673105970149,-202.250416666667,3.83395833333333
"2490",248.9,24.5003830827068,-202.136179487179,3.832
"2491",249,24.5342252941176,-202.271842696629,3.832
"2492",249.1,24.5364678195489,-202.246,3.832
"2493",249.2,24.5304734,-202.059722772277,3.83206930693069
"2494",249.3,24.5416262686567,-202.23314,3.833
"2495",249.4,24.533583030303,-202.068128205128,3.833
"2496",249.5,24.5236440298507,-202.153598290598,3.833
"2497",249.6,24.5220033834586,-202.271804123711,3.83203092783505
"2498",249.7,24.528842,-202.10534,3.83294
"2499",249.8,24.5370411764706,-202.041942857143,3.83217142857143
"2500",249.9,24.5330742424242,-201.942252631579,3.83498947368421
"2501",250,24.5211991044776,-201.96294,3.83388
"2502",250.1,24.5156916541353,-201.90564,3.83206
"2503",250.2,24.5273094029851,-201.764889908257,3.833
"2504",250.3,24.5328136,-201.863055045872,3.833
"2505",250.4,24.5252767669173,-201.796606060606,3.833
"2506",250.5,24.5277347761194,-201.93462,3.833
"2507",250.6,24.513207593985,-202.002505050505,3.83307070707071
"2508",250.7,24.4798511940298,-202.055841584158,3.834
"2509",250.8,24.5114261,-201.69733,3.83407
"2510",250.9,24.5128935338346,-201.90197029703,3.83486138613861
"2511",251,24.52848,-201.91632,3.833
"2512",251.1,24.5239315037594,-201.929137931034,3.833
"2513",251.2,24.4981688235294,-201.798103448276,3.833
"2514",251.3,24.5137995488722,-201.75037254902,3.833
"2515",251.4,24.5294152,-201.738272727273,3.83293939393939
"2516",251.5,24.5375650746269,-201.67025,3.83214
"2517",251.6,24.5196136363636,-201.73099009901,3.83393069306931
"2518",251.7,24.5186591044776,-201.620363636364,3.833
"2519",251.8,24.5185622556391,-201.778227722772,3.83293069306931
"2520",251.9,24.50986,-201.742546875,3.832046875
"2521",252,24.5118811881188,-201.768328125,3.832828125
"2522",252.1,24.5135311363636,-201.64798,3.833
"2523",252.2,24.514362238806,-201.653653465347,3.833
"2524",252.3,24.5145161654135,-201.55203030303,3.83306060606061
"2525",252.4,24.4831819402985,-201.50124,3.83393
"2526",252.5,24.4908498,-201.4653,3.833
"2527",252.6,24.510282406015,-201.80364,3.833
"2528",252.7,24.502866617647,-201.47272,3.833
"2529",252.8,24.5155820454545,-201.38552,3.833
"2530",252.9,24.5001547058824,-201.514287128713,3.833
"2531",253,24.495377518797,-201.529862385321,3.833
"2532",253.1,24.5106948,-201.27756880734,3.833
"2533",253.2,24.5267764179104,-201.355090909091,3.833
"2534",253.3,24.5551005263158,-201.548375,3.83311666666667
"2535",253.4,24.55821,-201.410875,3.83478333333333
"2536",253.5,24.5218372727273,-201.406685393258,3.83597752808989
"2537",253.6,24.5042188,-201.475683760684,3.83264957264957
"2538",253.7,24.5467237313433,-201.39875,3.83215
"2539",253.8,24.5478704545455,-201.4476,3.8349
"2540",253.9,24.5423514705882,-201.38285,3.833
"2541",254,24.5434418181818,-201.373457943925,3.833
"2542",254.1,24.5382076119403,-201.24261682243,3.833
"2543",254.2,24.5210254455445,-201.17936,3.833
"2544",254.3,24.5114993181818,-201.26838,3.833
"2545",254.4,24.5131444117647,-201.1152,3.83312
"2546",254.5,24.5284945454545,-201.29896,3.83488
"2547",254.6,24.5397946268657,-200.93752,3.83306
"2548",254.7,24.5614866,-200.933386138614,3.83394059405941
"2549",254.8,24.5306398507463,-200.988313131313,3.833
"2550",254.9,24.5021491044776,-201.00802,3.833
"2551",255,24.5190181818182,-200.94146,3.83306
"2552",255.1,24.5092801470588,-201.1303,3.834
"2553",255.2,24.5113117293233,-201.25896969697,3.83387878787879
"2554",255.3,24.5005208,-200.998980392157,3.832
"2555",255.4,24.4773576119403,-201.0567,3.83205
"2556",255.5,24.4985188636364,-201.125265306122,3.83310204081633
"2557",255.6,24.5058758823529,-201.095882352941,3.83486274509804
"2558",255.7,24.5192679545455,-201.13495,3.833
"2559",255.8,24.5244588059701,-201.131566371681,3.833
"2560",255.9,24.5118406,-201.08289380531,3.833
"2561",256,24.5090692481203,-201.07965,3.833
"2562",256.1,24.4996782089552,-200.929739130435,3.83304347826087
"2563",256.2,24.5048989393939,-201.10452173913,3.83391304347826
"2564",256.3,24.5108947058824,-200.985164948454,3.832
"2565",256.4,24.5348009090909,-200.950920792079,3.832
"2566",256.5,24.5249148507463,-200.829203703704,3.8320462962963
"2567",256.6,24.5020076119403,-200.953277777778,3.83297222222222
"2568",256.7,24.530734962406,-200.953049019608,3.833
"2569",256.8,24.5312160294118,-200.852731958763,3.833
"2570",256.9,24.5656522727273,-200.7385,3.83294
"2571",257,24.561285940594,-201.025702970297,3.83211881188119
"2572",257.1,24.5125018181818,-200.7419,3.8339
"2573",257.2,24.5287963157895,-200.849353535354,3.8320505050505
"2574",257.3,24.543022238806,-200.755696969697,3.83293939393939
"2575",257.4,24.5325410606061,-200.652940594059,3.83206930693069
"2576",257.5,24.5218273267327,-200.597712871287,3.833
"2577",257.6,24.4932995454545,-200.789909090909,3.833
"2578",257.7,24.5194854135338,-200.608090909091,3.833
"2579",257.8,24.5497229850746,-200.608302325581,3.833
"2580",257.9,24.5486264661654,-200.542330188679,3.833
"2581",258,24.5272788059701,-200.589175257732,3.83303092783505
"2582",258.1,24.5365455,-200.55,3.832
"2583",258.2,24.5407921804511,-200.499623853211,3.83283486238532
"2584",258.3,24.5334567647059,-200.476688073395,3.83008256880734
"2585",258.4,24.5545426315789,-200.603545454545,3.833
"2586",258.5,24.5619364179104,-200.508742574257,3.833
"2587",258.6,24.5719686868687,-200.38234,3.833
"2588",258.7,24.55138,-200.554787878788,3.83306060606061
"2589",258.8,24.5783202985075,-200.480930693069,3.83379207920792
"2590",258.9,24.5772937593985,-200.5623,3.83118
"2591",259,24.5584914925373,-200.373888888889,3.83394444444444
"2592",259.1,24.5737070676692,-200.288703703704,3.83301851851852
"2593",259.2,24.58488,-200.432144329897,3.833
"2594",259.3,24.5793118181818,-200.457939393939,3.833
"2595",259.4,24.5571230075188,-200.302127272727,3.833
"2596",259.5,24.5308752238806,-200.303945454545,3.833
"2597",259.6,24.5367839097744,-200.37602970297,3.833
"2598",259.7,24.55665,-200.525135416667,3.83298958333333
"2599",259.8,24.5713224242424,-200.533291262136,3.83204854368932
"2600",259.9,24.5385431578947,-200.440306930693,3.8329603960396
"2601",260,24.5470497014926,-200.405405660377,3.83100943396226
"2602",260.1,24.5510847368421,-200.345971698113,3.83195283018868
"2603",260.2,24.5400886567164,-200.269111111111,3.83583838383838
"2604",260.3,24.5538128,-200.24795049505,3.833
"2605",260.4,24.5630256716418,-200.183757575758,3.833
"2606",260.5,24.5350928358209,-200.47046,3.833
"2607",260.6,24.5446419548872,-200.308196428571,3.833
"2608",260.7,24.5514629411765,-200.094803571429,3.833
"2609",260.8,24.5790461654135,-200.14944,3.833
"2610",260.9,24.5867819,-200.07302,3.833
"2611",261,24.5766703030303,-199.99704,3.83318
"2612",261.1,24.5930009022556,-200.03116,3.83582
"2613",261.2,24.585192238806,-200.073851485149,3.833
"2614",261.3,24.5464032330827,-200.2061,3.833
"2615",261.4,24.53375,-200.06075,3.833
"2616",261.5,24.5495415151515,-200.150298245614,3.833
"2617",261.6,24.5616889473684,-200.136263157895,3.833
"2618",261.7,24.5750079104478,-200.03475,3.83395
"2619",261.8,24.5413815789474,-200.0982,3.83295
"2620",261.9,24.5407528358209,-199.95415,3.832
"2621",262,24.540482,-200.033202020202,3.8320505050505
"2622",262.1,24.5520732835821,-200.026603960396,3.833
"2623",262.2,24.5558792537313,-199.869676767677,3.833
"2624",262.3,24.5250644360902,-200.008050420168,3.833
"2625",262.4,24.5187676119403,-199.908890756302,3.833
"2626",262.5,24.5580497979798,-200.108241758242,3.833
"2627",262.6,24.5380025373134,-200.098696969697,3.8339494949495
"2628",262.7,24.5389039393939,-199.90428,3.833
"2629",262.8,24.53675,-199.884570247934,3.83285123966942
"2630",262.9,24.5494325,-199.744074380165,3.83037190082645
"2631",263,24.5801360902256,-200.012099009901,3.83394059405941
"2632",263.1,24.586295,-200.074525252525,3.833
"2633",263.2,24.5848066666667,-200.022666666667,3.833
"2634",263.3,24.578912631579,-199.933777777778,3.833
"2635",263.4,24.5958144776119,-199.879603960396,3.833
"2636",263.5,24.5834363157895,-199.768925233645,3.83211214953271
"2637",263.6,24.5725613,-199.734345794393,3.83398130841121
"2638",263.7,24.5694141791045,-199.82635,3.8311
"2639",263.8,24.5887127272727,-200.03275,3.83295
"2640",263.9,24.5834794029851,-199.855888888889,3.8320505050505
"2641",264,24.5749479699248,-199.835848484848,3.833
"2642",264.1,24.5883713432836,-199.842115702479,3.833
"2643",264.2,24.5707315841584,-199.743768595041,3.833
"2644",264.3,24.5745278947368,-199.586923076923,3.83394871794872
"2645",264.4,24.5987098507463,-199.735641025641,3.83309401709402
"2646",264.5,24.5839094736842,-199.451888888889,3.83305050505051
"2647",264.6,24.57899,-199.60748,3.83388
"2648",264.7,24.5935330075188,-199.439763636364,3.832
"2649",264.8,24.595385,-199.652490909091,3.832
"2650",264.9,24.5761596969697,-199.58585,3.833
"2651",265,24.5515647368421,-199.604290598291,3.833
"2652",265.1,24.5206611940299,-199.270102564103,3.833
"2653",265.2,24.5417168421053,-199.588077669903,3.83304854368932
"2654",265.3,24.5665219,-199.38228,3.834
"2655",265.4,24.5531054545455,-199.781983606557,3.83393442622951
"2656",265.5,24.5301851879699,-199.481163934426,3.83065573770492
"2657",265.6,24.5563553731343,-199.3947,3.834
"2658",265.7,24.5830431578947,-199.461327433628,3.83395575221239
"2659",265.8,24.6309053731343,-199.387876106195,3.83307079646018
"2660",265.9,24.5756458415842,-199.380727272727,3.833
"2661",266,24.5660615789474,-199.349894736842,3.833
"2662",266.1,24.5298982089552,-199.432,3.833
"2663",266.2,24.532432631579,-199.21825,3.83295
"2664",266.3,24.5674437313433,-199.0818,3.832
"2665",266.4,24.5450796,-199.289385321101,3.83209174311927
"2666",266.5,24.560482631579,-199.337091743119,3.83392660550459
"2667",266.6,24.5512668181818,-199.243678899083,3.83305504587156
"2668",266.7,24.5536720300752,-199.021660550459,3.83397247706422
"2669",266.8,24.5594611764706,-199.178138613861,3.833
"2670",266.9,24.5756357894737,-199.090363636364,3.833
"2671",267,24.5668405,-199.163090909091,3.833
"2672",267.1,24.5490437313433,-198.972524752475,3.833
"2673",267.2,24.5383718181818,-198.969813084112,3.83295327102804
"2674",267.3,24.5576592537313,-199.066074766355,3.83201869158879
"2675",267.4,24.5726036090226,-199.05568,3.831
"2676",267.5,24.5682672,-198.94928,3.83112
"2677",267.6,24.5536208955224,-199.067534653465,3.833
"2678",267.7,24.5675602272727,-198.887616161616,3.833
"2679",267.8,24.5407264705883,-198.93306,3.833
"2680",267.9,24.5376560606061,-199.14298019802,3.833
"2681",268,24.5120714925373,-198.7483,3.833
"2682",268.1,24.5437478217822,-199.073744186047,3.83296124031008
"2683",268.2,24.5495435338346,-199.008627906977,3.83218604651163
"2684",268.3,24.5344311764706,-199.031457831325,3.83566265060241
"2685",268.4,24.5303772727273,-198.921223404255,3.83105319148936
"2686",268.5,24.5232152941176,-198.82296039604,3.8319801980198
"2687",268.6,24.5349926315789,-198.6548,3.833
"2688",268.7,24.5373505,-198.900144329897,3.833
"2689",268.8,24.5204819402985,-198.962,3.833
"2690",268.9,24.5461668421053,-198.59758,3.83306
"2691",269,24.5657904477612,-198.828847457627,3.83389830508475
"2692",269.1,24.5550610526316,-198.876305084746,3.83220338983051
"2693",269.2,24.561692,-198.95697979798,3.8329494949495
"2694",269.3,24.5893732835821,-198.551,3.83188571428571
"2695",269.4,24.5878101526718,-198.681520833333,3.83003125
"2696",269.5,24.567567761194,-198.53975,3.833
"2697",269.6,24.5726969924812,-198.52802020202,3.833
"2698",269.7,24.5766780597015,-198.75299009901,3.833
"2699",269.8,24.5869850495049,-198.7422,3.833
"2700",269.9,24.5998772180451,-198.833076271186,3.833
"2701",270,24.5808162686567,-198.674601694915,3.833
"2702",270.1,24.5625339097744,-198.495640449438,3.83104494382022
"2703",270.2,24.5842470149254,-198.536069306931,3.83282178217822
"2704",270.3,24.582576,-198.55385,3.83015
"2705",270.4,24.5786742857143,-198.567912621359,3.833
"2706",270.5,24.568087761194,-198.529298245614,3.833
"2707",270.6,24.5746047727273,-198.644210526316,3.833
"2708",270.7,24.581555,-198.5418,3.83201052631579
"2709",270.8,24.5696623308271,-198.788366336634,3.833
"2710",270.9,24.5765808,-198.526194690266,3.833
"2711",271,24.6204614925373,-198.550088495575,3.833
"2712",271.1,24.6187077272727,-198.354037735849,3.83218867924528
"2713",271.2,24.6221819117647,-198.504981132075,3.83690566037736
"2714",271.3,24.5619657575758,-198.500185185185,3.833
"2715",271.4,24.50388,-198.279814814815,3.833
"2716",271.5,24.4899713432836,-198.36388,3.83296
"2717",271.6,24.4976571428571,-198.613606060606,3.8320404040404
"2718",271.7,24.5157674626866,-198.354683168317,3.83285148514852
"2719",271.8,24.5178366666667,-198.573060606061,3.83012121212121
"2720",271.9,24.5182262686567,-198.428881188119,3.833
"2721",272,24.5298786138614,-198.36764,3.83288
"2722",272.1,24.5051046616541,-198.33408,3.83004
"2723",272.2,24.5034848529412,-198.311897435897,3.83106837606838
"2724",272.3,24.5031025,-198.309333333333,3.83277777777778
"2725",272.4,24.5062245588235,-198.285358695652,3.833
"2726",272.5,24.4788655639098,-198.297619047619,3.833
"2727",272.6,24.4830688,-198.278571428571,3.833
"2728",272.7,24.5153259701493,-198.251424242424,3.8320404040404
"2729",272.8,24.5015453787879,-198.3053,3.833
"2730",272.9,24.4868273529412,-198.2336,3.83305
"2731",273,24.4961029545455,-198.20885,3.83395
"2732",273.1,24.503547,-198.24525,3.833
"2733",273.2,24.4917944776119,-198.260869565217,3.833
"2734",273.3,24.4953522556391,-198.098260869565,3.833
"2735",273.4,24.5093613235294,-198.274475247525,3.833
"2736",273.5,24.5156078030303,-198.06295,3.833
"2737",273.6,24.5351023880597,-198.134,3.833
"2738",273.7,24.5392405940594,-198.054,3.833
"2739",273.8,24.5454090909091,-197.947290322581,3.83396774193548
"2740",273.9,24.5492675,-198.052411764706,3.83209803921569
"2741",274,24.5199777272727,-198.16699009901,3.8339504950495
"2742",274.1,24.5127853731343,-197.812464646465,3.833
"2743",274.2,24.5254914,-198.05995,3.833
"2744",274.3,24.5290119402985,-198.03023364486,3.833
"2745",274.4,24.5252280597015,-197.834906542056,3.833
"2746",274.5,24.5127384848485,-197.94232038835,3.833
"2747",274.6,24.5105983823529,-198.060148514851,3.83385148514852
"2748",274.7,24.5153728571429,-198.05264,3.83108
"2749",274.8,24.5228506060606,-197.813171717172,3.8329595959596
"2750",274.9,24.49851,-198.0339,3.83205
"2751",275,24.5304440909091,-198.079663716814,3.833
"2752",275.1,24.5341210294118,-197.892938053097,3.833
"2753",275.2,24.5526418181818,-197.817873786408,3.833
"2755",275.4,24.5285316666667,-197.71292,3.83218
"2756",275.5,24.5476366917293,-197.794018867925,3.83466037735849
"2758",275.7,24.5503093181818,-197.68471875,3.83303125
"2759",275.8,24.5341664705882,-197.662716981132,3.83585849056604
"2760",275.9,24.5317346,-197.757056603774,3.83302830188679
"2761",276,24.5514369402985,-197.727168316832,3.833
"2762",276.1,24.5390205970149,-197.608893203883,3.833
"2763",276.2,24.5562117293233,-197.927625,3.833
"2764",276.3,24.5569036764706,-197.877277777778,3.8329537037037
"2765",276.4,24.5593791666667,-197.566329896907,3.83196907216495
"2766",276.5,24.5422223762376,-197.822,3.833
"2767",276.6,24.5471084848485,-197.850301886792,3.83205660377359
"2768",276.7,24.5294363909774,-197.734252631579,3.83496842105263
"2769",276.8,24.5068553731343,-197.665474226804,3.833
"2770",276.9,24.5449654545455,-197.590971698113,3.833
"2771",277,24.5407218811881,-197.550405660377,3.833
"2772",277.1,24.5350157575757,-197.503641509434,3.833
"2773",277.2,24.5578748120301,-197.581,3.833
"2774",277.3,24.5470404477612,-197.399811881188,3.833
"2775",277.4,24.5499854545454,-197.6037,3.832
"2776",277.5,24.5432788059701,-197.3963,3.83205
"2777",277.6,24.5424621782178,-197.533737373737,3.83289898989899
"2778",277.7,24.5800280451128,-197.498058823529,3.83111764705882
"2779",277.8,24.558475882353,-197.31302020202,3.833
"2780",277.9,24.5671395454545,-197.4547,3.833
"2781",278,24.5728656716418,-197.423146551724,3.833
"2782",278.1,24.5648335,-197.286077586207,3.833
"2783",278.2,24.5656577443609,-197.539977777778,3.833
"2784",278.3,24.5822758208955,-197.361,3.83205882352941
"2785",278.4,24.5472590909091,-197.447262626263,3.833
"2786",278.5,24.5405860294118,-197.216265486726,3.83304424778761
"2787",278.6,24.5291758646617,-197.221575221239,3.83392920353982
"2788",278.7,24.5205610891089,-197.32895049505,3.8339504950495
"2789",278.8,24.5266359090909,-197.334707070707,3.833
"2790",278.9,24.5859296992481,-197.484219298246,3.833
"2791",279,24.6061944776119,-197.288605263158,3.833
"2792",279.1,24.5708762406015,-197.18803125,3.83202083333333
"2793",279.2,24.5630202,-197.279181818182,3.834
"2794",279.3,24.5810054545455,-197.14056,3.83394
"2795",279.4,24.5775031578947,-196.985971962617,3.833
"2796",279.5,24.5558571641791,-197.136808080808,3.833
"2797",279.6,24.5525044360902,-197.156,3.833
"2798",279.7,24.5664411940299,-196.971201834862,3.833
"2799",279.8,24.5518176,-197.21523853211,3.833
"2800",279.9,24.5434701492537,-197.030183486239,3.83204587155963
"2801",280,24.5504265671642,-196.933853211009,3.83296330275229
"2802",280.1,24.5782762406015,-197.157232323232,3.8319797979798
"2803",280.2,24.5944120588235,-197.273711340206,3.8300206185567
"2804",280.3,24.5836972180451,-197.0738,3.83115
"2805",280.4,24.5723296,-197.133222222222,3.8339494949495
"2806",280.5,24.5553892424242,-196.894472727273,3.833
"2807",280.6,24.5691416541353,-196.919018181818,3.833
"2808",280.7,24.5665268656716,-196.905882352941,3.833
"2809",280.8,24.5573494736842,-196.83570212766,3.833
"2810",280.9,24.5456656,-196.80513,3.83286
"2811",281,24.5615336363636,-196.77806,3.83107
"2812",281.1,24.5658492481203,-196.921465346535,3.83206930693069
"2813",281.2,24.5677567164179,-196.880545454545,3.833
"2814",281.3,24.5644488721804,-196.975992125984,3.833
"2815",281.4,24.5747395522388,-196.890165354331,3.833
"2816",281.5,24.5543452,-196.724037735849,3.833
"2817",281.6,24.53052,-196.974981132075,3.833
"2818",281.7,24.5648282089552,-196.740547169811,3.833
"2819",281.8,24.5779794736842,-196.712567010309,3.8320412371134
"2820",281.9,24.5929720895522,-196.69325,3.8339
"2821",282,24.5967557575758,-196.71465,3.8321
"2822",282.1,24.5915991044776,-196.68,3.834
"2823",282.2,24.5720236363636,-196.863796296296,3.83386111111111
"2824",282.3,24.5588514285714,-196.739722222222,3.83108333333333
"2825",282.4,24.5808748529412,-196.502862745098,3.833
"2826",282.5,24.5819803759398,-196.605132653061,3.833
"2827",282.6,24.5625402,-196.763745098039,3.833
"2828",282.7,24.5665690909091,-196.611357142857,3.83294897959184
"2829",282.8,24.5842037593985,-196.615769911504,3.83206194690265
"2830",282.9,24.5728850746269,-196.583911504425,3.83294690265487
"2831",283,24.5874263157895,-196.334683168317,3.83305940594059
"2832",283.1,24.5884365671642,-196.480584745763,3.83395762711864
"2833",283.2,24.5724924,-196.332279661017,3.83311016949153
"2834",283.3,24.6011715037594,-196.503,3.83204761904762
"2835",283.4,24.6050894029851,-196.403,3.833
"2836",283.5,24.6142743609023,-196.436333333333,3.833
"2837",283.6,24.6132613432836,-196.42202020202,3.833
"2838",283.7,24.6006772,-196.535525252525,3.83305050505051
"2839",283.8,24.593572406015,-196.673673267327,3.834
"2840",283.9,24.5334032835821,-196.6179,3.83395
"2841",284,24.5481204511278,-196.539700934579,3.83295327102804
"2842",284.1,24.5643855882353,-196.153719626168,3.83201869158879
"2843",284.2,24.555932556391,-196.263421052632,3.83298947368421
"2844",284.3,24.575551,-196.40054,3.83206
"2845",284.4,24.5659654545455,-196.442930693069,3.833
"2846",284.5,24.5928320300752,-196.245,3.83305
"2847",284.6,24.5730468656716,-196.418777777778,3.8339494949495
"2848",284.7,24.5501655639098,-196.450623762376,3.83305940594059
"2849",284.8,24.5674631343284,-196.1327,3.8339
"2850",284.9,24.5643452,-196.22765,3.83195
"2851",285,24.5692473684211,-196.3425,3.83105
"2852",285.1,24.5343507462687,-196.473557692308,3.83204807692308
"2853",285.2,24.5294542857143,-196.247189473684,3.83298947368421
"2854",285.3,24.516118358209,-196.266132075472,3.832
"2856",285.5,24.53039,-196.2486,3.83295
"2857",285.6,24.536436119403,-196.15135,3.832
"2858",285.7,24.5630917293233,-196.252622641509,3.83209433962264
"2859",285.8,24.5675020895522,-196.245075471698,3.83398113207547
"2860",285.9,24.5766789,-196.268256880734,3.83204587155963
"2861",286,24.5802818796992,-196.133394495413,3.83296330275229
"2862",286.1,24.5734382352941,-196.079524752475,3.833
"2863",286.2,24.5614966666667,-196.20398019802,3.833
"2864",286.3,24.5685682352941,-196.108425925926,3.833
"2865",286.4,24.5587276691729,-196.099089108911,3.83282178217822
"2866",286.5,24.5889144776119,-196.05941509434,3.83004716981132
"2867",286.6,24.6098721782178,-196.187716981132,3.83099056603774
"2868",286.7,24.5778534090909,-196.010598130841,3.83304672897196
"2869",286.8,24.5547676470588,-196.082560747664,3.83398130841121
"2870",286.9,24.5719540909091,-196.030545454545,3.8330101010101
"2871",287,24.5701752238806,-196.032755102041,3.83204081632653
"2872",287.1,24.5857664,-195.94488,3.83294
"2873",287.2,24.5731244360902,-196.10268,3.83206
"2874",287.3,24.5555820895522,-195.66797029703,3.83305940594059
"2875",287.4,24.5679133333333,-195.8166,3.83395
"2876",287.5,24.5804491044776,-195.933313131313,3.83305050505051
"2877",287.6,24.5905591,-195.774217821782,3.834
"2878",287.7,24.5806386466165,-195.842666666667,3.8339593495935
"2879",287.8,24.6080635294118,-195.876,3.83314634146342
"2880",287.9,24.5953366666667,-195.83885046729,3.83204672897196
"2881",288,24.6132111764706,-195.795859813084,3.83298130841122
"2882",288.1,24.648772,-195.84500990099,3.832
"2883",288.2,24.645657518797,-195.851847457627,3.83204237288136
"2884",288.3,24.6246791044776,-195.66879661017,3.83288983050847
"2885",288.4,24.6109933333333,-195.761677966102,3.832
"2886",288.5,24.6252858823529,-195.728627118644,3.832
"2887",288.6,24.6499833333333,-195.661830188679,3.83103773584906
"2888",288.7,24.6693637313433,-195.48258490566,3.83198113207547
"2889",288.8,24.6800761764706,-195.45055,3.833
"2890",288.9,24.6550031818182,-195.62655,3.833
"2891",289,24.6861122058824,-195.5294,3.833
"2892",289.1,24.6580013636364,-195.65094949495,3.83305050505051
"2893",289.2,24.6337623880597,-195.643176470588,3.83388235294118
"2894",289.3,24.6302711111111,-195.537552238806,3.83205970149254
"2895",289.4,24.6242352631579,-195.626358208955,3.83355223880597
"2896",289.5,24.6133610447761,-195.665816326531,3.8330918367347
"2897",289.6,24.6486678030303,-195.571732673267,3.83580198019802
"2898",289.7,24.6626446268657,-195.694265306122,3.83204081632653
"2899",289.8,24.641981,-195.540555555556,3.833
"2900",289.9,24.6350908270677,-195.616481481481,3.833
"2901",290,24.6088697058823,-195.568092592593,3.833
"2902",290.1,24.6008339097744,-195.632456521739,3.83202173913043
"2903",290.2,24.5867046268657,-195.6281,3.8321
"2904",290.3,24.5756057462687,-195.426707070707,3.8339494949495
"2905",290.4,24.607751641791,-195.537823529412,3.83288235294118
"2906",290.5,24.6037485148515,-195.585615384615,3.83107692307692
"2907",290.6,24.5836969172932,-195.251,3.833
"2908",290.7,24.5758514925373,-195.519316831683,3.833
"2909",290.8,24.5939272727273,-195.49552,3.83296
"2910",290.9,24.5937410447761,-195.522181818182,3.8320404040404
"2911",291,24.6148628,-195.294,3.83291071428571
"2912",291.1,24.6474768421053,-195.403182795699,3.83084946236559
"2913",291.2,24.6278407462687,-195.372,3.833
"2914",291.3,24.61685,-195.460545454545,3.83284848484849
"2915",291.4,24.6256797014925,-195.447513513514,3.83016216216216
"2916",291.5,24.6426013131313,-195.372738738739,3.83286486486486
"2917",291.6,24.6411334328358,-195.43728125,3.833
"2918",291.7,24.6220143283582,-195.360974358974,3.833
"2919",291.8,24.6048486466165,-195.435333333333,3.833
"2920",291.9,24.6121523529412,-195.51332,3.83292
"2921",292,24.5989033333333,-195.30384,3.83112
"2922",292.1,24.6051589552239,-195.27628,3.834
"2923",292.2,24.5983333333333,-195.285350877193,3.8339298245614
"2924",292.3,24.586785,-195.344122807018,3.83217543859649
"2925",292.4,24.5763547761194,-195.29262962963,3.83296296296296
"2926",292.5,24.5724433333333,-195.20837037037,3.83203703703704
"2927",292.6,24.5563410447761,-195.326204081633,3.832
"2928",292.7,24.5806334653465,-195.19996,3.83206
"2929",292.8,24.5793866666667,-195.344235294118,3.833
"2930",292.9,24.5873944776119,-195.160775510204,3.833
"2931",293,24.5952417424242,-195.282089108911,3.833
"2932",293.1,24.5653968656716,-195.414585858586,3.833
"2933",293.2,24.563387,-195.200882352941,3.83294117647059
"2934",293.3,24.5529593984962,-195.215918918919,3.83202702702703
"2935",293.4,24.5452447761194,-195.238891891892,3.8327027027027
"2936",293.5,24.5614398496241,-195.290621621622,3.83224324324324
"2937",293.6,24.5864474626866,-195.433666666667,3.8320350877193
"2938",293.7,24.5588127272727,-195.150333333333,3.83291228070175
"2939",293.8,24.5503708888889,-195.14564,3.83204
"2940",293.9,24.5582428358209,-195.185923076923,3.833
"2942",294.1,24.5436223529412,-194.974495049505,3.8329900990099
"2944",294.3,24.5790144776119,-195.155939393939,3.832
"2945",294.4,24.6274316,-195.05568,3.832
"2946",294.5,24.6065686466165,-194.99276,3.832
"2947",294.6,24.6105002985075,-194.83088,3.83204
"2948",294.7,24.6092529323308,-195.10916,3.83296
"2949",294.8,24.5908716666667,-194.954557251908,3.832
"2950",294.9,24.6415884848485,-195.193488549618,3.832
"2951",295,24.6635422556391,-194.89435,3.83185
"2952",295.1,24.6190828358209,-194.99065,3.8292
"2953",295.2,24.6331402255639,-195.231060606061,3.833
"2954",295.3,24.6384264179105,-194.884513513513,3.833
"2955",295.4,24.6233463636364,-195.043072072072,3.833
"2956",295.5,24.6332131343284,-195.028414414414,3.83204504504504
"2957",295.6,24.6152380597015,-195.116702702703,3.83294594594595
"2958",295.7,24.6169627819549,-195.11997029703,3.833
"2959",295.8,24.639396617647,-194.986535353535,3.83308080808081
"2960",295.9,24.6144043434343,-195.023294117647,3.83509803921569
"2961",296,24.6249789552239,-195.032058823529,3.83685294117647
"2962",296.1,24.6167118181818,-195.132610526316,3.832
"2963",296.2,24.6337217293233,-195.089411764706,3.832
"2964",296.3,24.6144598507463,-194.97648,3.832
"2965",296.4,24.6244863909774,-194.8004,3.832
"2966",296.5,24.6550074626866,-194.90744,3.832
"2967",296.6,24.685326,-194.94092,3.83208
"2968",296.7,24.6507106766917,-194.910452991453,3.83389743589744
"2969",296.8,24.6429889552239,-194.796777777778,3.83133333333333
"2970",296.9,24.6482311278195,-194.837193548387,3.83193548387097
"2971",297,24.6338774626866,-194.667536082474,3.83296907216495
"2972",297.1,24.6150154545455,-194.667762376238,3.833
"2973",297.2,24.6169268421053,-194.720528301887,3.83209433962264
"2974",297.3,24.6002670149254,-194.644158415842,3.832
"2975",297.4,24.6055994736842,-195.00196,3.83204
"2976",297.5,24.6266920895523,-194.75772,3.83296
"2977",297.6,24.620553,-194.679150943396,3.83211320754717
"2978",297.7,24.6130294736842,-194.682924528302,3.83494339622641
"2979",297.8,24.6342594029851,-194.903353535354,3.83287878787879
"2980",297.9,24.6309689473684,-194.789422413793,3.83008620689655
"2981",298,24.6482232352941,-194.717870689655,3.83181034482759
"2982",298.1,24.623075037594,-194.558857142857,3.833
"2983",298.2,24.6603382089552,-194.717,3.83294
"2984",298.3,24.677569,-194.671036363636,3.83205454545454
"2985",298.4,24.6568223308271,-194.688309090909,3.83296363636364
"2986",298.5,24.6499070149254,-194.77961682243,3.83210280373832
"2987",298.6,24.6373889473684,-194.557451612903,3.832
"2988",298.7,24.6334935820896,-194.73068,3.832
"2989",298.8,24.670441,-194.68192,3.832
"2990",298.9,24.6566295454545,-194.84512,3.832
"2991",299,24.6388541791045,-194.778747474747,3.8320404040404
"2992",299.1,24.6350294736842,-194.834129310345,3.83295689655172
"2993",299.2,24.636467761194,-194.636715517241,3.83209482758621
"2994",299.3,24.6492906,-194.5744,3.83305
"2995",299.4,24.6391210526316,-194.50755,3.83395
"2996",299.5,24.62806,-194.532285714286,3.83295238095238
"2998",299.7,24.6681044117647,-194.5085,3.832
"2999",299.8,24.648503,-194.323554455446,3.832
"3000",299.9,24.6465636090226,-194.602,3.832
"3001",300,24.6485562686567,-194.57276,3.832
"3002",300.1,24.6207395454546,-194.44901980198,3.832
"3003",300.2,24.617127761194,-194.493212121212,3.83206060606061
"3004",300.3,24.6588726315789,-194.34464,3.83392
"3005",300.4,24.6739107462687,-194.456752475248,3.832
"3006",300.5,24.6471411881188,-194.476316326531,3.8320612244898
"3007",300.6,24.6469872727273,-194.507339622641,3.83395283018868
"3008",300.7,24.6779352238806,-194.294132075472,3.83300943396226
"3009",300.8,24.6716063157895,-194.368676470588,3.833
"3010",300.9,24.665088358209,-194.416603960396,3.832
"3011",301,24.6808851,-194.40428,3.83204
"3012",301.1,24.6573209090909,-194.30208,3.83296
"3013",301.2,24.6670186567164,-194.560244897959,3.83204081632653
"3014",301.3,24.6493671428571,-194.387267326733,3.833
"3015",301.4,24.6543107462687,-194.523752475248,3.83290099009901
"3016",301.5,24.65944,-194.333775510204,3.83104081632653
"3017",301.6,24.6470821052632,-194.489910891089,3.832
"3018",301.7,24.6385,-194.4327,3.83205
"3019",301.8,24.6706100757576,-194.2784,3.83295
"3020",301.9,24.6734019117647,-194.3378,3.832
"3021",302,24.654457368421,-194.2444,3.83195
"3022",302.1,24.6810989552239,-194.341,3.83105
"3023",302.2,24.662827029703,-194.236405940594,3.832
"3024",302.3,24.6481754545455,-194.4082,3.83204
"3025",302.4,24.6659205882353,-194.19101980198,3.8330396039604
"3026",302.5,24.6687840909091,-194.050741071429,3.83394642857143
"3027",302.6,24.6637558208955,-194.208776785714,3.83216071428571
"3028",302.7,24.6308915,-194.28744,3.832
"3029",302.8,24.6371271212121,-194.505111111111,3.832
"3030",302.9,24.6210583823529,-194.294,3.832
"3031",303,24.64708,-194.297198198198,3.83195495495495
"3032",303.1,24.6934249253731,-194.361162162162,3.83105405405405
"3033",303.2,24.6427576,-194.385865979381,3.8339587628866
"3034",303.3,24.6557512781955,-194.3286,3.83215
"3035",303.4,24.6626475,-194.26,3.83485
"3036",303.5,24.6628760606061,-194.1755,3.832
"3037",303.6,24.6541479411765,-194.014643564356,3.832
"3038",303.7,24.6044872,-194.03104,3.832
"3039",303.8,24.6493289473684,-194.127838383838,3.832
"3040",303.9,24.6302449253731,-194.13325,3.83205
"3041",304,24.6213033333333,-194.3078,3.8331
"3042",304.1,24.6251729411765,-194.274306930693,3.83480198019802
"3043",304.2,24.6381667424242,-194.06772,3.83112
"3044",304.3,24.6693405970149,-194.03968,3.83392
"3045",304.4,24.6004952475248,-194.098336633663,3.832
"3046",304.5,24.6036506060606,-193.966785714286,3.832
"3047",304.6,24.6330573529412,-194.1507,3.83205
"3048",304.7,24.6014120454545,-194.16335,3.833
"3049",304.8,24.5925123880597,-194.14185,3.8329
"3050",304.9,24.6038936,-193.971162393162,3.83108547008547
"3051",305,24.602046969697,-194.03441025641,3.83279487179487
"3052",305.1,24.5892205882353,-194.012148514852,3.8320495049505
"3053",305.2,24.5904439393939,-193.91192,3.83296
"3054",305.3,24.5978380597015,-193.746808080808,3.832
"3055",305.4,24.6325794,-193.856594059406,3.832
"3056",305.5,24.5960310526316,-193.771232323232,3.832
"3057",305.6,24.5681364705882,-193.751262711864,3.832
"3058",305.7,24.5610354545455,-193.716516949153,3.832
"3059",305.8,24.5626311764706,-193.766391304348,3.8320347826087
"3060",305.9,24.5651483458647,-193.901173913043,3.83290434782609
"3061",306,24.5725552238806,-193.766443298969,3.8320824742268
"3062",306.1,24.595857029703,-193.73943220339,3.83297457627119
"3063",306.2,24.60195,-193.953838983051,3.83212711864407
"3064",306.3,24.6051697014925,-193.78228,3.832
"3065",306.4,24.5829984848485,-193.852887850467,3.83202803738318
"3066",306.5,24.5744070149254,-193.74914953271,3.83296261682243
"3067",306.6,24.5618772,-193.78594,3.83197
"3068",306.7,24.5786442857143,-193.59801,3.83103
"3069",306.8,24.5961468656716,-193.85301,3.83203
"3070",306.9,24.6298267669173,-193.72856,3.83294
"3071",307,24.5985217910448,-193.87627,3.83112
"3072",307.1,24.6262391919192,-193.882508064516,3.83492741935484
"3073",307.2,24.6284284210526,-193.799443548387,3.83250806451613
"3074",307.3,24.6217570588235,-193.765071428571,3.832
"3075",307.4,24.635520075188,-193.457,3.83204
"3076",307.5,24.6329698507463,-193.583137931035,3.833
"3077",307.6,24.6454749494949,-193.736586206897,3.833
"3078",307.7,24.6187796268657,-193.73628,3.83108
"3079",307.8,24.6382490909091,-193.63256,3.83296
"3080",307.9,24.6076139849624,-193.84699009901,3.8320396039604
"3081",308,24.5867935294118,-193.490333333333,3.8329696969697
"3082",308.1,24.6103142424242,-193.70995049505,3.832
"3083",308.2,24.6044750746269,-193.353060606061,3.832
"3084",308.3,24.6172650495049,-193.6079,3.83203333333333
"3085",308.4,24.6213522556391,-193.5304,3.83286666666667
"3086",308.5,24.5949240298507,-193.458923076923,3.83207692307692
"3087",308.6,24.5975472727273,-193.244255319149,3.83298936170213
"3088",308.7,24.5848811940298,-193.40979,3.83203
"3089",308.8,24.6017172,-193.500696969697,3.833
"3090",308.9,24.6234821052632,-193.510089108911,3.8329603960396
"3091",309,24.6445086567164,-193.20417,3.832
"3092",309.1,24.6303957142857,-193.43296969697,3.832
"3093",309.2,24.63751,-193.33312,3.832
"3094",309.3,24.6648687878788,-193.257663366337,3.832
"3095",309.4,24.6536576119403,-193.100405940594,3.8319702970297
"3096",309.5,24.6482247761194,-192.989307692308,3.83103846153846
"3097",309.6,24.6258540601504,-193.304692307692,3.83296153846154
"3098",309.7,24.6238358823529,-193.06221,3.83215
"3099",309.8,24.626482481203,-193.075534653465,3.83685148514852
"3100",309.9,24.6226573134328,-193.287343434343,3.832
"3101",310,24.6424548,-193.208363636364,3.832
"3102",310.1,24.6533608270677,-193.25936,3.832
"3103",310.2,24.6519174626866,-193.43094214876,3.83203305785124
"3104",310.3,24.6388503007519,-193.304495867769,3.83285950413223
"3105",310.4,24.6283758208955,-193.297,3.8329797979798
"3106",310.5,24.6398737373737,-193.300537735849,3.83197169811321
"3107",310.6,24.6543654135338,-193.418462264151,3.83102830188679
"3108",310.7,24.6607641791045,-193.26194,3.83103
"3109",310.8,24.6712348120301,-193.260212121212,3.832
"3110",310.9,24.6910502985075,-193.264781818182,3.832
"3111",311,24.6289142424242,-193.209327272727,3.832
"3112",311.1,24.6144640298507,-193.150762886598,3.832
"3113",311.2,24.619741641791,-193.156533980583,3.832
"3114",311.3,24.6104721804511,-193.149084210526,3.83298947368421
"3115",311.4,24.6217791044776,-193.2581,3.83203
"3116",311.5,24.6070115151515,-193.324660714286,3.833
"3117",311.6,24.6136143283582,-193.280017857143,3.833
"3118",311.7,24.6152709090909,-193.23416,3.83104
"3119",311.8,24.6163025373134,-193.230615384615,3.832
"3121",312,24.6092169172932,-193.267283018868,3.83296226415094
"3122",312.1,24.591143880597,-193.149358490566,3.83201886792453
"3123",312.2,24.6052668,-193.172689320388,3.83104854368932
"3124",312.3,24.6216259398496,-193.111303030303,3.8320606060606
"3125",312.4,24.6368153731343,-193.035415841584,3.8349702970297
"3126",312.5,24.6328235338346,-193.241841121495,3.83394392523364
"3127",312.6,24.6410267164179,-193.083897196262,3.83114018691589
"3128",312.7,24.6016075757576,-192.796917431193,3.832
"3129",312.8,24.5953225,-193.015266055046,3.832
"3130",312.9,24.5555417910448,-193.09095,3.832
"3131",313,24.5501344360902,-193.0266,3.832
"3132",313.1,24.5983419402985,-193.27005,3.832
"3133",313.2,24.6074646,-193.32515,3.83195
"3134",313.3,24.5855263157895,-192.92015,3.83105
"3135",313.4,24.6043791044776,-193.110523364486,3.83204672897196
"3136",313.5,24.6313679699248,-193.060990654206,3.83298130841122
"3137",313.6,24.6310679411765,-193.101495495495,3.83211711711712
"3138",313.7,24.6127903759398,-193.207375,3.832
"3139",313.8,24.6228579104478,-193.194875,3.832
"3140",313.9,24.6514508,-193.027222222222,3.8319595959596
"3141",314,24.6485972180451,-193.077803738318,3.83104672897196
"3142",314.1,24.6454801492537,-193.033878504673,3.83198130841121
"3143",314.2,24.6421854135338,-193.034884615385,3.83294230769231
"3144",314.3,24.6265005970149,-193.088171717172,3.8329595959596
"3145",314.4,24.6317957,-193.012952380952,3.832
"3147",314.6,24.6287556716418,-193.07892,3.832
"3148",314.7,24.6239518045113,-192.889525252525,3.832
"3149",314.8,24.6291641791045,-192.988306306306,3.832
"3150",314.9,24.6380394,-192.814432432432,3.832
"3151",315,24.6305069924812,-192.807020833333,3.83298958333333
"3152",315.1,24.5861088059702,-192.905,3.832
"3153",315.2,24.6272606766917,-192.91855,3.83195
"3154",315.3,24.6631537313433,-192.8078,3.83105
"3155",315.4,24.6906054,-192.671377358491,3.832
"3156",315.5,24.6720788721804,-192.678924528302,3.832
"3157",315.6,24.6494212121212,-192.850346153846,3.832
"3158",315.7,24.6433142857143,-192.853643564356,3.832
"3159",315.8,24.6330885294118,-192.67528,3.832
"3160",315.9,24.6552740601504,-192.694323232323,3.8319595959596
"3161",316,24.6778111940299,-192.43245,3.8311
"3162",316.1,24.6801602970297,-192.720872881356,3.833
"3163",316.2,24.6749488636364,-192.618330508475,3.833
"3164",316.3,24.6686147761194,-192.7911,3.83295
"3165",316.4,24.6592906015038,-192.874822033898,3.832
"3166",316.5,24.6644759701493,-192.538,3.832
"3167",316.6,24.6384942,-192.838,3.832
"3168",316.7,24.643685112782,-192.791919191919,3.8319595959596
"3169",316.8,24.6512023880597,-192.5041,3.8311
"3170",316.9,24.6576887218045,-192.49055,3.83295
"3171",317,24.6565482089552,-192.55275,3.832
"3172",317.1,24.6589536,-192.44775,3.832
"3173",317.2,24.6513626315789,-192.553849056604,3.83103773584906
"3174",317.3,24.656516119403,-192.547367346939,3.832
"3175",317.4,24.6520987878788,-192.679,3.832
"3176",317.5,24.6504997058824,-192.530960784314,3.832
"3177",317.6,24.6472847368421,-192.464898989899,3.8319595959596
"3178",317.7,24.618926119403,-192.60035,3.831
"3179",317.8,24.5992476237624,-192.507296610169,3.83116949152542
"3180",317.9,24.6205747727273,-192.413228813559,3.8345593220339
"3181",318,24.6197427941176,-192.40002247191,3.83206741573033
"3182",318.1,24.6346940909091,-192.254574257426,3.83009900990099
"3183",318.2,24.6398394029851,-192.401306930693,3.832
"3184",318.3,24.646636,-192.43393,3.832
"3185",318.4,24.6244281203007,-192.461447368421,3.832
"3186",318.5,24.6033054411765,-192.376359649123,3.832
"3187",318.6,24.5959713636364,-192.49872,3.832
"3188",318.7,24.6033201492537,-192.54971,3.83111
"3189",318.8,24.5646032,-192.399924731183,3.83195698924731
"3190",318.9,24.5858739097744,-192.42115,3.83095
"3191",319,24.6175552238806,-192.482623931624,3.83008547008547
"3192",319.1,24.5989416666667,-192.515102564103,3.83179487179487
"3193",319.2,24.5757810447761,-192.408758241758,3.832
"3194",319.3,24.584831,-192.190080808081,3.832
"3195",319.4,24.58912,-192.37355,3.832
"3196",319.5,24.5678743283582,-192.2216,3.832
"3197",319.6,24.5972604545454,-192.37995,3.8321
"3198",319.7,24.6204820588235,-192.284708333333,3.83391666666667
"3199",319.8,24.6422171428571,-192.298875,3.83225
"3200",319.9,24.6193564179104,-192.306148514852,3.83109900990099
"3201",320,24.6115256435644,-192.21048,3.83296
"3202",320.1,24.6054503030303,-192.15788,3.832
"3203",320.2,24.5922070588235,-192.344321428571,3.832
"3204",320.3,24.6049865151515,-192.277357142857,3.832
"3205",320.4,24.6195746268657,-192.322407407407,3.83296296296296
"3206",320.5,24.6051095,-192.207592592593,3.83203703703704
"3207",320.6,24.6014242857143,-192.185828571429,3.83107619047619
"3208",320.7,24.5934955882353,-192.031542857143,3.83298095238095
"3209",320.8,24.6078728787879,-192.278260869565,3.8310347826087
"3210",320.9,24.6149802941176,-192.134782608696,3.83190434782609
"3211",321,24.6162383838384,-192.021118811881,3.832
"3212",321.1,24.5826600746269,-192.074373737374,3.832
"3213",321.2,24.5852922727273,-191.92235,3.832
"3214",321.3,24.59024,-192.01537254902,3.83204901960784
"3215",321.4,24.6032047058824,-191.854233009709,3.833
"3217",321.6,24.5869097058823,-191.8185,3.83295
"3218",321.7,24.5963804,-191.7429,3.8319
"3219",321.8,24.5516191729323,-191.93435,3.8301
"3220",321.9,24.5889946268657,-192.00403960396,3.832
"3221",322,24.5997854135338,-192.11368,3.832
"3222",322.1,24.6123673134328,-191.962727272727,3.8320404040404
"3223",322.2,24.6307467676768,-191.97698019802,3.833
"3224",322.3,24.599724477612,-191.915848484849,3.83291919191919
"3225",322.4,24.5814967647059,-191.84505,3.83115
"3226",322.5,24.5699965909091,-191.923779661017,3.83391525423729
"3227",322.6,24.5847032835821,-191.959372881356,3.83222033898305
"3228",322.7,24.5258102,-191.944188118812,3.82855445544554
"3229",322.8,24.5381432330827,-191.469954545455,3.83190909090909
"3230",322.9,24.5678223880597,-191.719555555556,3.832
"3231",323,24.5732916666667,-191.687756097561,3.832
"3232",323.1,24.5518073134328,-191.589816326531,3.832
"3233",323.2,24.565265,-191.8226,3.83196
"3234",323.3,24.5718275757576,-191.851428571429,3.83094285714286
"3235",323.4,24.5648644776119,-191.612142857143,3.82951428571429
"3236",323.5,24.5634932330827,-191.54252,3.83204
"3237",323.6,24.5508156716418,-191.6724,3.83292
"3238",323.7,24.5475397744361,-191.61164,3.83104
"3239",323.8,24.5444549253731,-191.65588,3.832
"3240",323.9,24.5487112871287,-191.768185185185,3.832
"3241",324,24.5452185714286,-191.647814814815,3.832
"3242",324.1,24.5421526470588,-191.762227722772,3.8329603960396
"3243",324.2,24.5546045454545,-191.88651,3.83203
"3244",324.3,24.5650394029851,-191.804787878788,3.83293939393939
"3245",324.4,24.5561885,-191.764811881188,3.8309603960396
"3246",324.5,24.5848876865672,-191.73369,3.83006
"3247",324.6,24.6269171212121,-191.65669,3.832
"3248",324.7,24.60413,-191.58728,3.832
"3249",324.8,24.5845079104478,-191.75489380531,3.832
"3250",324.9,24.6462192929293,-191.651353982301,3.832
"3251",325,24.6614732835821,-191.700632075472,3.83294339622641
"3252",325.1,24.6262545454546,-191.688367924528,3.83105660377358
"3253",325.2,24.6443396992481,-191.60172,3.83204
"3254",325.3,24.6417204411765,-191.422897435897,3.83293162393162
"3255",325.4,24.6127085714286,-191.320333333333,3.83122222222222
"3256",325.5,24.6114247761194,-191.568966666667,3.83293333333333
"3257",325.6,24.5764625,-191.46451,3.83203
"3258",325.7,24.61868,-191.355254237288,3.832
"3259",325.8,24.6441949253731,-191.386610169491,3.832
"3260",325.9,24.6305942857143,-191.491719298246,3.8320350877193
"3261",326,24.6184871641791,-191.384701754386,3.83291228070175
"3262",326.1,24.6546553535353,-191.44068,3.832
"3263",326.2,24.6659647761194,-191.432932773109,3.83196638655462
"3264",326.3,24.6509246268657,-191.43125210084,3.83112605042017
"3265",326.4,24.6718571428571,-191.37502970297,3.8310297029703
"3266",326.5,24.6765832835821,-191.472461538462,3.832
"3267",326.6,24.6505036363636,-191.395538461538,3.832
"3268",326.7,24.618356119403,-191.49968627451,3.832
"3269",326.8,24.6049609090909,-191.331404040404,3.8310202020202
"3270",326.9,24.6564196240602,-191.44239,3.83194
"3271",327,24.6210186567164,-191.26805,3.83012
"3272",327.1,24.6357790909091,-191.497890756303,3.83394957983193
"3273",327.2,24.6462526865672,-191.560915966387,3.83226890756302
"3274",327.3,24.6614272727273,-191.54912,3.83104
"3275",327.4,24.6295078195489,-191.43744,3.832
"3276",327.5,24.6658176470589,-191.56548,3.832
"3277",327.6,24.6589079699248,-191.509036036036,3.832
"3278",327.7,24.6282814925373,-191.609936936937,3.832
"3279",327.8,24.62274,-191.63568,3.83196
"3280",327.9,24.639723880597,-191.556540540541,3.831
"3281",328,24.6100688059701,-191.571903225806,3.8309247311828
"3282",328.1,24.6491085714286,-191.559,3.832
"3283",328.2,24.6738952238806,-191.429093457944,3.83293457943925
"3284",328.3,24.6646945454545,-191.287718446602,3.832
"3286",328.5,24.6254960606061,-191.425404040404,3.832
"3287",328.6,24.638552406015,-191.44578,3.83203
"3288",328.7,24.6834598507463,-191.472285714286,3.83297321428571
"3289",328.8,24.6914236,-191.515142857143,3.83208035714286
"3290",328.9,24.6982833834586,-191.474675675676,3.83105405405405
"3291",329,24.7297917910448,-191.497198198198,3.83285585585586
"3292",329.1,24.7199427272727,-191.471838095238,3.83387619047619
"3293",329.2,24.7237011764706,-191.551705882353,3.832
"3295",329.4,24.719731641791,-191.405683168317,3.832
"3296",329.5,24.6665134653465,-191.39767,3.83203
"3297",329.6,24.6817747727273,-191.38688,3.83297
"3298",329.7,24.68505,-191.37903030303,3.832
"3299",329.8,24.732109849624,-191.25224,3.83204
"3300",329.9,24.7337625373134,-191.266847457627,3.83293220338983
"3301",330,24.775958,-191.488033898305,3.83123728813559
"3302",330.1,24.737057443609,-191.299651685393,3.83196629213483
"3303",330.2,24.695041641791,-191.177461538462,3.832
"3304",330.3,24.716027443609,-191.359512820513,3.832
"3305",330.4,24.7215441791045,-191.40427184466,3.832
"3306",330.5,24.7727768,-191.33145631068,3.832
"3307",330.6,24.7740827067669,-191.229628571429,3.83296190476191
"3308",330.7,24.7329818181818,-190.895342857143,3.83200952380952
"3309",330.8,24.7006345112782,-191.18396,3.83296
"3310",330.9,24.7368055223881,-191.02200990099,3.8319603960396
"3311",331,24.7434047,-191.19503,3.83103
"3312",331.1,24.742307443609,-191.28346,3.832
"3313",331.2,24.7468342424242,-190.98118,3.832
"3314",331.3,24.7280605263158,-191.171787878788,3.832
"3315",331.4,24.7300367647059,-190.880603960396,3.832
"3316",331.5,24.7586648120301,-190.968696969697,3.832
"3317",331.6,24.7653668656716,-190.99108,3.83204
"3318",331.7,24.7882875247525,-190.99036,3.83296
"3319",331.8,24.7847050746269,-190.92824,3.83204
"3320",331.9,24.7797544776119,-190.96004,3.83296
"3321",332,24.7550428571428,-191.01132,3.832
"3322",332.1,24.7573453731343,-191.0598,3.832
"3323",332.2,24.7290885,-190.888227722772,3.832
"3324",332.3,24.739021969697,-190.920868421053,3.83202631578947
"3325",332.4,24.7520749253731,-191.01648245614,3.83290350877193
"3326",332.5,24.7609763636364,-190.963563829787,3.83110638297872
"3327",332.6,24.7850605882353,-190.839386138614,3.83107920792079
"3328",332.7,24.8120116,-190.78224,3.83294
"3329",332.8,24.7806132330827,-190.97659,3.83106
"3330",332.9,24.7648653731343,-190.74772972973,3.83297297297297
"3331",333,24.6870818181818,-191.105387387387,3.83207207207207
"3332",333.1,24.6424041176471,-190.849547169811,3.832
"3333",333.2,24.6355754545455,-190.588226415094,3.832
"3334",333.3,24.6458152,-190.824772277228,3.8320396039604
"3335",333.4,24.6276780597015,-190.607504950495,3.833
"3336",333.5,24.6663875757576,-190.819797979798,3.833
"3337",333.6,24.6872991176471,-190.802939393939,3.8330303030303
"3338",333.7,24.6871958333333,-190.57968,3.83384
"3339",333.8,24.6643194029851,-190.6602,3.83008
"3340",333.9,24.6642118811881,-191.0414,3.832
"3341",334,24.6746447368421,-190.853785714286,3.832
"3342",334.1,24.6678182352941,-190.723428571429,3.832
"3343",334.2,24.6617245454545,-190.770959183673,3.83204081632653
"3344",334.3,24.629657761194,-190.873,3.83
"3345",334.4,24.6653622,-190.816514851485,3.8319603960396
"3346",334.5,24.6840721052632,-190.73041,3.83103
"3347",334.6,24.6747332835821,-190.6757,3.83194
"3348",334.7,24.6920011363636,-190.572362068965,3.83005172413793
"3349",334.8,24.6707828358209,-190.684431034483,3.83177586206897
"3350",334.9,24.6816802,-190.648508928571,3.832
"3351",335,24.6916021052632,-190.587643564356,3.8319603960396
"3352",335.1,24.6984555223881,-190.577289473684,3.83102631578947
"3353",335.2,24.7189024242424,-190.520271929825,3.83190350877193
"3354",335.3,24.7269791176471,-190.49932,3.83106
"3355",335.4,24.6997468421053,-190.546575757576,3.83293939393939
"3356",335.5,24.718212238806,-190.692445544554,3.83119801980198
"3357",335.6,24.6991015841584,-190.675315789474,3.8358947368421
"3358",335.7,24.6905768421053,-190.55250877193,3.83238596491228
"3359",335.8,24.7263223529412,-190.711142857143,3.832
"3360",335.9,24.6835254545455,-190.754,3.832
"3361",336,24.6649174626866,-190.558950495049,3.832
"3362",336.1,24.6703011,-190.520183486239,3.831
"3363",336.2,24.7021809774436,-190.459633027523,3.831
"3364",336.3,24.7089923880597,-190.492256410256,3.832
"3365",336.4,24.7016687121212,-190.434136752137,3.832
"3366",336.5,24.6664741791045,-190.53347,3.83297
"3367",336.6,24.7085018,-190.482090909091,3.832
"3368",336.7,24.6841505263158,-190.42028,3.832
"3369",336.8,24.6834347761194,-190.409574257426,3.832
"3370",336.9,24.6836678947368,-190.568424242424,3.832
"3371",337,24.6792916176471,-190.550833333333,3.83213333333333
"3372",337.1,24.6375710606061,-190.571666666667,3.83546666666667
"3373",337.2,24.6167657425743,-190.40724,3.83396
"3374",337.3,24.6295109090909,-190.268307692308,3.83296153846154
"3375",337.4,24.6215731578947,-190.251,3.832
"3376",337.5,24.6452002985075,-190.52719047619,3.83295238095238
"3377",337.6,24.6664143939394,-190.523,3.832
"3378",337.7,24.6514637313433,-190.38164,3.832
"3379",337.8,24.644396039604,-190.44292,3.832
"3380",337.9,24.6400526315789,-190.38788,3.83204
"3381",338,24.6592830882353,-190.27044,3.83296
"3382",338.1,24.6405681060606,-190.397330275229,3.832
"3383",338.2,24.6267662686567,-190.305587155963,3.832
"3384",338.3,24.598042,-190.366918367347,3.8339387755102
"3385",338.4,24.6058894736842,-190.37628440367,3.83296330275229
"3386",338.5,24.6121985074627,-190.408394495413,3.83204587155963
"3387",338.6,24.6093821052632,-190.33771,3.832
"3388",338.7,24.635387761194,-190.4903,3.832
"3389",338.8,24.6418624242424,-190.496256637168,3.83194690265487
"3390",338.9,24.6542763909774,-190.371477876106,3.83017699115044
"3391",339,24.6219737313433,-190.286052631579,3.8318947368421
"3392",339.1,24.6508073684211,-190.163764705882,3.83105882352941
"3393",339.2,24.6478576119403,-190.319969387755,3.83297959183673
"3394",339.3,24.6901704511278,-190.217242424242,3.8310303030303
"3395",339.4,24.6896097014925,-190.129633663366,3.832
"3396",339.5,24.713385049505,-190.148445544555,3.832
"3397",339.6,24.7353636842105,-190.261808080808,3.832
"3398",339.7,24.7114098529412,-190.308454545455,3.8319696969697
"3399",339.8,24.6990448484849,-190.542186440678,3.83096610169492
"3400",339.9,24.6716905970149,-190.421847457627,3.8301186440678
"3401",340,24.7001936,-190.341585858586,3.83173737373737
"3402",340.1,24.7242952631579,-190.18472,3.83004
"3403",340.2,24.7122295522388,-190.014357142857,3.83103571428571
"3404",340.3,24.7525479104478,-190.123285714286,3.83192857142857
"3405",340.4,24.7659565671642,-190.375386138614,3.832
"3406",340.5,24.7507029292929,-190.305351351351,3.832
"3407",340.6,24.7341249253731,-190.08372972973,3.832
"3408",340.7,24.7414348484848,-190.08325,3.832
"3409",340.8,24.7270163636364,-190.149856,3.832976
"3410",340.9,24.7462608823529,-190.045056,3.832176
"3411",341,24.7533147368421,-190.27074,3.83298
"3412",341.1,24.7722945,-190.1135,3.832
"3413",341.2,24.7531628787879,-190.2385,3.832
"3414",341.3,24.7471696240602,-190.130680412371,3.832
"3415",341.4,24.7571104477612,-189.941666666667,3.832
"3416",341.5,24.7618678195489,-189.778693069307,3.8319702970297
"3417",341.6,24.7702764179104,-189.743272727273,3.831
"3418",341.7,24.7291663,-190.0819,3.831
"3419",341.8,24.7262085074627,-189.621823076923,3.83102307692308
"3420",341.9,24.7535704477612,-189.482592307692,3.83179230769231
"3421",342,24.7581757894737,-189.40728,3.83103
"3422",342.1,24.7938726865672,-189.6714,3.832
"3423",342.2,24.7689649494949,-189.557091743119,3.832
"3424",342.3,24.7347393333333,-189.626816513761,3.832
"3425",342.4,24.7439560606061,-189.724777777778,3.832
"3426",342.5,24.7678110526316,-189.516828571429,3.83194285714286
"3427",342.6,24.7411840298508,-189.411114285714,3.8300380952381
"3428",342.7,24.7435647474747,-189.486924528302,3.83198113207547
"3429",342.8,24.7785224242424,-189.633150943396,3.83103773584906
"3430",342.9,24.78628,-189.49643,3.833
"3431",343,24.7884830075188,-189.47857,3.83297
"3432",343.1,24.7577397058824,-189.495722772277,3.832
"3433",343.2,24.7771965413534,-189.458868686869,3.832
"3434",343.3,24.7801785074627,-189.689891089109,3.832
"3435",343.4,24.7715961,-189.522043478261,3.83201739130435
"3436",343.5,24.7727679699248,-189.47308045977,3.83329885057471
"3437",343.6,24.7327555882353,-189.434,3.831
"3438",343.7,24.7496121052632,-189.489555555556,3.83007407407407
"3439",343.8,24.734295,-189.436633663366,3.83194059405941
"3440",343.9,24.7232274747475,-189.391494949495,3.8300404040404
"3441",344,24.7610059701493,-189.365485148515,3.832
"3442",344.1,24.7456557575758,-189.3192,3.832
"3443",344.2,24.7400978947368,-189.474828282828,3.8319797979798
"3444",344.3,24.7400748484848,-189.414435643564,3.8309702970297
"3445",344.4,24.7327443,-189.30004,3.83002
"3446",344.5,24.7222654545454,-189.395081967213,3.83101639344262
"3447",344.6,24.72472,-189.149180327869,3.83183606557377
"3448",344.7,24.71872,-189.150494949495,3.8319797979798
"3449",344.8,24.7083255882353,-189.313973451327,3.831
"3450",344.9,24.7064879699248,-189.113088495575,3.831
"3451",345,24.7351448484849,-189.195460176991,3.832
"3452",345.1,24.71616,-189.244132743363,3.832
"3453",345.2,24.764353880597,-189.112393939394,3.832
"3454",345.3,24.69613,-189.152851851852,3.832
"3455",345.4,24.7393902985075,-189.049148148148,3.832
"3456",345.5,24.71045,-189.161181818182,3.83006060606061
"3457",345.6,24.73322,-189.254692307692,3.83203846153846
"3459",345.8,24.6871146268657,-189.15632,3.832
"3460",345.9,24.6785815037594,-189.139722772277,3.832
"3461",346,24.7199985074627,-189.12712,3.83197
"3462",346.1,24.7568545,-188.93649,3.83103
"3463",346.2,24.7175478787879,-188.92414,3.83197
"3464",346.3,24.69676,-189.05734,3.831
"3465",346.4,24.7504988059702,-189.035606557377,3.83102459016393
"3466",346.5,24.68826,-189.022491803279,3.83184426229508
"3467",346.6,24.6917,-189.217653465347,3.8310396039604
"3468",346.7,24.6693842105263,-189.18374,3.832
"3469",346.8,24.6989695488722,-189.141244444444,3.832
"3470",346.9,24.6958723529412,-189.082725925926,3.832
"3471",347,24.66824,-189.34818,3.832
"3472",347.1,24.6730888059702,-189.255382608696,3.83197391304348
"3473",347.2,24.68085,-189.201469565217,3.83110434782609
"3474",347.3,24.71107,-189.280695238095,3.83203809523809
"3475",347.4,24.6736073134328,-189.073076190476,3.83299047619048
"3476",347.5,24.6596288059702,-189.248527777778,3.83397222222222
"3477",347.6,24.6723981203008,-189.16612037037,3.8330462962963
"3478",347.7,24.6992398507463,-189.15208,3.832
"3479",347.8,24.6724243,-189.172905660377,3.83196226415094
"3480",347.9,24.6925678195489,-189.045547169811,3.83101886792453
"3481",348,24.6895223880597,-189.112730769231,3.83194230769231
"3482",348.1,24.6958276119403,-189.16488,3.83004
"3483",348.2,24.68135,-189.07032,3.83104
"3484",348.3,24.65971,-189.16972,3.83204
"3485",348.4,24.6865467164179,-189.071117647059,3.83303921568627
"3486",348.5,24.70189,-189.167939393939,3.8339595959596
"3487",348.6,24.737905882353,-188.97496,3.832
"3488",348.7,24.7002,-189.103552631579,3.832
"3489",348.8,24.72584,-189.121973684211,3.832
"3490",348.9,24.7293670149254,-189.21201,3.83203
"3491",349,24.76177,-189.07883,3.83297
"3492",349.1,24.71726,-188.95021,3.83203
"3493",349.2,24.70126,-189.14788,3.833
"3494",349.3,24.7222610447761,-189.04754,3.83306
"3495",349.4,24.68647,-189.061405940594,3.83491089108911
"3496",349.5,24.7147571287129,-188.942396694215,3.832
"3497",349.6,24.7124645112782,-188.862231404959,3.832
"3498",349.7,24.7399405882353,-188.855890243902,3.832
"3499",349.8,24.7130832835821,-189.031,3.83203
"3500",349.9,24.70874,-188.74576,3.83291
"3501",350,24.6945,-188.92984,3.83006
"3502",350.1,24.7252065671642,-188.8606,3.832
"3503",350.2,24.75152,-188.8806,3.832
"3504",350.3,24.7360048484849,-188.8369,3.83004
"3505",350.4,24.7413929,-188.835435643564,3.8310396039604
"3506",350.5,24.7033698496241,-188.94123,3.832
"3507",350.6,24.7333548120301,-188.87893,3.832
"3508",350.7,24.707077443609,-188.719445454545,3.83197272727273
"3509",350.8,24.7088218045113,-188.867627272727,3.83106363636364
"3510",350.9,24.6949842857143,-188.878,3.831
"3511",351,24.6924128571429,-188.845517241379,3.832
"3512",351.1,24.7059636633663,-188.958448275862,3.832
"3513",351.2,24.70933,-188.58376,3.832
"3514",351.3,24.7183976691729,-188.868679245283,3.832
"3515",351.4,24.7432536764706,-188.935660377358,3.832
"3516",351.5,24.7154423880597,-188.736085714286,3.832
"3517",351.6,24.67792,-188.60560952381,3.832
"3518",351.7,24.65621,-188.78681443299,3.832
"3519",351.8,24.6519526865672,-188.669274509804,3.832
"3520",351.9,24.69449,-188.578404040404,3.832
"3521",352,24.6991697014925,-188.598228813559,3.832
"3522",352.1,24.67111,-188.605855932203,3.832
"3523",352.2,24.656322238806,-188.488772277228,3.832
"3524",352.3,24.660546119403,-188.54961,3.83197
"3525",352.4,24.6504283458647,-188.353574257426,3.831
"3526",352.5,24.6324476470588,-188.694490566038,3.831
"3527",352.6,24.64258,-188.469018867925,3.831
"3528",352.7,24.6794537313433,-188.498588235294,3.83194117647059
"3529",352.8,24.7088268656716,-188.670757575758,3.8319595959596
"3530",352.9,24.7136711278195,-188.465421052632,3.82994736842105
"3531",353,24.7427839097744,-188.479456140351,3.82819298245614
"3532",353.1,24.7291903759399,-188.64882,3.83297
"3533",353.2,24.7132279699248,-188.546653465347,3.832
"3534",353.3,24.7267137,-188.566320754717,3.83198113207547
"3535",353.4,24.760657593985,-188.482358490566,3.83103773584906
"3536",353.5,24.7554082352941,-188.347212121212,3.8320303030303
"3537",353.6,24.73782,-188.35784,3.83296
"3538",353.7,24.7330434328358,-188.44944,3.83204
"3539",353.8,24.75773,-188.44108,3.83292
"3540",353.9,24.7561181203007,-188.557558558559,3.831
"3541",354,24.7609301503759,-188.421522522523,3.831
"3542",354.1,24.7698627819549,-188.45272,3.83104
"3543",354.2,24.7741409774436,-188.66216,3.832
"3544",354.3,24.7683605050505,-188.666712871287,3.8319603960396
"3545",354.4,24.7426843283582,-188.678118811881,3.8310297029703
"3546",354.5,24.7304007462687,-188.488345454545,3.83198181818182
"3547",354.6,24.7114357142857,-188.605618181818,3.83107272727273
"3548",354.7,24.7577214285714,-188.601904761905,3.8310380952381
"3549",354.8,24.7209557894737,-188.649523809524,3.83199047619048
"3550",354.9,24.7475347368421,-188.67016,3.83004
"3551",355,24.7302912,-188.642923076923,3.83103418803419
"3552",355.1,24.7157102255639,-188.466,3.83188888888889
"3553",355.2,24.7307327819549,-188.419264705882,3.832
"3554",355.3,24.7510883458647,-188.445735294118,3.832
"3555",355.4,24.7059229323308,-188.413888888889,3.831
"3556",355.5,24.6954357575758,-188.407884615385,3.83103846153846
"3557",355.6,24.6779334328358,-188.652115384615,3.83296153846154
"3558",355.7,24.7056050746269,-188.420480769231,3.82923076923077
"3559",355.8,24.6979369924812,-188.445204081633,3.8339693877551
"3560",355.9,24.6996362406015,-188.36794,3.83103
"3561",356,24.7208221212121,-188.367443396226,3.83197169811321
"3562",356.1,24.6716202985075,-188.415556603774,3.83102830188679
"3563",356.2,24.7001352238806,-188.409666666667,3.832
"3564",356.3,24.7101793984962,-188.463871287129,3.832
"3565",356.4,24.6951493233083,-188.48632,3.83197
"3566",356.5,24.7154628,-188.527393939394,3.831
"3567",356.6,24.7018972932331,-188.47468,3.83108
"3568",356.7,24.7036266165414,-188.441178217822,3.83292079207921
"3569",356.8,24.705357518797,-188.39382,3.831
"3570",356.9,24.7337334586466,-188.29892,3.831
"3571",357,24.7061427067669,-188.54771,3.831
"3572",357.1,24.7442780451128,-188.30975,3.83103
"3573",357.2,24.7475574,-188.233060606061,3.8319696969697
"3574",357.3,24.7742174626866,-188.107033333333,3.831
"3575",357.4,24.7660905970149,-188.107866666667,3.831
"3576",357.5,24.7535831578947,-188.35764,3.83
"3577",357.6,24.7848989473684,-188.228132075472,3.83
"3578",357.7,24.7847533333333,-188.207714285714,3.82995918367347
"3579",357.8,24.7954856716418,-188.122,3.832
"3580",357.9,24.8257692537313,-188.23848,3.83104
"3581",358,24.779057443609,-188.28688,3.832
"3582",358.1,24.7859296240601,-188.027252336449,3.832
"3583",358.2,24.8243884,-188.208560747664,3.832
"3584",358.3,24.7880760150376,-188.09885,3.83291
"3585",358.4,24.7893767669173,-188.092581818182,3.83008181818182
"3586",358.5,24.7803483458647,-188.045309090909,3.83280909090909
"3587",358.6,24.7906265413534,-187.970536842105,3.83495789473684
"3588",358.7,24.7371428571429,-188.10854,3.831
"3589",358.8,24.7872857142857,-188.179900990099,3.8310198019802
"3590",358.9,24.8361304,-187.975423423423,3.832
"3591",359,24.7887733834587,-187.817765765766,3.832
"3592",359.1,24.796442556391,-187.956570093458,3.83296261682243
"3593",359.2,24.7724890225564,-188.035074766355,3.83109345794393
"3594",359.3,24.7399401503759,-188.002509803922,3.833
"3596",359.5,24.7486992481203,-187.83982,3.832
"3597",359.6,24.7486616541353,-187.739881188119,3.8319702970297
"3598",359.7,24.7373465413534,-187.839384615385,3.831
"3599",359.8,24.7381736090226,-188.108615384615,3.831
"3600",359.9,24.7369376,-187.72984,3.831
"3601",360,24.7511854135338,-187.832188118812,3.831
"3602",360.1,24.7344560902256,-187.86894,3.83104
"3603",360.2,24.7651012030075,-187.76931372549,3.83296078431373
"3605",360.4,24.7693162,-187.596217821782,3.8319702970297
"3606",360.5,24.7752091729323,-187.639252525253,3.8310202020202
"3607",360.6,24.7606678195489,-187.7995,3.83197058823529
"3608",360.7,24.7416590909091,-187.883057142857,3.831
"3609",360.8,24.7611136363636,-187.988771428571,3.831
"3610",360.9,24.7453081203008,-187.955256410256,3.831
"3611",361,24.7465787969925,-187.832888888889,3.83295061728395
"3612",361.1,24.7707075247525,-187.91968,3.831
"3613",361.2,24.7244787969925,-187.886113207547,3.83101886792453
"3614",361.3,24.7364186466165,-187.697433962264,3.83290566037736
"3615",361.4,24.7189784210526,-187.828148514852,3.83205940594059
"3616",361.5,24.7163994736842,-187.776571428571,3.83104081632653
"3617",361.6,24.7435343,-187.95566,3.831
"3618",361.7,24.7428123880597,-187.723,3.83101020408163
"3619",361.8,24.7270511940299,-187.62606,3.83197
"3620",361.9,24.7598919548872,-187.625,3.83102941176471
"3621",362,24.744087443609,-187.52733,3.832
"3622",362.1,24.7127287,-187.65755,3.83199
"3623",362.2,24.7118599242424,-187.514265306122,3.83101020408163
"3624",362.3,24.7368523484848,-187.533257425743,3.8319702970297
"3625",362.4,24.7765713636364,-187.320782178218,3.831
"3626",362.5,24.8011395454546,-187.703989795918,3.831
"3627",362.6,24.7900786466165,-187.511205128205,3.83102564102564
"3628",362.7,24.7630335338346,-187.584709401709,3.83188034188034
"3629",362.8,24.8174592079208,-187.55582,3.831
"3630",362.9,24.7732153030303,-187.637618644068,3.83101694915254
"3631",363,24.7999804545455,-187.699483050847,3.83271186440678
"3632",363.1,24.8183736363636,-187.745298850575,3.83204597701149
"3633",363.2,24.8235554545455,-187.766393939394,3.832
"3634",363.3,24.7850368,-187.765307692308,3.831
"3635",363.4,24.7974385714286,-187.596076923077,3.831
"3636",363.5,24.8047242857143,-187.60652,3.831
"3637",363.6,24.7974928787879,-187.655235294118,3.83202941176471
"3638",363.7,24.7871368181818,-187.466160714286,3.833
"3639",363.8,24.7729696,-187.582232142857,3.833
"3640",363.9,24.7646287218045,-187.497435643564,3.8309702970297
"3641",364,24.7650648120301,-187.577068965517,3.83005172413793
"3642",364.1,24.7914037878788,-187.580517241379,3.83263793103448
"3643",364.2,24.7865931818182,-187.770793103448,3.83102298850575
"3644",364.3,24.7524298,-187.47976,3.831
"3645",364.4,24.8365933082707,-187.661277227723,3.831
"3646",364.5,24.8400369172932,-187.505118811881,3.8310198019802
"3647",364.6,24.8475904545455,-187.410484848485,3.8319898989899
"3648",364.7,24.8156056060606,-187.266905982906,3.83101709401709
"3649",364.8,24.8193081818182,-187.512205128205,3.83187179487179
"3650",364.9,24.7972475757576,-187.516273504274,3.83193162393162
"3651",365,24.7642984158416,-187.629948717949,3.82851282051282
"3652",365.1,24.7981084962406,-187.553076923077,3.831
"3653",365.2,24.794725037594,-187.460769230769,3.831
"3654",365.3,24.7873022727273,-187.41391011236,3.831
"3655",365.4,24.7804159090909,-187.504801980198,3.8309801980198
"3656",365.5,24.7821186,-187.494747474747,3.83
"3657",365.6,24.770322406015,-187.46796,3.83002
"3658",365.7,24.7964427067669,-187.366488549618,3.83101526717557
"3659",365.8,24.8103801515151,-187.290916030534,3.8317786259542
"3660",365.9,24.8203877272727,-187.170175675676,3.832
"3661",366,24.7916376,-187.154807692308,3.83106730769231
"3662",366.1,24.7792718796992,-187.239242718447,3.831
"3663",366.2,24.7900012030075,-187.201378640777,3.831
"3664",366.3,24.8026390909091,-187.327495652174,3.831
"3665",366.4,24.7939421212121,-187.244017391304,3.831
"3666",366.5,24.7965918181818,-187.32054,3.83296
"3667",366.6,24.7969857575758,-187.348474747475,3.8309797979798
"3668",366.7,24.7801148514851,-187.418188118812,3.83005940594059
"3669",366.8,24.7836073684211,-187.36014,3.83198
"3670",366.9,24.8071863157895,-187.41454,3.831
"3671",367,24.8122886363636,-187.34224,3.831
"3672",367.1,24.8045765151515,-187.303338983051,3.831
"3673",367.2,24.7550608,-187.220288135593,3.831
"3674",367.3,24.7995636090226,-187.249976744186,3.83197674418605
"3675",367.4,24.8016538345865,-187.340089108911,3.8310198019802
"3676",367.5,24.7922897727273,-187.196201834862,3.83201834862385
"3677",367.6,24.7819488636364,-187.216385321101,3.83385321100917
"3678",367.7,24.7809571,-187.327747474747,3.8329595959596
"3679",367.8,24.7735853383459,-187.302,3.82903389830508
"3680",367.9,24.7680966165413,-187.252,3.83072881355932
"3681",368,24.8027851127819,-187.117357142857,3.83197321428571
"3682",368.1,24.7812888721805,-187.095928571429,3.83108035714286
"3683",368.2,24.8018115151515,-187.084798076923,3.83102884615385
"3684",368.3,24.7687854135338,-187.178067307692,3.83199038461538
"3685",368.4,24.7739207518797,-187.07234,3.833
"3686",368.5,24.7950334586466,-187.14414,3.83296
"3687",368.6,24.770619924812,-187.441787878788,3.8309797979798
"3688",368.7,24.7540509090909,-187.281685714286,3.83002857142857
"3689",368.8,24.7315736363636,-187.137876190476,3.83098095238095
"3690",368.9,24.7133674257426,-186.930575757576,3.831
"3691",369,24.7144179699248,-187.104610619469,3.831
"3692",369.1,24.7131172180451,-187.12496460177,3.831
"3693",369.2,24.72919,-186.967842105263,3.831
"3694",369.3,24.72619,-186.957747474747,3.8300202020202
"3695",369.4,24.6994042,-187.035198019802,3.8319801980198
"3696",369.5,24.7119054887218,-187.242918367347,3.8310306122449
"3697",369.6,24.703755112782,-187.23332,3.83394
"3698",369.7,24.6915297727273,-187.179361111111,3.83197222222222
"3699",369.8,24.708855530303,-187.191398148148,3.8310462962963
"3700",369.9,24.7188915151515,-187.177439655172,3.831
"3701",370,24.7170121804511,-187.192094827586,3.831
"3702",370.1,24.7088166917293,-187.20388,3.83198
"3703",370.2,24.7321274626866,-187.338757575758,3.8310202020202
"3704",370.3,24.7308140298507,-187.039058823529,3.83191176470588
"3705",370.4,24.70549,-187.139535353535,3.8290101010101
"3706",370.5,24.73149,-187.093544554455,3.8300198019802
"3707",370.6,24.7344616831683,-187.071686868687,3.831
"3708",370.7,24.8180909774436,-187.13908,3.831
"3709",370.8,24.8317902255639,-187.138,3.831
"3710",370.9,24.8532418181818,-186.896656565657,3.831
"3711",371,24.8216357575758,-187.069842105263,3.831
"3712",371.1,24.8251754545455,-186.931245614035,3.831
"3713",371.2,24.8481716541353,-186.93438,3.83202
"3714",371.3,24.8267130075188,-186.813009345794,3.83294392523365
"3715",371.4,24.8504918045113,-187.163476635514,3.83014018691589
"3716",371.5,24.8175369172932,-187.088434343434,3.8329797979798
"3717",371.6,24.8313275757576,-187.030089108911,3.831
"3718",371.7,24.8166633333333,-186.886009708738,3.831
"3719",371.8,24.8199966666667,-186.886980582524,3.831
"3720",371.9,24.8234857142857,-186.840808080808,3.8319595959596
"3721",372,24.8663428571429,-186.88519,3.83003
"3722",372.1,24.8581803030303,-187.04808,3.83106
"3723",372.2,24.8258586567164,-186.892356435644,3.83294059405941
"3724",372.3,24.8335750746269,-187.003292035398,3.83105309734513
"3725",372.4,24.8072241353384,-187.06789380531,3.83370796460177
"3726",372.5,24.832577518797,-186.908898989899,3.831
"3727",372.6,24.8132815151515,-186.903287128713,3.831
"3728",372.7,24.8465693939394,-186.88024,3.831
"3729",372.8,24.850311,-186.89134,3.831
"3730",372.9,24.8413889473684,-186.865404040404,3.831
"3731",373,24.8259678947368,-187.17207,3.831
"3732",373.1,24.8464778947369,-187.04317,3.83103
"3733",373.2,24.7954252631579,-186.981475247525,3.83188118811881
"3734",373.3,24.7846544,-186.898807407407,3.82805925925926
"3735",373.4,24.7864084210526,-186.889177777778,3.83102222222222
"3736",373.5,24.8036189473684,-186.817414141414,3.831
"3737",373.6,24.8418541353383,-186.8548,3.831
"3738",373.7,24.834207518797,-186.703,3.831
"3739",373.8,24.8176835353536,-186.948018348624,3.83098165137615
"3740",373.9,24.7779344776119,-186.948935779817,3.83006422018349
"3741",374,24.8030240298507,-186.666042553191,3.83098936170213
"3742",374.1,24.7515080451128,-186.688216981132,3.83193396226415
"3743",374.2,24.7858689473684,-186.755479591837,3.82630612244898
"3744",374.3,24.7648159398496,-186.662240740741,3.83039814814815
"3745",374.4,24.7793347368421,-186.768258426966,3.831
"3746",374.5,24.803704,-186.790343434343,3.831
"3747",374.6,24.7984535338346,-186.7124,3.83103
"3748",374.7,24.7907242105263,-186.793386138614,3.832
"3749",374.8,24.7989357142857,-186.9014,3.83198
"3750",374.9,24.81265,-186.774484848485,3.8309797979798
"3751",375,24.8380460606061,-186.791882352941,3.83011764705883
"3752",375.1,24.83618,-186.591626262626,3.8339595959596
"3753",375.2,24.85018,-186.751343434343,3.8300202020202
"3754",375.3,24.7876221052632,-186.7632,3.831
"3755",375.4,24.7914642105263,-186.611118811881,3.831
"3756",375.5,24.8053506060606,-186.71058,3.831
"3757",375.6,24.7831817910448,-186.593090909091,3.831
"3758",375.7,24.7670176119403,-186.647636363636,3.831
"3759",375.8,24.7941909022556,-186.53628,3.831
"3760",375.9,24.8054089473684,-186.598702970297,3.8309603960396
"3761",376,24.804691010101,-186.583888888889,3.8290101010101
"3762",376.1,24.8190889552239,-186.57178,3.83002
"3763",376.2,24.8237382089552,-186.513821782178,3.831
"3764",376.3,24.8222604511278,-186.60348,3.831
"3765",376.4,24.8432679699248,-186.552574257426,3.831
"3767",376.6,24.8288203759399,-186.6065,3.83299
"3768",376.7,24.808783,-186.65436440678,3.832
"3769",376.8,24.8209605970149,-186.490805084746,3.832
"3770",376.9,24.827303880597,-186.360319587629,3.83114432989691
"3771",377,24.8417357894737,-186.794247524752,3.8290198019802
"3773",377.2,24.8636685858586,-186.769126213592,3.831
"3774",377.3,24.8823989552239,-186.581747572816,3.831
"3775",377.4,24.8785482089552,-186.848725490196,3.83101960784314
"3776",377.5,24.869380075188,-186.921274509804,3.83298039215686
"3777",377.6,24.8672146616541,-186.596708333333,3.831
"3778",377.7,24.8679471717172,-186.604,3.831
"3779",377.8,24.8906725373134,-186.674224489796,3.83297959183674
"3780",377.9,24.8723814925373,-186.78373,3.831
"3781",378,24.8881121804511,-186.489705882353,3.831
"3782",378.1,24.8843151879699,-186.677047619048,3.831
"3783",378.2,24.8711722556391,-186.581809523809,3.831
"3784",378.3,24.8412098496241,-186.71853,3.831
"3785",378.4,24.847386,-186.673411764706,3.83102941176471
"3786",378.5,24.815872631579,-186.751171717172,3.8319898989899
"3787",378.6,24.8530831578947,-186.575623762376,3.831
"3788",378.7,24.8251546616541,-186.752666666667,3.8310101010101
"3789",378.8,24.8178990225564,-186.52698,3.832
"3790",378.9,24.8681204,-186.671789473684,3.83198245614035
"3791",379,24.8367578947368,-186.611263157895,3.83110526315789
"3792",379.1,24.8413894736842,-186.600408163265,3.831
"3793",379.2,24.8465337593985,-186.542884615385,3.831
"3794",379.3,24.8722630827068,-186.612336363636,3.831
"3795",379.4,24.8890405,-186.673322580645,3.831
"3796",379.5,24.8602968421053,-186.483,3.831
"3797",379.6,24.8590336842105,-186.616333333333,3.83290476190476
"3798",379.7,24.8831387121212,-186.4919,3.83015
"3799",379.8,24.8473129545455,-186.459852941176,3.83093137254902
"3800",379.9,24.8569134,-186.558,3.831
"3801",380,24.9068239849624,-186.524666666667,3.831
"3802",380.1,24.8630570676692,-186.088701923077,3.831
"3803",380.2,24.8502636363636,-186.445432692308,3.831
"3804",380.3,24.8234909090909,-186.410565656566,3.832
"3805",380.4,24.8575094736842,-186.340524752475,3.832
"3806",380.5,24.8322162406015,-186.32512,3.83202
"3807",380.6,24.8464720792079,-186.33106,3.83298
"3808",380.7,24.8444231343284,-186.336233333333,3.83198333333333
"3809",380.8,24.8724753731343,-186.4479,3.83115
"3810",380.9,24.8791573684211,-186.61803539823,3.831
"3811",381,24.8311047368421,-186.321575221239,3.831
"3812",381.1,24.85509,-186.497574468085,3.831
"3813",381.2,24.8198071428571,-186.218425742574,3.83
"3814",381.3,24.83995,-186.365745098039,3.83
"3815",381.4,24.7994898484848,-186.503,3.83
"3817",381.6,24.796967,-186.45895959596,3.82708080808081
"3818",381.7,24.795689469697,-186.460089108911,3.831
"3819",381.8,24.8358788636363,-186.56154,3.831
"3820",381.9,24.8185236363636,-186.589252525253,3.831
"3821",382,24.8237509090909,-186.644294642857,3.831
"3822",382.1,24.8330086363636,-186.454116071429,3.831
"3823",382.2,24.8321525757576,-186.3128,3.832
"3824",382.3,24.8375371287129,-186.26999009901,3.83194059405941
"3825",382.4,24.82968,-186.143,3.82998
"3826",382.5,24.82918,-186.340252525253,3.8290404040404
"3827",382.6,24.8459122727273,-186.395724137931,3.831
"3828",382.7,24.8511168181818,-186.219862068965,3.831
"3829",382.8,24.8740287,-186.237836734694,3.831
"3830",382.9,24.8814615789474,-186.159076923077,3.831
"3831",383,24.8891984210526,-186.136,3.831
"3832",383.1,24.8753268181818,-186.329732142857,3.83094642857143
"3833",383.2,24.8861071212121,-186.320803571429,3.82916071428571
"3834",383.3,24.8605036,-186.24124,3.83002
"3835",383.4,24.8799093984962,-186.39648,3.83102
"3836",383.5,24.8812327067669,-186.226686868687,3.8319797979798
"3837",383.6,24.8679736363636,-186.354396226415,3.831
"3838",383.7,24.8895342424242,-186.267603773585,3.831
"3839",383.8,24.8817766666667,-186.22229,3.831
"3840",383.9,24.8924894736842,-186.1688,3.83106
"3841",384,24.8624819548872,-186.22823853211,3.83294495412844
"3842",384.1,24.8562692424242,-186.26952293578,3.83111009174312
"3843",384.2,24.8618298484848,-186.239027027027,3.83002702702703
"3844",384.3,24.8750690151515,-186.106594594595,3.83092792792793
"3845",384.4,24.8641978030303,-186.127722772277,3.8319702970297
"3846",384.5,24.8899128712871,-186.37084,3.831
"3847",384.6,24.8884194736842,-185.92776146789,3.831
"3848",384.7,24.8815548120301,-186.215834862385,3.831
"3849",384.8,24.880415,-185.787819148936,3.831
"3850",384.9,24.854165,-186.21722,3.83102
"3851",385,24.8239648,-186.17708,3.832
"3852",385.1,24.8625715789474,-186.0857,3.832
"3853",385.2,24.8608798496241,-186.21604,3.83192
"3854",385.3,24.8690571212121,-186.116225806452,3.82804838709677
"3855",385.4,24.8465874242424,-185.927516129032,3.83046774193548
"3856",385.5,24.8500893,-186.1668,3.831
"3857",385.6,24.8514952631579,-185.97192173913,3.831
"3858",385.7,24.8717133082707,-186.118008695652,3.831
"3859",385.8,24.8677984210526,-185.92633,3.831
"3860",385.9,24.8922044360902,-185.94738,3.831
"3861",386,24.8689768939394,-186.275764705882,3.83105882352941
"3862",386.1,24.8930753787879,-186.035765306122,3.83297959183674
"3863",386.2,24.8684783,-185.913226415094,3.831
"3864",386.3,24.8623142105263,-185.820773584906,3.831
"3865",386.4,24.8580886466165,-185.964198019802,3.831
"3866",386.5,24.8705605263158,-185.9313,3.831
"3867",386.6,24.8851394736842,-185.605894736842,3.831
"3868",386.7,24.9063234343434,-185.750631578947,3.831
"3869",386.8,24.8874187969925,-185.657544554455,3.8319702970297
"3870",386.9,24.8904037593985,-185.70784,3.83098
"3871",387,24.9000826315789,-185.69947826087,3.83001739130435
"3872",387.1,24.8898345112782,-185.673391304348,3.83088695652174
"3873",387.2,24.8882709090909,-185.5847,3.831
"3874",387.3,24.9059021641791,-185.619358490566,3.831
"3875",387.4,24.9117902238806,-185.637283018868,3.831
"3876",387.5,24.9239905263158,-185.723647058824,3.831
"3877",387.6,24.9128551879699,-185.54342,3.831
"3878",387.7,24.9238098989899,-185.563619047619,3.83098095238095
"3879",387.8,24.8825346268657,-185.544571428571,3.83002857142857
"3880",387.9,24.9169674626866,-185.477727272727,3.83
"3881",388,24.9254187969925,-185.42284,3.83003
"3882",388.1,24.9044037593985,-185.64193,3.831
"3883",388.2,24.8997633333333,-185.57311,3.831
"3884",388.3,24.91493,-185.51272,3.831
"3885",388.4,24.907387029703,-185.544584158416,3.8309702970297
"3886",388.5,24.9030256390977,-185.82032,3.83002
"3887",388.6,24.8872211278196,-185.589484848485,3.831
"3888",388.7,24.9006445454545,-185.51798,3.831
"3889",388.8,24.8812809090909,-185.583396039604,3.83091089108911
"3890",388.9,24.8535292929293,-185.62714,3.82806
"3891",389,24.847183880597,-185.53720661157,3.831
"3892",389.1,24.8599823880597,-185.597537190083,3.831
"3893",389.2,24.820422556391,-185.623504950495,3.831
"3894",389.3,24.7972045112782,-185.44534,3.831
"3895",389.4,24.8045994949495,-185.514145299145,3.83101709401709
"3896",389.5,24.7772428358209,-185.67141025641,3.8318717948718
"3897",389.6,24.8066532835821,-185.82782,3.83098
"3898",389.7,24.8101790225564,-185.47824,3.83004
"3899",389.8,24.8302918045113,-185.586888888889,3.8319595959596
"3900",389.9,24.8319190225564,-185.53465,3.83003
"3901",390,24.8250318045113,-185.58503,3.831
"3902",390.1,24.8079276,-185.487721311475,3.831
"3903",390.2,24.8145245112782,-185.445098360656,3.831
"3904",390.3,24.8110809022556,-185.4224,3.83097142857143
"3905",390.4,24.7961377443609,-185.335733333333,3.83001904761905
"3906",390.5,24.8128595488722,-185.445663265306,3.83001020408163
"3907",390.6,24.7898931313131,-185.51444,3.831
"3908",390.7,24.7872506716418,-185.6544,3.831
"3909",390.8,24.8042581343284,-185.534168067227,3.831
"3910",390.9,24.835547443609,-185.40643697479,3.831
"3911",391,24.8307654887218,-185.377957446809,3.831
"3912",391.1,24.8138577777778,-185.174642201835,3.831
"3913",391.2,24.8183259701493,-185.16271559633,3.831
"3914",391.3,24.8269005970149,-185.242494949495,3.8310404040404
"3915",391.4,24.7762522556391,-185.414941176471,3.83291176470588
"3916",391.5,24.7925304511278,-185.510439252336,3.82999065420561
"3917",391.6,24.809256,-185.354364485981,3.82905607476636
"3918",391.7,24.8171335338346,-185.393982300885,3.83002654867257
"3919",391.8,24.8098027067669,-185.526725663717,3.83091150442478
"3920",391.9,24.8517078947368,-185.406391752577,3.831
"3921",392,24.8311289473684,-185.393686868687,3.8309797979798
"3922",392.1,24.8551916541353,-185.325442307692,3.83
"3923",392.2,24.8474322556391,-185.173519230769,3.83
"3924",392.3,24.8337419,-185.17992,3.831
"3925",392.4,24.8518620149254,-185.620911764706,3.831
"3926",392.5,24.8518844029851,-185.321960784314,3.83097058823529
"3927",392.6,24.8681948872181,-185.418039215686,3.82802941176471
"3928",392.7,24.8446309774436,-185.366742574257,3.831
"3929",392.8,24.8611192,-185.450265306123,3.831
"3930",392.9,24.8625142857143,-185.185208695652,3.831
"3931",393,24.8599428571429,-185.192165217391,3.831
"3932",393.1,24.8662451879699,-185.394181818182,3.831
"3933",393.2,24.8486361654135,-185.310980392157,3.83098039215686
"3935",393.4,24.8499542105263,-185.35749,3.831
"3936",393.5,24.8410068421053,-185.209161616162,3.831
"3937",393.6,24.830803030303,-185.31804950495,3.831
"3938",393.7,24.8380909090909,-185.075110169492,3.831
"3939",393.8,24.8392513533835,-185.286127118644,3.831
"3940",393.9,24.8452663909774,-185.190176470588,3.831
"3941",394,24.8345044,-185.099,3.831
"3942",394.1,24.8662404545455,-185.345788990826,3.831
"3943",394.2,24.8994677272727,-185.210097087379,3.83000970873786
"3944",394.3,24.893992406015,-185.519805825243,3.83098058252427
"3945",394.4,24.8606164661654,-185.269106796117,3.83004854368932
"3946",394.5,24.8759166336634,-185.158285714286,3.83
"3947",394.6,24.8629173684211,-185.166529411765,3.83088235294118
"3948",394.7,24.8664436842105,-185.166049504951,3.831
"3950",394.9,24.834152556391,-185.40303960396,3.83105940594059
"3951",395,24.8223404,-185.50064,3.83397
"3952",395.1,24.8355810526316,-185.16774,3.83099
"3953",395.2,24.8098442105263,-185.14357,3.83001
"3954",395.3,24.8398796969697,-185.29924,3.83101
"3955",395.4,24.8330009090909,-185.322058333333,3.83199166666667
"3956",395.5,24.8281416,-185.210234567901,3.831
"3957",395.6,24.8248565413534,-185.209,3.831
"3958",395.7,24.816262556391,-185.20194,3.831
"3959",395.8,24.8283952272727,-185.152290909091,3.831
"3960",395.9,24.8780088636364,-185.266836363636,3.831
"3961",396,24.879349849624,-185.27102,3.831
"3962",396.1,24.8527483458647,-184.93224,3.83098
"3963",396.2,24.8509033663366,-185.090504273504,3.82996581196581
"3964",396.3,24.8518134586466,-185.065717948718,3.82825641025641
"3965",396.4,24.845407443609,-184.9061,3.831
"3966",396.5,24.8399863909774,-185.114518518519,3.831
"3967",396.6,24.8352796240601,-185.16637037037,3.831
"3968",396.7,24.8327851485149,-184.914969072165,3.831
"3969",396.8,24.8430627067669,-185.030222222222,3.83188888888889
"3970",396.9,24.8545965413534,-185.071305785124,3.832
"3971",397,24.8672693939394,-185.036595041322,3.832
"3972",397.1,24.8962618181818,-185.097639175258,3.83032989690722
"3973",397.2,24.9006450505051,-185.04197029703,3.82916831683168
"3974",397.3,24.9178527067669,-184.9782,3.83084444444444
"3975",397.4,24.9238827819549,-184.88235,3.831
"3976",397.5,24.9204611363636,-184.91706,3.831
"3977",397.6,24.8920293181818,-184.92194,3.831
"3978",397.7,24.9244975,-184.81841,3.83098
"3979",397.8,24.9039141666667,-184.957404040404,3.8290303030303
"3980",397.9,24.9052784,-184.89618,3.83198
"3981",398,24.8855483333333,-184.75978,3.83096
"3982",398.1,24.8691316666667,-184.849099009901,3.8290396039604
"3983",398.2,24.9008921804511,-184.953085470085,3.831
"3984",398.3,24.8786139849624,-184.961632478632,3.831
"3985",398.4,24.8852900990099,-184.879316831683,3.831
"3986",398.5,24.8878811278195,-184.894560344828,3.831
"3987",398.6,24.8772269924812,-184.850594827586,3.831
"3988",398.7,24.9034060606061,-184.92218,3.83104
"3989",398.8,24.9064818181818,-185.07414159292,3.83296460176991
"3990",398.9,24.9082548,-184.881221238938,3.83119469026549
"3991",399,24.8501578947368,-184.949157894737,3.832
"3992",399.1,24.8506315789474,-184.964947368421,3.832
"3993",399.2,24.8569154961832,-184.54934,3.831
"3994",399.3,24.8629841984733,-184.880725663717,3.831
"3995",399.4,24.86742,-184.953292035398,3.831
"3996",399.5,24.8384420300752,-184.792891089109,3.8310099009901
"3998",399.7,24.90642,-184.929767676768,3.8299898989899
"3999",399.8,24.86542,-184.810462184874,3.82906722689076
"4000",399.9,24.8412706015038,-184.883571428571,3.83242857142857
"4001",400,24.8335487969925,-184.686525423729,3.82805084745763
"4002",400.1,24.8469851485148,-184.76279661017,3.83059322033898
"4003",400.2,24.8715985074627,-184.837724770642,3.831
"4004",400.3,24.8685835820896,-184.623963302752,3.831
"4005",400.4,24.8683154545455,-184.58598,3.83098
"4006",400.5,24.8683836363636,-184.72953968254,3.83
"4007",400.6,24.8478617,-184.606523809524,3.83
"4008",400.7,24.8377881203008,-184.787233766234,3.83197402597403
"4009",400.8,24.8458783458647,-184.57814,3.83398
"4010",400.9,24.8425731818182,-184.51378,3.83002
"4011",401,24.8348307575758,-184.59714,3.831
"4012",401.1,24.8473188,-184.411683168317,3.831
"4013",401.2,24.8775272727273,-184.59454,3.831
"4014",401.3,24.8899752475248,-184.648595959596,3.8309898989899
"4015",401.4,24.8491629545455,-184.707448598131,3.82998130841122
"4016",401.5,24.8633068939394,-184.734578947368,3.82873684210526
"4017",401.6,24.8567520454545,-184.663,3.834
"4018",401.7,24.8611081060606,-184.577150943396,3.83022641509434
"4019",401.8,24.8651823,-184.635269230769,3.83180769230769
"4020",401.9,24.8758697744361,-184.9116875,3.831
"4021",402,24.8921404511278,-184.5804375,3.831
"4022",402.1,24.8899416666667,-184.479272727273,3.831
"4023",402.2,24.9045931818182,-184.430594059406,3.8300198019802
"4024",402.3,24.8622027722772,-184.363048543689,3.831
"4025",402.4,24.9048018045113,-184.567902912621,3.831
"4026",402.5,24.9100198496241,-184.551148514851,3.8309801980198
"4027",402.6,24.8676904545455,-184.606280373832,3.83
"4028",402.7,24.8469177272727,-184.434317757009,3.83
"4029",402.8,24.9150309090909,-184.519233333333,3.83000833333333
"4030",402.9,24.878209924812,-184.442566666667,3.83084166666667
"4031",403,24.8739091729323,-184.519818181818,3.831
"4032",403.1,24.8738183333333,-184.11496,3.83098
"4033",403.2,24.8829016666667,-184.35684,3.83002
"4034",403.3,24.8855952525253,-184.30092,3.83096
"4035",403.4,24.8816236,-184.344019607843,3.82903921568627
"4037",403.6,24.8256419548872,-184.200581967213,3.83000819672131
"4038",403.7,24.8654615037594,-184.396784810127,3.831
"4039",403.8,24.881285,-184.374,3.831
"4040",403.9,24.851035,-184.344,3.831
"4041",404,24.8266159,-184.290545454545,3.83113636363636
"4042",404.1,24.8551481954887,-184.486,3.83
"4043",404.2,24.8743136090226,-184.34572,3.83296
"4044",404.3,24.8854928787879,-184.43118,3.83098
"4045",404.4,24.8626216666667,-184.486963963964,3.83
"4046",404.5,24.8808626,-184.385162162162,3.83
"4047",404.6,24.8542486466165,-184.53587,3.83001
"4048",404.7,24.8658727067669,-184.32429,3.831
"4049",404.8,24.8984853383459,-184.25573,3.831
"4050",404.9,24.8770793233083,-184.426849557522,3.831
"4051",405,24.8683686868687,-184.411805309735,3.831
"4052",405.1,24.8797033,-184.368365591398,3.831
"4053",405.2,24.8620572277228,-184.332138613861,3.83288118811881
"4054",405.3,24.9448243609023,-184.405858585859,3.8300101010101
"4055",405.4,24.8882679699248,-184.291128712871,3.8310198019802
"4056",405.5,24.9031460150376,-184.149801980198,3.8319900990099
"4058",405.7,24.9244272727273,-184.19877,3.831
"4059",405.8,24.9025881954887,-184.176474576271,3.831
"4060",405.9,24.8717536090226,-184.22393220339,3.831
"4061",406,24.8979477443609,-184.410216981132,3.82802830188679
"4062",406.1,24.9026545112782,-184.03191509434,3.83085849056604
"4063",406.2,24.9412322222222,-184.155961165049,3.83192233009709
"4064",406.3,24.9095464179104,-184.3042,3.83101
"4065",406.4,24.9160165671642,-184.22403960396,3.8319900990099
"4067",406.6,24.9266578947368,-184.35357,3.831
"4068",406.7,24.8950611111111,-184.312242424242,3.831
"4069",406.8,24.8783929850746,-184.429544554456,3.8309801980198
"4070",406.9,24.8716019402985,-184.21039,3.82999
"4071",407,24.8432836842105,-184.347306930693,3.8290297029703
"4073",407.2,24.8506055555556,-184.071554455446,3.8309603960396
"4074",407.3,24.8765553465347,-184.29786,3.82902
"4075",407.4,24.8711018,-184.3826,3.831
"4076",407.5,24.8526630827068,-184.342445544554,3.831
"4077",407.6,24.8599638345865,-184.287,3.831
"4078",407.7,24.8866626315789,-184.140448275862,3.83013793103448
"4079",407.8,24.8665047368421,-184.144046296296,3.83
"4080",407.9,24.86364,-184.267892473118,3.8299247311828
"4081",408,24.8500680597015,-184.098,3.831
"4082",408.1,24.8636352238806,-184.258752475248,3.83
"4083",408.2,24.8560809774436,-184.391232323232,3.8299797979798
"4084",408.3,24.8689080451128,-184.021813084112,3.82805607476635
"4085",408.4,24.8891544444445,-184.01246728972,3.83085981308411
"4086",408.5,24.9099368656716,-184.211798165138,3.83098165137615
"4087",408.6,24.8721607462687,-184.101706422018,3.83006422018349
"4088",408.7,24.860177443609,-184.31194,3.831
"4089",408.8,24.8579894736842,-184.11136,3.831
"4090",408.9,24.9063127,-184.03354,3.831
"4091",409,24.8951878,-184.15942,3.83098
"4092",409.1,24.8589385,-184.227653465347,3.8300198019802
"4093",409.2,24.8621572932331,-184.161080808081,3.831
"4094",409.3,24.8724054135338,-184.168188118812,3.8309801980198
"4095",409.4,24.8618383458647,-184.125554455446,3.8300099009901
"4097",409.6,24.8356333333333,-183.900323232323,3.8309898989899
"4098",409.7,24.8958257142857,-184.122495049505,3.83
"4099",409.8,24.88254,-183.85195,3.83001
"4100",409.9,24.8662485714286,-184.04198019802,3.8309900990099
"4102",410.1,24.8729836,-183.786720720721,3.83199099099099
"4103",410.2,24.8718557142857,-183.858792792793,3.83109009009009
"4104",410.3,24.85857,-184.064947368421,3.83005263157895
"4105",410.4,24.8355585714286,-183.824928571429,3.8309693877551
"4106",410.5,24.88013,-183.92883,3.83099
"4107",410.6,24.8849138,-184.00953,3.83002
"4108",410.7,24.8743518796993,-183.86571,3.83201
"4109",410.8,24.9030962406015,-184.03552,3.83298
"4110",410.9,24.8911808333333,-184.08561,3.83099
"4111",411,24.8812793181818,-183.946603960396,3.8300099009901
"4113",411.2,24.866018,-184.018272727273,3.831
"4114",411.3,24.8745208910891,-183.945545454545,3.831
"4115",411.4,24.9083366666667,-183.761396039604,3.8309900990099
"4116",411.5,24.8738518181818,-183.901,3.83
"4118",411.7,24.8840415789474,-183.666089108911,3.8300099009901
"4119",411.8,24.8844312,-183.575,3.831
"4121",412,24.8646242105263,-183.628162162162,3.831
"4122",412.1,24.8715733333333,-183.644378378378,3.831
"4123",412.2,24.8646036363636,-183.521935185185,3.831
"4124",412.3,24.8880652,-183.515453703704,3.831
"4125",412.4,24.8950405263158,-183.679757009346,3.831
"4126",412.5,24.8654615789474,-183.367607476635,3.831
"4127",412.6,24.8816118181818,-183.542989247312,3.8309247311828
"4128",412.7,24.8634603030303,-183.386,3.832
"4129",412.8,24.8590412,-183.263861386139,3.8290198019802
"4131",413,24.8754122772277,-183.548303571429,3.831
"4132",413.1,24.8576,-183.685,3.831
"4133",413.2,24.8782363636364,-183.585,3.831
"4134",413.3,24.8604233333333,-183.566,3.83022222222222
"4135",413.4,24.8635916,-183.606,3.828
"4136",413.5,24.8814768,-183.674316831683,3.8299801980198
"4137",413.6,24.8708972727273,-183.656476190476,3.831
"4138",413.7,24.8825412121212,-183.604095238095,3.831
"4139",413.8,24.8989718181818,-183.6787,3.83196
"4140",413.9,24.9261536363636,-183.71042,3.83
"4141",414,24.9338596,-183.58306,3.83
"4142",414.1,24.9378271428571,-183.53476146789,3.83001834862385
"4143",414.2,24.9421128571429,-183.422834862385,3.83093577981651
"4144",414.3,24.9312672727273,-183.375696428571,3.831
"4145",414.4,24.9381612121212,-183.545339285714,3.831
"4146",414.5,24.931196,-183.49456880734,3.83099082568807
"4147",414.6,24.9049314285714,-183.651449541284,3.83007339449541
"4148",414.7,24.92036,-183.401111111111,3.82903703703704
"4149",414.8,24.9268133834587,-183.506666666667,3.83088888888889
"4150",414.9,24.9340915789474,-183.413324324324,3.83135135135135
"4151",415,24.939028,-183.639,3.83
"4152",415.1,24.9643704,-183.467823529412,3.83098039215686
"4154",415.3,24.8911718320611,-183.490564356435,3.8300198019802
"4155",415.4,24.8963703053435,-183.766425742574,3.8310099009901
"4156",415.5,24.9241309090909,-183.809,3.832
"4157",415.6,24.9288884848485,-183.719,3.832
"4158",415.7,24.9320212,-183.687,3.831
"4159",415.8,24.909767593985,-183.547,3.83
"4161",416,24.9024775757576,-183.629584158416,3.831
"4162",416.1,24.9106896969697,-183.51096039604,3.831
"4163",416.2,24.923553,-183.607,3.831
"4164",416.3,24.888152238806,-183.670559322034,3.83184745762712
"4165",416.4,24.9120253731343,-183.657484536082,3.82946391752577
"4166",416.5,24.9320047368421,-183.549318681319,3.82806593406593
"4167",416.6,24.9174257894737,-183.738257425743,3.831
"4168",416.7,24.93793,-183.564,3.831
"4169",416.8,24.9190328,-183.746,3.831
"4170",416.9,24.9250023762376,-183.628,3.831
"4171",417,24.9152670676692,-183.491,3.83
"4172",417.1,24.9174926315789,-183.599849557522,3.83088495575221
"4173",417.2,24.9065975757576,-183.629495049505,3.8309900990099
"4174",417.3,24.891094,-183.579,3.83
"4175",417.4,24.9242508,-183.346268041237,3.82996907216495
"4176",417.5,24.9404080451128,-183.404,3.831
"4177",417.6,24.9163930075188,-183.315,3.83
"4179",417.8,24.9356967424242,-183.498714285714,3.83001785714286
"4180",417.9,24.8985984,-183.384428571429,3.83091071428571
"4181",418,24.9014978947368,-183.5071,3.8319
"4182",418.1,24.8941971428571,-183.52181,3.83001
"4183",418.2,24.8885715151515,-183.501181818182,3.8310101010101
"4184",418.3,24.9128139393939,-183.319792079208,3.832
"4185",418.4,24.9619338,-183.16152,3.83198
"4186",418.5,24.9048711278195,-183.21519,3.83
"4187",418.6,24.8924951879699,-183.431282828283,3.83
"4188",418.7,24.8881061654135,-183.358900990099,3.83
"4189",418.8,24.8683843609023,-183.255475247525,3.8299801980198
"4190",418.9,24.8885143434343,-183.303,3.828
"4191",419,24.9178216,-183.109,3.83
"4192",419.1,24.8795867326733,-183.503904761905,3.83238095238095
"4193",419.2,24.882627593985,-183.392,3.83
"4194",419.3,24.8607629323308,-183.24061,3.83297
"4195",419.4,24.8656151515151,-183.202326732673,3.8300099009901
"4196",419.5,24.8880393939394,-183.235,3.831
"4197",419.6,24.8848844,-183.299,3.83
"4198",419.7,24.8938065671642,-183.267,3.831
"4199",419.8,24.884067761194,-183.472,3.831
"4201",420,24.9019702255639,-183.606544554455,3.8309900990099
"4202",420.1,24.8963570707071,-183.161,3.83
"4203",420.2,24.8701402985075,-183.239181818182,3.83090909090909
"4204",420.3,24.8663567164179,-183.218581818182,3.83001818181818
"4205",420.4,24.8801967669173,-183.197672727273,3.83092727272727
"4206",420.5,24.8699411278195,-183.12186,3.831
"4207",420.6,24.8555078787879,-183.011293577982,3.83099082568807
"4208",420.7,24.8566324,-183.240651376147,3.83007339449541
"4209",420.8,24.8305134,-183.323208333333,3.83
"4210",420.9,24.8700315037594,-182.945313131313,3.831
"4211",421,24.8381969172932,-182.977879310345,3.831
"4212",421.1,24.8738836363636,-183.099651162791,3.83116279069767
"4213",421.2,24.8479423762376,-182.995,3.83
"4214",421.3,24.8954615,-183.024906542056,3.83
"4215",421.4,24.8353838345865,-183.291103773585,3.83000943396226
"4216",421.5,24.8581056390977,-182.984684210526,3.83105263157895
"4217",421.6,24.8918091729323,-183.031,3.83
"4218",421.7,24.8794181954887,-183.205455445544,3.8300099009901
"4219",421.8,24.8743592929293,-182.951,3.831
"4220",421.9,24.9006273880597,-182.842,3.83
"4221",422,24.880276641791,-183.04,3.829
"4222",422.1,24.8654852631579,-182.939145299145,3.8307094017094
"4223",422.2,24.8818085714286,-183.208811111111,3.83007777777778
"4224",422.3,24.916856969697,-182.979801980198,3.83
"4225",422.4,24.8914219402985,-183.066881188119,3.8300099009901
"4226",422.5,24.9215786567164,-182.855,3.831
"4227",422.6,24.9062610526316,-183.059666666667,3.83233333333333
"4228",422.7,24.9242685714286,-182.933,3.829
"4229",422.8,24.9148233333333,-182.859034188034,3.83
"4230",422.9,24.9620595,-182.962452991453,3.83
"4231",423,24.968173960396,-183.01983,3.83
"4232",423.1,24.9715268421053,-183.001702970297,3.83
"4234",423.3,24.9041594736842,-182.817909090909,3.83
"4235",423.4,24.9119414285714,-182.806186440678,3.83003389830509
"4236",423.5,24.9202934343434,-182.587952380953,3.83238095238095
"4237",423.6,24.9284988721805,-182.932,3.83
"4238",423.7,24.9344913533835,-183.1106,3.83001
"4239",423.8,24.9084378947368,-182.970564356436,3.8309801980198
"4241",424,24.9062304040404,-182.86317,3.83
"4242",424.1,24.8652754477612,-182.782049586777,3.83
"4243",424.2,24.8601784328358,-182.887008264463,3.83
"4244",424.3,24.829008030303,-183.013352941177,3.83117647058824
"4245",424.4,24.8406368181818,-182.851,3.83
"4246",424.5,24.8393098989899,-182.86632,3.83098
"4247",424.6,24.8533086138614,-182.79737,3.82901
"4248",424.7,24.8600324,-182.63621,3.83002
"4249",424.8,24.8908563157895,-182.65683,3.83198
"4250",424.9,24.9011871428571,-182.640747474747,3.83
"4251",425,24.8611794,-182.713344262295,3.83
"4252",425.1,24.8449442,-182.707,3.83
"4253",425.2,24.8681837373737,-182.542,3.83
"4254",425.3,24.8805291729323,-182.887613861386,3.83
"4255",425.4,24.8586569924812,-182.720336633663,3.8300198019802
"4256",425.5,24.8243711278195,-182.754,3.832
"4257",425.6,24.8273786466165,-182.932,3.831
"4258",425.7,24.8382055,-182.773,3.832
"4259",425.8,24.8525021641791,-182.525,3.83
"4260",425.9,24.8414499253731,-182.63,3.83
"4261",426,24.8807978947368,-182.654,3.83
"4262",426.1,24.9373542857143,-182.693655172414,3.83086206896552
"4263",426.2,24.9712123232323,-182.814896551724,3.83003448275862
"4264",426.3,24.9846389473684,-182.592161616162,3.8300202020202
"4265",426.4,24.9812028571429,-182.705544554455,3.8319801980198
"4266",426.5,25.008287443609,-182.682881818182,3.83099090909091
"4267",426.6,25.0031370676692,-182.674054945055,3.83
"4268",426.7,24.976039,-182.629,3.83
"4270",426.9,24.981934,-182.62157,3.83
"4271",427,24.9712413533835,-182.580415841584,3.8300099009901
"4273",427.2,24.9787590977444,-182.688128205128,3.82800854700855
"4274",427.3,25.0043530827068,-182.600948717949,3.82886324786325
"4275",427.4,25.0027085,-182.676128712871,3.8290099009901
"4277",427.6,24.9899212878788,-182.670547008547,3.83196581196581
"4278",427.7,25.0116253383459,-182.597897435897,3.83025641025641
"4279",427.8,25.0069712030075,-182.724159090909,3.83
"4280",427.9,25.022322,-182.549434343434,3.83
"4281",428,25.0029436842105,-182.688382608696,3.83
"4282",428.1,25.0251542105263,-182.607513043478,3.83
"4283",428.2,25.0124003759398,-182.623393258427,3.83195505617977
"4284",428.3,24.9443402255639,-182.579744186046,3.83
"4285",428.4,24.918389,-182.603,3.83
"4286",428.5,24.895741,-182.340606837607,3.8308547008547
"4287",428.6,24.8989206930693,-182.589916666667,3.83
"4288",428.7,24.8926968181818,-182.542,3.83
"4289",428.8,24.8551740909091,-182.555861386139,3.8309900990099
"4290",428.9,24.901733,-182.32701010101,3.8310101010101
"4291",429,24.9048335,-182.326,3.83
"4292",429.1,24.9115285,-182.638871287129,3.8319801980198
"4293",429.2,24.9079113636364,-182.489736263736,3.8321978021978
"4294",429.3,24.8906537878788,-182.526,3.83
"4295",429.4,24.8791056390977,-182.367584158416,3.8319801980198
"4296",429.5,24.8792033834586,-182.3021,3.8302
"4297",429.6,24.8876716,-182.317848484848,3.83
"4298",429.7,24.8518191729323,-182.533,3.83
"4299",429.8,24.8547515037594,-182.542787878788,3.8299898989899
"4300",429.9,24.9098439097744,-182.364,3.831
"4301",430,24.8486183458647,-182.434,3.83
"4302",430.1,24.8712125,-182.419950413223,3.83
"4303",430.2,24.8720153383459,-182.328125,3.83
"4304",430.3,24.896917593985,-182.32007,3.83099
"4305",430.4,24.8978113533835,-182.27446,3.83001
"4306",430.5,24.8901948120301,-182.192,3.83
"4307",430.6,24.8481008,-182.524,3.83
"4308",430.7,24.8555932,-182.354,3.83
"4309",430.8,24.8890786138614,-182.380235294118,3.83
"4310",430.9,24.8987820454545,-182.52341,3.83003
"4311",431,24.9160623484849,-182.759574257426,3.8329702970297
"4313",431.2,24.9063551879699,-182.39286440678,3.82702542372881
"4314",431.3,24.9060512,-182.347710843374,3.83
"4315",431.4,24.8975593939394,-182.52,3.83
"4316",431.5,24.8979306060606,-182.453636363636,3.83
"4317",431.6,24.9014115151515,-182.374802197802,3.83
"4318",431.7,24.9048584848485,-182.39479,3.83
"4319",431.8,24.8980475,-182.45242,3.82901
"4320",431.9,24.8917633082707,-182.332314285714,3.829
"4321",432,24.8853121804511,-182.353694736842,3.83097894736842
"4322",432.1,24.8851706060606,-182.5322,3.82902
"4323",432.2,24.9192993939394,-182.57459,3.83098
"4324",432.3,24.92204,-182.435235294118,3.83002941176471
"4325",432.4,24.9351464,-182.237070707071,3.8299898989899
"4326",432.5,24.9321623762376,-182.33,3.831
"4327",432.6,24.9147534090909,-182.325,3.83
"4328",432.7,24.9204428030303,-182.447,3.831
"4329",432.8,24.9270856,-182.407,3.829
"4330",432.9,24.9274788,-182.272436781609,3.83114942528736
"4331",433,24.9303064,-182.246,3.83
"4332",433.1,24.9276045454546,-182.434,3.83
"4334",433.3,24.8930824242424,-182.471016666667,3.83
"4335",433.4,24.9405975757576,-182.358691358025,3.83
"4336",433.5,24.9346108,-182.334,3.83
"4337",433.6,24.9448936090226,-182.373603960396,3.83
"4338",433.7,24.9358560150376,-182.31559,3.83099
"4339",433.8,24.9315845454545,-182.26748,3.83001
"4340",433.9,24.9286754545455,-182.36996,3.83
"4341",434,24.9024856,-182.16013,3.83297
"4342",434.1,24.8858597744361,-182.16097,3.83003
"4343",434.2,24.8952958646617,-182.13804040404,3.83
"4344",434.3,24.8835225,-182.334,3.83
"4345",434.4,24.8896058333333,-182.213212121212,3.8300202020202
"4346",434.5,24.8913552,-182.092,3.828
"4347",434.6,24.8769324,-182.227643564356,3.8299801980198
"4348",434.7,24.8935772,-182.195410714286,3.82823214285714
"4349",434.8,24.9034463636364,-182.329409090909,3.82997727272727
"4350",434.9,24.9051736363636,-182.2221,3.83
"4351",435,24.8940739393939,-182.34178,3.83
"4352",435.1,24.8940360606061,-182.30538,3.83
"4353",435.2,24.914878,-182.503666666667,3.83
"4354",435.3,24.8829677443609,-182.237,3.83
"4355",435.4,24.8983662406015,-182.254626262626,3.831
"4356",435.5,24.8993590151515,-182.192,3.831
"4357",435.6,24.9304120454545,-182.324673267327,3.831
"4358",435.7,24.9735188,-182.235174311927,3.82918348623853
"4359",435.8,24.9515414285714,-182.149846153846,3.83394505494505
"4360",435.9,24.9198271428571,-182.09296969697,3.83
"4361",436,24.9635207518797,-182.196,3.83
"4362",436.1,24.9600545864662,-182.183333333333,3.83
"4363",436.2,24.942609,-182.15,3.83
"4364",436.3,24.9676309,-182.092,3.83
"4365",436.4,24.951692970297,-182.202256410256,3.83
"4366",436.5,24.9599247368421,-182.183272727273,3.831
"4367",436.6,24.9337668421053,-182.356,3.831
"4368",436.7,24.92819,-182.216484848485,3.8330303030303
"4369",436.8,24.9336011,-182.068,3.83
"4370",436.9,24.9564466,-182.24572,3.83
"4371",437,24.9406718796992,-182.316871287129,3.83
"4372",437.1,24.9505064661654,-182.304,3.83
"4374",437.3,24.9519652272727,-182.089235294118,3.83
"4375",437.4,24.9428364,-182.112764705882,3.83
"4376",437.5,24.987382481203,-182.11201,3.83
"4377",437.6,24.9775629323308,-182.279067226891,3.82704201680672
"4378",437.7,24.9547768421053,-182.185789915966,3.83124369747899
"4379",437.8,24.9569347368421,-182.18678313253,3.83002409638554
"4380",437.9,24.9622856,-182.33847,3.83
"4381",438,24.9736086466165,-182.043925233645,3.83
"4382",438.1,24.9372251879699,-182.155294117647,3.83
"4383",438.2,24.960044351145,-181.820879120879,3.83098901098901
"4384",438.3,24.9238840458015,-181.98926,3.83001
"4385",438.4,24.9391717171717,-182.042857142857,3.83094285714286
"4386",438.5,24.9240104,-182.044156862745,3.82823529411765
"4387",438.6,24.9205958415842,-181.885720430108,3.83096774193548
"4388",438.7,24.897762556391,-182.185352941176,3.83
"4389",438.8,24.906777593985,-182.003,3.83
"4390",438.9,24.9259546212121,-182.055475247525,3.83
"4391",439,24.9026288636364,-182.19103,3.83
"4392",439.1,24.8985068,-182.093982608696,3.83
"4393",439.2,24.92296,-181.992243478261,3.83
"4394",439.3,24.90046,-181.87792,3.82902
"4395",439.4,24.8988504511278,-182.069327586207,3.83097413793103
"4396",439.5,24.9039707518797,-182.202086206897,3.82838793103448
"4397",439.6,24.9417205050505,-182.085806818182,3.82993181818182
"4398",439.7,24.9309734586466,-181.98303,3.83
"4399",439.8,24.9497704511278,-182.08075,3.83
"4400",439.9,24.9435046616541,-182.112,3.83
"4401",440,24.9717527819549,-182.033842105263,3.82994736842105
"4402",440.1,24.9238402020202,-181.997,3.831
"4403",440.2,24.9415764356436,-181.911,3.831
"4404",440.3,24.9316604,-181.863475247525,3.8300099009901
"4405",440.4,24.943350075188,-181.788283018868,3.82906603773585
"4406",440.5,24.9627034586466,-182.036276595745,3.82998936170213
"4407",440.6,24.9929128282828,-182.01275,3.83
"4408",440.7,24.9767210891089,-182.043411764706,3.83
"4409",440.8,24.9361191919192,-182.104594827586,3.83
"4410",440.9,24.9527344360902,-181.893898989899,3.83
"4411",441,24.9531479699248,-182.004,3.83
"4412",441.1,24.9468997744361,-181.896,3.831
"4413",441.2,24.9370651879699,-181.886,3.83
"4414",441.3,24.9417122,-181.898280701754,3.83087719298246
"4415",441.4,24.9607320895522,-181.728988505747,3.83001149425287
"4416",441.5,24.9807992537313,-181.97846,3.83
"4417",441.6,24.9607641353383,-181.7236,3.83
"4418",441.7,24.9582002255639,-181.7012,3.83
"4419",441.8,24.9454442,-181.865575757576,3.8299898989899
"4420",441.9,24.9202598496241,-181.708,3.831
"4421",442,24.9207034586466,-181.818,3.829
"4422",442.1,24.9023442857143,-182.104209876543,3.83340740740741
"4423",442.2,24.9069984210526,-181.961,3.826
"4424",442.3,24.8665314,-181.699,3.831
"4425",442.4,24.891225,-181.965037735849,3.83005660377358
"4426",442.5,24.8773764,-181.930739130435,3.83
"4427",442.6,24.8908817293233,-181.934,3.83
"4428",442.7,24.9272802255639,-181.683555555556,3.83
"4429",442.8,24.90716,-182.028,3.83
"4430",442.9,24.89816,-181.836910891089,3.83
"4431",443,24.8595118,-181.999926829268,3.83178048780488
"4432",443.1,24.8652130075188,-181.717,3.833
"4433",443.2,24.8763408270677,-181.907,3.831
"4434",443.3,24.8936410526316,-181.7,3.83
"4435",443.4,24.8785357894737,-181.748076923077,3.83
"4436",443.5,24.8897668,-181.737134020619,3.83
"4437",443.6,24.9046891729323,-181.81026,3.83
"4438",443.7,24.9226290225564,-181.79318,3.83
"4439",443.8,24.91497,-181.76825,3.83
"4440",443.9,24.8995489473684,-181.779227722772,3.8329702970297
"4442",444.1,24.9023954,-181.97847,3.83099
"4443",444.2,24.9197416,-181.631363636364,3.83
"4444",444.3,24.9059782706767,-181.8601,3.83
"4445",444.4,24.8995797744361,-181.720571428571,3.83
"4446",444.5,24.9013844,-181.849142857143,3.83
"4447",444.6,24.9270602,-181.65787,3.829
"4448",444.7,24.9512634,-181.94042,3.82904
"4449",444.8,24.9524563636364,-181.784940594059,3.8329702970297
"4450",444.9,24.9357139393939,-181.879,3.83
"4451",445,24.8984357142857,-181.63,3.83
"4453",445.2,24.879979,-181.740474137931,3.83
"4454",445.3,24.9025071428571,-181.687887931035,3.83
"4455",445.4,24.9140710526316,-181.554835164835,3.83
"4456",445.5,24.9527214285714,-181.814826923077,3.83000961538462
"4457",445.6,24.9557289473684,-181.69387628866,3.83103092783505
"4458",445.7,24.928012,-181.698,3.83
"4459",445.8,24.9447457142857,-181.622469135802,3.8317037037037
"4460",445.9,24.8972494736842,-181.82,3.828
"4461",446,24.9115583333333,-181.685346534653,3.8299801980198
"4462",446.1,24.9443916666667,-181.64956043956,3.83
"4463",446.2,24.9875891,-181.81,3.83
"4464",446.3,24.9885911,-181.783267326733,3.83
"4465",446.4,24.9750336633663,-181.705157894737,3.83
"4466",446.5,24.9576813533835,-181.502,3.83
"4467",446.6,24.9666888721804,-181.78496969697,3.8309898989899
"4468",446.7,24.9868311278195,-181.688,3.832
"4469",446.8,24.9710040601504,-181.635646464647,3.831
"4470",446.9,24.9819174,-181.471,3.831
"4471",447,24.9898533082707,-181.48382051282,3.8301452991453
"4472",447.1,25.0000939097744,-181.39805952381,3.83
"4473",447.2,24.9910704545455,-181.368848484848,3.83
"4474",447.3,24.9798507575758,-181.384,3.83
"4475",447.4,25.0022058,-181.638128440367,3.83091743119266
"4476",447.5,24.99535,-181.354304347826,3.83
"4477",447.6,24.9984026315789,-181.613,3.83
"4478",447.7,25.0008468939394,-181.678,3.831
"4479",447.8,25.0116726515151,-181.403,3.83
"4480",447.9,25.028502,-181.448544554455,3.83
"4481",448,25.0349577,-181.44801,3.83
"4482",448.1,25.0034594059406,-181.35046835443,3.83
"4483",448.2,25.0277554545455,-181.453,3.83
"4484",448.3,25.0212857575758,-181.265871287129,3.8290099009901
"4485",448.4,25.0171990909091,-181.698634146341,3.829
"4486",448.5,25.0350018,-181.579948051948,3.82998701298701
"4487",448.6,25.0274755,-181.677910891089,3.8290099009901
"4488",448.7,25.0535657142857,-181.369,3.83
"4489",448.8,25.0184378947368,-181.484652173913,3.83
"4490",448.9,25.0063431818182,-181.481244186047,3.83
"4491",449,25.0361386363636,-181.52357,3.83
"4492",449.1,25.0505676,-181.559675675676,3.83
"4493",449.2,25.0455471428571,-181.318786516854,3.82901123595506
"4494",449.3,25.0189531578947,-181.61627,3.82899
"4495",449.4,24.9947034848485,-181.248722772277,3.8280099009901
"4496",449.5,24.9761428787879,-181.421,3.829
"4497",449.6,24.964384,-181.333252525252,3.8289898989899
"4498",449.7,24.9422736842105,-181.508,3.83
"4499",449.8,24.9726421052632,-181.366415841584,3.83
"4500",449.9,24.9565278787879,-181.322636363636,3.83
"4501",450,24.9189672727273,-181.359,3.83
"4502",450.1,24.930498,-181.29,3.831
"4503",450.2,24.929594,-181.366470588235,3.82931932773109
"4504",450.3,24.9409913861386,-181.480557692308,3.83198076923077
"4505",450.4,24.9307342857143,-181.336360824742,3.82996907216495
"4506",450.5,24.9564410526316,-181.191,3.831
"4507",450.6,24.9572072727273,-181.278,3.83
"4508",450.7,24.9476921212121,-181.37,3.83
"4509",450.8,24.9381598,-181.349439252336,3.83
"4510",450.9,24.9340442857143,-181.31076744186,3.83
"4511",451,24.9319089473684,-181.241,3.83
"4512",451.1,24.9271414285714,-181.208156862745,3.83099019607843
"4513",451.2,24.9250436842105,-181.323843137255,3.83000980392157
"4514",451.3,24.946847979798,-181.3151,3.82901
"4515",451.4,24.9526695488722,-181.224441176471,3.82703921568627
"4516",451.5,24.9607672932331,-181.168558823529,3.83096078431373
"4517",451.6,24.9633327067669,-181.320060606061,3.83
"4518",451.7,24.9397462406015,-181.214,3.83
"4519",451.8,24.961292,-181.181326732673,3.8290099009901
"4520",451.9,24.989976,-181.08596,3.82999
"4521",452,24.9792182178218,-181.16618,3.83099
"4522",452.1,24.9303385714286,-181.28679,3.83001
"4523",452.2,24.9804889473684,-181.37762962963,3.82876543209877
"4524",452.3,24.9880627272727,-181.148,3.83
"4525",452.4,24.997432,-181.336294117647,3.82801960784314
"4526",452.5,25.03155,-181.265949494949,3.83
"4527",452.6,25.010795112782,-181.171,3.83
"4528",452.7,24.9800206766917,-181.284861386139,3.83
"4529",452.8,24.9866787121212,-181.34045,3.83
"4530",452.9,24.9857771969697,-181.296444444444,3.83133333333333
"4531",453,25.011016,-181.262,3.828
"4532",453.1,25.0171978947368,-181.216157894737,3.829
"4533",453.2,25.0179873684211,-181.073,3.829
"4534",453.3,25.0294043181818,-181.095727272727,3.83081818181818
"4535",453.4,25.0174270454545,-181.196505050505,3.83
"4536",453.5,25.019912,-181.346,3.83
"4537",453.6,25.0085230075188,-181.160851485149,3.83
"4538",453.7,25.0175380451128,-181.14712,3.83
"4539",453.8,25.0017084848485,-181.017191919192,3.83
"4540",453.9,24.9909509090909,-181.198,3.83
"4541",454,25.002624040404,-181.187,3.831
"4542",454.1,25.0049533663366,-181.243034482759,3.83013793103448
"4543",454.2,24.993786,-181.091,3.83210526315789
"4544",454.3,25.008200075188,-181.411,3.83
"4545",454.4,24.9983504511278,-180.985,3.83
"4546",454.5,25.0071385714286,-181.020643564356,3.83
"4547",454.6,25.0272889473684,-181.14772,3.83
"4548",454.7,25.0297,-180.87002020202,3.8289898989899
"4549",454.8,25.0233701492537,-181.268,3.83
"4550",454.9,25.0237208955224,-181.01003030303,3.8289797979798
"4551",455,25.0177313533835,-181.207,3.831
"4552",455.1,25.0014381203008,-181.153373737374,3.82595959595959
"4553",455.2,25.032244,-181.116,3.83
"4554",455.3,25.0331802985075,-181.221940594059,3.83
"4555",455.4,25.0173817910448,-181.416805084746,3.83
"4556",455.5,25.0024114285714,-181.277758241758,3.83
"4557",455.6,25.0092685714286,-181.284656565657,3.8300101010101
"4558",455.7,24.991113877551,-181.319,3.829
"4559",455.8,24.9632188118812,-181.141,3.83
"4560",455.9,24.980246,-180.978,3.83
"4561",456,24.9580931578947,-181.11695959596,3.8300101010101
"4562",456.1,24.9684089473684,-181.021,3.829
"4563",456.2,24.942204,-181.111099009901,3.8299900990099
"4564",456.3,24.952752,-181.0769,3.83
"4565",456.4,24.9883474747475,-181.237736842105,3.83
"4566",456.5,24.9834015671642,-181.083,3.83
"4567",456.6,24.9834090298507,-181.003121212121,3.83204040404041
"4568",456.7,24.9640032330827,-181.091,3.828
"4569",456.8,24.9554693984962,-181.086192307692,3.82896153846154
"4570",456.9,24.9548142424242,-181.08071559633,3.83164220183486
"4571",457,24.9601247761194,-180.944241758242,3.83008791208791
"4572",457.1,24.9247665671642,-180.817744680851,3.83
"4573",457.2,24.9317436842105,-181.072,3.83
"4574",457.3,24.943285037594,-181.143,3.83
"4575",457.4,24.9646221212121,-180.916,3.83
"4576",457.5,24.9471010447761,-180.998262626263,3.8279797979798
"4577",457.6,24.9347876119403,-180.972,3.83
"4578",457.7,24.9544061654135,-181.153475247525,3.8309702970297
"4579",457.8,24.9677069172932,-181.101,3.828
"4580",457.9,24.9608664,-180.789,3.829
"4581",458,24.9655487,-181.017318584071,3.82988495575221
"4582",458.1,24.9342594,-181.060840909091,3.83
"4583",458.2,24.9178079104478,-181.224121212121,3.83
"4584",458.3,24.9254646268657,-180.912,3.83
"4585",458.4,24.9347133834586,-181.249410714286,3.829
"4586",458.5,24.9304803007519,-181.190482142857,3.829
"4587",458.6,24.953176,-180.838757575758,3.832
"4588",458.7,24.9473632835821,-181.063,3.832
"4589",458.8,24.9205797014925,-180.871,3.833
"4590",458.9,24.8918021052632,-181.132386138614,3.8300297029703
"4591",459,24.932012631579,-180.962818181818,3.83
"4592",459.1,24.896738,-181.081,3.83
"4593",459.2,24.9445627819549,-181.193565656566,3.83
"4594",459.3,24.9351266917293,-181.137,3.83
"4595",459.4,24.92838,-180.978584158416,3.83
"4596",459.5,24.9266657142857,-181.003151515152,3.83
"4597",459.6,24.913454,-181.088,3.83
"4598",459.7,24.9590780808081,-180.952601769911,3.83265486725664
"4599",459.8,24.9620128,-180.999261363636,3.83003409090909
"4600",459.9,24.9434815789474,-180.90199,3.83
"4601",460,24.9730605263158,-180.86932,3.83
"4602",460.1,24.9599255,-180.96602,3.82901
"4603",460.2,24.9258779,-181.09075,3.83098
"4604",460.3,24.9668393939394,-181.11378,3.83001
"4605",460.4,24.9661732835821,-180.96649,3.82802
"4606",460.5,24.9916882089552,-180.92342,3.82998
"4607",460.6,24.9775484210526,-180.697840707965,3.82824778761062
"4608",460.7,24.9335409022556,-180.754696969697,3.83
"4609",460.8,24.9348862,-180.885,3.83
"4610",460.9,24.9397347368421,-180.79184,3.83
"4611",461,24.9431858646617,-180.774519607843,3.83
"4612",461.1,24.9467956390977,-180.622434343434,3.8300101010101
"4613",461.2,24.9874121804511,-180.879,3.829
"4615",461.4,24.9934314285714,-180.888069306931,3.8290099009901
"4616",461.5,24.9925742857143,-180.795,3.83
"4617",461.6,25.0135683333333,-180.685,3.831
"4618",461.7,24.9954243939394,-180.908762376238,3.8300099009901
"4619",461.8,25.0167384,-180.758,3.83
"4620",461.9,25.0328182,-180.757676767677,3.83
"4621",462,25.0333223762376,-180.79,3.83
"4622",462.1,25.0513463157895,-180.710376237624,3.83
"4623",462.2,25.0526621052632,-180.648,3.83
"4624",462.3,25.0506315789474,-180.736,3.829
"4625",462.4,25.0236390977444,-180.671,3.829
"4626",462.5,25.0126292,-180.722757575758,3.8310101010101
"4627",462.6,25.0383931578947,-180.847,3.83
"4628",462.7,25.0349796240601,-180.546,3.83
"4629",462.8,25.0244011363636,-180.644,3.83
"4630",462.9,25.0247875,-180.594,3.83
"4631",463,25.0756318,-180.827035714286,3.82821428571429
"4632",463.1,25.0491529323308,-180.666375,3.83004166666667
"4633",463.2,25.0273935338346,-180.557,3.829
"4634",463.3,25.0580316666667,-180.742046728972,3.82993457943925
"4635",463.4,25.0506756060606,-180.719382978723,3.83296808510638
"4636",463.5,25.0718722,-180.33884,3.83003
"4637",463.6,25.0485772180451,-180.59339,3.83
"4638",463.7,25.0472463909774,-180.57026,3.83
"4639",463.8,25.019035,-180.72246,3.82901
"4640",463.9,25.0388759090909,-180.608923076923,3.829
"4641",464,25.0451686,-180.724666666667,3.82805747126437
"4642",464.1,25.0337989,-180.793047169811,3.82979245283019
"4643",464.2,25.0431192079208,-180.793153846154,3.82902197802198
"4644",464.3,25.042235037594,-180.800466666667,3.829
"4645",464.4,25.030212481203,-180.688852941176,3.82991176470588
"4646",464.5,25.0301758646617,-180.650602150538,3.83
"4647",464.6,25.0336570676692,-180.56082,3.83
"4648",464.7,25.0238002,-180.861672566372,3.82913274336283
"4649",464.8,25.0505111278196,-180.625325581395,3.82998837209302
"4650",464.9,25.0428344360902,-180.525940594059,3.8280396039604
"4651",465,25.0075483333333,-180.735838383838,3.8309696969697
"4652",465.1,24.9674498484848,-180.78799009901,3.831
"4653",465.2,25.0120973,-180.77792173913,3.83185217391304
"4654",465.3,25.0299912781955,-180.749590909091,3.83105681818182
"4655",465.4,25.0123446616541,-180.537509803922,3.83006862745098
"4656",465.5,25.0283038636364,-180.646659574468,3.83
"4657",465.6,25.0131902272727,-180.46089,3.83
"4658",465.7,25.0269185,-180.296287128713,3.83
"4659",465.8,25.0154181,-180.51742,3.82902
"4660",465.9,25.0344091089109,-180.2525,3.829
"4661",466,25.0340721804511,-180.555239316239,3.829
"4662",466.1,24.9827639097744,-180.467638554217,3.83095180722892
"4663",466.2,24.9956981818182,-180.42774,3.831
"4664",466.3,24.9892133333333,-180.53578,3.83002
"4665",466.4,24.961145,-180.54094,3.83
"4666",466.5,24.9507707518797,-180.269350877193,3.83
"4667",466.6,24.9683196240601,-180.449,3.83
"4668",466.7,24.9591766666667,-180.255774193548,3.82902150537634
"4669",466.8,24.9398433333333,-180.41074,3.829
"4670",466.9,24.956352,-180.60804,3.829
"4671",467,24.9811823308271,-180.34936,3.82998
"4672",467.1,24.9940620300752,-180.453878787879,3.8290101010101
"4673",467.2,24.9736281060606,-180.282826086956,3.82986086956522
"4674",467.3,24.9732720454545,-180.38805050505,3.83
"4675",467.4,24.9754596,-180.483,3.83
"4676",467.5,24.9596587969925,-180.182019607843,3.83
"4677",467.6,24.9729144360902,-180.412585858586,3.8290101010101
"4678",467.7,24.9827262121212,-180.42886,3.829
"4679",467.8,24.9650140909091,-180.443702970297,3.829
"4680",467.9,24.9690917171717,-180.430598290598,3.83067521367521
"4681",468,24.9576288,-180.348951807229,3.83197590361446
"4682",468.1,25.0119677227723,-180.673666666667,3.8300202020202
"4683",468.2,25.0139093984962,-180.386,3.83
"4684",468.3,25.0130372180451,-180.386,3.83
"4685",468.4,25.031315,-180.411,3.829
"4686",468.5,25.0187922727273,-180.438722772277,3.8319702970297
"4687",468.6,25.0415605,-180.296871287129,3.8310198019802
"4688",468.7,25.0412653383459,-180.445454545455,3.831
"4689",468.8,25.0455059398496,-180.33315,3.83001
"4690",468.9,25.0128881818182,-180.38942,3.82802
"4691",469,25.0177063636364,-180.38406,3.82998
"4692",469.1,25.0511252,-180.582,3.83
"4693",469.2,25.0357195488722,-180.30482,3.83
"4694",469.3,25.0309676691729,-180.568946428571,3.83
"4695",469.4,25.0229360902256,-180.219516129032,3.83
"4696",469.5,25.0570864661654,-180.400789473684,3.83
"4697",469.6,25.0317286868687,-180.31093,3.82901
"4698",469.7,25.0420096,-180.00508,3.82801
"4699",469.8,25.0282313861386,-180.152206896552,3.83056034482759
"4700",469.9,25.0677045112782,-180.187712765957,3.8301170212766
"4701",470,25.0582458646617,-180.274044444444,3.83
"4702",470.1,25.023405,-180.52844,3.83
"4703",470.2,24.9907004545455,-180.28647,3.83
"4704",470.3,25.0253888888889,-180.195782178218,3.8290198019802
"4705",470.4,25.0245479104478,-180.24006,3.829
"4706",470.5,25.0402344776119,-180.05284,3.83194
"4707",470.6,25.0325078195489,-180.37142,3.83102
"4708",470.7,25.0628461654135,-180.226916666667,3.82936666666667
"4709",470.8,25.0581903030303,-180.045886075949,3.82998734177215
"4710",470.9,25.0510501492537,-180.184168316832,3.83
"4711",471,25.0412591044776,-180.365917431193,3.83
"4712",471.1,25.0768506766917,-180.445957894737,3.83
"4713",471.2,25.0609784962406,-180.371666666667,3.83
"4714",471.3,25.0649572727273,-180.329866666667,3.83
"4715",471.4,25.0589702985075,-180.206542857143,3.83
"4716",471.5,25.0538882089552,-180.312244444445,3.82804444444444
"4717",471.6,25.0618247368421,-180.324898989899,3.8289898989899
"4718",471.7,25.0567194736842,-180.055445544555,3.8309603960396
"4719",471.8,25.0706372727273,-180.208893203884,3.83004854368932
"4720",471.9,25.0783233663366,-180.360489583333,3.83
"4721",472,25.041852,-180.18974,3.83
"4722",472.1,25.0265946268657,-180.006971428571,3.83
"4723",472.2,25.009572238806,-180.232958333333,3.83
"4724",472.3,25.0197381203008,-180.261757575758,3.8280202020202
"4725",472.4,25.009512556391,-180.136534653465,3.8289801980198
"4726",472.5,24.9871875757576,-179.973963302752,3.83079816513762
"4727",472.6,24.9750598507463,-179.987296703297,3.83197802197802
"4728",472.7,24.9738508955224,-180.06836,3.83004
"4729",472.8,25.001502406015,-180.195066666667,3.83
"4730",472.9,24.9701790977444,-180.17267368421,3.83
"4731",473,24.979712,-180.14358,3.83
"4732",473.1,24.9779604511278,-180.127133333333,3.82906666666667
"4733",473.2,24.9887123308271,-180.131936170213,3.83097872340426
"4734",473.3,24.99318,-180.301574257426,3.8300198019802
"4735",473.4,25.0030966666667,-180.285202020202,3.83
"4736",473.5,24.9910516,-179.94147,3.83
"4737",473.6,25.0010804,-179.950742574257,3.83
"4738",473.7,24.9929497029703,-180.091693069307,3.83
"4739",473.8,24.9776060150376,-180.138131313131,3.8290202020202
"4740",473.9,24.9523278195489,-180.11254,3.82998
"4741",474,24.9943712,-180.0728,3.83
"4742",474.1,24.9966451,-180.12198,3.83
"4743",474.2,25.0013677,-179.945808080808,3.8309898989899
"4744",474.3,25.016482556391,-180.072780487805,3.82939024390244
"4745",474.4,24.9951893233083,-180.098153846154,3.83289743589744
"4746",474.5,25.0106103759398,-179.87946,3.83006
"4747",474.6,24.9699036090226,-180.239282828283,3.8290101010101
"4748",474.7,24.94045,-180.270445544554,3.8299801980198
"4749",474.8,24.9685129323308,-180.021545454546,3.8290101010101
"4750",474.9,24.9754001503759,-179.98435,3.829
"4751",475,24.9760409022556,-180.00182,3.83098
"4752",475.1,24.9854845112782,-179.89904,3.831
"4753",475.2,24.9760912,-179.968714285714,3.83016806722689
"4754",475.3,24.9653596992481,-179.974111111111,3.82901234567901
"4755",475.4,24.949525112782,-179.961858490566,3.82993396226415
"4756",475.5,24.933142406015,-179.850191489362,3.83
"4757",475.6,24.9279920300752,-180.121495049505,3.83
"4758",475.7,24.942515,-180.119237623762,3.83
"4759",475.8,24.9502925,-179.872090909091,3.8290202020202
"4760",475.9,24.9358048514851,-179.977613861386,3.8299702970297
"4761",476,24.9781886466165,-179.951306122449,3.82901020408163
"4762",476.1,24.9709330075188,-179.772475409836,3.83062295081967
"4763",476.2,24.9625196240601,-179.906101010101,3.8320101010101
"4764",476.3,24.9372263909775,-179.896,3.831
"4765",476.4,24.9410589,-179.969267326733,3.8290198019802
"4766",476.5,24.9755015789474,-179.952529411765,3.829
"4767",476.6,25.0032910526316,-179.625218390805,3.82885057471264
"4768",476.7,25.0329671428571,-179.862,3.83
"4769",476.8,25.0308242857143,-180.036,3.828
"4770",476.9,25.0231076,-179.958772277228,3.8299801980198
"4771",477,25.0430845112782,-179.973643678161,3.82885057471264
"4772",477.1,25.0726258646617,-179.861,3.83
"4773",477.2,25.0543397709924,-179.826080808081,3.8310101010101
"4774",477.3,25.0660344274809,-179.918,3.83
"4775",477.4,25.076805,-179.963544554455,3.8290099009901
"4776",477.5,25.0695125,-179.89173,3.829
"4777",477.6,25.0702503960396,-179.903913043478,3.82986086956522
"4778",477.7,25.052320075188,-179.822,3.83095454545455
"4779",477.8,25.0667787218045,-179.754696969697,3.8300303030303
"4780",477.9,25.0471468686869,-179.885,3.827
"4781",478,25.0494264,-180.020643564356,3.8309603960396
"4782",478.1,25.0657936,-179.88637,3.83199
"4783",478.2,25.0660065671642,-179.47019,3.82903
"4784",478.3,25.0902005970149,-179.846769230769,3.82984615384615
"4785",478.4,25.0926316666667,-179.793493975904,3.82901204819277
"4786",478.5,25.040465,-179.557164948454,3.83
"4787",478.6,25.0653812,-179.585,3.83
"4788",478.7,25.0959635338346,-179.599362637363,3.8320989010989
"4789",478.8,25.057519924812,-179.662,3.831
"4790",478.9,25.0481445454545,-179.743,3.83
"4791",479,25.0334551515151,-179.723,3.829
"4792",479.1,25.0266484,-179.584,3.83
"4793",479.2,25.0423972727273,-179.773068965517,3.83014942528736
"4794",479.3,25.0251775757576,-179.511,3.829
"4795",479.4,24.9980218939394,-179.566347826087,3.83
"4796",479.5,24.979029469697,-179.787,3.83
"4797",479.6,25.022964,-179.752,3.828
"4798",479.7,25.0457910891089,-179.605465346535,3.828
"4799",479.8,25.0280905940594,-179.76933,3.82998
"4800",479.9,25.0303115037594,-179.572939393939,3.8269797979798
"4801",480,25.0054844360902,-179.579,3.829
"4802",480.1,25.0168154135338,-179.562168316832,3.829
"4803",480.2,25.0138379699248,-179.51349,3.829
"4804",480.3,25.0281496,-179.4932,3.829
"4805",480.4,25.0350045112782,-179.55735,3.82999
"4806",480.5,24.9985233082707,-179.754293103448,3.83085344827586
"4807",480.6,25.0073209090909,-179.716857142857,3.831
"4808",480.7,25.002533030303,-179.60545,3.831
"4809",480.8,25.0097,-179.604965116279,3.831
"4810",480.9,25.0430656390977,-179.606146788991,3.82929357798165
"4811",481,25.0520881954887,-179.396471910112,3.82994382022472
"4812",481.1,25.0520224242424,-179.717969072165,3.83
"4813",481.2,25.0489921212121,-179.541868686869,3.8290101010101
"4814",481.3,25.036424040404,-179.705653465347,3.8299801980198
"4815",481.4,25.0817138,-179.430838383838,3.8280202020202
"4816",481.5,25.0966888118812,-179.441722772277,3.8289801980198
"4817",481.6,25.0766545864662,-179.456661417323,3.82822834645669
"4818",481.7,25.0809929323308,-179.303438356164,3.82897260273973
"4819",481.8,25.0829887878788,-179.6273,3.82802
"4820",481.9,25.0713525,-179.637531531532,3.82888288288288
"4821",482,25.05112,-179.577840425532,3.829
"4822",482.1,25.0648565413534,-179.60906122449,3.829
"4823",482.2,25.0653227067669,-179.544697916667,3.82998958333333
"4824",482.3,25.0763214393939,-179.55291,3.83
"4825",482.4,25.0936471969697,-179.3847,3.82802
"4826",482.5,25.0499902,-179.57903960396,3.83094059405941
"4827",482.6,25.0389215037594,-179.627545454545,3.8290202020202
"4828",482.7,25.0710042105263,-179.474511627907,3.82746511627907
"4829",482.8,25.0285936363636,-179.452305555556,3.82894444444444
"4830",482.9,25.0626845454546,-179.4334,3.829
"4831",483,25.0232088,-179.425330434783,3.829
"4832",483.1,25.0040422556391,-179.318273809524,3.829
"4833",483.2,24.9676663157895,-179.461,3.829
"4834",483.3,25.0031901515151,-179.437336956522,3.829
"4835",483.4,25.0156522727273,-179.477971153846,3.82993269230769
"4836",483.5,25.0082460606061,-179.398768421053,3.82902105263158
"4837",483.6,24.9819715,-179.213868686869,3.8280101010101
"4838",483.7,25.0006013861386,-179.33179,3.82899
"4839",483.8,24.9954163909774,-179.271247524752,3.829
"4840",483.9,24.9980178947368,-179.380133333333,3.829
"4841",484,25.0121325,-179.581896226415,3.82987735849057
"4842",484.1,24.9723825,-179.466280898876,3.83
"4843",484.2,25.0400882,-179.25426,3.83098
"4844",484.3,25.0422742105263,-179.373886792453,3.82915094339623
"4845",484.4,25.0149057894737,-179.541290322581,3.82998924731183
"4846",484.5,24.9953774242424,-179.375088235294,3.83
"4847",484.6,24.9625213636364,-179.392535353535,3.83
"4848",484.7,24.9797348,-179.3832,3.82902
"4849",484.8,24.9784576119403,-179.42122,3.829
"4850",484.9,25.007756119403,-179.357656565657,3.829
"4851",485,25.0961212030075,-179.42036,3.829
"4852",485.1,25.1055873684211,-179.32497,3.82999
"4853",485.2,25.1369615151515,-179.391422413793,3.83
"4854",485.3,25.1285326732673,-179.384136363636,3.82905681818182
"4855",485.4,25.1439178,-179.54034375,3.82801041666667
"4856",485.5,25.1641887969925,-179.394862385321,3.82981651376147
"4857",485.6,25.146722631579,-179.383956043956,3.82901098901099
"4858",485.7,25.14378,-179.424188118812,3.829
"4859",485.8,25.1499681188119,-179.34562,3.829
"4860",485.9,25.1419303030303,-179.36066,3.829
"4861",486,25.1177917910448,-179.555078431373,3.83092156862745
"4862",486.1,25.1003589552239,-179.308267326733,3.82909900990099
"4863",486.2,25.1002798484848,-179.344948453608,3.8299793814433
"4864",486.3,25.0697192424242,-179.33326,3.83
"4865",486.4,25.0912052,-179.29282,3.83098
"4866",486.5,25.0998967164179,-179.290324786325,3.82932478632479
"4867",486.6,25.0863071641791,-179.447120481928,3.829
"4868",486.7,25.1087193233083,-179.2452,3.829
"4869",486.8,25.1488321052632,-179.30666,3.829
"4870",486.9,25.1122656565657,-179.24332,3.82998
"4871",487,25.1326564925373,-179.209333333333,3.8290101010101
"4872",487.1,25.139902761194,-179.27335,3.83098
"4873",487.2,25.1050021804511,-179.20668,3.82902
"4874",487.3,25.0960472932331,-179.103586206897,3.83070689655172
"4875",487.4,25.0879336363636,-179.071352941176,3.82904705882353
"4876",487.5,25.056098,-179.012595959596,3.829
"4877",487.6,25.0459814851485,-179.15804950495,3.829
"4878",487.7,25.0539758646617,-179.208515151515,3.8299898989899
"4879",487.8,25.0394420300752,-179.213900990099,3.8280396039604
"4880",487.9,25.0781778787879,-179.18264,3.83094
"4881",488,25.0992081818182,-179.237877192982,3.83014035087719
"4882",488.1,25.1067926,-179.192359223301,3.82918446601942
"4883",488.2,25.0809381203008,-179.039469879518,3.82997590361446
"4884",488.3,25.0625847368421,-179.055797979798,3.8290101010101
"4885",488.4,25.0282844360902,-179.095980769231,3.829
"4886",488.5,25.0368784210526,-179.138572916667,3.829
"4887",488.6,25.068901010101,-179.28948,3.82999
"4888",488.7,25.0757195522388,-179.165660550459,3.82909174311927
"4889",488.8,25.0574956716418,-179.184648351648,3.82998901098901
"4890",488.9,25.085027593985,-179.11075,3.83
"4891",489,25.0884260902256,-179.272079646018,3.82824778761062
"4892",489.1,25.0774778,-179.089390804598,3.828
"4893",489.2,25.0800042,-179.150712871287,3.8289801980198
"4894",489.3,25.0846793,-179.220962962963,3.829
"4895",489.4,25.1027070676692,-179.119208791209,3.829
"4896",489.5,25.0894739849624,-179.257368932039,3.829
"4897",489.6,25.1134658,-179.23924742268,3.82998969072165
"4898",489.7,25.1224361,-179.14,3.82802
"4899",489.8,25.1250590909091,-179.06772,3.82899
"4900",489.9,25.1145162686567,-178.93335,3.82999
"4901",490,25.1035386567164,-179.208849557522,3.82912389380531
"4902",490.1,25.0945408270677,-179.084795454545,3.829
"4903",490.2,25.072247593985,-179.13588,3.829
"4904",490.3,25.0675923232323,-178.97726,3.829
"4905",490.4,25.0754332835821,-179.02692,3.829
"4906",490.5,25.0920750746269,-178.86304950495,3.829
"4907",490.6,25.1094076691729,-178.814888888889,3.829
"4908",490.7,25.089324962406,-179.10114,3.829
"4909",490.8,25.0907624,-179.00018,3.82998
"4910",490.9,25.0941960150376,-178.918808080808,3.8290101010101
"4911",491,25.1146997744361,-179.1088,3.8308
"4912",491.1,25.1220884210526,-178.8986,3.82902222222222
"4913",491.2,25.0854042105263,-179.14746,3.829
"4914",491.3,25.048186,-178.85003,3.82999
"4915",491.4,25.0257004,-179.045,3.82901
"4916",491.5,25.0356392,-179.06284,3.83098
"4917",491.6,25.0407773134328,-179.06102,3.82902
"4918",491.7,25.0285534328358,-178.93032,3.83098
"4919",491.8,25.0386870676692,-179.10522,3.83001
"4920",491.9,24.9864539849624,-179.29807,3.83198
"4921",492,25.0377331313131,-179.190323529412,3.82908823529412
"4922",492.1,25.0401320895522,-179.239092592593,3.829
"4923",492.2,25.0461768656716,-178.978,3.829
"4924",492.3,25.024375037594,-179.085838383838,3.829
"4925",492.4,25.0351344360902,-179.026823529412,3.83094117647059
"4926",492.5,25.0508185,-179.084387755102,3.83001020408163
"4927",492.6,25.0295871428571,-178.947772277228,3.8280396039604
"4928",492.7,25.0278728571429,-178.999975609756,3.82879674796748
"4929",492.8,25.0550515909091,-178.943934210526,3.82801315789474
"4930",492.9,25.0549834090909,-178.781516393443,3.82881147540984
"4931",493,25.0778044,-178.846936842105,3.829
"4932",493.1,25.0854424,-179.040927710843,3.829
"4933",493.2,25.0988158415842,-179.03607,3.829
"4934",493.3,25.0814493181818,-179.17361,3.829
"4935",493.4,25.0780023484848,-179.053455445545,3.82605940594059
"4936",493.5,25.0800112,-179.185626262626,3.8299595959596
"4937",493.6,25.0702208,-178.932148514851,3.8290198019802
"4938",493.7,25.0773092,-179.12635042735,3.82983760683761
"4939",493.8,25.0865563157895,-178.948693181818,3.82907954545455
"4940",493.9,25.1031503007519,-178.9114,3.829
"4941",494,25.1071547368421,-179.053144144144,3.829
"4942",494.1,25.1063502255639,-178.724,3.829
"4943",494.2,25.1158546,-179.039696969697,3.829
"4944",494.3,25.0952272180451,-178.960182692308,3.829
"4945",494.4,25.0540317293233,-178.987666666667,3.829
"4946",494.5,25.0796952631579,-178.969376237624,3.829
"4947",494.6,25.0924997744361,-179.016515151515,3.8299898989899
"4948",494.7,25.0885504,-179.005508928571,3.83
"4949",494.8,25.0811736842105,-178.720516853933,3.82902247191011
"4950",494.9,25.0768654135338,-178.562775862069,3.829
"4951",495,25.0805993939394,-178.648741935484,3.829
"4952",495.1,25.0883115151515,-178.6996,3.829
"4953",495.2,25.0551301,-178.65347,3.82801
"4954",495.3,25.0494309,-178.704367924528,3.82893396226415
"4955",495.4,25.0787062376238,-178.712894736842,3.829
"4956",495.5,25.0632436842105,-178.56894,3.82704
"4957",495.6,25.0456496992481,-178.633254901961,3.8308431372549
"4958",495.7,25.063372631579,-178.603673469388,3.82904081632653
"4959",495.8,25.0748463157895,-178.75294,3.829
"4960",495.9,25.0750396,-178.740161616162,3.829
"4961",496,25.0670482706767,-178.571780487805,3.829
"4962",496.1,25.0821159398496,-178.596282051282,3.82997435897436
"4963",496.2,25.0770309090909,-178.6323,3.83098
"4964",496.3,25.0761824242424,-178.60675,3.82925
"4965",496.4,25.0806848,-178.69975,3.829
"4966",496.5,25.0907557894737,-178.7902,3.829
"4967",496.6,25.0903121804511,-178.71752,3.829
"4968",496.7,25.1030384848485,-178.67484,3.829
"4969",496.8,25.1138187878788,-178.43292,3.829
"4970",496.9,25.0994760606061,-178.70044,3.82998
"4971",497,25.0881596,-178.6717,3.82902
"4972",497.1,25.0882402970297,-178.57201010101,3.8299898989899
"4973",497.2,25.0789618181818,-178.73435,3.83198
"4974",497.3,25.1095754545454,-178.72709,3.83002
"4975",497.4,25.112535959596,-178.569188118812,3.8290198019802
"4976",497.5,25.1215016,-178.690727272727,3.829
"4977",497.6,25.1033648,-178.50984,3.829
"4978",497.7,25.0933361940298,-178.67531,3.829
"4979",497.8,25.0682541044776,-178.5582,3.829
"4980",497.9,25.0883559090909,-178.54809,3.82999
"4981",498,25.0956740909091,-178.58067,3.82901
"4982",498.1,25.1126507,-178.39092,3.829
"4983",498.2,25.0746954887218,-178.52265,3.829
"4984",498.3,25.0465676691729,-178.512831460674,3.829
"4985",498.4,25.0695688636364,-178.59897826087,3.829
"4986",498.5,25.0937128030303,-178.672647058824,3.829
"4987",498.6,25.0549608,-178.590469135802,3.829
"4988",498.7,25.0275236363636,-178.662712871287,3.829
"4989",498.8,25.0507509090909,-178.556807692308,3.82993269230769
"4990",498.9,25.0589118181818,-178.57709375,3.83
"4991",499,25.0463663636364,-178.553505050505,3.83
"4992",499.1,25.062566,-178.560762376238,3.83
"4993",499.2,25.039313,-178.617828282828,3.8319595959596
"4994",499.3,25.04096,-178.706326732673,3.82908910891089
"4995",499.4,25.0317288721805,-178.694303030303,3.829
"4996",499.5,25.0219318796992,-178.4882,3.829
"4997",499.6,25.0496754545455,-178.692782608696,3.829
"4998",499.7,25.0362663636364,-178.518082352941,3.829
"4999",499.8,25.0503932,-178.73056,3.82998
"5000",499.9,25.0625173684211,-178.612742574257,3.83
"5001",500,25.0911865413534,-178.476043103448,3.8283275862069
"5002",500.1,25.0505872727273,-178.446096385542,3.82995180722892
"5003",500.2,25.0647918181818,-178.503247524752,3.82805940594059
"5004",500.3,25.0739823232323,-178.49433,3.82897
"5005",500.4,25.0635011278195,-178.61816,3.829
"5006",500.5,24.9962981203007,-178.47553,3.829
"5007",500.6,25.0472269172932,-178.501373737374,3.829
"5008",500.7,25.0591818045113,-178.274266666667,3.829
"5009",500.8,25.0653835353535,-178.54378125,3.8309375
"5010",500.9,25.070978,-178.55494,3.82809
"5011",501,25.0708137623763,-178.62872,3.82897
"5012",501.1,25.107315112782,-178.763828828829,3.82812612612613
"5013",501.2,25.0811948120301,-178.400886363636,3.82897727272727
"5014",501.3,25.085294040404,-178.556266666667,3.829
"5015",501.4,25.096037,-178.69975,3.829
"5016",501.5,25.084978,-178.554090909091,3.829
"5017",501.6,25.1003490225564,-178.710128712871,3.829
"5018",501.7,25.0823790977444,-178.7441,3.829
"5019",501.8,25.0725812781955,-178.51317,3.829
"5020",501.9,25.0935512030075,-178.619834710744,3.82819834710744
"5021",502,25.0728048,-178.903898734177,3.828
"5022",502.1,25.0497118796993,-178.41542,3.82897
"5023",502.2,25.0603735338346,-178.73705050505,3.829
"5024",502.3,25.0642736842105,-178.618831683168,3.829
"5025",502.4,25.0390105263158,-178.67805,3.829
"5026",502.5,25.0613325252525,-178.51316,3.82997
"5027",502.6,25.083258358209,-178.513705882353,3.82755462184874
"5028",502.7,25.0785195522388,-178.63537037037,3.82892592592593
"5029",502.8,25.115642556391,-178.53233,3.829
"5030",502.9,25.1567177443609,-178.49699,3.83094
"5031",503,25.1177412121212,-178.662565656566,3.8290404040404
"5032",503.1,25.1414531,-178.627188118812,3.829
"5033",503.2,25.1345594059406,-178.18077,3.829
"5034",503.3,25.1441563909774,-178.402151515152,3.829
"5035",503.4,25.1813443609023,-178.1669,3.82998
"5036",503.5,25.1497814393939,-178.249326732673,3.82805940594059
"5037",503.6,25.1466829545455,-178.246982758621,3.82883620689655
"5038",503.7,25.1483263,-178.322120481928,3.82802409638554
"5039",503.8,25.1464770149254,-178.43747368421,3.82714035087719
"5040",503.9,25.163432238806,-178.550620689655,3.82893103448276
"5041",504,25.1247895488722,-178.362939393939,3.829
"5042",504.1,25.1222707518797,-178.315953271028,3.829
"5043",504.2,25.1440505,-178.537053763441,3.829
"5044",504.3,25.1555860150376,-178.34502,3.829
"5045",504.4,25.1355033082707,-178.415991304348,3.82729565217391
"5046",504.5,25.1758433834586,-178.429,3.82796511627907
"5047",504.6,25.1783546616541,-178.388828282828,3.83093939393939
"5048",504.7,25.198813,-178.36056,3.83002
"5049",504.8,25.170585,-178.375524752475,3.8290297029703
"5050",504.9,25.136219,-178.22953,3.829
"5051",505,25.1368440601504,-178.191183486239,3.829
"5052",505.1,25.140257593985,-178.329153846154,3.829
"5053",505.2,25.136984,-178.305585858586,3.829
"5054",505.3,25.166093,-178.342292035398,3.82813274336283
"5055",505.4,25.151858,-178.358053763441,3.82891397849462
"5056",505.5,25.1420930075188,-178.377595744681,3.82802127659574
"5057",505.6,25.1707696992481,-178.25648,3.828
"5058",505.7,25.146162481203,-178.31672,3.83094
"5059",505.8,25.1084707518797,-178.22686,3.82904
"5060",505.9,25.125754,-178.21422,3.829
"5061",506,25.1280322556391,-178.18068,3.829
"5062",506.1,25.1246262406015,-178.16138,3.829
"5063",506.2,25.0932271428571,-178.13552,3.83096
"5064",506.3,25.0760842857143,-178.09311965812,3.831
"5065",506.4,25.120688,-178.170879518072,3.82807228915663
"5066",506.5,25.1451089473684,-178.177851485148,3.828
"5067",506.6,25.1493721052632,-178.139787878788,3.8270202020202
"5068",506.7,25.1095203759398,-178.032267326733,3.82894059405941
"5069",506.8,25.116354962406,-178.14346,3.829
"5070",506.9,25.14156,-177.947043859649,3.829
"5071",507,25.14137,-178.082825581395,3.829
"5072",507.1,25.1067174257426,-178.037070707071,3.829
"5073",507.2,25.0866315789474,-178.195128712871,3.8299702970297
"5074",507.3,25.0699473684211,-178.055810810811,3.82825225225225
"5075",507.4,25.0726406015038,-177.908415730337,3.82993258426966
"5076",507.5,25.0863323308271,-177.89236,3.83097
"5077",507.6,25.0612676,-178.020728971963,3.82918691588785
"5078",507.7,25.0963075757576,-178.082387096774,3.829
"5079",507.8,25.0911560606061,-177.907636363636,3.829
"5080",507.9,25.0706209848485,-178.002,3.829
"5081",508,25.0946588636364,-177.91382,3.829
"5082",508.1,25.111546,-178.097945454545,3.82988181818182
"5083",508.2,25.1246764179105,-178.023292134831,3.82706741573034
"5084",508.3,25.1310644776119,-178.0945,3.82953448275862
"5085",508.4,25.0942761363636,-177.969847826087,3.8264347826087
"5086",508.5,25.0644352272727,-177.932902912621,3.8286213592233
"5087",508.6,25.108597,-178.179340206186,3.829
"5088",508.7,25.080156,-178.057032258064,3.829
"5089",508.8,25.117264,-177.933444444444,3.829
"5090",508.9,25.1479292481203,-178.224147826087,3.82985217391304
"5091",509,25.116260075188,-178.16611827957,3.82910752688172
"5092",509.1,25.125464,-178.176225806452,3.82996774193548
"5093",509.2,25.1363254545455,-178.159935185185,3.83
"5094",509.3,25.1178584,-178.157032608696,3.82903260869565
"5095",509.4,25.1207942857143,-178.198314814815,3.82989814814815
"5096",509.5,25.1199371428571,-178.377087912088,3.82902197802198
"5097",509.6,25.1067652631579,-178.337444444444,3.829
"5098",509.7,25.1029757894737,-178.017293577982,3.829
"5099",509.8,25.087505,-178.109615384615,3.829
"5100",509.9,25.1138617293233,-178.058069306931,3.8280198019802
"5101",510,25.1225008270677,-178.28338,3.82898
"5102",510.1,25.0977652631579,-178.04104,3.829
"5103",510.2,25.1289757894737,-178.232,3.83096
"5104",510.3,25.1314233,-178.197970149254,3.82953731343284
"5105",510.4,25.1193043609023,-178.125647058824,3.829
"5106",510.5,25.1282216541353,-178.073020408163,3.829
"5107",510.6,25.1028637878788,-178.19646,3.829
"5108",510.7,25.0624243939394,-177.97752,3.829
"5109",510.8,25.0957428,-177.962733333333,3.82806666666667
"5110",510.9,25.0938492,-178.145392523364,3.8288691588785
"5111",511,25.1163167326733,-178.214170212766,3.82991489361702
"5112",511.1,25.1103263157895,-178.223935483871,3.83098924731183
"5113",511.2,25.1123789473684,-178.175862385321,3.8282752293578
"5114",511.3,25.1343845454545,-178.068142857143,3.82898901098901
"5115",511.4,25.1580663636364,-178.05908,3.829
"5116",511.5,25.1384587,-177.92634,3.829
"5117",511.6,25.140920075188,-178.03489,3.829
"5118",511.7,25.1426945112782,-178.105771428571,3.829
"5119",511.8,25.142684469697,-178.00425,3.829
"5120",511.9,25.1280859848485,-177.93242,3.829
"5121",512,25.1206326,-178.2495,3.829
"5122",512.1,25.1184643609023,-178.08254,3.82704
"5123",512.2,25.1393816541353,-177.942137931035,3.82868965517241
"5124",512.3,25.1507742105263,-178.08910989011,3.829
"5125",512.4,25.175142631579,-178.1465,3.829
"5126",512.5,25.1666496969697,-177.825505617977,3.829
"5127",512.6,25.1421605,-177.824725490196,3.829
"5128",512.7,25.1684983168317,-178.164918367347,3.8319387755102
"5129",512.8,25.1724101526718,-178.10046,3.83004
"5130",512.9,25.1406773282443,-178.008919191919,3.8270303030303
"5131",513,25.1644134343434,-178.0962,3.8297
"5132",513.1,25.1716812,-178.015022222222,3.82901111111111
"5133",513.2,25.1809636,-178.112083333333,3.829
"5134",513.3,25.1702056390977,-177.992413043478,3.829
"5135",513.4,25.1727545112782,-177.972666666667,3.829
"5136",513.5,25.1766383333333,-178.047478723404,3.829
"5137",513.6,25.1834716666667,-178.298392523365,3.82990654205607
"5138",513.7,25.1913676,-178.116608695652,3.83
"5139",513.8,25.2055429323308,-178.027634782609,3.82829565217391
"5140",513.9,25.2157459398496,-178.262976470588,3.82702352941176
"5141",514,25.1805643181818,-178.07398989899,3.8289797979798
"5142",514.1,25.1672234090909,-178.141594059406,3.829
"5143",514.2,25.1677296,-177.926212121212,3.829
"5144",514.3,25.1843289473684,-178.195514851485,3.829
"5145",514.4,25.1830131578947,-177.950931034483,3.829
"5146",514.5,25.1650251515151,-177.888404761905,3.83192857142857
"5148",514.7,25.1551062626263,-177.939435643564,3.8280198019802
"5149",514.8,25.1427217,-177.7528,3.82996
"5150",514.9,25.1424208910891,-177.8568,3.82804
"5151",515,25.1766236842106,-177.781787878788,3.8289898989899
"5152",515.1,25.2487289473684,-177.78296039604,3.829
"5153",515.2,25.1769759848485,-177.749343434343,3.829
"5154",515.3,25.1868017424242,-177.777425742574,3.829
"5155",515.4,25.1761844,-177.8466,3.829
"5156",515.5,25.1626073684211,-177.852851485149,3.8280297029703
"5157",515.6,25.1878178947368,-177.968806122449,3.82898979591837
"5158",515.7,25.1430601503759,-177.718089108911,3.8280198019802
"5159",515.8,25.1392481203007,-177.811,3.83094
"5160",515.9,25.1378248,-177.95706,3.82904
"5161",516,25.1356260902256,-177.86535042735,3.829
"5162",516.1,25.1757388721805,-177.793,3.829
"5163",516.2,25.1367378195489,-177.650711538462,3.829
"5164",516.3,25.1465122556391,-177.805306930693,3.82810891089109
"5165",516.4,25.1580644444444,-177.651869565217,3.828
"5166",516.5,25.140747,-177.68577,3.82897
"5167",516.6,25.1255374257426,-177.80049,3.82803
"5168",516.7,25.1510977443609,-177.90197,3.82897
"5169",516.8,25.1472781954887,-177.7498,3.829
"5170",516.9,25.1335115151515,-177.84394,3.829
"5171",517,25.1439245,-177.94497,3.829
"5172",517.1,25.1548194,-177.93733,3.829
"5173",517.2,25.1586938345865,-178.006565656566,3.829
"5175",517.4,25.1685663636364,-178.02044,3.829
"5177",517.6,25.1831732,-178.059655172414,3.83089655172414
"5178",517.7,25.1626968421053,-177.887676767677,3.82904040404041
"5179",517.8,25.1507494736842,-177.905577981651,3.829
"5180",517.9,25.1707790909091,-177.80921978022,3.829
"5182",518.1,25.1645261616162,-177.71581,3.82803
"5183",518.2,25.1657954135338,-177.999141414141,3.8289797979798
"5185",518.4,25.1824510526316,-177.899428571429,3.828
"5187",518.6,25.21811,-177.674567010309,3.8290618556701
"5188",518.7,25.2301107920792,-177.892944444444,3.829
"5189",518.8,25.2029822,-177.83434,3.829
"5190",518.9,25.2000305263158,-177.622321100917,3.829
"5192",519.1,25.2421920300752,-177.599950980392,3.829
"5193",519.2,25.1982296240602,-177.593144329897,3.8280206185567
"5194",519.3,25.187297979798,-177.74,3.82978181818182
"5195",519.4,25.2028856716418,-177.652967741935,3.83
"5196",519.5,25.2223408955224,-177.627412371134,3.8280412371134
"5197",519.6,25.2169998496241,-177.6662,3.82898
"5198",519.7,25.2008118796993,-177.874307692308,3.829
"5199",519.8,25.2294054545455,-177.920873873874,3.829
"5200",519.9,25.228766641791,-178.07567032967,3.829
"5201",520,25.2279382835821,-177.812141414141,3.83085858585859
"5202",520.1,25.2646392481203,-177.74107368421,3.82610526315789
"5204",520.3,25.2241166666667,-177.91066,3.82709
"5205",520.4,25.2183393069307,-177.817152380952,3.82884761904762
"5206",520.5,25.213409,-177.654052631579,3.829
"5207",520.6,25.1377996992481,-177.660757575758,3.829
"5209",520.8,25.101704,-177.74604040404,3.829
"5210",520.9,25.1012011,-177.564495049505,3.82608910891089
"5211",521,25.0732766666667,-177.825505050505,3.8289393939394
"5212",521.1,25.0521205970149,-177.586485148515,3.829
"5214",521.3,25.0856817293233,-177.60962,3.82802
"5216",521.5,25.0908114141414,-177.597262135922,3.829
"5217",521.6,25.093567029703,-177.609757575758,3.829
"5218",521.7,25.0864412,-177.56344,3.82803
"5219",521.8,25.1027118045113,-177.61341,3.82897
"5220",521.9,25.080967443609,-177.44816,3.829
"5221",522,25.0704819191919,-177.79608,3.82706
"5222",522.1,25.0731465346535,-177.743313131313,3.8289595959596
"5223",522.2,25.0734909090909,-177.51072,3.829
"5224",522.3,25.0644181954887,-177.458633333333,3.829
"5226",522.5,25.0776112,-177.236709090909,3.829
"5227",522.6,25.0906733,-177.374446153846,3.829
"5228",522.7,25.0869695,-177.672131147541,3.82804918032787
"5229",522.8,25.0499963432836,-177.50743,3.82897
"5230",522.9,25.0432276865672,-177.584784482759,3.8306724137931
"5231",523,25.1075583458647,-177.588313253012,3.82904819277108
"5232",523.1,25.0814906766917,-177.463801980198,3.82705940594059
"5233",523.2,25.1216093939394,-177.3727,3.82894
"5234",523.3,25.0995796240602,-177.43693,3.829
"5236",523.5,25.0718668421053,-177.486476744186,3.829
"5237",523.6,25.0890773529412,-177.329434343434,3.8280202020202
"5238",523.7,25.0699759,-177.475491525424,3.82883050847458
"5239",523.8,25.0653026315789,-177.60843902439,3.8280243902439
"5241",524,25.0788993984962,-177.3664,3.829
"5242",524.1,25.0756894029851,-177.49044,3.829
"5243",524.2,25.0857548,-177.41166,3.829
"5244",524.3,25.0754164,-177.127643564357,3.829
"5245",524.4,25.0608998,-177.292424242424,3.829
"5246",524.5,25.0689293233083,-177.560891089109,3.8280297029703
"5247",524.6,25.0846797014925,-177.477243243243,3.828
"5248",524.7,25.0875636,-177.368947368421,3.828
"5249",524.8,25.0912382,-177.221531914894,3.82896808510638
"5250",524.9,25.0955594,-177.434515151515,3.8260606060606
"5251",525,25.1064138345865,-177.212008547009,3.82851282051282
"5252",525.1,25.0920943283582,-177.337714285714,3.829
"5253",525.2,25.0972022556391,-177.1694,3.829
"5254",525.3,25.1075176470588,-177.40747,3.829
"5255",525.4,25.1054241,-177.428857142857,3.829
"5256",525.5,25.0812364,-177.06752,3.82808
"5257",525.6,25.0779558,-177.191417475728,3.828
"5258",525.7,25.0842695488722,-177.287263736264,3.82897802197802
"5260",525.9,25.1136108,-177.274,3.83
"5261",526,25.1259886,-177.204472527472,3.82903296703297
"5262",526.1,25.1236733333333,-177.20297979798,3.829
"5263",526.2,25.106332481203,-177.17098019802,3.8280297029703
"5264",526.3,25.0673059701492,-177.204292929293,3.828
"5265",526.4,25.1011282,-177.21578,3.82702
"5266",526.5,25.1163218,-177.287801980198,3.82894059405941
"5267",526.6,25.0901684,-177.233171717172,3.8309595959596
"5268",526.7,25.0968369924812,-177.46132,3.82904
"5269",526.8,25.0568343283582,-177.39544,3.82802
"5270",526.9,25.0940738345865,-177.20192,3.82898
"5271",527,25.0772429850746,-177.108732673267,3.829
"5272",527.1,25.0837696,-177.19427,3.829
"5273",527.2,25.037170075188,-177.2552,3.829
"5274",527.3,25.0446525373134,-177.178616161616,3.82704040404041
"5275",527.4,25.0408383333333,-177.114430769231,3.82775384615385
"5276",527.5,25.0527941176471,-177.108166666667,3.82988888888889
"5277",527.6,25.0649882,-176.956183673469,3.82902040816327
"5278",527.7,25.0467182178218,-177.051,3.829
"5279",527.8,25.0277050495049,-176.92984,3.829
"5280",527.9,25.0041603030303,-176.991646464646,3.829
"5282",528.1,25.0374974,-177.100142857143,3.829
"5283",528.2,25.0598233333334,-177.313788461538,3.82805769230769
"5284",528.3,25.0298948,-177.0773125,3.82897916666667
"5285",528.4,25.032286969697,-177.070059405941,3.8280297029703
"5286",528.5,25.067993880597,-177.13208,3.82897
"5287",528.6,25.0672405,-176.89053,3.82803
"5288",528.7,25.0677375,-177.116191919192,3.8289797979798
"5289",528.8,25.037573,-177.17,3.829
"5290",528.9,25.0335721052632,-177.078157894737,3.829
"5291",529,25.0487768656717,-176.730463917526,3.829
"5292",529.1,25.064697368421,-176.998966666667,3.82803333333333
"5293",529.2,25.0617305882353,-176.87437962963,3.82889814814815
"5294",529.3,25.079217,-176.925505494505,3.82997802197802
"5295",529.4,25.0845896,-176.92406,3.82804
"5296",529.5,25.08336,-177.013833333333,3.82890740740741
"5297",529.6,25.0890825,-177.138161290323,3.82803225806452
"5298",529.7,25.0799156716418,-177.115545454545,3.8289797979798
"5299",529.8,25.075321,-177.14048,3.829
"5300",529.9,25.0923998,-177.11454,3.829
"5301",530,25.0876232,-177.0503,3.82802
"5302",530.1,25.0839831818182,-177.235110091743,3.82710091743119
"5303",530.2,25.098516119403,-177.211010989011,3.82895604395604
"5304",530.3,25.10803,-177.21,3.82802
"5305",530.4,25.1042935,-177.21,3.82898
"5306",530.5,25.0954025,-177.135287128713,3.8280297029703
"5307",530.6,25.0947815789474,-177.13882,3.82897
"5308",530.7,25.0819667647059,-177.180886363636,3.829
"5309",530.8,25.0877260606061,-177.099355263158,3.829
"5310",530.9,25.0928137313433,-177.037532608696,3.829
"5311",531,25.0941385,-177.20284,3.82803
"5312",531.1,25.1209752631579,-177.07608,3.828
"5313",531.2,25.1207055223881,-177.134425742574,3.8270396039604
"5314",531.3,25.1258497727273,-176.989606060606,3.8260303030303
"5315",531.4,25.1262425,-176.98112,3.82988
"5316",531.5,25.1040885,-177.142940677966,3.8291779661017
"5317",531.6,25.128632,-176.948707317073,3.829
"5318",531.7,25.12081,-177.08841,3.829
"5319",531.8,25.1176701515151,-176.991198019802,3.829
"5320",531.9,25.1413276470588,-177.162346938776,3.829
"5321",532,25.1462238383838,-177.147119266055,3.82989908256881
"5322",532.1,25.130402,-177.178252747253,3.83
"5323",532.2,25.122132,-177.109138613861,3.8309702970297
"5324",532.3,25.1250871969697,-177.116797979798,3.8319797979798
"5325",532.4,25.1556126470588,-176.965633663366,3.82908910891089
"5326",532.5,25.1246008080808,-177.004111111111,3.829
"5327",532.6,25.1269456,-176.948525423729,3.82816949152542
"5328",532.7,25.1344316,-176.92080952381,3.828
"5329",532.8,25.1104781203008,-176.912242424242,3.8289696969697
"5330",532.9,25.0982586764706,-176.958427350427,3.82817094017094
"5331",533,25.0960959090909,-176.85180952381,3.82895238095238
"5332",533.1,25.1234275,-177.040909090909,3.8299696969697
"5333",533.2,25.06314,-177.043196078431,3.82714705882353
"5334",533.3,25.0527636842105,-176.89856122449,3.8289387755102
"5335",533.4,25.0236270149254,-176.906574074074,3.829
"5336",533.5,25.0162765909091,-176.984171171171,3.829
"5337",533.6,25.0048302985075,-176.955814814815,3.82803703703704
"5338",533.7,25.037822,-176.88319,3.82897
"5339",533.8,25.0447424,-176.90428,3.82803
"5340",533.9,25.0477085148515,-176.745180952381,3.82892380952381
"5341",534,25.0482978787879,-177.093221052632,3.82803157894737
"5342",534.1,25.0651538235294,-177.071141509434,3.828
"5343",534.2,25.0689351515152,-177.004778947368,3.828
"5344",534.3,25.041534,-176.81672,3.82896
"5345",534.4,25.0505756,-176.842049180328,3.8282131147541
"5346",534.5,25.0496772180451,-176.792179487179,3.82894871794872
"5347",534.6,25.0324222058823,-176.834575757576,3.829
"5348",534.7,25.0231836363636,-176.97665,3.82803
"5349",534.8,25.06548,-176.943831775701,3.82890654205607
"5350",534.9,25.0885696,-176.773235294118,3.82811764705882
"5351",535,25.0706764179104,-177.005780952381,3.828
"5352",535.1,25.0525303030303,-176.831538461538,3.82891208791209
"5353",535.2,25.0589312781955,-177.073541666667,3.82804166666667
"5354",535.3,25.0918869117647,-176.878742574257,3.8289504950495
"5355",535.4,25.1237013131313,-176.872846938775,3.829
"5356",535.5,25.1187434653465,-177.019940594059,3.8280396039604
"5357",535.6,25.076596,-177.13080733945,3.82976146788991
"5358",535.7,25.0651842105263,-176.937902173913,3.82905434782609
"5359",535.8,25.0606301492537,-176.921560747664,3.829
"5360",535.9,25.0787473737374,-177.035782608696,3.82995652173913
"5361",536,25.0893244554455,-176.978391304348,3.82833043478261
"5362",536.1,25.0872457575758,-176.865714285714,3.82896428571429
"5363",536.2,25.0993418796992,-176.735227722772,3.829
"5364",536.3,25.1464435820896,-176.727230769231,3.829
"5365",536.4,25.121796,-176.841549019608,3.829
"5366",536.5,25.1267096,-176.810836734694,3.829
"5367",536.6,25.1141181818182,-176.815761904762,3.829
"5368",536.7,25.0954717164179,-176.691758241758,3.82804395604396
"5369",536.8,25.0785220895522,-176.7244,3.828
"5370",536.9,25.1270996992481,-176.852358974359,3.82882051282051
"5371",537,25.1146873529412,-176.784819277108,3.829
"5372",537.1,25.0974719191919,-176.87216,3.829
"5373",537.2,25.1269304477612,-176.72144,3.82804
"5374",537.3,25.1643684848485,-176.86956,3.828
"5375",537.4,25.2087840601504,-176.58608,3.82992
"5376",537.5,25.2204608955224,-176.613384615385,3.82917948717949
"5377",537.6,25.2325588,-176.672445783133,3.829
"5378",537.7,25.242646,-176.76044,3.829
"5379",537.8,25.2420912,-176.77648,3.82804
"5380",537.9,25.2096288721805,-176.5994,3.82896
"5381",538,25.195244477612,-176.58336,3.82804
"5382",538.1,25.2414496,-176.610151515152,3.828
"5383",538.2,25.223384,-176.619643564356,3.8289603960396
"5384",538.3,25.2079416,-176.55427027027,3.829
"5385",538.4,25.180644962406,-176.599056818182,3.82803409090909
"5386",538.5,25.1924589552239,-176.64012605042,3.82881512605042
"5387",538.6,25.213112,-176.577,3.829
"5388",538.7,25.2195888,-176.773471698113,3.829
"5389",538.8,25.2180956,-176.425571428572,3.829
"5390",538.9,25.2062709022556,-176.53289380531,3.829
"5391",539,25.2368363636364,-176.683772727273,3.829
"5392",539.1,25.2214278195489,-176.723939393939,3.8280303030303
"5393",539.2,25.1921276470588,-176.686018691589,3.828
"5394",539.3,25.2347776,-176.748063829787,3.82895744680851
"5395",539.4,25.2330908,-176.903242424242,3.82706060606061
"5396",539.5,25.2068888,-176.712098039216,3.82795098039216
"5397",539.6,25.2004239097744,-176.60795959596,3.828
"5398",539.7,25.2062941791045,-176.441090909091,3.828
"5399",539.8,25.1859684,-176.72603960396,3.828
"5400",539.9,25.1856868,-176.571212121212,3.8289696969697
"5401",540,25.1819728,-176.649620689655,3.82816379310345
"5402",540.1,25.1892081818182,-176.530035714286,3.82896428571429
"5403",540.2,25.1656052941176,-176.60454,3.829
"5404",540.3,25.2201676,-176.70012,3.82803
"5405",540.4,25.2050192,-176.685447619048,3.82707619047619
"5406",540.5,25.1907204,-176.683041666667,3.82891666666667
"5407",540.6,25.1914169172932,-176.61868,3.829
"5408",540.7,25.1728431818182,-176.608685714286,3.82808571428571
"5409",540.8,25.1737986466165,-176.734442105263,3.828
"5410",540.9,25.1730458823529,-176.569333333333,3.828
"5411",541,25.15807,-176.639871287129,3.8289603960396
"5412",541.1,25.155087443609,-176.45868,3.829
"5413",541.2,25.1927659090909,-176.60652,3.829
"5414",541.3,25.1772903759399,-176.697413793103,3.8298275862069
"5415",541.4,25.1598026865672,-176.653313253012,3.83096385542169
"5416",541.5,25.1620268,-176.67779047619,3.83007619047619
"5417",541.6,25.1565554,-176.435957894737,3.82806315789474
"5418",541.7,25.1365120792079,-176.704594059406,3.8289603960396
"5419",541.8,25.12148,-176.65168,3.829
"5420",541.9,25.1240125373134,-176.55012,3.82804
"5421",542,25.1412536,-176.54696969697,3.8270303030303
"5422",542.1,25.1448011,-176.464696969697,3.8279797979798
"5423",542.2,25.1637147,-176.708,3.82896078431373
"5424",542.3,25.1705057142857,-176.651090909091,3.829
"5425",542.4,25.1615958823529,-176.69362,3.82997
"5426",542.5,25.1427081818182,-176.389594059406,3.8290396039604
"5427",542.6,25.1484067,-176.53636,3.82804
"5428",542.7,25.1443783,-176.67164,3.82896
"5429",542.8,25.1396696992481,-176.601363636364,3.8280303030303
"5430",542.9,25.1212013432836,-176.51364,3.828
"5431",543,25.1326214393939,-176.30342,3.82994
"5432",543.1,25.111215,-176.33483,3.82709
"5433",543.2,25.1245584,-176.505338983051,3.82946610169491
"5434",543.3,25.129795,-176.55662962963,3.83
"5435",543.4,25.1185868316832,-176.52858,3.82902
"5436",543.5,25.1582681818182,-176.607333333333,3.829
"5437",543.6,25.157578358209,-176.489652631579,3.82802105263158
"5438",543.7,25.1562377,-176.48798,3.828
"5439",543.8,25.1688058,-176.5125,3.82898
"5440",543.9,25.1826362,-176.45616,3.829
"5441",544,25.1595871212121,-176.570903846154,3.829
"5442",544.1,25.1860097014925,-176.524145833333,3.829
"5443",544.2,25.2077787128713,-176.440524752475,3.8299702970297
"5444",544.3,25.2148886,-176.450737373737,3.8280404040404
"5445",544.4,25.2112001,-176.241415841584,3.828
"5446",544.5,25.1736789473684,-176.289504761905,3.82892380952381
"5447",544.6,25.1722808955224,-176.464442105263,3.829
"5448",544.7,25.2177468939394,-176.43411,3.82706
"5449",544.8,25.2364758823529,-176.47374,3.82797
"5450",544.9,25.1947581,-176.281,3.828
"5451",545,25.1989585714286,-176.27597,3.828
"5452",545.1,25.2083789552239,-176.34196,3.82509
"5453",545.2,25.2134082706767,-175.965603960396,3.82884158415842
"5454",545.3,25.2135137313433,-176.138081632653,3.82802040816327
"5455",545.4,25.2387358,-176.4948,3.82898
"5456",545.5,25.2328812,-176.35794,3.82802
"5457",545.6,25.2359588118812,-176.159,3.828
"5458",545.7,25.2155772727273,-176.53818,3.82898
"5459",545.8,25.2128376470588,-176.336482758621,3.82815517241379
"5460",545.9,25.1934472727273,-176.240404761905,3.82604761904762
"5461",546,25.1490324,-176.366784313725,3.82792156862745
"5462",546.1,25.1296183,-176.346530612245,3.828
"5463",546.2,25.1563237878788,-176.136415841584,3.828
"5464",546.3,25.1605972058824,-176.229939393939,3.828
"5465",546.4,25.1450839393939,-176.230059405941,3.828
"5466",546.5,25.1437074,-176.34834,3.82897
"5467",546.6,25.1225748,-176.289292929293,3.8270404040404
"5468",546.7,25.1252457142857,-176.406376237624,3.827
"5469",546.8,25.121138358209,-176.236575757576,3.827
"5470",546.9,25.1527909090909,-176.35452,3.82896
"5471",547,25.1594705882353,-176.317217821782,3.8299702970297
"5472",547.1,25.144053,-176.290525252525,3.8280404040404
"5473",547.2,25.123083960396,-176.227900990099,3.828
"5474",547.3,25.1232227722772,-176.195626262626,3.828
"5475",547.4,25.1266581818182,-176.26752,3.828
"5476",547.5,25.1406447058823,-176.387376237624,3.82605940594059
"5477",547.6,25.1314109090909,-176.287141414141,3.82991919191919
"5478",547.7,25.1499842,-176.31701980198,3.83
"5479",547.8,25.1617483,-176.26077,3.82709
"5480",547.9,25.1529095454545,-176.49859,3.82797
"5481",548,25.1649373529412,-176.295559322034,3.828
"5482",548.1,25.1779512121212,-176.217243902439,3.828
"5483",548.2,25.1750485858586,-176.26205050505,3.8289797979798
"5484",548.3,25.1850366,-176.207693069307,3.8280297029703
"5485",548.4,25.1675217293233,-176.21473,3.82897
"5486",548.5,25.1524044117647,-176.180241666667,3.82738333333333
"5487",548.6,25.1182233333333,-176.250855421687,3.82978313253012
"5488",548.7,25.1364894117647,-176.538040816326,3.83
"5489",548.8,25.1586692,-176.257151515152,3.83
"5490",548.9,25.1431942857143,-176.46819,3.82806
"5491",549,25.1838785074627,-176.252070175438,3.828
"5492",549.1,25.1865524242424,-176.218242105263,3.82887368421053
"5493",549.2,25.1647214705882,-176.285725274725,3.829
"5494",549.3,25.1522085858586,-176.294858585859,3.829
"5495",549.4,25.1755394,-175.988386138614,3.8280297029703
"5496",549.5,25.1828855445545,-176.122190476191,3.83077142857143
"5497",549.6,25.18248,-176.075894736842,3.82906315789474
"5498",549.7,25.1741337313433,-176.146505050505,3.82606060606061
"5499",549.8,25.1880834343434,-176.246,3.8279405940594
"5500",549.9,25.1826369,-176.232343434343,3.828
"5501",550,25.1814506,-176.13498,3.828
"5502",550.1,25.1692941353383,-175.906920792079,3.8289702970297
"5503",550.2,25.1394068656716,-176.242929292929,3.8280202020202
"5504",550.3,25.1517996969697,-175.97756,3.82996
"5505",550.4,25.1658399009901,-176.1337,3.82804
"5506",550.5,25.1608684848485,-176.072409090909,3.82874242424242
"5507",550.6,25.1698020895523,-176.084885714286,3.82334285714285
"5508",550.7,25.1994543283582,-176.003606060606,3.82784848484848
"5509",550.8,25.2061280451128,-176.102801980198,3.828
"5510",550.9,25.2086211764706,-176.1358,3.828
"5511",551,25.2050485858586,-176.174818181818,3.828
"5512",551.1,25.1968197,-176.038663366336,3.82896039603961
"5513",551.2,25.1931031683168,-176.108636363636,3.829
"5514",551.3,25.1936,-176.295396039604,3.829
"5515",551.4,25.1930768656716,-176.031,3.82815789473684
"5516",551.5,25.2148796969697,-175.913662921348,3.82984269662921
"5517",551.6,25.2450058,-175.83728125,3.8280625
"5518",551.7,25.22068,-176.08429,3.828
"5519",551.8,25.201872481203,-175.96493,3.828
"5520",551.9,25.2036835820896,-175.8155,3.82897
"5521",552,25.195993030303,-176.04504587156,3.82811009174312
"5522",552.1,25.22229,-176.044021978022,3.82703296703297
"5523",552.2,25.239886,-176.10508,3.82991
"5524",552.3,25.2212548120301,-175.7772,3.83
"5525",552.4,25.2026461764706,-175.98525,3.82806
"5526",552.5,25.2078366165414,-175.801495495496,3.82887387387387
"5527",552.6,25.2358294029851,-175.897266666667,3.82804444444444
"5528",552.7,25.2239407,-175.99612,3.828
"5529",552.8,25.215892761194,-176.034153846154,3.828
"5530",552.9,25.2223692424242,-175.944031578947,3.828
"5531",553,25.2471976691729,-175.903911764706,3.828
"5532",553.1,25.2341580597015,-175.946591836735,3.8289693877551
"5533",553.2,25.2184133333334,-175.911504950495,3.83092079207921
"5534",553.3,25.1778958415842,-175.927454545455,3.8300303030303
"5535",553.4,25.1961175,-175.878059405941,3.8309603960396
"5536",553.5,25.2291645112782,-175.78192,3.82812
"5537",553.6,25.2053925373135,-175.935090909091,3.828
"5538",553.7,25.236233,-175.73533,3.828
"5539",553.8,25.2116394,-175.85607,3.828
"5540",553.9,25.1896545454545,-175.84448,3.828
"5541",554,25.1795488721805,-175.95328,3.82896
"5542",554.1,25.2039574626865,-175.74072,3.82803
"5543",554.2,25.1662420792079,-175.754168316832,3.8289603960396
"5544",554.3,25.1472759,-175.60332,3.82516
"5545",554.4,25.1305324242424,-175.8274,3.82774285714286
"5546",554.5,25.1313377611941,-175.996875,3.828
"5547",554.6,25.1613031343283,-175.904267241379,3.828
"5548",554.7,25.1462490909091,-175.989554216867,3.828
"5549",554.8,25.1393369117647,-175.70508,3.828
"5550",554.9,25.1373657575758,-175.676515151515,3.828
"5551",555,25.130586039604,-175.83702,3.82897
"5552",555.1,25.1551061,-175.831435643564,3.8280396039604
"5553",555.2,25.1704362406015,-175.724527272727,3.82712727272727
"5554",555.3,25.1472301492537,-175.731193548387,3.82792473118279
"5555",555.4,25.1525503,-175.73875257732,3.828
"5556",555.5,25.1475643,-175.96076,3.828
"5557",555.6,25.1198503030303,-175.725636363636,3.828
"5558",555.7,25.123835037594,-175.73643,3.828
"5559",555.8,25.1670440298508,-175.55561,3.82703
"5560",555.9,25.170846,-175.60238,3.82991
"5561",556,25.2148400000001,-175.79315,3.82709
"5562",556.1,25.2855480808081,-175.71461,3.82991
"5563",556.2,25.3222945522388,-175.7314,3.82903
"5564",556.3,25.3226825373135,-175.870685950413,3.82819834710744
"5565",556.4,25.2848215789474,-175.820264367816,3.828
"5566",556.5,25.2795095588236,-175.705456521739,3.828
"5567",556.6,25.2976927272727,-175.799923809524,3.82892380952381
"5568",556.7,25.2967334328358,-175.713267326733,3.82808910891089
"5569",556.8,25.33448,-175.600547368421,3.82895789473684
"5570",556.9,25.2980634586466,-175.856848484848,3.82609090909091
"5571",557,25.2820508955224,-175.793922413793,3.82683620689655
"5572",557.1,25.294402,-175.68224137931,3.82793103448276
"5573",557.2,25.329028,-175.713762886598,3.828
"5574",557.3,25.342648,-175.81588,3.828
"5575",557.4,25.3126672932331,-175.890069306931,3.828
"5576",557.5,25.3024608955224,-175.642818181818,3.828
"5577",557.6,25.305904,-175.69805,3.82703
"5578",557.7,25.3008475247525,-175.625823529412,3.82890196078431
"5579",557.8,25.3317689,-175.674346938775,3.8270612244898
"5580",557.9,25.3267318181818,-175.6566,3.82797
"5581",558,25.330158358209,-175.87328,3.82897
"5582",558.1,25.360058,-175.77621,3.82803
"5583",558.2,25.347888,-175.75651,3.828
"5584",558.3,25.313388,-175.59401,3.828
"5585",558.4,25.2932215789474,-175.68697,3.828
"5586",558.5,25.2762226865672,-175.525017094017,3.82965811965812
"5587",558.6,25.2780006015038,-175.669181818182,3.82818181818182
"5588",558.7,25.2816840298507,-175.527210526316,3.82606315789474
"5589",558.8,25.296406,-175.558495049505,3.82792079207921
"5590",558.9,25.29302,-175.37952,3.82896
"5591",559,25.2878903960396,-175.567254237288,3.82818644067797
"5592",559.1,25.2773070454546,-175.381851851852,3.828
"5593",559.2,25.2860273134328,-175.443151785714,3.828
"5594",559.3,25.26801,-175.465460674157,3.828
"5595",559.4,25.24593,-175.713626168224,3.82710280373832
"5596",559.5,25.261356,-175.741053191489,3.82889361702128
"5597",559.6,25.2583724242424,-175.608575757576,3.82708080808081
"5598",559.7,25.2468504477612,-175.686320754717,3.82790566037736
"5599",559.8,25.2282971,-175.8273,3.8262
"5600",559.9,25.2113831,-175.782582524272,3.82774757281553
"5601",560,25.2109762,-175.472846153846,3.828
"5602",560.1,25.2105464661654,-175.5838,3.828
"5603",560.2,25.2156352238806,-175.576393939394,3.828
"5604",560.3,25.2144381203008,-175.664339285714,3.828
"5605",560.4,25.2288029411765,-175.705717391304,3.828
"5606",560.5,25.2534,-175.613082474227,3.8299175257732
"5607",560.6,25.2558187969925,-175.7866,3.82904
"5608",560.7,25.2737085074627,-175.710923076923,3.82623076923077
"5609",560.8,25.2713615151515,-175.596505263158,3.82793684210526
"5610",560.9,25.2558132835821,-175.442745098039,3.828
"5611",561,25.2657372,-175.546313131313,3.828
"5612",561.1,25.3010851,-175.69884,3.828
"5613",561.2,25.2871652475248,-175.679787878788,3.8289696969697
"5614",561.3,25.276193030303,-175.4171,3.83191
"5615",561.4,25.2894629411765,-175.4381,3.82909
"5616",561.5,25.2412231313131,-175.48944,3.82803
"5617",561.6,25.2088976,-175.639861386139,3.83088118811881
"5618",561.7,25.2353732,-175.56344,3.82812
"5619",561.8,25.2417477443609,-175.59168,3.828
"5620",561.9,25.213644117647,-175.57568852459,3.828
"5621",562,25.1783444444444,-175.710461538461,3.828
"5622",562.1,25.1717128,-175.801393939394,3.828
"5623",562.2,25.1931905,-175.65559,3.82897
"5624",562.3,25.2071001503759,-175.49095,3.82706
"5625",562.4,25.2063379104477,-175.62374,3.82797
"5626",562.5,25.1810397727273,-175.447445544555,3.8289603960396
"5627",562.6,25.1756976470588,-175.732848484849,3.829
"5628",562.7,25.2000087,-175.406821782178,3.8280396039604
"5629",562.8,25.1880839,-175.503545454545,3.828
"5630",562.9,25.1833216831683,-175.720081967213,3.828
"5631",563,25.1810051515152,-175.512974683544,3.828
"5632",563.1,25.2035217647059,-175.540696969697,3.8270303030303
"5633",563.2,25.182822,-175.51581,3.827
"5634",563.3,25.174376,-175.433366336634,3.8279603960396
"5635",563.4,25.179442,-175.23416,3.82896
"5636",563.5,25.1877221212121,-175.342363636364,3.8280303030303
"5637",563.6,25.2124741176471,-175.66100990099,3.828
"5638",563.7,25.2321453061225,-175.593515151515,3.828
"5639",563.8,25.22777,-175.389316831683,3.828
"5640",563.9,25.230961,-175.38003030303,3.8289696969697
"5641",564,25.2153210526316,-175.450008695652,3.82815652173913
"5642",564.1,25.1889239705882,-175.485188235294,3.82703529411765
"5643",564.2,25.2152809848485,-175.43265,3.82991
"5644",564.3,25.2293180882353,-175.386230769231,3.82906730769231
"5645",564.4,25.2354123,-175.27645631068,3.829
"5646",564.5,25.2300009774436,-175.121774193548,3.82803225806452
"5647",564.6,25.227121641791,-175.22758,3.828
"5648",564.7,25.2144549242424,-175.49387,3.828
"5649",564.8,25.2080308823529,-175.39062962963,3.828
"5650",564.9,25.2091538383838,-175.380840425532,3.828
"5651",565,25.2134776,-175.422262626263,3.82991919191919
"5652",565.1,25.2199931683168,-175.318495049505,3.82714851485149
"5653",565.2,25.2034745522388,-175.223782608696,3.82782608695652
"5654",565.3,25.1837898529412,-175.342831325301,3.82896385542169
"5655",565.4,25.2013387878788,-175.279811881188,3.8280396039604
"5656",565.5,25.201224,-175.563099009901,3.828
"5657",565.6,25.206522,-175.072292929292,3.828
"5658",565.7,25.211646969697,-175.239377358491,3.828
"5659",565.8,25.2032940298507,-175.281021276596,3.82704255319149
"5660",565.9,25.198,-175.26184,3.82892
"5661",566,25.2050796039604,-175.25716,3.82612
"5662",566.1,25.2178562626263,-175.50852,3.82888
"5663",566.2,25.208592238806,-175.30876,3.829
"5664",566.3,25.229956969697,-175.10032,3.82804
"5665",566.4,25.2225178947368,-175.22064,3.828
"5666",566.5,25.2065535294118,-175.20968,3.828
"5667",566.6,25.2039192929293,-175.08804,3.828
"5668",566.7,25.205113960396,-175.2846,3.828
"5669",566.8,25.2011464,-175.179676691729,3.82872180451128
"5670",566.9,25.2097491729323,-175.200909090909,3.82995454545454
"5671",567,25.2263504477612,-175.346138613861,3.82807920792079
"5672",567.1,25.1844629292929,-175.30208,3.82704
"5673",567.2,25.1634747524752,-175.388677966102,3.82781355932203
"5674",567.3,25.1746561616162,-175.169222222222,3.828
"5675",567.4,25.1768947368421,-175.15612,3.828
"5676",567.5,25.1928427941176,-175.389376237624,3.828
"5677",567.6,25.179565050505,-175.07803030303,3.8289696969697
"5678",567.7,25.1486152475248,-175.12426,3.829
"5679",567.8,25.1214622222222,-175.32485,3.82803
"5680",567.9,25.1366092537314,-175.299306930693,3.82607920792079
"5681",568,25.1861666666667,-175.0532,3.82888
"5682",568.1,25.169507368421,-175.1102,3.82612
"5683",568.2,25.1314455882352,-175.042411764706,3.82788235294117
"5684",568.3,25.1659853535354,-175.269163265306,3.828
"5685",568.4,25.1749043283582,-175.263792079208,3.828
"5686",568.5,25.180776060606,-175.2288,3.828
"5687",568.6,25.1562952631579,-175.4037,3.8299
"5688",568.7,25.1489856716418,-175.17502020202,3.82808080808081
"5689",568.8,25.1668664,-175.150742574257,3.828
"5690",568.9,25.1723526,-175.178983050847,3.82880508474576
"5691",569,25.1605474,-175.159707317073,3.82524390243902
"5692",569.1,25.1753976119403,-175.145525252525,3.82787878787879
"5693",569.2,25.2083301492537,-175.256207920792,3.828
"5694",569.3,25.1981851,-175.167,3.828
"5695",569.4,25.1770774,-175.259,3.828
"5696",569.5,25.1718645454546,-174.86405,3.82895
"5697",569.6,25.1817865671642,-175.1565,3.82805
"5698",569.7,25.1817406060606,-175.0913,3.828
"5699",569.8,25.259794,-174.99295,3.828
"5700",569.9,25.3191482,-174.997086956522,3.83130434782609
"5701",570,25.313998,-175.068523809524,3.82819047619048
"5702",570.1,25.3305515789474,-174.980752475247,3.828
"5703",570.2,25.338695,-175.091917431193,3.828
"5704",570.3,25.3132621052632,-175.023819047619,3.828
"5705",570.4,25.2965185294118,-174.971747368421,3.828
"5706",570.5,25.2907874,-175.20508,3.82886
"5707",570.6,25.2762844,-174.988866666666,3.82708888888889
"5708",570.7,25.2783952,-175.23716,3.827
"5709",570.8,25.2842894736842,-175.2528,3.827
"5710",570.9,25.2802644776119,-175.042837837838,3.827
"5711",571,25.2717978,-175.012865168539,3.82795505617977
"5712",571.1,25.2741756,-175.30676,3.828
"5713",571.2,25.2833312121212,-175.186504132232,3.828
"5714",571.3,25.2653228358209,-175.153898734177,3.828
"5715",571.4,25.2668746268657,-175.4036,3.82704
"5716",571.5,25.276217,-175.155176470588,3.82794117647059
"5717",571.6,25.2762556,-175.276676767677,3.828
"5718",571.7,25.2757768,-175.230386138614,3.828
"5719",571.8,25.258517368421,-174.995323232323,3.828
"5720",571.9,25.2234695454545,-175.024166666667,3.828
"5721",572,25.2005252631579,-175.224375,3.828
"5722",572.1,25.1849543283582,-175.167990566038,3.828
"5723",572.2,25.1970478,-175.243914285714,3.828
"5724",572.3,25.1678552631579,-175.172136363636,3.828
"5725",572.4,25.1645126865672,-175.106217821782,3.8270495049505
"5726",572.5,25.148209469697,-175.143445544554,3.82888118811881
"5727",572.6,25.1454013235294,-174.904673076923,3.82809615384615
"5728",572.7,25.1474166,-175.1625,3.8307
"5729",572.8,25.145188,-175.038466019418,3.8283786407767
"5730",572.9,25.1438974257426,-175.130423913044,3.828
"5731",573,25.1438431578947,-175.24625,3.828
"5732",573.1,25.1554568656716,-175.2349,3.828
"5733",573.2,25.1752914,-175.120171171171,3.828
"5734",573.3,25.2074194,-175.161136363636,3.82990909090909
"5735",573.4,25.2004488,-175.036251968504,3.82848818897638
"5736",573.5,25.1722405263158,-174.963297297297,3.82893243243243
"5737",573.6,25.161,-175.1016,3.82425
"5738",573.7,25.1526564356436,-175.100949152542,3.82722033898305
"5739",573.8,25.1458498,-175.099950617284,3.828
"5740",573.9,25.1401394,-174.972633663366,3.828
"5741",574,25.1473536842105,-175.137,3.828
"5742",574.1,25.1476509090909,-174.9978,3.828
"5743",574.2,25.1600691729323,-174.936262626263,3.82608080808081
"5744",574.3,25.1663514705882,-174.9908,3.8276
"5745",574.4,25.154264,-174.867074074074,3.828
"5746",574.5,25.174129,-174.86085,3.8299
"5747",574.6,25.166329,-174.994162393162,3.82837606837607
"5748",574.7,25.1585836363637,-174.908,3.828
"5749",574.8,25.1447028358209,-174.917207920792,3.828
"5750",574.9,25.1411196,-174.856585858586,3.828
"5751",575,25.138124,-174.7916,3.828
"5752",575.1,25.1620312,-174.90708,3.82896
"5753",575.2,25.1542611278195,-174.91392,3.82804
"5754",575.3,25.1414965671642,-175.0532,3.82608
"5755",575.4,25.168495,-175.011905660377,3.82781132075472
"5756",575.5,25.1598223,-175.036680851064,3.828
"5757",575.6,25.1571492,-175.059333333333,3.828
"5758",575.7,25.1361251492537,-175.19218627451,3.828
"5759",575.8,25.1247740298507,-175.132148148148,3.828
"5760",575.9,25.1311445454546,-174.877466666667,3.828
"5761",576,25.1793623880597,-174.652910891089,3.828
"5762",576.1,25.1749401,-174.877271028037,3.82710280373832
"5763",576.2,25.1917017424242,-174.803391304348,3.82603260869565
"5764",576.3,25.2379959701492,-174.882660869565,3.82768695652174
"5765",576.4,25.2354066666667,-174.781674418605,3.828
"5766",576.5,25.2081611764706,-174.937584158416,3.828
"5767",576.6,25.2114028,-174.916252525253,3.828
"5768",576.7,25.2322728,-174.89004,3.828
"5769",576.8,25.2437738613861,-174.76804,3.82704
"5770",576.9,25.2208533834586,-174.81772,3.827
"5771",577,25.2157397058824,-174.74512,3.82796
"5772",577.1,25.2196081818182,-174.88504,3.82992
"5773",577.2,25.2290022772277,-174.9006,3.82808
"5774",577.3,25.2209746,-174.845754716981,3.82528301886792
"5775",577.4,25.2185378947368,-174.857234042553,3.82787234042553
"5776",577.5,25.25089,-174.9828,3.828
"5777",577.6,25.2619275757576,-174.905575757576,3.828
"5778",577.7,25.26475,-174.925453703704,3.828
"5779",577.8,25.2503222,-174.866086956522,3.82703260869565
"5780",577.9,25.222482406015,-174.89698,3.82797
"5781",578,25.2287379104478,-174.910345454545,3.82888181818182
"5782",578.1,25.2637146969697,-174.742578947368,3.82716842105263
"5783",578.2,25.2707226865672,-174.849021052632,3.83087368421052
"5784",578.3,25.272538,-174.774247524752,3.82811881188119
"5785",578.4,25.2752008,-174.745641509434,3.828
"5786",578.5,25.2564467326733,-174.855021276596,3.828
"5787",578.6,25.2505402272727,-174.919151515152,3.8270303030303
"5788",578.7,25.2801089552239,-175.005773109244,3.827
"5789",578.8,25.2583304,-175.015823529412,3.82791764705882
"5790",578.9,25.2669824,-174.799169811321,3.828
"5791",579,25.2749928,-174.891766666667,3.828
"5792",579.1,25.2592723308271,-174.803801980198,3.82896039603961
"5793",579.2,25.2565636764706,-174.734545454545,3.82812727272727
"5794",579.3,25.2486201010101,-174.652377777778,3.828
"5795",579.4,25.2486228,-174.778939393939,3.828
"5796",579.5,25.247434,-174.968356435644,3.828
"5797",579.6,25.2211321052632,-174.743272727273,3.8270303030303
"5798",579.7,25.2365573134328,-174.684138613861,3.82892079207921
"5799",579.8,25.233,-174.741151515152,3.8280303030303
"5800",579.9,25.2371964179104,-174.688257425743,3.828
"5801",580,25.253432,-174.69272,3.82896
"5802",580.1,25.2827121804512,-174.70644,3.82804
"5803",580.2,25.3144155223881,-174.8414,3.828
"5804",580.3,25.2685530827068,-174.59932,3.828
"5805",580.4,25.2507788235294,-174.6898,3.828
"5806",580.5,25.2482666666667,-174.699702970297,3.828
"5807",580.6,25.2300865,-174.783484848485,3.828
"5808",580.7,25.2418927722772,-174.736575757576,3.828
"5809",580.8,25.2535615789474,-174.697544554455,3.8270396039604
"5810",580.9,25.2483202941176,-174.531076923077,3.82535897435897
"5811",581,25.2545370707071,-174.646337349398,3.82975903614458
"5812",581.1,25.2443908,-174.579517241379,3.82834482758621
"5813",581.2,25.2209452,-174.698285714286,3.828
"5814",581.3,25.2144829323308,-174.656094339623,3.828
"5815",581.4,25.2505401492537,-174.7698,3.828
"5816",581.5,25.2247788888889,-174.818052631579,3.82894736842105
"5817",581.6,25.206341,-174.659575471698,3.829
"5818",581.7,25.2059075,-174.683107526882,3.829
"5819",581.8,25.2043527067669,-174.80308,3.82804
"5820",581.9,25.1948592537314,-174.796363636364,3.82315151515152
"5821",582,25.1847679545455,-174.731036697248,3.82744954128441
"5822",582.1,25.2083657352941,-174.625434782609,3.828
"5823",582.2,25.2101605,-174.734454545454,3.828
"5824",582.3,25.2338945,-174.755287128713,3.828
"5825",582.4,25.2640677227723,-174.778303030303,3.828
"5826",582.5,25.23648,-174.574121495327,3.828
"5827",582.6,25.2111447761194,-174.556829787234,3.82895744680851
"5828",582.7,25.1964333333333,-174.54068,3.82708
"5829",582.8,25.1983695,-174.6744,3.827
"5830",582.9,25.2095005,-174.6544,3.827
"5831",583,25.2201522556391,-174.7487,3.82795
"5832",583.1,25.2456623529412,-174.67336,3.828
"5833",583.2,25.2300933333333,-174.6412,3.828
"5834",583.3,25.2278165,-174.5776,3.82896
"5835",583.4,25.2223085,-174.719,3.82804
"5836",583.5,25.212125037594,-174.635653465347,3.82609900990099
"5837",583.6,25.1884282089552,-174.546555555555,3.82791919191919
"5838",583.7,25.181535037594,-174.621545454545,3.82412121212121
"5839",583.8,25.1849629850746,-174.747891089109,3.82688118811881
"5840",583.9,25.1649281818182,-174.75492,3.82796
"5841",584,25.1523655223881,-174.52556,3.828
"5842",584.1,25.17359,-174.423801980198,3.828
"5843",584.2,25.1738487969925,-174.468565217391,3.828
"5844",584.3,25.1501586764706,-174.904060240964,3.82703614457831
"5845",584.4,25.15078,-174.50193,3.827
"5846",584.5,25.1593803960396,-174.63547,3.82894
"5847",584.6,25.149651,-174.657287128713,3.8280396039604
"5848",584.7,25.1426518656716,-174.608545454545,3.8270303030303
"5849",584.8,25.1441797014925,-174.80682,3.82797
"5850",584.9,25.1241511111111,-174.61512,3.828
"5851",585,25.118388019802,-174.696490196078,3.828
"5852",585.1,25.1442388888889,-174.671092592593,3.828
"5853",585.2,25.1793645522388,-174.513076923077,3.82704395604396
"5854",585.3,25.2178966666667,-174.703702970297,3.8279504950495
"5855",585.4,25.15685,-174.652928571429,3.8270306122449
"5856",585.5,25.160287,-174.741343137255,3.82890196078431
"5857",585.6,25.1558672727273,-174.668871287129,3.82805940594059
"5858",585.7,25.1487429850746,-174.932707070707,3.828
"5859",585.8,25.1597127272727,-174.765465346535,3.828
"5860",585.9,25.1396596240602,-174.873709401709,3.82719658119658
"5861",586,25.1420439705882,-174.712211111111,3.82785555555556
"5862",586.1,25.1366118181818,-174.916142857143,3.82704395604395
"5863",586.2,25.1472183168317,-174.500227722772,3.8279504950495
"5864",586.3,25.1360335,-174.642090909091,3.828
"5865",586.4,25.129767593985,-174.623336633663,3.82514851485148
"5866",586.5,25.1505980597015,-174.53555,3.8269
"5867",586.6,25.1527145454546,-174.568033898305,3.82780508474576
"5868",586.7,25.1745584158416,-174.64449382716,3.828
"5869",586.8,25.1763635,-174.737346534653,3.828
"5870",586.9,25.1432856390977,-174.607656565657,3.8270404040404
"5871",587,25.1073582352941,-174.450373831776,3.82789719626168
"5872",587.1,25.1373122222222,-174.638457446809,3.828
"5873",587.2,25.1387155,-174.728686868687,3.8270404040404
"5874",587.3,25.1433981818182,-174.368910891089,3.8260495049505
"5875",587.4,25.1529331343284,-174.50105,3.82505
"5876",587.5,25.1479927272727,-174.6135,3.82785
"5877",587.6,25.1827096240602,-174.6418,3.828
"5878",587.7,25.2106791044776,-174.44635,3.828
"5879",587.8,25.235756,-174.522534653465,3.828
"5880",587.9,25.2572323308271,-174.395632653061,3.82704081632653
"5881",588,25.2642636363636,-174.325366336634,3.8279504950495
"5882",588.1,25.2521914285714,-174.462043103448,3.82636206896552
"5883",588.2,25.24625,-174.50156626506,3.82790361445783
"5884",588.3,25.2336858,-174.71128,3.82704
"5885",588.4,25.2405968,-174.41856,3.82796
"5886",588.5,25.2072562,-174.644315789474,3.828
"5887",588.6,25.2060501492537,-174.709735632184,3.828
"5888",588.7,25.2358005970149,-174.5362,3.828
"5889",588.8,25.2210155,-174.527887850467,3.828
"5890",588.9,25.194283,-174.667096774194,3.828
"5891",589,25.2114227272727,-174.507070707071,3.8270404040404
"5892",589.1,25.2056653731343,-174.491529411765,3.82605882352941
"5893",589.2,25.2269054545455,-174.663808080808,3.82789898989899
"5894",589.3,25.219059,-174.32435,3.828
"5895",589.4,25.2301488,-174.456656565657,3.828
"5896",589.5,25.2307286,-174.356333333333,3.828
"5897",589.6,25.2383172180451,-174.434460784314,3.828
"5898",589.7,25.2786453030303,-174.496611764706,3.828
"5899",589.8,25.2645451879699,-174.539428571429,3.8289387755102
"5900",589.9,25.2737967647059,-174.38502,3.82806
"5901",590,25.2863264,-174.556345132743,3.82716814159292
"5902",590.1,25.2666514,-174.374488372093,3.82511627906977
"5903",590.2,25.2500492,-174.475904761905,3.82680952380952
"5904",590.3,25.2595803759398,-174.4345625,3.8279375
"5905",590.4,25.2579707462686,-174.235326530612,3.828
"5906",590.5,25.2350308,-174.496940594059,3.828
"5907",590.6,25.2378292,-174.3248,3.82705
"5908",590.7,25.216881010101,-174.43375,3.82795
"5909",590.8,25.2339596268657,-174.34595,3.8261
"5910",590.9,25.2961064179104,-174.35145,3.826
"5911",591,25.2559662,-174.2228,3.826
"5912",591.1,25.2454936,-174.38605,3.8298
"5913",591.2,25.2698384,-174.1765,3.8281
"5914",591.3,25.2668846616541,-174.1498,3.828
"5915",591.4,25.2473106060606,-174.197910891089,3.828
"5916",591.5,25.2714160150376,-174.26398,3.828
"5917",591.6,25.2629007462687,-174.372966666667,3.82721666666667
"5918",591.7,25.2680699,-174.4834,3.827925
"5919",591.8,25.2295646616541,-174.225009523809,3.828
"5920",591.9,25.1788731343284,-174.284816326531,3.828
"5921",592,25.188238030303,-174.353103092784,3.82987628865979
"5922",592.1,25.1680798529411,-174.42562,3.82812
"5923",592.2,25.1387175,-174.331204081633,3.82704081632653
"5924",592.3,25.1415599,-174.259235294118,3.82794117647059
"5925",592.4,25.146140990099,-174.245505050505,3.828
"5926",592.5,25.1317003007519,-174.4046,3.8261
"5927",592.6,25.1215320895523,-174.515524752475,3.82788118811881
"5928",592.7,25.1461074,-174.375777777778,3.828
"5929",592.8,25.1440504,-174.404464646465,3.828
"5930",592.9,25.169021,-174.338514851485,3.8270495049505
"5931",593,25.1988412781955,-174.37205,3.82795
"5932",593.1,25.1913101515151,-174.415262626263,3.828
"5933",593.2,25.1647788118812,-174.402882352941,3.828
"5934",593.3,25.158729,-174.27341509434,3.828
"5935",593.4,25.1478818,-174.309608695652,3.82704347826087
"5936",593.5,25.1473741353384,-174.319260504202,3.82619327731092
"5937",593.6,25.1559504477612,-174.521580246914,3.826
"5938",593.7,25.1606907575758,-174.51203960396,3.82790099009901
"5939",593.8,25.1677305882353,-174.287130434783,3.82717391304348
"5940",593.9,25.189768,-174.484705882353,3.82888235294118
"5941",594,25.245214,-174.253365384615,3.82808653846154
"5942",594.1,25.2619662,-174.344898989899,3.828
"5943",594.2,25.2649468181818,-174.351206185567,3.828
"5944",594.3,25.2657804477612,-174.260567307692,3.828
"5945",594.4,25.2928022,-174.358166666667,3.828
"5946",594.5,25.2863149,-174.048189189189,3.828
"5947",594.6,25.2655805,-173.99675,3.828
"5948",594.7,25.2451876691729,-174.091695652174,3.82513043478261
"5949",594.8,25.2509271641791,-174.084654545455,3.82849090909091
"5950",594.9,25.268717,-174.25878021978,3.82805494505494
"5951",595,25.2584901,-174.29845,3.82705
"5952",595.1,25.2548864,-173.9029,3.827
"5953",595.2,25.238352238806,-174.26105,3.827
"5954",595.3,25.2296714925373,-174.178761904762,3.82519047619048
"5955",595.4,25.2468565151515,-174.126829787234,3.82787234042553
"5956",595.5,25.2565002985075,-174.089235294118,3.82705882352941
"5957",595.6,25.2473969,-174.018636363636,3.8279494949495
"5958",595.7,25.2489810526316,-174.063910891089,3.82705940594059
"5959",595.8,25.2469391044776,-174.154673076923,3.82790384615385
"5960",595.9,25.24855,-174.0130625,3.828
"5961",596,25.2179625,-173.947296296296,3.828
"5962",596.1,25.2250097,-174.140622222222,3.828
"5963",596.2,25.218747979798,-174.26596039604,3.8270495049505
"5964",596.3,25.1987317821782,-174.24065,3.82795
"5965",596.4,25.2044554135338,-174.170886792453,3.82710377358491
"5966",596.5,25.2246297058823,-174.226436170213,3.82794680851064
"5967",596.6,25.2052824242424,-174.01815,3.82895
"5968",596.7,25.1971916831683,-174.2483,3.82805
"5969",596.8,25.188171,-174.1641,3.828
"5970",596.9,25.2058068421053,-173.9595,3.828
"5971",597,25.2212158208955,-173.936525252525,3.828
"5972",597.1,25.2301062626263,-174.038564102564,3.82717948717949
"5973",597.2,25.2487734,-173.943831460674,3.827
"5974",597.3,25.2495468,-173.903421052632,3.82605263157895
"5975",597.4,25.2464183458647,-174.013559633028,3.82687155963303
"5976",597.5,25.2654188059701,-174.035608695652,3.827
"5977",597.6,25.2378466666667,-173.97903030303,3.8279494949495
"5978",597.7,25.2389755223881,-173.97885,3.828
"5979",597.8,25.2347808,-174.16425,3.828
"5980",597.9,25.2363292481203,-174.0676,3.82705
"5981",598,25.2318897014925,-174.043188118812,3.82794059405941
"5982",598.1,25.2328518181818,-174.112262626263,3.828
"5983",598.2,25.2333329411764,-174.09415,3.82895
"5984",598.3,25.2470436363636,-174.1405,3.829
"5985",598.4,25.2330895,-174.15345,3.82805
"5986",598.5,25.2578456435643,-173.936722772277,3.828
"5987",598.6,25.2674142105263,-173.836673469388,3.828
"5988",598.7,25.2445366176471,-174.13348,3.828
"5989",598.8,25.2519025252525,-174.079465346535,3.828
"5990",598.9,25.2786964,-174.174991596639,3.828
"5991",599,25.291706,-174.1183,3.828
"5992",599.1,25.2871537593985,-174.01261682243,3.82710280373832
"5993",599.2,25.2798388059702,-174.056505376344,3.827
"5994",599.3,25.2507696969697,-174.062801980198,3.8260495049505
"5995",599.4,25.2549638613861,-173.9661,3.82695
"5996",599.5,25.2712627272727,-174.09495,3.82795
"5997",599.6,25.2486705970149,-173.9044,3.828
"5998",599.7,25.2457468181818,-174.04125,3.828
"5999",599.8,25.2767547368421,-173.946083333333,3.82712037037037
"6000",599.9,25.3004247058824,-173.989382978723,3.82885106382979
"6001",600,25.2800178787879,-173.882020408163,3.82615306122449
"6002",600.1,25.2711088,-173.91875,3.8279
"6003",600.2,25.262666039604,-174.025595959596,3.8270404040404
"6004",600.3,25.2524856390977,-173.911188118812,3.8279504950495
"6005",600.4,25.2416167647059,-173.66702020202,3.8270404040404
"6006",600.5,25.2565438383838,-173.799574257426,3.827
"6007",600.6,25.2556496,-173.8355,3.827
"6008",600.7,25.2299928712871,-173.7534,3.827
"6009",600.8,25.2163263909774,-173.8592,3.82795
"6010",600.9,25.1914688059701,-173.7643,3.82705
"6011",601,25.222524040404,-173.592514851485,3.82794059405941
"6012",601.1,25.2261730693069,-173.54496969697,3.82610101010101
"6013",601.2,25.2029602040816,-173.723404040404,3.82791919191919
"6014",601.3,25.1985,-173.799435643564,3.8270495049505
"6015",601.4,25.1989280597015,-173.977646464646,3.8279595959596
"6016",601.5,25.1703715789474,-173.817470588235,3.82705882352941
"6017",601.6,25.1751764179104,-173.686266055046,3.8278623853211
"6018",601.7,25.1671511,-173.754575757576,3.82628282828283
"6019",601.8,25.1991160447761,-173.778450549451,3.826
"6020",601.9,25.2432568181818,-173.71155,3.8298
"6021",602,25.2452715789474,-173.53985,3.82715
"6022",602.1,25.2405719402985,-173.49395,3.82795
"6023",602.2,25.2402603030303,-173.64914953271,3.828
"6024",602.3,25.2202349504951,-173.629,3.828
"6025",602.4,25.182851,-173.610782178218,3.82711881188119
"6026",602.5,25.1501297014925,-173.563127659574,3.827
"6027",602.6,25.1726938805971,-173.671090909091,3.827
"6028",602.7,25.2194045454545,-173.626141414141,3.82891919191919
"6029",602.8,25.201992254902,-173.645647058824,3.82617647058823
"6030",602.9,25.216511010101,-173.570090909091,3.82884848484849
"6031",603,25.2312291044776,-173.691565217391,3.829
"6032",603.1,25.2063396969697,-173.651483146067,3.8281011235955
"6033",603.2,25.2017452,-173.5985,3.82707142857143
"6034",603.3,25.2189796,-173.570326530612,3.82794897959184
"6035",603.4,25.203786969697,-173.5671,3.82705
"6036",603.5,25.1965844776119,-173.624745098039,3.827
"6037",603.6,25.2005300000001,-173.516071428571,3.82510204081633
"6038",603.7,25.2275610526316,-173.764264705882,3.825
"6039",603.8,25.2027656716418,-173.496484848485,3.82593939393939
"6040",603.9,25.1809596,-173.69326,3.82788
"6041",604,25.17003,-173.52276,3.82706
"6042",604.1,25.1733717,-173.66704,3.827
"6043",604.2,25.1867516296296,-173.70802,3.82794
"6044",604.3,25.2188914925373,-173.641426229508,3.82722950819672
"6045",604.4,25.2217387,-173.670846153846,3.82792307692308
"6046",604.5,25.2179226,-173.616019607843,3.828
"6047",604.6,25.2329227272727,-173.544346938775,3.8270612244898
"6048",604.7,25.2295703007519,-173.652140350877,3.827
"6049",604.8,25.2076068181818,-173.507287128713,3.82620792079208
"6050",604.9,25.2090657,-173.496857142857,3.82882142857143
"6051",605,25.2289527722772,-173.581923728814,3.82738983050847
"6052",605.1,25.2259536363636,-173.521652173913,3.827
"6053",605.2,25.2120140298507,-173.490120879121,3.82793406593406
"6054",605.3,25.1953018181818,-173.57172,3.828
"6055",605.4,25.1817105263158,-173.644414141414,3.828
"6056",605.5,25.1626247761194,-173.57162745098,3.82706862745098
"6057",605.6,25.187584949495,-173.599818181818,3.82512121212121
"6058",605.7,25.1961677777778,-173.62738,3.82688
"6059",605.8,25.1812704545455,-173.582474747475,3.8279494949495
"6060",605.9,25.1762031578947,-173.52775,3.82705
"6061",606,25.1980289552239,-173.494125,3.82779166666667
"6062",606.1,25.1917055,-173.644333333333,3.828
"6063",606.2,25.1982084,-173.73408,3.82706
"6064",606.3,25.189748,-173.459848484848,3.8279494949495
"6065",606.4,25.1773525373134,-173.532761904762,3.82709523809524
"6066",606.5,25.187957761194,-173.572,3.828875
"6067",606.6,25.248102,-173.652178217822,3.82806930693069
"6068",606.7,25.2855457425743,-173.658902912621,3.82890291262136
"6069",606.8,25.2873582828283,-173.640650485437,3.82725242718447
"6070",606.9,25.2688105970149,-173.521582733813,3.827
"6071",607,25.2478351515152,-173.546476190476,3.8277619047619
"6072",607.1,25.2820944,-173.433087912088,3.82706593406593
"6073",607.2,25.2844657575758,-173.46812,3.827
"6074",607.3,25.2636193,-173.509495238095,3.827
"6075",607.4,25.2625905263158,-173.507442105263,3.82793684210526
"6076",607.5,25.2857351515151,-173.460465346535,3.828
"6077",607.6,25.2694361654135,-173.398757575758,3.82612121212121
"6078",607.7,25.2652789552239,-173.352106796117,3.82691262135922
"6079",607.8,25.297105,-173.496571428571,3.82792857142857
"6080",607.9,25.28121,-173.514642857143,3.82705102040816
"6081",608,25.2636,-173.645505050505,3.827
"6082",608.1,25.291617761194,-173.600176470588,3.827
"6083",608.2,25.3125511940299,-173.658717171717,3.8279494949495
"6084",608.3,25.291778,-173.46535,3.828
"6085",608.4,25.3035113,-173.544242424242,3.828
"6086",608.5,25.3098608,-173.550851485148,3.82609900990099
"6087",608.6,25.2729831578947,-173.609535353535,3.82887878787879
"6088",608.7,25.2584703030303,-173.337306930693,3.82709900990099
"6089",608.8,25.258215,-173.445828282828,3.827
"6090",608.9,25.2598489108911,-173.581217821782,3.827
"6091",609,25.2710809,-173.396080808081,3.827
"6092",609.1,25.2737268421053,-173.337623762376,3.82890099009901
"6093",609.2,25.2701403030303,-173.26945,3.82805
"6094",609.3,25.2785366917293,-173.4636,3.82705
"6095",609.4,25.2622765671642,-173.394035971223,3.82836690647482
"6096",609.5,25.27346,-173.484111111111,3.82544444444444
"6097",609.6,25.2987172180451,-173.341242424242,3.82687878787879
"6098",609.7,25.3074071641791,-173.51805050505,3.827
"6099",609.8,25.2939839393939,-173.428202020202,3.827
"6100",609.9,25.2880746268657,-173.352,3.827
"6101",610,25.2939263,-173.354189189189,3.82613513513513
"6102",610.1,25.288613,-173.448595505618,3.82886516853933
"6103",610.2,25.2815075247525,-173.36276,3.82708
"6104",610.3,25.2685945864662,-173.49148,3.827
"6105",610.4,25.2608802985075,-173.39044,3.82796
"6106",610.5,25.27354,-173.292482758621,3.8271724137931
"6107",610.6,25.2911647524753,-173.232047619048,3.827
"6108",610.7,25.3228313,-173.31241509434,3.827
"6109",610.8,25.32339,-173.460175257732,3.827
"6110",610.9,25.3080962686567,-173.383470588235,3.82778151260504
"6111",611,25.2711514141414,-173.257487179487,3.828
"6112",611.1,25.275825,-173.276712871287,3.8289504950495
"6113",611.2,25.2787,-173.20675,3.829
"6114",611.3,25.2692938345865,-173.60865,3.82995
"6115",611.4,25.2783504477612,-173.31745,3.82715
"6116",611.5,25.2861596969697,-173.539910891089,3.827
"6117",611.6,25.2626546268657,-173.417323232323,3.827
"6118",611.7,25.2622402,-173.40525,3.827
"6119",611.8,25.2650617,-173.338032786885,3.82777868852459
"6120",611.9,25.2871434653466,-173.536128205128,3.8270641025641
"6121",612,25.2863997744361,-173.31445,3.82605
"6122",612.1,25.2457847761194,-173.319871287129,3.82788118811881
"6123",612.2,25.25109,-173.242191919192,3.828
"6124",612.3,25.25763,-173.185222222222,3.828
"6125",612.4,25.25674,-173.27036,3.82704
"6126",612.5,25.2650660150376,-173.376653465347,3.827
"6127",612.6,25.2547586567164,-173.174868852459,3.82777868852459
"6128",612.7,25.257192020202,-173.107467532468,3.828
"6129",612.8,25.2956055445544,-173.367435643564,3.8289504950495
"6130",612.9,25.333115,-173.495191919192,3.82708080808081
"6131",613,25.349092556391,-173.26864,3.82892
"6132",613.1,25.3517595522388,-173.3598,3.829
"6133",613.2,25.3407571212121,-173.370653465347,3.8280495049505
"6134",613.3,25.3270826865672,-173.285595959596,3.8270404040404
"6135",613.4,25.3538201,-173.215288135593,3.827
"6136",613.5,25.3683063157895,-173.24886746988,3.827
"6137",613.6,25.361747761194,-173.248161616162,3.827
"6138",613.7,25.3417759090909,-173.231841584158,3.8279504950495
"6139",613.8,25.3549275,-173.345,3.8261
"6140",613.9,25.3714866666667,-173.284217821782,3.82882178217822
"6141",614,25.3630696,-173.28094949495,3.82710101010101
"6142",614.1,25.3542754455446,-173.2563,3.827
"6143",614.2,25.363132481203,-173.387623762376,3.827
"6144",614.3,25.3618173529412,-173.346036036036,3.827
"6145",614.4,25.3699261616162,-173.135159090909,3.827
"6146",614.5,25.3829799009901,-173.045871287129,3.827
"6147",614.6,25.371695,-173.248327102804,3.8278785046729
"6148",614.7,25.3633560902256,-173.189121212121,3.828
"6149",614.8,25.356627761194,-173.161860215054,3.828
"6150",614.9,25.367578989899,-173.1553,3.828
"6151",615,25.3831327722772,-173.182260869565,3.82717391304348
"6152",615.1,25.3721524242424,-173.32288372093,3.827
"6153",615.2,25.382604962406,-173.328252525253,3.827
"6154",615.3,25.4163119402985,-173.25675,3.827
"6155",615.4,25.391892406015,-173.343297029703,3.82794059405941
"6156",615.5,25.382601641791,-173.1234,3.82714545454545
"6157",615.6,25.3845715151515,-173.232466666667,3.82886666666667
"6158",615.7,25.4000636,-172.983787878788,3.8280505050505
"6159",615.8,25.3763298019802,-173.22935,3.82705
"6160",615.9,25.3583305263158,-173.395,3.8308
"6161",616,25.3724511764706,-173.0971,3.8272
"6162",616.1,25.3727498989899,-173.0601,3.827
"6163",616.2,25.3678995,-173.170379310345,3.827
"6164",616.3,25.3852063,-173.329764705882,3.827
"6165",616.4,25.3767116541353,-173.264224489796,3.827
"6166",616.5,25.3457073134328,-173.25812,3.82796
"6167",616.6,25.3640548484849,-173.288415841584,3.82609900990099
"6168",616.7,25.3861684158416,-173.12565,3.82695
"6169",616.8,25.3815907,-173.268616161616,3.827
"6170",616.9,25.3688510526316,-173.325051282051,3.82535897435897
"6171",617,25.3392947761194,-173.33505952381,3.82688095238095
"6172",617.1,25.3236990909091,-173.017115384615,3.827
"6173",617.2,25.3514242647059,-173.07893814433,3.827
"6174",617.3,25.3482309090909,-173.09534,3.827
"6175",617.4,25.3238446616541,-173.05011023622,3.827
"6176",617.5,25.3074705970149,-173.177305555556,3.82606944444444
"6177",617.6,25.3302462406015,-173.2298,3.826
"6178",617.7,25.3220120895522,-173.243287128713,3.82882178217822
"6179",617.8,25.3326093939394,-173.305145631068,3.82808737864078
"6180",617.9,25.3219127722772,-173.180597938144,3.8270618556701
"6181",618,25.3075252,-172.99998,3.827
"6182",618.1,25.3264118045113,-173.164098039216,3.827
"6183",618.2,25.3481572058824,-173.338591836735,3.827
"6184",618.3,25.3308975757576,-173.289181818182,3.827
"6185",618.4,25.3409534653465,-173.383878787879,3.82987878787879
"6186",618.5,25.3697743,-173.279643564356,3.8290495049505
"6187",618.6,25.3520687313433,-173.40795,3.829
"6188",618.7,25.3217286363636,-173.180792079208,3.82617821782178
"6189",618.8,25.3364576,-173.01278,3.82694
"6190",618.9,25.3538083,-172.97249122807,3.827
"6191",619,25.36472,-172.915176470588,3.827
"6192",619.1,25.3237265671642,-173.02125,3.827
"6193",619.2,25.2623854545455,-172.932904761905,3.827
"6194",619.3,25.2412018045113,-172.990263157895,3.82794736842105
"6195",619.4,25.2226482089552,-173.019909090909,3.828
"6196",619.5,25.2197255555556,-173.064722772277,3.82609900990099
"6197",619.6,25.2168117821782,-173.0062,3.82505
"6198",619.7,25.2160944,-173.034666666667,3.82691919191919
"6199",619.8,25.2261013533835,-173.03216,3.827
"6200",619.9,25.2349388059702,-172.95808,3.827
"6201",620,25.2196384,-172.8926,3.827
"6202",620.1,25.2173752,-173.00232,3.82796
"6203",620.2,25.2370987878788,-173.02600990099,3.828
"6204",620.3,25.2344235074627,-172.942,3.828
"6205",620.4,25.2115013432836,-173.026964705882,3.82704705882353
"6206",620.5,25.2131936,-172.902732673267,3.82414851485148
"6207",620.6,25.2153025742574,-172.92925,3.82685
"6208",620.7,25.2179081818182,-172.8835,3.827
"6209",620.8,25.2313502985075,-172.854864864865,3.827
"6210",620.9,25.2344390909091,-173.026252873563,3.827
"6211",621,25.2287916541353,-172.976475806452,3.82776612903226
"6212",621.1,25.214891641791,-172.931842105263,3.82613157894737
"6213",621.2,25.2229565656565,-173.18935,3.82695
"6214",621.3,25.2693699253731,-173.103297029703,3.827
"6215",621.4,25.3065918181818,-172.919444444444,3.8279494949495
"6216",621.5,25.3080032330827,-172.939158415842,3.82705940594059
"6217",621.6,25.2856204477612,-173.0585,3.827
"6218",621.7,25.2746195049505,-172.872303030303,3.827
"6219",621.8,25.2505648,-173.044475247525,3.827
"6220",621.9,25.2515808,-173.020543859649,3.827
"6221",622,25.2699874626866,-173.007418604651,3.82793023255814
"6222",622.1,25.2805328358209,-172.920595959596,3.828
"6223",622.2,25.273896969697,-172.969088235294,3.82520588235294
"6224",622.3,25.259123960396,-173.172151515152,3.82781818181818
"6225",622.4,25.2738921212121,-172.977060606061,3.828
"6226",622.5,25.2845397014925,-173.01302970297,3.82705940594059
"6227",622.6,25.2707290909091,-173.057327586207,3.827
"6228",622.7,25.2624684,-172.984357142857,3.827
"6229",622.8,25.2681692,-172.94096969697,3.827
"6230",622.9,25.2766112,-172.87915,3.827
"6231",623,25.2737801503759,-172.997206896552,3.82618103448276
"6232",623.1,25.2835957575758,-173.113345238095,3.826
"6233",623.2,25.2827927819549,-172.93945,3.82695
"6234",623.3,25.2658919402985,-172.8502,3.8289
"6235",623.4,25.2655518,-172.99705,3.8271
"6236",623.5,25.2725289,-172.835693069307,3.827
"6237",623.6,25.2788355,-172.85884,3.827
"6238",623.7,25.2831917910448,-172.950179487179,3.827
"6239",623.8,25.2884550746269,-172.798518072289,3.82607228915663
"6240",623.9,25.2914164,-172.808072727273,3.826
"6241",624,25.2671188,-172.925443298969,3.82946391752577
"6242",624.1,25.2571009090909,-172.944870967742,3.8271935483871
"6243",624.2,25.2607247368421,-172.87638,3.82794
"6244",624.3,25.2592747761194,-172.9096,3.828
"6245",624.4,25.2475599,-173.06522,3.82706
"6246",624.5,25.2114213861386,-172.912787610619,3.827
"6247",624.6,25.2194836,-172.883724137931,3.827
"6248",624.7,25.2410740601504,-172.77778,3.827
"6249",624.8,25.2245331818182,-172.82552,3.82794
"6250",624.9,25.2064612781955,-172.853686868687,3.8289494949495
"6251",625,25.221302238806,-172.87115,3.82805
"6252",625.1,25.2308457,-172.81025,3.8261
"6253",625.2,25.2279543283582,-172.9552,3.8279
"6254",625.3,25.2210186363636,-172.85772972973,3.82714414414414
"6255",625.4,25.2205989473684,-172.832774193548,3.827
"6256",625.5,25.2152707462687,-172.932381443299,3.827
"6257",625.6,25.2213467,-172.831571428571,3.827
"6258",625.7,25.2169112121212,-172.792149425287,3.82605747126437
"6259",625.8,25.2034646534654,-172.751495049505,3.826
"6260",625.9,25.1910677443609,-172.81856,3.82882
"6261",626,25.1966237313433,-172.8418,3.82994
"6262",626.1,25.227242,-172.733808080808,3.82620202020202
"6263",626.2,25.2333479207921,-172.559111111111,3.82681196581197
"6264",626.3,25.2613572,-172.632568181818,3.827
"6265",626.4,25.2706072932331,-172.705125,3.827
"6266",626.5,25.2445519402985,-172.66294,3.827
"6267",626.6,25.2441577777778,-172.79442,3.82794
"6268",626.7,25.2427954,-172.63568,3.82706
"6269",626.8,25.2409906,-172.759828282828,3.827
"6270",626.9,25.243167443609,-172.79455,3.82795
"6271",627,25.2567870149254,-172.564613861386,3.82705940594059
"6272",627.1,25.2462551515151,-172.430128440367,3.827
"6273",627.2,25.238865522388,-172.555130434783,3.827
"6274",627.3,25.2374144,-172.849795918367,3.827
"6275",627.4,25.2397958,-172.59599009901,3.827
"6276",627.5,25.2365241584158,-172.63822,3.82606
"6277",627.6,25.2232397727273,-172.521940594059,3.82786138613861
"6278",627.7,25.2217611940299,-172.616333333333,3.82706060606061
"6279",627.8,25.2292378,-172.609901639344,3.827
"6280",627.9,25.2349314,-172.759230769231,3.82607692307692
"6281",628,25.2545428,-172.511759259259,3.82687037037037
"6282",628.1,25.2454463157894,-172.602,3.827
"6283",628.2,25.2030816417911,-172.633336633663,3.827
"6284",628.3,25.225327,-172.718606060606,3.827
"6285",628.4,25.2343116831683,-172.69700990099,3.82793069306931
"6286",628.5,25.2403617,-172.594484848485,3.82706060606061
"6287",628.6,25.2584681954887,-172.67072,3.82512
"6288",628.7,25.2683123880597,-172.661108910891,3.82686138613861
"6289",628.8,25.3124503787879,-172.52515,3.82793
"6290",628.9,25.3354248529412,-172.497151515152,3.82706060606061
"6291",629,25.3226170707071,-172.71972,3.827
"6292",629.1,25.3148814285714,-172.50088,3.827
"6293",629.2,25.3125226470588,-172.53864,3.827
"6294",629.3,25.322664962406,-172.52884,3.827
"6295",629.4,25.3356979104478,-172.57688,3.82606
"6296",629.5,25.3238312121212,-172.650732673267,3.826
"6297",629.6,25.316704,-172.637212121212,3.826
"6298",629.7,25.3193458,-172.589,3.82788
"6299",629.8,25.3395336842105,-172.620181818182,3.8270505050505
"6300",629.9,25.3693583823529,-172.697371900826,3.827
"6301",630,25.3673641414141,-172.705518072289,3.827
"6302",630.1,25.3434406930693,-172.534195876289,3.827
"6303",630.2,25.3194277,-172.58692,3.827
"6304",630.3,25.3262917293233,-172.795752475247,3.82793069306931
"6305",630.4,25.3462686567164,-172.760272727273,3.828
"6306",630.5,25.326811010101,-172.67898,3.82706
"6307",630.6,25.3482595049505,-172.63076,3.82794
"6308",630.7,25.3314298989899,-172.59604,3.828
"6309",630.8,25.3311356390977,-172.60913559322,3.82720338983051
"6310",630.9,25.3608164179104,-172.521049382716,3.827
"6311",631,25.339969924812,-172.65797029703,3.827
"6312",631.1,25.3283770149254,-172.6435,3.827
"6313",631.2,25.3367781818182,-172.813214285714,3.827
"6314",631.3,25.3327145,-172.696673684211,3.827
"6315",631.4,25.3363173267327,-172.754387096774,3.827
"6316",631.5,25.3427355639098,-172.65284,3.827
"6317",631.6,25.3453904477612,-172.6319,3.827
"6318",631.7,25.3290654545455,-172.497121212121,3.827
"6319",631.8,25.340845,-172.5736,3.827
"6320",631.9,25.353323,-172.798099009901,3.827
"6321",632,25.348360075188,-172.541393939394,3.8279494949495
"6322",632.1,25.3366538235294,-172.580729508197,3.82722131147541
"6323",632.2,25.33338,-172.493987179487,3.82512820512821
"6324",632.3,25.3419037623762,-172.53925,3.8288
"6325",632.4,25.355803,-172.28898019802,3.82805940594059
"6326",632.5,25.3414896992481,-172.34726,3.82518
"6327",632.6,25.3360117910448,-172.470686868687,3.82689898989899
"6328",632.7,25.357443880597,-172.491108910891,3.827
"6329",632.8,25.3373453731343,-172.377111111111,3.827
"6330",632.9,25.3409490909091,-172.63035,3.827
"6331",633,25.3631579104478,-172.4958,3.82795
"6332",633.1,25.3664036363636,-172.37795049505,3.82517821782178
"6333",633.2,25.3429804545454,-172.485888888889,3.82784848484848
"6334",633.3,25.3722101492537,-172.580480392157,3.82706862745098
"6335",633.4,25.3838677777778,-172.479909090909,3.82793939393939
"6336",633.5,25.3891949504951,-172.32448,3.82706
"6337",633.6,25.391259,-172.501306306306,3.827
"6338",633.7,25.3833453731343,-172.311822222222,3.827
"6339",633.8,25.3759749253731,-172.484693877551,3.827
"6340",633.9,25.3753208,-172.345980392157,3.827
"6341",634,25.3656231683168,-172.555163265306,3.827
"6342",634.1,25.3630751515152,-172.55100990099,3.827
"6343",634.2,25.3750546268657,-172.5218,3.82888
"6344",634.3,25.3796678787879,-172.291171717172,3.82615151515152
"6345",634.4,25.3979316,-172.345782178218,3.82788118811881
"6346",634.5,25.3893346,-172.33402,3.82706
"6347",634.6,25.3838763636364,-172.30856,3.827
"6348",634.7,25.3805582835821,-172.41402970297,3.827
"6349",634.8,25.3553177272727,-172.446673469388,3.827
"6350",634.9,25.3407587218045,-172.508454545455,3.82872727272727
"6351",635,25.3372088059702,-172.381663366337,3.82563366336634
"6352",635.1,25.3486477777778,-172.669939393939,3.82669696969697
"6353",635.2,25.3316018811881,-172.556944444444,3.827
"6354",635.3,25.324525,-172.4273,3.82795
"6355",635.4,25.343359924812,-172.70315,3.82705
"6356",635.5,25.356217761194,-172.46435,3.827
"6357",635.6,25.3549144444444,-172.354118811881,3.827
"6358",635.7,25.3687583168317,-172.154576923077,3.827
"6359",635.8,25.39914,-172.281789473684,3.827
"6360",635.9,25.4003173134328,-172.006743119266,3.827
"6361",636,25.3731988059701,-172.219260869565,3.827
"6362",636.1,25.370354,-172.36296,3.82606
"6363",636.2,25.3606513861386,-172.374722772277,3.826
"6364",636.3,25.3480881818182,-172.34338,3.82693
"6365",636.4,25.3582196268657,-172.248939393939,3.827
"6366",636.5,25.3759840909091,-172.213217821782,3.827
"6367",636.6,25.3837812030075,-172.36445,3.827
"6368",636.7,25.3962304477612,-172.330525,3.827
"6369",636.8,25.374285,-172.32393,3.82607
"6370",636.9,25.3566459398496,-172.18822,3.82693
"6371",637,25.3473533333333,-172.2245,3.827
"6372",637.1,25.3270484210526,-172.40005,3.82514
"6373",637.2,25.3062583582089,-172.15167,3.82686
"6374",637.3,25.296058,-172.202454545455,3.827
"6375",637.4,25.2691508,-172.17034,3.827
"6376",637.5,25.2530348,-172.33344,3.827
"6377",637.6,25.2639543283582,-172.341151515152,3.827
"6378",637.7,25.2843774626866,-172.17,3.827
"6379",637.8,25.2853895,-172.254389830508,3.827
"6380",637.9,25.2883248514852,-172.135060240964,3.827
"6381",638,25.2816974,-172.08358,3.82324
"6382",638.1,25.2788957894737,-172.273607843137,3.82668627450981
"6383",638.2,25.2817890909091,-172.373636363636,3.827
"6384",638.3,25.2743075,-172.391625,3.827
"6385",638.4,25.261135,-172.4286,3.827
"6386",638.5,25.2756595,-172.222524752475,3.827
"6387",638.6,25.287665,-172.268162162162,3.82783783783784
"6388",638.7,25.247758,-172.2185,3.82706818181818
"6389",638.8,25.2252976691729,-172.257742574257,3.82886138613861
"6390",638.9,25.2398088059702,-172.440424242424,3.82524242424242
"6391",639,25.262973,-172.346019607843,3.825
"6392",639.1,25.270061,-172.127653061224,3.82687755102041
"6393",639.2,25.296024,-172.25688,3.827
"6394",639.3,25.3268754887218,-172.067373913044,3.827
"6395",639.4,25.3428137313433,-172.148848837209,3.827
"6396",639.5,25.37874,-172.244545454545,3.82512121212121
"6397",639.6,25.384114,-172.0244,3.82688
"6398",639.7,25.3661344444444,-172.261287128713,3.82793069306931
"6399",639.8,25.3550394736842,-172.2986,3.82614
"6400",639.9,25.325683880597,-172.135178217822,3.82692079207921
"6401",640,25.312284,-172.09524,3.827
"6402",640.1,25.3247803960396,-172.179424242424,3.827
"6403",640.2,25.345291,-172.212702970297,3.827
"6404",640.3,25.3442015,-172.146232323232,3.82607070707071
"6405",640.4,25.33294,-172.327,3.82693939393939
"6406",640.5,25.3543166165414,-172.196603960396,3.82606930693069
"6407",640.6,25.3765640298507,-172.231118811881,3.82784158415842
"6408",640.7,25.3712105,-172.11632,3.82616
"6409",640.8,25.3698383333333,-172.14096,3.82784
"6410",640.9,25.3605595522388,-172.066813559322,3.82722033898305
"6411",641,25.3526815151515,-172.162317073171,3.827
"6412",641.1,25.3495244776119,-172.081280373832,3.827
"6413",641.2,25.3247928,-172.184626373626,3.827
"6414",641.3,25.3183792,-172.357912280702,3.827
"6415",641.4,25.3225974257426,-172.221045977011,3.82791954022989
"6416",641.5,25.3231231578947,-172.17066,3.82707
"6417",641.6,25.3148349253731,-172.384060606061,3.82606060606061
"6418",641.7,25.3037648,-172.355188118812,3.82879207920792
"6419",641.8,25.30627,-172.19762,3.82714
"6420",641.9,25.306336,-172.187617391304,3.827
"6421",642,25.3075005263158,-172.427505882353,3.827
"6422",642.1,25.3103128358209,-172.172818181818,3.827
"6423",642.2,25.3174795959596,-172.194878787879,3.8260505050505
"6424",642.3,25.3671243564357,-172.207245098039,3.82693137254902
"6425",642.4,25.4075104,-172.097918367347,3.82889795918367
"6426",642.5,25.4172652631579,-172.078541666667,3.82741666666667
"6427",642.6,25.422798358209,-172.280617977528,3.82952808988764
"6428",642.7,25.4061605263158,-172.279739130435,3.82719565217392
"6429",642.8,25.4050501492537,-172.329932038835,3.827
"6430",642.9,25.4311808,-172.321729166667,3.827
"6431",643,25.4274064,-172.25487254902,3.827
"6432",643.1,25.4147844554455,-172.318575757576,3.827
"6433",643.2,25.4243675,-172.279323232323,3.82984848484849
"6434",643.3,25.4491598507463,-172.114142857143,3.82745535714286
"6435",643.4,25.4469436,-172.11204494382,3.82606741573034
"6436",643.5,25.4215808,-172.247089108911,3.826
"6437",643.6,25.4249536,-172.15191,3.826
"6438",643.7,25.4445181818182,-172.092333333333,3.82693939393939
"6439",643.8,25.4229310447761,-172.083415841584,3.827
"6440",643.9,25.4029209,-172.16205,3.827
"6441",644,25.4244796039604,-172.107878787879,3.827
"6442",644.1,25.4207016,-172.116343434343,3.82605050505051
"6443",644.2,25.4411172,-172.08755,3.826
"6444",644.3,25.4095789108912,-172.09075,3.82885
"6445",644.4,25.3669658333333,-172.09195,3.82615
"6446",644.5,25.3794650746269,-172.230774509804,3.826
"6447",644.6,25.3763128,-172.079673469388,3.82694897959184
"6448",644.7,25.3600567326733,-171.977881188119,3.827
"6449",644.8,25.3534685,-171.98986,3.827
"6450",644.9,25.3566166666667,-172.01262,3.827
"6451",645,25.3666425,-172.061465346535,3.827
"6452",645.1,25.3657744444444,-172.195959183673,3.82794897959184
"6453",645.2,25.3642084,-172.066613861386,3.82611881188119
"6454",645.3,25.3834164,-172.14542,3.826
"6455",645.4,25.4033010526316,-172.1463,3.82882
"6456",645.5,25.4045160294118,-172.1601,3.82712
"6457",645.6,25.4133022222222,-171.996737373737,3.827
"6458",645.7,25.3986096969697,-172.159372549019,3.827
"6459",645.8,25.3819778,-172.03808,3.827
"6460",645.9,25.3950514285714,-172.050545454545,3.82606060606061
"6461",646,25.3987289552239,-172.06234,3.82506
"6462",646.1,25.4032830303031,-172.123767676768,3.8259494949495
"6463",646.2,25.4003833333334,-172.053421568628,3.82693137254902
"6464",646.3,25.3736732,-172.118224489796,3.827
"6465",646.4,25.3321332,-172.033333333333,3.827
"6466",646.5,25.3083611881188,-172.026265060241,3.827
"6467",646.6,25.29973,-171.904701030928,3.827
"6468",646.7,25.2822452238806,-171.943637254902,3.827
"6469",646.8,25.2807906060606,-171.963514018692,3.827
"6470",646.9,25.2732825,-172.070494623656,3.8279247311828
"6471",647,25.2694836,-172.011363636364,3.828
"6472",647.1,25.2986954545455,-172.02862,3.828
"6473",647.2,25.3337382352941,-172.099313131313,3.82989898989899
"6474",647.3,25.329883030303,-172.020107843137,3.82720588235294
"6475",647.4,25.335869,-172.144010204082,3.827
"6476",647.5,25.34303,-172.15745631068,3.827
"6477",647.6,25.3019721052631,-172.041591836735,3.8260612244898
"6478",647.7,25.2639167647059,-172.046638655462,3.82678991596639
"6479",647.8,25.2982090909091,-172.149438202247,3.82615730337079
"6480",647.9,25.2985683168317,-171.952537634408,3.826
"6481",648,25.3213848,-172.01203030303,3.826
"6482",648.1,25.3457916,-171.86942,3.826
"6483",648.2,25.3429935643564,-172.063666666667,3.82692156862745
"6484",648.3,25.3339639393939,-171.859679245283,3.827
"6485",648.4,25.3205435294118,-172.025406593407,3.827
"6486",648.5,25.3147261616162,-172.188262135922,3.827
"6487",648.6,25.3271331,-171.897775510204,3.827
"6488",648.7,25.3341808,-171.89962,3.82606
"6489",648.8,25.3334828571429,-171.87092,3.82694
"6490",648.9,25.3348713432836,-171.921576271186,3.82461016949153
"6491",649,25.3359733333333,-171.894219512195,3.82770731707317
"6492",649.1,25.3446514,-171.791415841584,3.828
"6493",649.2,25.3481802,-171.899545454545,3.82706060606061
"6494",649.3,25.3307927819549,-171.948777777778,3.827
"6495",649.4,25.3085476470588,-171.91965,3.827
"6496",649.5,25.3220515151515,-171.956737864078,3.827
"6497",649.6,25.3488908910891,-171.910747474747,3.82607070707071
"6498",649.7,25.3240560606061,-171.89398,3.826
"6499",649.8,25.3284226315789,-172.02227,3.82972
"6500",649.9,25.3588923880597,-171.790975,3.8269
"6501",650,25.3276693939394,-171.966797468355,3.82784810126582
"6502",650.1,25.3226695049505,-172.045633663366,3.82706930693069
"6503",650.2,25.331633,-171.8082,3.827
"6504",650.3,25.3380906,-171.74629,3.827
"6505",650.4,25.3321261386139,-171.731727272727,3.82606060606061
"6506",650.5,25.3239371428571,-171.843613861386,3.82693069306931
"6507",650.6,25.3068113432836,-171.931008849558,3.82782300884956
"6508",650.7,25.2800036363636,-171.982418604651,3.82613953488372
"6509",650.8,25.2495088,-171.96244,3.826
"6510",650.9,25.2272676,-171.88392,3.82412
"6511",651,25.2500860150376,-171.5265,3.82682
"6512",651.1,25.2715307462686,-171.97682,3.827
"6513",651.2,25.2527082828283,-171.89044,3.827
"6514",651.3,25.2394875,-171.94692,3.827
"6515",651.4,25.2505618,-171.6878,3.827
"6516",651.5,25.2558990225564,-171.8026,3.82794
"6517",651.6,25.2613276470589,-171.887316831683,3.828
"6518",651.7,25.2584851515152,-171.89207,3.82614
"6519",651.8,25.2578147524752,-171.86875,3.826
"6520",651.9,25.2451504,-171.69216,3.826
"6521",652,25.2397606,-171.625454545455,3.82693939393939
"6522",652.1,25.2703259405941,-171.7677,3.827
"6523",652.2,25.2772914285714,-171.86442,3.827
"6524",652.3,25.2596280597015,-171.906080808081,3.8260505050505
"6525",652.4,25.2245227272727,-171.793247524752,3.826
"6526",652.5,25.2328674,-171.661287128713,3.82506930693069
"6527",652.6,25.2657546,-171.586242424242,3.82687878787879
"6528",652.7,25.3396360150376,-171.693683168317,3.82606930693069
"6529",652.8,25.4237411940299,-171.819518181818,3.826
"6530",652.9,25.4212434343434,-171.601325842697,3.82693258426966
"6531",653,25.4304868316832,-171.687315315315,3.827
"6532",653.1,25.4441237373737,-171.602711111111,3.827
"6533",653.2,25.4634132089552,-171.64003030303,3.827
"6534",653.3,25.4606128358209,-171.942683168317,3.82513861386139
"6535",653.4,25.4123016,-171.604272727273,3.82593939393939
"6536",653.5,25.4116498,-171.697336633663,3.82693069306931
"6537",653.6,25.4214568686869,-171.591393939394,3.82793939393939
"6538",653.7,25.4277104444444,-171.68082,3.82518
"6539",653.8,25.4311809090909,-171.64902020202,3.82689898989899
"6540",653.9,25.4499476,-171.475811881188,3.827
"6541",654,25.4558161386139,-171.535732673267,3.827
"6542",654.1,25.4502554545455,-171.763636363636,3.827
"6543",654.2,25.4469567326733,-171.56274,3.82606
"6544",654.3,25.4461887,-171.568544554455,3.826
"6545",654.4,25.4435614285714,-171.447270491803,3.82752459016393
"6546",654.5,25.4286252238806,-171.632923076923,3.82708974358974
"6547",654.6,25.4121433333333,-171.54898,3.82607
"6548",654.7,25.4283412,-171.571060606061,3.82693939393939
"6549",654.8,25.3922922222222,-171.56642,3.827
"6550",654.9,25.3523789473684,-171.519810344828,3.827
"6551",655,25.3316307462686,-171.576785714286,3.82607142857143
"6552",655.1,25.3161819,-171.582,3.82694
"6553",655.2,25.315569009901,-171.8499,3.82606
"6554",655.3,25.3252671717172,-171.64328,3.82788
"6555",655.4,25.354966641791,-171.520108910891,3.82613861386139
"6556",655.5,25.3600394029851,-171.523272727273,3.82693939393939
"6557",655.6,25.316189,-171.862772277228,3.827
"6558",655.7,25.3374587128713,-171.6927,3.827
"6559",655.8,25.3588606060606,-171.72496039604,3.827
"6560",655.9,25.3527958,-171.57536,3.827
"6561",656,25.3276921782178,-171.72852,3.82608
"6562",656.1,25.31858,-171.6418,3.826
"6563",656.2,25.3210963636364,-171.6378,3.8276
"6564",656.3,25.3169972727273,-171.638094117647,3.82709411764706
"6565",656.4,25.3316077227723,-171.651939393939,3.82421212121212
"6566",656.5,25.340321010101,-171.630900990099,3.82768316831683
"6567",656.6,25.3402853383459,-171.70076,3.82708
"6568",656.7,25.3390264179105,-171.58372,3.827
"6569",656.8,25.3215249,-171.757,3.827
"6570",656.9,25.2960893,-171.598292929293,3.827
"6571",657,25.2719168,-171.55338,3.82514
"6572",657.1,25.2782757894737,-171.682515151515,3.82593939393939
"6573",657.2,25.3107146268656,-171.558841584159,3.82693069306931
"6574",657.3,25.3029903,-171.587515151515,3.82512121212121
"6575",657.4,25.2778663,-171.66708,3.825
"6576",657.5,25.2912812,-171.495168316832,3.82686138613861
"6577",657.6,25.3102080451128,-171.520515151515,3.827
"6578",657.7,25.3002615151516,-171.51931372549,3.82607843137255
"6579",657.8,25.312904,-171.548737373737,3.826
"6580",657.9,25.338000990099,-171.582939393939,3.826
"6581",658,25.3368813,-171.576623762376,3.82693069306931
"6582",658.1,25.3362197,-171.58995,3.82607
"6583",658.2,25.3353683,-171.57798,3.82879
"6584",658.3,25.3396569924812,-171.584515151515,3.82618181818182
"6585",658.4,25.3470946268657,-171.670623762376,3.82693069306931
"6586",658.5,25.3525204,-171.58028,3.82607
"6587",658.6,25.3516406,-171.613393939394,3.82693939393939
"6588",658.7,25.325098989899,-171.594803921569,3.82607843137255
"6589",658.8,25.3325398496241,-171.50284,3.82692
"6590",658.9,25.3406122388059,-171.4628,3.82608
"6591",659,25.323334,-171.538060606061,3.82692929292929
"6592",659.1,25.344106,-171.71233,3.827
"6593",659.2,25.332206,-171.480069306931,3.82515841584158
"6594",659.3,25.3195226315789,-171.726551020408,3.82687755102041
"6595",659.4,25.3085988059701,-171.614633663366,3.827
"6596",659.5,25.266112,-171.61523,3.827
"6597",659.6,25.2677295049505,-171.524878787879,3.827
"6598",659.7,25.3208126,-171.434215686275,3.82607843137255
"6599",659.8,25.329634,-171.465101010101,3.82785858585858
"6600",659.9,25.3200418811881,-171.63819,3.82614
"6601",660,25.3136887878788,-171.565366336634,3.826
"6602",660.1,25.3284089,-171.50705785124,3.82371900826446
"6603",660.2,25.3430382,-171.520658227848,3.82659493670886
"6604",660.3,25.3158841,-171.443611650485,3.827
"6605",660.4,25.297728,-171.534125,3.827
"6606",660.5,25.2802339393939,-171.53095049505,3.827
"6607",660.6,25.2707772058824,-171.46008,3.82608
"6608",660.7,25.2940181818182,-171.34452,3.82784
"6609",660.8,25.296924,-171.491121212121,3.82707070707071
"6610",660.9,25.290954,-171.457881188119,3.82792079207921
"6611",661,25.3095984210526,-171.336909090909,3.828
"6612",661.1,25.3445105882353,-171.503511111111,3.82891111111111
"6613",661.2,25.3622122222222,-171.412343434344,3.82621212121212
"6614",661.3,25.386506,-171.46817,3.82693
"6615",661.4,25.386498,-171.382818181818,3.827
"6616",661.5,25.3882051879699,-171.531495049505,3.827
"6617",661.6,25.3849474626865,-171.44721,3.827
"6618",661.7,25.3556884848485,-171.43256,3.827
"6619",661.8,25.3740701980198,-171.437636363636,3.82793939393939
"6620",661.9,25.381902,-171.524554455446,3.82334653465346
"6621",662,25.349004,-171.46869,3.82672
"6622",662.1,25.349194059406,-171.536168,3.827
"6623",662.2,25.3557082575758,-171.531473684211,3.827
"6624",662.3,25.3597336764706,-171.489898989899,3.827
"6625",662.4,25.3836672727273,-171.39121,3.827
"6626",662.5,25.377074,-171.375794117647,3.82791176470588
"6627",662.6,25.388596,-171.484028301887,3.82628301886792
"6628",662.7,25.3776763636364,-171.336569892473,3.826
"6629",662.8,25.3564394117647,-171.47556,3.82692
"6630",662.9,25.3857433333333,-171.41632,3.827
"6631",663,25.3837428,-171.43694949495,3.827
"6632",663.1,25.3427223,-171.436181818182,3.82606060606061
"6633",663.2,25.3299208270677,-171.278712871287,3.82693069306931
"6634",663.3,25.3402011764706,-171.36,3.82606060606061
"6635",663.4,25.323256969697,-171.31201980198,3.826
"6636",663.5,25.3072915841584,-171.396396039604,3.826
"6637",663.6,25.303022,-171.440242424242,3.82785858585859
"6638",663.7,25.32036,-171.29699,3.82614
"6639",663.8,25.324122970297,-171.37807,3.82693
"6640",663.9,25.3320122222222,-171.37302970297,3.827
"6641",664,25.3299246534653,-171.373858585859,3.827
"6642",664.1,25.3257670707071,-171.304452173913,3.827
"6643",664.2,25.315348,-171.396282352941,3.827
"6644",664.3,25.309782,-171.41344,3.827
"6645",664.4,25.3061709022556,-171.368909090909,3.82981818181818
"6646",664.5,25.3119395522388,-171.283211009174,3.8274128440367
"6647",664.6,25.3251045454545,-171.300489130435,3.82607608695652
"6648",664.7,25.2995279207921,-171.399683168317,3.82231683168317
"6649",664.8,25.2954412121212,-171.27696969697,3.82664646464646
"6650",664.9,25.3011088721804,-171.341584158416,3.827
"6651",665,25.3094370588235,-171.3756,3.82608
"6652",665.1,25.3200293939394,-171.198646464646,3.826
"6653",665.2,25.3255955445544,-171.06875,3.826
"6654",665.3,25.3477803030303,-171.09255,3.826
"6655",665.4,25.3553245522388,-171.24101,3.826
"6656",665.5,25.3428581818182,-171.30993442623,3.82676229508197
"6657",665.6,25.3548860606061,-171.25882051282,3.82608974358974
"6658",665.7,25.3800480392157,-171.404851485148,3.82784158415842
"6659",665.8,25.3368833333333,-171.24136,3.82708
"6660",665.9,25.3071967,-171.12296,3.82608
"6661",666,25.3048511881188,-171.244954954955,3.82682882882883
"6662",666.1,25.3173053383459,-171.191,3.82607954545455
"6663",666.2,25.3226673134329,-171.267295652174,3.82761739130435
"6664",666.3,25.3270875757576,-171.456,3.82707142857143
"6665",666.4,25.3321234,-171.388428571429,3.82616071428571
"6666",666.5,25.2908769,-171.362977777778,3.826
"6667",666.6,25.2853859398496,-171.36012244898,3.826
"6668",666.7,25.3225705970149,-171.199647058824,3.82692156862745
"6669",666.8,25.3187050505051,-171.231561904762,3.82612380952381
"6670",666.9,25.3282601980198,-171.196789473684,3.826
"6671",667,25.3296332323232,-171.202292929293,3.826
"6672",667.1,25.3185252238806,-171.145910891089,3.82692079207921
"6673",667.2,25.3065246268657,-171.205121212121,3.82607070707071
"6674",667.3,25.2763467,-171.097272727273,3.82693939393939
"6675",667.4,25.2485731683168,-171.11452173913,3.827
"6676",667.5,25.27509,-171.139290697674,3.82791860465116
"6677",667.6,25.2812876865672,-171.317606060606,3.82612121212121
"6678",667.7,25.2527390909091,-171.199980392157,3.826
"6679",667.8,25.2582219,-171.210373737374,3.82692929292929
"6680",667.9,25.2498466,-171.292432432432,3.827
"6681",668,25.2783503,-171.300545454545,3.827
"6682",668.1,25.2785726,-170.96442,3.827
"6683",668.2,25.2759676,-171.092294117647,3.827
"6684",668.3,25.2851236842105,-171.08752,3.82516
"6685",668.4,25.2964034328358,-171.031551020408,3.8240612244898
"6686",668.5,25.318529,-171.163980582524,3.82582524271845
"6687",668.6,25.3058582,-171.034,3.826
"6688",668.7,25.2797864646465,-171.110363636364,3.82693939393939
"6689",668.8,25.2683023880597,-171.034965517241,3.827
"6690",668.9,25.262468358209,-170.984639175258,3.827
"6691",669,25.2765575,-171.193306818182,3.82607954545455
"6692",669.1,25.2864821,-171.3143,3.82507
"6693",669.2,25.2733992,-171.11089,3.82593
"6694",669.3,25.2645689552239,-171.0299,3.82786
"6695",669.4,25.2899345454546,-171.043787878788,3.82612121212121
"6696",669.5,25.313285,-171.199595041322,3.826
"6697",669.6,25.332783069307,-171.026802469136,3.826
"6698",669.7,25.3478960606061,-171.137747474747,3.826
"6699",669.8,25.3517946,-171.166787878788,3.826
"6700",669.9,25.3394197,-171.275895652174,3.82681739130435
"6701",670,25.3319233834586,-171.03911627907,3.82516279069767
"6702",670.1,25.3434165671642,-171.22153,3.82686
"6703",670.2,25.3487878,-171.11052,3.827
"6704",670.3,25.3469841,-171.05729,3.827
"6705",670.4,25.3400267676768,-171.195288461538,3.82610576923077
"6706",670.5,25.3559408270677,-171.1675,3.826
"6707",670.6,25.3543423880597,-171.137303370786,3.82684269662921
"6708",670.7,25.3226504,-171.224432989691,3.82611340206186
"6709",670.8,25.3357012,-171.188588785047,3.826
"6710",670.9,25.35077,-171.065674157303,3.82507865168539
"6711",671,25.3475998496241,-171.15475257732,3.8259587628866
"6712",671.1,25.348866119403,-171.013702702703,3.82686486486487
"6713",671.2,25.3644173267327,-170.857559139785,3.82608602150538
"6714",671.3,25.3498985148515,-171.043081632653,3.826
"6715",671.4,25.35491,-171.1124,3.826
"6716",671.5,25.377402631579,-171.073607843137,3.82692156862745
"6717",671.6,25.3700677272727,-171.145052631579,3.82619298245614
"6718",671.7,25.3245692929293,-171.227235294118,3.826
"6719",671.8,25.3258066,-171.179594059406,3.82692079207921
"6720",671.9,25.33415,-171.22468,3.827
"6721",672,25.339173,-171.008757575757,3.82885858585859
"6722",672.1,25.3469306930693,-171.10894059406,3.82531683168317
"6723",672.2,25.3352331060606,-170.96168,3.82592
"6724",672.3,25.3234052238806,-171.030612244898,3.826
"6725",672.4,25.3314586,-171.127207920792,3.82693069306931
"6726",672.5,25.3668574,-171.209661016949,3.82621186440678
"6727",672.6,25.3739778,-171.05921686747,3.82690361445783
"6728",672.7,25.341042556391,-171.11092,3.82608
"6729",672.8,25.3307185074627,-171.168111111111,3.826
"6730",672.9,25.3504618,-170.99809,3.826
"6731",673,25.351097,-171.167316831683,3.82784158415842
"6732",673.1,25.3666774,-171.209415841584,3.82617821782178
"6733",673.2,25.3710972180451,-171.1028,3.826
"6734",673.3,25.3525540909091,-171.03501010101,3.826
"6735",673.4,25.3315394,-171.041776,3.826736
"6736",673.5,25.3591386138614,-171.167493333333,3.82610666666667
"6737",673.6,25.389378,-171.128489795918,3.82787755102041
"6738",673.7,25.3828722,-171.403349514563,3.82617475728155
"6739",673.8,25.392137,-171.258111111111,3.82691919191919
"6740",673.9,25.3960096240601,-171.142636363636,3.82421212121212
"6741",674,25.4214607462687,-171.061301886792,3.82575471698113
"6742",674.1,25.4376492,-171.110234042553,3.826
"6743",674.2,25.4400408,-171.03409,3.826
"6744",674.3,25.4111788,-170.88803030303,3.826
"6745",674.4,25.4120092424242,-170.96931372549,3.826
"6746",674.5,25.431255522388,-171.022178571429,3.82517857142857
"6747",674.6,25.423324,-170.971775280899,3.8258988764045
"6748",674.7,25.4127285148515,-170.992206185567,3.8269381443299
"6749",674.8,25.3890596,-170.93948,3.82418
"6750",674.9,25.4066287218045,-171.026016949153,3.82559322033898
"6751",675,25.4385285074627,-170.849731707317,3.826
"6752",675.1,25.4436488,-170.992873239437,3.82666197183099
"6753",675.2,25.4223028,-171.002324324324,3.8262972972973
"6754",675.3,25.3950144,-170.985928571429,3.826
"6755",675.4,25.403940075188,-171.049365384615,3.826
"6756",675.5,25.41491,-171.03212244898,3.82875510204082
"6757",675.6,25.4277235353536,-171.16195959596,3.82714141414141
"6758",675.7,25.4349412,-171.02785,3.82607
"6759",675.8,25.4212832,-171.013316831683,3.826
"6760",675.9,25.4253209,-171.01116,3.826
"6761",676,25.4232142574257,-171.028911504425,3.826
"6762",676.1,25.4369121212121,-170.986916666667,3.826
"6763",676.2,25.4491676470588,-170.86297979798,3.82683838383838
"6764",676.3,25.4372890909091,-171.079153846154,3.82607692307692
"6765",676.4,25.4319628,-170.991396694215,3.82753719008264
"6766",676.5,25.430659,-170.9059,3.8262
"6767",676.6,25.4286063157895,-171.031300970874,3.8268932038835
"6768",676.7,25.4438476470588,-170.951577319588,3.82516494845361
"6769",676.8,25.4636765656566,-170.805867924528,3.8267358490566
"6770",676.9,25.4632888,-170.814591397849,3.8260752688172
"6771",677,25.4611348,-170.88396,3.826
"6772",677.1,25.4442352631579,-170.97084,3.826
"6773",677.2,25.419658358209,-171.00118,3.826
"6774",677.3,25.4099627272727,-170.826207920792,3.82692079207921
"6775",677.4,25.4297402970297,-170.9536,3.82608
"6776",677.5,25.4215581,-170.9522,3.82508
"6777",677.6,25.4067766,-170.907323232323,3.82685858585859
"6778",677.7,25.4027953465347,-170.863485148515,3.82607920792079
"6779",677.8,25.4143163636364,-170.98696,3.826
"6780",677.9,25.4221255223881,-171.09092,3.826
"6781",678,25.4100173,-170.861698412698,3.826
"6782",678.1,25.4023161,-170.885486486487,3.82778378378379
"6783",678.2,25.3942082,-170.919444444444,3.82707070707071
"6784",678.3,25.3918775,-170.87357,3.827
"6785",678.4,25.3870302941177,-170.931718181818,3.827
"6786",678.5,25.3916963636364,-170.822604395604,3.82973626373627
"6787",678.6,25.3799688,-170.725505050505,3.82628282828283
"6788",678.7,25.3773668,-170.69296,3.826
"6789",678.8,25.3758992481203,-170.74773,3.826
"6790",678.9,25.3699652941176,-170.642157480315,3.826
"6791",679,25.3951263636364,-170.532965517241,3.826
"6792",679.1,25.4079169306931,-170.797604651163,3.826
"6793",679.2,25.4003527,-170.703297029703,3.82692079207921
"6794",679.3,25.3697594736842,-170.676272727273,3.827
"6795",679.4,25.3589983582089,-170.80148,3.82514
"6796",679.5,25.3702881818182,-170.723214953271,3.82673831775701
"6797",679.6,25.3620379207921,-170.856916666667,3.82610416666667
"6798",679.7,25.3770809090909,-170.712556701031,3.826
"6799",679.8,25.412966,-170.84787,3.82693
"6800",679.9,25.4546321782178,-170.755165048544,3.82609708737864
"6801",680,25.4601142105263,-170.699918367347,3.826
"6802",680.1,25.4488523880597,-170.483626168224,3.82685981308411
"6803",680.2,25.4528372727273,-170.624483870968,3.82608602150538
"6804",680.3,25.4665356,-170.606925925926,3.8277037037037
"6805",680.4,25.4735476,-170.633307692308,3.82615384615384
"6806",680.5,25.4712404511278,-170.733115044248,3.826
"6807",680.6,25.4585194117647,-170.815609195402,3.826
"6808",680.7,25.4735181818182,-170.71312,3.826
"6809",680.8,25.473196,-170.470198019802,3.82692079207921
"6810",680.9,25.473806,-170.54053968254,3.82846031746032
"6811",681,25.4940935338346,-170.718657534247,3.82628767123287
"6812",681.1,25.4968944776119,-170.77585,3.82693
"6813",681.2,25.4766631313131,-170.86642,3.827
"6814",681.3,25.4726198019802,-170.61725,3.82607
"6815",681.4,25.450392,-170.768081081081,3.826
"6816",681.5,25.4549964,-170.630550561798,3.826
"6817",681.6,25.4668883168317,-170.81595,3.826
"6818",681.7,25.4750526315789,-170.79752,3.826
"6819",681.8,25.4880102941176,-170.879545454545,3.82506060606061
"6820",681.9,25.4988728282828,-170.715613861386,3.825
"6821",682,25.476557,-170.63604,3.82686
"6822",682.1,25.4824894,-170.74701980198,3.82607920792079
"6823",682.2,25.4821115789474,-170.79695959596,3.82785858585858
"6824",682.3,25.4623981818182,-170.54425,3.82614
"6825",682.4,25.4501387878788,-170.601425742574,3.826
"6826",682.5,25.450246,-170.58408,3.826
"6827",682.6,25.4710205,-170.582,3.826
"6828",682.7,25.4641865413534,-170.616383838384,3.82692929292929
"6829",682.8,25.4507558823529,-170.664265486726,3.827
"6830",682.9,25.465011010101,-170.684114942529,3.827
"6831",683,25.4679006862745,-170.710363636364,3.82512121212121
"6832",683.1,25.4836654545455,-170.53434,3.82594
"6833",683.2,25.4873994029851,-170.886900990099,3.826
"6834",683.3,25.4986209090909,-170.79961,3.826
"6835",683.4,25.4760252,-170.61802,3.826
"6836",683.5,25.4469432,-170.5864,3.826
"6837",683.6,25.4631980808081,-170.644110169492,3.82678813559322
"6838",683.7,25.4490231683169,-170.651768292683,3.82517073170732
"6839",683.8,25.4322424,-170.61845,3.82593
"6840",683.9,25.4463431343283,-170.654673267327,3.82507920792079
"6841",684,25.4655923880597,-170.45928,3.82592
"6842",684.1,25.44649,-170.51744,3.826
"6843",684.2,25.4196397029703,-170.57184,3.826
"6844",684.3,25.3887636363636,-170.484,3.826
"6845",684.4,25.3948734328358,-170.436485148515,3.826
"6846",684.5,25.4168418181818,-170.450299145299,3.82678632478633
"6847",684.6,25.4089976,-170.65256097561,3.827
"6848",684.7,25.3924816,-170.51848,3.827
"6849",684.8,25.3795983838384,-170.59721,3.82607
"6850",684.9,25.3949521641791,-170.671217821782,3.826
"6851",685,25.4046139393939,-170.66398989899,3.82507070707071
"6852",685.1,25.395121,-170.70392,3.82593
"6853",685.2,25.4135689108911,-170.606633663366,3.826
"6854",685.3,25.4189884848485,-170.634242424242,3.826
"6855",685.4,25.4138182178218,-170.710272727273,3.82693939393939
"6856",685.5,25.4075088,-170.59400990099,3.827
"6857",685.6,25.4122227819549,-170.55803,3.82607
"6858",685.7,25.399958358209,-170.50764,3.826
"6859",685.8,25.3908162626263,-170.549347107438,3.82753719008264
"6860",685.9,25.4062791089109,-170.662341772152,3.82617721518987
"6861",686,25.4138328282828,-170.710045454545,3.826
"6862",686.1,25.4148142857143,-170.557384615384,3.826
"6863",686.2,25.4000435294118,-170.597757575758,3.826
"6864",686.3,25.3843906060606,-170.579454545455,3.826
"6865",686.4,25.3815418811881,-170.59868,3.826
"6866",686.5,25.3938819191919,-170.550280991736,3.82755371900827
"6867",686.6,25.3877235820895,-170.595453608247,3.82724742268041
"6868",686.7,25.3842793939394,-170.509260869565,3.82534782608696
"6869",686.8,25.4068545,-170.559923076923,3.82407692307692
"6870",686.9,25.4064021782178,-170.5381,3.82586
"6871",687,25.3815298989899,-170.443794871795,3.826
"6872",687.1,25.3595131343283,-170.296952380952,3.826
"6873",687.2,25.3671033333333,-170.45052,3.826
"6874",687.3,25.392225,-170.5892,3.82508
"6875",687.4,25.3872315,-170.504282828283,3.82685858585859
"6876",687.5,25.3748235,-170.45143,3.827
"6877",687.6,25.3698865,-170.618346534654,3.82331683168317
"6878",687.7,25.35421,-170.401606060606,3.82671717171717
"6879",687.8,25.3541214179104,-170.26775,3.82607
"6880",687.9,25.3691579104478,-170.60961,3.826
"6881",688,25.3677688,-170.56067,3.826
"6882",688.1,25.382912,-170.360712871287,3.82507920792079
"6883",688.2,25.3773202020202,-170.5694,3.82592
"6884",688.3,25.3567686567164,-170.468191919192,3.826
"6885",688.4,25.3524571212121,-170.527138613861,3.82507920792079
"6886",688.5,25.3515955,-170.47872,3.82592
"6887",688.6,25.3335245,-170.244,3.82784
"6888",688.7,25.345316,-170.36947008547,3.82642735042735
"6889",688.8,25.3654678947368,-170.244542168675,3.826
"6890",688.9,25.3635972727273,-170.41928,3.826
"6891",689,25.3609372,-170.32192,3.826
"6892",689.1,25.3592141584158,-170.422585858586,3.82692929292929
"6893",689.2,25.3661615,-170.546099009901,3.82792079207921
"6894",689.3,25.3630675,-170.294868686869,3.82614141414142
"6895",689.4,25.377504,-170.523613861386,3.82692079207921
"6896",689.5,25.3909240601504,-170.50912,3.827
"6897",689.6,25.3610319402985,-170.572909090909,3.82607070707071
"6898",689.7,25.3311835,-170.50639,3.826
"6899",689.8,25.31095,-170.311316831683,3.826
"6900",689.9,25.3234943434344,-170.395363636364,3.826
"6901",690,25.3275292537313,-170.4495,3.826
"6902",690.1,25.3053029850746,-170.3968,3.826
"6903",690.2,25.3053315,-170.560965116279,3.826
"6904",690.3,25.319139,-170.376267326733,3.82507920792079
"6905",690.4,25.3251265,-170.39672,3.82684
"6906",690.5,25.3484784962406,-170.470138613861,3.827
"6907",690.6,25.3444387878788,-170.35142,3.82609
"6908",690.7,25.3303624,-170.386444444444,3.826
"6909",690.8,25.3341979207921,-170.450536585366,3.826
"6910",690.9,25.342575,-170.28764,3.826
"6911",691,25.3381651879699,-170.42602970297,3.82691089108911
"6912",691.1,25.3488547761194,-170.249808080808,3.82608080808081
"6913",691.2,25.3719665,-170.37008,3.82692
"6914",691.3,25.3522704950495,-170.313232323232,3.82792929292929
"6915",691.4,25.362661010101,-170.32195,3.82614
"6916",691.5,25.387167,-170.354,3.826
"6917",691.6,25.3951904950495,-170.3164,3.826
"6918",691.7,25.3892060606061,-170.37379,3.826
"6919",691.8,25.3768494117647,-170.262343434343,3.826
"6920",691.9,25.397987979798,-170.25108,3.826
"6921",692,25.4042795,-170.19488,3.826
"6922",692.1,25.394249,-170.354484848485,3.826
"6923",692.2,25.3929769924812,-170.34189,3.826
"6924",692.3,25.375203880597,-170.2563,3.82507
"6925",692.4,25.3542476767677,-170.174495049505,3.82592079207921
"6926",692.5,25.3667556,-170.306455445545,3.826
"6927",692.6,25.3686318,-170.307,3.826
"6928",692.7,25.3848645864662,-170.281382352941,3.826
"6929",692.8,25.4121023880597,-170.42915,3.82509
"6930",692.9,25.3935,-170.377818181818,3.825
"6931",693,25.404722970297,-170.2524,3.82408
"6932",693.1,25.4245208,-170.248376237624,3.82491089108911
"6933",693.2,25.3940452,-170.331727272727,3.82408080808081
"6934",693.3,25.3660433663366,-170.24292920354,3.82562831858407
"6935",693.4,25.3586243181818,-170.190477272727,3.826
"6936",693.5,25.3718254411765,-170.336828282828,3.826
"6937",693.6,25.3651074747475,-170.097,3.826
"6938",693.7,25.37265,-170.27188,3.826
"6939",693.8,25.3826536,-170.36352,3.826
"6940",693.9,25.3742386466165,-170.19888,3.82692
"6941",694,25.3588139705882,-170.25484,3.82608
"6942",694.1,25.369004040404,-170.46708,3.826
"6943",694.2,25.3433384,-170.430346534653,3.826
"6944",694.3,25.3684518,-170.398071428571,3.826
"6945",694.4,25.3855534586466,-170.335280991736,3.826
"6946",694.5,25.3600631343284,-170.3611,3.826
"6947",694.6,25.3469833333333,-170.347782178218,3.82691089108911
"6948",694.7,25.3862840594059,-170.36147,3.82518
"6949",694.8,25.3900202,-170.338181818182,3.82591919191919
"6950",694.9,25.3743465671642,-170.292277227723,3.826
"6951",695,25.3775848484849,-170.220898989899,3.82416161616161
"6952",695.1,25.3916033333333,-170.113891089109,3.82582178217822
"6953",695.2,25.3855801980198,-170.38155,3.826
"6954",695.3,25.4081933333333,-170.09687,3.826
"6955",695.4,25.4018738,-170.168274336283,3.826
"6956",695.5,25.3506375247525,-170.131325581395,3.826
"6957",695.6,25.3133769172932,-170.230663366337,3.82508910891089
"6958",695.7,25.3105311764705,-170.327404040404,3.82683838383838
"6959",695.8,25.3342091919192,-170.141269230769,3.827
"6960",695.9,25.3390638,-170.23393814433,3.82427835051546
"6961",696,25.3604504,-170.412373737374,3.82675757575758
"6962",696.1,25.3593320300752,-170.25588,3.82608
"6963",696.2,25.3587470149254,-170.29068,3.826
"6964",696.3,25.3530833333333,-170.187202020202,3.826
"6965",696.4,25.3620622,-170.058647058824,3.826
"6966",696.5,25.3502441,-170.288465346535,3.826
"6967",696.6,25.3358433082707,-170.486734693878,3.82508163265306
"6968",696.7,25.3337,-170.148574257426,3.825
"6969",696.8,25.3394834343434,-170.202297029703,3.82409900990099
"6970",696.9,25.3164631683168,-170.032,3.824
"6971",697,25.3588341,-170.18508,3.82582
"6972",697.1,25.3293532999999,-170.32303,3.826
"6973",697.2,25.3106385148515,-170.24946,3.826
"6974",697.3,25.3135227819549,-170.15182,3.826
"6975",697.4,25.3120611940299,-170.12298,3.82782
"6976",697.5,25.31724,-170.181366336634,3.82619801980198
"6977",697.6,25.3220316,-170.132897959184,3.82324489795918
"6978",697.7,25.3072139,-170.262034482759,3.82537931034483
"6979",697.8,25.29958,-170.092247058824,3.826
"6980",697.9,25.2908753731343,-170.067071428571,3.826
"6981",698,25.2987166666667,-170.159130841121,3.826
"6982",698.1,25.3324014851485,-170.302,3.826
"6983",698.2,25.33351,-170.129653061225,3.826
"6984",698.3,25.3345,-170.10932,3.826
"6985",698.4,25.32571,-170.05603030303,3.82692929292929
"6986",698.5,25.31278,-170.101235294118,3.82608823529412
"6987",698.6,25.3182327722772,-170.35443,3.82509
"6988",698.7,25.3312633333333,-170.241121212121,3.82316161616162
"6989",698.8,25.348895,-170.229,3.82576
"6990",698.9,25.33048,-170.20416,3.826
"6991",699,25.3211725,-170.15099009901,3.826
"6992",699.1,25.3351474,-170.209142857143,3.826
"6993",699.2,25.3256965656566,-170.1500625,3.826
"6994",699.3,25.3604396039604,-169.9732,3.826
"6995",699.4,25.3657932,-170.136080808081,3.826
"6996",699.5,25.35007,-170.12532,3.826
"6997",699.6,25.3323898507463,-170.151237623762,3.82691089108911
"6998",699.7,25.3479436,-169.998656565657,3.82608080808081
"6999",699.8,25.3665606,-169.97396,3.826
"7000",699.9,25.3646566666667,-170.22896039604,3.826
"7001",700,25.375845,-169.94278,3.826
"7002",700.1,25.38951,-170.060909090909,3.826
"7003",700.2,25.396019,-170.038686868687,3.82692929292929
"7004",700.3,25.3881449,-169.83802970297,3.82423762376238
"7005",700.4,25.3961982828283,-170.022487603306,3.82552066115703
"7006",700.5,25.4003562686567,-170.029379746835,3.82510126582278
"7007",700.6,25.4196993939394,-169.91837254902,3.82590196078431
"7008",700.7,25.4473984,-169.988734693878,3.826
"7009",700.8,25.4313754455446,-169.937702970297,3.826
"7010",700.9,25.4095928282828,-169.908101010101,3.826
"7011",701,25.3765773267327,-170.1774,3.826
"7012",701.1,25.382438,-170.192801980198,3.82691089108911
"7013",701.2,25.4032453383459,-170.03093,3.82609
"7014",701.3,25.400681641791,-170.12325862069,3.82756896551724
"7015",701.4,25.3937322,-170.064445783133,3.82528915662651
"7016",701.5,25.369919,-170.14792,3.82592
"7017",701.6,25.3715494949495,-170.07872,3.826
"7018",701.7,25.3697994029851,-169.966553846154,3.826
"7019",701.8,25.4023250746269,-169.988542857143,3.826
"7020",701.9,25.4552111,-170.069871287129,3.82691089108911
"7021",702,25.4585415,-170.07063,3.82518
"7022",702.1,25.443707,-170.216935779817,3.82583486238532
"7023",702.2,25.4596933082707,-169.964857142857,3.8269010989011
"7024",702.3,25.4679236363636,-170.157363636364,3.82424242424243
"7025",702.4,25.47397,-170.268070707071,3.82492929292929
"7026",702.5,25.4787953465347,-170.034673267327,3.82592079207921
"7027",702.6,25.4698892,-169.950622222222,3.826
"7028",702.7,25.4633967669173,-169.991611940298,3.826
"7029",702.8,25.4714315151515,-169.977636363636,3.826
"7030",702.9,25.4502668,-170.074921568627,3.826
"7031",703,25.4407688,-170.126959183673,3.826
"7032",703.1,25.452956,-169.86255,3.82691
"7033",703.2,25.4880184,-170.055686868687,3.82608080808081
"7034",703.3,25.4818576,-169.957745098039,3.826
"7035",703.4,25.4558444776119,-169.943392857143,3.826
"7036",703.5,25.4457246268657,-169.856136363636,3.826
"7037",703.6,25.4459902,-170.051363636364,3.826
"7038",703.7,25.4468406,-170.05835,3.826
"7039",703.8,25.454245,-170.007125,3.826
"7040",703.9,25.4667272180451,-170.0957,3.82513
"7041",704,25.4789233333333,-170.12721875,3.825
"7042",704.1,25.4706588,-170.115747572816,3.825
"7043",704.2,25.4736956,-169.982916666667,3.82775
"7044",704.3,25.458912,-169.92776,3.82616
"7045",704.4,25.4319380451128,-169.92124,3.826
"7046",704.5,25.4109086363636,-169.802843137255,3.826
"7047",704.6,25.4421272,-169.638469387755,3.826
"7048",704.7,25.4497882178218,-169.599745098039,3.826
"7049",704.8,25.4376972,-169.8796,3.8269
"7050",704.9,25.4244756,-170.03588372093,3.827
"7051",705,25.4144072277228,-169.86576056338,3.827
"7052",705.1,25.4229134090909,-170.019,3.82427272727272
"7053",705.2,25.4291010447761,-169.845888888889,3.82583838383838
"7054",705.3,25.4347664,-169.735178217822,3.826
"7055",705.4,25.4387116,-169.849435643564,3.826
"7056",705.5,25.4340728,-169.663,3.826
"7057",705.6,25.4074572932331,-169.89416,3.82691
"7058",705.7,25.3880250746269,-169.775606060606,3.82791919191919
"7059",705.8,25.408352,-169.79106779661,3.82566101694915
"7060",705.9,25.418438,-169.905096385542,3.825
"7061",706,25.4149268,-169.94439,3.825
"7062",706.1,25.4202857894737,-169.767785714286,3.82592857142857
"7063",706.2,25.4328297014925,-169.814772277228,3.826
"7064",706.3,25.4260875757576,-169.83748,3.826
"7065",706.4,25.3995763,-169.95768,3.826
"7066",706.5,25.4033877,-169.659207920792,3.82508910891089
"7067",706.6,25.3991130075188,-169.667606060606,3.82591919191919
"7068",706.7,25.4072723529412,-169.824075630252,3.8267731092437
"7069",706.8,25.4404639393939,-169.8042125,3.825175
"7070",706.9,25.4399723762376,-169.881882352941,3.82682352941176
"7071",707,25.4013564,-169.805434343434,3.82516161616161
"7072",707.1,25.3877364,-169.880707070707,3.82592929292929
"7073",707.2,25.4001552,-169.77098019802,3.826
"7074",707.3,25.3978893233083,-169.688515151515,3.826
"7075",707.4,25.4009011764706,-169.72996039604,3.826
"7076",707.5,25.3973874747475,-169.75608,3.82508
"7077",707.6,25.3908412,-169.860733333333,3.825
"7078",707.7,25.415734,-169.732752941177,3.82584705882353
"7079",707.8,25.4086540601504,-169.718652631579,3.82508421052632
"7080",707.9,25.3974680597015,-169.88928,3.825
"7081",708,25.452,-169.85156,3.82592
"7082",708.1,25.4462444,-169.604702970297,3.826
"7083",708.2,25.4333669306931,-169.74753,3.826
"7084",708.3,25.4340645112782,-169.73397,3.826
"7085",708.4,25.4366808955224,-169.793168316832,3.826
"7086",708.5,25.4117868686869,-169.88,3.82418181818182
"7087",708.6,25.4093668316832,-169.951237288136,3.82631355932204
"7088",708.7,25.42133,-169.75812195122,3.82521951219512
"7089",708.8,25.4473651,-169.74565,3.82591
"7090",708.9,25.4831078217822,-169.62142,3.826
"7091",709,25.5046393939394,-169.548601769911,3.826
"7092",709.1,25.5188064705882,-169.543069767442,3.826
"7093",709.2,25.4902097979798,-169.6452,3.826
"7094",709.3,25.4810126,-169.61904,3.82692
"7095",709.4,25.4977429,-169.60128,3.827
"7096",709.5,25.4740160902255,-169.623,3.82516
"7097",709.6,25.4608947058824,-169.51828,3.825
"7098",709.7,25.4724370707071,-169.53292,3.825
"7099",709.8,25.472893,-169.63804,3.82592
"7100",709.9,25.4788848,-169.53568,3.826
"7101",710,25.4851842857143,-169.609704918033,3.826
"7102",710.1,25.4911894029851,-169.645860759494,3.82511392405063
"7103",710.2,25.4870248,-169.562434343434,3.82591919191919
"7104",710.3,25.4981193069307,-169.59364,3.82508
"7105",710.4,25.4851247474747,-169.62092,3.82776
"7106",710.5,25.4656454135338,-169.473605504587,3.82546788990826
"7107",710.6,25.4701086567164,-169.658111111111,3.82751515151515
"7108",710.7,25.5141562,-169.51,3.82617391304348
"7109",710.8,25.5139752,-169.399089108911,3.826
"7110",710.9,25.4917097,-169.35724,3.826
"7111",711,25.487035,-169.359515151515,3.826
"7112",711.1,25.4966459405941,-169.417386138614,3.826
"7113",711.2,25.4889472727273,-169.41208,3.82418
"7114",711.3,25.4839517647059,-169.41009,3.82491
"7115",711.4,25.4686608080808,-169.541444444444,3.82591919191919
"7116",711.5,25.456924,-169.4518,3.82784
"7117",711.6,25.4715054,-169.591475247525,3.82617821782178
"7118",711.7,25.47094,-169.48497,3.826
"7119",711.8,25.4635026865672,-169.67775,3.826
"7120",711.9,25.4592973737374,-169.38223,3.826
"7121",712,25.449703,-169.28548,3.82691
"7122",712.1,25.4489738,-169.434147540984,3.82625409836066
"7123",712.2,25.465815037594,-169.407384615385,3.826
"7124",712.3,25.4547038805971,-169.473292929293,3.82416161616162
"7125",712.4,25.418426969697,-169.536475247525,3.82764356435644
"7126",712.5,25.451922079208,-169.39458,3.82527
"7127",712.6,25.468327,-169.43915,3.82591
"7128",712.7,25.4342060606061,-169.33125,3.826
"7129",712.8,25.4011227722772,-169.28598989899,3.826
"7130",712.9,25.3994061363636,-169.290287128713,3.826
"7131",713,25.4031444117647,-169.50849,3.82509
"7132",713.1,25.4156457575758,-169.50634,3.82591
"7133",713.2,25.413463,-169.6132,3.82509
"7134",713.3,25.434549,-169.47127826087,3.82658260869565
"7135",713.4,25.4260142105263,-169.43280952381,3.82428571428572
"7136",713.5,25.4060567647059,-169.585754716981,3.8257358490566
"7137",713.6,25.400536969697,-169.534893617021,3.826
"7138",713.7,25.416037029703,-169.43876,3.82508
"7139",713.8,25.3910555,-169.3298,3.82592
"7140",713.9,25.3919744029851,-169.317392156863,3.82509803921569
"7141",714,25.4155792424242,-169.593428571429,3.825
"7142",714.1,25.4117224242424,-169.49196,3.825
"7143",714.2,25.4195542574257,-169.32797029703,3.825
"7144",714.3,25.4126081818182,-169.38125,3.82591
"7145",714.4,25.3830914925373,-169.18507,3.826
"7146",714.5,25.3447481818182,-169.38158,3.826
"7147",714.6,25.368845,-169.4758,3.826
"7148",714.7,25.371471,-169.37016,3.826
"7149",714.8,25.3809397979798,-169.40814,3.826
"7150",714.9,25.3876496039604,-169.27559,3.82509
"7151",715,25.425596,-169.43672,3.82773
"7152",715.1,25.4216205970149,-169.31022,3.82527
"7153",715.2,25.3955501492537,-169.271181818182,3.82591919191919
"7154",715.3,25.3842475757576,-169.306346534653,3.826
"7155",715.4,25.3672058415841,-169.18078,3.826
"7156",715.5,25.3593990909091,-169.168919191919,3.826
"7157",715.6,25.3473504477612,-169.1506,3.826
"7158",715.7,25.3541072727272,-169.151897637795,3.82527559055118
"7159",715.8,25.364127,-169.201082191781,3.8258904109589
"7160",715.9,25.354344,-169.2576,3.82416
"7161",716,25.3626408080808,-169.247425742574,3.82582178217822
"7162",716.1,25.3631723134328,-169.183494949495,3.82416161616161
"7163",716.2,25.3689307575757,-169.3114,3.82584
"7164",716.3,25.360749,-169.4966,3.826
"7165",716.4,25.3543962376238,-169.559023529412,3.826
"7166",716.5,25.3648139393939,-169.330544554455,3.826
"7167",716.6,25.3151032,-169.28161,3.826
"7168",716.7,25.3206386138614,-169.35635,3.82691
"7169",716.8,25.3486157894737,-169.17472,3.827
"7170",716.9,25.3602295522388,-169.471115702479,3.8262479338843
"7171",717,25.3396672727273,-169.378291139241,3.82511392405063
"7172",717.1,25.3261766336634,-169.33298,3.825
"7173",717.2,25.3276278787879,-169.07984,3.82591
"7174",717.3,25.3124943283582,-169.43811,3.826
"7175",717.4,25.3226771641791,-169.28296969697,3.826
"7176",717.5,25.345852,-169.26784,3.826
"7177",717.6,25.347434,-169.31584,3.826
"7178",717.7,25.3427465656566,-169.358257425743,3.826
"7179",717.8,25.3668775373134,-169.42843,3.826
"7180",717.9,25.3897560606061,-169.34309,3.826
"7181",718,25.3907312,-169.390116666667,3.82524166666667
"7182",718.1,25.365457,-169.2278375,3.8258875
"7183",718.2,25.3899188,-169.33331,3.826
"7184",718.3,25.3873408270677,-169.402070707071,3.826
"7185",718.4,25.361423030303,-169.302247524752,3.826
"7186",718.5,25.36308,-169.15732,3.82691
"7187",718.6,25.3612341584158,-169.19132,3.827
"7188",718.7,25.3709674,-169.15687,3.82518
"7189",718.8,25.3778893,-169.17537704918,3.82649180327869
"7190",718.9,25.4048877,-169.155576923077,3.82346153846154
"7191",719,25.4333247014925,-169.271777777778,3.82533333333333
"7192",719.1,25.4478329850746,-169.282819277108,3.826
"7193",719.2,25.440033,-169.135266666667,3.826
"7194",719.3,25.40457,-169.347212765957,3.826
"7195",719.4,25.39734,-169.27424,3.82692
"7196",719.5,25.421472631579,-169.279663366337,3.82517821782178
"7197",719.6,25.4224868181818,-169.21275,3.825
"7198",719.7,25.4066783,-169.339282828283,3.82683838383838
"7199",719.8,25.4003684,-169.245601941748,3.82432038834951
"7200",719.9,25.4097395,-169.176745283019,3.82567924528302
"7201",720,25.402359924812,-169.140461538462,3.826
"7202",720.1,25.3989527272727,-169.12604,3.826
"7203",720.2,25.398572,-169.14248,3.826
"7204",720.3,25.4076661386139,-169.196943396226,3.8251320754717
"7205",720.4,25.444028,-169.253375,3.825
"7206",720.5,25.4405196,-169.172636363636,3.82681818181818
"7207",720.6,25.4354272,-169.462133333333,3.82613333333333
"7208",720.7,25.471797518797,-169.283494736842,3.82147368421053
"7209",720.8,25.5022553731343,-169.12304950495,3.82550495049505
"7210",720.9,25.4980961,-169.423454545455,3.826
"7211",721,25.5151226,-169.294991666667,3.82524166666667
"7212",721.1,25.5299433,-169.15525,3.825
"7213",721.2,25.4944418796993,-169.28505,3.82682
"7214",721.3,25.485657761194,-169.17069,3.827
"7215",721.4,25.5138058,-169.25992,3.827
"7216",721.5,25.5199698,-169.20721,3.82609
"7217",721.6,25.520595,-169.371333333333,3.82522222222222
"7218",721.7,25.4893381203008,-169.259365853659,3.825
"7219",721.8,25.4541389552239,-169.03868,3.82592
"7220",721.9,25.4922881818182,-169.033266666667,3.826
"7221",722,25.5006852,-169.101852631579,3.82508421052632
"7222",722.1,25.4901976,-169.28464,3.825
"7223",722.2,25.5123760150376,-169.249157894737,3.82661403508772
"7224",722.3,25.5258753731343,-169.014655172414,3.827
"7225",722.4,25.5249754545455,-169.09274,3.82336
"7226",722.5,25.5397766336634,-169.101161616162,3.823
"7227",722.6,25.5305152,-168.9216,3.82576
"7228",722.7,25.5204024,-169.006117647059,3.826
"7229",722.8,25.5122925742574,-169.157909090909,3.826
"7230",722.9,25.4915789473684,-169.055550847458,3.82522881355932
"7231",723,25.4750885294118,-169.0575,3.82581111111111
"7232",723.1,25.4854364646465,-169.1075,3.82690217391304
"7233",723.2,25.4657332,-169.10381,3.82609
"7234",723.3,25.4835826,-169.044171717172,3.82691919191919
"7235",723.4,25.5016042857143,-169.174722772277,3.82608910891089
"7236",723.5,25.4859034328358,-169.11156,3.82509
"7237",723.6,25.46946,-169.02574,3.82591
"7238",723.7,25.47594,-169.079974137931,3.826
"7239",723.8,25.4612686,-169.217180722891,3.82509638554217
"7240",723.9,25.4648119548872,-168.952264150943,3.8258679245283
"7241",724,25.4772120895522,-169.070106382979,3.826
"7242",724.1,25.480484949495,-169.197039603961,3.82691089108911
"7243",724.2,25.4861123762376,-169.236494949495,3.82608080808081
"7244",724.3,25.4861817171717,-169.33836,3.826
"7245",724.4,25.4608612,-169.11914953271,3.82685981308411
"7246",724.5,25.482453960396,-169.099180851064,3.82609574468085
"7247",724.6,25.4771180808081,-169.241712962963,3.826
"7248",724.7,25.5177325742574,-169.11102173913,3.82509782608696
"7249",724.8,25.5154148484849,-169.12949,3.82591
"7250",724.9,25.4844444,-169.07294,3.82691
"7251",725,25.46472,-169.147622807018,3.8246052631579
"7252",725.1,25.4886328571429,-169.145755555556,3.82571111111111
"7253",725.2,25.4952869117647,-169.3540625,3.826
"7254",725.3,25.495467979798,-169.19218,3.82509
"7255",725.4,25.5106842574257,-169.19129,3.82591
"7256",725.5,25.484149,-169.359423423423,3.82518018018018
"7257",725.6,25.4726055639098,-169.1736,3.8258
"7258",725.7,25.4676379104478,-169.129555555556,3.826
"7259",725.8,25.4603197979798,-169.073727272727,3.82509090909091
"7260",725.9,25.4309289108911,-168.994118811881,3.82680198019802
"7261",726,25.4528411111111,-169.0526,3.8261
"7262",726.1,25.464202238806,-169.056363636364,3.826
"7263",726.2,25.4724966666667,-169.07511,3.82509
"7264",726.3,25.4755990909091,-169.057178217822,3.825
"7265",726.4,25.4612713861386,-169.021363636364,3.825
"7266",726.5,25.4618245454545,-169.128821782178,3.82590099009901
"7267",726.6,25.4650818,-169.0897,3.8251
"7268",726.7,25.4618077227723,-169.0372,3.825
"7269",726.8,25.4459745864662,-168.8619,3.8259
"7270",726.9,25.4578582352941,-168.978,3.8269
"7271",727,25.4863626262626,-168.9039,3.8261
"7272",727.1,25.4422568,-168.983196428571,3.826
"7273",727.2,25.4410768,-169.193795454545,3.82511363636364
"7274",727.3,25.4739645112782,-169.0866,3.825
"7275",727.4,25.4740211940299,-169.012,3.825
"7276",727.5,25.4745909090909,-168.919504950495,3.82590099009901
"7277",727.6,25.4758657425743,-168.961818181818,3.82509090909091
"7278",727.7,25.4826616,-168.974207920792,3.82409900990099
"7279",727.8,25.4794417293233,-169.1334,3.8249
"7280",727.9,25.4884413432836,-168.978272727273,3.82590909090909
"7281",728,25.4609972727272,-168.95372,3.82327
"7282",728.1,25.4627604950495,-168.95027,3.82846000000001
"7283",728.2,25.4610936363636,-169.1047,3.82627
"7284",728.3,25.4698445522388,-169.1473,3.82509
"7285",728.4,25.4605313636364,-169.14363,3.82591
"7286",728.5,25.4531043,-169.298235294118,3.82510784313725
"7287",728.6,25.4643285,-169.210919191919,3.825
"7288",728.7,25.4472131313131,-169.098090909091,3.82772727272727
"7289",728.8,25.4719231683168,-169.17627,3.82618
"7290",728.9,25.5150557,-169.216724770642,3.82516513761468
"7291",729,25.515881641791,-169.201373626374,3.82950549450549
"7292",729.1,25.4659814925372,-169.29819,3.82545
"7293",729.2,25.4843544,-169.19075,3.825
"7294",729.3,25.4875618811881,-169.174,3.825
"7295",729.4,25.4509145454545,-169.16308,3.825
"7296",729.5,25.4452617910448,-169.13561,3.82591
"7297",729.6,25.4534115151515,-168.955212962963,3.82515740740741
"7298",729.7,25.4613823762376,-168.961404040404,3.82667676767677
"7299",729.8,25.4570195,-169.035315789474,3.82611578947368
"7300",729.9,25.4521486868687,-169.000848484848,3.82959595959596
"7301",730,25.4510620895522,-168.9654,3.8255
"7302",730.1,25.4393709090909,-169.138363636364,3.825
"7303",730.2,25.445608,-169.07592,3.825
"7304",730.3,25.4505424,-169.00521,3.825
"7305",730.4,25.4662981818182,-169.06725,3.825
"7306",730.5,25.4759483168317,-168.983900990099,3.825
"7307",730.6,25.473704,-169.016727272727,3.825
"7308",730.7,25.452655112782,-168.966940594059,3.82590099009901
"7309",730.8,25.4244655223881,-168.968272727273,3.82690909090909
"7310",730.9,25.4581604,-168.9064375,3.82659375
"7311",731,25.4516948,-168.8376875,3.82614732142857
"7312",731.1,25.4440590909091,-168.9664,3.825
"7313",731.2,25.4534434328358,-169.004797297297,3.825
"7314",731.3,25.4632518181818,-169.01727,3.825
"7315",731.4,25.4656684,-168.966544554455,3.82409900990099
"7316",731.5,25.471322970297,-168.8944,3.824
"7317",731.6,25.4771254545455,-168.9275,3.8249
"7318",731.7,25.4732729104478,-168.879941176471,3.82588235294118
"7319",731.8,25.4715568181818,-169.02206122449,3.82510204081633
"7320",731.9,25.4861777,-168.9409,3.825
"7321",732,25.4989008,-169.003714285714,3.825
"7322",732.1,25.4877418,-168.96264893617,3.82590425531915
"7323",732.2,25.4775252631579,-168.82095049505,3.82690099009901
"7324",732.3,25.5122381818181,-168.942232876712,3.827
"7325",732.4,25.5562956,-168.974968253968,3.827
"7326",732.5,25.5608306,-168.921058823529,3.82594117647059
"7327",732.6,25.5856818,-168.787688311688,3.82312987012987
"7328",732.7,25.6009304,-168.874928571428,3.82621428571428
"7329",732.8,25.5796572,-168.857714285714,3.82528571428572
"7330",732.9,25.5810741791045,-168.887670103093,3.8258969072165
"7331",733,25.5926891044776,-168.879899159664,3.82524369747899
"7332",733.1,25.606774,-168.992580246914,3.82587654320988
"7333",733.2,25.585125,-168.863285714286,3.826
"7334",733.3,25.5833428282828,-168.731115384615,3.82518269230769
"7335",733.4,25.5660188059702,-168.906515789474,3.82414736842105
"7336",733.5,25.5625406060606,-168.968770833333,3.82579166666667
"7337",733.6,25.5726104,-168.919572815534,3.82425242718446
"7338",733.7,25.5965328,-168.985546391753,3.8248969072165
"7339",733.8,25.5615436,-168.846884615385,3.825
"7340",733.9,25.5371766165414,-168.871479166667,3.825
"7341",734,25.5723836363637,-168.99059223301,3.825
"7342",734.1,25.6000759,-168.93392,3.82413
"7343",734.2,25.5956085858586,-169.06709375,3.82490625
"7344",734.3,25.5522238,-168.75622,3.825
"7345",734.4,25.5215752,-168.76313,3.82682
"7346",734.5,25.5256,-168.86073,3.82791
"7347",734.6,25.5058135820895,-168.862932038835,3.82534951456311
"7348",734.7,25.4856449253731,-168.998489795918,3.825
"7349",734.8,25.4996677,-168.980052631579,3.825
"7350",734.9,25.5092661,-169.002020408163,3.825
"7351",735,25.525662,-169.002136363636,3.82411363636364
"7352",735.1,25.5165370676692,-168.973752293578,3.824
"7353",735.2,25.4993948484849,-168.9446,3.8258
"7354",735.3,25.4730412,-169.12127,3.82691
"7355",735.4,25.4774127722772,-169.03981,3.82791
"7356",735.5,25.4860845,-169.02636,3.82618
"7357",735.6,25.4738936842105,-168.919683168317,3.826
"7358",735.7,25.5014684848484,-169.009818181818,3.82509090909091
"7359",735.8,25.5426448,-168.976752475248,3.825
"7360",735.9,25.5398188,-168.990648648649,3.825
"7361",736,25.522208,-168.932865168539,3.82411235955056
"7362",736.1,25.4962621052631,-168.9466,3.8231
"7363",736.2,25.4862767164179,-168.964,3.8242
"7364",736.3,25.5099092929293,-168.907176470588,3.82405882352941
"7365",736.4,25.510555,-168.809153846154,3.82553846153846
"7366",736.5,25.553175,-168.621363636364,3.82509090909091
"7367",736.6,25.540815,-168.785,3.825
"7368",736.7,25.5431088118812,-168.9427,3.825
"7369",736.8,25.5457647368421,-168.880857142857,3.825
"7370",736.9,25.547206119403,-168.898095238095,3.82573015873016
"7371",737,25.558871,-168.913078947368,3.826
"7372",737.1,25.5420956435643,-168.879454545455,3.82327272727272
"7373",737.2,25.5226715,-168.88055,3.82482
"7374",737.3,25.5405965413534,-168.917940594059,3.825
"7375",737.4,25.5423650746269,-168.7573,3.825
"7376",737.5,25.5408022222222,-168.748,3.825
"7377",737.6,25.5287148,-168.803,3.825
"7378",737.7,25.5535186,-168.7955,3.825
"7379",737.8,25.5446095488722,-168.9533,3.825
"7380",737.9,25.5304129850746,-168.702818181818,3.82590909090909
"7381",738,25.5430104040404,-168.804841584158,3.82329702970297
"7382",738.1,25.5360275,-168.748911504425,3.82538938053098
"7383",738.2,25.49959,-168.812476744186,3.826
"7384",738.3,25.50528,-168.736405940594,3.82509900990099
"7385",738.4,25.511673960396,-169.0321,3.825
"7386",738.5,25.5176451879699,-168.9598,3.825
"7387",738.6,25.4943817910447,-168.7734,3.825
"7388",738.7,25.4818512,-168.9475,3.825
"7389",738.8,25.4710896,-168.999909090909,3.82590909090909
"7390",738.9,25.4763222,-168.691,3.824375
"7391",739,25.4897472932331,-168.975397727273,3.82579545454545
"7392",739.1,25.5008995454545,-168.767818181818,3.82765454545455
"7393",739.2,25.4782275,-168.864648351648,3.82532967032967
"7394",739.3,25.4750200990099,-169.0207,3.825
"7395",739.4,25.49229,-168.7318,3.825
"7396",739.5,25.4993301503759,-168.879714285714,3.82585714285714
"7397",739.6,25.5016302985075,-168.906421052632,3.8251052631579
"7398",739.7,25.4938584848485,-168.750795918367,3.825
"7399",739.8,25.519045,-168.82164,3.825
"7400",739.9,25.5398125,-168.992927272727,3.825
"7401",740,25.5170767669173,-168.649760869565,3.825
"7402",740.1,25.5086234328358,-168.928545454546,3.825
"7403",740.2,25.50954,-168.76262,3.825
"7404",740.3,25.5023559405941,-168.597767676768,3.825
"7405",740.4,25.4939075757576,-168.72576,3.825
"7406",740.5,25.4958575,-168.722514851485,3.825
"7407",740.6,25.5233392079208,-168.680455445545,3.825
"7408",740.7,25.5265553030303,-168.833685950413,3.82425619834711
"7409",740.8,25.5409764705882,-168.787153846154,3.82576923076923
"7410",740.9,25.5654445454545,-168.752858585859,3.82232323232323
"7411",741,25.5357003960396,-168.613455445545,3.82473267326733
"7412",741.1,25.5591166,-168.782,3.825
"7413",741.2,25.5544032330827,-168.655655172414,3.825
"7414",741.3,25.5511707462686,-168.746120481928,3.825
"7415",741.4,25.5485062626263,-168.66248,3.825
"7416",741.5,25.5369592079208,-168.759663366337,3.82408910891089
"7417",741.6,25.5281648484848,-168.744262626263,3.82583838383839
"7418",741.7,25.5680120895522,-168.84872,3.82692
"7419",741.8,25.5901559701493,-168.7612,3.8246
"7420",741.9,25.6155013131313,-168.712825581395,3.82579069767442
"7421",742,25.6191025,-168.677981481481,3.82515740740741
"7422",742.1,25.584865,-168.832669724771,3.825
"7423",742.2,25.58824,-168.871268292683,3.825
"7424",742.3,25.6080262376237,-168.857247524752,3.825
"7425",742.4,25.5949536090226,-168.723327102804,3.82329906542056
"7426",742.5,25.5906301470588,-168.586193548387,3.82570967741935
"7427",742.6,25.6036603030303,-168.637194444445,3.826
"7428",742.7,25.565671,-168.642083333333,3.826
"7429",742.8,25.5389896,-168.891228571429,3.82517142857143
"7430",742.9,25.5409117293233,-168.733945054945,3.825
"7431",743,25.5428268656716,-168.745237623762,3.825
"7432",743.1,25.5408026262626,-168.821,3.825
"7433",743.2,25.5407975,-168.595,3.825
"7434",743.3,25.5255225,-168.534384615385,3.82576923076923
"7435",743.4,25.529695037594,-168.693865384615,3.826
"7436",743.5,25.543912238806,-168.595104651163,3.82760465116279
"7437",743.6,25.5584054545455,-168.652956989247,3.82710752688172
"7438",743.7,25.5284857425743,-168.733181818182,3.82427272727273
"7439",743.8,25.52014,-168.713871287129,3.82490099009901
"7440",743.9,25.528015037594,-168.774,3.825
"7441",744,25.5263501492537,-168.6082,3.825
"7442",744.1,25.5418648484849,-168.4702,3.825
"7443",744.2,25.5399872,-168.600389830508,3.825
"7444",744.3,25.5439175757576,-168.826756097561,3.82675609756098
"7445",744.4,25.5642314,-168.699,3.8243
"7446",744.5,25.5490038613861,-168.6892,3.824
"7447",744.6,25.5480071428571,-168.755607476636,3.82652336448598
"7448",744.7,25.5295060294118,-168.585935483871,3.82521505376344
"7449",744.8,25.5006124242424,-168.534594059406,3.825
"7450",744.9,25.4810472277228,-168.8603,3.825
"7451",745,25.4864325,-168.841666666667,3.825
"7452",745.1,25.4811639849624,-168.7558,3.825
"7453",745.2,25.4850828358209,-168.796090909091,3.82590909090909
"7454",745.3,25.4644227272727,-168.702792079208,3.82509900990099
"7455",745.4,25.4733602970297,-168.694410714286,3.82580357142857
"7456",745.5,25.4838596969697,-168.796931818182,3.826
"7457",745.6,25.4814842857143,-168.736764705882,3.82511764705882
"7458",745.7,25.4748797014925,-168.591299065421,3.825
"7459",745.8,25.4919274747475,-168.6835,3.825
"7460",745.9,25.4618706930693,-168.84418,3.82589
"7461",746,25.4868268686869,-168.707373737374,3.82510101010101
"7462",746.1,25.4964356,-168.809439252337,3.82415887850467
"7463",746.2,25.5184767326733,-168.868591397849,3.824
"7464",746.3,25.5041557142857,-168.6435,3.8249
"7465",746.4,25.4874301470588,-168.907090909091,3.82318181818182
"7466",746.5,25.4698712121212,-168.824867256637,3.82461061946903
"7467",746.6,25.475562,-168.648204545454,3.825
"7468",746.7,25.4591856,-168.8252,3.825
"7469",746.8,25.4794714285714,-168.917961538462,3.825
"7470",746.9,25.475448358209,-168.814936842105,3.825
"7471",747,25.4690581818182,-168.747,3.82422222222222
"7472",747.1,25.4642628712871,-168.784493975904,3.824
"7473",747.2,25.4543352,-168.77298019802,3.82490099009901
"7474",747.3,25.4541142857143,-168.7863,3.825
"7475",747.4,25.4700120895522,-168.732811320755,3.825
"7476",747.5,25.4505055555556,-168.727158415842,3.825
"7477",747.6,25.4695006930693,-168.769053763441,3.825
"7478",747.7,25.4440403030303,-168.9783,3.825
"7479",747.8,25.4520044029851,-168.78146728972,3.82584112149533
"7480",747.9,25.4588645454545,-168.790870967742,3.82510752688172
"7481",748,25.4430901,-168.5648,3.825
"7482",748.1,25.4503432,-168.6524,3.825
"7483",748.2,25.4628866666667,-168.918928571428,3.825
"7484",748.3,25.4689998019802,-168.784227272727,3.82854545454545
"7485",748.4,25.4717756,-168.8589,3.8254
"7486",748.5,25.4712771641791,-168.7125,3.825
"7487",748.6,25.4592308955224,-168.823795454545,3.825
"7488",748.7,25.4634164646465,-168.7053,3.825
"7489",748.8,25.4696096078431,-168.7359,3.825
"7490",748.9,25.4572642424242,-168.787363636364,3.82681818181818
"7491",749,25.4526597014925,-168.835225,3.82548333333333
"7492",749.1,25.4304518181818,-168.8356875,3.825
"7493",749.2,25.4523684,-168.871841584158,3.82590099009901
"7494",749.3,25.4244064,-168.8031,3.8251
"7495",749.4,25.4412963636364,-168.8499,3.825
"7496",749.5,25.4390411940299,-168.8047,3.825
"7497",749.6,25.4278821212121,-168.8341,3.825
"7498",749.7,25.4219341,-168.7525,3.8241
"7499",749.8,25.426713,-168.817545454545,3.82763636363636
"7500",749.9,25.4325588888889,-168.6352,3.8254
"7501",750,25.4245507920792,-168.726075471698,3.82418867924528
"7502",750.1,25.43186,-168.757333333333,3.82733333333333
"7503",750.2,25.4292876119403,-168.580375,3.82625
"7504",750.3,25.4379929850746,-168.46612,3.82512
"7505",750.4,25.4389471717172,-168.696226804124,3.825
"7506",750.5,25.4306584158416,-168.546513761468,3.825
"7507",750.6,25.4482434343435,-168.731868131868,3.825
"7508",750.7,25.4437405223881,-168.72597,3.825
"7509",750.8,25.4327037878788,-168.734712871287,3.82409900990099
"7510",750.9,25.4449222222222,-168.7495,3.8258
"7511",751,25.4749276470588,-168.661775862069,3.82522413793103
"7512",751.1,25.5443441414142,-168.595711111111,3.825
"7513",751.2,25.5609337037037,-168.629451612903,3.825
"7514",751.3,25.56601,-168.814198019802,3.825
"7515",751.4,25.5800832,-168.76847368421,3.825
"7516",751.5,25.5652216,-168.519465116279,3.825
"7517",751.6,25.5643286868687,-168.5673,3.825
"7518",751.7,25.5473215789474,-168.5175,3.8259
"7519",751.8,25.56683,-168.5443,3.8233
"7520",751.9,25.5489098,-168.634635514019,3.82468224299065
"7521",752,25.5365268,-168.436282608696,3.82770652173913
"7522",752.1,25.5238204,-168.49035,3.82527
"7523",752.2,25.5261284,-168.685898148148,3.825
"7524",752.3,25.5490162,-168.623565217391,3.825
"7525",752.4,25.5648980597015,-168.53474,3.82591
"7526",752.5,25.5615285074627,-168.612594059406,3.82690099009901
"7527",752.6,25.5503697,-168.578363636364,3.82427272727272
"7528",752.7,25.5569036633663,-168.50302,3.82764
"7529",752.8,25.547333030303,-168.604118811881,3.82529702970297
"7530",752.9,25.5629157462687,-168.549636363636,3.82681818181818
"7531",753,25.5955883333333,-168.576336633663,3.82519801980198
"7532",753.1,25.5660853,-168.478181818182,3.825
"7533",753.2,25.5357114,-168.408111111111,3.825
"7534",753.3,25.5540585,-168.277357142857,3.825
"7535",753.4,25.5425405263158,-168.562909090909,3.825
"7536",753.5,25.53015,-168.58399009901,3.82409900990099
"7537",753.6,25.5284858,-168.347752475247,3.82578217821782
"7538",753.7,25.5185056,-168.434070707071,3.82420202020202
"7539",753.8,25.5167904,-168.3426,3.8231
"7540",753.9,25.5461674,-168.274636363636,3.82481818181818
"7541",754,25.5521481188119,-168.344310344828,3.825
"7542",754.1,25.5607183333333,-168.288235294118,3.825
"7543",754.2,25.5567249253731,-168.346773584906,3.825
"7544",754.3,25.5374086,-168.443,3.825
"7545",754.4,25.551516,-168.577068965517,3.82410344827586
"7546",754.5,25.5103114,-168.40072,3.82491
"7547",754.6,25.5241512030075,-168.258271929824,3.82739473684211
"7548",754.7,25.5460979411765,-168.257091954023,3.82534482758621
"7549",754.8,25.56778,-168.391,3.82590909090909
"7550",754.9,25.5543566336634,-168.297683168317,3.82509900990099
"7551",755,25.5400375,-168.4399,3.825
"7552",755.1,25.5259463157895,-168.3832,3.825
"7553",755.2,25.5217041791045,-168.132,3.825
"7554",755.3,25.4920955555556,-168.3705,3.8241
"7555",755.4,25.4961641584158,-168.418,3.8249
"7556",755.5,25.5202777777778,-168.347821782178,3.82410891089109
"7557",755.6,25.5174565413534,-168.244551020408,3.82581632653061
"7558",755.7,25.5026586567164,-168.428712871287,3.82509900990099
"7559",755.8,25.4876748484849,-168.4896,3.825
"7560",755.9,25.5073714851485,-168.5552,3.825
"7561",756,25.5007072727273,-168.4504,3.825
"7562",756.1,25.4909632,-168.3138,3.825
"7563",756.2,25.4622053465347,-168.507272727273,3.82409090909091
"7564",756.3,25.4842882706767,-168.35237,3.82582
"7565",756.4,25.5043858823529,-168.35138,3.82327
"7566",756.5,25.5176611111111,-168.376196078431,3.82389215686275
"7567",756.6,25.5075608910891,-168.414060606061,3.82579797979798
"7568",756.7,25.5231112,-168.388909090909,3.82509090909091
"7569",756.8,25.5249952631579,-168.487705882353,3.825
"7570",756.9,25.5254786567164,-168.355262626263,3.825
"7571",757,25.5228477777778,-168.339909090909,3.825
"7572",757.1,25.5303962,-168.034564356436,3.82409900990099
"7573",757.2,25.5333636,-168.337363636364,3.82672727272727
"7574",757.3,25.5527243609022,-168.382712871287,3.82519801980198
"7575",757.4,25.5861202985074,-168.122181818182,3.82409090909091
"7576",757.5,25.6154066666667,-168.41177,3.824
"7577",757.6,25.5638079,-168.19821,3.82491
"7578",757.7,25.5747284,-168.298009803921,3.825
"7579",757.8,25.539148,-168.356719298246,3.825
"7580",757.9,25.5562274257426,-168.321906976744,3.825
"7581",758,25.5597395454545,-168.34587755102,3.82590816326531
"7582",758.1,25.5816144117647,-168.30168,3.82327
"7583",758.2,25.5734075757576,-168.23694,3.82391
"7584",758.3,25.5760243,-168.51037,3.82491
"7585",758.4,25.5813121,-168.597592920354,3.82580530973451
"7586",758.5,25.6047095488722,-168.19395505618,3.82512359550562
"7587",758.6,25.5825655882352,-168.283333333333,3.825
"7588",758.7,25.5592896969697,-168.3063,3.825
"7589",758.8,25.6052365346534,-168.200867924528,3.825
"7590",758.9,25.5936884,-168.211806451613,3.825
"7591",759,25.576722481203,-168.322217821782,3.82590099009901
"7592",759.1,25.5792307462687,-168.271272727273,3.82418181818182
"7593",759.2,25.6164709090909,-168.40104950495,3.82580198019802
"7594",759.3,25.5596621782179,-168.4142,3.8269
"7595",759.4,25.5070484848485,-168.408836065574,3.8247868852459
"7596",759.5,25.509887,-168.36725974026,3.82488311688312
"7597",759.6,25.5193026732673,-168.270107843137,3.825
"7598",759.7,25.531209,-168.41953271028,3.825
"7599",759.8,25.53096,-168.377130434783,3.825
"7600",759.9,25.5171666666667,-168.3797,3.825
"7601",760,25.5274641584159,-168.298272727273,3.82590909090909
"7602",760.1,25.5321658,-168.553466666667,3.826
"7603",760.2,25.5213903007519,-168.439916666667,3.826
"7604",760.3,25.4944817647059,-168.262909090909,3.826
"7605",760.4,25.4887288888889,-168.502140186916,3.82514953271028
"7606",760.5,25.4929536633663,-168.405526315789,3.825
"7607",760.6,25.5106055555556,-168.375313131313,3.825
"7608",760.7,25.5253012781955,-168.472571428571,3.825
"7609",760.8,25.5342310447761,-168.319885416667,3.825
"7610",760.9,25.5320993939394,-168.40391,3.82411
"7611",761,25.5276641584158,-168.385419354839,3.82543548387097
"7612",761.1,25.5212393939394,-168.314265060241,3.82365060240964
"7613",761.2,25.5478101503759,-168.483391304348,3.82567391304348
"7614",761.3,25.5696476119403,-168.040423076923,3.82513461538462
"7615",761.4,25.5514152525252,-168.188375,3.825
"7616",761.5,25.5501098019802,-168.215823529412,3.825
"7617",761.6,25.5469982828283,-168.221455445545,3.825
"7618",761.7,25.543722,-168.15348,3.825
"7619",761.8,25.5408708910891,-168.203555555556,3.825
"7620",761.9,25.5735212781955,-168.294712871287,3.82411881188119
"7621",762,25.5694464179104,-168.162,3.82577777777778
"7622",762.1,25.5874773737374,-168.219691588785,3.82516822429906
"7623",762.2,25.56474,-168.134483870968,3.825
"7624",762.3,25.5410785,-168.04879245283,3.825
"7625",762.4,25.5499332089552,-168.150515463917,3.825
"7626",762.5,25.5464604477612,-168.051530612245,3.825
"7627",762.6,25.5638875757576,-168.146111111111,3.825
"7628",762.7,25.5334598019802,-168.102314814815,3.82664814814815
"7629",762.8,25.5236612121212,-168.23175,3.82523913043478
"7630",762.9,25.5308723134328,-168.340794642857,3.82341071428571
"7631",763,25.5508304545455,-168.153356321839,3.82565517241379
"7632",763.1,25.5685603,-168.084118811881,3.82510891089109
"7633",763.2,25.5557759,-168.346881188119,3.825
"7634",763.3,25.5642280808081,-168.202510204082,3.825
"7635",763.4,25.567016039604,-168.092,3.825
"7636",763.5,25.588398,-168.28303,3.825
"7637",763.6,25.5649906,-168.072722772277,3.82411881188119
"7638",763.7,25.5469168,-168.114777777778,3.824
"7639",763.8,25.5536819191919,-168.281323232323,3.82489898989899
"7640",763.9,25.5730642574258,-168.22503960396,3.82410891089109
"7641",764,25.5464546464646,-168.17506,3.82311
"7642",764.1,25.5368765671642,-168.035151515152,3.82479797979798
"7643",764.2,25.5447071641791,-168.080247933884,3.825
"7644",764.3,25.5420318,-167.968175,3.825
"7645",764.4,25.5717361386138,-168.21667,3.825
"7646",764.5,25.589806969697,-168.27136,3.82411
"7647",764.6,25.6097312686567,-168.25086,3.824
"7648",764.7,25.6230054545455,-168.165168316832,3.82752475247525
"7649",764.8,25.5702782,-168.039333333333,3.82444444444444
"7650",764.9,25.5816449,-167.940487394958,3.82026050420168
"7651",765,25.5630702020202,-168.139926829268,3.82412195121952
"7652",765.1,25.5773067164179,-168.09712173913,3.825
"7653",765.2,25.5758678787879,-167.909289156626,3.825
"7654",765.3,25.55278,-168.011752475248,3.825
"7655",765.4,25.554184,-167.97627,3.82589
"7656",765.5,25.5908004040404,-168.03052,3.82511
"7657",765.6,25.5855202970297,-167.89916,3.82411
"7658",765.7,25.57803,-167.796595959596,3.82489898989899
"7659",765.8,25.6127834586466,-168.135415841584,3.82589108910891
"7660",765.9,25.624571641791,-167.976747747748,3.8251981981982
"7661",766,25.614092,-168.140842696629,3.825
"7662",766.1,25.634868,-168.13629,3.825
"7663",766.2,25.6322383838384,-167.907788461539,3.825
"7664",766.3,25.640576119403,-167.934635416667,3.82588541666667
"7665",766.4,25.660403880597,-168.087737373737,3.82420202020202
"7666",766.5,25.63474,-168.031821782178,3.824
"7667",766.6,25.63493,-168.137171717172,3.82489898989899
"7668",766.7,25.622336,-168.134851485149,3.82410891089109
"7669",766.8,25.5821848,-167.860606060606,3.824
"7670",766.9,25.6029255,-168.050099009901,3.82489108910891
"7671",767,25.6651071,-168.08234,3.825
"7672",767.1,25.6535622,-168.166606060606,3.825
"7673",767.2,25.6240415841584,-168.165043478261,3.825
"7674",767.3,25.6199864,-168.018176470588,3.82323529411765
"7675",767.4,25.6264109090909,-167.9306,3.8257
"7676",767.5,25.6247784,-167.921217821782,3.82421782178218
"7677",767.6,25.6476616,-168.038767676768,3.824
"7678",767.7,25.6102008080809,-167.956220183486,3.82482568807339
"7679",767.8,25.604552,-168.079510869565,3.825
"7680",767.9,25.550702,-168.0812,3.825
"7681",768,25.5439977443609,-168.0612,3.825
"7682",768.1,25.5487210447761,-167.840388349515,3.825
"7683",768.2,25.548298,-168.080125,3.825
"7684",768.3,25.5338612871287,-168.002396039604,3.82410891089109
"7685",768.4,25.5721754,-168.04507,3.82667
"7686",768.5,25.5671620300752,-168.044808080808,3.82430303030303
"7687",768.6,25.5576790909091,-168.0899,3.8267
"7688",768.7,25.5624016831683,-168.204603960396,3.82521782178218
"7689",768.8,25.5715101,-168.064054054054,3.825
"7690",768.9,25.5321355,-168.013351351351,3.825
"7691",769,25.5147484,-167.947961038961,3.825
"7692",769.1,25.5421083,-168.0542,3.8259
"7693",769.2,25.5265645,-168.076,3.826
"7694",769.3,25.5453914,-168.166108910891,3.82421782178218
"7695",769.4,25.5525219,-167.98743,3.82311
"7696",769.5,25.5464169,-167.99871,3.82567
"7697",769.6,25.5657977,-168.007494949495,3.82510101010101
"7698",769.7,25.5581047328244,-167.982411764706,3.825
"7699",769.8,25.5545611940298,-167.946111111111,3.825
"7700",769.9,25.5561664,-168.059198019802,3.825
"7701",770,25.5712151,-167.860777777778,3.82411111111111
"7702",770.1,25.6219525,-167.918594059406,3.82488118811881
"7703",770.2,25.6337142857143,-167.950070175439,3.82654385964912
"7704",770.3,25.6512107462687,-167.894188235294,3.82525882352941
"7705",770.4,25.6483372,-167.845444444444,3.82320202020202
"7706",770.5,25.6378677227723,-167.746833333333,3.82466666666667
"7707",770.6,25.620488,-167.864666666667,3.825
"7708",770.7,25.6292123762376,-167.921392156863,3.825
"7709",770.8,25.6414923,-168.093010204082,3.825
"7710",770.9,25.6085196,-167.82119,3.82411
"7711",771,25.616105,-167.971741071429,3.82320535714286
"7712",771.1,25.6515248,-168.003183908046,3.82477011494253
"7713",771.2,25.6506909090909,-167.983178217822,3.825
"7714",771.3,25.627568,-167.892,3.82679797979798
"7715",771.4,25.6493175757576,-167.957245901639,3.82552459016393
"7716",771.5,25.6580204,-168.05625,3.825
"7717",771.6,25.6589893,-167.843612244898,3.825
"7718",771.7,25.6430763,-168.024608695652,3.825
"7719",771.8,25.6425195,-167.843918604651,3.825
"7720",771.9,25.6115642857143,-168.027454545455,3.825
"7721",772,25.6338297014925,-167.832192307692,3.825
"7722",772.1,25.6539238,-167.918577319588,3.82411340206186
"7723",772.2,25.6641834653465,-167.88683,3.82311
"7724",772.3,25.616194,-168.02518,3.823
"7725",772.4,25.6318987218045,-167.701383838384,3.82479797979798
"7726",772.5,25.6296092537313,-167.7539,3.825
"7727",772.6,25.6521670707071,-167.749,3.825
"7728",772.7,25.6578437,-167.690219512195,3.82414634146342
"7729",772.8,25.6340434,-167.808510204082,3.824
"7730",772.9,25.6321807,-167.751157894737,3.82636842105263
"7731",773,25.6652936633663,-167.992697674419,3.82611627906977
"7732",773.1,25.6348519191919,-167.9307,3.826
"7733",773.2,25.636746,-167.9425,3.826
"7734",773.3,25.6191043,-167.7641,3.8251
"7735",773.4,25.6240233,-167.6585,3.825
"7736",773.5,25.6386344,-167.667,3.825
"7737",773.6,25.6256061363636,-167.747181818182,3.82409090909091
"7738",773.7,25.6037479411765,-167.583811881188,3.82580198019802
"7739",773.8,25.6019827272727,-167.709356435644,3.82510891089109
"7740",773.9,25.596952,-167.927704081633,3.82590816326531
"7741",774,25.6416874,-167.61676,3.82509
"7742",774.1,25.6319088721804,-167.93708,3.825
"7743",774.2,25.6317495588235,-167.72266,3.825
"7744",774.3,25.6402354545455,-167.88819,3.825
"7745",774.4,25.6630395049505,-168.15816,3.825
"7746",774.5,25.6649872,-167.89635,3.82409
"7747",774.6,25.6505448,-167.732851485149,3.824
"7748",774.7,25.6499284158416,-167.7774,3.8231
"7749",774.8,25.6579396969697,-167.743576271186,3.82376271186441
"7750",774.9,25.6592569306931,-167.748632653061,3.8254693877551
"7751",775,25.6591176767677,-167.661619047619,3.82335714285714
"7752",775.1,25.6788659,-167.782363636364,3.82463636363636
"7753",775.2,25.6518047,-167.588,3.825
"7754",775.3,25.6545809090909,-167.6203,3.825
"7755",775.4,25.6449478217822,-167.5343,3.8241
"7756",775.5,25.6361681818182,-167.712181818182,3.824
"7757",775.6,25.6408406,-167.738844827586,3.82556896551724
"7758",775.7,25.6848,-167.752170212766,3.82440425531915
"7759",775.8,25.6767612030075,-167.515483870968,3.824
"7760",775.9,25.6414976470588,-167.604288659794,3.82762886597938
"7761",776,25.6250245454545,-167.630514851485,3.82439603960396
"7762",776.1,25.6643142,-167.862909090909,3.82490909090909
"7763",776.2,25.6412016,-167.65486,3.825
"7764",776.3,25.6488336842105,-167.57467,3.825
"7765",776.4,25.6460098507463,-167.63543,3.82409
"7766",776.5,25.6542264646465,-167.560910891089,3.82580198019802
"7767",776.6,25.6489508910891,-167.749272727273,3.82418181818182
"7768",776.7,25.6241078,-167.441231481482,3.82568518518518
"7769",776.8,25.6291406,-167.595978494624,3.82421505376344
"7770",776.9,25.6410538613861,-167.604727272727,3.82672727272727
"7771",777,25.6428745454545,-167.540831683168,3.82519801980198
"7772",777.1,25.6376976237624,-167.5898,3.825
"7773",777.2,25.6258509090909,-167.504181818182,3.825
"7774",777.3,25.6438078,-167.387033898305,3.82422881355932
"7775",777.4,25.6418412,-167.625911111111,3.82481111111111
"7776",777.5,25.641527443609,-167.633666666667,3.825
"7777",777.6,25.6409959701493,-167.624272727273,3.82409090909091
"7778",777.7,25.655575050505,-167.72683,3.824
"7779",777.8,25.6374503,-167.64514953271,3.82485046728972
"7780",777.9,25.6284354,-167.620957446809,3.825
"7781",778,25.6454841353384,-167.53,3.825
"7782",778.1,25.6267564705882,-167.7108,3.825
"7783",778.2,25.6339512121212,-167.5493,3.825
"7784",778.3,25.6134402970297,-167.7045,3.8232
"7785",778.4,25.575226,-167.673207920792,3.82389108910891
"7786",778.5,25.577789,-167.53261,3.82578
"7787",778.6,25.5997417821782,-167.44747,3.82511
"7788",778.7,25.5852581818182,-167.34021,3.82233
"7789",778.8,25.5599110891089,-167.60212,3.82467
"7790",778.9,25.5620154545455,-167.693051282051,3.825
"7791",779,25.598489009901,-167.717939759036,3.825
"7792",779.1,25.5949863636364,-167.719723577236,3.825
"7793",779.2,25.6011758,-167.707142857143,3.825
"7794",779.3,25.6090942,-167.559660550459,3.825
"7795",779.4,25.6507390909091,-167.755210526316,3.825
"7796",779.5,25.6972635643564,-167.672951923077,3.82418269230769
"7797",779.6,25.6882785858586,-167.606260869565,3.824
"7798",779.7,25.6594159701493,-167.64016,3.824
"7799",779.8,25.6786553731343,-167.72955,3.82489
"7800",779.9,25.6617706,-167.60561,3.825
"7801",780,25.6844274,-167.493885496183,3.82432061068702
"7802",780.1,25.6641675757576,-167.496913043478,3.82484057971015
"7803",780.2,25.67192,-167.696961165049,3.825
"7804",780.3,25.6716906060606,-167.594160714286,3.825
"7805",780.4,25.6636257,-167.672047619048,3.82411904761905
"7806",780.5,25.6690702970297,-167.5773,3.824
"7807",780.6,25.6610707070707,-167.7747,3.8258
"7808",780.7,25.6581667326733,-167.7161,3.8251
"7809",780.8,25.6598214,-167.6548,3.825
"7810",780.9,25.6699798,-167.91,3.825
"7811",781,25.6699224,-167.698732142857,3.82419642857143
"7812",781.1,25.6482608080808,-167.799545454545,3.82577272727273
"7813",781.2,25.657412970297,-167.667623762376,3.82510891089109
"7814",781.3,25.6692043434343,-167.671474747475,3.82410101010101
"7815",781.4,25.6523431578947,-167.944,3.82489108910891
"7816",781.5,25.5991919402985,-167.78832,3.82233
"7817",781.6,25.6009275,-167.74097,3.82467
"7818",781.7,25.6094539,-167.80475,3.825
"7819",781.8,25.6057428282828,-167.89755,3.825
"7820",781.9,25.61616,-167.616727272727,3.825
"7821",782,25.6284473134328,-167.6803,3.825
"7822",782.1,25.5960012,-167.7288,3.8232
"7823",782.2,25.5996613861386,-167.7654,3.8266
"7824",782.3,25.617005050505,-167.6655,3.8252
"7825",782.4,25.6117789108911,-167.7458,3.825
"7826",782.5,25.6298386,-167.5634,3.825
"7827",782.6,25.6068038,-167.70596039604,3.825
"7828",782.7,25.5748534,-167.65213,3.825
"7829",782.8,25.5978846,-167.632529411765,3.825
"7830",782.9,25.6060596,-167.696375,3.82325
"7831",783,25.6158792929293,-167.7627,3.8248
"7832",783.1,25.6079613,-167.666796610169,3.825
"7833",783.2,25.6068779,-167.662219512195,3.825
"7834",783.3,25.5877891,-167.603,3.8277
"7835",783.4,25.5815077,-167.61172815534,3.8253786407767
"7836",783.5,25.6223371717172,-167.56606122449,3.82411224489796
"7837",783.6,25.6142835820895,-167.69706,3.82489
"7838",783.7,25.598802238806,-167.75138,3.825
"7839",783.8,25.6086656,-167.717623853211,3.82418348623853
"7840",783.9,25.6199976,-167.551637362637,3.82487912087912
"7841",784,25.6391836,-167.67952,3.825
"7842",784.1,25.6342153383459,-167.604505050505,3.825
"7843",784.2,25.6231770149254,-167.756178217822,3.82410891089109
"7844",784.3,25.6366661,-167.73194949495,3.824
"7845",784.4,25.6027200990099,-167.608485148515,3.82489108910891
"7846",784.5,25.6457068,-167.40532,3.825
"7847",784.6,25.6443476,-167.492190476191,3.82429365079365
"7848",784.7,25.6295114,-167.675918918919,3.82485135135135
"7849",784.8,25.6394581818182,-167.556525862069,3.825
"7850",784.9,25.6304002,-167.273031914894,3.825
"7851",785,25.6129372,-167.474355555556,3.82587777777778
"7852",785.1,25.6352895,-167.552825688073,3.8235504587156
"7853",785.2,25.6150522,-167.64,3.82566666666666
"7854",785.3,25.6232373737374,-167.556777777778,3.82551851851852
"7855",785.4,25.6446326732673,-167.565788888889,3.82412222222222
"7856",785.5,25.635595959596,-167.60326,3.824
"7857",785.6,25.6222084,-167.4824,3.82489
"7858",785.7,25.6519492,-167.600050505051,3.825
"7859",785.8,25.641582631579,-167.691633663366,3.825
"7860",785.9,25.6579275,-167.63158,3.82411
"7861",786,25.6361785858586,-167.686828282828,3.82489898989899
"7862",786.1,25.6655833663367,-167.516347826087,3.825
"7863",786.2,25.6455292,-167.715546511628,3.825
"7864",786.3,25.6450645,-167.51882,3.82411
"7865",786.4,25.6554043564356,-167.481909090909,3.82489898989899
"7866",786.5,25.6729337373737,-167.3748,3.8241
"7867",786.6,25.6617523762376,-167.510920792079,3.824
"7868",786.7,25.6257471717172,-167.63597979798,3.82579797979798
"7869",786.8,25.6373311,-167.715894736842,3.826
"7870",786.9,25.6757691,-167.599674418605,3.82511627906977
"7871",787,25.6725327272727,-167.3939,3.8259
"7872",787.1,25.6403166336633,-167.481,3.8242
"7873",787.2,25.6437324242424,-167.5065,3.824
"7874",787.3,25.6446124,-167.630079207921,3.82489108910891
"7875",787.4,25.637794,-167.625064,3.824288
"7876",787.5,25.6471721052632,-167.431826666667,3.82485333333333
"7877",787.6,25.6377425,-167.420676767677,3.825
"7878",787.7,25.6179085858586,-167.544714285714,3.82585714285714
"7879",787.8,25.596862,-167.68453125,3.82422916666667
"7880",787.9,25.5991356,-167.69466,3.82311
"7881",788,25.5888110526316,-167.60856,3.82389
"7882",788.1,25.5886429850746,-167.469161904762,3.82484761904762
"7883",788.2,25.6099575757576,-167.597914893617,3.82410638297872
"7884",788.3,25.5872099009901,-167.6889,3.824
"7885",788.4,25.5802388,-167.604428571429,3.824
"7886",788.5,25.6036976,-167.485844660194,3.82482524271845
"7887",788.6,25.5803869306931,-167.561152173913,3.825
"7888",788.7,25.5937645454545,-167.3507,3.8223
"7889",788.8,25.6059298019802,-167.3062,3.8238
"7890",788.9,25.5871934343434,-167.385,3.8249
"7891",789,25.5985548,-167.5677,3.825
"7892",789.1,25.6066948,-167.5447,3.8241
"7893",789.2,25.6090645454545,-167.5463,3.824
"7894",789.3,25.5645293069307,-167.3985,3.824
"7895",789.4,25.5699896969697,-167.542396039604,3.82489108910891
"7896",789.5,25.557102,-167.51661,3.825
"7897",789.6,25.5991935,-167.491613861386,3.82411881188119
"7898",789.7,25.6230518796992,-167.591367346939,3.82489795918367
"7899",789.8,25.6381088235294,-167.5067,3.8259
"7900",789.9,25.6504827272727,-167.5095,3.8251
"7901",790,25.6366812871287,-167.518128712871,3.82410891089109
"7902",790.1,25.617056,-167.60266,3.82489
"7903",790.2,25.629126,-167.4528,3.825
"7904",790.3,25.6240624752475,-167.618191919192,3.825
"7905",790.4,25.6001154545454,-167.772826086957,3.8234347826087
"7906",790.5,25.5887157425743,-167.50294117647,3.82388235294118
"7907",790.6,25.5985981818182,-167.727909090909,3.82318181818182
"7908",790.7,25.62031,-167.525333333334,3.82383333333333
"7909",790.8,25.628818,-167.558787234043,3.824
"7910",790.9,25.6124463636364,-167.4286,3.824
"7911",791,25.6454134653466,-167.369336633663,3.824
"7912",791.1,25.6124654545454,-167.442212121212,3.82489898989899
"7913",791.2,25.61829,-167.516948275862,3.82422413793103
"7914",791.3,25.6297925,-167.72980952381,3.82664285714286
"7915",791.4,25.6291831578947,-167.5598,3.8261
"7916",791.5,25.6331429411765,-167.570079207921,3.826
"7917",791.6,25.6492675757576,-167.42804,3.82422
"7918",791.7,25.6310435,-167.41623,3.824
"7919",791.8,25.6077095,-167.455695652174,3.824
"7920",791.9,25.6403809774436,-167.336862068966,3.824
"7921",792,25.7271482089552,-167.429408163265,3.82488775510204
"7922",792.1,25.7302258585859,-167.46625,3.825
"7923",792.2,25.7197889108911,-167.6292,3.82589
"7924",792.3,25.722833,-167.38556,3.826
"7925",792.4,25.707324,-167.51943,3.82333
"7926",792.5,25.728696039604,-167.518851485149,3.82476237623762
"7927",792.6,25.7188612121212,-167.617469387755,3.82589795918367
"7928",792.7,25.6810276237624,-167.3626,3.8242
"7929",792.8,25.6955087878788,-167.4482,3.8249
"7930",792.9,25.7079075,-167.3746,3.825
"7931",793,25.700692,-167.4505,3.825
"7932",793.1,25.691007,-167.431621621622,3.82256756756757
"7933",793.2,25.693497,-167.494344444444,3.82463333333333
"7934",793.3,25.6907728282828,-167.441070707071,3.82589898989899
"7935",793.4,25.6925686138614,-167.480336633663,3.82510891089109
"7936",793.5,25.6901123232323,-167.58398989899,3.825
"7937",793.6,25.6682234328358,-167.581216216216,3.825
"7938",793.7,25.6913583582089,-167.561368421053,3.82416842105263
"7939",793.8,25.6967115,-167.430384615385,3.824
"7940",793.9,25.6797115841584,-167.545742574258,3.82479207920792
"7941",794,25.638276060606,-167.2759,3.825
"7942",794.1,25.6591081188119,-167.5089,3.82589
"7943",794.2,25.6846984,-167.347504273504,3.82371794871795
"7944",794.3,25.6542576,-167.37643902439,3.82475609756098
"7945",794.4,25.653474,-167.400584158416,3.82321782178218
"7946",794.5,25.6099312121212,-167.221303030303,3.82389898989899
"7947",794.6,25.6462778217822,-167.353376237624,3.824
"7948",794.7,25.6213084848485,-167.402565656566,3.82489898989899
"7949",794.8,25.6265885,-167.310653465347,3.82410891089109
"7950",794.9,25.6199425,-167.258545454545,3.82489898989899
"7951",795,25.615003,-167.224789473684,3.825
"7952",795.1,25.622577,-167.240860465116,3.825
"7953",795.2,25.6221311111111,-167.5617,3.8241
"7954",795.3,25.6424728358209,-167.5079,3.8267
"7955",795.4,25.6482489552239,-167.402653465346,3.82521782178218
"7956",795.5,25.660666,-167.476475247525,3.82411881188119
"7957",795.6,25.64904,-167.5144,3.82488
"7958",795.7,25.6296101010101,-167.547333333333,3.82424786324786
"7959",795.8,25.6486280597015,-167.297482758621,3.82318390804598
"7960",795.9,25.6639593939394,-167.30375,3.823875
"7961",796,25.5917702,-167.39132,3.824
"7962",796.1,25.5798714851485,-167.4828,3.824
"7963",796.2,25.6021846464646,-167.411042105263,3.82810526315789
"7964",796.3,25.594364950495,-167.300136842105,3.82463157894737
"7965",796.4,25.5683815,-167.56244,3.824
"7966",796.5,25.528858,-167.48208,3.824
"7967",796.6,25.5331245544555,-167.56808,3.824
"7968",796.7,25.5715763636363,-167.41744,3.82488
"7969",796.8,25.567284059406,-167.45924,3.82324
"7970",796.9,25.5748209090909,-167.44248,3.82388
"7971",797,25.5572435,-167.40732,3.82488
"7972",797.1,25.5825854545455,-167.451,3.825
"7973",797.2,25.5896936,-167.45789,3.825
"7974",797.3,25.5452998,-167.15896,3.82411
"7975",797.4,25.5466702,-167.307852941176,3.824
"7976",797.5,25.5528843609023,-167.457510204082,3.824
"7977",797.6,25.5635549253731,-167.39557,3.824
"7978",797.7,25.5866898,-167.1724,3.82578
"7979",797.8,25.5495878217822,-167.349203539823,3.82521238938053
"7980",797.9,25.5978295,-167.368590909091,3.82413636363636
"7981",798,25.6029437593985,-167.29524,3.82488
"7982",798.1,25.6408642424242,-167.33,3.82330769230769
"7983",798.2,25.6809168,-167.373875,3.823875
"7984",798.3,25.675985,-167.145678899083,3.824
"7985",798.4,25.7050604,-167.274043956044,3.824
"7986",798.5,25.7027744,-167.248361904762,3.8248380952381
"7987",798.6,25.7424314,-167.008221052631,3.82412631578947
"7988",798.7,25.7398499009901,-167.210555555555,3.824
"7989",798.8,25.726867,-167.20707,3.82489
"7990",798.9,25.7128495,-167.303125,3.82420535714286
"7991",799,25.721236,-167.37975,3.824875
"7992",799.1,25.7230556565657,-167.25617,3.82411
"7993",799.2,25.6708082089552,-167.25246,3.824
"7994",799.3,25.6416189552239,-167.18013,3.824
"7995",799.4,25.638703,-167.315827272727,3.824
"7996",799.5,25.605958,-167.486933333333,3.824
"7997",799.6,25.6236063636364,-167.5505,3.824
"7998",799.7,25.5882197744361,-167.563272727273,3.824
"7999",799.8,25.5686751515152,-167.343297872341,3.82487234042553
"8000",799.9,25.60655,-167.161138613861,3.82412871287129
"8001",800,25.601432970297,-167.262909090909,3.824
"8002",800.1,25.5909638,-167.382532110092,3.824
"8003",800.2,25.616286,-167.284593406594,3.824
"8004",800.3,25.6226094,-167.13,3.824
"8005",800.4,25.597087,-167.20912,3.82489
"8006",800.5,25.588597029703,-167.077366336634,3.82411881188119
"8007",800.6,25.5979565,-167.21992,3.82488
"8008",800.7,25.6068766336634,-167.07744,3.825
"8009",800.8,25.6048852,-167.070111111111,3.82766666666667
"8010",800.9,25.607626969697,-167.19838,3.82444
"8011",801,25.579381,-167.18552,3.824
"8012",801.1,25.598753,-167.27456,3.824
"8013",801.2,25.584761,-167.21747,3.82489
"8014",801.3,25.617655,-167.30868,3.82411
"8015",801.4,25.6605416541353,-167.277585365854,3.82472357723577
"8016",801.5,25.6687272727273,-167.14,3.825
"8017",801.6,25.6818662,-167.144666666667,3.82411111111111
"8018",801.7,25.7185974,-167.097772277228,3.82576237623762
"8019",801.8,25.7348212,-167.137222222222,3.826
"8020",801.9,25.7275073684211,-167.133306930693,3.82423762376237
"8021",802,25.7439973134328,-167.02728,3.824
"8022",802.1,25.7053395959596,-167.19076,3.824
"8023",802.2,25.6923151,-167.302128712871,3.82487128712871
"8024",802.3,25.6972686,-167.217454545455,3.82412121212121
"8025",802.4,25.6966623,-167.131172413793,3.82324137931034
"8026",802.5,25.7227811881188,-167.0528,3.8254
"8027",802.6,25.6832729292929,-167.012242105263,3.82513684210526
"8028",802.7,25.671819009901,-166.862121212121,3.82412121212121
"8029",802.8,25.6559298,-166.860796116505,3.824
"8030",802.9,25.7103074,-166.94724742268,3.824
"8031",803,25.7074426,-167.10948,3.824
"8032",803.1,25.6956026315789,-167.32008,3.824
"8033",803.2,25.702938030303,-167.049186440678,3.82474576271186
"8034",803.3,25.7129591,-167.228,3.82414634146342
"8035",803.4,25.728258,-167.11672,3.82312
"8036",803.5,25.6945199,-167.233666666667,3.82477777777778
"8037",803.6,25.6421145864661,-167.14331,3.82411
