"","time_point","temperature","load","voltage"
"1",0,22.0211659398496,-66.8391304347826,4.0860652173913
"2",0.1,22.027759924812,-66.8914918032787,4.08419672131147
"3",0.2,21.9912403759398,-67.0236666666667,4.084
"4",0.3,21.9872779699248,-66.9923043478261,4.084
"5",0.4,21.9925327272727,-67.079306122449,4.084
"6",0.5,22.0009104477612,-67.0689411764706,4.083
"7",0.6,22.0144328358209,-67.01825,4.08469444444444
"8",0.7,22.0095506766917,-66.9385555555556,4.084
"9",0.8,22.0236183458647,-66.8690344827586,4.084
"10",0.9,21.9986307070707,-66.8396935483871,4.084
"11",1,22.0309876119403,-66.8888533333333,4.08410666666667
"12",1.1,22.0283682089552,-66.8935777777778,4.08664444444444
"13",1.2,22.0221381203008,-66.9282333333333,4.084
"14",1.3,22.0155441353383,-67.0991111111111,4.084
"15",1.4,22.0137917,-66.9584666666667,4.084
"16",1.5,21.9845699,-67.0559333333333,4.084
"17",1.6,22.0151915,-67.0384347826087,4.083
"18",1.7,22.0095231578947,-67.0096666666667,4.08433333333333
"19",1.8,22.0218389473684,-66.806393442623,4.084
"20",1.9,22.0259602255639,-66.9622909090909,4.084
"21",2,22.0439827819549,-67.1174444444444,4.084
"22",2.1,22.0673385,-67.179,4.08366666666667
"23",2.2,22.0731831060606,-68.3704285714286,4.08328571428571
"24",2.3,22.0784937121212,-68.7457291666667,4.08604166666667
"25",2.4,22.0806507518797,-68.7657777777778,4.084
"26",2.5,22.0766883458647,-68.6812826086957,4.084
"27",2.6,22.0717674,-68.5452962962963,4.08414814814815
"28",2.7,22.0914684210526,-68.549,4.086
"29",2.8,22.1028894736842,-67.1890666666667,4.08304444444444
"30",2.9,22.0685906015038,-67.0041090909091,4.084
"31",3,22.0843970588235,-66.8746444444444,4.084
"32",3.1,22.093,-67.4974130434783,4.08289130434783
"33",3.2,22.11228,-68.7235,4.0855
"34",3.3,22.08599,-68.7494285714286,4.08473469387755
"35",3.4,22.09884,-68.6731960784314,4.084
"36",3.5,22.1072490909091,-68.678447761194,4.084
"37",3.6,22.1110282,-68.6065217391304,4.08419565217391
"38",3.7,22.103041,-68.5127551020408,4.086
"39",3.8,22.1139415151515,-68.5396538461538,4.084
"40",3.9,22.1050258208955,-69.0585454545455,4.084
"41",4,22.0928168656716,-72.1281086956521,4.084
"42",4.1,22.0836412030075,-73.6342826086957,4.08482608695652
"43",4.2,22.0827615037594,-76.0973461538462,4.086
"44",4.3,22.1057332,-78.2194782608696,4.085
"45",4.4,22.0943412781955,-80.2126595744681,4.084
"46",4.5,22.1114690977444,-82.9472173913043,4.084
"47",4.6,22.0860855639098,-85.7673043478261,4.08304347826087
"48",4.7,22.0913637593985,-72.0140769230769,4.08488461538462
"49",4.8,22.1101943564356,-68.6531739130435,4.084
"50",4.9,22.0935712030075,-70.056914893617,4.084
"51",5,22.0926915037594,-73.477,4.084
"52",5.1,22.0938172932331,-73.617,4.08545454545455
"53",5.2,22.0766819548872,-76.5133478260869,4.086
"54",5.3,22.0711870707071,-78.5912608695652,4.08497826086957
"55",5.4,22.053599,-80.678625,4.084
"56",5.5,22.069527029703,-83.1608125,4.084
"57",5.6,22.0358661363636,-85.5326785714286,4.08319642857143
"58",5.7,22.0504797727273,-87.355724137931,4.08472413793104
"59",5.8,22.0510166917293,-89.33875,4.08475
"60",5.9,22.0558512781955,-91.1794137931034,4.084
"61",6,22.039639,-92.457625,4.084
"62",6.1,22.0596978787879,-93.012,4.0835
"63",6.2,22.0605918181818,-92.8459074074074,4.08361111111111
"64",6.3,22.0778658646617,-93.675,4.084
"65",6.4,22.0800613533835,-95.78025,4.084
"66",6.5,22.0667763,-97.041358490566,4.084
"67",6.6,22.0879640601504,-98.0746041666667,4.084
"68",6.7,22.0760993984962,-97.1982307692308,4.084
"69",6.8,22.0892922556391,-89.3505208333333,4.085
"70",6.9,22.063367443609,-91.0628125,4.084
"71",7,22.068228,-92.2429473684211,4.084
"72",7.1,22.057876,-92.8728695652174,4.084
"73",7.2,22.0826892079208,-92.9330625,4.0821875
"74",7.3,22.0351256060606,-93.0400769230769,4.08435384615385
"75",7.4,22.0346862121212,-94.518186440678,4.084
"76",7.5,22.0461582,-96.5265625,4.084
"77",7.6,22.041729,-97.5606458333333,4.084
"78",7.7,22.0215092,-98.7764,4.084
"79",7.8,22.0414193984962,-99.726,4.0841875
"80",7.9,22.0343893233083,-100.733625,4.084
"81",8,22.0417885714286,-101.38425,4.084
"82",8.1,22.0532171428571,-102.067615384615,4.084
"83",8.2,22.0382586,-102.542242424242,4.084
"84",8.3,22.0476560150376,-103.40325,4.084
"85",8.4,22.0309567669173,-104.480897959184,4.084
"86",8.5,22.0294139393939,-105.403471698113,4.084
"87",8.6,22.0356109090909,-106.547923076923,4.084
"88",8.7,22.0375753,-107.429652173913,4.08486956521739
"89",8.8,22.04098,-108.4025,4.08015384615385
"90",8.9,22.04098,-103.78375,4.084
"91",9,22.0378952272727,-101.318282608696,4.084
"92",9.1,22.052069469697,-102.029617021277,4.084
"93",9.2,22.0520385,-102.650760869565,4.084
"94",9.3,22.0320412,-103.547382978723,4.084
"95",9.4,22.0466841584158,-104.598260869565,4.084
"96",9.5,22.0799730827068,-105.573019607843,4.084
"97",9.6,22.0716272180451,-106.7675,4.084
"98",9.7,22.0627339393939,-107.648294117647,4.085
"99",9.8,22.0751278787879,-108.655978723404,4.08204255319149
"100",9.9,22.0749618,-107.632654545455,4.084
"101",10,22.0788382706767,-108.357015625,4.084
"102",10.1,22.0722518045113,-110.734869565217,4.08421739130435
"103",10.2,22.093053030303,-112.150913043478,4.08339130434783
"104",10.3,22.0957045454545,-114.093173913044,4.08458695652174
"105",10.4,22.0779929,-116.387065217391,4.084
"106",10.5,22.084375037594,-117.168913043478,4.084
"107",10.6,22.0892096240601,-118.071923076923,4.08465384615385
"108",10.7,22.0842222727273,-118.628,4.08435714285714
"109",10.8,22.064298030303,-115.76768627451,4.084
"110",10.9,22.0687131,-107.473130434783,4.084
"111",11,22.0773253383459,-108.959548387097,4.084
"112",11.1,22.0808366165414,-110.943714285714,4.08453968253968
"113",11.2,22.0751945454545,-112.259042553192,4.08353191489362
"114",11.3,22.0663460606061,-114.325745454545,4.08441818181818
"115",11.4,22.0480136363636,-116.486607843137,4.084
"116",11.5,21.9928944,-117.231347826087,4.084
"117",11.6,22.002424950495,-118.146777777778,4.08477777777778
"118",11.7,21.9747285714286,-118.817553191489,4.08412765957447
"119",11.8,21.9690142857143,-119.558959183673,4.084
"120",11.9,21.9783745454545,-120.446617021277,4.084
"121",12,21.9766018181818,-120.42852173913,4.084
"122",12.1,21.9857389,-120.839,4.08308
"123",12.2,21.9765972180451,-120.827142857143,4.084
"124",12.3,21.9748378195489,-120.957978723404,4.084
"125",12.4,21.9784897727273,-124.555826086957,4.084
"126",12.5,21.9811488636364,-125.343106382979,4.084
"127",12.6,21.9646744,-125.79814893617,4.08446808510638
"128",12.7,21.9725956390977,-123.95226,4.08524
"129",12.8,21.9879866165414,-119.870636363636,4.084
"130",12.9,21.968487443609,-120.4928,4.084
"131",13,21.9689235338346,-120.509492537313,4.084
"132",13.1,21.96781,-120.848652173913,4.08369565217391
"133",13.2,21.9652872,-120.68602173913,4.084
"134",13.3,21.9454077227723,-121.603680851064,4.084
"135",13.4,21.9536685714286,-124.821571428571,4.084
"136",13.5,21.9479542857143,-125.344826086957,4.084
"137",13.6,21.9428578787879,-125.799923076923,4.08446153846154
"138",13.7,21.9787518181818,-126.727363636364,4.08345454545455
"139",13.8,21.9974185,-127.993893617021,4.084
"140",13.9,22.0072531343284,-128.308615384615,4.084
"141",14,22.0133576119403,-128.853234042553,4.084
"142",14.1,22.0219930075188,-130.63985106383,4.08208510638298
"143",14.2,22.012759924812,-132.130365384615,4.08471153846154
"144",14.3,22.0183218181818,-133.158106382979,4.084
"145",14.4,22.0219695522388,-133.990615384615,4.084
"146",14.5,21.999708358209,-135.048307692308,4.084
"147",14.6,21.9881391729323,-135.826574468085,4.08414893617021
"148",14.7,21.9828684962406,-135.026842105263,4.083
"149",14.8,21.9750015151515,-128.74529787234,4.084
"150",14.9,21.9970252238806,-128.305957446809,4.084
"151",15,21.9944058208955,-128.806829787234,4.084
"152",15.1,21.9912878947368,-130.531554216867,4.08302409638554
"153",15.2,22.0062352631579,-131.542957446809,4.0838085106383
"154",15.3,22.00889,-132.583627906977,4.08441860465116
"155",15.4,21.9965979207921,-133.352239130435,4.084
"156",15.5,21.9976868,-134.4316,4.084
"157",15.6,21.9969540601504,-135.46531372549,4.08374509803921
"158",15.7,21.9925555639098,-135.975446808511,4.08510638297872
"159",15.8,22.0178105263158,-138.098039215686,4.084
"160",15.9,22.0054947368421,-138.304936170213,4.084
"161",16,22.0139606060606,-137.798727272727,4.084
"162",16.1,22.0278383458647,-139.546,4.084
"163",16.2,22.0062969924812,-140.547085106383,4.08357446808511
"164",16.3,21.9955633834586,-141.418177419355,4.083
"165",16.4,22.0003979699248,-142.707085106383,4.084
"166",16.5,22.0046258585859,-144.875063829787,4.084
"167",16.6,22.0028918656716,-144.948510638298,4.08355319148936
"168",16.7,22.0129291791045,-146.1653125,4.085546875
"169",16.8,22.0251681954887,-146.0105,4.084
"170",16.9,22.0247321052632,-138.237361702128,4.084
"171",17,22.0280858585859,-137.794695652174,4.084
"172",17.1,22.0129792079208,-139.402,4.08365217391304
"173",17.2,22.00319,-140.255170212766,4.08314893617021
"174",17.3,22.0088410447761,-141.381106382979,4.083
"175",17.4,22.0241171641791,-142.379690909091,4.084
"176",17.5,21.9983167669173,-144.749212765957,4.084
"177",17.6,22.0185423308271,-144.81744,4.08416
"178",17.7,22.0576642424242,-146.07285106383,4.08544680851064
"179",17.8,22.0490379104478,-147.497,4.084
"180",17.9,22.0459856716418,-148.106765957447,4.084
"181",18,22.0711160902256,-148.543673913043,4.084
"182",18.1,22.0500183458647,-149.046862745098,4.08401960784314
"183",18.2,22.0240061616162,-151.519,4.086
"184",18.3,22.0245659259259,-151.511181818182,4.084
"185",18.4,22.0470844444444,-151.248659574468,4.084
"186",18.5,22.0342512030075,-151.938642857143,4.084
"187",18.6,22.0412812781955,-152.477245283019,4.085
"188",18.7,22.0445606060606,-153.050042553192,4.085
"189",18.8,22.0472913432836,-154.856098039216,4.084
"190",18.9,22.0590749253731,-149.535652173913,4.084
"191",19,22.0461696240602,-148.616765957447,4.084
"192",19.1,22.0444102255639,-148.645346153846,4.08353846153846
"193",19.2,22.0511252,-151.383603773585,4.0868679245283
"194",19.3,22.0700916161616,-151.577239130435,4.084
"195",19.4,22.0664615,-151.472319148936,4.084
"196",19.5,22.0512592537313,-152.056959183673,4.084
"197",19.6,22.0582443283582,-152.48470212766,4.085
"198",19.7,22.0574121804511,-152.809052631579,4.085
"199",19.8,22.0152166917293,-155.1662,4.084
"200",19.9,21.9877227272727,-156.15685106383,4.084
"201",20,21.9863380597015,-157.095382978723,4.084
"202",20.1,21.9810992537313,-157.408468085106,4.087
"203",20.2,21.975462406015,-158.78485106383,4.08476595744681
"204",20.3,21.9517105263158,-157.146166666666,4.084
"205",20.4,21.95773,-160.667,4.084
"206",20.5,21.9435121052632,-159.512063829787,4.08312765957447
"207",20.6,21.9593542105263,-158.367470588235,4.08529411764706
"208",20.7,21.967694887218,-158.500914893617,4.085
"209",20.8,21.9549430075188,-155.449722222222,4.084
"210",20.9,21.9719165,-156.062636363636,4.084
"211",21,21.9583735,-157.770468085106,4.08514893617021
"212",21.1,21.934033,-158.505411764706,4.08558823529412
"213",21.2,21.9472349253731,-158.37416,4.08464
"214",21.3,21.9555334328358,-159.933117647059,4.084
"215",21.4,21.9799059398496,-160.307425531915,4.084
"216",21.5,21.9733044360902,-159.687382978723,4.08308510638298
"217",21.6,21.9649132,-158.467,4.08549090909091
"218",21.7,21.9640889473684,-158.811234042553,4.08444680851064
"219",21.8,21.9715626315789,-159.721141732283,4.08468503937008
"220",21.9,21.9861773684211,-160.178,4.084
"221",22,22.0011247368421,-161.425808510638,4.084
"222",22.1,22.003326,-161.973411764706,4.08547058823529
"223",22.2,21.9990777443609,-163.522465517241,4.08246551724138
"224",22.3,22.0030326315789,-164.736432432432,4.08597297297297
"225",22.4,22.0343388721804,-164.413212765957,4.084
"226",22.5,22.030820075188,-164.59108,4.084
"227",22.6,21.996623,-165.101680851064,4.08321276595745
"228",22.7,22.0099156390977,-165.059510638298,4.08408510638298
"229",22.8,22.0200284210526,-165.258,4.084
"230",22.9,22.0110890909091,-165.04,4.084
"231",23,22.0212709090909,-165.632916666667,4.084
"232",23.1,22.0371354,-166.696591836735,4.08315306122449
"233",23.2,22.0416466,-166.69389380531,4.08581415929204
"234",23.3,22.050909009901,-166.763805309735,4.0831592920354
"235",23.4,22.0335506015038,-169.917449438202,4.084
"236",23.5,22.0603626315789,-170.501542857143,4.08412380952381
"237",23.6,22.0543595488722,-172.151359223301,4.08492233009709
"238",23.7,22.0297505263158,-173.468461538462,4.084
"239",23.8,22.0194325,-172.72978,4.08414
"240",23.9,22.0332427067669,-176.467740740741,4.08487037037037
"241",24,22.0538968421053,-177.64506185567,4.084
"242",24.1,22.0154877443609,-176.194669902913,4.084
"243",24.2,22.0194501503759,-175.605,4.08406
"244",24.3,22.022965,-180.422434782609,4.0849347826087
"245",24.4,22.0246627819549,-179.245582524272,4.08427184466019
"246",24.5,22.025542481203,-178.065702970297,4.08578217821782
"247",24.6,22.0390127272727,-177.595789473684,4.084
"248",24.7,22.0257248484848,-182.424346534653,4.084
"249",24.8,22.035825,-181.654595959596,4.084
"250",24.9,22.0376104,-180.282647058823,4.084
"251",25,22.0369965346535,-179.192636363636,4.08386868686869
"252",25.1,21.9916804511278,-178.600950819672,4.08311475409836
"253",25.2,21.9762894736842,-180.014885245902,4.08393442622951
"254",25.3,21.9734842857143,-185.229473684211,4.08326315789474
"255",25.4,21.95677,-183.73064,4.08499
"256",25.5,21.9628785,-182.687681318681,4.084
"257",25.6,21.9565718796992,-181.049384615385,4.084
"258",25.7,21.9526094736842,-180.281176470588,4.084
"259",25.8,21.9524002272727,-180.428301075269,4.084
"260",25.9,21.9586047727273,-190.561105769231,4.084
"261",26,21.9417846,-188.805866666667,4.084
"262",26.1,21.9634205263158,-187.6368,4.08386
"263",26.2,21.9572626315789,-186.677465346535,4.07713861386139
"264",26.3,21.9717886363636,-185.75,4.08401136363636
"265",26.4,21.9784325757576,-185.950212962963,4.08475925925926
"266",26.5,21.9642062,-193.791198019802,4.0830495049505
"267",26.6,21.9429139097744,-194.109391752577,4.084
"268",26.7,21.936312406015,-192.398659574468,4.084
"269",26.8,21.931765,-191.152898148148,4.084
"270",26.9,21.9636816666667,-190.409736263736,4.084
"271",27,21.9612012121212,-189.874867256637,4.08387610619469
"272",27.1,21.9755213,-189.340057471264,4.08298850574713
"273",27.2,21.9768808910891,-193.88788,4.08256
"274",27.3,21.9884295488722,-193.661542056075,4.08573831775701
"275",27.4,21.9994220300752,-192.69235483871,4.084
"276",27.5,21.9997135606061,-191.574456140351,4.084
"278",27.7,21.9930938,-190.018197802198,4.084
"279",27.8,21.9855623308271,-190.383653846154,4.084
"280",27.9,21.9974345112782,-196.4476,4.0841
"281",28,21.9971295454545,-197.128783505155,4.08469072164948
"282",28.1,22.016621969697,-196.117271028037,4.0821214953271
"283",28.2,22.0029867,-195.501625,4.083
"284",28.3,21.9966321052632,-194.748254901961,4.083
"285",28.4,22.0146621804511,-194.288659574468,4.08317021276596
"286",28.5,22.0207193939394,-196.251495049505,4.08486138613861
"287",28.6,21.9985678787879,-203.415555555556,4.084
"288",28.7,21.9909868,-201.519829059829,4.084
"289",28.8,22.0182206,-200.222321428571,4.084
"290",28.9,22.0174632673267,-199.439673469388,4.084
"291",29,21.999971641791,-198.616338582677,4.084
"292",29.1,21.9986656716418,-198.094291338583,4.084
"293",29.2,22.0001861616162,-197.599073684211,4.08318947368421
"294",29.3,21.9813005882353,-201.352685185185,4.08487037037037
"295",29.4,21.9900392929293,-207.130282608696,4.084
"296",29.5,21.987312238806,-205.396730769231,4.084
"297",29.6,21.9663570149254,-204.180291262136,4.084
"298",29.7,21.9927357142857,-203.295147058824,4.084
"299",29.8,21.99845,-202.575916666667,4.084
"300",29.9,21.9895778787879,-201.99425,4.084
"301",30,21.9805970895522,-201.387548387097,4.08407258064516
"302",30.1,21.9701269402985,-200.871419354839,4.08487903225806
"303",30.2,21.9728984210526,-205.805421052632,4.085
"304",30.3,21.9944472932331,-207.487581632653,4.08690816326531
"305",30.4,22.0118203030303,-206.601652173913,4.084
"306",30.5,22.0107410447761,-205.657,4.084
"307",30.6,21.9797559701493,-205.018433962264,4.084
"308",30.7,21.9740378947368,-204.612144654088,4.084
"309",30.8,21.9617221052632,-203.764235294118,4.084
"310",30.9,21.9832128282828,-205.105466666667,4.08402222222222
"311",31,21.991046,-209.134413793103,4.08590517241379
"312",31.1,21.975456039604,-208.165448275862,4.08504310344828
"313",31.2,21.9804115789474,-207.207154639175,4.0830412371134
"314",31.3,21.9588627067669,-206.49432,4.08414
"315",31.4,21.9515617293233,-205.612320754717,4.0848679245283
"316",31.5,21.9427572180451,-205.201784313725,4.084
"317",31.6,21.9595706060606,-204.856330434783,4.084
"318",31.7,21.9657320895522,-209.128504347826,4.084
"319",31.8,21.9517619402985,-213.2279,4.084
"320",31.9,21.943802631579,-211.979386792453,4.084
"321",32,21.9508402255639,-210.907644230769,4.08386538461538
"322",32.1,21.9411653535354,-210.273710280374,4.08205607476636
"323",32.2,21.9586210447761,-209.630719626168,4.08392523364486
"324",32.3,21.9525091044776,-209.417294736842,4.08485263157895
"325",32.4,21.9517466165414,-219.964738317757,4.08311214953271
"326",32.5,21.9548293233083,-219.749532608696,4.084
"327",32.6,21.9382623,-218.09238,4.084
"328",32.7,21.9562693,-216.95075,4.084
"329",32.8,21.9508147,-216.021888888889,4.084
"330",32.9,21.9633894736842,-215.067188034188,4.084
"331",33,21.9409533834586,-215.218777777778,4.08411111111111
"332",33.1,21.9615386,-220.609376068376,4.08496581196581
"333",33.2,21.9570162,-226.16478,4.08572
"334",33.3,21.982677979798,-224.298472727273,4.084
"335",33.4,21.9742131343284,-223.088622222222,4.084
"336",33.5,22.0313773134328,-221.949495327103,4.084
"337",33.6,22.0339647368421,-221.093942307692,4.084
"338",33.7,22.0423181203007,-220.31135,4.084
"339",33.8,22.0653326,-220.022179775281,4.084
"340",33.9,22.0853768421053,-229.74622,4.08428
"341",34,22.0770460150376,-228.325051724138,4.08539655172414
"342",34.1,22.050277518797,-226.939706896552,4.08108620689655
"343",34.2,22.0568715037594,-225.531038834951,4.083
"344",34.3,22.0583803,-224.533053097345,4.08310619469027
"345",34.4,22.0411647368421,-223.733938053097,4.08487610619469
"346",34.5,22.0438038345865,-225.459076923077,4.084
"347",34.6,22.0460546616541,-231.897428571428,4.084
"348",34.7,22.0583629323308,-229.974058823529,4.084
"349",34.8,22.0562916,-228.702692307692,4.084
"350",34.9,22.06408,-227.702434343434,4.08373737373737
"351",35,22.0608128,-226.844448275862,4.08236206896552
"352",35.1,22.0601302985075,-226.554793103448,4.08494827586207
"353",35.2,22.0583840298507,-234.433087719298,4.08563157894737
"355",35.4,22.0330815037594,-231.932564356436,4.084
"356",35.5,22.0532765,-230.915266666667,4.084
"357",35.6,22.0695321052632,-229.83397979798,4.084
"358",35.7,22.0765621804511,-230.602461538461,4.084
"359",35.8,22.0849079699248,-236.054412371134,4.084
"360",35.9,22.078757593985,-234.38179,4.08387
"361",36,22.0647616,-232.950436363636,4.08311818181818
"362",36.1,22.0755579699248,-232.089921348315,4.084
"363",36.2,22.069407593985,-231.812203703704,4.084
"364",36.3,22.0811681818182,-235.473069306931,4.084
"365",36.4,22.0793954545455,-237.335666666667,4.084
"367",36.6,22.0719128,-234.920736263736,4.084
"368",36.7,22.0717874257426,-234.368423423423,4.08411711711712
"369",36.8,22.0760815909091,-234.990368421052,4.08495789473684
"370",36.9,22.0681043181818,-241.892873786408,4.08320388349515
"371",37,22.0753032,-239.968153846154,4.08586813186813
"372",37.1,22.0543816,-238.60015,4.083
"373",37.2,22.069244,-237.7922,4.08326
"374",37.3,22.0927436842105,-237.919366071428,4.08488392857143
"375",37.4,22.1041647368421,-242.586163934426,4.084
"376",37.5,22.069172556391,-241.402557377049,4.084
"377",37.6,22.0489545112782,-239.752018518518,4.084
"378",37.7,22.0450712,-239.174423913043,4.08405434782609
"379",37.8,22.0335638345865,-240.514080808081,4.08513131313131
"380",37.9,22.0577367669173,-244.12894,4.08614
"381",38,22.0454245454545,-242.43912,4.08658
"382",38.1,22.0498563636364,-241.29656,4.08386
"383",38.2,22.0528776,-240.480009009009,4.083
"384",38.3,22.0353156390977,-241.7995,4.08303125
"385",38.4,22.0375111278195,-246.29317,4.084
"386",38.5,22.0395624242424,-244.74097,4.084
"387",38.6,22.0218427272727,-243.438357142857,4.084
"388",38.7,22.036498,-242.880775700935,4.084
"389",38.8,22.0490151,-246.244636363636,4.084
"390",38.9,22.0363446534653,-246.171181818182,4.08425454545455
"391",39,22.043819924812,-245.141044444444,4.08591111111111
"392",39.1,22.0574439849624,-244.324495049505,4.08413861386139
"393",39.2,22.052062406015,-245.49779,4.08487
"394",39.3,22.059092481203,-247.871780701754,4.084
"395",39.4,22.0666244,-246.839324561403,4.084
"396",39.5,22.0695866165414,-245.967275862069,4.084
"397",39.6,22.0326693233083,-247.06562,4.084
"398",39.7,22.0038215151515,-248.237403846154,4.084
"399",39.8,21.9852154545455,-247.218958333333,4.08410416666667
"400",39.9,21.9752159,-246.919072727273,4.08487272727273
"401",40,21.9766681954887,-249.325977777778,4.084
"402",40.1,21.9573148120301,-248.763211538462,4.08386538461538
"403",40.2,21.9448343181818,-248.082603773585,4.08318867924528
"404",40.3,21.9683267424242,-248.377505154639,4.0849587628866
"405",40.4,21.9676798,-248.212595959596,4.084
"406",40.5,21.9599537,-248.690615384615,4.084
"407",40.6,21.9636625742574,-249.299054945055,4.084
"408",40.7,21.9754896969697,-249.67881,4.084
"409",40.8,21.9901109090909,-250.319033057851,4.084
"410",40.9,21.9926872727273,-250.311595041322,4.084
"411",41,21.9742173,-250.944458333333,4.084
"412",41.1,21.9647656,-252.921538461539,4.084
"413",41.2,21.9966280451128,-254.310961538462,4.084
"414",41.3,21.9781618796992,-255.868443396226,4.084
"415",41.4,21.9727860606061,-256.235929292929,4.084
"416",41.5,21.9683618181818,-256.49585106383,4.084
"417",41.6,21.9771243,-256.967,4.084
"418",41.7,21.9833843609023,-261.151955752212,4.0839203539823
"419",41.8,21.999655037594,-261.862575221239,4.08303539823009
"420",41.9,21.9863427272727,-263.51244,4.08684
"421",42,21.9770396969697,-265.74095,4.084
"422",42.1,21.9995469,-266.122967391304,4.08394565217391
"423",42.2,21.9716316541353,-265.864046728972,4.0831214953271
"424",42.3,21.9808722556391,-266.14904,4.084
"425",42.4,21.9773729545455,-268.386956521739,4.084
"426",42.5,21.9658502272727,-269.192777777778,4.084
"427",42.6,21.9553336363636,-270.3931,4.084
"428",42.7,21.956706,-270.8135,4.083875
"429",42.8,21.9910032673267,-272.431339805825,4.0824854368932
"430",42.9,21.9727183458647,-272.776784946237,4.08684946236559
"431",43,21.9744777443609,-272.980477477477,4.08487387387387
"432",43.1,21.9842375757576,-272.949806122449,4.0840306122449
"433",43.2,21.9767072727273,-272.52477173913,4.08494565217391
"434",43.3,21.9882317,-272.40095,4.084
"435",43.4,22.0019988721805,-272.576306930693,4.084
"436",43.5,21.9716530075188,-273.929204081633,4.08412244897959
"437",43.6,21.9776790909091,-275.837470588235,4.08486274509804
"438",43.7,21.9825578787879,-276.350454545455,4.08363636363636
"439",43.8,21.9922363636364,-276.141742574257,4.08164356435644
"440",43.9,22.0242835820896,-276.279578947368,4.08578947368421
"441",44,22.0151194029851,-276.709403508772,4.0840350877193
"442",44.1,22.0085918796992,-276.830412371134,4.08210309278351
"443",44.2,22.0121106766917,-276.672261682243,4.0831214953271
"444",44.3,22.0254072727273,-277.416042553191,4.084
"445",44.4,22.032971,-277.869044247788,4.084
"446",44.5,22.02929,-278.461079646018,4.084
"447",44.6,22.0302393984962,-278.466047619048,4.084
"448",44.7,22.0407882706767,-278.027,4.084
"449",44.8,22.0538409090909,-279.035411214953,4.084
"450",44.9,22.03265,-280.444347826087,4.08568695652174
"451",45,22.0513418181818,-281.313913043478,4.08307826086957
"452",45.1,22.0370487218045,-282.161169491525,4.08489830508475
"453",45.2,22.0269359398496,-282.495915254237,4.08405084745763
"454",45.3,22.01525,-283.114775510204,4.084
"455",45.4,22.01525,-283.988907216495,4.084
"456",45.5,22.0288408,-284.917597938144,4.084
"457",45.6,22.0300377443609,-285.561424242424,4.084
"458",45.7,22.0247595488722,-285.62203,4.08413
"459",45.8,22.0403066666667,-285.946540540541,4.085
"460",45.9,22.03189,-286.223873873874,4.08498198198198
"461",46,22.0345509090909,-286.317567567568,4.08408108108108
"462",46.1,22.0218923308271,-287.234357894737,4.084
"463",46.2,22.0122156390977,-287.96871,4.084
"464",46.3,22.0197120895522,-288.749875,4.084
"465",46.4,22.0175329850746,-289.60397,4.084
"466",46.5,22.0027672727273,-290.11875,4.08391666666667
"467",46.6,21.987419,-289.434147368421,4.08302105263158
"468",46.7,21.9756408910891,-288.455106382979,4.085
"469",46.8,21.9951270676692,-289.132666666667,4.08488888888889
"470",46.9,22.0184278195489,-289.748083333333,4.08404166666667
"471",47,22.0208878787879,-290.2054,4.085
"472",47.1,21.9889863636364,-290.7229,4.085
"473",47.2,21.9778292,-291.265408163265,4.08410204081633
"474",47.3,21.9768702255639,-291.8556,4.084
"475",47.4,21.9649980451128,-291.778535714286,4.084
"477",47.6,21.9710522556391,-293.045779816514,4.084
"478",47.7,21.9741558585859,-293.743027522936,4.084
"479",47.8,21.9785642105263,-294.017364485981,4.085
"480",47.9,21.9737221052632,-294.551171717172,4.08494949494949
"481",48,21.9742320300752,-295.207806451613,4.084
"482",48.1,21.9733523308271,-296.09218627451,4.084
"483",48.2,21.9678105050505,-297.125673469388,4.084
"484",48.3,21.9629862376238,-298.1829,4.084
"485",48.4,21.967767,-298.825079207921,4.084
"486",48.5,21.9421401503759,-298.860102803738,4.084
"487",48.6,21.9597416541353,-298.790446808511,4.084
"488",48.7,21.9703263636364,-299.435010204082,4.084
"489",48.8,21.9595857425743,-300.06172,4.08413
"490",48.9,21.94916,-300.757805084746,4.085
"491",49,21.9514650746269,-301.133228813559,4.085
"492",49.1,21.9724202985075,-301.83350877193,4.08222807017544
"493",49.2,21.9936808270677,-301.852807017544,4.08398245614035
"494",49.3,22.0059890977444,-302.94292173913,4.084
"495",49.4,22.0067509090909,-304.767269565217,4.084
"496",49.5,22.0058286567164,-304.80691011236,4.08402247191011
"497",49.6,22.0285152238806,-304.73618699187,4.08478861788618
"498",49.7,22.0037888721805,-304.857222222222,4.08288888888889
"499",49.8,22.000277593985,-305.355,4.084
"500",49.9,21.9899765656566,-305.95670754717,4.085
"501",50,22.0279260447761,-306.533,4.085
"502",50.1,22.0527991791045,-307.233033333333,4.08496666666667
"503",50.2,22.0381081954887,-307.861028301887,4.084
"504",50.3,22.0332736090226,-308.038363636364,4.084
"505",50.4,22.0198,-308.8005,4.084
"506",50.5,22.025619009901,-310.346545454545,4.084
"507",50.6,22.0057192,-311.575118811881,4.08387128712871
"508",50.7,21.9962886466165,-312.39124,4.08336
"509",50.8,22.0099127067669,-313.066381818182,4.08589090909091
"510",50.9,22.0165265413534,-313.550123809524,4.085
"511",51,22.0116919548872,-314.306314285714,4.085
"512",51.1,22.0042563636364,-315.159514285714,4.084
"513",51.2,21.9936632835821,-315.68332631579,4.084
"514",51.3,21.994096119403,-315.74156,4.084
"515",51.4,21.9609479699248,-315.46832,4.084
"516",51.5,21.9618276691729,-316.042,4.084
"517",51.6,21.968434949495,-316.696711340206,4.08398969072165
"518",51.7,21.9938642537313,-316.12087628866,4.0830412371134
"519",51.8,21.9908120149254,-314.541402061856,4.08407216494845
"520",51.9,21.9726477443609,-314.654,4.08481818181818
"522",52.1,21.9797087,-315.693607142857,4.084
"524",52.3,22.0021209,-316.458366666667,4.084
"525",52.4,22.0112477443609,-316.715581818182,4.084
"526",52.5,22.0279545112782,-316.622368421053,4.084
"527",52.6,22.0145296,-317.124384615385,4.084
"528",52.7,22.0233099,-317.893408163265,4.08395918367347
"529",52.8,22.0244155555556,-318.725085106383,4.08312765957447
"530",52.9,22.005868358209,-319.756,4.08489285714286
"532",53.1,22.0086662406015,-319.97656,4.084
"533",53.2,22.023177518797,-320.10432,4.084
"534",53.3,22.017189,-319.908421052632,4.084
"535",53.4,22.0250312781955,-320.578596491228,4.084
"536",53.5,22.0351440601504,-321.521307692308,4.085
"537",53.6,22.0167006766917,-322.490538461539,4.085
"538",53.7,22.0298886466165,-323.593555555556,4.08311111111111
"539",53.8,22.0368521,-323.849821428571,4.084
"541",54,22.0075452631579,-323.984071428571,4.084
"542",54.1,22.0208269924812,-324.250234042553,4.084
"543",54.2,22.0331352631579,-323.767059405941,4.084
"544",54.3,22.0377976,-323.18304,4.084
"545",54.4,22.030708,-322.644545454545,4.084
"546",54.5,22.0269672,-322.428304761905,4.084
"547",54.6,22.0457,-322.199051546392,4.0840824742268
"548",54.7,22.0217,-322.257972222222,4.0847962962963
"549",54.8,22.0170971428571,-323.307785714286,4.0830612244898
"550",54.9,22.0285257142857,-324.736,4.0850495049505
"551",55,22.022158,-324.940618181818,4.08592727272727
"552",55.1,22.0173783458647,-325.256072727273,4.08410909090909
"553",55.2,22.0327618045113,-325.617,4.084
"554",55.3,22.0291262406015,-325.746855932203,4.084
"555",55.4,22.043637518797,-326.076516949153,4.084
"556",55.5,22.055178,-326.547137254902,4.08396078431373
"557",55.6,22.0760497744361,-326.9362,4.08304444444444
"558",55.7,22.0813204511278,-327.85184,4.085
"559",55.8,22.0831661654135,-328.819702970297,4.08511881188119
"560",55.9,22.0787676691729,-329.8233,4.0859
"561",56,22.0808601,-330.471730337079,4.08498876404494
"562",56.1,22.0772838,-331.115920792079,4.084
"563",56.2,22.0762088118812,-331.56568,4.084
"564",56.3,22.0620304580153,-332.141027027027,4.084
"565",56.4,22.0504350381679,-332.614,4.084
"566",56.5,22.0777552,-332.945428571429,4.084
"567",56.6,22.0977888,-333.856508474576,4.085
"568",56.7,22.0905708,-334.560745762712,4.085
"569",56.8,22.0945913533835,-335.79736,4.08512
"570",56.9,22.0981026315789,-336.232712871287,4.08576237623762
"571",57,22.1044360902256,-336.516658119658,4.084
"572",57.1,22.0877368421053,-336.622641025641,4.084
"573",57.2,22.079945,-336.606267326733,4.084
"574",57.3,22.080740075188,-336.466288888889,4.084
"575",57.4,22.0596498496241,-336.058712962963,4.084
"576",57.5,22.0336675,-336.181608247423,4.08396907216495
"577",57.6,22.0310084090909,-336.798580645161,4.08306451612903
"578",57.7,22.034758,-336.763247706422,4.084
"579",57.8,22.0022465413534,-336.132608695652,4.084
"580",57.9,22.0400510526316,-334.026606060606,4.084
"581",58,22.0576690909091,-333.62905050505,4.084
"582",58.1,22.0505781818182,-333.521247524752,4.084
"583",58.2,22.0344434,-334.028495049505,4.084
"584",58.3,22.0414079,-335.097339805825,4.084
"585",58.4,22.0391865346535,-335.431155339806,4.084
"586",58.5,22.0313566917293,-335.498897959184,4.0840612244898
"587",58.6,22.0339957894737,-335.760388349515,4.085
"588",58.7,22.0186884210526,-336.421505376344,4.08494623655914
"589",58.8,22.0424252631579,-338.16084,4.08376
"590",58.9,22.02344,-340.060142857143,4.08211428571429
"591",59,22.0248637593985,-342.538957446808,4.08307446808511
"592",59.1,22.0367284210526,-343.72392,4.084
"593",59.2,22.0469309090909,-345.04847826087,4.084
"594",59.3,22.0526884848485,-347.313695652174,4.084
"595",59.4,22.0361652,-348.096933333333,4.084
"596",59.5,22.0236946616541,-348.047420560748,4.084
"597",59.6,22.0355668421053,-347.968840909091,4.084
"598",59.7,22.0041981818182,-348.375523364486,4.0838785046729
"599",59.8,22.0095163636364,-349.599565217391,4.08319565217391
"600",59.9,22.0447533333333,-350.610861386139,4.08586138613861
"601",60,22.018986,-350.587475247525,4.08487128712871
"602",60.1,22.027167029703,-350.472939393939,4.084
"603",60.2,21.9944023308271,-350.785361344538,4.084
"604",60.3,22.0058384210526,-351.072756302521,4.084
"605",60.4,22.025873030303,-351.292892857143,4.08410714285714
"607",60.6,21.9973744,-351.689192307692,4.08388461538462
"608",60.7,22.013755112782,-353.858916666667,4.08308333333333
"609",60.8,22.006717518797,-354.726962264151,4.08388679245283
"610",60.9,22.0048789473684,-354.355196261682,4.08305607476636
"611",61,22.0110368421053,-353.90846728972,4.08399065420561
"612",61.1,22.009916,-353.382287128713,4.084
"613",61.2,21.9953264661654,-353.6496,4.084
"614",61.3,21.9852136842105,-354.71915,4.084
"615",61.4,21.9954667669173,-357.265855932203,4.08390677966102
"616",61.5,22.0060231578947,-358.04636440678,4.0830593220339
"617",61.6,22.0284524242424,-357.604186915888,4.084
"618",61.7,22.0360470895522,-357.352913043478,4.084
"619",61.8,22.0430247014925,-358.601385964912,4.08411403508772
"620",61.9,22.0311817293233,-359.65050877193,4.08499122807018
"621",62,22.0232719548872,-359.008351351351,4.084
"622",62.1,22.0377011111111,-359.185043478261,4.084
"623",62.2,22.0385008910891,-360.816816326531,4.084
"624",62.3,22.0363256,-361.600230088496,4.084
"625",62.4,22.052032761194,-361.456867256637,4.084
"626",62.5,22.0515924626866,-361.716787610619,4.08289380530973
"627",62.6,22.0644220300752,-362.215017699115,4.08200884955752
"628",62.7,22.0551889473684,-361.811166666667,4.08394791666667
"629",62.8,22.0462975757576,-361.225363636364,4.08309090909091
"630",62.9,22.0505232089552,-360.977695652174,4.084
"631",63,22.0474709701493,-360.964652173913,4.084
"632",63.1,22.0403515037594,-360.556476635514,4.084
"633",63.2,22.0355169172932,-360.619494623656,4.084
"634",63.3,22.0531796969697,-362.447641666667,4.084
"635",63.4,22.0523294776119,-363.156808333333,4.084
"636",63.5,22.0497100746269,-363.27724,4.08482
"637",63.6,22.0569795488722,-363.202063829787,4.0821914893617
"638",63.7,22.063129924812,-363.42672,4.085
"639",63.8,22.073676,-363.489689655172,4.08489655172414
"640",63.9,22.0537646,-363.787103448276,4.08403448275862
"641",64,22.0509031,-362.850731182796,4.084
"642",64.1,22.0345015037594,-362.131714285714,4.084
"644",64.3,22.039264,-362.47,4.084
"645",64.4,22.0564665346535,-363.300037735849,4.08411320754717
"646",64.5,22.0377187878788,-363.552117647059,4.08494117647059
"647",64.6,22.0339892537313,-362.81536,4.084
"648",64.7,22.0566758208955,-362.753693693694,4.08407207207207
"649",64.8,22.05411,-362.796036036036,4.08587387387387
"650",64.9,22.0611933333333,-365.113515151515,4.0830303030303
"651",65,22.0724524242424,-367.597956989247,4.084
"652",65.1,22.0257102985075,-367.900555555556,4.084
"653",65.2,22.0296356716418,-369.97436,4.084
"654",65.3,22.0373556390977,-372.53452,4.084
"655",65.4,22.0364759398496,-372.004962264151,4.08433962264151
"656",65.5,22.0473670707071,-371.368793814433,4.08687628865979
"657",65.6,22.0502471641791,-372.02228,4.08491
"658",65.7,22.0454411940298,-372.922114285714,4.08408571428571
"659",65.8,22.0272494736842,-373.837225806452,4.085
"660",65.9,21.9960314285714,-373.498768518518,4.08489814814815
"661",66,21.9811084,-375.333593406593,4.084
"662",66.1,21.9703494,-374.306636363636,4.084
"663",66.2,21.953165,-375.805206185567,4.084
"664",66.3,21.9345386666667,-374.370967741936,4.084
"665",66.4,21.959672,-377.239272727273,4.084
"666",66.5,21.9615990977444,-376.412767241379,4.08422413793103
"667",66.6,21.9725915789474,-377.903284482759,4.08594827586207
"668",66.7,21.9734492,-376.987657142857,4.084
"669",66.8,21.9700176691729,-376.88447311828,4.084
"670",66.9,21.9585815789474,-377.56112,4.084
"671",67,21.9570241353383,-378.03144,4.084
"672",67.1,21.9499790225564,-378.85824,4.084
"673",67.2,21.9244876,-377.650272727273,4.084
"674",67.3,21.9402254545455,-378.125479338843,4.084
"675",67.4,21.9340209090909,-380.473436893204,4.08478640776699
"676",67.5,21.9405389473684,-383.233666666667,4.08316666666667
"677",67.6,21.9625314285714,-382.961861386139,4.08476237623762
"678",67.7,21.9563204,-386.425657142857,4.083
"679",67.8,21.967693960396,-384.276121212121,4.08306060606061
"680",67.9,21.9954194,-385.069447916667,4.084
"681",68,22.0484998496241,-383.751660194175,4.084
"682",68.1,22.0928833082707,-384.104570093458,4.084
"683",68.2,22.1065637,-383.334876404494,4.084
"684",68.3,22.1051051,-383.54,4.08388571428571
"685",68.4,22.1150906060606,-383.1316,4.08307368421053
"686",68.5,22.110223880597,-382.571307692308,4.084
"687",68.6,22.1080373134328,-381.740427184466,4.08407766990291
"688",68.7,22.0949978947368,-381.1955,4.08494680851064
"689",68.8,22.1103663157895,-380.69038,4.08411
"690",68.9,22.1166913,-380.594,4.08488888888889
"691",69,22.1161072180451,-380.78172173913,4.084
"692",69.1,22.0647012030075,-380.346069565217,4.084
"693",69.2,22.0425457894737,-380.59547,4.08411
"694",69.3,22.04123,-381.2639,4.085
"695",69.4,22.0440404,-380.979401960784,4.08489215686274
"696",69.5,22.0494426315789,-380.113591836735,4.08418367346939
"697",69.6,22.0305328571429,-379.603888888889,4.08577777777778
"698",69.7,22.0186796992481,-380.23496,4.08388
"699",69.8,22.0415443609023,-381.16656,4.08312
"700",69.9,22.0488155,-383.25888,4.084
"701",70,22.0331175,-383.180105263158,4.084
"702",70.1,22.0106989108911,-383.08098245614,4.084
"703",70.2,22.00473,-382.855450549451,4.084
"704",70.3,22.00473,-382.8344,4.08412
"705",70.4,22.0052847368421,-387.113461538462,4.08476923076923
"706",70.5,21.9925328571429,-393.611219047619,4.08307619047619
"707",70.6,22.0169274,-391.262597826087,4.084
"708",70.7,22.0175894736842,-393.240857142857,4.084
"709",70.8,22.0259428571429,-394.612285714286,4.084
"710",70.9,22.0370445454545,-392.241983050847,4.084
"711",71,22.0423627272727,-393.969101694915,4.084
"712",71.1,22.0964014,-393.583666666667,4.084
"713",71.2,22.1022494736842,-391.62582,4.084
"714",71.3,22.12246,-391.90179,4.084
"715",71.4,22.1340140909091,-392.0745,4.0842
"716",71.5,22.1349004545455,-390.518978494624,4.08597849462366
"717",71.6,22.157536,-390.958467889908,4.08377981651376
"718",71.7,22.1652011278196,-389.576816513762,4.08102752293578
"719",71.8,22.1832086466165,-390.89068,4.084
"720",71.9,22.2351565909091,-392.266919191919,4.084
"721",72,22.2214671969697,-391.025817307692,4.084
"722",72.1,22.2556868,-392.81321875,4.08401041666667
"723",72.2,22.2947236,-391.808516129032,4.08494623655914
"724",72.3,22.3628677227723,-392.096178571429,4.08378571428571
"726",72.5,22.484455037594,-391.199363636364,4.08408080808081
"727",72.6,22.5927745112782,-394.036113402062,4.08490721649484
"728",72.7,22.6408045864662,-393.060108910891,4.08411881188119
"729",72.8,22.7350826,-394.8593,4.08489
"730",72.9,22.8215947368421,-394.68252631579,4.084
"731",73,22.9475571428571,-394.450947368421,4.084
"732",73.1,23.0621489393939,-397.09537,4.084
"733",73.2,23.1511413636364,-395.90182,4.084
"734",73.3,23.23254,-398.080807017544,4.08351754385965
"735",73.4,23.3035696992481,-398.779052631579,4.07913157894737
"736",73.5,23.3804343609023,-397.349570093458,4.08495327102804
"737",73.6,23.4541161363636,-400.100971962617,4.08401869158878
"738",73.7,23.5646237121212,-398.768666666667,4.084
"739",73.8,23.5694412,-397.621038461538,4.084
"740",73.9,23.6487084,-400.549315789474,4.084
"741",74,23.678723960396,-399.678263157895,4.084
"742",74.1,23.7293139849624,-398.123419354839,4.08394623655914
"743",74.2,23.7916072180451,-401.388981132075,4.08311320754717
"744",74.3,23.8254416666667,-400.331615384615,4.084
"745",74.4,23.855525,-398.518979381443,4.0839793814433
"746",74.5,23.8923295,-397.640553191489,4.08305319148936
"747",74.6,23.9642684210526,-403.756523364486,4.08389719626168
"748",74.7,23.9750578947368,-401.503192307693,4.083
"750",74.9,24.0132945454545,-397.37223655914,4.08395698924731
"751",75,24.043042,-398.61245045045,4.083
"753",75.2,24.121352406015,-400.136627659575,4.08294680851064
"754",75.3,24.1606434090909,-397.99507,4.08222
"755",75.4,24.1533328030303,-401.027888888889,4.08377777777778
"756",75.5,24.1996172727273,-407.382065420561,4.08166355140187
"757",75.6,24.2146851879699,-402.74200990099,4.07909900990099
"758",75.7,24.211655112782,-398.11575,4.08095833333333
"759",75.8,24.2714981818182,-394.109854368932,4.07992233009709
"760",75.9,24.2728618181818,-398.513350515464,4.07894845360825
"761",76,24.3093176767677,-393.159041237114,4.0780824742268
"762",76.1,24.3129656,-386.518555555555,4.07877777777778
"763",76.2,24.3278191089109,-381.078168316832,4.077
"764",76.3,24.3504430827068,-378.68276923077,4.07728205128205
"765",76.4,24.3581498496241,-382.044307692308,4.07984615384615
"766",76.5,24.3592827272727,-376.43452,4.07894
"767",76.6,24.4191009090909,-372.245382978723,4.078
"768",76.7,24.427253,-368.63672,4.07812
"769",76.8,24.4432561654135,-367.474891089109,4.079
"770",76.9,24.4750306015038,-368.460672268908,4.079
"771",77,24.4879425,-365.630420168068,4.079
"772",77.1,24.4826925,-363.134385321101,4.079
"773",77.2,24.5368692,-360.302757575758,4.0790202020202
"774",77.3,24.5819847761194,-358.4509,4.07997
"775",77.4,24.5785146268657,-361.704902173913,4.079
"776",77.5,24.5703797727273,-362.174894736842,4.07890350877193
"777",77.6,24.5963115909091,-360.001210526316,4.07802631578947
"778",77.7,24.6584148484849,-357.864897959184,4.07910204081633
"779",77.8,24.6707668,-358.47284,4.08
"780",77.9,24.6910052,-360.42244,4.08
"781",78,24.7292380451128,-358.339421052632,4.08
"782",78.1,24.7583508270677,-356.659596491228,4.08
"783",78.2,24.788755,-358.958559322034,4.07905084745763
"784",78.3,24.8215883333333,-358.686525423729,4.08159322033898
"785",78.4,24.853292,-356.415333333333,4.07811111111111
"786",78.5,24.9026903007519,-355.731821782178,4.07911881188119
"787",78.6,24.9334421804511,-360.118883495145,4.08
"788",78.7,24.9674965413534,-358.323618556701,4.08
"789",78.8,24.973849924812,-356.877079646018,4.08
"790",78.9,25.0372936363636,-360.250530973451,4.08
"791",79,25.0908708955224,-358.539314516129,4.07991129032258
"792",79.1,25.0997514925373,-356.623991935484,4.07910483870968
"793",79.2,25.1508540601504,-354.893252631579,4.079
"794",79.3,25.2050044360902,-361.1858,4.0791
"795",79.4,25.2140175757576,-358.3847,4.0799
"796",79.5,25.2152838059701,-355.715431372549,4.07909803921569
"797",79.6,25.2643061940299,-353.361530612245,4.07991836734694
"798",79.7,25.3306737593985,-351.4286,4.079
"799",79.8,25.3443429323308,-352.094831775701,4.079
"800",79.9,25.4088721212121,-352.909920792079,4.0790297029703
"801",80,25.4714562,-349.744707070707,4.0799797979798
"802",80.1,25.5132935643564,-346.79787,4.079
"803",80.2,25.544845037594,-344.66765625,4.079
"804",80.3,25.5985217293233,-349.99112,4.079
"805",80.4,25.5876345112782,-350.577201923077,4.079
"806",80.5,25.6289127067669,-346.794848484849,4.0789696969697
"807",80.6,25.6401104,-343.678948453608,4.0780412371134
"808",80.7,25.6657757142857,-345.234411764706,4.079
"809",80.8,25.6860614285714,-348.109356435643,4.079
"810",80.9,25.7272096992481,-342.81429032258,4.079
"811",81,25.7254578195489,-337.995821782178,4.079
"812",81.1,25.7797955555556,-333.965878787879,4.07879797979798
"813",81.2,25.7789474,-333.751169642857,4.07709821428571
"814",81.3,25.7966546534653,-336.016348214286,4.07799107142857
"815",81.4,25.7943852631579,-328.699808080808,4.07810101010101
"816",81.5,25.8285431578947,-323.197056074767,4.07889719626168
"817",81.6,25.8460434343434,-318.431244897959,4.078
"818",81.7,25.8766992079208,-314.6659375,4.078
"819",81.8,25.8794155555556,-319.7222,4.0779
"820",81.9,25.9113661940299,-315.485861386138,4.077
"821",82,25.9273438059701,-310.760090909091,4.077
"822",82.1,25.949194887218,-306.810082568807,4.0764495412844
"823",82.2,25.9614129323308,-306.617978494624,4.07106451612903
"824",82.3,25.9737686868687,-307.614153846153,4.077
"825",82.4,25.9960400746269,-302.871,4.07704
"826",82.5,25.9955699253731,-298.918957446809,4.07795744680851
"827",82.6,26.0210206015038,-297.56370093458,4.077
"828",82.7,26.0288476691729,-303.465519230769,4.077
"829",82.8,26.0311882828283,-297.882826923076,4.077
"830",82.9,26.0212386138614,-293.167719298246,4.077
"831",83,26.0410744,-290.637894736842,4.077
"832",83.1,26.0505619548872,-294.5817,4.077
"833",83.2,26.0424491729323,-292.411696428572,4.07708928571429
"834",83.3,26.0836123232323,-288.378660714286,4.07798214285714
"835",83.4,26.0839478947368,-284.92408411215,4.077
"836",83.5,26.0800531578947,-287.156032258064,4.077
"837",83.6,26.1115360150376,-283.070963963964,4.077
"838",83.7,26.1247916541353,-280.010603603604,4.077
"839",83.8,26.1268678,-279.257852459016,4.07704918032787
"840",83.9,26.1315568,-277.255393442623,4.07786885245902
"841",84,26.127164,-274.005027522936,4.07690825688073
"842",84.1,26.120437761194,-273.021072164948,4.07601030927835
"843",84.2,26.1477586567164,-270.62528,4.077
"844",84.3,26.1528123308271,-268.17576,4.07696
"845",84.4,26.1467672180451,-266.162172043011,4.07608602150538
"846",84.5,26.1917685858586,-264.048772277228,4.07789108910891
"847",84.6,26.201138880597,-262.606095238095,4.077
"848",84.7,26.214191119403,-261.186255319149,4.077
"849",84.8,26.244052481203,-259.472102803738,4.077
"850",84.9,26.2347141353383,-258.55219266055,4.077
"851",85,26.2292983838384,-257.132009174312,4.077
"852",85.1,26.2575459405941,-255.905797979798,4.07620202020202
"853",85.2,26.2857513,-254.82281,4.07789
"854",85.3,26.2898995488722,-253.898742574257,4.07710891089109
"855",85.4,26.2757792481203,-253.036418803419,4.078
"856",85.5,26.3123804,-252.370606837607,4.078
"857",85.6,26.327757,-251.6784,4.077
"858",85.7,26.323886969697,-250.9412,4.0771
"859",85.8,26.3255526666667,-250.2084,4.0779
"860",85.9,26.3740119259259,-249.600125,4.07691071428571
"861",86,26.4090368421053,-248.881375,4.07601785714286
"862",86.1,26.4191421052632,-248.281826923077,4.07694230769231
"863",86.2,26.4049036,-247.68525,4.078
"864",86.3,26.4078342424242,-247.029,4.078
"865",86.4,26.4132357575758,-246.365009615385,4.07710576923077
"866",86.5,26.4259244360902,-245.968144329897,4.07792783505155
"867",86.6,26.4533379699248,-245.374757281553,4.07709708737864
"868",86.7,26.4400196,-244.82087628866,4.078
"869",86.8,26.4713436,-244.263585858586,4.07789898989899
"870",86.9,26.4827713,-243.821913461539,4.07710576923077
"871",87,26.5014581203008,-243.17009375,4.078
"872",87.1,26.4996235338346,-242.701898305085,4.078
"873",87.2,26.4830037,-242.364610169492,4.078
"874",87.3,26.4832768,-241.942696969697,4.07706060606061
"875",87.4,26.5011413131313,-241.486660377359,4.07706603773585
"876",87.5,26.4974303007519,-241.294626373626,4.078
"877",87.6,26.5105430827068,-240.955107142857,4.07791071428571
"878",87.7,26.5018792,-240.596178571429,4.07701785714286
"879",87.8,26.5107773267327,-240.0906,4.078
"880",87.9,26.5092533,-239.775181818182,4.0781652892562
"881",88,26.5365737593985,-239.357,4.07981818181818
"882",88.1,26.5142429323308,-239.009247619048,4.07745714285714
"883",88.2,26.5191621804511,-238.754,4.07972727272727
"884",88.3,26.5664103007519,-238.420228070175,4.077
"885",88.4,26.5463767,-238.08250877193,4.077
"886",88.5,26.5738227819549,-237.65335483871,4.07701075268817
"887",88.6,26.5618979699248,-237.299494949495,4.07791919191919
"888",88.7,26.5703916541353,-237.057867346939,4.077
"889",88.8,26.5595119548872,-236.718780952381,4.07710476190476
"890",88.9,26.55991,-236.4338125,4.077875
"891",89,26.5832336,-236.131854700855,4.07617094017094
"892",89.1,26.5932886,-235.840401709402,4.07788034188034
"893",89.2,26.5618289473684,-235.430341880342,4.078
"894",89.3,26.5999342105263,-235.233760683761,4.078
"895",89.4,26.6006646,-234.964947368421,4.078
"896",89.5,26.6249172,-234.704421052632,4.078
"897",89.6,26.6230866,-234.341408163265,4.078
"898",89.7,26.5963138345865,-234.194625,4.0779375
"899",89.8,26.5985018045113,-233.934990990991,4.07709009009009
"900",89.9,26.6226091729323,-233.644900900901,4.07799099099099
"901",90,26.6175490225564,-233.531,4.0782
"902",90.1,26.630819,-233.1169,4.0798
"903",90.2,26.6104082706767,-232.85120754717,4.078
"904",90.3,26.5970097744361,-232.64052,4.07796
"905",90.4,26.6262759090909,-232.59014893617,4.07704255319149
"906",90.5,26.6439198484848,-232.250907407407,4.07790740740741
"907",90.6,26.6401008,-232.19836,4.07702
"908",90.7,26.6512668,-232.063638297872,4.07797872340426
"909",90.8,26.6333618811881,-231.810538461538,4.07707692307692
"910",90.9,26.6274575,-231.719347826087,4.07808695652174
"911",91,26.6282075,-231.417210526316,4.07968421052632
"912",91.1,26.646174,-231.402298245614,4.07705263157895
"913",91.2,26.6465426,-231.135219512195,4.07770731707317
"914",91.3,26.6471018,-230.962048780488,4.07526829268293
"915",91.4,26.6808318181818,-230.653698113208,4.07789622641509
"916",91.5,26.6791196969697,-230.391255319149,4.07705319148936
"917",91.6,26.6859909090909,-230.361,4.078
"918",91.7,26.7015912,-230.20712,4.07788
"919",91.8,26.6871708,-230.046297029703,4.07723762376238
"920",91.9,26.6910285714286,-229.816111111111,4.07888888888889
"921",92,26.6801263157895,-229.703526315789,4.07810526315789
"922",92.1,26.6667713636364,-229.423244897959,4.07902040816327
"923",92.2,26.6982789393939,-229.211,4.078
"924",92.3,26.691357,-229.1355,4.07878571428571
"926",92.5,26.6685295488722,-228.811444444444,4.07788888888889
"927",92.6,26.7057809090909,-228.685254545455,4.077
"928",92.7,26.7018415151515,-228.47134,4.07702
"929",92.8,26.7038227272727,-228.291319148936,4.07802127659575
"930",92.9,26.7181133,-228.244989690722,4.07883505154639
"931",93,26.6752704950495,-228.069008695652,4.07719130434783
"932",93.1,26.708545112782,-228.00125,4.07904166666667
"933",93.2,26.698462406015,-227.57,4.078
"934",93.3,26.7026736363636,-227.451168316832,4.07876237623762
"935",93.4,26.6970789,-227.326259259259,4.07710185185185
"936",93.5,26.7292659,-227.063967032967,4.07796703296703
"937",93.6,26.7397328571429,-227.04764,4.077
"938",93.7,26.732537368421,-226.910898305085,4.077
"939",93.8,26.7448254545455,-226.710050847458,4.077
"940",93.9,26.7655681188119,-226.526430107527,4.078
"941",94,26.7574072727273,-226.33052,4.07812
"942",94.1,26.7803242857143,-226.108962264151,4.07888679245283
"943",94.2,26.7832942105263,-225.946349514563,4.078
"944",94.3,26.7828557142857,-225.855,4.07796808510638
"945",94.4,26.7985173684211,-225.851103092783,4.07709278350515
"946",94.5,26.7875316,-225.797079207921,4.078
"947",94.6,26.7700663,-225.648825688073,4.07789908256881
"948",94.7,26.7405079207921,-225.381533333333,4.077
"949",94.8,26.7532672180451,-225.432777777778,4.07711111111111
"950",94.9,26.7709739849624,-225.299540540541,4.07796396396396
"951",95,26.7899936363636,-225.213054054054,4.07706306306306
"952",95.1,26.784589,-225.086138613861,4.077
"953",95.2,26.7911634,-224.98748,4.077
"954",95.3,26.7990028571429,-224.75548,4.077
"955",95.4,26.7854389473684,-224.410067961165,4.077
"956",95.5,26.8082182828283,-224.416666666667,4.07708333333333
"957",95.6,26.83188,-224.37632038835,4.07788349514563
"958",95.7,26.832158,-224.231134020619,4.077
"959",95.8,26.8308916541353,-223.91147826087,4.07720869565217
"960",95.9,26.826199924812,-224.007130434783,4.07894782608696
"961",96,26.8174240909091,-223.858939393939,4.07708080808081
"962",96.1,26.8062877272727,-223.610744680851,4.079
"963",96.2,26.8202913,-223.4581,4.07867
"964",96.3,26.8129385714286,-223.52168,4.07611
"965",96.4,26.7901415789474,-223.229297029703,4.077
"966",96.5,26.7968128571429,-223.115161616162,4.077
"967",96.6,26.8081963157895,-223.158083333333,4.07710185185185
"968",96.7,26.7925002020202,-223.052887850467,4.07797196261682
"969",96.8,26.8017671287129,-223.04914953271,4.07703738317757
"970",96.9,26.8168247,-222.909544554455,4.07521782178218
"971",97,26.8158028571429,-222.631387387387,4.077
"972",97.1,26.8439757894737,-222.505261261261,4.077
"973",97.2,26.8255170707071,-222.3884,4.0789
"974",97.3,26.7928832673267,-222.26104040404,4.07789898989899
"975",97.4,26.7454711111111,-222.282690265487,4.077
"976",97.5,26.7242818045113,-222.152601769912,4.077
"977",97.6,26.7018908270677,-222.086272727273,4.07709090909091
"978",97.7,26.729942,-222.0856,4.0779
"979",97.8,26.727596,-221.944292929293,4.07689898989899
"980",97.9,26.7165698989899,-221.72799,4.07622
"981",98,26.7253176865672,-221.4691,4.0779
"982",98.1,26.7521161940299,-221.468111111111,4.07698888888889
"983",98.2,26.7603926315789,-221.30418,4.07611
"984",98.3,26.7536557894737,-221.316495495495,4.077
"986",98.5,26.7679105940594,-221.08616,4.077
"987",98.6,26.7518186,-221.12236,4.07711
"988",98.7,26.7818014285714,-220.99759,4.07789
"989",98.8,26.7863878947368,-220.86065,4.07722
"990",98.9,26.7767844,-220.6783,4.079
"991",99,26.770996,-220.51723364486,4.07898130841121
"992",99.1,26.7779565656566,-220.340598130841,4.07711214953271
"993",99.2,26.8032759398496,-220.2286,4.0771
"994",99.3,26.7901556390977,-220.2196,4.0779
"995",99.4,26.7969,-220.085377358491,4.077
"996",99.5,26.805936,-220.041,4.077
"997",99.6,26.8291232323232,-220.033537815126,4.07705042016807
"998",99.7,26.8516311940298,-219.909168067227,4.07789075630252
"999",99.8,26.8925416417911,-219.772734693878,4.07884693877551
"1000",99.9,26.8449414285714,-219.696177083333,4.07614583333333
"1001",100,26.8237985714286,-219.48708,4.07789
"1002",100.1,26.8375039393939,-219.41700990099,4.077
"1003",100.2,26.8460562686567,-219.370380952381,4.077
"1004",100.3,26.8137876119403,-219.382894736842,4.077
"1005",100.4,26.8437996992481,-219.1896,4.077
"1006",100.5,26.8201981954887,-219.0737,4.077
"1007",100.6,26.843664,-218.9528,4.077
"1008",100.7,26.831352,-218.938826923077,4.077
"1009",100.8,26.819118,-218.885505263158,4.077
"1010",100.9,26.832919924812,-218.53799,4.07711
"1011",101,26.8387695488722,-218.540307017544,4.078
"1012",101.1,26.810294,-218.488552631579,4.078
"1013",101.2,26.855884,-218.416531914894,4.07794680851064
"1014",101.3,26.868342,-218.511396551724,4.077
"1015",101.4,26.8552254545455,-218.478637931034,4.077
"1016",101.5,26.8552027272727,-218.2585,4.07795
"1017",101.6,26.8675816,-218.165637362637,4.077
"1018",101.7,26.8721425,-218.190623762376,4.07732673267327
"1019",101.8,26.8583098,-218.149388888889,4.07962962962963
"1020",101.9,26.8528605263158,-218.013274725275,4.07604395604396
"1021",102,26.8518154135338,-217.87748,4.07789
"1022",102.1,26.8447352631579,-217.758693069307,4.07710891089109
"1023",102.2,26.8191412781955,-217.763192307692,4.07790384615385
"1024",102.3,26.846542,-217.887747368421,4.077
"1025",102.4,26.836518,-217.607752212389,4.077
"1026",102.5,26.871692,-217.523681415929,4.077
"1027",102.6,26.8810196992481,-217.437145631068,4.07790291262136
"1028",102.7,26.8424181954887,-217.373958762887,4.07714432989691
"1029",102.8,26.859284,-217.142183486239,4.07881651376147
"1030",102.9,26.863704,-217.141936842105,4.07701052631579
"1031",103,26.843706,-216.94575,4.0779375
"1032",103.1,26.87184,-216.90947826087,4.07708695652174
"1033",103.2,26.86559,-216.884260869565,4.07795652173913
"1034",103.3,26.8579487128713,-216.814275862069,4.077
"1035",103.4,26.84809,-216.547034482759,4.077
"1036",103.5,26.853466,-216.491268041237,4.077
"1037",103.6,26.8602921052632,-216.618264705882,4.078
"1038",103.7,26.8885026315789,-216.533,4.07790909090909
"1039",103.8,26.8967394736842,-216.3865,4.077
"1040",103.9,26.8886868421053,-216.2428,4.0771
"1041",104,26.8687002,-216.266909090909,4.07810101010101
"1042",104.1,26.8640571428571,-216.09403,4.07889
"1043",104.2,26.9010947368421,-216.07528,4.07789
"1044",104.3,26.9065990076336,-216.10587962963,4.077
"1045",104.4,26.8937516793893,-215.994467391304,4.077
"1046",104.5,26.9151421,-215.865991071429,4.077
"1047",104.6,26.9339693,-215.920455357143,4.077
"1048",104.7,26.9336063366337,-215.773438095238,4.077
"1049",104.8,26.9298415151515,-215.73767826087,4.07710434782609
"1050",104.9,26.9078490909091,-215.648982608696,4.07884347826087
"1051",105,26.9413178,-215.4808,4.0772
"1052",105.1,26.9417434,-215.317442477876,4.07891150442478
"1053",105.2,26.9307934,-215.321867256637,4.07802654867257
"1054",105.3,26.9413952631579,-215.185452830189,4.077
"1055",105.4,26.9409441353383,-215.163468085106,4.077
"1056",105.5,26.9502724242424,-215.199404040404,4.07710101010101
"1057",105.6,26.9644849,-215.01917,4.07789
"1058",105.7,26.9744131,-214.968542857143,4.077
"1059",105.8,26.9893915789474,-214.92980733945,4.07694495412844
"1060",105.9,26.9775419548872,-214.776596330275,4.07602752293578
"1061",106,26.9665352631579,-214.697656565657,4.07789898989899
"1062",106.1,26.9695127067669,-214.651570175439,4.077
"1063",106.2,26.97974,-214.58402631579,4.077
"1064",106.3,26.9780543434343,-214.72046,4.077
"1065",106.4,26.9677269306931,-214.403608247423,4.077
"1066",106.5,26.9771306060606,-214.568631578947,4.077
"1067",106.6,26.9826836363636,-214.4448,4.0771
"1068",106.7,26.9837343,-214.331595959596,4.078
"1069",106.8,26.9794606,-214.069148148148,4.078
"1070",106.9,26.9818229,-214.133891304348,4.07796739130435
"1071",107,26.9850577272727,-213.94577,4.07711
"1072",107.1,26.9986183333333,-214.107460784314,4.07789215686275
"1073",107.2,26.99844,-213.906363636364,4.077
"1074",107.3,26.9736536633663,-213.775353535354,4.077
"1075",107.4,26.9871383,-213.900720338983,4.077
"1076",107.5,27.0076221052632,-213.798177966102,4.077
"1077",107.6,27.0252987969925,-213.709544554455,4.07732673267327
"1078",107.7,26.9802763636364,-213.5255,4.0797
"1079",107.8,26.9704581818182,-213.459782608696,4.07708695652174
"1080",107.9,26.9942275,-213.567608695652,4.07795652173913
"1081",108,26.9993789473684,-213.367495049505,4.077
"1082",108.1,27.0060406015038,-213.444570093458,4.077
"1083",108.2,27.0110340909091,-213.509255319149,4.077
"1084",108.3,27.0102916666667,-213.249155339806,4.077
"1085",108.4,27.0223854545455,-213.2934375,4.077
"1086",108.5,27.0090258,-213.136785714286,4.07708928571429
"1087",108.6,27.0217171287129,-213.004642857143,4.07798214285714
"1088",108.7,27.0078827272727,-213.019989795918,4.07718367346939
"1089",108.8,26.9969433333333,-212.99988,4.07889
"1090",108.9,27.0050309090909,-212.895029411765,4.07810784313726
"1091",109,26.9745926,-212.713173469388,4.07890816326531
"1092",109.1,26.9600716,-212.798247524752,4.07789108910891
"1093",109.2,27.0028047368421,-212.821434782609,4.077
"1094",109.3,27.032962631579,-212.705782608696,4.077
"1095",109.4,27.0050322222222,-212.476311926605,4.077
"1096",109.5,26.9584032,-212.488260869565,4.07704347826087
"1097",109.6,26.9642285,-212.498407079646,4.07882300884956
"1098",109.7,27.0006579699248,-212.482477876106,4.07705309734513
"1099",109.8,27.0052143609023,-212.426644859813,4.07709345794393
"1100",109.9,27.0130166666667,-212.369290322581,4.07796774193548
"1101",110,27.0079106060606,-212.4833,4.077
"1102",110.1,27.010194,-212.341560747664,4.077
"1103",110.2,27.0097292,-212.245040816327,4.077
"1104",110.3,26.9868979207921,-212.093368421053,4.077
"1105",110.4,26.9884231578947,-212.176513761468,4.077
"1106",110.5,27.0174381954887,-212.041666666667,4.07701041666667
"1107",110.6,26.997906969697,-211.919948453608,4.078
"1108",110.7,26.9973474,-211.998169811321,4.07784905660377
"1109",110.8,26.9969726,-211.838901960784,4.07603921568627
"1110",110.9,27.0055211278195,-211.734,4.078
"1111",111,27.0148444360902,-211.731142857143,4.07704761904762
"1112",111.1,27.0126544444444,-211.583090909091,4.077
"1113",111.2,26.9990704,-211.60347826087,4.077
"1114",111.3,27.0256555,-211.498260869565,4.077
"1115",111.4,27.0263006015038,-211.418231481481,4.077
"1116",111.5,27.0061727819549,-211.5243,4.0771
"1117",111.6,27.018795,-211.435736842105,4.07782456140351
"1118",111.7,26.9895904545455,-211.333105263158,4.0760701754386
"1119",111.8,26.9982136,-211.342439252336,4.07528037383178
"1120",111.9,27.0169403007519,-211.241578947368,4.0779052631579
"1121",112,27.0067598496241,-211.27906122449,4.07516326530612
"1122",112.1,27.0214917293233,-211.148121212121,4.077
"1123",112.2,27.0344541353383,-211.095752475248,4.077
"1124",112.3,27.02703,-211.218586206897,4.077
"1125",112.4,27.0312855,-210.994448275862,4.077
"1126",112.5,27.021326039604,-210.975862745098,4.07709803921569
"1127",112.6,27.0038746616541,-211.012290322581,4.07893548387097
"1128",112.7,27.0050776691729,-211.0044,4.0772
"1129",112.8,27.0084388888889,-210.853888888889,4.07890740740741
"1130",112.9,27.0289642574257,-210.842680851064,4.07797872340426
"1131",113,27.0502588888889,-210.827452991453,4.077
"1132",113.1,27.0627414285714,-210.820615384615,4.077
"1133",113.2,27.0703128571429,-210.562572815534,4.077
"1134",113.3,27.0562151,-210.625803738318,4.077
"1135",113.4,27.04559,-210.523,4.077
"1136",113.5,27.031394040404,-210.472504950495,4.077
"1137",113.6,27.0526246268657,-210.427814159292,4.0760796460177
"1138",113.7,27.082102238806,-210.292415929204,4.07696460176991
"1139",113.8,27.0741093233083,-210.294256880734,4.07616513761468
"1141",114,27.0694177777778,-210.323142857143,4.077
"1142",114.1,27.0720822772277,-210.250371134021,4.077
"1143",114.2,27.0703608,-210.25396,4.077
"1144",114.3,27.0387757142857,-210.179326923077,4.077
"1145",114.4,27.0613471428571,-210.073865979381,4.07703092783505
"1146",114.5,27.0412411111111,-210.10087628866,4.07812371134021
"1147",114.6,27.0339155445545,-210.079009615385,4.07974038461539
"1148",114.7,27.0507566666667,-209.8716,4.077
"1149",114.8,27.0571181954887,-209.932336448598,4.07704672897196
"1150",114.9,27.0445016541353,-209.779065420561,4.07798130841122
"1151",115,27.0508621,-209.964912280702,4.077
"1152",115.1,27.0722835,-209.863157894737,4.077
"1153",115.2,27.0737539393939,-209.7538,4.077
"1154",115.3,27.1055767164179,-209.92246728972,4.077
"1155",115.4,27.0954797014925,-209.824029411765,4.07697058823529
"1156",115.5,27.0954710526316,-209.626010752688,4.076
"1157",115.6,27.096997368421,-209.535,4.07628571428571
"1158",115.7,27.1361544444444,-209.535,4.07985714285714
"1159",115.8,27.1476409701493,-209.452716981132,4.07709433962264
"1160",115.9,27.1430364925373,-209.450356435644,4.0779603960396
"1161",116,27.1396893984962,-209.456032258065,4.077
"1162",116.1,27.1708172180451,-209.3491,4.077
"1163",116.2,27.1523199,-209.1958,4.077
"1164",116.3,27.1200412,-209.272017699115,4.077
"1165",116.4,27.1146002,-209.332194690266,4.077
"1166",116.5,27.1308851879699,-209.329888888889,4.07892592592593
"1168",116.7,27.1327186,-209.047631578947,4.07694736842105
"1169",116.8,27.1446395,-209.0128,4.0761
"1170",116.9,27.1620647,-209.086055555556,4.077
"1171",117,27.1481431818182,-209.1158,4.077
"1172",117.1,27.1214613636364,-209.1058,4.077
"1173",117.2,27.1178744,-208.942745098039,4.077
"1175",117.4,27.1446892,-208.958449541284,4.077
"1177",117.6,27.148670075188,-208.823844036697,4.07691743119266
"1179",117.8,27.1550963909774,-208.588577319588,4.0770618556701
"1180",117.9,27.1792726,-208.475914285714,4.07791428571429
"1181",118,27.1786112,-208.476810526316,4.077
"1182",118.1,27.1834195,-208.521514285714,4.077
"1183",118.2,27.1741284210526,-208.561610526316,4.077
"1184",118.3,27.1583389473684,-208.603519230769,4.077
"1185",118.4,27.1827829,-208.40915,4.07695
"1186",118.5,27.2245092,-208.2248125,4.076
"1187",118.6,27.1932762,-208.26601980198,4.076
"1188",118.7,27.1906791666667,-208.170245614035,4.0760701754386
"1189",118.8,27.2197625,-208.248315789474,4.07694736842105
"1190",118.9,27.2096136,-208.34293814433,4.077
"1191",119,27.2179488,-208.1526875,4.077
"1192",119.1,27.2195484,-208.0714375,4.077
"1193",119.2,27.2217730827068,-208.268878787879,4.077
"1194",119.3,27.188577593985,-207.984269230769,4.077
"1196",119.5,27.1653897744361,-208.009754716981,4.078
"1197",119.6,27.1774524,-208.1018,4.07795789473684
"1198",119.7,27.1738590225564,-207.840509615385,4.07717307692308
"1199",119.8,27.1548966165414,-207.773473684211,4.0788947368421
"1200",119.9,27.1769354545455,-207.8081,4.077
"1201",120,27.1804581818182,-207.863452830189,4.077
"1202",120.1,27.1664048,-207.700295238095,4.077
"1203",120.2,27.1645272,-207.832676190476,4.077
"1204",120.3,27.1842743564356,-207.7152,4.077
"1205",120.4,27.1563664661654,-207.609735849057,4.077
"1206",120.5,27.162742406015,-207.548580645161,4.077
"1207",120.6,27.174838,-207.429168316832,4.07690099009901
"1208",120.7,27.1764334,-207.555081081081,4.07608108108108
"1209",120.8,27.1760308,-207.622648648649,4.07698198198198
"1210",120.9,27.1761700757576,-207.477778846154,4.07791346153846
"1211",121,27.2003443181818,-207.389716814159,4.077
"1212",121.1,27.180493030303,-207.364053097345,4.077
"1213",121.2,27.2043275,-207.419861386139,4.077
"1214",121.3,27.2035692079208,-207.354454545455,4.077
"1215",121.4,27.2323820300752,-207.260909090909,4.07681818181818
"1217",121.6,27.2236000757576,-207.00829,4.078
"1218",121.7,27.2307743181818,-207.171090909091,4.07790909090909
"1219",121.8,27.2406646,-207.1501,4.077
"1220",121.9,27.2596281,-207.116529411765,4.077
"1221",122,27.2737951485149,-206.969253968254,4.077
"1222",122.1,27.2557083333333,-207.022428571429,4.077
"1223",122.2,27.257428030303,-206.9861,4.077
"1224",122.3,27.216403030303,-206.901471698113,4.07690566037736
"1225",122.4,27.2093808,-206.855087378641,4.07607766990291
"1226",122.5,27.2179844,-206.782868686869,4.0779898989899
"1227",122.6,27.2128198496241,-206.765829787234,4.07702127659574
"1228",122.7,27.229902556391,-206.595632653061,4.07791836734694
"1229",122.8,27.2272261616162,-206.8339,4.077
"1230",122.9,27.2176444,-206.768495049505,4.077
"1231",123,27.2398344,-206.59289,4.077
"1232",123.1,27.2361683458647,-206.60543,4.077
"1233",123.2,27.2420781203008,-206.53954,4.077
"1234",123.3,27.2466972180451,-206.554610169491,4.07692372881356
"1235",123.4,27.1897272932331,-206.661389830508,4.07607627118644
"1236",123.5,27.1629298989899,-206.4168,4.0771
"1237",123.6,27.124771641791,-206.47,4.07790909090909
"1239",123.8,27.1468872727273,-206.338069306931,4.077
"1240",123.9,27.1555009090909,-206.101262626263,4.077
"1241",124,27.1506254545455,-206.253206896552,4.077
"1242",124.1,27.1234587128713,-206.318724137931,4.077
"1243",124.2,27.0985844,-206.256,4.077
"1244",124.3,27.090017368421,-206.267425742574,4.0769603960396
"1245",124.4,27.1269647368421,-206.14002173913,4.07502173913044
"1246",124.5,27.1194678787879,-206.118916666667,4.07708333333333
"1247",124.6,27.0951053465347,-205.866731958763,4.07796907216495
"1248",124.7,27.1149164646465,-206.025946236559,4.07512903225806
"1249",124.8,27.1217398507463,-205.879352941176,4.07789215686275
"1250",124.9,27.1400308955224,-205.953257142857,4.077
"1251",125,27.109374040404,-205.82685106383,4.077
"1252",125.1,27.1144852,-205.809,4.077
"1253",125.2,27.142618,-205.8706,4.077
"1254",125.3,27.1485144360902,-205.769897196262,4.07690654205607
"1255",125.4,27.1225745864662,-205.701096774194,4.076
"1256",125.5,27.1496245454545,-205.6878,4.076
"1257",125.6,27.1436018181818,-205.550608695652,4.07617391304348
"1258",125.7,27.1909844,-205.636695652174,4.07791304347826
"1259",125.8,27.1941854545455,-205.50052,4.07796
"1260",125.9,27.1890756435644,-205.510030927835,4.077
"1261",126,27.1716288721804,-205.44879245283,4.077
"1262",126.1,27.1757491729323,-205.557577777778,4.077
"1263",126.2,27.1641996969697,-205.430280373832,4.077
"1264",126.3,27.1701175,-205.422451612903,4.07695698924731
"1265",126.4,27.193275,-205.378,4.07609090909091
"1266",126.5,27.195017518797,-205.287090909091,4.0769173553719
"1267",126.6,27.163047593985,-205.11463,4.07707
"1268",126.7,27.1757342424242,-205.040135416667,4.07792708333333
"1269",126.8,27.1714040594059,-205.15327,4.077
"1270",126.9,27.1840748,-205.0337,4.077
"1271",127,27.1877539849624,-205.091207920792,4.077
"1272",127.1,27.1800622556391,-205.060898305085,4.077
"1273",127.2,27.1748604511278,-205.149881355932,4.077
"1274",127.3,27.1766123308271,-205.273435643564,4.07789108910891
"1275",127.4,27.1669596969697,-205.097288461538,4.077
"1276",127.5,27.2055134328358,-205.088634615385,4.07694230769231
"1277",127.6,27.2858343283582,-204.904020833333,4.07602083333333
"1278",127.7,27.273517368421,-204.949461538462,4.077
"1279",127.8,27.306622631579,-204.905958762887,4.077
"1280",127.9,27.2860775757576,-204.81335,4.077
"1281",128,27.2892194059406,-204.901631578947,4.077
"1282",128.1,27.3152825,-204.994495327103,4.077
"1283",128.2,27.3160641791045,-204.910096774194,4.07706451612903
"1284",128.3,27.2937208955224,-204.838742574257,4.07880198019802
"1285",128.4,27.2903227272727,-204.719,4.077
"1286",128.5,27.2932133663366,-204.82803125,4.07698958333333
"1287",128.6,27.3106603030303,-204.733401960784,4.07609803921569
"1288",128.7,27.2972195522388,-204.68222,4.07797
"1289",128.8,27.297577761194,-204.658076086957,4.077
"1290",128.9,27.2856875,-204.68762745098,4.077
"1291",129,27.2971975,-204.662584070796,4.077
"1292",129.1,27.3194406060606,-204.602407079646,4.077
"1293",129.2,27.303727761194,-204.572201834862,4.07709174311927
"1294",129.3,27.3137576119403,-204.494090909091,4.0779898989899
"1295",129.4,27.3145381203008,-204.40278,4.07702
"1296",129.5,27.3061847368421,-204.293868131868,4.078
"1297",129.6,27.2983842424242,-204.29399009901,4.07789108910891
"1298",129.7,27.2728467326733,-204.346027522936,4.077
"1299",129.8,27.25662,-204.375514851485,4.077
"1301",130,27.25017,-204.400150943396,4.077
"1302",130.1,27.2460276767677,-204.415245283019,4.077
"1303",130.2,27.2184251485149,-204.408738738739,4.0769009009009
"1305",130.4,27.2489998496241,-203.986693069307,4.076
"1306",130.5,27.2486915789474,-203.921555555555,4.076
"1307",130.6,27.2289834343434,-204.2287,4.076
"1308",130.7,27.2231574257426,-204.143585106383,4.07601063829787
"1309",130.8,27.2287131313131,-204.012072916667,4.077
"1310",130.9,27.2325723880597,-204.02466,4.077
"1311",131,27.226773880597,-204.104549019608,4.077
"1312",131.1,27.2470119548872,-203.975454545455,4.077
"1313",131.2,27.2750194736842,-203.88974137931,4.0771724137931
"1314",131.3,27.232025,-203.987155172414,4.07889655172414
"1315",131.4,27.2465760150376,-203.772420560748,4.07608411214953
"1316",131.5,27.2449068421053,-203.774935483871,4.07697849462366
"1317",131.6,27.2476320300752,-203.696113207547,4.07608490566038
"1318",131.7,27.2316395488722,-203.853319148936,4.077
"1319",131.8,27.2639176,-203.69009,4.077
"1320",131.9,27.2679152,-203.773778846154,4.077
"1321",132,27.2381014,-203.687104166667,4.077
"1322",132.1,27.2563664179104,-203.68723364486,4.077
"1323",132.2,27.2643141791045,-203.664907216495,4.0769587628866
"1324",132.3,27.2896175,-203.522540816327,4.07505102040816
"1325",132.4,27.2680925,-203.608948453608,4.07607216494845
"1326",132.5,27.2684373737374,-203.630111111111,4.07690740740741
"1327",132.6,27.2635747761194,-203.589515151515,4.076
"1328",132.7,27.273477761194,-203.466542553191,4.07603191489362
"1329",132.8,27.242218,-203.396636363636,4.077
"1330",132.9,27.2476662,-203.447158415842,4.077
"1331",133,27.2733164,-203.486194690266,4.077
"1332",133.1,27.2568706015038,-203.499469026549,4.077
"1333",133.2,27.2601036842105,-203.403927272727,4.07683636363636
"1334",133.3,27.2937376691729,-203.346939393939,4.075
"1335",133.4,27.297654962406,-203.353,4.075
"1337",133.6,27.2963472,-203.18701,4.07791
"1338",133.7,27.2860952,-203.18132,4.077
"1339",133.8,27.288195037594,-203.22005,4.077
"1340",133.9,27.3090221052632,-203.163666666667,4.077
"1341",134,27.2943202,-203.093892473118,4.077
"1342",134.1,27.2952188,-203.089333333333,4.0769298245614
"1343",134.2,27.3177467676768,-203.156,4.07605263157895
"1344",134.3,27.3254623134328,-203.07102970297,4.077
"1345",134.4,27.3266190298507,-202.922606060606,4.077
"1346",134.5,27.3073008,-202.964090909091,4.077
"1347",134.6,27.3305012,-202.85431372549,4.077
"1348",134.7,27.3188114,-202.852848484848,4.077
"1349",134.8,27.3196872180451,-202.906527272727,4.077
"1350",134.9,27.3304842105263,-202.890163636364,4.077
"1351",135,27.3199605263158,-202.73245,4.077
"1352",135.1,27.2905921052632,-202.83466,4.077
"1353",135.2,27.3133854,-202.88679,4.077
"1354",135.3,27.3153468421053,-202.730857142857,4.077
"1355",135.4,27.3225573684211,-202.707031578947,4.07691578947368
"1356",135.5,27.2913034090909,-202.677461538462,4.07523076923077
"1357",135.6,27.3165382575758,-202.593700854701,4.07779487179487
"1358",135.7,27.3335157,-202.543887850467,4.077
"1359",135.8,27.3228681,-202.598419354839,4.077
"1360",135.9,27.2982245544555,-202.514090909091,4.077
"1362",136.1,27.2935410526316,-202.46559375,4.07689583333333
"1363",136.2,27.2877324,-202.345727272727,4.07509090909091
"1364",136.3,27.2772252,-202.3043,4.0761
"1365",136.4,27.2953262,-202.2254,4.0767
"1366",136.5,27.301430075188,-202.2318,4.0744
"1367",136.6,27.3010842105263,-202.333346534653,4.07790099009901
"1368",136.7,27.3160025,-202.286419642857,4.077
"1369",136.8,27.3007078,-202.235526785714,4.077
"1370",136.9,27.3199483,-202.346363636364,4.077
"1371",137,27.3125731578947,-202.162767857143,4.077
"1372",137.1,27.2763626315789,-202.390446428571,4.077
"1373",137.2,27.2594090909091,-202.113640776699,4.07519417475728
"1374",137.3,27.2585909090909,-202.178641304348,4.07996739130435
"1375",137.4,27.2722648,-202.140666666667,4.07691666666667
"1376",137.5,27.2508241,-202.080869565217,4.07601086956522
"1377",137.6,27.2515203960396,-201.990145631068,4.077
"1378",137.7,27.2855487878788,-202.115112903226,4.077
"1379",137.8,27.2923518181818,-202.083661290323,4.077
"1380",137.9,27.3024193,-201.982428571429,4.077
"1381",138,27.2975893,-202.030047619048,4.077
"1382",138.1,27.3249514,-202.09911,4.07591
"1383",138.2,27.3263420300752,-202.066541284404,4.07508256880734
"1385",138.4,27.3059875,-201.979567010309,4.07698969072165
"1386",138.5,27.3093266,-201.936981818182,4.07603636363636
"1387",138.6,27.3082788,-201.911527272727,4.07694545454545
"1388",138.7,27.2929434586466,-201.91370212766,4.077
"1389",138.8,27.2728081203007,-201.942875,4.077
"1390",138.9,27.2888321212121,-202.030375,4.077
"1391",139,27.3168018181818,-201.807322580645,4.07696774193548
"1392",139.1,27.3455284,-201.7751,4.0761
"1393",139.2,27.342985112782,-201.6736,4.077
"1394",139.3,27.3202633082707,-201.710960784314,4.077
"1395",139.4,27.3249277272727,-201.592469387755,4.077
"1396",139.5,27.3388822727273,-201.623146341463,4.077
"1397",139.6,27.3530227,-201.764609756098,4.077
"1398",139.7,27.3532838,-201.61317,4.077
"1399",139.8,27.344088,-201.540326732673,4.077
"1400",139.9,27.3198710526316,-201.61704040404,4.077
"1401",140,27.3291342105263,-201.74941,4.07718
"1402",140.1,27.3381247474748,-201.68752,4.07873
"1403",140.2,27.3410112,-201.520356521739,4.07607826086956
"1404",140.3,27.3534668,-201.402095652174,4.07694782608696
"1405",140.4,27.3446021804511,-201.40802970297,4.077
"1406",140.5,27.3446472932331,-201.44,4.0750625
"1407",140.6,27.3523254545455,-201.41699009901,4.07692079207921
"1408",140.7,27.3676628,-201.361592920354,4.077
"1409",140.8,27.3816854455446,-201.379292035398,4.077
"1410",140.9,27.3753207518797,-201.341090909091,4.077
"1411",141,27.3485087218045,-201.260217821782,4.07709900990099
"1412",141.1,27.3259156818182,-201.412153846154,4.078
"1413",141.2,27.3475293181818,-201.258307692308,4.078
"1414",141.3,27.3361118181818,-201.217727272727,4.07609090909091
"1415",141.4,27.3227136,-201.1123,4.077
"1416",141.5,27.2997174257426,-201.183535714286,4.077
"1417",141.6,27.3001113636364,-201.238892857143,4.077
"1418",141.7,27.310671969697,-201.079980952381,4.077
"1419",141.8,27.2929924,-201.129504761905,4.077
"1420",141.9,27.3012768,-201.0572,4.077
"1421",142,27.308716,-201.163708333333,4.07695833333333
"1422",142.1,27.2942789473684,-201.107,4.07592
"1423",142.2,27.3219180451128,-201.03976635514,4.07514953271028
"1424",142.3,27.3601727,-200.77840625,4.07701041666667
"1425",142.4,27.3269229,-200.90825,4.07789583333333
"1426",142.5,27.3249555,-200.835909090909,4.07609090909091
"1427",142.6,27.3528313533835,-200.792128712871,4.077
"1428",142.7,27.3461696992481,-200.77617,4.077
"1429",142.8,27.3329261363636,-200.87400990099,4.077
"1430",142.9,27.3392821969697,-200.814028037383,4.07685046728972
"1431",143,27.3431104,-200.701358695652,4.07501086956522
"1432",143.1,27.3625221052632,-200.551060869565,4.076
"1433",143.2,27.3645296240602,-200.540626086957,4.076
"1434",143.3,27.3376254545455,-200.638266666667,4.0770380952381
"1435",143.4,27.3802163636364,-200.644933333333,4.07799047619048
"1436",143.5,27.3593702,-200.5436,4.077
"1437",143.6,27.3615045,-200.520654545455,4.077
"1438",143.7,27.3364181188119,-200.578836363636,4.077
"1439",143.8,27.3145710526316,-200.573727272727,4.07608080808081
"1440",143.9,27.3145033834586,-200.667583333333,4.07708333333333
"1441",144,27.3168445454545,-200.607086021505,4.07797849462366
"1442",144.1,27.3355408,-200.518153846154,4.07615384615385
"1443",144.2,27.3394312,-200.455450980392,4.07792156862745
"1444",144.3,27.3515653731343,-200.344759259259,4.07598148148148
"1445",144.4,27.3665131343284,-200.382722222222,4.07505555555556
"1446",144.5,27.3310463636364,-200.4088,4.077
"1447",144.6,27.3301132,-200.427773584906,4.077
"1448",144.7,27.3160716,-200.364363636364,4.077
"1449",144.8,27.3307163157895,-200.277134615385,4.077
"1450",144.9,27.3528817293233,-200.259260869565,4.07701086956522
"1451",145,27.3555324242424,-200.197769230769,4.07792307692308
"1452",145.1,27.317183939394,-200.261871794872,4.07706837606838
"1453",145.2,27.3501116,-200.195225806452,4.07504301075269
"1454",145.3,27.3579178787879,-200.07447826087,4.077
"1455",145.4,27.3601603030303,-200.135347826087,4.077
"1456",145.5,27.3552814393939,-200.105217821782,4.077
"1457",145.6,27.3481829545455,-200.092171428571,4.077
"1458",145.7,27.3329418181818,-200.123066666667,4.077
"1459",145.8,27.3541253465347,-200.049733333333,4.077
"1460",145.9,27.377062970297,-200.00643,4.07601
"1461",146,27.363,-199.893782178218,4.075
"1462",146.1,27.3562857142857,-200.028446808511,4.07506382978723
"1463",146.2,27.3268290909091,-199.860252336449,4.07683177570093
"1464",146.3,27.3642632,-199.861191489362,4.07502127659574
"1465",146.4,27.3927228,-199.781564356436,4.07607920792079
"1466",146.5,27.3635826315789,-199.815214285714,4.07692857142857
"1467",146.6,27.3481991729323,-199.732534653465,4.07608910891089
"1468",146.7,27.3594845454545,-199.916585858586,4.077
"1469",146.8,27.3473936363636,-199.847181818182,4.077
"1470",146.9,27.3598978787879,-199.7484,4.0769
"1471",147,27.3449980597015,-199.574603773585,4.076
"1472",147.1,27.3576249253731,-199.692212765957,4.076
"1473",147.2,27.3560758646617,-199.8057,4.076
"1474",147.3,27.3958954135338,-199.565634615385,4.07619230769231
"1475",147.4,27.3351121212121,-199.532396039604,4.07794059405941
"1476",147.5,27.308395049505,-199.516635416667,4.077
"1477",147.6,27.3026246,-199.68939,4.07691
"1478",147.7,27.3276290977444,-199.658818181818,4.07609090909091
"1479",147.8,27.3385915037594,-199.617198019802,4.077
"1480",147.9,27.2991636363636,-199.609517857143,4.07691964285714
"1481",148,27.3160452475248,-199.499113402062,4.076
"1482",148.1,27.3090471717172,-199.562,4.076
"1483",148.2,27.2978372932331,-199.558236842105,4.07692105263158
"1484",148.3,27.3057245112782,-199.460868421053,4.07604385964912
"1485",148.4,27.310506969697,-199.526452830189,4.077
"1486",148.5,27.3397882178218,-199.449094339623,4.077
"1487",148.6,27.3509311111111,-199.305264705882,4.077
"1488",148.7,27.3354132835821,-199.4194,4.077
"1489",148.8,27.3173908955224,-199.269142857143,4.07714285714286
"1490",148.9,27.3463358646617,-199.482657142857,4.07874285714286
"1491",149,27.3371554135338,-199.380978947368,4.07612631578947
"1492",149.1,27.3018468686869,-199.329535714286,4.07875892857143
"1493",149.2,27.308931641791,-199.268821428571,4.07608035714286
"1494",149.3,27.3181704477612,-199.302701030928,4.0788969072165
"1495",149.4,27.3245079699248,-199.14584,4.077
"1496",149.5,27.3598012030075,-199.10592920354,4.077
"1497",149.6,27.3539139393939,-199.205044247788,4.077
"1498",149.7,27.3580079,-199.293018018018,4.07614414414414
"1499",149.8,27.3458525742574,-199.07012,4.07684
"1500",149.9,27.3404115037594,-199.179722772277,4.07508910891089
"1501",150,27.3207498496241,-199.038,4.07607692307692
"1502",150.1,27.3263646464646,-198.970823529412,4.07696078431373
"1503",150.2,27.3347089108911,-199.088127659574,4.07604255319149
"1504",150.3,27.3243225252525,-199.029782178218,4.07792079207921
"1505",150.4,27.3160670149254,-198.819767676768,4.077
"1506",150.5,27.3437237313433,-198.84492,4.07692
"1507",150.6,27.3455430827068,-198.85004587156,4.076
"1508",150.7,27.3609866917293,-198.638119266055,4.076
"1509",150.8,27.3773548484848,-198.842344537815,4.07593277310924
"1510",150.9,27.3605123880597,-198.859151260504,4.07509243697479
"1511",151,27.3456168656716,-198.984542056075,4.07698130841122
"1512",151.1,27.3401841353383,-198.711644859813,4.07604672897196
"1513",151.2,27.3587781203008,-198.5954,4.076
"1514",151.3,27.361669,-198.780428571429,4.07692857142857
"1515",151.4,27.359651,-198.657069306931,4.07608910891089
"1516",151.5,27.348348,-198.670727272727,4.077
"1517",151.6,27.3551619402985,-198.704818181818,4.077
"1518",151.7,27.3665350746269,-198.62944,4.077
"1519",151.8,27.3646593,-198.630287128713,4.07668316831683
"1520",151.9,27.376917,-198.71087,4.07321
"1521",152,27.352698989899,-198.653754716981,4.07606603773585
"1522",152.1,27.3449432835821,-198.622010204082,4.077
"1523",152.2,27.3614208955224,-198.6254,4.07696842105263
"1524",152.3,27.350412,-198.67756,4.07608
"1525",152.4,27.344272,-198.443814814815,4.07692592592593
"1527",152.6,27.3371373880597,-198.554319148936,4.07602127659574
"1528",152.7,27.3547418656716,-198.492769230769,4.077
"1529",152.8,27.3887057142857,-198.672610526316,4.07708421052632
"1530",152.9,27.3995628571429,-198.466702702703,4.07867567567568
"1531",153,27.423303,-198.552288288288,4.07507207207207
"1532",153.1,27.3980307518797,-198.548346153846,4.07688461538461
"1533",153.2,27.412699924812,-198.499041666667,4.07504166666667
"1534",153.3,27.3831497744361,-198.359704761905,4.077
"1535",153.4,27.3568264661654,-198.346690721649,4.07696907216495
"1536",153.5,27.3860704,-198.43118556701,4.076
"1537",153.6,27.399892,-198.436106382979,4.076
"1538",153.7,27.4008691089109,-198.459510638298,4.076
"1539",153.8,27.4081604511278,-198.339742857143,4.07697142857143
"1540",153.9,27.4157619548872,-198.21995049505,4.0760297029703
"1541",154,27.432098,-198.254191919192,4.077
"1542",154.1,27.429837,-198.4038,4.077
"1543",154.2,27.421769,-198.230466666667,4.077
"1544",154.3,27.4167320300752,-198.229336842105,4.076
"1545",154.4,27.4234387969925,-198.235737373737,4.076
"1546",154.5,27.3982806060606,-198.11712,4.076
"1547",154.6,27.3833925,-198.15720338983,4.07606779661017
"1548",154.7,27.4159675,-198.209745762712,4.07691525423729
"1549",154.8,27.4244566165414,-198.170442307692,4.07605769230769
"1550",154.9,27.4446069924812,-198.047547368421,4.07702105263158
"1551",155,27.4035385606061,-198.057727272727,4.07792929292929
"1552",155.1,27.389985530303,-197.854818181818,4.07716161616162
"1553",155.2,27.4017606,-197.838131578947,4.07876315789474
"1554",155.3,27.4009054,-197.92848245614,4.07613157894737
"1555",155.4,27.4076574257426,-198.065191919192,4.07692929292929
"1556",155.5,27.4225857142857,-198.090934579439,4.076
"1557",155.6,27.4388714285714,-198.052836956522,4.076
"1558",155.7,27.45245,-198.040097087379,4.07617475728155
"1559",155.8,27.444575,-198.06206185567,4.078
"1560",155.9,27.429535,-198.065142857143,4.07782857142857
"1561",156,27.3997972180451,-198.082247619048,4.076
"1562",156.1,27.4424212781955,-197.938438095238,4.076
"1563",156.2,27.4303439393939,-197.948911764706,4.077
"1564",156.3,27.4143261,-197.91884496124,4.077
"1565",156.4,27.4040268,-197.945201550388,4.077
"1566",156.5,27.4180081203008,-198.002785714286,4.076
"1567",156.6,27.4246472180451,-198.000107142857,4.076
"1568",156.7,27.4321208333333,-197.886884615385,4.07603846153846
"1570",156.9,27.4436544,-197.89301,4.07609
"1571",157,27.4397559398496,-197.79425,4.07691
"1572",157.1,27.3999363909774,-197.808446280992,4.07607438016529
"1573",157.2,27.4087189393939,-197.693954545455,4.07713636363636
"1574",157.3,27.401521969697,-197.761,4.076
"1575",157.4,27.3963753535354,-197.765069306931,4.076
"1576",157.5,27.4124096,-197.9512,4.076
"1577",157.6,27.4358181188119,-197.83824,4.07608
"1578",157.7,27.4140735338346,-197.706816513761,4.07714678899083
"1579",157.8,27.4224720300752,-197.75452293578,4.07898165137615
"1580",157.9,27.3977306060606,-197.71212,4.077
"1581",158,27.3937088,-197.691886792453,4.07707547169811
"1582",158.1,27.3962951,-197.573531914894,4.07795744680851
"1583",158.2,27.3665283458647,-197.808202020202,4.076
"1584",158.3,27.3434907518797,-197.574942857143,4.076
"1585",158.4,27.3550682828283,-197.499166666667,4.076
"1586",158.5,27.3710502970297,-197.722308411215,4.076
"1587",158.6,27.3418597,-197.591232323232,4.0760101010101
"1588",158.7,27.3313536842105,-197.709543478261,4.07697826086957
"1589",158.8,27.3623010526316,-197.580386138614,4.07590099009901
"1590",158.9,27.3681878195489,-197.416189189189,4.07524324324324
"1591",159,27.3527291729323,-197.473846846847,4.07794594594595
"1592",159.1,27.364583030303,-197.547217821782,4.07609900990099
"1593",159.2,27.3579136,-197.528982758621,4.0769224137931
"1594",159.3,27.3569474257426,-197.506568965517,4.07606034482759
"1595",159.4,27.3809226315789,-197.43186407767,4.076
"1596",159.5,27.3880278947368,-197.474457943925,4.076
"1597",159.6,27.3703539393939,-197.423574468085,4.07602127659574
"1598",159.7,27.3647408,-197.354036036036,4.07685585585586
"1599",159.8,27.3681454,-197.304486486486,4.07505405405405
"1600",159.9,27.3679066917293,-197.268060606061,4.077
"1601",160,27.3708315037594,-197.413297029703,4.077
"1602",160.1,27.38207,-197.262775700935,4.077
"1603",160.2,27.3863372,-197.261423913043,4.07698913043478
"1604",160.3,27.4063868,-197.389301886792,4.076
"1605",160.4,27.4126232330827,-197.365663157895,4.076
"1606",160.5,27.4071645864662,-197.205555555556,4.076
"1607",160.6,27.4222254545455,-197.25,4.076
"1609",160.8,27.4303408,-197.209,4.077
"1610",160.9,27.4276627819549,-196.940018518519,4.07690740740741
"1611",161,27.4486402255639,-196.949563636364,4.07598181818182
"1612",161.1,27.4309987969925,-196.927745454545,4.07507272727273
"1613",161.2,27.436495037594,-196.919940594059,4.076
"1614",161.3,27.4396588888889,-197.044339622642,4.076
"1615",161.4,27.4218506,-197.073183673469,4.07602040816326
"1616",161.5,27.4191001980198,-197.073489361702,4.077
"1617",161.6,27.444577443609,-196.879058823529,4.07690196078431
"1618",161.7,27.4073819548872,-196.852,4.076
"1619",161.8,27.4644970707071,-196.856339285714,4.07608035714286
"1620",161.9,27.460708019802,-196.904553571429,4.07697321428571
"1621",162,27.4451132,-196.90475,4.07597
"1622",162.1,27.4591197014925,-196.829115384615,4.07502884615385
"1623",162.2,27.5227316417911,-196.732961538462,4.07599038461538
"1624",162.3,27.5359405050505,-196.713762376238,4.076
"1625",162.4,27.5262420792079,-196.809857142857,4.076
"1626",162.5,27.5291206060606,-196.864079207921,4.076
"1627",162.6,27.5275585074627,-196.631921568627,4.07607843137255
"1628",162.7,27.5524913432836,-196.544897959184,4.0769387755102
"1629",162.8,27.520167593985,-196.660051282051,4.07613675213675
"1630",162.9,27.536160075188,-196.585692307692,4.07784615384615
"1631",163,27.542835959596,-196.57081,4.07709
"1632",163.1,27.5111597029703,-196.763375,4.077
"1633",163.2,27.5014164,-196.716031914894,4.07607446808511
"1634",163.3,27.5182168656716,-196.692673469388,4.076
"1635",163.4,27.5069258208955,-196.452081632653,4.076
"1636",163.5,27.5422895959596,-196.482303030303,4.07608080808081
"1637",163.6,27.5301402970297,-196.473916666667,4.07708333333333
"1638",163.7,27.5376348484848,-196.593650485437,4.07798058252427
"1639",163.8,27.5465255223881,-196.558699029126,4.07603883495146
"1640",163.9,27.5408240298507,-196.486847619048,4.07692380952381
"1641",164,27.5444404,-196.47738,4.07606
"1642",164.1,27.5615633663366,-196.234326732673,4.07794059405941
"1643",164.2,27.5614074747475,-196.342628865979,4.076
"1644",164.3,27.5395937313433,-196.327326732673,4.0760495049505
"1645",164.4,27.4545116417911,-196.37596039604,4.0769603960396
"1646",164.5,27.4396529323308,-196.471465346535,4.076
"1647",164.6,27.4248183458647,-196.451638095238,4.076
"1648",164.7,27.4498316161616,-196.333542857143,4.076
"1649",164.8,27.4693917164179,-196.320086021505,4.07695698924731
"1650",164.9,27.4545484328358,-196.324,4.075
"1651",165,27.4542527067669,-196.324,4.075
"1653",165.2,27.4505279,-196.282574257426,4.076
"1654",165.3,27.4528301,-196.224181818182,4.076
"1655",165.4,27.4679132,-196.325652173913,4.076
"1656",165.5,27.4599111940299,-196.422173913043,4.076
"1657",165.6,27.4416723880597,-196.155,4.07613333333333
"1658",165.7,27.4567584,-196.08,4.0778
"1659",165.8,27.4695356435644,-196.09508,4.07516
"1660",165.9,27.4589505050505,-196.07116,4.077
"1661",166,27.4644832835821,-196.040615384615,4.07692307692308
"1662",166.1,27.4354310447761,-195.934886597938,4.076
"1663",166.2,27.4576824,-196.079868686869,4.076
"1664",166.3,27.4740816,-195.879857142857,4.076
"1665",166.4,27.4737444,-195.869865384615,4.076
"1666",166.5,27.4796818045113,-195.998711538462,4.076
"1667",166.6,27.464937443609,-195.9722,4.07684
"1668",166.7,27.4635966165414,-195.90628,4.07524
"1670",166.9,27.4653308,-195.78512,4.07784
"1671",167,27.438302,-195.936864864865,4.07592792792793
"1672",167.1,27.4428309,-195.947675675676,4.07502702702703
"1673",167.2,27.4852945864662,-195.839378640777,4.076
"1675",167.4,27.4729725,-195.797538461538,4.076
"1676",167.5,27.4714245,-195.943587628866,4.076
"1677",167.6,27.4951994,-195.839868686869,4.07614141414141
"1678",167.7,27.4810754135338,-195.817778761062,4.07778761061947
"1680",167.9,27.5045018,-195.627722772277,4.076
"1681",168,27.4799197029703,-195.74958,4.07607
"1682",168.1,27.4840356,-195.565714285714,4.07692857142857
"1683",168.2,27.5022430827068,-195.671521008403,4.076
"1684",168.3,27.4845964661654,-195.732865546219,4.076
"1685",168.4,27.4966468421053,-195.722898989899,4.076
"1687",168.6,27.5058797,-195.675935779816,4.07699082568807
"1688",168.7,27.5128679699248,-195.51838317757,4.07585046728972
"1690",168.9,27.5089806766917,-195.522831683168,4.075
"1691",169,27.5057007462687,-195.578646464646,4.07507070707071
"1692",169.1,27.4916138,-195.56296,4.076
"1693",169.2,27.5238078,-195.43696,4.076
"1694",169.3,27.5342527722772,-195.4484,4.076
"1695",169.4,27.5215168421053,-195.463930693069,4.07607920792079
"1697",169.6,27.5258006,-195.530516129032,4.07693548387097
"1698",169.7,27.520107029703,-195.486967741935,4.07612903225806
"1699",169.8,27.5315188,-195.346588235294,4.07682352941177
"1700",169.9,27.5361153383459,-195.500380530973,4.0759203539823
"1701",170,27.4992882706767,-195.449053097345,4.07503539823009
"1702",170.1,27.5026046464646,-195.34977,4.076
"1703",170.2,27.5034581,-195.266102564103,4.076
"1704",170.3,27.4947578,-195.253282051282,4.076
"1705",170.4,27.5294096992481,-195.34706185567,4.076
"1707",170.6,27.50682,-195.312037037037,4.07699074074074
"1708",170.7,27.5189304477612,-195.28726,4.07601
"1709",170.8,27.5076784,-195.195594339623,4.077
"1710",170.9,27.4775944,-195.147481132075,4.077
"1711",171,27.4669322772277,-195.099900826446,4.07693388429752
"1712",171.1,27.490365,-195.048661157025,4.07610743801653
"1713",171.2,27.5150680597015,-195.21284,4.076
"1714",171.3,27.5230694,-195.08808,4.076
"1715",171.4,27.5506038,-195.01801010101,4.076
"1716",171.5,27.559939,-195.244346534653,4.07591089108911
"1717",171.6,27.5322387218045,-195.10832038835,4.07507766990291
"1718",171.7,27.5277035820896,-195.031289719626,4.076
"1719",171.8,27.5251284,-195.07708411215,4.076
"1720",171.9,27.5291827722772,-194.980385416667,4.076
"1721",172,27.5279082,-195.009959183673,4.076
"1722",172.1,27.5236028571429,-194.88586,4.076
"1724",172.3,27.5206875,-194.9294,4.076
"1725",172.4,27.5093647761194,-194.95003,4.076
"1726",172.5,27.509708,-194.969157407407,4.07606481481481
"1727",172.6,27.5041885714286,-194.85712037037,4.07699074074074
"1728",172.7,27.4959523880597,-194.84196875,4.07409375
"1729",172.8,27.541715,-194.848565656566,4.077
"1730",172.9,27.5726335294118,-194.93001980198,4.07692079207921
"1731",173,27.5811145454545,-194.716545454545,4.076
"1732",173.1,27.5856385,-194.65768,4.076
"1733",173.2,27.5979873267327,-194.65456,4.076
"1734",173.3,27.5986407518797,-194.67268,4.07608
"1735",173.4,27.6022380882353,-194.797181818182,4.07692727272727
"1736",173.5,27.60172,-194.674454545455,4.07601818181818
"1737",173.6,27.6142900990099,-194.881625,4.074125
"1738",173.7,27.603861,-194.704808080808,4.077
"1739",173.8,27.598974962406,-194.63631092437,4.077
"1741",174,27.59664,-194.652663551402,4.07693457943925
"1743",174.2,27.56809,-194.688722772277,4.076
"1744",174.3,27.5571421804511,-194.550171717172,4.076
"1745",174.4,27.5564708955224,-194.594866666667,4.076
"1746",174.5,27.5486428787879,-194.476009615385,4.07602884615385
"1747",174.6,27.583435,-194.612676767677,4.077
"1748",174.7,27.571456060606,-194.445,4.077
"1749",174.8,27.5129375,-194.401862745098,4.07798039215686
"1750",174.9,27.5041267326733,-194.574472727273,4.07692727272727
"1751",175,27.5061521804511,-194.605381818182,4.07601818181818
"1752",175.1,27.4900719402985,-194.573333333333,4.076
"1753",175.2,27.5019121212121,-194.60204040404,4.076
"1754",175.3,27.5179625,-194.5564,4.076
"1755",175.4,27.5323415,-194.611623762376,4.07592079207921
"1756",175.5,27.5196821052632,-194.406765765766,4.07506306306306
"1757",175.6,27.5064582352941,-194.531990990991,4.07596396396396
"1758",175.7,27.5004703030303,-194.451616161616,4.07591919191919
"1759",175.8,27.4987503960396,-194.473481132075,4.07508490566038
"1760",175.9,27.4992372,-194.51190625,4.076
"1761",176,27.5089990225564,-194.53727,4.076
"1762",176.1,27.5161141791045,-194.49902020202,4.076
"1763",176.2,27.512756969697,-194.47628,4.076
"1764",176.3,27.5063541176471,-194.51712,4.076
"1765",176.4,27.5194075757576,-194.540393939394,4.07624242424242
"1766",176.5,27.5348736842105,-194.3775,4.07882352941176
"1767",176.6,27.55488,-194.18340776699,4.07693203883495
"1768",176.7,27.5629221052632,-194.287541666667,4.076
"1769",176.8,27.5928605970149,-194.344099009901,4.076
"1770",176.9,27.6084143434343,-194.30892920354,4.076
"1771",177,27.6308652,-194.122203539823,4.076
"1772",177.1,27.6309602970297,-194.28725,4.076
"1773",177.2,27.6294110526316,-194.306836734694,4.076
"1774",177.3,27.6460276470588,-194.29004,4.076
"1775",177.4,27.6448667676768,-194.294727272727,4.07616161616162
"1776",177.5,27.6406197029703,-194.218644859813,4.07783177570094
"1777",177.6,27.6558356,-194.288127659574,4.076
"1778",177.7,27.662251641791,-194.16,4.07608
"1780",177.9,27.6778209090909,-194.259118811881,4.0750198019802
"1781",178,27.6720072277228,-194.069440860215,4.076
"1782",178.1,27.6730192929293,-194.29768,4.076
"1783",178.2,27.6544224626866,-194.328844036697,4.076
"1784",178.3,27.6496278787879,-194.189394495413,4.076
"1785",178.4,27.6659321052632,-194.249752475248,4.076
"1786",178.5,27.6227294029851,-194.28038,4.07507
"1787",178.6,27.6321473737374,-194.134131313131,4.07607070707071
"1788",178.7,27.6440626732673,-194.226236363636,4.07685454545455
"1789",178.8,27.618663,-194.041690909091,4.07503636363636
"1790",178.9,27.59796,-194.111742574257,4.075
"1791",179,27.5889570149254,-194.197815533981,4.07594174757282
"1792",179.1,27.6036034343434,-194.065080808081,4.076
"1793",179.2,27.6060152475248,-193.97068,4.076
"1794",179.3,27.6090016161616,-194.08512,4.076
"1795",179.4,27.5992937313433,-194.11884,4.076
"1796",179.5,27.6153543283582,-194.09104,4.076
"1797",179.6,27.620849,-194.047524271845,4.076
"1798",179.7,27.6203476237624,-193.943402061856,4.076
"1799",179.8,27.6216887878788,-194.10104,4.07608
"1800",179.9,27.6161044029851,-194.10848,4.07692
"1801",180,27.6279887878788,-193.803722772277,4.076
"1802",180.1,27.6302231578947,-193.940823529412,4.076
"1803",180.2,27.6581095522388,-193.954991452991,4.07604273504274
"1804",180.3,27.659672020202,-194.01482051282,4.07689743589744
"1805",180.4,27.67299,-194.020472222222,4.07506481481481
"1806",180.5,27.6321339393939,-193.984361111111,4.07599074074074
"1807",180.6,27.6329818045113,-193.91569,4.07699
"1808",180.7,27.6116328358209,-193.836954954955,4.07687387387387
"1809",180.8,27.6544204,-193.764882882883,4.07507207207207
"1810",180.9,27.6379104,-193.729396396396,4.076
"1811",181,27.630978,-193.884351351351,4.076
"1812",181.1,27.6089914925373,-193.88240776699,4.076
"1813",181.2,27.6245455223881,-193.751792079208,4.076
"1814",181.3,27.602471,-193.658383838384,4.07607070707071
"1815",181.4,27.623463960396,-193.553481481482,4.077
"1817",181.6,27.6283123880597,-193.70032631579,4.07697894736842
"1818",181.7,27.6451362121212,-193.591131313131,4.076
"1819",181.8,27.6041583168317,-193.77528,4.076
"1820",181.9,27.6127026,-193.602435643564,4.076
"1821",182,27.6739074,-193.569626262626,4.076
"1822",182.1,27.6978113533835,-193.683633663366,4.076
"1823",182.2,27.6994360606061,-193.688913461538,4.076
"1824",182.3,27.7216822727273,-193.65821875,4.0759375
"1825",182.4,27.7001385074627,-193.601280701754,4.07406140350877
"1826",182.5,27.6911428,-193.576719298246,4.07493859649123
"1827",182.6,27.7209068,-193.413287128713,4.076
"1828",182.7,27.7329552,-193.406412844037,4.076
"1829",182.8,27.7355203007519,-193.426596330275,4.076
"1830",182.9,27.7380958208955,-193.417928571429,4.076
"1831",183,27.7295308,-193.479535714286,4.076
"1832",183.1,27.710724,-193.362436363636,4.076
"1833",183.2,27.7192272727273,-193.464145833333,4.076
"1834",183.3,27.7342880740741,-193.4375,4.07595833333333
"1835",183.4,27.7351046268657,-193.440137254902,4.07507843137255
"1836",183.5,27.718149,-193.336536585366,4.076
"1837",183.6,27.7107244554455,-193.345479674797,4.076
"1838",183.7,27.7433348,-193.292660194175,4.07798058252427
"1839",183.8,27.7363322,-193.25867961165,4.07603883495146
"1840",183.9,27.7319024,-193.20998,4.076
"1841",184,27.7398863157895,-193.488735294118,4.076
"1842",184.1,27.7276180597015,-193.458459183673,4.076
"1843",184.2,27.7294732,-193.460831683168,4.076
"1844",184.3,27.754994040404,-193.377072727273,4.076
"1845",184.4,27.7351405050505,-193.361618181818,4.076
"1846",184.5,27.7348382706767,-193.25444,4.07504
"1847",184.6,27.7580105970149,-193.21618556701,4.076
"1848",184.7,27.7507248,-193.31384,4.07606
"1849",184.8,27.7485500990099,-193.27658,4.07694
"1850",184.9,27.743768,-193.221514851485,4.076
"1851",185,27.7597847368421,-193.202141414141,4.076
"1852",185.1,27.7879852238806,-193.2782,4.076
"1853",185.2,27.7739695,-193.2482,4.076
"1854",185.3,27.7750825,-193.388525773196,4.076
"1855",185.4,27.7715385,-193.281842696629,4.07362921348315
"1856",185.5,27.7747178947368,-193.256,4.077
"1857",185.6,27.7810847761194,-193.16590990991,4.0760990990991
"1858",185.7,27.7493147474747,-193.221266666667,4.07501111111111
"1859",185.8,27.746176,-193.07874,4.076
"1860",185.9,27.7778912,-192.98307,4.076
"1861",186,27.7603834586466,-193.16852293578,4.076
"1862",186.1,27.769178358209,-193.147422018349,4.076
"1863",186.2,27.7891681818182,-193.02058,4.076
"1864",186.3,27.805758358209,-193.100926605505,4.07693577981651
"1865",186.4,27.8000184,-193.028449541284,4.07601834862385
"1866",186.5,27.7882016,-193.035277777778,4.07505555555556
"1867",186.6,27.8004400990099,-192.989907407407,4.07598148148148
"1868",186.7,27.8090881818182,-192.928824561404,4.076
"1869",186.8,27.7950813432836,-192.981796116505,4.076
"1870",186.9,27.7898311,-193.0397,4.076
"1871",187,27.7843684,-193.040017241379,4.076
"1872",187.1,27.7977823,-193.123637931034,4.076
"1873",187.2,27.8151235338346,-193.03936,4.07594
"1874",187.3,27.8207243283582,-192.99446,4.07512
"1875",187.4,27.8069621,-192.942272727273,4.07706060606061
"1876",187.5,27.811160990099,-192.985326923077,4.07779807692308
"1877",187.6,27.8194296,-192.88284375,4.075
"1878",187.7,27.8004067669173,-192.98737,4.07507
"1879",187.8,27.8253070149254,-192.7916,4.076
"1880",187.9,27.80856,-192.785059405941,4.076
"1881",188,27.8095482352941,-192.93638,4.076
"1882",188.1,27.8020109090909,-192.767757009346,4.076
"1883",188.2,27.8120656390977,-192.730373831776,4.076
"1884",188.3,27.7875520895522,-192.86365,4.07699
"1885",188.4,27.7907381954887,-192.801090909091,4.07512121212121
"1886",188.5,27.7873597014925,-192.780471153846,4.07693269230769
"1887",188.6,27.799646969697,-192.691651376147,4.076
"1888",188.7,27.7989694,-192.746697247706,4.076
"1889",188.8,27.7981887128713,-192.671346938776,4.076
"1890",188.9,27.8021498496241,-192.572942307692,4.076
"1891",189,27.7954141176471,-192.720057692308,4.076
"1892",189.1,27.7792654545455,-192.696439252336,4.076
"1893",189.2,27.7797228,-192.470859649123,4.076
"1894",189.3,27.7922219,-192.583140350877,4.076
"1895",189.4,27.7914590977444,-192.579403846154,4.07605769230769
"1896",189.5,27.7991053731343,-192.63302020202,4.0769595959596
"1897",189.6,27.7930806060606,-192.53803125,4.075
"1898",189.7,27.7928130693069,-192.567644859813,4.07506542056075
"1899",189.8,27.7877626,-192.534,4.076
"1900",189.9,27.7789310526316,-192.451431192661,4.076
"1901",190,27.7764825373134,-192.456195876289,4.076
"1902",190.1,27.8155556818182,-192.37503,4.076
"1903",190.2,27.8149139705882,-192.409754901961,4.07593137254902
"1904",190.3,27.7888744444444,-192.510204081633,4.07505102040816
"1905",190.4,27.7869058,-192.414924528302,4.076
"1906",190.5,27.8075441584158,-192.32729787234,4.07602127659574
"1907",190.6,27.8270929323308,-192.17797979798,4.07771717171717
"1908",190.7,27.8169241791045,-192.2944,4.07416
"1909",190.8,27.8139466666667,-192.28256,4.076
"1910",190.9,27.8179274,-192.35553271028,4.076
"1911",191,27.8355768,-192.325268817204,4.076
"1912",191.1,27.8320757142857,-192.355052631579,4.076
"1913",191.2,27.8350451470588,-192.418210526316,4.076
"1914",191.3,27.8495286868687,-192.357959183673,4.07512244897959
"1915",191.4,27.8210283168317,-192.260226086957,4.07693043478261
"1916",191.5,27.8207755,-192.388052173913,4.07606086956522
"1917",191.6,27.831665112782,-192.297357142857,4.07592857142857
"1918",191.7,27.8189191044776,-192.201821428571,4.07503571428571
"1919",191.8,27.8655078195489,-192.235939393939,4.076
"1920",191.9,27.8477782089552,-192.09106,4.076
"1921",192,27.8364467676768,-192.244760683761,4.076
"1922",192.1,27.8315050746269,-192.341341880342,4.076
"1923",192.2,27.8320103030303,-192.41227184466,4.07606796116505
"1924",192.3,27.8140855223881,-192.322730769231,4.07696153846154
"1926",192.5,27.7641644444444,-192.332475247525,4.07584158415842
"1927",192.6,27.7543217821782,-192.2366,4.07414
"1928",192.7,27.7412042,-192.127474747475,4.076
"1929",192.8,27.7421013533835,-192.160880733945,4.076
"1930",192.9,27.7649617910448,-192.171889908257,4.076
"1931",193,27.7695873737374,-192.203495652174,4.076
"1932",193.1,27.7698668316832,-192.272191304348,4.076
"1933",193.2,27.7598778787879,-192.306618556701,4.07589690721649
"1934",193.3,27.7343526865672,-192.0536,4.07416
"1935",193.4,27.7278021212121,-192.18556,4.07592
"1936",193.5,27.7429532,-192.158126213592,4.07515533980582
"1937",193.6,27.7580926732673,-192.035971153846,4.07695192307692
"1938",193.7,27.7903143434343,-192.17352,4.076
"1939",193.8,27.7989485148515,-192.126340425532,4.076
"1940",193.9,27.8024411881188,-192.15529245283,4.076
"1941",194,27.8023581954887,-192.11730927835,4.076
"1942",194.1,27.8099904477612,-192.143958333333,4.076
"1943",194.2,27.7702581818182,-192.075247706422,4.07607339449541
"1944",194.3,27.7746525742574,-192.090844036697,4.07699082568807
"1945",194.4,27.7848881818182,-192.03094949495,4.07692929292929
"1946",194.5,27.7759327067669,-192.08241509434,4.07592452830189
"1947",194.6,27.7770697014925,-191.916930693069,4.0750396039604
"1948",194.7,27.790456969697,-191.96323655914,4.07698924731183
"1949",194.8,27.798501,-191.982544554455,4.076
"1950",194.9,27.7840532323232,-191.960018691589,4.076
"1952",195.1,27.8247029411765,-191.985909090909,4.07592929292929
"1953",195.2,27.8098106060606,-192.08676,4.075
"1954",195.3,27.8127142574257,-191.906336633663,4.07507920792079
"1955",195.4,27.8263264,-191.980494949495,4.07592929292929
"1956",195.5,27.8103389552239,-191.98932,4.075
"1957",195.6,27.8047493939394,-192.001557522124,4.07507079646018
"1958",195.7,27.8163528571429,-191.821026548673,4.07595575221239
"1959",195.8,27.8133756716418,-191.77484,4.076
"1960",195.9,27.794432020202,-191.82668,4.076
"1961",196,27.7996797014925,-191.918564356436,4.07592079207921
"1962",196.1,27.8003222727273,-191.95377,4.07514
"1963",196.2,27.8087281203008,-191.86239,4.07686
"1964",196.3,27.8182686567164,-191.74219,4.075
"1965",196.4,27.7959684,-191.67515,4.075
"1966",196.5,27.7864777,-191.80678,4.07493
"1967",196.6,27.7966651,-191.75959,4.07414
"1968",196.7,27.8278681343284,-191.709375,4.076
"1969",196.8,27.8421520895522,-191.846157894737,4.076
"1970",196.9,27.820361,-191.623,4.076
"1971",197,27.796895,-191.7442,4.07592
"1972",197.1,27.7996904040404,-191.67448,4.07508
"1973",197.2,27.7928920895522,-191.767622641509,4.076
"1974",197.3,27.7567577272727,-191.714531914894,4.076
"1975",197.4,27.7595953,-191.724719626168,4.076
"1976",197.5,27.7778628712871,-191.549258064516,4.076
"1977",197.6,27.8020224,-191.67708,4.076
"1978",197.7,27.7724546,-191.81544,4.076
"1979",197.8,27.7611046,-191.803930693069,4.076
"1980",197.9,27.7759071428571,-191.746716981132,4.076
"1981",198,27.78745,-191.771378640777,4.076
"1982",198.1,27.810165,-191.809242718447,4.076
"1983",198.2,27.8349078,-191.79353125,4.07696875
"1984",198.3,27.841535050505,-191.76374,4.07607
"1985",198.4,27.8112252631579,-191.562466666667,4.07686666666667
"1986",198.5,27.7828382089552,-191.582010526316,4.07502105263158
"1987",198.6,27.8022038,-191.534560747664,4.076
"1988",198.7,27.8101406,-191.514,4.076
"1989",198.8,27.8192445454546,-191.756156862745,4.076
"1990",198.9,27.8444437313433,-191.709357142857,4.076
"1991",199,27.8507153731343,-191.476321428571,4.076
"1992",199.1,27.8315296,-191.578428571429,4.076
"1993",199.2,27.8233491089109,-191.49175862069,4.07406896551724
"1994",199.3,27.8193518,-191.623698113208,4.07592452830189
"1995",199.4,27.8404182,-191.57198989899,4.0750202020202
"1996",199.5,27.8670182,-191.613842105263,4.076
"1997",199.6,27.8289271428571,-191.42188,4.076
"1998",199.7,27.8120797014926,-191.392972477064,4.076
"1999",199.8,27.846533,-191.480128440367,4.076
"2000",199.9,27.8354333663366,-191.53304,4.076
"2001",200,27.8518161,-191.520490566038,4.07584905660377
"2002",200.1,27.8453638636364,-191.498247619048,4.07401904761905
"2003",200.2,27.8283892537313,-191.310628571429,4.07497142857143
"2004",200.3,27.834606,-191.327855670103,4.075
"2005",200.4,27.8397325252525,-191.269384615385,4.075
"2006",200.5,27.8419098,-191.15378,4.07503
"2007",200.6,27.8207215789474,-191.2758125,4.076
"2008",200.7,27.7918419402985,-191.275551724138,4.076
"2009",200.8,27.8434014,-191.354862068966,4.076
"2010",200.9,27.8257043,-191.138575757576,4.076
"2011",201,27.8281554,-191.24578,4.07607
"2012",201.1,27.861697593985,-191.113534653465,4.07679207920792
"2013",201.2,27.89124,-191.15416,4.074
"2014",201.3,27.875688,-191.04412,4.07412
"2015",201.4,27.8638847524752,-191.00296,4.07594
"2016",201.5,27.8484372,-191.067048780488,4.0750487804878
"2017",201.6,27.8546137,-191.101195121951,4.07586178861789
"2018",201.7,27.8679853465347,-191.029861386139,4.076
"2019",201.8,27.8713728787879,-191.123252173913,4.07594782608696
"2020",201.9,27.8470094029851,-191.14412173913,4.07507826086957
"2021",202,27.8457157,-191.178504950495,4.07486138613861
"2022",202.1,27.866726,-191.234818181818,4.07312121212121
"2023",202.2,27.8845186,-191.168394495413,4.07506422018349
"2024",202.3,27.911335,-191.145458715596,4.07598165137615
"2025",202.4,27.9163765671642,-191.126252631579,4.07503157894737
"2026",202.5,27.90109,-191.059962264151,4.07783018867925
"2028",202.7,27.925522,-190.986057142857,4.076
"2029",202.8,27.9024460150376,-191.287961904762,4.076
"2030",202.9,27.8454658208955,-191.14662,4.07506
"2031",203,27.834714,-191.12434,4.07612
"2032",203.1,27.8299954455446,-191.114530973451,4.07778761061947
"2033",203.2,27.8248536,-191.123380530973,4.07424778761062
"2034",203.3,27.8268284,-190.96422,4.07593
"2035",203.4,27.8271544554455,-191.188885964912,4.07493859649123
"2036",203.5,27.82483,-191.130114035088,4.07406140350877
"2037",203.6,27.8200632835821,-190.965723404255,4.07597872340425
"2038",203.7,27.7925193,-190.916813084112,4.076
"2039",203.8,27.7847994,-191.057776595745,4.07598936170213
"2040",203.9,27.8153062,-191.041504950495,4.075
"2041",204,27.8347784090909,-191.097269230769,4.07505769230769
"2042",204.1,27.8393364705882,-191.01724,4.076
"2043",204.2,27.8706575757576,-190.881608247423,4.076
"2044",204.3,27.873156,-190.863404040404,4.0760505050505
"2045",204.4,27.860428,-190.87256,4.07706
"2046",204.5,27.850147593985,-190.88452,4.07788
"2047",204.6,27.8162222058824,-190.69482,4.076
"2048",204.7,27.8342312121212,-190.788146788991,4.076
"2049",204.8,27.83917,-190.823926605505,4.076
"2050",204.9,27.842808,-190.896653846154,4.075
"2051",205,27.8405969172932,-190.697631578947,4.075
"2052",205.1,27.834933880597,-190.81294017094,4.075
"2053",205.2,27.863413030303,-190.712085470085,4.075
"2054",205.3,27.8282398019802,-190.72659,4.07493
"2055",205.4,27.831504,-190.75967,4.07407
"2056",205.5,27.838014,-190.735842592593,4.07506481481481
"2057",205.6,27.8185895049505,-190.64787962963,4.07599074074074
"2058",205.7,27.8239986363636,-190.676117647059,4.076
"2059",205.8,27.838055,-190.640297297297,4.076
"2060",205.9,27.8579881818182,-190.715972972973,4.076
"2061",206,27.880038,-190.800036809816,4.07495705521472
"2062",206.1,27.915752,-190.657705521472,4.07434355828221
"2063",206.2,27.9222684848485,-190.556,4.07675
"2064",206.3,27.91186,-190.692294736842,4.07597894736842
"2065",206.4,27.9098827272727,-190.535757575758,4.07406060606061
"2066",206.5,27.9247251,-190.594138613861,4.07506930693069
"2067",206.6,27.9286114,-190.595603773585,4.076
"2069",206.8,27.90727,-190.6046,4.07594782608696
"2070",206.9,27.914922020202,-190.5646,4.07507826086957
"2071",207,27.9233566336634,-190.74675257732,4.075
"2072",207.1,27.935876,-190.533574074074,4.075
"2073",207.2,27.931268,-190.519392156863,4.0766862745098
"2074",207.3,27.9237998019802,-190.554821428571,4.076
"2075",207.4,27.9547895454545,-190.585178571429,4.076
"2076",207.5,27.9744444117647,-190.68289,4.07507
"2077",207.6,27.9700554545455,-190.608,4.076
"2078",207.7,27.97931,-190.508,4.076
"2079",207.8,27.967498,-190.580873786408,4.07505825242718
"2080",207.9,27.9538390225564,-190.592885714286,4.07605714285714
"2081",208,27.9247774626866,-190.52240952381,4.0779619047619
"2082",208.1,27.9537912121212,-190.507089108911,4.07417821782178
"2083",208.2,27.9391614,-190.644813559322,4.07691525423729
"2084",208.3,27.9474565,-190.521084745763,4.07522033898305
"2085",208.4,27.9542309022556,-190.4821,4.07412
"2086",208.5,27.9361064705882,-190.376181818182,4.076
"2087",208.6,27.9577860606061,-190.41448,4.076
"2088",208.7,27.9503722772277,-190.479475247525,4.07593069306931
"2089",208.8,27.9275191919192,-190.549781818182,4.075
"2090",208.9,27.9403873134328,-190.495,4.07491666666667
"2091",209,27.958631969697,-190.47,4.077
"2092",209.1,27.9540186868687,-190.54358490566,4.07511320754717
"2093",209.2,27.9486005882353,-190.400162162162,4.076
"2094",209.3,27.93593,-190.359621621622,4.076
"2095",209.4,27.9296667,-190.465185185185,4.07693518518519
"2096",209.5,27.942039009901,-190.439259259259,4.07600925925926
"2097",209.6,27.9544422556391,-190.43521,4.076
"2098",209.7,27.9519629850746,-190.343613861386,4.07593069306931
"2099",209.8,27.9535014141414,-190.316090909091,4.07506060606061
"2100",209.9,27.9485881,-190.18395,4.076
"2101",210,27.9548641,-190.26587,4.07593
"2102",210.1,27.9506264661654,-190.29931,4.07514
"2103",210.2,27.9484656716418,-190.240862068966,4.07681896551724
"2104",210.3,27.9745960606061,-190.296034482759,4.07423275862069
"2105",210.4,27.9780274,-190.267920792079,4.075
"2106",210.5,27.9714844,-190.3244,4.075
"2107",210.6,27.9832189473684,-190.174787878788,4.07506060606061
"2108",210.7,27.9780429411765,-190.199059405941,4.07593069306931
"2109",210.8,27.9743533333333,-190.358454545455,4.07506060606061
"2110",210.9,27.9682174257426,-190.31400990099,4.07593069306931
"2111",211,27.9661366,-190.24592,4.07494
"2112",211.1,27.9874835,-190.223637168142,4.07405309734513
"2113",211.2,27.9894322772277,-190.134256637168,4.07493805309735
"2114",211.3,27.977675037594,-190.297158415842,4.076
"2115",211.4,27.9934550746269,-190.259880733945,4.076
"2116",211.5,27.9864902020202,-190.274559633028,4.076
"2117",211.6,27.9741051485149,-190.062346153846,4.07506730769231
"2118",211.7,27.9921391919192,-190.118234042553,4.075
"2119",211.8,28.0042795522388,-190.216058823529,4.075
"2120",211.9,28.0149564179104,-190.125,4.07514
"2121",212,28.0155147474747,-190.13326,4.07693
"2122",212.1,28.018912970297,-190.23978,4.07593
"2123",212.2,28.0178928282828,-190.19476,4.07507
"2124",212.3,28.0087944360902,-190.14876,4.07593
"2125",212.4,28.0183680597015,-189.934460869565,4.075
"2126",212.5,28.022891,-189.955330434783,4.075
"2127",212.6,28.0396621,-189.958896907216,4.075
"2128",212.7,28.0162116161616,-189.957666666667,4.07505555555556
"2129",212.8,28.0004067164179,-189.968777777778,4.07598148148148
"2130",212.9,27.9828251515152,-189.939504854369,4.076
"2131",213,28.0057836,-189.992845360825,4.0740412371134
"2132",213.1,28.0179893069307,-190.011566037736,4.07677358490566
"2133",213.2,28.01596,-189.950171428571,4.07688571428571
"2134",213.3,28.0074117647059,-190.084455445545,4.075
"2135",213.4,27.982752,-190.03,4.075
"2136",213.5,27.9927852631579,-190.042745098039,4.075
"2137",213.6,28.0156452238806,-190.036339805825,4.075
"2138",213.7,28.006338,-190.045285714286,4.07497959183673
"2139",213.8,28.032818,-190.031,4.076
"2140",213.9,28.0178178787879,-189.8625,4.07696875
"2141",214,27.9938678195489,-189.80683,4.07593
"2142",214.1,27.9749692537313,-189.704201834862,4.07506422018349
"2143",214.2,27.9894298,-189.978513761468,4.07598165137615
"2144",214.3,27.9638518181818,-189.895888888889,4.075
"2145",214.4,27.9392766666667,-189.87737037037,4.075
"2146",214.5,27.9255905970149,-189.932433070866,4.075
"2147",214.6,27.9056968656716,-189.852905511811,4.075
"2148",214.7,27.8946606,-189.913909090909,4.07506060606061
"2149",214.8,27.9023433663366,-189.78371,4.07593
"2150",214.9,27.88547,-189.90808,4.07493
"2151",215,27.8793286567164,-189.676930693069,4.07420792079208
"2152",215.1,27.8811478787879,-189.761575757576,4.07693939393939
"2153",215.2,27.9104526315789,-189.63696039604,4.07586138613861
"2154",215.3,27.892973880597,-189.71886,4.07412
"2155",215.4,27.8929802,-189.749900990099,4.07594059405941
"2156",215.5,27.903236,-189.777397959184,4.07505102040816
"2157",215.6,27.9059586,-189.73768,4.076
"2158",215.7,27.9026763157895,-189.83347,4.076
"2159",215.8,27.9029102985075,-189.580099009901,4.07593069306931
"2160",215.9,27.9075598,-189.667575757576,4.075
"2161",216,27.9145904,-189.7509375,4.0750625
"2162",216.1,27.9267836,-189.7071875,4.07595535714286
"2163",216.2,27.9260978947368,-189.596831683168,4.07505940594059
"2164",216.3,27.9009892537313,-189.584524271845,4.07591262135922
"2165",216.4,27.9209808,-189.501902173913,4.07501086956522
"2166",216.5,27.942499,-189.46072972973,4.07506306306306
"2167",216.6,27.9797162,-189.628297297297,4.07596396396396
"2168",216.7,27.9980410526316,-189.587104166667,4.075
"2169",216.8,27.9818546268657,-189.598057692308,4.07505769230769
"2170",216.9,27.9801757575758,-189.692896907216,4.0759587628866
"2171",217,27.9997842574257,-189.493353535354,4.0740505050505
"2172",217.1,28.0061132,-189.406165137615,4.07505504587156
"2173",217.2,27.9949908,-189.408917431193,4.07597247706422
"2174",217.3,27.9866381188119,-189.50821,4.07597
"2175",217.4,27.9897868939394,-189.419125,4.075
"2176",217.5,27.9915589552239,-189.463910891089,4.07506930693069
"2177",217.6,27.983519,-189.590881188119,4.076
"2178",217.7,27.9815898,-189.501798165138,4.076
"2179",217.8,27.9948802,-189.65776146789,4.076
"2180",217.9,27.9997477272727,-189.65829787234,4.076
"2181",218,27.9747201492537,-189.58201,4.07593
"2182",218.1,27.9715941,-189.43362,4.075
"2183",218.2,27.9737338,-189.415376237624,4.07506930693069
"2184",218.3,28.0062796,-189.586764705882,4.07594117647059
"2185",218.4,28.0269031578947,-189.457115384615,4.075
"2186",218.5,28.0289914705882,-189.51,4.075
"2188",218.7,28.0523237623762,-189.345524752475,4.075
"2189",218.8,28.0572366,-189.424556603774,4.07504716981132
"2190",218.9,28.0389247368421,-189.255688679245,4.07599056603774
"2191",219,28.0283637313433,-189.21949122807,4.0750350877193
"2192",219.1,28.0338542424242,-189.181771929825,4.07591228070175
"2193",219.2,28.0342238613861,-189.2386,4.075
"2194",219.3,28.0402627272727,-189.30575,4.075
"2195",219.4,28.0584628,-189.289171717172,4.075
"2196",219.5,28.0481458415842,-189.421207920792,4.075
"2197",219.6,28.0555963157895,-189.370727272727,4.075
"2198",219.7,28.04883,-189.245272727273,4.075
"2199",219.8,28.0865245454545,-189.118442307692,4.07514423076923
"2200",219.9,28.0712192,-189.345421052632,4.07797894736842
"2201",220,28.0605771,-189.38044,4.07594
"2202",220.1,28.0759533082707,-189.30042,4.07506
"2203",220.2,28.0665505882353,-189.166560747664,4.07594392523364
"2204",220.3,28.0842415151515,-189.175906542056,4.07500934579439
"2205",220.4,28.0952685,-189.107386138614,4.075
"2206",220.5,28.1036075,-189.262111111111,4.075
"2207",220.6,28.0714980451128,-189.197296296296,4.075
"2208",220.7,28.0054486567164,-189.153585858586,4.07505050505051
"2209",220.8,27.9864451515151,-189.04134,4.07606
"2210",220.9,27.9707838613861,-189.166534653465,4.077
"2211",221,27.9866978,-189.079692982456,4.07691228070175
"2212",221.1,27.9871352,-189.073552631579,4.07515789473684
"2213",221.2,27.9604127722772,-189.216330434783,4.07410434782609
"2214",221.3,27.9701795454545,-189.188504347826,4.07584347826087
"2215",221.4,27.9990161764706,-189.20298989899,4.075
"2216",221.5,27.9741809090909,-189.101028571429,4.075
"2217",221.6,27.9864641,-189.283504761905,4.075
"2218",221.7,27.997157,-189.333980952381,4.075
"2219",221.8,27.9903313636364,-189.242364485981,4.07694392523365
"2220",221.9,27.9882948529412,-189.198439252336,4.07600934579439
"2221",222,27.983356969697,-189.204266055046,4.076
"2222",222.1,27.9651264,-189.025366972477,4.076
"2223",222.2,27.9745728,-188.965653465347,4.07594059405941
"2224",222.3,27.9827903759398,-188.978929292929,4.075
"2225",222.4,27.9942788235294,-189.027775700935,4.075
"2226",222.5,27.9970978787879,-188.924037383178,4.075
"2227",222.6,27.995852970297,-189.19562,4.07506
"2228",222.7,28.0273163,-189.083509433962,4.076
"2230",222.9,28.0946618181818,-189.188571428571,4.07594285714286
"2231",223,28.0875727272727,-189.098396396396,4.07500900900901
"2232",223.1,28.0974045544554,-189.038036036036,4.07590990990991
"2233",223.2,28.116621010101,-189.086738317757,4.075
"2234",223.3,28.116236039604,-188.961504672897,4.075
"2235",223.4,28.1205039,-189.09255,4.075
"2236",223.5,28.1252891729323,-188.95656122449,4.075
"2237",223.6,28.1320528358209,-189.04859,4.075
"2238",223.7,28.0969749494949,-188.897277227723,4.07520792079208
"2239",223.8,28.0829900990099,-188.90217948718,4.07784615384615
"2240",223.9,28.1055736363636,-188.921837606838,4.07528205128205
"2241",224,28.1385108955224,-188.77164,4.075
"2242",224.1,28.1289482089552,-188.764105263158,4.075
"2243",224.2,28.0873765656566,-188.732526315789,4.075
"2244",224.3,28.0750415841584,-188.97104,4.075
"2245",224.4,28.0929838383838,-188.91288,4.075
"2246",224.5,28.1070229850746,-188.868891891892,4.07594594594595
"2247",224.6,28.12717,-188.86709009009,4.07504504504505
"2248",224.7,28.12339,-188.859666666667,4.07483333333333
"2249",224.8,28.1147892079208,-188.937444444444,4.07205555555556
"2250",224.9,28.0939060606061,-188.822469387755,4.075
"2251",225,28.085706,-188.77596969697,4.075
"2252",225.1,28.1012038613861,-188.813242424242,4.07506060606061
"2253",225.2,28.1189888721804,-188.810299145299,4.07594017094017
"2254",225.3,28.0976071641791,-188.714572649573,4.07508547008547
"2255",225.4,28.096894949495,-188.922792792793,4.075
"2256",225.5,28.0896392,-188.675041666667,4.075
"2257",225.6,28.1020556,-188.849,4.075
"2258",225.7,28.1081405263158,-188.89212,4.07514
"2259",225.8,28.119911641791,-188.80315,4.07679
"2260",225.9,28.13064,-188.6639,4.07414
"2261",226,28.1524944554455,-188.724733333333,4.076
"2262",226.1,28.1652955555556,-188.667495049505,4.0759801980198
"2263",226.2,28.1594049253731,-188.789578947368,4.075
"2264",226.3,28.1336895522388,-188.65378,4.075
"2265",226.4,28.1310492,-188.613,4.075
"2266",226.5,28.1306484158416,-188.52806,4.07506
"2267",226.6,28.1486038383838,-188.669584158416,4.07594059405941
"2268",226.7,28.1367047761194,-188.654818181818,4.07510101010101
"2269",226.8,28.1278918181818,-188.5019,4.077
"2270",226.9,28.1186592,-188.51998019802,4.07694059405941
"2271",227,28.11022,-188.582191919192,4.076
"2272",227.1,28.134014,-188.551,4.076
"2273",227.2,28.1559432,-188.307728070175,4.07593859649123
"2274",227.3,28.1484628,-188.375271929825,4.07506140350877
"2275",227.4,28.1434215789474,-188.467643564356,4.075
"2276",227.5,28.1703229850746,-188.343730769231,4.075
"2277",227.6,28.1474212,-188.373557894737,4.075
"2278",227.7,28.148922,-188.44800990099,4.075
"2279",227.8,28.16373,-188.470939393939,4.07506060606061
"2280",227.9,28.1659972932331,-188.401069306931,4.07586138613861
"2281",228,28.1506776119403,-188.31514,4.07418
"2282",228.1,28.1399135,-188.425833333333,4.07688888888889
"2283",228.2,28.145774,-188.406388888889,4.07503703703704
"2284",228.3,28.1607181818182,-188.258636363636,4.075
"2285",228.4,28.1650580597015,-188.381712871287,4.075
"2286",228.5,28.1637249253731,-188.44794,4.075
"2287",228.6,28.155223,-188.489818181818,4.07506060606061
"2288",228.7,28.153704950495,-188.4194375,4.076
"2289",228.8,28.1613692,-188.339973214286,4.076
"2290",228.9,28.1669496,-188.33904,4.075
"2291",229,28.1562428,-188.22502,4.075
"2292",229.1,28.1437309022556,-188.143422018349,4.075
"2293",229.2,28.1484476119403,-188.083788990826,4.075
"2294",229.3,28.152926,-188.123038461538,4.075
"2295",229.4,28.177078,-188.232759259259,4.075
"2296",229.5,28.1804211111111,-188.267944444444,4.075
"2297",229.6,28.1751776691729,-188.261229166667,4.07597916666667
"2298",229.7,28.1866168656716,-188.180091743119,4.075
"2299",229.8,28.1493785,-188.21495412844,4.075
"2300",229.9,28.1246355,-188.186663366337,4.0759801980198
"2301",230,28.1604555,-188.268882978723,4.07501063829787
"2302",230.1,28.1853214285714,-188.252091743119,4.07593577981651
"2303",230.2,28.1791332835821,-188.167688073394,4.07501834862385
"2304",230.3,28.180167,-188.281247524752,4.075
"2305",230.4,28.1722381188119,-188.114663366337,4.075
"2306",230.5,28.16849,-188.189285714286,4.07495918367347
"2307",230.6,28.1717916541353,-188.28964,4.07418
"2308",230.7,28.1829373134328,-188.27,4.07695238095238
"2309",230.8,28.1840311111111,-188.036666666667,4.07615873015873
"2310",230.9,28.158698,-188.076792079208,4.07411881188119
"2311",231,28.164257,-188.024686868687,4.0759494949495
"2312",231.1,28.1710215,-188.005939393939,4.075
"2313",231.2,28.1724068316832,-188.104930693069,4.075
"2314",231.3,28.1610266666667,-188.192,4.075
"2315",231.4,28.1469214925373,-188.09344,4.075
"2316",231.5,28.172319,-188.027939393939,4.075
"2317",231.6,28.174522,-188.114166666667,4.07505833333333
"2318",231.7,28.186478,-188.030833333333,4.07589166666667
"2319",231.8,28.2076729545455,-187.87528,4.07586
"2320",231.9,28.2058423880597,-187.970908256881,4.07406422018349
"2321",232,28.2002976,-187.955311926606,4.07498165137615
"2322",232.1,28.1902242,-187.98694,4.075
"2323",232.2,28.1659422,-187.855155963303,4.075
"2324",232.3,28.1417720300752,-188.071669724771,4.075
"2325",232.4,28.1292152238806,-187.989653061224,4.075
"2326",232.5,28.1454434,-187.96298,4.07506
"2327",232.6,28.1316337623762,-188.043830188679,4.07588679245283
"2329",232.8,28.1048685148515,-187.802626168224,4.07405607476635
"2330",232.9,28.1190495049505,-187.829728971963,4.07499065420561
"2331",233,28.117663030303,-187.85905,4.07405
"2332",233.1,28.1407626865672,-187.967787878788,4.075
"2333",233.2,28.1389548,-187.86444,4.075
"2334",233.3,28.1353652,-188.0543,4.075
"2335",233.4,28.1251048,-187.74842,4.075
"2336",233.5,28.1100366666667,-188.032034482759,4.07494827586207
"2337",233.6,28.1036735820896,-187.949275862069,4.07408620689655
"2338",233.7,28.115084,-187.848352941176,4.07488235294118
"2339",233.8,28.10436,-187.859079207921,4.07593069306931
"2340",233.9,28.0975628,-187.791485981308,4.07494392523364
"2341",234,28.1074281203007,-187.766252336449,4.07400934579439
"2342",234.1,28.1232973134328,-187.81478125,4.075
"2343",234.2,28.134967,-187.777138613861,4.075
"2344",234.3,28.1440773267327,-187.7889,4.075
"2345",234.4,28.1497415,-187.94706,4.075
"2346",234.5,28.1741503007519,-187.99116,4.075
"2347",234.6,28.1937320895522,-187.926169491525,4.07494915254237
"2348",234.7,28.2200454545455,-187.845661016949,4.07410169491525
"2349",234.8,28.2088832,-187.841802197802,4.074
"2350",234.9,28.1973416,-187.896178217822,4.07506930693069
"2351",235,28.193033,-187.807515151515,4.07593939393939
"2352",235.1,28.1884327722772,-187.64941,4.075
"2353",235.2,28.1832781818182,-187.70849,4.075
"2354",235.3,28.1811235294118,-187.712158415842,4.075
"2355",235.4,28.2039227272727,-187.683384615385,4.07505128205128
"2356",235.5,28.207558,-187.839794871795,4.07590598290598
"2357",235.6,28.1972532,-187.738383928571,4.07691071428571
"2358",235.7,28.2012634848485,-187.6660625,4.075125
"2359",235.8,28.1970408823529,-187.675393939394,4.076
"2360",235.9,28.2100605050505,-187.585147058824,4.07593137254902
"2361",236,28.2031828,-187.74313559322,4.075
"2362",236.1,28.2184563,-187.605847457627,4.075
"2363",236.2,28.2184187218045,-187.58506741573,4.075
"2364",236.3,28.2129458823529,-187.54522,4.075
"2365",236.4,28.2182041414141,-187.5564,4.07506
"2366",236.5,28.2320451485149,-187.902444444444,4.07588888888889
"2367",236.6,28.2442272,-187.559851851852,4.07403703703704
"2368",236.7,28.2209014,-187.67798989899,4.0750404040404
"2369",236.8,28.1975343564356,-187.55545,4.07595
"2370",236.9,28.2016018181818,-187.485524752475,4.07509900990099
"2371",237,28.20235,-187.4405,4.07692307692308
"2373",237.2,28.2502888,-187.661234234234,4.075
"2374",237.3,28.2568362,-187.345918918919,4.075
"2375",237.4,28.2441437593985,-187.471323232323,4.075
"2376",237.5,28.2377129850746,-187.562323232323,4.075
"2377",237.6,28.257154,-187.4213,4.075
"2378",237.7,28.2855962,-187.47714,4.07506
"2379",237.8,28.3016376,-187.537125,4.07589285714286
"2380",237.9,28.3047783458647,-187.455875,4.07410714285714
"2381",238,28.309846119403,-187.543504587156,4.075
"2382",238.1,28.3134590909091,-187.435247706422,4.075
"2383",238.2,28.2933728712871,-187.36198989899,4.075
"2384",238.3,28.281774,-187.35044,4.075
"2385",238.4,28.2707703759398,-187.454762376238,4.075
"2386",238.5,28.2654595522388,-187.260403669725,4.075
"2387",238.6,28.2469348484848,-187.24847706422,4.075
"2388",238.7,28.272455049505,-187.32895,4.07505
"2389",238.8,28.2851432323232,-187.252849056604,4.07595283018868
"2390",238.9,28.2629868,-187.269830188679,4.07500943396226
"2391",239,28.2464464356436,-187.27,4.07406603773585
"2392",239.1,28.2617078947368,-187.211444444444,4.07486111111111
"2393",239.2,28.2737041791045,-187.419637362637,4.075
"2394",239.3,28.2623925252525,-187.1383125,4.075
"2395",239.4,28.2832149,-187.242,4.075
"2396",239.5,28.2916591,-187.35605,4.075
"2397",239.6,28.2835123308271,-187.352747663551,4.07495327102804
"2398",239.7,28.2722220895522,-187.267700934579,4.07401869158878
"2399",239.8,28.2502770707071,-187.243768421053,4.07503157894737
"2400",239.9,28.2480548,-187.305722772277,4.07782178217822
"2401",240,28.264642,-187.141585858586,4.075
"2402",240.1,28.2679890977444,-187.114,4.075
"2403",240.2,28.2615419117647,-187.097333333333,4.075
"2404",240.3,28.2491564646465,-187.140858585859,4.075
"2405",240.4,28.2466501980198,-187.073685714286,4.075
"2406",240.5,28.2462143,-187.248485714286,4.075
"2407",240.6,28.247969,-187.097057142857,4.075
"2408",240.7,28.2496010891089,-187.127118811881,4.07309900990099
"2409",240.8,28.238285,-187.201136842105,4.07502105263158
"2410",240.9,28.2115891176471,-187.025705882353,4.07688235294118
"2411",241,28.2073097979798,-187.021690909091,4.075
"2412",241.1,28.2240545,-187.038963636364,4.075
"2413",241.2,28.2281107,-187.139871287129,4.075
"2414",241.3,28.227760075188,-187.029,4.075
"2415",241.4,28.2332991176471,-187.069,4.07505
"2416",241.5,28.2181244444444,-187.098462264151,4.07590566037736
"2417",241.6,28.2268804,-186.92770754717,4.07401886792453
"2418",241.7,28.2253657,-187.03596969697,4.0750404040404
"2419",241.8,28.2247493283582,-186.9653,4.07595
"2420",241.9,28.2186232835821,-186.9943,4.075
"2421",242,28.2357896969697,-187.074686868687,4.075
"2422",242.1,28.2779388118812,-187.04628,4.075
"2423",242.2,28.3065824,-186.99299009901,4.075
"2424",242.3,28.3156820895522,-187.062404040404,4.075
"2425",242.4,28.3176618181818,-186.886693069307,4.075
"2426",242.5,28.3347346464646,-186.965545454545,4.07505050505051
"2427",242.6,28.3469813861386,-187.04404950495,4.07594059405941
"2428",242.7,28.3333822222222,-186.934537190083,4.07495867768595
"2429",242.8,28.3316586,-186.945280991736,4.07413223140496
"2430",242.9,28.3349632,-186.867772727273,4.07495454545455
"2431",243,28.350580075188,-186.912909090909,4.075
"2432",243.1,28.3804973529412,-186.885636363636,4.075
"2433",243.2,28.3638913131313,-186.7441,4.075
"2434",243.3,28.3594858415842,-187.124070175439,4.07495614035088
"2435",243.4,28.3471613131313,-187.08547368421,4.07407894736842
"2436",243.5,28.3599027819549,-186.87745,4.075
"2437",243.6,28.3407947761194,-186.95705,4.07495
"2438",243.7,28.3623695959596,-186.858404040404,4.0740505050505
"2439",243.8,28.3785244554455,-186.772356435644,4.07494059405941
"2440",243.9,28.3723574747475,-186.779919191919,4.0740505050505
"2441",244,28.3687359701493,-186.813633027523,4.075
"2442",244.1,28.3601612121212,-186.774183486239,4.075
"2443",244.2,28.3229636363636,-186.664702970297,4.075
"2445",244.4,28.3046722222222,-186.776818181818,4.074
"2446",244.5,28.2986516,-186.940454545455,4.074
"2447",244.6,28.2916140594059,-186.791134615385,4.075
"2448",244.7,28.2709842857143,-186.774916666667,4.07497916666667
"2449",244.8,28.2647565671642,-186.680085714286,4.07405714285714
"2450",244.9,28.2850086868687,-186.731124031008,4.075
"2451",245,28.271836,-186.743527131783,4.075
"2452",245.1,28.265414,-186.850445378151,4.075
"2453",245.2,28.2882821804511,-186.719352941176,4.075
"2454",245.3,28.3181114705882,-186.682467889908,4.075
"2455",245.4,28.321404949495,-186.711825688073,4.075
"2456",245.5,28.3115155445545,-186.575272727273,4.07504545454545
"2457",245.6,28.2949980808081,-186.620727272727,4.07595454545454
"2458",245.7,28.2908347761194,-186.573098039216,4.07490196078431
"2459",245.8,28.3131542424242,-186.671594594595,4.07305405405405
"2460",245.9,28.3269196,-186.658081081081,4.07485585585586
"2461",246,28.3138701980198,-186.492469387755,4.075
"2462",246.1,28.3173161616162,-186.661881188119,4.07494059405941
"2463",246.2,28.3416032835821,-186.560858585859,4.0740505050505
"2464",246.3,28.3569709090909,-186.48678,4.075
"2465",246.4,28.3364608,-186.541963636364,4.075
"2466",246.5,28.3516092,-186.474690909091,4.075
"2467",246.6,28.3601187878788,-186.38176,4.075
"2468",246.7,28.3423353465347,-186.3521,4.07406
"2469",246.8,28.3384396,-186.51724,4.075
"2470",246.9,28.3453314925373,-186.378848,4.075
"2471",247,28.3392305970149,-186.359648,4.075
"2472",247.1,28.3486881,-186.441811881188,4.075
"2473",247.2,28.350452,-186.453537634409,4.075
"2474",247.3,28.3499857575758,-186.322904761905,4.07509523809524
"2475",247.4,28.3552094029851,-186.281,4.077
"2476",247.5,28.3641281818182,-186.344366336634,4.0740297029703
"2477",247.6,28.3827004,-186.318040816327,4.075
"2478",247.7,28.3849148,-186.319229357798,4.075
"2479",247.8,28.3682816,-186.299963302752,4.075
"2480",247.9,28.3664788721805,-186.309787610619,4.075
"2481",248,28.3810481818182,-186.246260869565,4.075
"2482",248.1,28.3633755,-186.443,4.075
"2483",248.2,28.3573348514851,-186.34513592233,4.075
"2484",248.3,28.3327512,-186.45872815534,4.075
"2485",248.4,28.3084788,-186.292739583333,4.07401041666667
"2486",248.5,28.31351,-186.265575757576,4.0749494949495
"2487",248.6,28.3240265413534,-186.216376237624,4.074
"2488",248.7,28.3306002985075,-186.163571428571,4.07395238095238
"2490",248.9,28.3278768,-186.193792079208,4.075
"2491",249,28.3588548,-186.390454545455,4.075
"2492",249.1,28.3673034586466,-186.1475,4.075
"2493",249.2,28.3602505970149,-186.29045,4.07495
"2494",249.3,28.3784404,-186.304466101695,4.074
"2495",249.4,28.3734092,-186.413788135593,4.074
"2496",249.5,28.3671452,-186.295226415094,4.07403773584906
"2497",249.6,28.3691259398496,-186.400886792453,4.07498113207547
"2498",249.7,28.3747626865672,-186.132417475728,4.07307766990291
"2499",249.8,28.3546793939394,-186.218188118812,4.075
"2501",250,28.3596208,-186.181028571429,4.075
"2502",250.1,28.3786515037594,-186.19728125,4.075
"2503",250.2,28.3978253731343,-186.131373737374,4.075
"2504",250.3,28.392956969697,-186.176237623762,4.075
"2505",250.4,28.4115747,-186.179801980198,4.075
"2506",250.5,28.4390438,-186.17368,4.07496
"2507",250.6,28.4377659,-186.116891089109,4.074
"2508",250.7,28.4111914851485,-186.088696969697,4.0740303030303
"2509",250.8,28.4261781954887,-186.043356435644,4.075
"2510",250.9,28.4524067164179,-185.95404,4.075
"2511",251,28.4407852,-185.92204,4.075
"2512",251.1,28.433692,-186.192642857143,4.075
"2513",251.2,28.4456016,-186.121941176471,4.075
"2514",251.3,28.4531628571429,-186.250762886598,4.07501030927835
"2515",251.4,28.4389789552239,-186.133518518519,4.07596296296296
"2516",251.5,28.4421724242424,-186.171481481481,4.07503703703704
"2517",251.6,28.437277,-186.108703703704,4.07507407407407
"2518",251.7,28.439446,-186.026296296296,4.07692592592593
"2519",251.8,28.4392215789474,-186.210699029126,4.075
"2520",251.9,28.4364998507463,-186.049647058824,4.075
"2522",252.1,28.4399572277228,-186.038213675214,4.075
"2523",252.2,28.4581885,-185.918555555556,4.075
"2524",252.3,28.4606167,-186.13756,4.07308
"2525",252.4,28.4454959405941,-186.056544554455,4.075
"2526",252.5,28.4455336363636,-186.09103030303,4.075
"2527",252.6,28.4646858208955,-185.996464285714,4.07503571428571
"2528",252.7,28.4662546,-186.008071428571,4.07592857142857
"2529",252.8,28.4799775,-185.997601769912,4.07518584070796
"2530",252.9,28.4650462,-186.00861,4.075
"2531",253,28.4531463157895,-185.998387755102,4.0749693877551
"2532",253.1,28.4755729411765,-186.073137931034,4.07404310344828
"2533",253.2,28.51006,-186.05597752809,4.07512359550562
"2534",253.3,28.5160404,-186.038,4.074
"2535",253.4,28.5058628,-185.797951456311,4.07595145631068
"2536",253.5,28.4960015789474,-185.894603305785,4.07498347107438
"2537",253.6,28.4903097014925,-185.874768595041,4.07415702479339
"2538",253.7,28.512143030303,-185.84365,4.07306
"2539",253.8,28.513235,-185.895396039604,4.075
"2540",253.9,28.503835,-185.84603030303,4.075
"2541",254,28.4889723308271,-185.986606060606,4.075
"2542",254.1,28.4720785074627,-185.786034188034,4.075
"2543",254.2,28.5035678787879,-185.886888888889,4.075
"2544",254.3,28.5209072277228,-185.8474375,4.075
"2545",254.4,28.522195,-185.706525252525,4.0740404040404
"2546",254.5,28.51526,-185.633205607477,4.075
"2547",254.6,28.5130718811881,-185.817317757009,4.075
"2548",254.7,28.5040084210526,-185.814528301887,4.07592452830189
"2549",254.8,28.50716,-185.84208,4.075
"2550",254.9,28.50716,-185.83979661017,4.075
"2551",255,28.50716,-185.734711864407,4.075
"2552",255.1,28.50716,-185.719075268817,4.075
"2553",255.2,28.50716,-185.845920353982,4.07496460176991
"2554",255.3,28.50716,-185.76892920354,4.0740796460177
"2555",255.4,28.50716,-185.771315315315,4.07403603603604
"2556",255.5,28.50716,-185.654198198198,4.07493693693694
"2557",255.6,28.50716,-185.59518556701,4.075
"2558",255.7,28.50716,-185.731611650485,4.075
"2559",255.8,28.50716,-185.62424742268,4.075
"2560",255.9,28.50716,-185.549514851485,4.075
"2561",256,28.50716,-185.712279279279,4.075
"2562",256.1,28.50716,-185.694261261261,4.075
"2563",256.2,28.50716,-185.582123809524,4.07592380952381
"2564",256.3,28.50716,-185.660219047619,4.07401904761905
"2565",256.4,28.50716,-185.66772815534,4.07496116504854
"2566",256.5,28.50716,-185.711781818182,4.07305454545455
"2567",256.6,28.50716,-185.558145454545,4.07396363636364
"2568",256.7,28.413555,-185.655181818182,4.075
"2569",256.8,28.32855,-185.538818181818,4.075
"2570",256.9,28.3510447368421,-185.632846938776,4.075
"2571",257,28.3669375,-185.76075,4.075
"2572",257.1,28.3445736363636,-185.843323232323,4.07505050505051
"2573",257.2,28.3400218811881,-185.695732142857,4.07610714285714
"2574",257.3,28.3259452525253,-185.641267857143,4.07789285714286
"2575",257.4,28.31167,-185.613742857143,4.07594285714286
"2576",257.5,28.3026887878788,-185.592494736842,4.07497894736842
"2577",257.6,28.29494,-185.539059405941,4.07305940594059
"2578",257.7,28.294715,-185.447777777778,4.0740505050505
"2579",257.8,28.2907892929293,-185.5078,4.075
"2580",257.9,28.2861244029851,-185.626377358491,4.075
"2582",258.1,28.3040684,-185.668551020408,4.0750306122449
"2583",258.2,28.3055994059406,-185.676582524272,4.07590291262136
"2584",258.3,28.2836157575758,-185.49395959596,4.0740202020202
"2585",258.4,28.2730295049505,-185.585257731959,4.07496907216495
"2586",258.5,28.28466,-185.475900990099,4.07405940594059
"2587",258.6,28.2950862686567,-185.588722772277,4.07495049504951
"2588",258.7,28.2906014925373,-185.361161616162,4.0740404040404
"2589",258.8,28.3210776,-185.55070754717,4.075
"2590",258.9,28.3135128,-185.464858490566,4.075
"2591",259,28.3131413131313,-185.57416,4.075
"2592",259.1,28.3212711940299,-185.550775510204,4.07495918367347
"2593",259.2,28.3312118181818,-185.47787394958,4.074
"2594",259.3,28.31904,-185.525773109244,4.074
"2595",259.4,28.303015,-185.293454545455,4.075
"2596",259.5,28.3069244444444,-185.391038461538,4.07505769230769
"2597",259.6,28.3116823880597,-185.314969072165,4.0759793814433
"2598",259.7,28.3085689393939,-185.544939393939,4.075
"2599",259.8,28.3224855,-185.43184,4.075
"2600",259.9,28.3274081188119,-185.441444444444,4.07494444444445
"2601",260,28.3177907070707,-185.382185185185,4.07401851851852
"2602",260.1,28.3321897029703,-185.43228,4.07494
"2603",260.2,28.33984,-185.5015,4.07405769230769
"2604",260.3,28.3298019548872,-185.280463917526,4.0750206185567
"2605",260.4,28.3226264179104,-185.25785,4.07595
"2606",260.5,28.334365,-185.3131,4.07495
"2607",260.6,28.32517,-185.331391304348,4.07404347826087
"2608",260.7,28.3158280808081,-185.279217391304,4.07491304347826
"2609",260.8,28.3372065671642,-185.256197802198,4.075
"2610",260.9,28.3390911940298,-185.27612,4.075
"2611",261,28.336385,-185.27518,4.07494
"2612",261.1,28.315,-185.23028,4.07424
"2613",261.2,28.312585,-185.222891891892,4.07783783783784
"2614",261.3,28.3086438345865,-185.287756756757,4.07513513513514
"2615",261.4,28.3095772727273,-185.229714285714,4.07685714285714
"2616",261.5,28.31065,-185.184,4.074
"2617",261.6,28.3222146,-185.153421487603,4.074
"2618",261.7,28.3236644,-185.180313253012,4.07495180722892
"2619",261.8,28.3018248120301,-185.28990625,4.075
"2620",261.9,28.3010681818182,-185.2782,4.075
"2621",262,28.30447,-185.22765,4.075
"2622",262.1,28.3062086138614,-185.2796,4.07495
"2623",262.2,28.3067276,-185.309,4.074
"2624",262.3,28.3215602,-185.281478873239,4.07407042253521
"2625",262.4,28.3280008,-185.111056338028,4.07547887323944
"2626",262.5,28.3180445522388,-185.081920792079,4.07594059405941
"2627",262.6,28.3074120895522,-185.23595,4.075
"2628",262.7,28.318115,-185.1708,4.075
"2629",262.8,28.30824,-185.0301,4.075
"2630",262.9,28.31403,-184.96545,4.07495
"2631",263,28.3146303759398,-185.1399,4.074
"2632",263.1,28.3027268181818,-185.041348214286,4.07404464285714
"2633",263.2,28.2935298,-185.0083125,4.0749375
"2634",263.3,28.2900328712871,-184.882633663366,4.07594059405941
"2635",263.4,28.289105,-184.952363636364,4.075
"2636",263.5,28.2727659398496,-184.894486486487,4.07494594594595
"2637",263.6,28.262753030303,-185.069261261261,4.07404504504504
"2638",263.7,28.3064318,-184.91347,4.075
"2639",263.8,28.3138823,-185.058,4.075
"2641",264,28.3337553,-185.019933333333,4.075
"2642",264.1,28.3450507,-185.0666,4.075
"2643",264.2,28.3486738345865,-184.931169811321,4.07404716981132
"2644",264.3,28.3659558208955,-184.974566037736,4.07499056603774
"2645",264.4,28.3300645,-184.975114285714,4.07497142857143
"2646",264.5,28.2935399,-184.94559047619,4.07401904761905
"2647",264.6,28.2861096,-184.972828282828,4.0740505050505
"2648",264.7,28.2788243609023,-185.01898,4.075
"2649",264.8,28.2787719402985,-184.914346534653,4.07494059405941
"2650",264.9,28.2946616,-185.004396039604,4.0740495049505
"2651",265,28.2974354,-185.098424242424,4.0749595959596
"2652",265.1,28.2742602,-184.87315,4.07405
"2653",265.2,28.2720479699248,-184.913784482759,4.075
"2654",265.3,28.2906349253731,-184.909474137931,4.075
"2655",265.4,28.2964772727273,-184.828802197802,4.07402197802198
"2656",265.5,28.31229,-185.023162162162,4.07494594594595
"2657",265.6,28.309636,-184.992531531532,4.07404504504504
"2658",265.7,28.3068578947369,-184.877464646465,4.075
"2659",265.8,28.341653880597,-184.818528301887,4.075
"2661",266,28.3191993069307,-185.007833333333,4.07405555555556
"2662",266.1,28.3102604,-184.888388888889,4.07498148148148
"2663",266.2,28.31675,-184.901838383838,4.0759898989899
"2664",266.3,28.3154236633663,-184.79409,4.076
"2665",266.4,28.3104169924812,-184.83628,4.075
"2666",266.5,28.3117301492537,-184.77536,4.075
"2667",266.6,28.3184318,-184.745111111111,4.075
"2668",266.7,28.343417,-184.930296296296,4.075
"2669",266.8,28.3496862,-184.822549019608,4.07403921568628
"2670",266.9,28.3188807518797,-184.875267326733,4.07405940594059
"2671",267,28.2999874626866,-184.8329,4.075
"2672",267.1,28.3085415151515,-184.84303030303,4.07510101010101
"2673",267.2,28.3161812,-184.703610619469,4.07694690265487
"2674",267.3,28.3111948,-184.563787610619,4.07606194690265
"2675",267.4,28.3189881954887,-184.606612244898,4.07408163265306
"2676",267.5,28.3490270149254,-184.712504950495,4.07594059405941
"2677",267.6,28.3560380808081,-184.67335,4.075
"2678",267.7,28.3440763366337,-184.67395,4.075
"2679",267.8,28.3479092,-184.57,4.07495
"2680",267.9,28.3549164,-184.769245901639,4.07404098360656
"2681",268,28.3590668316832,-184.524409638554,4.07479518072289
"2682",268.1,28.3608365909091,-184.622,4.076
"2683",268.2,28.3498305882353,-184.577445544554,4.0740198019802
"2684",268.3,28.3459148484848,-184.619148514851,4.0749801980198
"2685",268.4,28.3421092,-184.765655737705,4.07395081967213
"2686",268.5,28.33636,-184.859918032787,4.07313114754098
"2687",268.6,28.3694697744361,-184.398681818182,4.07395454545455
"2688",268.7,28.3950472058823,-184.616885714286,4.075
"2689",268.8,28.3951406060606,-184.714028571429,4.075
"2690",268.9,28.3970332,-184.804816513761,4.07404587155963
"2691",269,28.4033652,-184.801146788991,4.07496330275229
"2692",269.1,28.3995733082707,-184.69775,4.07505
"2693",269.2,28.3922985074627,-184.5863,4.07595
"2694",269.3,28.4172682828283,-184.72325,4.07495
"2695",269.4,28.403438019802,-184.690044642857,4.07404464285714
"2696",269.5,28.3967006060606,-184.6909375,4.0749375
"2697",269.6,28.4010042105263,-184.65709375,4.07403125
"2698",269.7,28.3940901492537,-184.475242718447,4.075
"2699",269.8,28.3973797979798,-184.737378640777,4.075
"2700",269.9,28.3938287128713,-184.530237623762,4.0740198019802
"2701",270,28.3786333,-184.586737373737,4.0749494949495
"2702",270.1,28.3882396,-184.733432432433,4.07405405405405
"2703",270.2,28.407448019802,-184.44063963964,4.07495495495496
"2704",270.3,28.4035582706767,-184.493158415842,4.074
"2705",270.4,28.3953511764706,-184.560666666667,4.07410101010101
"2706",270.5,28.4044412121212,-184.57376,4.07588
"2707",270.6,28.413258,-184.29976,4.074
"2708",270.7,28.4178868,-184.487087378641,4.07405825242718
"2709",270.8,28.4146686466165,-184.53139,4.07497
"2710",270.9,28.4035498507463,-184.35387,4.07403
"2711",271,28.4111446464647,-184.480363636364,4.0749696969697
"2712",271.1,28.4315872,-184.52244,4.07404
"2713",271.2,28.411578,-184.486192982456,4.0749649122807
"2714",271.3,28.3993369924812,-184.51601754386,4.07408771929825
"2715",271.4,28.4063220895522,-184.438747474747,4.075
"2716",271.5,28.3886817171717,-184.503523809524,4.07495238095238
"2717",271.6,28.4024599009901,-184.494,4.074
"2718",271.7,28.4236822,-184.308150943396,4.074
"2719",271.8,28.426525,-184.474859813084,4.07400934579439
"2720",271.9,28.4417095049505,-184.460841121495,4.07494392523365
"2721",272,28.4459267669173,-184.578405660377,4.076
"2722",272.1,28.4287102985075,-184.458594339623,4.076
"2723",272.2,28.4167934343434,-184.382896551724,4.07496551724138
"2724",272.3,28.4153298,-184.480310344828,4.07410344827586
"2725",272.4,28.4188437,-184.396177777778,4.07595555555555
"2726",272.5,28.4080581203008,-184.33028,4.07304
"2727",272.6,28.3904570588235,-184.331631578947,4.074
"2728",272.7,28.3728601010101,-184.197421052632,4.074
"2729",272.8,28.3678756435644,-184.501419354839,4.07496774193548
"2730",272.9,28.360204040404,-184.382712871287,4.075
"2731",273,28.3593949253731,-184.301848484848,4.07490909090909
"2732",273.1,28.3707515151515,-184.270940594059,4.07211881188119
"2733",273.2,28.3938647,-184.41107079646,4.07497345132743
"2734",273.3,28.4027566,-184.280097345133,4.07408849557522
"2735",273.4,28.4032101010101,-184.397696969697,4.0740404040404
"2736",273.5,28.3819053731343,-184.24455,4.075
"2737",273.6,28.3490587878788,-184.179913461538,4.075
"2738",273.7,28.3808824,-184.200375,4.075
"2739",273.8,28.4032308910891,-184.42575,4.075
"2740",273.9,28.4147754545455,-184.41905,4.07495
"2741",274,28.409626039604,-184.369409090909,4.07404545454545
"2742",274.1,28.4012982,-184.117590909091,4.07495454545455
"2743",274.2,28.3840235074627,-184.322917431193,4.07590825688073
"2744",274.3,28.3701211940298,-184.241266055046,4.07407339449541
"2745",274.4,28.3824028,-184.211878787879,4.07591919191919
"2746",274.5,28.3926628,-184.214405405405,4.074
"2747",274.6,28.3930536363636,-184.322513513513,4.074
"2748",274.7,28.4111591044776,-184.317019417476,4.07495145631068
"2749",274.8,28.4330784848485,-184.33218446602,4.07401941747573
"2750",274.9,28.4229443,-184.09140776699,4.07499029126214
"2751",275,28.3804843,-184.104085714286,4.07217142857143
"2752",275.1,28.3640541414141,-184.088614678899,4.0754495412844
"2753",275.2,28.3672602985075,-184.184289719626,4.075
"2754",275.3,28.3630987878788,-184.13008411215,4.075
"2755",275.4,28.3725612,-184.065588235294,4.075
"2756",275.5,28.40255,-184.091893203883,4.075
"2757",275.6,28.3957774747475,-184.1612,4.07496
"2758",275.7,28.3846498507463,-184.209,4.07404
"2759",275.8,28.39062,-184.094,4.075
"2760",275.9,28.3725033082707,-184.211818181818,4.0749595959596
"2761",276,28.375092238806,-184.156238095238,4.07404761904762
"2763",276.2,28.4024974,-184.0482,4.0759
"2764",276.3,28.3903032,-184.23565,4.07405
"2765",276.4,28.3836611940298,-184.1193,4.07495
"2766",276.5,28.3813835820895,-184.1941,4.074
"2767",276.6,28.3630009,-184.065289719626,4.074
"2768",276.7,28.3665165,-184.11108411215,4.074
"2769",276.8,28.3579421,-184.0729,4.07495
"2770",276.9,28.3797180451128,-184.048881188119,4.074
"2771",277,28.4401424242424,-183.98292,4.074
"2772",277.1,28.4577832,-183.842818181818,4.074
"2773",277.2,28.4604598,-183.97055,4.0741
"2774",277.3,28.4532186,-183.775903508772,4.07586842105263
"2775",277.4,28.4582990977444,-183.85397368421,4.07323684210526
"2776",277.5,28.4803554545454,-183.914474226804,4.07487628865979
"2777",277.6,28.482035,-183.89968,4.07404
"2778",277.7,28.4900595049505,-183.918,4.07496363636364
"2779",277.8,28.4776734,-183.968,4.07405454545455
"2780",277.9,28.4738338,-183.922081632653,4.07495918367347
"2781",278,28.4805596,-184.02364,4.073
"2782",278.1,28.4881967164179,-183.908854545455,4.07307272727273
"2783",278.2,28.4977011940299,-183.655218181818,4.07489090909091
"2784",278.3,28.4934978,-183.920019607843,4.07403921568627
"2785",278.4,28.4764063,-183.942945945946,4.07498198198198
"2786",278.5,28.4625153,-183.840243243243,4.07408108108108
"2787",278.6,28.4690336842105,-183.811692307692,4.074
"2788",278.7,28.4813480597015,-183.825538461538,4.074
"2789",278.8,28.4798009,-183.867076923077,4.074
"2790",278.9,28.4819843564356,-183.934166666667,4.07483333333333
"2791",279,28.4694124,-183.9696,4.07788
"2792",279.1,28.4267319548872,-183.92698989899,4.075
"2793",279.2,28.3679019402985,-183.718,4.07495412844037
"2794",279.3,28.3633546464646,-183.818,4.07403669724771
"2795",279.4,28.357726,-183.88398,4.07497
"2796",279.5,28.3515156,-183.854393939394,4.074
"2797",279.6,28.3507,-183.962529411765,4.074
"2798",279.7,28.3467388059701,-183.95110619469,4.07401769911504
"2799",279.8,28.3585880612245,-183.991853932584,4.07524719101124
"2800",279.9,28.373055049505,-183.675,4.073
"2801",280,28.3670181818182,-183.778357142857,4.0749693877551
"2802",280.1,28.358196,-183.66899009901,4.074
"2803",280.2,28.3558021782178,-183.780582524272,4.07411650485437
"2804",280.3,28.3629428571429,-183.696452830189,4.07697169811321
"2805",280.4,28.3670075,-183.741735849057,4.07414150943396
"2806",280.5,28.3515263636364,-183.657886597938,4.074
"2807",280.6,28.3545278217822,-183.78475,4.074
"2808",280.7,28.3523705,-183.5857,4.074
"2809",280.8,28.3531241791045,-183.5062,4.07395
"2810",280.9,28.371061641791,-183.548245098039,4.07314705882353
"2811",281,28.3953326262626,-183.553428571429,4.0759693877551
"2812",281.1,28.4416509,-183.5572,4.07495
"2813",281.2,28.4829499,-183.380108910891,4.074
"2814",281.3,28.4952233333333,-183.554313131313,4.0740404040404
"2815",281.4,28.4980962686567,-183.547656862745,4.07495098039216
"2816",281.5,28.5084718181818,-183.737426086957,4.074
"2817",281.6,28.5135365346535,-183.818295652174,4.074
"2818",281.7,28.5256845454545,-183.709523809524,4.074
"2819",281.8,28.5139565,-183.685714285714,4.074
"2820",281.9,28.4762906930693,-183.711724489796,4.07301020408163
"2821",282,28.4806321804511,-183.59754368932,4.07495145631068
"2822",282.1,28.4905213235294,-183.566149606299,4.074
"2823",282.2,28.4798324242424,-183.42362992126,4.074
"2824",282.3,28.4830773267327,-183.4532,4.07495
"2825",282.4,28.4734107,-183.526258928571,4.074
"2826",282.5,28.4760486466165,-183.3914375,4.074
"2827",282.6,28.48059,-183.620112068965,4.074
"2828",282.7,28.4860861616162,-183.478168316832,4.0749603960396
"2829",282.8,28.5028516,-183.554142857143,4.0740612244898
"2830",282.9,28.5236796,-183.526126984127,4.07596031746032
"2831",283,28.5399853383459,-183.508666666667,4.07516666666667
"2832",283.1,28.5374871641791,-183.401635514019,4.075
"2833",283.2,28.5381309090909,-183.354559633027,4.073
"2834",283.3,28.5429598019802,-183.343550458716,4.073
"2835",283.4,28.5689763636364,-183.40748,4.074
"2836",283.5,28.5687678195489,-183.443,4.074
"2837",283.6,28.555967761194,-183.44137962963,4.074
"2838",283.7,28.5699977777778,-183.408972222222,4.074
"2839",283.8,28.5653281188119,-183.388695652174,4.075
"2840",283.9,28.5637455555556,-183.455,4.075
"2841",284,28.54913,-183.324811320755,4.07311320754717
"2842",284.1,28.5668156435643,-183.296594059406,4.0740396039604
"2843",284.2,28.5853833834586,-183.220275510204,4.075
"2844",284.3,28.5757938235294,-183.417069306931,4.07495049504951
"2845",284.4,28.5656418181818,-183.381094339623,4.074
"2846",284.5,28.5645114851485,-183.408452830189,4.074
"2847",284.6,28.5685492,-183.341878787879,4.074
"2848",284.7,28.5849192481203,-183.495672727273,4.074
"2849",284.8,28.587734477612,-183.437490909091,4.074
"2850",284.9,28.5797554545454,-183.34424,4.07306
"2851",285,28.5924461386139,-183.34796969697,4.0749696969697
"2852",285.1,28.5834163636364,-183.220148514851,4.074
"2853",285.2,28.5850010526316,-183.250333333333,4.074
"2854",285.3,28.5799250746269,-183.323055045872,4.074
"2855",285.4,28.5426233333333,-183.274431192661,4.074
"2856",285.5,28.5447006930693,-183.13344,4.074
"2857",285.6,28.5644255555556,-183.19284,4.074
"2858",285.7,28.562218,-183.206098039216,4.074
"2859",285.8,28.5553891089109,-183.037424242424,4.0740202020202
"2860",285.9,28.5639327067669,-183.062240384615,4.075
"2861",286,28.5733702941177,-183.203586538462,4.075
"2862",286.1,28.57296,-183.133113402062,4.07296907216495
"2863",286.2,28.5764805,-183.196,4.074
"2865",286.4,28.5635614285714,-183.231,4.074
"2866",286.5,28.5595917910448,-183.1622,4.074
"2867",286.6,28.5760111111111,-183.2422,4.074
"2868",286.7,28.5801891089109,-183.273851851852,4.074
"2869",286.8,28.571016,-183.145148148148,4.074
"2870",286.9,28.5601598496241,-183.180163265306,4.0710612244898
"2871",287,28.5548379104478,-183.050051724138,4.07437931034483
"2872",287.1,28.5621644444444,-182.991693877551,4.075
"2873",287.2,28.5656495049505,-183.048808080808,4.07591919191919
"2874",287.3,28.5643833333333,-182.975574257426,4.074
"2875",287.4,28.5467879104478,-183.025252252252,4.074
"2876",287.5,28.52754,-183.031558558559,4.074
"2877",287.6,28.5204456,-182.887926605505,4.074
"2878",287.7,28.49729,-182.986091743119,4.074
"2879",287.8,28.4916936363636,-183.084333333333,4.075
"2880",287.9,28.5075028712871,-183.022,4.07495
"2881",288,28.5151628,-183.033673267327,4.074
"2882",288.1,28.5108401492537,-182.896142857143,4.07407142857143
"2883",288.2,28.5176392537313,-182.974714285714,4.07585714285714
"2884",288.3,28.5297935,-183.143694736842,4.07309473684211
"2885",288.4,28.5031585294118,-182.96179,4.07397
"2886",288.5,28.4957965656566,-182.858058252427,4.074
"2887",288.6,28.5085723880597,-182.965132075472,4.074
"2888",288.7,28.4944196969697,-183.143433962264,4.074
"2889",288.8,28.4974227272727,-183.043235294118,4.074
"2890",288.9,28.510473,-183.0156,4.07303636363636
"2891",289,28.5229155555556,-182.9056,4.07394545454545
"2892",289.1,28.5357731343284,-182.828575757576,4.0739898989899
"2893",289.2,28.51547,-182.971,4.075
"2894",289.3,28.5195268,-182.931371428571,4.074
"2895",289.4,28.5003772,-182.977085714286,4.074
"2896",289.5,28.4885116161616,-183.033475247525,4.074
"2897",289.6,28.4882224752475,-183.14083,4.074
"2898",289.7,28.4912892,-183.099571428571,4.074
"2899",289.8,28.4907198507463,-182.985285714286,4.074
"2900",289.9,28.4899834328358,-183.088453703704,4.0739537037037
"2901",290,28.5074922222222,-182.937527777778,4.07302777777778
"2902",290.1,28.4900866336634,-183.06636,4.074
"2903",290.2,28.4999222222222,-182.93408,4.074
"2904",290.3,28.5318588059701,-183.004525252525,4.074
"2905",290.4,28.5369066666667,-182.915925619835,4.074
"2906",290.5,28.5341472727273,-182.794438016529,4.074
"2907",290.6,28.5439770588235,-183.025212121212,4.074
"2908",290.7,28.5245466666667,-182.998495412844,4.07396330275229
"2909",290.8,28.5102274626866,-182.962315789474,4.07294736842105
"2910",290.9,28.5112766666667,-182.896,4.074
"2911",291,28.5205884,-182.932893203884,4.07302912621359
"2912",291.1,28.519232,-182.839648648649,4.07397297297297
"2913",291.2,28.530688989899,-182.994603603604,4.07307207207207
"2914",291.3,28.5416647014925,-182.787,4.074
"2915",291.4,28.5449907575758,-182.787831683168,4.074
"2916",291.5,28.5795428,-182.814717171717,4.074
"2917",291.6,28.6005246,-182.79929,4.074
"2918",291.7,28.6185638,-182.749863636364,4.07405454545454
"2919",291.8,28.6505889,-182.945318181818,4.07587272727273
"2920",291.9,28.6428048,-182.818056603774,4.07503773584906
"2921",292,28.6346058955224,-182.794471698113,4.07598113207547
"2922",292.1,28.6389207462687,-182.60388,4.07502
"2923",292.2,28.6361316,-182.769445544554,4.07495049504951
"2924",292.3,28.6243532673267,-182.77795959596,4.074
"2925",292.4,28.6325744444445,-182.774831858407,4.074
"2926",292.5,28.6447610447761,-182.731469026549,4.074
"2927",292.6,28.63799,-182.81324,4.074
"2928",292.7,28.6136196,-182.653613861386,4.074
"2929",292.8,28.5966108,-182.713787878788,4.074
"2930",292.9,28.6164248,-182.611206896552,4.07396551724138
"2931",293,28.6306542105263,-182.616379310345,4.07310344827586
"2932",293.1,28.6234854545455,-182.66385,4.07303
"2933",293.2,28.6210169,-182.649909090909,4.074
"2934",293.3,28.6337388,-182.36832,4.074
"2935",293.4,28.6317274,-182.59076,4.074
"2936",293.5,28.6284348,-182.56088,4.074
"2937",293.6,28.6011195,-182.561130434783,4.0739652173913
"2938",293.7,28.5665841791045,-182.639391304348,4.07309565217391
"2939",293.8,28.5469165671642,-182.688871287129,4.0739603960396
"2940",293.9,28.5570308,-182.802897959184,4.073
"2941",294,28.5487328,-182.67101980198,4.073
"2942",294.1,28.5303532323232,-182.635931034483,4.07306896551724
"2943",294.2,28.5408179104478,-182.709206896552,4.07479310344828
"2944",294.3,28.563961969697,-182.506404494382,4.07401123595506
"2945",294.4,28.5422476,-182.516157894737,4.074
"2946",294.5,28.5170365346535,-182.444542857143,4.074
"2947",294.6,28.5142348,-182.533114285714,4.074
"2948",294.7,28.5194936842105,-182.618292929293,4.0740404040404
"2949",294.8,28.5292975757576,-182.555435643564,4.07490099009901
"2950",294.9,28.5424415,-182.578603960396,4.0730396039604
"2951",295,28.5216322,-182.474265306123,4.074
"2952",295.1,28.5133228,-182.546544554455,4.074
"2953",295.2,28.5154971428571,-182.553158730159,4.074
"2954",295.3,28.5049253731343,-182.457126984127,4.074
"2955",295.4,28.517466969697,-182.621620253165,4.074
"2956",295.5,28.5248984,-182.451451923077,4.074
"2957",295.6,28.5212414,-182.396644230769,4.074
"2958",295.7,28.5472872,-182.604575757576,4.075
"2959",295.8,28.5992562376238,-182.551594059406,4.0749603960396
"2960",295.9,28.6043,-182.369560747664,4.07402803738318
"2961",296,28.5911931343284,-182.288252336449,4.07496261682243
"2962",296.1,28.6104945,-182.497078431373,4.07495098039216
"2963",296.2,28.6038226732673,-182.512490384615,4.074
"2964",296.3,28.5972388,-182.328836538462,4.074
"2965",296.4,28.5867478947368,-182.424952380952,4.074
"2967",296.6,28.5963311111111,-182.469138613861,4.07409900990099
"2968",296.7,28.5933576,-182.49554368932,4.07588349514563
"2969",296.8,28.6121134,-182.604916666667,4.07301041666667
"2970",296.9,28.6260057142857,-182.316257425743,4.0740495049505
"2971",297,28.6294668656716,-182.394222222222,4.07496296296296
"2972",297.1,28.62314,-182.299777777778,4.07403703703704
"2973",297.2,28.6094152,-182.328556521739,4.074
"2974",297.3,28.6086466,-182.2819,4.074
"2975",297.4,28.6056808,-182.231381443299,4.074
"2976",297.5,28.6335179207921,-182.268036697248,4.074
"2977",297.6,28.6434788636364,-182.26895412844,4.074
"2978",297.7,28.6243397014925,-182.402383838384,4.074
"2979",297.8,28.6049564,-182.42632,4.07396
"2980",297.9,28.5914932,-182.292099009901,4.0730396039604
"2981",298,28.6076328,-182.343763636364,4.07397272727273
"2982",298.1,28.6172839097744,-182.369218181818,4.07306363636364
"2983",298.2,28.6068319402985,-182.273255102041,4.07394897959184
"2984",298.3,28.6039528,-182.2434,4.074
"2985",298.4,28.6019144554455,-182.23396969697,4.074
"2986",298.5,28.6095893,-182.344644230769,4.074
"2987",298.6,28.6252642857143,-182.198980582524,4.074
"2988",298.7,28.6252920895522,-182.197038834951,4.074
"2989",298.8,28.6194575757576,-182.201070707071,4.0749595959596
"2990",298.9,28.6115822,-182.171028301887,4.074
"2991",299,28.6147782,-182.011594339623,4.074
"2992",299.1,28.6124762406015,-181.960257425743,4.074
"2993",299.2,28.5953755223881,-182.115575757576,4.074
"2994",299.3,28.595005050505,-182.226,4.074
"2995",299.4,28.5830199009901,-182.132099009901,4.074
"2996",299.5,28.5787053535354,-182.18426,4.074
"2997",299.6,28.6016646,-182.22407,4.074
"2998",299.7,28.6178082178218,-182.190363636364,4.07393939393939
"2999",299.8,28.6174921052632,-182.074435643564,4.0720396039604
"3000",299.9,28.6141058823529,-182.087048076923,4.07308653846154
"3001",300,28.612393030303,-182.155317307692,4.07597115384615
"3002",300.1,28.6156995049505,-182.01904950495,4.07495049504951
"3003",300.2,28.6266102,-182.20895412844,4.074
"3004",300.3,28.648695522388,-182.13280733945,4.074
"3005",300.4,28.6739676119403,-182.129,4.074
"3006",300.5,28.6462241414141,-182.071324324324,4.074
"3007",300.6,28.6336916,-182.126881188119,4.07407920792079
"3008",300.7,28.6476397,-182.216181818182,4.0759696969697
"3009",300.8,28.6375957142857,-182.0616,4.075
"3010",300.9,28.6336640298507,-182.056560747664,4.07488785046729
"3011",301,28.6570124242424,-182.170579439252,4.07208411214953
"3012",301.1,28.656937,-182.125914529915,4.07282905982906
"3013",301.2,28.6478906,-182.074808080808,4.074
"3014",301.3,28.6512073737374,-182.002663366337,4.074
"3015",301.4,28.6573025742574,-182.069714285714,4.07403571428571
"3016",301.5,28.672138030303,-181.987571428571,4.07492857142857
"3017",301.6,28.6899755882353,-182.021576923077,4.07396153846154
"3019",301.8,28.7001094059406,-182.118959183673,4.074
"3020",301.9,28.689919,-182.06208,4.07396
"3021",302,28.6718151879699,-181.901616161616,4.0730404040404
"3022",302.1,28.6563980882353,-182.032107843137,4.074
"3023",302.2,28.6609581818182,-181.97564,4.074
"3024",302.3,28.6982350495049,-181.964367346939,4.074
"3025",302.4,28.7062377,-181.988227722772,4.074
"3026",302.5,28.6894271428571,-182.213561403509,4.074
"3027",302.6,28.6780631343284,-181.977596491228,4.074
"3028",302.7,28.6908433333333,-182.029232323232,4.07408080808081
"3029",302.8,28.6805648,-182.09971559633,4.07590825688073
"3030",302.9,28.6732728282828,-181.974027522936,4.07407339449541
"3031",303,28.6896772932331,-181.837755102041,4.0749693877551
"3032",303.1,28.7042394029851,-181.92547008547,4.074
"3033",303.2,28.7134868686869,-181.934871794872,4.074
"3034",303.3,28.7209326732673,-181.948848739496,4.074
"3035",303.4,28.7253291919192,-181.895067226891,4.074
"3036",303.5,28.727062,-181.873,4.07393939393939
"3037",303.6,28.7297804950495,-181.996316239316,4.07210256410256
"3038",303.7,28.7312145112782,-181.879222222222,4.07466666666667
"3039",303.8,28.7389508823529,-181.934382022472,4.07597752808989
"3040",303.9,28.767718989899,-181.968058823529,4.074
"3041",304,28.7636547524752,-182.039020618557,4.074
"3042",304.1,28.7705494,-181.844903846154,4.074
"3043",304.2,28.7585607518797,-181.745164948454,4.074
"3044",304.3,28.723733880597,-181.860846153846,4.074
"3046",304.5,28.7225516831683,-181.89847826087,4.074
"3047",304.6,28.7269258585859,-181.828043478261,4.074
"3048",304.7,28.7598423308271,-181.848835051546,4.07307216494845
"3049",304.8,28.7702747761194,-181.851758928571,4.07495535714286
"3050",304.9,28.753842020202,-181.9669375,4.0740625
"3051",305,28.7491825742574,-181.8696,4.07496
"3052",305.1,28.7448938383838,-181.6756,4.074
"3053",305.2,28.739908,-181.860366666667,4.074
"3054",305.3,28.7364043564356,-181.919533333333,4.074
"3055",305.4,28.7338787218045,-182.041636363636,4.074
"3056",305.5,28.7282891044776,-181.952028571429,4.074
"3057",305.6,28.71926,-181.986314285714,4.074
"3058",305.7,28.72094,-181.739277777778,4.07490740740741
"3059",305.8,28.726192,-181.723524752475,4.0759603960396
"3060",305.9,28.7217130827068,-181.71101980198,4.07494059405941
"3061",306,28.7249226470588,-181.68068,4.07302
"3062",306.1,28.7437883838384,-181.76482,4.074
"3063",306.2,28.7269797029703,-181.853818181818,4.074
"3064",306.3,28.7263201,-181.844168067227,4.074
"3065",306.4,28.7211188721805,-181.81643697479,4.074
"3066",306.5,28.7097717910448,-181.813768421053,4.07488421052632
"3067",306.6,28.7028653535354,-181.821637168142,4.07305309734513
"3068",306.7,28.7139735643564,-181.742876106195,4.07482300884956
"3069",306.8,28.7148174747475,-181.67112,4.07402
"3070",306.9,28.721622238806,-181.77748,4.07498
"3071",307,28.7311772727273,-181.899133333333,4.074
"3072",307.1,28.714148,-181.9058,4.074
"3073",307.2,28.69643,-181.766033707865,4.074
"3074",307.3,28.6706633333333,-181.812125,4.074
"3075",307.4,28.6739644554455,-181.884527472527,4.074
"3076",307.5,28.665932,-181.790910891089,4.0730297029703
"3077",307.6,28.6447367164179,-181.592134615385,4.07579807692308
"3078",307.7,28.6394656716418,-181.6884375,4.07503125
"3079",307.8,28.6612174,-181.65514,4.075
"3080",307.9,28.6805667326733,-181.721405405405,4.075
"3081",308,28.6780660606061,-181.615826086957,4.07508695652174
"3082",308.1,28.6925656716418,-181.768,4.074
"3083",308.2,28.7076924242424,-181.648188679245,4.074
"3084",308.3,28.6869796,-181.65104,4.074
"3085",308.4,28.675885,-181.718194174757,4.074
"3087",308.6,28.686987029703,-181.648574257426,4.074
"3088",308.7,28.677734,-181.506666666667,4.074
"3089",308.8,28.6731614,-181.633362068966,4.07402586206897
"3090",308.9,28.6793879,-181.545431034483,4.07488793103448
"3091",309,28.6800013131313,-181.612293233083,4.074
"3092",309.1,28.6808561386139,-181.541616541353,4.074
"3093",309.2,28.6704225252525,-181.386868686869,4.074
"3094",309.3,28.6727745112782,-181.527909090909,4.074
"3095",309.4,28.6828843283582,-181.59549122807,4.074
"3096",309.5,28.675162,-181.757771929825,4.074
"3097",309.6,28.671024,-181.529161290323,4.074
"3098",309.7,28.6685993939394,-181.506422018349,4.07594495412844
"3099",309.8,28.6647517164179,-181.52752293578,4.07319266055046
"3100",309.9,28.670406119403,-181.483098039216,4.07398039215686
"3102",310.1,28.6811659405941,-181.51944,4.074
"3103",310.2,28.6845353,-181.4938,4.074
"3104",310.3,28.6790976691729,-181.579252336449,4.074
"3105",310.4,28.6752584848485,-181.441869158878,4.074
"3106",310.5,28.686642,-181.640181818182,4.0750303030303
"3107",310.6,28.68981,-181.577254901961,4.07596078431373
"3108",310.7,28.662266,-181.460081632653,4.07497959183673
"3109",310.8,28.6564463909774,-181.424588235294,4.07403921568627
"3110",310.9,28.6695565671642,-181.632222222222,4.07498148148148
"3111",311,28.6666093939394,-181.493333333333,4.07405555555556
"3112",311.1,28.6618338,-181.618830508475,4.074
"3113",311.2,28.6915315,-181.70072,4.074
"3114",311.3,28.6931491,-181.7104,4.074
"3115",311.4,28.6776951485149,-181.539405940594,4.0740396039604
"3116",311.5,28.679632556391,-181.813589285714,4.07491964285714
"3117",311.6,28.6794949253731,-181.733232142857,4.07224107142857
"3118",311.7,28.650854,-181.606939393939,4.0730404040404
"3119",311.8,28.624874950495,-181.697643564356,4.07491089108911
"3120",311.9,28.6506471,-181.5864,4.07204
"3121",312,28.6488102255639,-181.5095,4.074
"3122",312.1,28.6433678787879,-181.58338,4.074
"3123",312.2,28.677334,-181.60168,4.074
"3124",312.3,28.663872,-181.587438596491,4.074
"3125",312.4,28.650566,-181.659368421053,4.074
"3126",312.5,28.6499718045113,-181.506524271845,4.07570873786408
"3127",312.6,28.6552098507463,-181.409280898876,4.07313483146068
"3128",312.7,28.6564163636364,-181.362174311927,4.07397247706422
"3129",312.8,28.6509675,-181.534651376147,4.07305504587156
"3130",312.9,28.6632387,-181.50705,4.07497
"3131",313,28.6667165,-181.447363636364,4.074
"3132",313.1,28.6440262376238,-181.554394957983,4.074
"3133",313.2,28.6591409090909,-181.539268907563,4.074
"3134",313.3,28.6783019402985,-181.37788,4.074
"3135",313.4,28.6701166,-181.37225,4.07402777777778
"3136",313.5,28.6669246,-181.313916666667,4.0749537037037
"3137",313.6,28.6540054,-181.394450980392,4.07311764705882
"3138",313.7,28.6621030075188,-181.28018,4.07596
"3139",313.8,28.6780023529412,-181.144069565217,4.074
"3140",313.9,28.6930715151515,-181.247547826087,4.074
"3141",314,28.7176853465347,-181.264428571429,4.074
"3142",314.1,28.717078,-181.431,4.074
"3143",314.2,28.7059372180451,-181.481,4.074
"3144",314.3,28.7076179104478,-181.32299009901,4.074
"3145",314.4,28.7002666666667,-181.228343434343,4.0729797979798
"3146",314.5,28.6857754455446,-181.431811881188,4.0720297029703
"3147",314.6,28.7073745454545,-181.199862068966,4.073
"3148",314.7,28.7252619548872,-181.342965517241,4.073
"3149",314.8,28.7240501492537,-181.309488888889,4.07204444444444
"3150",314.9,28.7304348484848,-181.220693069307,4.074
"3151",315,28.735553960396,-181.273428571429,4.074
"3152",315.1,28.7326565656566,-181.157215686274,4.074
"3153",315.2,28.7331212,-181.333353535354,4.074
"3154",315.3,28.7403396039604,-181.29981147541,4.074
"3155",315.4,28.731974887218,-181.226860655738,4.074
"3156",315.5,28.7185411764706,-181.080541176471,4.07304705882353
"3157",315.6,28.7047878787879,-181.137563636364,4.074
"3158",315.7,28.7312612871287,-181.115745454545,4.074
"3159",315.8,28.74964,-181.237957894737,4.07496842105263
"3160",315.9,28.7689294736842,-181.26934,4.07498
"3161",316,28.7844558208955,-181.234843137255,4.074
"3162",316.1,28.7606139393939,-181.127,4.074
"3163",316.2,28.7597272277228,-181.108308411215,4.074
"3164",316.3,28.7671227272727,-181.240371428571,4.07398095238095
"3165",316.4,28.7730975,-181.208942857143,4.07302857142857
"3166",316.5,28.7872310891089,-181.14771,4.07494
"3167",316.6,28.7825339393939,-181.10477,4.07303
"3168",316.7,28.7778789108911,-181.06662,4.07397
"3169",316.8,28.7946003030303,-181.11483,4.073
"3170",316.9,28.8181484,-180.979446601942,4.07302912621359
"3172",317.1,28.8257447727273,-181.08304,4.074
"3173",317.2,28.8057408823529,-181.14981,4.074
"3174",317.3,28.786864949495,-181.173151515152,4.0739696969697
"3175",317.4,28.79336,-181.085647058824,4.073
"3176",317.5,28.7692246,-181.174111111111,4.07301851851852
"3177",317.6,28.766742556391,-181.129666666667,4.07394444444444
"3178",317.7,28.7828641176471,-180.943287128713,4.0740297029703
"3179",317.8,28.7807980808081,-181.11512244898,4.07495918367347
"3180",317.9,28.7761347524752,-181.076964912281,4.0730350877193
"3181",318,28.7764176,-181.176087719298,4.07391228070175
"3182",318.1,28.7585517,-181.009789473684,4.074
"3183",318.2,28.7370498019802,-180.98698,4.074
"3184",318.3,28.753484,-181.054801980198,4.0739702970297
"3185",318.4,28.7657259405941,-181.175444444444,4.0730404040404
"3186",318.5,28.7748065656566,-180.999742857143,4.075
"3187",318.6,28.756232,-180.891171428571,4.075
"3188",318.7,28.73156,-180.849571428571,4.07397959183673
"3189",318.8,28.7277381818182,-181.0678,4.073
"3190",318.9,28.7408501,-181.041666666667,4.07303418803419
"3191",319,28.7541336363636,-181.108333333333,4.07388888888889
"3192",319.1,28.7561852,-181.109,4.074
"3193",319.2,28.7428178,-181.08696,4.074
"3194",319.3,28.7365497744361,-181.13748,4.07404
"3195",319.4,28.7265929411765,-181.21192,4.075
"3196",319.5,28.739103939394,-180.989596638655,4.07493277310924
"3197",319.6,28.7561818811881,-180.879512605042,4.07325210084034
"3198",319.7,28.7502148,-180.947777777778,4.07588888888889
"3199",319.8,28.7260266417911,-180.907037037037,4.07218518518518
"3200",319.9,28.71628,-180.978074766355,4.074
"3201",320,28.7149527272727,-180.981813084112,4.074
"3202",320.1,28.6702563366337,-181.128881188119,4.074
"3203",320.2,28.6558475757576,-181.027727272727,4.074
"3204",320.3,28.6670793,-181.05643,4.074
"3205",320.4,28.6984843564356,-180.84607,4.07397
"3206",320.5,28.7058533333333,-180.908685714286,4.07308571428572
"3207",320.6,28.6902416831683,-180.764876190476,4.07594285714286
"3208",320.7,28.7009433333333,-180.85082,4.07404
"3209",320.8,28.695577979798,-180.84654,4.07596
"3210",320.9,28.6908912,-181.066155963303,4.074
"3211",321,28.6914276691729,-180.92395412844,4.074
"3212",321.1,28.7039592537313,-180.810090909091,4.074
"3213",321.2,28.7037467676768,-180.851,4.074
"3214",321.3,28.6839159405941,-180.865029411765,4.07402941176471
"3215",321.4,28.6967598989899,-180.670071428571,4.07498979591837
"3216",321.5,28.7049367164179,-180.87217,4.07406
"3217",321.6,28.7158543283582,-180.90889,4.07594
"3218",321.7,28.7316678787879,-180.871878787879,4.074
"3219",321.8,28.7351047058824,-180.829568627451,4.074
"3220",321.9,28.740745959596,-180.673714285714,4.074
"3221",322,28.7435978,-180.759428571429,4.074
"3222",322.1,28.7689847524753,-180.743193877551,4.074
"3223",322.2,28.7956825,-180.663469026549,4.074
"3224",322.3,28.7758685,-180.550194690265,4.074
"3225",322.4,28.7813986868687,-180.831571428571,4.074
"3226",322.5,28.7682101980198,-180.806514851485,4.0730594059406
"3227",322.6,28.7746667676768,-180.664265306122,4.075
"3228",322.7,28.7655214,-180.871291262136,4.07492233009709
"3229",322.8,28.7516488,-180.927546448087,4.07300546448087
"3230",322.9,28.7882846,-180.882191256831,4.07355191256831
"3231",323,28.7916578,-180.849040816327,4.074
"3232",323.1,28.7918135353535,-180.83948,4.074
"3233",323.2,28.8013376119403,-180.757389830509,4.07397457627119
"3234",323.3,28.7987835820896,-180.737050847458,4.07312711864407
"3235",323.4,28.7922676,-180.56969,4.074
"3236",323.5,28.7872584,-180.538848484848,4.0740101010101
"3237",323.6,28.781242020202,-180.522054545455,4.07498181818182
"3238",323.7,28.7736302985075,-180.424781818182,4.07407272727273
"3239",323.8,28.7729787878788,-180.513504854369,4.074
"3240",323.9,28.7894981,-180.638747572816,4.074
"3241",324,28.8000941584158,-180.721509803922,4.074
"3242",324.1,28.8226162626263,-180.672490196078,4.074
"3243",324.2,28.8293244554455,-180.494286885246,4.074
"3244",324.3,28.8188426,-180.623509433962,4.07303773584906
"3245",324.4,28.828192,-180.848981132075,4.07492452830189
"3246",324.5,28.8187318,-180.687615384615,4.074
"3248",324.7,28.8480512871287,-180.543927272727,4.074
"3249",324.8,28.8213775757576,-180.574836363636,4.074
"3250",324.9,28.8089210526316,-180.467361111111,4.074
"3251",325,28.8219059701493,-180.512731481481,4.074
"3252",325.1,28.8304308,-180.59131147541,4.074
"3253",325.2,28.8290781,-180.48038,4.07398
"3254",325.3,28.8311,-180.45276,4.07308
"3255",325.4,28.8289608955224,-180.5849,4.07694
"3256",325.5,28.8386094029851,-180.43384,4.074
"3257",325.6,28.8583134,-180.474535714286,4.07401785714286
"3258",325.7,28.8793191089109,-180.451321428571,4.07491071428571
"3259",325.8,28.904064,-180.470226415094,4.07330188679245
"3260",325.9,28.8805102,-180.397019607843,4.074
"3261",326,28.8673936,-180.448,4.074
"3263",326.2,28.8809266,-180.60548,4.073
"3264",326.3,28.8719368,-180.726811320755,4.07303773584906
"3265",326.4,28.8985886,-180.717377358491,4.07492452830189
"3266",326.5,28.8988246,-180.500881188119,4.074
"3267",326.6,28.8799158585859,-180.68765,4.074
"3268",326.7,28.8787305,-180.54283,4.07397
"3269",326.8,28.8728917,-180.409611111111,4.07302777777778
"3270",326.9,28.8546542,-180.463314814815,4.0739537037037
"3271",327,28.8596117,-180.58869,4.074
"3272",327.1,28.8614415789474,-180.420629032258,4.074
"3273",327.2,28.8569219402985,-180.541596774194,4.074
"3274",327.3,28.8565143,-180.536794117647,4.074
"3275",327.4,28.8968606,-180.520171428571,4.073
"3276",327.5,28.8906904,-180.359219047619,4.073
"3277",327.6,28.87961,-180.35894,4.073
"3278",327.7,28.8751736363636,-180.31637,4.073
"3279",327.8,28.8728228,-180.487415841584,4.0730297029703
"3280",327.9,28.8710091089109,-180.405484848485,4.074
"3281",328,28.8503134,-180.52100990099,4.074
"3282",328.1,28.8307917,-180.359131313131,4.074
"3283",328.2,28.8132414,-180.41697029703,4.0739702970297
"3284",328.3,28.813304,-180.513728,4.073032
"3285",328.4,28.8246647,-180.500128,4.074632
"3286",328.5,28.8587386,-180.566673469388,4.07595918367347
"3287",328.6,28.8624256,-180.453735042735,4.07406837606838
"3288",328.7,28.8644163,-180.422111111111,4.07577777777778
"3289",328.8,28.8588815789474,-180.432734693878,4.074
"3290",328.9,28.8573888059701,-180.326324786325,4.074
"3291",329,28.8463902,-180.384444444444,4.074
"3292",329.1,28.8179426,-180.49283,4.074
"3293",329.2,28.8254025,-180.265725663717,4.074
"3294",329.3,28.8322213636364,-180.423247787611,4.074
"3295",329.4,28.8454376119403,-180.239555555556,4.0730202020202
"3296",329.5,28.8545888,-180.310975609756,4.074
"3297",329.6,28.8279488118812,-180.176829268293,4.074
"3298",329.7,28.8254399,-180.37206,4.07302
"3299",329.8,28.8246135,-180.566169811321,4.074
"3300",329.9,28.8317755445545,-180.324660377359,4.074
"3301",330,28.8332081818182,-180.275663366337,4.074
"3302",330.1,28.8356996,-180.062163265306,4.074
"3303",330.2,28.8465789,-180.175623762376,4.0739702970297
"3304",330.3,28.8718263,-180.194636363636,4.07305454545454
"3305",330.4,28.8757177,-180.126454545455,4.07578181818182
"3306",330.5,28.8706136363636,-180.278782178218,4.0739603960396
"3307",330.6,28.8743492,-180.31919266055,4.07302752293578
"3308",330.7,28.8563536,-180.225614678899,4.07394495412844
"3309",330.8,28.8284916,-180.042613861386,4.0749603960396
"3310",330.9,28.8217408,-180.298401869159,4.074
"3311",331,28.8317979699248,-180.245130841121,4.074
"3312",331.1,28.8607873134328,-180.351514851485,4.074
"3313",331.2,28.8758292,-180.305067226891,4.07396638655462
"3314",331.3,28.8615868,-180.408428571429,4.07228571428571
"3315",331.4,28.844498,-180.189161616162,4.073
"3316",331.5,28.8479945864662,-180.287524752475,4.073
"3317",331.6,28.8483734328358,-180.078216216216,4.073
"3318",331.7,28.8400688888889,-180.189027027027,4.073
"3319",331.8,28.8240973267327,-180.246815533981,4.074
"3320",331.9,28.808254,-180.08759223301,4.074
"3321",332,28.8278592,-180.140821782178,4.0739702970297
"3322",332.1,28.8629118811881,-180.13794,4.073
"3323",332.2,28.8467563636364,-180.2841,4.073
"3324",332.3,28.8408112,-180.38478,4.07302
"3325",332.4,28.8460632,-180.273218181818,4.074
"3326",332.5,28.829724,-180.134127272727,4.074
"3327",332.6,28.8270896,-180.2035,4.07495833333333
"3328",332.7,28.8250354545454,-180.181742268041,4.0720206185567
"3329",332.8,28.8206605882353,-180.253673267327,4.074
"3330",332.9,28.7988605050505,-180.266972222222,4.074
"3331",333,28.8114855,-180.166046296296,4.074
"3332",333.1,28.8401345,-180.273924528302,4.07310377358491
"3333",333.2,28.847725037594,-180.34968,4.07397
"3334",333.3,28.8392558823529,-180.208166666667,4.07305555555556
"3335",333.4,28.8493171717172,-180.147055555556,4.07490740740741
"3336",333.5,28.8438797029703,-180.15825,4.07595
"3337",333.6,28.8513332,-180.28847706422,4.07494495412844
"3338",333.7,28.8336924,-180.012330275229,4.07219266055046
"3339",333.8,28.8120715841584,-180.19403030303,4.07387878787879
"3340",333.9,28.83838,-180.284316831683,4.074
"3341",334,28.8417344554455,-180.359765765766,4.074
"3342",334.1,28.8366063636364,-180.348054054054,4.074
"3343",334.2,28.8525924,-180.30696,4.074
"3344",334.3,28.8437768,-180.296297029703,4.0730297029703
"3345",334.4,28.8231155555556,-180.208484848485,4.0739797979798
"3346",334.5,28.8095382178218,-180.23083,4.073
"3347",334.6,28.8018185858586,-180.1927,4.07303
"3348",334.7,28.7970845,-180.183057142857,4.074
"3349",334.8,28.8169945,-180.184961904762,4.074
"3350",334.9,28.8237012030075,-180.153209090909,4.074
"3351",335,28.8215211764706,-180.126845454545,4.074
"3352",335.1,28.8083521212121,-180.228058823529,4.07302521008403
"3353",335.2,28.8304405,-180.263352941176,4.07386554621849
"3354",335.3,28.8547,-180.27478,4.07204
"3355",335.4,28.8265239097744,-180.165843478261,4.0739652173913
"3356",335.5,28.7993289552239,-180.158017391304,4.07222608695652
"3357",335.6,28.8132851515152,-180.131405940594,4.07305940594059
"3358",335.7,28.8342517821782,-180.2094,4.07496
"3359",335.8,28.8431355,-180.1799,4.07302
"3360",335.9,28.846434,-180.177333333333,4.074
"3361",336,28.8485159405941,-180.294,4.074
"3362",336.1,28.8421265656566,-180.260981132075,4.07305660377359
"3363",336.2,28.8201125742574,-180.30020952381,4.07300952380952
"3364",336.3,28.8382051515151,-180.121161904762,4.0739619047619
"3365",336.4,28.8423865,-180.069080808081,4.0720202020202
"3366",336.5,28.819725,-180.074514851485,4.0730297029703
"3367",336.6,28.8188687969925,-180.12541509434,4.074
"3368",336.7,28.8223953731343,-180.196169811321,4.074
"3369",336.8,28.8349245454545,-180.224212121212,4.074
"3370",336.9,28.8368386,-180.08666,4.074
"3371",337,28.8238788,-180.19945,4.07397
"3372",337.1,28.8071560902256,-180.02324,4.073
"3373",337.2,28.7959691176471,-180.125623762376,4.07305940594059
"3374",337.3,28.7985797979798,-180.049963636364,4.07494545454546
"3375",337.4,28.8216893069307,-180.148145454545,4.07221818181818
"3376",337.5,28.828112,-180.18833,4.07397
"3377",337.6,28.837433,-180.0047,4.073
"3378",337.7,28.8265279207921,-179.995204301075,4.0729247311828
"3379",337.8,28.8282113131313,-179.978,4.074
"3380",337.9,28.8086295049505,-180.010380952381,4.07304761904762
"3381",338,28.8160612121212,-179.987,4.074
"3382",338.1,28.8222058415842,-180.08234,4.07398
"3383",338.2,28.8220231313131,-179.9524,4.073
"3384",338.3,28.826819,-179.970691588785,4.07301869158878
"3385",338.4,28.848579,-179.905271028037,4.07395327102804
"3386",338.5,28.8420466666667,-179.93582,4.07398
"3387",338.6,28.8573150495049,-179.733867924528,4.07303773584906
"3388",338.7,28.8530836363636,-179.877264150943,4.07492452830189
"3389",338.8,28.8447405970149,-179.825694444444,4.074
"3390",338.9,28.8476104477612,-179.882175925926,4.074
"3391",339,28.858175,-180.08258,4.07397
"3392",339.1,28.8465925,-180.06963,4.073
"3393",339.2,28.8595944444444,-180.08403030303,4.0730303030303
"3394",339.3,28.8413771641791,-179.896066666667,4.074
"3395",339.4,28.8312027272727,-179.972733333333,4.074
"3396",339.5,28.8552212,-179.950659793814,4.074
"3397",339.6,28.8486522772277,-179.927108910891,4.0739603960396
"3398",339.7,28.8469092929293,-180.14281,4.07303
"3399",339.8,28.8612493069307,-179.973738317757,4.07397196261682
"3400",339.9,28.8405196039604,-179.931682242991,4.07303738317757
"3401",340,28.8290784,-179.91647706422,4.074
"3402",340.1,28.8484632,-179.840330275229,4.074
"3403",340.2,28.8713860606061,-179.933823529412,4.07296078431373
"3404",340.3,28.870674,-180.000555555556,4.0720404040404
"3405",340.4,28.8737304040404,-179.882878787879,4.0739696969697
"3406",340.5,28.8853758646617,-179.911118811881,4.07307920792079
"3407",340.6,28.8928714925373,-179.910029411765,4.07497058823529
"3408",340.7,28.8872622,-179.777804123711,4.074
"3409",340.8,28.903113,-179.67131372549,4.074
"3410",340.9,28.9134948,-179.875206896552,4.074
"3411",341,28.9190263909774,-179.885551724138,4.074
"3412",341.1,28.924456119403,-179.932047619048,4.07318095238095
"3413",341.2,28.9206808,-179.8652,4.07299
"3414",341.3,28.9310882352941,-179.68851,4.07202
"3415",341.4,28.9287928,-179.84001,4.07398
"3416",341.5,28.9025884,-180.037525423729,4.072
"3417",341.6,28.9064804,-179.89006779661,4.072
"3418",341.7,28.9256952,-179.93300952381,4.07300952380952
"3419",341.8,28.9418698989899,-179.933961904762,4.0739619047619
"3420",341.9,28.9399055,-179.590898989899,4.0739898989899
"3421",342,28.9383285,-179.774203703704,4.07301851851852
"3422",342.1,28.9400905050505,-179.623574468085,4.07393617021277
"3423",342.2,28.918487,-179.664,4.075
"3424",342.3,28.9351812,-180.18352,4.074
"3425",342.4,28.9342448,-180.0345,4.07401
"3426",342.5,28.9332602,-179.786440366972,4.07498165137615
"3427",342.6,28.9467332,-179.73047706422,4.07314678899083
"3428",342.7,28.939642406015,-179.576089108911,4.0730099009901
"3429",342.8,28.9026873134329,-179.785,4.074
"3430",342.9,28.8984108,-179.727193548387,4.0740752688172
"3431",343,28.9118042,-179.853,4.073
"3432",343.1,28.9032464,-179.8438,4.074
"3433",343.2,28.896527368421,-179.92858,4.07396
"3434",343.3,28.89994,-179.7689,4.07204
"3435",343.4,28.9171169,-180.15424,4.07398
"3436",343.5,28.9168907920792,-180.068455445545,4.0730198019802
"3437",343.6,28.8981476,-180.089798165138,4.07399082568807
"3438",343.7,28.8978386,-179.969614678899,4.07307339449541
"3439",343.8,28.9007178,-179.942095238095,4.074
"3440",343.9,28.9091656,-179.946857142857,4.074
"3441",344,28.8964454,-180.031801886792,4.07300943396227
"3442",344.1,28.874696,-180.011990566038,4.07395283018868
"3443",344.2,28.891365,-179.920656862745,4.074
"3444",344.3,28.8858732,-179.98409,4.07402
"3445",344.4,28.88623,-179.89404040404,4.0759797979798
"3446",344.5,28.9046284158416,-179.898487804878,4.074
"3447",344.6,28.9162566666667,-179.92287804878,4.074
"3448",344.7,28.9143489,-179.8536,4.07301
"3449",344.8,28.9597161,-180.012657142857,4.074
"3450",344.9,28.9685968421053,-180.078371428571,4.074
"3451",345,28.969015,-180.067951456311,4.07306796116505
"3452",345.1,28.9920433333333,-179.87336,4.07304
"3453",345.2,28.9835463366337,-179.84444,4.07494
"3454",345.3,28.9755096,-179.96156,4.07204
"3455",345.4,28.9785010526316,-179.84356,4.074
"3456",345.5,28.9785332835821,-179.92162,4.074
"3457",345.6,28.97403,-179.99728,4.074
"3458",345.7,28.9730766,-179.81422,4.074
"3459",345.8,28.9608475,-179.77586,4.074
"3460",345.9,28.9317879,-179.771554455446,4.0739801980198
"3461",346,28.9229272277228,-179.898161616162,4.0730101010101
"3462",346.1,28.9165566666667,-179.913504950495,4.074
"3463",346.2,28.9064488,-179.888571428571,4.07398979591837
"3464",346.3,28.9199224,-179.8455,4.0729705882353
"3465",346.4,28.9251655,-179.794727272727,4.0720202020202
"3466",346.5,28.9182092,-179.670974358974,4.07394871794872
"3467",346.6,28.9109813533835,-179.719692307692,4.07138461538461
"3468",346.7,28.89999,-179.691235294118,4.073
"3470",346.9,28.8872914,-179.836349514563,4.07399029126214
"3471",347,28.9159022,-179.771300970874,4.07301941747573
"3472",347.1,28.9215657142857,-179.82399009901,4.073
"3473",347.2,28.8995304477612,-179.773424242424,4.0730202020202
"3474",347.3,28.8884053061224,-179.714683168317,4.07496039603961
"3475",347.4,28.9033479207921,-179.601121212121,4.0730101010101
"3476",347.5,28.9088107,-179.71246,4.07402
"3477",347.6,28.9233084,-179.781676190476,4.07498095238095
"3478",347.7,28.9293469306931,-179.665485714286,4.07402857142857
"3479",347.8,28.9414666666667,-179.598574257426,4.0730198019802
"3480",347.9,28.9708059405941,-179.82395,4.07399
"3481",348,29.01354,-179.719140350877,4.073
"3482",348.1,29.012206,-179.633175438597,4.073
"3483",348.2,28.9941415,-179.581580952381,4.07399047619048
"3484",348.3,28.9894076767677,-179.739676190476,4.0730380952381
"3485",348.4,28.9992562376238,-179.674742268041,4.0749793814433
"3486",348.5,29.0036680808081,-179.731655462185,4.07303361344538
"3487",348.6,29.003024,-179.864428571429,4.07471428571429
"3488",348.7,29.03068,-179.645616666667,4.07399166666667
"3489",348.8,29.029525112782,-179.707283333333,4.07315833333333
"3490",348.9,29.0280630882353,-179.71,4.0739
"3491",349,29.0228676767677,-179.797214285714,4.074
"3492",349.1,29.0210738613861,-179.902119266055,4.074
"3493",349.2,29.0204386,-179.708538461538,4.07492307692308
"3494",349.3,28.9921623308271,-179.664071428571,4.07398214285714
"3495",349.4,28.97321,-179.621444444444,4.07277777777778
"3496",349.5,28.9983112121212,-179.537,4.075
"3497",349.6,28.9752521782178,-179.687,4.07413793103448
"3498",349.7,28.9802071717172,-179.582186915888,4.07398130841121
"3499",349.8,28.9974916,-179.69153271028,4.07304672897196
"3500",349.9,29.0243652475247,-179.667618556701,4.0739793814433
"3501",350,29.0404241414141,-179.794696969697,4.0730101010101
"3502",350.1,29.0247272277228,-179.810803738318,4.073
"3503",350.2,29.0133232323232,-179.58447311828,4.073
"3504",350.3,28.977734,-179.721188118812,4.0739801980198
"3505",350.4,28.9630792,-179.55228,4.07399
"3506",350.5,28.9669448120301,-179.48145,4.073
"3507",350.6,28.9803619117647,-179.52489,4.073
"3508",350.7,29.0060911111111,-179.415019417476,4.073
"3509",350.8,29.0137612,-179.416961165049,4.073
"3510",350.9,29.0152384,-179.650855855856,4.07300900900901
"3511",351,29.0103061654135,-179.636441441441,4.07390990990991
"3512",351.1,29.0030071641791,-179.684808080808,4.073
"3513",351.2,29.0230206060606,-179.47196039604,4.0730198019802
"3514",351.3,29.0209740594059,-179.567930434783,4.07398260869565
"3515",351.4,28.9960876,-179.460973913043,4.07224347826087
"3516",351.5,29.0010592,-179.508565656566,4.0730101010101
"3517",351.6,29.0006308910891,-179.6566,4.074
"3518",351.7,29.0099603030303,-179.394,4.07398
"3519",351.8,28.99623,-179.491690909091,4.073
"3520",351.9,29.0088733333333,-179.476236363636,4.073
"3521",352,29.0028305,-179.549737373737,4.0739898989899
"3522",352.1,28.9810876,-179.52448,4.073
"3523",352.2,28.985794040404,-179.547619047619,4.073
"3524",352.3,29.0052751485148,-179.528571428571,4.073
"3525",352.4,29.0095515151515,-179.543125,4.07399038461538
"3526",352.5,28.9949421782178,-179.455625,4.07302884615385
"3527",352.6,28.9969231313131,-179.519626262626,4.073
"3528",352.7,29.009317761194,-179.5591,4.073
"3529",352.8,29.0254254545454,-179.56753,4.073
"3530",352.9,29.0430172,-179.423066666667,4.07300952380952
"3531",353,29.0350252475247,-179.529733333333,4.0739619047619
"3532",353.1,29.0104013131313,-179.449596491228,4.07301754385965
"3533",353.2,28.9941455223881,-179.429421052632,4.0738947368421
"3534",353.3,29.0100039393939,-179.42009,4.074
"3535",353.4,29.022822,-179.42975,4.07398
"3536",353.5,28.9929396,-179.50286,4.07202
"3537",353.6,28.980904949495,-179.390566371681,4.07399115044248
"3538",353.7,29.0141456435644,-179.447203539823,4.07310619469027
"3539",353.8,29.019894,-179.380524752475,4.073
"3540",353.9,29.0288888,-179.356858585859,4.073
"3541",354,29.0326005940594,-179.340445544554,4.0730396039604
"3542",354.1,29.0495556565657,-179.216707070707,4.0749898989899
"3543",354.2,29.0267610891089,-179.478732673267,4.0740198019802
"3544",354.3,29.0319692929293,-179.31796,4.07498
"3545",354.4,29.0425313432836,-179.41296,4.07301
"3546",354.5,29.0438157575758,-179.40883,4.07399
"3547",354.6,29.0508684,-179.391303030303,4.073
"3548",354.7,29.0443144,-179.3241,4.073
"3549",354.8,29.0347315151515,-179.379793103448,4.073
"3550",354.9,29.0335370895522,-179.469448275862,4.073
"3551",355,29.0444383333333,-179.304595959596,4.0730101010101
"3552",355.1,29.0627679,-179.362192982456,4.07398245614035
"3553",355.2,29.0305783168317,-179.321842105263,4.0731052631579
"3554",355.3,29.0375805050505,-179.18575,4.07499
"3555",355.4,29.0276037,-179.161121212121,4.0740202020202
"3556",355.5,29.0297382178218,-179.17472,4.07594
"3557",355.6,29.0216364,-179.25762,4.07302
"3558",355.7,29.0150176,-179.19072,4.07398
"3559",355.8,29.0058408080808,-179.2284,4.073
"3560",355.9,29.01897,-179.3484,4.073
"3561",356,29.0424932323232,-179.399294117647,4.07396078431373
"3563",356.2,29.0091825,-179.228163636364,4.07303636363636
"3564",356.3,28.9750447,-179.236345454545,4.07485454545454
"3565",356.4,29.0031172,-179.24795049505,4.073
"3566",356.5,29.0303632,-179.18020754717,4.073
"3567",356.6,29.0438157894737,-179.14058490566,4.073
"3568",356.7,29.0375268656716,-179.260346153846,4.073
"3569",356.8,29.0095698,-179.177653846154,4.073
"3570",356.9,29.0005683168317,-179.067037383178,4.07302803738318
"3571",357,29.0343472,-179.30161682243,4.07396261682243
"3572",357.1,29.034932631579,-179.25629,4.07594
"3573",357.2,29.0070360606061,-179.201368852459,4.07395081967213
"3574",357.3,29.0034959405941,-179.213663934426,4.07231147540984
"3575",357.4,29.0019756,-179.163277227723,4.074
"3576",357.5,29.0292932,-179.109888888889,4.0739797979798
"3577",357.6,29.0742096,-179.250405405405,4.073
"3578",357.7,29.0512444,-179.263918918919,4.073
"3579",357.8,29.0291116161616,-179.193125,4.073
"3580",357.9,29.0328769306931,-179.168,4.07302
"3581",358,29.0285728,-179.217626262626,4.0739797979798
"3582",358.1,29.037622,-179.245534653465,4.073
"3583",358.2,29.0302833333333,-179.164523809524,4.07298095238095
"3584",358.3,29.0090018656716,-179.140714285714,4.07202857142857
"3585",358.4,28.99635,-179.16062,4.07301
"3586",358.5,28.991828,-179.1224,4.07399
"3587",358.6,29.0037073,-179.065727272727,4.073
"3588",358.7,29.027037,-179.333176470588,4.073
"3589",358.8,29.027937761194,-179.342,4.073
"3590",358.9,29.0170339393939,-179.352280373832,4.07393457943925
"3591",359,29.007114,-179.17916,4.07302
"3592",359.1,28.9876015841584,-179.18634,4.07398
"3593",359.2,28.989586,-179.15312,4.073
"3594",359.3,29.0024661616162,-179.11182,4.073
"3595",359.4,28.9867927,-179.19902020202,4.073
"3596",359.5,28.9814203,-179.101158415842,4.073
"3597",359.6,28.9695399009901,-179.040711864407,4.073
"3598",359.7,28.9553876,-179.026305084746,4.073
"3599",359.8,28.9449452,-179.11344,4.07302
"3600",359.9,28.9716964,-179.18279245283,4.07398113207547
"3601",360,28.9721631313131,-179.12241509434,4.07303773584906
"3602",360.1,28.9746195,-179.42984,4.07203
"3603",360.2,28.9640959,-179.215545454545,4.0749797979798
"3604",360.3,28.9756966336634,-179.17264,4.073
"3605",360.4,28.9879356,-179.249950495049,4.0729801980198
"3606",360.5,28.9980940601504,-179.099595959596,4.0720101010101
"3607",360.6,29.0097841791045,-179.15948,4.073
"3608",360.7,29.0082826262626,-179.23374,4.073
"3609",360.8,29.0189599,-179.31356,4.07302
"3610",360.9,29.0161005,-179.05264,4.074
"3611",361,29.0113280451128,-179.326090909091,4.07403636363636
"3612",361.1,29.0147386567164,-179.180636363636,4.07585454545454
"3613",361.2,29.0343127272727,-179.225354545455,4.074
"3614",361.3,29.028122,-179.160809090909,4.074
"3615",361.4,29.023403,-179.15602,4.07398
"3616",361.5,29.033303,-179.011623762376,4.073
"3617",361.6,29.0337483168317,-179.09329,4.073
"3618",361.7,29.0169739393939,-179.218757281553,4.073
"3619",361.8,29.0287740594059,-178.994485436893,4.073
"3620",361.9,29.0194699,-179.202383838384,4.0729898989899
"3621",362,29.0177158,-179.164,4.074
"3622",362.1,29.0322007,-179.15993,4.07201
"3623",362.2,29.0378120300752,-179.054121212121,4.0730101010101
"3624",362.3,29.0429611940298,-179.068823529412,4.07398039215686
"3626",362.5,29.03894,-179.231151515151,4.0739898989899
"3627",362.6,29.064717,-179.050115384615,4.073
"3628",362.7,29.0568521052632,-179.055884615385,4.073
"3629",362.8,29.0231965671642,-178.994635514019,4.073
"3630",362.9,29.0370291919192,-179.03192,4.074
"3631",363,29.043582970297,-179.027438596491,4.07401754385965
"3632",363.1,29.056417,-178.999368421053,4.0748947368421
"3633",363.2,29.038764,-178.96118018018,4.073
"3634",363.3,29.0421773267327,-179.070189189189,4.073
"3635",363.4,29.0448636363636,-178.955392156863,4.07105882352941
"3636",363.5,29.0460821782178,-179.075,4.074
"3637",363.6,29.0652859,-179.070575221239,4.07311504424779
"3638",363.7,29.0600009,-179.170079207921,4.073
"3639",363.8,29.033428,-179.36937,4.073
"3640",363.9,29.0525984848485,-179.11118,4.07302
"3641",364,29.0591628712871,-179.32438,4.07498
"3642",364.1,29.0626845454545,-179.06382,4.07301
"3643",364.2,29.069425,-178.948606060606,4.0739898989899
"3644",364.3,29.043586,-179.10512195122,4.0730162601626
"3645",364.4,29.0367442105263,-179.061219512195,4.07382926829268
"3646",364.5,29.0484974626866,-179.24757,4.073
"3647",364.6,29.0536405050505,-178.91059,4.073
"3648",364.7,29.0928720792079,-179.1673,4.073
"3649",364.8,29.102503,-179.19544,4.07301
"3650",364.9,29.1176278947368,-179.040161616162,4.0739797979798
"3651",365,29.1177894029851,-178.96046,4.072
"3652",365.1,29.0791588888889,-179.08074,4.07204
"3653",365.2,29.0979741584159,-179.068396226415,4.07398113207547
"3654",365.3,29.1077243434343,-179.08820754717,4.07303773584906
"3655",365.4,29.1229358,-179.164419047619,4.073
"3656",365.5,29.0923214851485,-178.985371428571,4.073
"3657",365.6,29.0941619191919,-179.097594059406,4.073
"3658",365.7,29.1037052941176,-179.126777777778,4.073
"3659",365.8,29.0989121212121,-179.10428,4.07302
"3660",365.9,29.098108,-179.068821782178,4.0739603960396
"3661",366,29.098441,-179.05757,4.07202
"3662",366.1,29.0921594736842,-178.816122641509,4.07400943396226
"3663",366.2,29.0918344776119,-178.728386792453,4.07495283018868
"3664",366.3,29.0805522222222,-178.928690721649,4.0740206185567
"3665",366.4,29.089831,-178.85049,4.073
"3666",366.5,29.101991,-178.800036697248,4.073
"3667",366.6,29.1122994736842,-178.803706422018,4.073
"3668",366.7,29.1157052238806,-178.840217821782,4.073
"3669",366.8,29.1020416161616,-178.851025423729,4.073
"3670",366.9,29.1119275247525,-178.85356779661,4.073
"3671",367,29.0976635,-178.769113636364,4.073
"3672",367.1,29.1124898,-178.814821428571,4.074
"3673",367.2,29.1144988118812,-178.696964285714,4.074
"3674",367.3,29.0908961616162,-178.76002970297,4.074
"3675",367.4,29.0964359803922,-178.81142,4.07399
"3676",367.5,29.1249396969697,-178.85061,4.073
"3677",367.6,29.128839,-178.616940594059,4.073
"3678",367.7,29.110142,-178.911,4.073
"3679",367.8,29.0974161616162,-178.773385321101,4.073
"3680",367.9,29.0950621782178,-178.76287628866,4.073
"3681",368,29.1194173737374,-178.804849557522,4.07498230088496
"3682",368.1,29.1214791089109,-178.689805309734,4.07321238938053
"3683",368.2,29.1037223232323,-178.726947368421,4.07392631578947
"3684",368.3,29.0913058208955,-178.480389473684,4.07302105263158
"3685",368.4,29.1034421212121,-178.648683168317,4.0720297029703
"3686",368.5,29.0996148,-178.52691,4.073
"3687",368.6,29.0958167326733,-178.62008,4.073
"3688",368.7,29.1095788888889,-178.92241,4.073
"3689",368.8,29.1179020895522,-178.66582,4.073
"3690",368.9,29.1288875757576,-178.648212121212,4.0730101010101
"3691",369,29.1417607,-178.666641025641,4.07396581196581
"3692",369.1,29.1522158,-178.548692307692,4.07225641025641
"3693",369.2,29.1373703030303,-178.572511627907,4.072
"3694",369.3,29.1279289108911,-178.4998,4.073
"3695",369.4,29.1377323,-178.638236363636,4.073
"3696",369.5,29.1455919,-178.700054545455,4.073
"3697",369.6,29.1466374257426,-178.537638297872,4.073
"3698",369.7,29.1338446464646,-178.624533333333,4.073
"3699",369.8,29.1215592079208,-178.68834,4.073
"3700",369.9,29.1263224242424,-178.654637931034,4.073
"3701",370,29.131236119403,-178.586534482759,4.073
"3702",370.1,29.1458121212121,-178.54704494382,4.07396629213483
"3703",370.2,29.1381509,-178.529173469388,4.07301020408163
"3704",370.3,29.1473688,-178.555787878788,4.0739898989899
"3705",370.4,29.1176948484849,-178.630442307692,4.073
"3706",370.5,29.1158279104478,-178.502557692308,4.073
"3707",370.6,29.1481290909091,-178.546080808081,4.073
"3708",370.7,29.1471016,-178.650613861386,4.073
"3709",370.8,29.1393894059406,-178.579888888889,4.073
"3710",370.9,29.1388797979798,-178.374108910891,4.0730396039604
"3711",371,29.1103984,-178.429555555556,4.075
"3712",371.1,29.1048333663366,-178.48268,4.07498
"3713",371.2,29.1171533,-178.419221238938,4.07398230088496
"3714",371.3,29.1006829,-178.480283185841,4.07309734513274
"3715",371.4,29.0765424242424,-178.61128,4.07398
"3716",371.5,29.0754013861386,-178.430449541284,4.073
"3717",371.6,29.1062416161616,-178.502926605505,4.073
"3718",371.7,29.1431888,-178.526811320755,4.07301886792453
"3719",371.8,29.1278687128713,-178.417377358491,4.07396226415094
"3720",371.9,29.1273034,-178.38122,4.07396
"3721",372,29.1156029,-178.394,4.07204
"3722",372.1,29.1162845,-178.48845045045,4.07398198198198
"3723",372.2,29.1282505263158,-178.310972972973,4.07308108108108
"3724",372.3,29.1138290909091,-178.44796,4.07399
"3725",372.4,29.1055248,-178.34447,4.073
"3726",372.5,29.1055491089109,-178.29376,4.073
"3727",372.6,29.0987633,-178.46709,4.073
"3728",372.7,29.0945134586466,-178.376809090909,4.073
"3729",372.8,29.0902481818182,-178.357718181818,4.073
"3730",372.9,29.0914212,-178.41252,4.07398
"3731",373,29.0950768,-178.661603448276,4.072
"3732",373.1,29.1517176,-178.621948275862,4.072
"3733",373.2,29.2015364,-178.381056179775,4.07295505617978
"3734",373.3,29.2100377227723,-178.400735849057,4.07200943396226
"3735",373.4,29.2215861616162,-178.274320754717,4.07295283018868
"3736",373.5,29.2370591089109,-178.174107843137,4.073
"3737",373.6,29.2388718,-178.182878787879,4.073
"3738",373.7,29.2259804,-178.395,4.073
"3739",373.8,29.2390617,-178.345961538462,4.073
"3740",373.9,29.2288321804511,-178.464,4.07214285714286
"3741",374,29.20837,-178.31405050505,4.0759797979798
"3742",374.1,29.2239364,-178.317787878788,4.0739797979798
"3743",374.2,29.2398408,-178.262941176471,4.0729705882353
"3744",374.3,29.2490832,-178.392777777778,4.0720101010101
"3745",374.4,29.2479994736842,-178.37068,4.073
"3746",374.5,29.2445279104478,-178.356376146789,4.073
"3747",374.6,29.2600809090909,-178.425183486239,4.073
"3748",374.7,29.2451891089109,-178.318940594059,4.073
"3749",374.8,29.252444,-178.315485436893,4.07299029126214
"3750",374.9,29.2505536,-178.264029126214,4.07201941747573
"3751",375,29.2141975247525,-178.264274509804,4.07101960784314
"3752",375.1,29.231768989899,-178.128,4.072
"3753",375.2,29.2163591089109,-178.324396396396,4.0738018018018
"3754",375.3,29.1803154545455,-178.392216216216,4.07201801801802
"3755",375.4,29.1548012,-178.203027027027,4.07291891891892
"3756",375.5,29.1403912,-178.208970873786,4.073
"3757",375.6,29.10964,-178.399604395604,4.073
"3758",375.7,29.1093038235294,-178.281019230769,4.073
"3759",375.8,29.1489134343434,-178.402944444444,4.07301851851852
"3760",375.9,29.1593628,-178.400166666667,4.07394444444444
"3761",376,29.16048,-178.505168316832,4.07213861386139
"3762",376.1,29.1415165413534,-178.27915,4.07201
"3763",376.2,29.1243405970149,-178.29385,4.073
"3764",376.3,29.1113672,-178.279465346535,4.073
"3765",376.4,29.1526225742574,-178.326,4.073
"3766",376.5,29.1396947,-178.105,4.073
"3767",376.6,29.1251230827068,-178.398,4.073
"3768",376.7,29.1352485074627,-178.288,4.073
"3769",376.8,29.1196085858586,-178.374,4.073
"3770",376.9,29.1252932,-178.421,4.074
"3771",377,29.1332184,-178.349666666667,4.0750303030303
"3772",377.1,29.1276656,-178.283,4.072
"3774",377.3,29.1508086734694,-178.276851485149,4.073
"3775",377.4,29.1693943564356,-178.262,4.073
"3776",377.5,29.181386,-178.328972477064,4.073
"3777",377.6,29.1738288,-178.412222222222,4.073
"3778",377.7,29.1764456,-178.19,4.073
"3779",377.8,29.1794046616541,-178.240336448598,4.07397196261682
"3780",377.9,29.1592241791045,-178.16885106383,4.07087234042553
"3781",378,29.1656309090909,-178.188,4.073
"3782",378.1,29.1615185,-178.06739,4.073
"3783",378.2,29.1708762,-178.20625,4.07299
"3784",378.3,29.1792041791045,-178.329432432432,4.07200900900901
"3785",378.4,29.1637870149254,-178.278222222222,4.073
"3786",378.5,29.1556336363636,-178.166,4.073
"3787",378.6,29.1550359405941,-178.448,4.073
"3788",378.7,29.1604676,-178.531,4.073
"3789",378.8,29.1616656,-178.522,4.073
"3790",378.9,29.1706511881188,-178.406,4.073
"3791",379,29.1618908080808,-178.474737373737,4.0719898989899
"3792",379.1,29.1502218811881,-178.301,4.073
"3793",379.2,29.1462721212121,-178.31,4.073
"3795",379.4,29.1413563,-178.210465346535,4.073
"3796",379.5,29.1413446464646,-178.357,4.073
"3797",379.6,29.1170941176471,-178.362405405405,4.073
"3798",379.7,29.1180545454545,-178.275977777778,4.073
"3799",379.8,29.1548244554455,-178.276666666667,4.073
"3800",379.9,29.1638444,-178.243333333333,4.073
"3801",380,29.1576860902256,-178.32118,4.073
"3802",380.1,29.1469094029851,-178.337524752475,4.0729900990099
"3803",380.2,29.12535,-178.19,4.072
"3804",380.3,29.1382117821782,-178.214,4.074
"3805",380.4,29.125066,-178.199,4.073
"3806",380.5,29.1199529323308,-178.226927927928,4.073
"3807",380.6,29.1268695522388,-178.251174757282,4.073
"3808",380.7,29.1308490909091,-178.164979591837,4.073
"3809",380.8,29.1414157,-178.266,4.073
"3810",380.9,29.1259524242424,-178.18995,4.07398
"3811",381,29.1039866,-178.18683,4.072
"3812",381.1,29.0902908910891,-178.36795,4.072
"3813",381.2,29.1132961616162,-178.36425,4.07201
"3814",381.3,29.1356243137255,-178.48729,4.073
"3815",381.4,29.1360727272727,-178.41452,4.073
"3816",381.5,29.1398139,-178.171097345133,4.073
"3817",381.6,29.1248037,-178.380831858407,4.073
"3818",381.7,29.1267211278196,-178.32248,4.07299
"3819",381.8,29.1497565671642,-178.370495412844,4.07201834862385
"3820",381.9,29.1713681818182,-178.420036697248,4.07385321100917
"3821",382,29.1519436,-178.08653,4.073
"3822",382.1,29.1610764,-178.04106,4.073
"3823",382.2,29.140854962406,-178.146570093458,4.073
"3824",382.3,29.1391049253731,-178.203579439252,4.073
"3825",382.4,29.1557598989899,-178.254712871287,4.073
"3826",382.5,29.1374506930693,-178.326,4.073
"3827",382.6,29.1528762,-178.237379310345,4.073
"3828",382.7,29.1359792,-178.296,4.073
"3830",382.9,29.1229521212121,-178.077772277228,4.073
"3831",383,29.1399045544554,-178.055,4.073
"3832",383.1,29.1317670707071,-178.084914529915,4.073
"3833",383.2,29.1610572277228,-178.204619047619,4.0720119047619
"3834",383.3,29.179194949495,-178.10997,4.07299
"3835",383.4,29.1736682,-178.036150943396,4.073
"3836",383.5,29.1794684158416,-178.116168421053,4.073
"3837",383.6,29.1653223232323,-178.14054,4.073
"3838",383.7,29.1687220792079,-178.13803030303,4.0739898989899
"3839",383.8,29.1769781818182,-178.091930693069,4.0730198019802
"3840",383.9,29.177288358209,-178.146869158878,4.073
"3841",384,29.1751963636364,-178.1264,4.07399
"3842",384.1,29.2037186,-178.16556,4.073
"3843",384.2,29.2067894,-178.12452,4.073
"3844",384.3,29.1828174747475,-178.37222,4.073
"3845",384.4,29.1783685074627,-178.195900900901,4.073
"3846",384.5,29.2007221212121,-178.185990990991,4.073
"3847",384.6,29.207415,-177.91912745098,4.073
"3848",384.7,29.2019782178218,-178.13187254902,4.073
"3849",384.8,29.1983705050505,-178.156257425743,4.0720099009901
"3850",384.9,29.21032,-178.082,4.073
"3851",385,29.2213125742574,-178.101868686869,4.0729898989899
"3852",385.1,29.2054978,-178.015,4.074
"3853",385.2,29.2121396039604,-178.036636363636,4.0709797979798
"3854",385.3,29.2013682828283,-177.873,4.073
"3855",385.4,29.182922970297,-177.85,4.073
"3856",385.5,29.222068989899,-178.176,4.073
"3857",385.6,29.2229734586466,-177.982363636364,4.073
"3858",385.7,29.2298797014925,-178.059777777778,4.07266666666667
"3859",385.8,29.2590862626263,-178.012,4.076
"3860",385.9,29.2535020792079,-178.137742574257,4.0730297029703
"3861",386,29.2487974747475,-178.005418181818,4.073
"3862",386.1,29.2276451492537,-178.040615384615,4.0729010989011
"3863",386.2,29.1999001515152,-178.156,4.074
"3864",386.3,29.2322275,-178.122188118812,4.073
"3865",386.4,29.2342801980198,-178.041,4.073
"3866",386.5,29.2263787878788,-177.938272727273,4.073
"3867",386.6,29.2312301980198,-178.002516129032,4.073
"3868",386.7,29.2296974,-177.951789473684,4.0718947368421
"3869",386.8,29.2251662,-178.036,4.074
"3870",386.9,29.2193828,-177.96172,4.07498
"3871",387,29.2392914,-177.933875,4.07300892857143
"3872",387.1,29.2200868,-177.906157303371,4.07424719101124
"3873",387.2,29.2316690909091,-178.032,4.072
"3874",387.3,29.2334275,-177.984571428571,4.073
"3875",387.4,29.2262292079208,-177.956,4.073
"3876",387.5,29.225941,-178.103379310345,4.07299137931034
"3877",387.6,29.1839574,-177.841310344828,4.07212931034483
"3878",387.7,29.1555180808081,-178.01403,4.07297
"3879",387.8,29.1240271641791,-178.0147,4.07003
"3880",387.9,29.0901175757576,-177.78645,4.07298
"3881",388,29.1109875,-177.731581818182,4.07102727272727
"3882",388.1,29.0992525,-177.689763636364,4.07375454545454
"3883",388.2,29.1083190909091,-177.643869565217,4.07191304347826
"3884",388.3,29.1125485074627,-177.683,4.073
"3885",388.4,29.1150118181818,-177.775,4.073
"3886",388.5,29.1285644,-177.686,4.073
"3887",388.6,29.1368600990099,-177.889705882353,4.073
"3888",388.7,29.13711,-177.725,4.073
"3889",388.8,29.11182,-177.742509615385,4.07201923076923
"3890",388.9,29.1481025,-177.493471153846,4.07394230769231
"3891",389,29.1455675,-177.72474,4.07296
"3892",389.1,29.1545917821782,-177.71132,4.07104
"3893",389.2,29.155438,-177.67846,4.073
"3894",389.3,29.1703654,-177.702677966102,4.073
"3895",389.4,29.1343187878788,-177.786576271186,4.073
"3896",389.5,29.141413880597,-177.93902,4.073
"3897",389.6,29.1331559090909,-177.839883495146,4.073
"3898",389.7,29.1700725,-177.734058252427,4.073
"3899",389.8,29.2126425,-177.84218,4.072
"3900",389.9,29.228435,-177.7603,4.07202
"3901",390,29.2318586466165,-177.69211965812,4.074
"3902",390.1,29.2399690909091,-177.804085470085,4.074
"3903",390.2,29.2391792,-177.718,4.073
"3904",390.3,29.2372463366337,-177.620870689655,4.073
"3905",390.4,29.239935,-177.807939655172,4.073
"3906",390.5,29.239175,-177.8653,4.073
"3907",390.6,29.2528975,-177.893098039216,4.073
"3908",390.7,29.23975,-177.702901960784,4.073
"3909",390.8,29.243125,-177.789297297297,4.073
"3910",390.9,29.2437725,-177.70536,4.07298
"3911",391,29.250435,-177.67418,4.07206
"3912",391.1,29.2416275,-177.68348,4.07496
"3913",391.2,29.2409357575758,-177.70794488189,4.073
"3914",391.3,29.2313853465347,-177.755188976378,4.073
"3915",391.4,29.2533,-177.957282828283,4.073
"3916",391.5,29.249505,-177.885888888889,4.073
"3917",391.6,29.235775,-177.830333333333,4.073
"3918",391.7,29.2532329323308,-177.765074074074,4.07196296296296
"3919",391.8,29.2504854545455,-177.768777777778,4.07011111111111
"3920",391.9,29.2459816,-177.950669811321,4.07399056603774
"3921",392,29.268688,-177.817650943396,4.07304716981132
"3922",392.1,29.2615448,-177.810940594059,4.07594059405941
"3923",392.2,29.2397514285714,-177.905353535353,4.073
"3924",392.3,29.2255945454545,-177.745861386139,4.073
"3925",392.4,29.245127,-177.838202020202,4.073
"3926",392.5,29.2302866336634,-177.854098039216,4.073
"3927",392.6,29.201294,-177.659,4.073
"3928",392.7,29.2138056,-177.778130434783,4.073
"3929",392.8,29.243116039604,-177.724737373737,4.073
"3930",392.9,29.2342351515152,-177.509087719298,4.07301754385965
"3931",393,29.1887853465346,-177.563473684211,4.0738947368421
"3932",393.1,29.1624525,-177.694607843137,4.07398039215686
"3933",393.2,29.1598275,-177.875,4.073
"3934",393.3,29.13932,-177.764,4.073
"3935",393.4,29.1675456390977,-177.991837209302,4.073
"3936",393.5,29.1993409090909,-177.843,4.073
"3937",393.6,29.1990268,-178.024,4.073
"3938",393.7,29.1798472,-177.975851851852,4.073
"3939",393.8,29.1322876,-177.761290322581,4.073
"3940",393.9,29.1506842857143,-177.6456,4.0721
"3941",394,29.1694189552239,-177.525211111111,4.07298888888889
"3942",394.1,29.147887979798,-177.668575757576,4.073
"3943",394.2,29.1554524752475,-177.611,4.073
"3944",394.3,29.16509,-177.46927,4.073
"3945",394.4,29.169452,-177.5963,4.073
"3946",394.5,29.1825001980198,-177.72596039604,4.073
"3947",394.6,29.2068003030303,-177.822,4.073
"3948",394.7,29.17833,-177.84093877551,4.07404081632653
"3949",394.8,29.1727390909091,-177.644,4.072
"3950",394.9,29.1678204,-177.59609,4.07498
"3951",395,29.157804,-177.50649,4.073
"3952",395.1,29.1885527272727,-177.55435,4.073
"3953",395.2,29.1985043137255,-177.49035,4.073
"3954",395.3,29.2065912121212,-177.52535,4.073
"3955",395.4,29.1945543564356,-177.652678899083,4.073
"3956",395.5,29.20639,-177.620568807339,4.073
"3957",395.6,29.2019306015038,-177.65792,4.07304
"3958",395.7,29.2065204477612,-177.452663366337,4.0769702970297
"3960",395.9,29.2166836,-177.677089108911,4.0720099009901
"3961",396,29.2318324,-177.486,4.073
"3962",396.1,29.23165,-177.580690265487,4.073
"3963",396.2,29.2061570149254,-177.544138613861,4.073
"3964",396.3,29.1850312,-177.758,4.073
"3965",396.4,29.1879728,-177.764102040816,4.073
"3966",396.5,29.2240552,-177.659,4.073
"3967",396.6,29.2244556,-177.554,4.073
"3968",396.7,29.2116963366337,-177.592613861386,4.0720099009901
"3969",396.8,29.2487891836735,-177.522888888889,4.07277777777778
"3970",396.9,29.2586212745098,-177.424,4.075
"3971",397,29.2433403030303,-177.362,4.074
"3972",397.1,29.2670124,-177.457,4.073
"3973",397.2,29.218836,-177.260448275862,4.073
"3974",397.3,29.2245471641791,-177.359153846154,4.073
"3975",397.4,29.2309664179104,-177.500726415094,4.073
"3976",397.5,29.1922954545455,-177.3457,4.07299
"3977",397.6,29.217711980198,-177.51327027027,4.07200900900901
"3978",397.7,29.2331075,-177.440297297297,4.07290990990991
"3979",397.8,29.2197629323308,-177.363495049505,4.07389108910891
"3980",397.9,29.2211401492537,-177.165263736264,4.07302197802198
"3981",398,29.2050109090909,-177.153603773585,4.07207547169811
"3982",398.1,29.2391572277228,-177.263795698925,4.07397849462365
"3983",398.2,29.2172133333333,-177.2353,4.07301
"3984",398.3,29.2233644444444,-177.367622641509,4.073
"3985",398.4,29.2215594059406,-177.246304347826,4.073
"3986",398.5,29.2101892929293,-177.405,4.073
"3987",398.6,29.2273942574257,-177.523811881188,4.0720099009901
"3988",398.7,29.1973319191919,-177.324848484849,4.0729898989899
"3989",398.8,29.2040754,-177.54,4.074
"3990",398.9,29.1842141,-177.54,4.0730099009901
"3991",399,29.1820822222222,-177.577383838384,4.0740202020202
"3992",399.1,29.2200429411765,-177.439,4.072
"3993",399.2,29.2747465656566,-177.443,4.073
"3994",399.3,29.33257,-177.414153846154,4.073
"3995",399.4,29.3669796,-177.461457142857,4.073
"3996",399.5,29.3633814285714,-177.349747572816,4.073
"3997",399.6,29.3482055223881,-177.624504854369,4.073
"3998",399.7,29.353806969697,-177.24912745098,4.07398039215686
"3999",399.8,29.3464140594059,-177.262515151515,4.0719898989899
"4000",399.9,29.3310890909091,-177.211,4.073
"4001",400,29.3433221052632,-177.303307692308,4.073
"4002",400.1,29.3720794029851,-177.40947,4.073
"4003",400.2,29.3767533333333,-177.237297619048,4.073
"4004",400.3,29.3763463366337,-177.310515151515,4.073
"4005",400.4,29.3740233333333,-177.359,4.073
"4006",400.5,29.3456078,-177.339,4.073
"4007",400.6,29.364404950495,-177.274,4.073
"4008",400.7,29.3648222222222,-177.363380530973,4.07123008849557
"4009",400.8,29.3537682352941,-177.322926605505,4.073
"4010",400.9,29.3737509090909,-177.315587155963,4.073
"4011",401,29.3488752,-177.327150442478,4.072
"4012",401.1,29.3491921,-177.242194690265,4.072
"4013",401.2,29.3641505263158,-177.135101123595,4.07298876404494
"4014",401.3,29.3720462686567,-177.396063291139,4.073
"4015",401.4,29.3751,-177.191,4.073
"4016",401.5,29.3465603960396,-177.319712871287,4.073
"4017",401.6,29.3113235,-177.324714285714,4.07302040816327
"4018",401.7,29.3267894736842,-177.239,4.072
"4019",401.8,29.3182471641791,-177.244534653465,4.0739801980198
"4021",402,29.3078655445545,-177.054188118812,4.0749702970297
"4023",402.2,29.3058738,-177.252823529412,4.073
"4024",402.3,29.2972212871287,-177.135757575758,4.073
"4025",402.4,29.33305,-176.96,4.073
"4026",402.5,29.3324092079208,-177.184,4.073
"4027",402.6,29.3239933333333,-177.234980392157,4.07103921568627
"4028",402.7,29.3639235643565,-177.173265060241,4.07159036144578
"4029",402.8,29.37916,-177.107,4.074
"4030",402.9,29.35506,-177.119549019608,4.073
"4031",403,29.3331922772277,-177.175303030303,4.073
"4032",403.1,29.3466994,-177.145,4.073
"4034",403.3,29.3557916,-177.09017,4.07299
"4035",403.4,29.354546119403,-177.009401709402,4.07200854700855
"4036",403.5,29.3630063636364,-177.149572649573,4.07286324786325
"4037",403.6,29.3451868,-177.072178217822,4.0720099009901
"4039",403.8,29.3737613131313,-176.96393,4.07201
"4040",403.9,29.3870710526316,-177.055769230769,4.07299038461539
"4041",404,29.37323,-177.032692307692,4.07202884615385
"4042",404.1,29.3802146,-177.004148514851,4.0729603960396
"4043",404.2,29.3889342,-177.044411764706,4.073
"4044",404.3,29.3863822,-176.98456043956,4.073
"4045",404.4,29.4156618,-176.845,4.073
"4046",404.5,29.4038342,-177.078,4.073
"4047",404.6,29.4189316,-176.977782608696,4.07408695652174
"4048",404.7,29.408653960396,-177.018,4.073
"4049",404.8,29.3766397,-176.922,4.071
"4050",404.9,29.373967,-176.822,4.073
"4051",405,29.3866677777778,-176.884686868687,4.0719898989899
"4052",405.1,29.3642148,-177.016,4.073
"4053",405.2,29.4092812,-176.893966101695,4.073
"4054",405.3,29.412213,-176.965268817204,4.073
"4055",405.4,29.3817653465347,-177.09,4.073
"4056",405.5,29.4016055,-176.953297029703,4.073
"4057",405.6,29.42961,-177.083,4.073
"4059",405.8,29.4025458,-177.02563,4.073
"4060",405.9,29.4329454,-177.185764705882,4.07298039215686
"4061",406,29.4104296,-177.060242424242,4.0709797979798
"4062",406.1,29.4169614,-177.136,4.073
"4063",406.2,29.4140765346535,-177.139,4.073
"4064",406.3,29.4385433333333,-177.197277108434,4.073
"4065",406.4,29.4479206,-176.978,4.073
"4066",406.5,29.4227892,-177.096,4.072
"4067",406.6,29.4334688,-177.121,4.072
"4068",406.7,29.4180216,-176.987981132075,4.07105660377358
"4069",406.8,29.4043927272727,-176.83278,4.072
"4070",406.9,29.3962337623762,-176.909107843137,4.07201960784314
"4071",407,29.397046,-176.819892156863,4.07398039215686
"4072",407.1,29.4131028712871,-176.826796610169,4.073
"4073",407.2,29.4236514,-176.906457627119,4.073
"4074",407.3,29.4428010526316,-176.790548387097,4.073
"4075",407.4,29.4452733333333,-176.997,4.073
"4076",407.5,29.4341238,-176.952,4.073
"4077",407.6,29.420983,-176.862647058824,4.07417647058823
"4078",407.7,29.3672316,-176.985,4.073
"4079",407.8,29.3636536842105,-176.813,4.073
"4080",407.9,29.3480868181818,-176.837770642202,4.073
"4081",408,29.3432113,-176.697608695652,4.07408695652174
"4082",408.1,29.3443929,-176.865,4.073
"4084",408.3,29.3399143,-176.87651,4.073
"4085",408.4,29.3371796039604,-176.926158415842,4.0729900990099
"4086",408.5,29.3513315151515,-176.842,4.072
"4087",408.6,29.3167666336634,-176.664,4.074
"4088",408.7,29.3208982,-176.754653061225,4.07197959183673
"4089",408.8,29.3315784,-176.672,4.073
"4090",408.9,29.3332674,-176.772862068966,4.07386206896552
"4091",409,29.35741,-176.823585858586,4.0719898989899
"4092",409.1,29.3244903960396,-176.765,4.073
"4093",409.2,29.3217906060606,-176.862,4.072
"4094",409.3,29.3106603960396,-176.738,4.073
"4095",409.4,29.3331948,-176.824,4.07187234042553
"4096",409.5,29.3595018045113,-176.974,4.074
"4098",409.7,29.3622775757576,-176.83342,4.07102
"4099",409.8,29.3698927722772,-176.77562,4.073
"4100",409.9,29.3792572727273,-176.738854545455,4.07299090909091
"4101",410,29.3933914285714,-176.824309090909,4.07208181818182
"4102",410.1,29.3833244776119,-176.673700934579,4.073
"4103",410.2,29.4090754545455,-176.643794392523,4.073
"4104",410.3,29.3942369306931,-176.67727,4.073
"4105",410.4,29.3891712121212,-176.701796296296,4.07299074074074
"4106",410.5,29.375354,-176.481425925926,4.07206481481481
"4107",410.6,29.3735567326733,-176.632371134021,4.0699381443299
"4108",410.7,29.379946969697,-176.72,4.072
"4109",410.8,29.4008931372549,-176.71801980198,4.0710099009901
"4110",410.9,29.3947054545455,-176.52792,4.07298
"4111",411,29.3885886138614,-176.613051724138,4.073
"4112",411.1,29.3855114,-176.5865,4.073
"4113",411.2,29.39502,-176.56422,4.073
"4114",411.3,29.4393453731343,-176.67389,4.073
"4115",411.4,29.4710242424242,-176.73044,4.073
"4116",411.5,29.4547362,-176.751660869565,4.07127826086956
"4117",411.6,29.4251791,-176.893956521739,4.07073913043478
"4118",411.7,29.4352665413534,-176.807,4.074
"4119",411.8,29.4192308955224,-176.72911827957,4.0719247311828
"4120",411.9,29.3892742424242,-176.556,4.073
"4121",412,29.378258,-176.661,4.072
"4122",412.1,29.390642,-176.62,4.073
"4123",412.2,29.376454,-176.529,4.072
"4124",412.3,29.3821052475247,-176.8,4.072
"4125",412.4,29.3546581818182,-176.58,4.072
"4126",412.5,29.3847419607843,-176.691,4.073
"4127",412.6,29.4011766666667,-176.562,4.072
"4128",412.7,29.3786123,-176.705,4.073
"4129",412.8,29.3861314,-176.635212121212,4.0719797979798
"4130",412.9,29.3949311111111,-176.814,4.074
"4131",413,29.3660100990099,-176.614833333333,4.07316666666667
"4132",413.1,29.342287979798,-176.643148148148,4.07201234567901
"4133",413.2,29.3639454455446,-176.64004,4.072
"4134",413.3,29.3785089,-176.702758928571,4.072
"4135",413.4,29.3642257142857,-176.658602272727,4.072
"4136",413.5,29.362871641791,-176.686911504425,4.07375221238938
"4137",413.6,29.3441148484849,-176.576333333333,4.07202298850575
"4138",413.7,29.3525111881188,-176.588551020408,4.07097959183673
"4139",413.8,29.3733846464646,-176.611,4.072
"4140",413.9,29.3735408955224,-176.702743119266,4.072
"4141",414,29.3871475757576,-176.723727272727,4.073
"4142",414.1,29.395346,-176.651,4.073
"4143",414.2,29.397914,-176.622292929293,4.072
"4144",414.3,29.410894040404,-176.793,4.072
"4145",414.4,29.4137185,-176.623758241758,4.073
"4146",414.5,29.4295291089109,-176.582,4.073
"4147",414.6,29.450712,-176.412361702128,4.07293617021277
"4148",414.7,29.4058022772277,-176.523,4.074
"4149",414.8,29.4130768686869,-176.598,4.073
"4150",414.9,29.4153147524753,-176.606108108108,4.0720990990991
"4151",415,29.4278873,-176.546677777778,4.072
"4152",415.1,29.4505860150376,-176.43908,4.072
"4153",415.2,29.4633367164179,-176.550894736842,4.07286842105263
"4154",415.3,29.4511863636364,-176.691546511628,4.073
"4155",415.4,29.4574094059406,-176.733575757576,4.0740303030303
"4156",415.5,29.4787122222222,-176.776,4.071
"4157",415.6,29.4748750746269,-176.544316831683,4.0719900990099
"4158",415.7,29.46216,-176.607673469388,4.07197959183673
"4159",415.8,29.47116,-176.524,4.073
"4160",415.9,29.4354827722772,-176.66186407767,4.07202912621359
"4161",416,29.4479128282828,-176.56996969697,4.072
"4162",416.1,29.46083,-176.573,4.072
"4163",416.2,29.4617507920792,-176.716,4.072
"4164",416.3,29.4768491919192,-176.622091954023,4.07314942528736
"4165",416.4,29.4982666336634,-176.506,4.072
"4166",416.5,29.4467480808081,-176.564,4.073
"4167",416.6,29.45782,-176.558,4.072
"4168",416.7,29.44758,-176.54,4.071
"4169",416.8,29.438064,-176.516595959596,4.072
"4170",416.9,29.454376,-176.357,4.072
"4171",417,29.4599697979798,-176.490009708738,4.072
"4172",417.1,29.4799758823529,-176.501119266055,4.07288990825688
"4173",417.2,29.5221721212121,-176.479777777778,4.073
"4174",417.3,29.523162962963,-176.529411111111,4.07201111111111
"4175",417.4,29.5180854545455,-176.4922,4.072
"4176",417.5,29.5234976,-176.375578947368,4.07387368421053
"4177",417.6,29.5285314,-176.414505263158,4.07301052631579
"4178",417.7,29.506584040404,-176.330803738318,4.07207476635514
"4179",417.8,29.501195037594,-176.360777777778,4.07422222222222
"4180",417.9,29.5191163636364,-176.493,4.072
"4181",418,29.5070449,-176.321626262626,4.0730101010101
"4182",418.1,29.4936138,-176.259,4.072
"4183",418.2,29.5123208,-176.452606060606,4.073
"4184",418.3,29.5278353,-176.292,4.073
"4185",418.4,29.5268065,-176.344,4.072
"4186",418.5,29.5447072,-176.450041666667,4.074
"4187",418.6,29.5209986138614,-176.399,4.074
"4188",418.7,29.512772,-176.333,4.073
"4189",418.8,29.5296578431372,-176.388,4.072
"4190",418.9,29.520933030303,-176.343531914894,4.07412765957447
"4191",419,29.5037797761194,-176.168,4.072
"4192",419.1,29.5070622727273,-176.390772277228,4.0729900990099
"4193",419.2,29.496953,-176.387676767677,4.072
"4194",419.3,29.5203084,-176.32,4.072
"4195",419.4,29.5089293939394,-176.456633663366,4.0710099009901
"4196",419.5,29.5204228358209,-176.32237,4.07001
"4197",419.6,29.5217757575758,-176.32595,4.07495
"4198",419.7,29.493616,-176.37649,4.07302
"4199",419.8,29.4766866666667,-176.41462,4.073
"4200",419.9,29.5068254545455,-176.280816326531,4.07302040816327
"4201",420,29.5291522772277,-176.39,4.072
"4202",420.1,29.4993004,-176.459306930693,4.072
"4203",420.2,29.5116976,-176.303168316832,4.0729801980198
"4204",420.3,29.5056934653465,-176.173292929293,4.073
"4205",420.4,29.51228,-176.33139,4.07201
"4206",420.5,29.501918,-176.42705,4.07299
"4207",420.6,29.4585641414141,-176.29633,4.07201
"4208",420.7,29.4728745,-176.3445,4.07285344827586
"4209",420.8,29.4815561,-176.262188235294,4.07202352941176
"4210",420.9,29.5001324,-176.347111111111,4.072
"4211",421,29.4998128712871,-176.435285714286,4.072
"4212",421.1,29.482404,-176.341,4.072
"4213",421.2,29.4743901503759,-176.40117699115,4.072
"4214",421.3,29.4881943939394,-176.476227272727,4.072
"4215",421.4,29.4783141,-176.37305,4.072
"4216",421.5,29.4937504,-176.342771428571,4.072
"4217",421.6,29.4736479,-176.407294736842,4.07298947368421
"4218",421.7,29.4835706015038,-176.18822,4.07201
"4219",421.8,29.4811270149254,-176.36024,4.072
"4220",421.9,29.5000445454545,-176.375378378378,4.072
"4221",422,29.4998068,-176.497326530612,4.072
"4222",422.1,29.50269,-176.341653061224,4.072
"4223",422.2,29.4865586,-176.459,4.072
"4224",422.3,29.5018342574257,-176.553495412844,4.072
"4225",422.4,29.50723,-176.442315217391,4.07101086956522
"4226",422.5,29.5062078217822,-176.44296039604,4.0729603960396
"4227",422.6,29.5289645,-176.269685185185,4.073
"4228",422.7,29.4868767326733,-176.413808080808,4.0729898989899
"4229",422.8,29.502318,-176.333,4.074
"4230",422.9,29.5094769172932,-176.303297029703,4.0720198019802
"4231",423,29.5229013636364,-176.46041,4.072
"4232",423.1,29.5534696,-176.377142857143,4.07288392857143
"4233",423.2,29.5166301,-176.17782,4.07201
"4234",423.3,29.4634108,-176.26063,4.073
"4235",423.4,29.4255146616541,-176.421217821782,4.0729801980198
"4237",423.6,29.429485,-176.344554455446,4.0720099009901
"4239",423.8,29.4517328,-176.32337,4.073
"4240",423.9,29.4211148,-176.35993220339,4.07299152542373
"4241",424,29.4507817821782,-176.353152542373,4.07214406779661
"4242",424.1,29.4665763636364,-176.394495327103,4.07299065420561
"4243",424.2,29.4556364356436,-176.451468085106,4.07193617021277
"4244",424.3,29.4593072,-176.377,4.073
"4245",424.4,29.513176,-176.427,4.073
"4246",424.5,29.4692684,-176.466,4.072
"4247",424.6,29.4622263636364,-176.297,4.074
"4248",424.7,29.4307494059406,-176.325,4.073
"4249",424.8,29.4397572727273,-176.195,4.072
"4250",424.9,29.4270905940594,-176.422,4.072
"4251",425,29.4366083,-176.367,4.072
"4252",425.1,29.4275982706767,-176.341,4.072
"4253",425.2,29.4261717910448,-176.233,4.072
"4254",425.3,29.4312181818182,-176.200714285714,4.07338095238095
"4255",425.4,29.4523774257426,-176.365,4.071
"4256",425.5,29.4571090909091,-176.308851485148,4.0720198019802
"4257",425.6,29.4712311278196,-176.194,4.074
"4258",425.7,29.4880355223881,-176.338484848485,4.072
"4259",425.8,29.4880727272727,-176.29,4.072
"4260",425.9,29.4929759405941,-176.290943396226,4.072
"4261",426,29.5019227272727,-176.3953,4.072
"4262",426.1,29.4944996,-176.42452,4.072
"4263",426.2,29.5098005940594,-176.375698412698,4.072
"4264",426.3,29.4993397979798,-176.24553968254,4.072
"4265",426.4,29.4941459803922,-176.295317073171,4.072
"4266",426.5,29.4703609090909,-176.247382352941,4.07291176470588
"4267",426.6,29.4793816831683,-176.332079207921,4.0720198019802
"4268",426.7,29.5049936,-176.24,4.074
"4269",426.8,29.5213690225564,-176.319439252336,4.0721308411215
"4270",426.9,29.5105594029851,-176.17084,4.072
"4271",427,29.4979763636364,-176.25311,4.072
"4272",427.1,29.46232,-176.16523,4.07201
"4273",427.2,29.4801472,-176.18737,4.073
"4274",427.3,29.4835682706767,-176.125462809917,4.07297520661157
"4275",427.4,29.5026344776119,-176.171743801653,4.0704958677686
"4276",427.5,29.4893897979798,-176.177297297297,4.07299099099099
"4277",427.6,29.521444,-176.227666666667,4.07177777777778
"4278",427.7,29.4997653,-176.051,4.074
"4279",427.8,29.4837155,-176.238,4.073
"4280",427.9,29.5338496039604,-176.148714285714,4.072
"4281",428,29.5202718181818,-176.113,4.072
"4282",428.1,29.5400018627451,-176.214923076923,4.072
"4283",428.2,29.5563690909091,-176.089564356436,4.0720198019802
"4284",428.3,29.5294086,-176.246,4.074
"4285",428.4,29.5120968,-176.227188118812,4.0730099009901
"4286",428.5,29.4932934343434,-176.26858,4.07498
"4287",428.6,29.4932264356436,-176.172582608696,4.07327826086957
"4288",428.7,29.5023902020202,-176.119888888889,4.0719898989899
"4289",428.8,29.5193018811881,-176.231,4.073
"4290",428.9,29.531897,-176.306490196078,4.07201960784314
"4291",429,29.5141983458647,-176.12964,4.072
"4292",429.1,29.4943140298507,-176.050591836735,4.07197959183673
"4293",429.2,29.5054682828283,-176.121,4.073
"4294",429.3,29.5052618811881,-176.118191919192,4.073
"4295",429.4,29.5214124242424,-175.999,4.073
"4296",429.5,29.5455323134328,-176.057,4.072
"4297",429.6,29.5463015151515,-176.125316831683,4.072
"4298",429.7,29.5283256,-176.137050505051,4.0730101010101
"4299",429.8,29.5229751,-176.132,4.072
"4300",429.9,29.5304414141414,-176.108724137931,4.072
"4301",430,29.5320472,-176.258833333333,4.072
"4302",430.1,29.5492508910891,-176.038,4.072
"4303",430.2,29.5625655,-176.019,4.072
"4304",430.3,29.5552034653465,-175.999198019802,4.0729900990099
"4305",430.4,29.5343431313131,-175.966311320755,4.07206603773585
"4306",430.5,29.5433830693069,-175.989723404255,4.07101063829787
"4307",430.6,29.5274202,-175.961574257426,4.0729603960396
"4308",430.7,29.5300264661654,-175.954,4.073
"4309",430.8,29.5630176119403,-175.986520547945,4.07201369863014
"4310",430.9,29.5491408080808,-176.022287128713,4.072
"4311",431,29.5469544554455,-175.9642,4.072
"4312",431.1,29.5639551515152,-176.040212121212,4.072
"4313",431.2,29.5837690225564,-175.973852173913,4.072
"4314",431.3,29.5931973134328,-175.879,4.072
"4315",431.4,29.568861010101,-175.996915662651,4.07320481927711
"4316",431.5,29.5446720792079,-175.968,4.072
"4317",431.6,29.5346165656566,-175.907047619048,4.07295238095238
"4318",431.7,29.5096848,-175.97821875,4.07201041666667
"4319",431.8,29.4815900990099,-176.006605769231,4.072
"4320",431.9,29.5043106060606,-176.114875,4.072
"4321",432,29.5085787128713,-176.010545454545,4.072
"4322",432.1,29.4685635353535,-176.156,4.072
"4323",432.2,29.4567731683168,-176.012,4.072
"4324",432.3,29.4714668686869,-176.007242424242,4.072
"4325",432.4,29.4925032,-175.983,4.072
"4326",432.5,29.4708564356436,-175.882166666667,4.07283333333333
"4327",432.6,29.4904955555555,-175.901506172839,4.07398765432099
"4328",432.7,29.4758494117647,-176.0703,4.07103
"4329",432.8,29.467705959596,-175.751202020202,4.072
"4330",432.9,29.4373237,-176.031,4.072
"4331",433,29.4425284158416,-175.997949152542,4.072
"4332",433.1,29.4615832,-175.883325301205,4.072
"4333",433.2,29.4803016,-175.811408695652,4.072
"4334",433.3,29.5089644,-175.948707070707,4.0709898989899
"4335",433.4,29.5137346616541,-175.878,4.072
"4336",433.5,29.5176574242424,-175.747158878505,4.07293457943925
"4337",433.6,29.5137452,-175.995330097087,4.073
"4338",433.7,29.5137173,-175.776736263736,4.07201098901099
"4339",433.8,29.5161365656566,-175.827910891089,4.072
"4340",433.9,29.5273288,-175.783464646465,4.072
"4341",434,29.54093,-175.782108108108,4.072
"4342",434.1,29.5522608,-175.859544554455,4.072
"4343",434.2,29.5340396039604,-175.781034090909,4.072
"4344",434.3,29.5408315,-175.612386138614,4.0700396039604
"4345",434.4,29.5561492079208,-175.768373737374,4.0719797979798
"4346",434.5,29.5440578,-175.698454545455,4.0709898989899
"4347",434.6,29.5479133834586,-175.653,4.072
"4348",434.7,29.5501524242424,-175.733392156863,4.07101960784314
"4349",434.8,29.5322476237624,-175.73796969697,4.0719898989899
"4350",434.9,29.5121382,-175.698899159664,4.072
"4351",435,29.5385192,-175.676454545455,4.072
"4352",435.1,29.52993,-175.676957446809,4.072
"4353",435.2,29.5282318,-175.755764705882,4.07317647058824
"4354",435.3,29.509291010101,-175.764,4.072
"4355",435.4,29.504294,-175.647626262626,4.0709898989899
"4356",435.5,29.5247736,-175.585,4.072
"4357",435.6,29.5042013,-175.61,4.07292592592593
"4358",435.7,29.5463138,-175.587268817204,4.07201075268817
"4359",435.8,29.5308033333333,-175.73748,4.072
"4360",435.9,29.5706716,-175.584371428571,4.072
"4361",436,29.5900176,-175.64395959596,4.0719898989899
"4362",436.1,29.5824872,-175.448,4.073
"4363",436.2,29.5719744,-175.51,4.072
"4364",436.3,29.5921684848485,-175.495,4.072
"4365",436.4,29.58962,-175.655,4.073
"4366",436.5,29.5773304040404,-175.462,4.073
"4367",436.6,29.5979648514851,-175.637,4.07213793103448
"4368",436.7,29.5806414,-175.732395348837,4.072
"4369",436.8,29.5928732673267,-175.682525252525,4.072
"4370",436.9,29.6338302970297,-175.723168316832,4.072
"4371",437,29.6098181818182,-175.6995,4.072
"4372",437.1,29.5785914,-175.603188118812,4.072
"4373",437.2,29.609287,-175.742174418605,4.07101162790698
"4374",437.3,29.6054929292929,-175.50541,4.07298
"4375",437.4,29.6075935,-175.535713043478,4.07041739130435
"4376",437.5,29.6138018181818,-175.523211764706,4.07098823529412
"4377",437.6,29.6283188,-175.319908045977,4.07314942528736
"4378",437.7,29.640424,-175.636,4.072
"4379",437.8,29.6240372,-175.539363636364,4.072
"4380",437.9,29.616832,-175.803,4.072
"4381",438,29.6352024242424,-175.705,4.072
"4382",438.1,29.6183614851485,-175.772161290323,4.07184946236559
"4383",438.2,29.604134,-175.827,4.074
"4384",438.3,29.592410990099,-175.646,4.072
"4385",438.4,29.5858501,-175.755,4.073
"4386",438.5,29.5941273684211,-175.678677419355,4.07415053763441
"4387",438.6,29.5880382089552,-175.769,4.072
"4388",438.7,29.6131467676768,-175.673504504505,4.072
"4389",438.8,29.6020508,-175.661022222222,4.072
"4390",438.9,29.6304792,-175.76594,4.072
"4391",439,29.6437156,-175.642514851485,4.072
"4392",439.1,29.6656242574257,-175.613741935484,4.07184946236559
"4393",439.2,29.6287411111111,-175.546,4.074
"4394",439.3,29.6067432,-175.675424242424,4.0730101010101
"4395",439.4,29.6444556,-175.633,4.072
"4396",439.5,29.6306376,-175.579909090909,4.0709797979798
"4397",439.6,29.6321932,-175.689,4.073
"4398",439.7,29.6587245454546,-175.524,4.072
"4399",439.8,29.6392848514852,-175.603090909091,4.072
"4400",439.9,29.6491857575758,-175.773947368421,4.072
"4401",440,29.6405825,-175.655,4.072
"4402",440.1,29.6516235,-175.646913043478,4.07282608695652
"4403",440.2,29.636567979798,-175.448,4.075
"4404",440.3,29.6244439215686,-175.459764705882,4.07303921568627
"4405",440.4,29.6250618181818,-175.48495959596,4.0720101010101
"4406",440.5,29.6456696039604,-175.589,4.071
"4407",440.6,29.6403644,-175.711,4.072
"4408",440.7,29.6136904,-175.634762376238,4.072
"4409",440.8,29.6154437623762,-175.536666666667,4.072
"4410",440.9,29.6121321212121,-175.57,4.072
"4411",441,29.6207627722772,-175.533366336634,4.072
"4412",441.1,29.606593030303,-175.533,4.072
"4413",441.2,29.597946,-175.505351351351,4.06932432432432
"4414",441.3,29.608986,-175.516666666667,4.07291111111111
"4415",441.4,29.5783603030303,-175.599161616162,4.073
"4416",441.5,29.5917522772277,-175.457297297297,4.07121621621622
"4417",441.6,29.6134018181818,-175.385929292929,4.0709898989899
"4418",441.7,29.6044735,-175.393,4.072
"4419",441.8,29.5978505,-175.47,4.072
"4420",441.9,29.5889721212121,-175.502,4.072
"4421",442,29.5936009803922,-175.558435643564,4.072
"4422",442.1,29.6138093939394,-175.588857142857,4.072
"4423",442.2,29.6145269306931,-175.546,4.072
"4424",442.3,29.6140116,-175.404,4.071
"4425",442.4,29.6142436842105,-175.444106382979,4.073
"4426",442.5,29.6007241791045,-175.509,4.073
"4427",442.6,29.6190860606061,-175.574346534653,4.0720099009901
"4428",442.7,29.614426,-175.466276785714,4.072
"4429",442.8,29.5825195,-175.676797979798,4.072
"4430",442.9,29.616192,-175.597,4.072
"4431",443,29.5941884158416,-175.557747663551,4.072
"4432",443.1,29.5891657575758,-175.462,4.07297894736842
"4433",443.2,29.5745543564356,-175.34828,4.07104
"4434",443.3,29.5745221212121,-175.499434343434,4.0729797979798
"4435",443.4,29.596379,-175.57723,4.073
"4436",443.5,29.582997,-175.56414,4.07201
"4437",443.6,29.5508124242424,-175.509581395349,4.072
"4438",443.7,29.5754628712871,-175.484,4.072
"4439",443.8,29.5535287878788,-175.460470588235,4.072
"4440",443.9,29.5574230693069,-175.523353535354,4.072
"4441",444,29.5891880808081,-175.422088235294,4.0729705882353
"4442",444.1,29.599383,-175.525326923077,4.07020192307692
"4443",444.2,29.5899781188119,-175.312736842105,4.07
"4444",444.3,29.5694985858586,-175.411656565657,4.0740303030303
"4445",444.4,29.583021372549,-175.446,4.071
"4446",444.5,29.5697766666667,-175.390554455446,4.0729801980198
"4447",444.6,29.577281,-175.431274725275,4.072
"4448",444.7,29.5707967326733,-175.506,4.072
"4449",444.8,29.5435344,-175.41095049505,4.072
"4450",444.9,29.5780948,-175.43574,4.072
"4451",445,29.5696839393939,-175.432117647059,4.0729705882353
"4452",445.1,29.5637375,-175.499306122449,4.073
"4453",445.2,29.5759825,-175.26537,4.073
"4454",445.3,29.579651,-175.19271,4.07399
"4455",445.4,29.578608,-175.16824,4.07202
"4456",445.5,29.5849825252525,-175.196464646465,4.0750303030303
"4457",445.6,29.5817098,-175.15,4.072
"4458",445.7,29.5707488,-175.12731092437,4.072
"4459",445.8,29.5723394,-175.264506024096,4.072
"4460",445.9,29.5477597029703,-175.23958,4.072
"4461",446,29.5266118181818,-175.296414141414,4.072
"4462",446.1,29.5502715841584,-175.226425742574,4.0700396039604
"4463",446.2,29.551701,-175.24656,4.07196
"4464",446.3,29.5522072932331,-175.197542056075,4.072
"4465",446.4,29.55021,-175.012915789474,4.072
"4466",446.5,29.5560024242424,-175.051515463918,4.072
"4467",446.6,29.5327615841584,-175.0574,4.072
"4468",446.7,29.5187492929293,-174.998360824742,4.072
"4469",446.8,29.5303582,-175.134462365591,4.072
"4470",446.9,29.5408204950495,-175.101216216216,4.072
"4471",447,29.5654346464647,-175.161595744681,4.07106382978723
"4472",447.1,29.5084965346535,-175.273567010309,4.0729381443299
"4473",447.2,29.5302944444444,-175.239767676768,4.0710404040404
"4474",447.3,29.5700725742574,-175.049929292929,4.0719898989899
"4475",447.4,29.6108698989899,-175.18,4.072
"4476",447.5,29.6332066,-175.073142857143,4.07298979591837
"4477",447.6,29.6429534,-174.908736842105,4.07213157894737
"4478",447.7,29.661945,-174.973009433962,4.072
"4479",447.8,29.653154,-175.087825,4.072
"4480",447.9,29.675191010101,-174.906683168317,4.072
"4481",448,29.6855351,-174.996148514852,4.072
"4482",448.1,29.6781156435644,-175.019785714286,4.072
"4483",448.2,29.6855922,-175.101356435644,4.0700396039604
"4484",448.3,29.6941824752475,-175.072313131313,4.0709898989899
"4485",448.4,29.6984436363636,-175.04329,4.07298
"4486",448.5,29.6659194059406,-175.18325,4.073
"4487",448.6,29.682056,-175.1053625,4.0720125
"4488",448.7,29.674785,-175.078514851485,4.072
"4489",448.8,29.6772145,-175.0045,4.072
"4490",448.9,29.7154586868687,-175.068596774194,4.07279032258065
"4491",449,29.6659599009901,-175.109617021277,4.07221276595745
"4492",449.1,29.6993338383838,-175.174271604938,4.07101234567901
"4493",449.2,29.6733888,-175.076876106195,4.07275221238938
"4494",449.3,29.705635,-174.961446808511,4.073
"4495",449.4,29.610237,-174.978425531915,4.07202127659574
"4496",449.5,29.5809648,-175.092524752475,4.072
"4497",449.6,29.5741122222222,-175.068771929825,4.072
"4498",449.7,29.5664909,-175.087435294118,4.072
"4499",449.8,29.565304950495,-175.128833333333,4.072
"4500",449.9,29.5553384,-175.022587628866,4.07292783505155
"4501",450,29.5323988118812,-175.13315625,4.073
"4502",450.1,29.5423744444444,-175.175990196078,4.07109803921569
"4503",450.2,29.5599688059702,-175.082103773585,4.07368867924528
"4504",450.3,29.5677184848485,-174.974734693878,4.07127551020408
"4505",450.4,29.5537142,-174.988234042553,4.07293617021277
"4506",450.5,29.5426292,-175.020353535354,4.0720202020202
"4507",450.6,29.5597885858586,-174.979424242424,4.072
"4508",450.7,29.5549853465347,-174.890782178218,4.072
"4509",450.8,29.5562024,-174.93996,4.072
"4510",450.9,29.565974,-174.932090909091,4.072
"4511",451,29.5378644,-175.01615,4.07035
"4512",451.1,29.5402124,-174.910135802469,4.07195061728395
"4513",451.2,29.5516828,-174.93767826087,4.072
"4514",451.3,29.5636713131313,-174.894282608696,4.07290217391304
"4515",451.4,29.5657172,-174.967279569892,4.07006451612903
"4516",451.5,29.5620142,-174.91412,4.07196
"4517",451.6,29.5910561,-175.017792079208,4.072
"4518",451.7,29.6190831,-174.9822,4.072
"4519",451.8,29.6096731,-175.037205607477,4.072
"4520",451.9,29.6237603030303,-174.966695652174,4.072
"4521",452,29.6323303960396,-174.889316831683,4.07394059405941
"4522",452.1,29.6167835,-175.09167,4.07303
"4523",452.2,29.6229855445545,-175.0883,4.07203
"4524",452.3,29.5919064,-174.99185840708,4.07285840707965
"4525",452.4,29.5933194,-175.112137931035,4.07203448275862
"4526",452.5,29.5967836,-175.100833333333,4.072
"4527",452.6,29.6007992,-175.132436170213,4.072
"4528",452.7,29.6102996,-175.172060606061,4.072
"4529",452.8,29.6056698,-175.067413043478,4.072
"4530",452.9,29.6247266,-175.06796969697,4.0729898989899
"4531",453,29.6095217171717,-175.01997029703,4.073
"4532",453.1,29.5907307,-174.960595959596,4.0720101010101
"4533",453.2,29.6187639,-174.996882352941,4.0710294117647
"4534",453.3,29.6162717,-175.153863247863,4.07265811965812
"4535",453.4,29.6098782,-174.848222222222,4.07201234567901
"4536",453.5,29.6318827,-175.007601694915,4.072
"4537",453.6,29.6329612121212,-174.946146341463,4.072
"4538",453.7,29.6288063366337,-175.209,4.072
"4539",453.8,29.5983381,-175.049454545455,4.072
"4540",453.9,29.6177863,-175.10382,4.072
"4541",454,29.6134343,-174.94428,4.07396
"4542",454.1,29.606859924812,-175.00862,4.07204
"4543",454.2,29.5946827272727,-175.065869158878,4.072
"4544",454.3,29.585922,-174.89976344086,4.07297849462366
"4545",454.4,29.5926076237624,-174.98028,4.07202
"4546",454.5,29.6028128,-174.960222222222,4.072
"4547",454.6,29.6184467,-174.934514851485,4.072
"4548",454.7,29.6233553,-174.99574,4.072
"4549",454.8,29.6147857425743,-174.9186,4.072
"4550",454.9,29.6095646,-174.958575757576,4.072
"4551",455,29.5846034,-175.140336633663,4.0729801980198
"4552",455.1,29.5960254,-174.85196,4.073
"4553",455.2,29.5609222,-174.869081632653,4.07195918367347
"4554",455.3,29.5319573469388,-174.965,4.074
"4555",455.4,29.6080756,-174.961460176991,4.07311504424779
"4556",455.5,29.5904924,-174.987557894737,4.07208421052632
"4557",455.6,29.6004712,-175.005485148515,4.072
"4558",455.7,29.5822608,-174.945414141414,4.072
"4559",455.8,29.5639555555556,-174.928129032258,4.072
"4560",455.9,29.5733967647059,-174.932090909091,4.0719898989899
"4561",456,29.5608236363636,-174.723,4.073
"4562",456.1,29.5540156435644,-174.728607476636,4.073
"4563",456.2,29.5889613,-174.90114893617,4.07201063829787
"4564",456.3,29.6111128712871,-174.68421,4.07002
"4565",456.4,29.617575049505,-174.807831775701,4.07185046728972
"4566",456.5,29.5938118181818,-174.801361702128,4.072
"4567",456.6,29.580072,-174.717848484849,4.072
"4568",456.7,29.5873996,-174.744445544554,4.072
"4569",456.8,29.6031485858586,-174.857134615385,4.072
"4570",456.9,29.6107475,-174.8493125,4.072
"4571",457,29.5776387878788,-174.86566,4.07298
"4572",457.1,29.6066112,-174.682868686869,4.0720101010101
"4573",457.2,29.6196656,-174.790899082569,4.07290825688073
"4574",457.3,29.5863856,-174.844815533981,4.06950485436893
"4575",457.4,29.6033292,-174.677,4.07193258426966
"4576",457.5,29.5864933333333,-174.693489795918,4.072
"4577",457.6,29.5838613861386,-174.719,4.072
"4578",457.7,29.5953768,-174.766524752475,4.072
"4579",457.8,29.6350165346535,-174.77294,4.072
"4580",457.9,29.6562043,-174.77795,4.07002
"4581",458,29.673012556391,-174.792702970297,4.0709801980198
"4582",458.1,29.6705308955224,-174.703166666667,4.07190740740741
"4583",458.2,29.6856833333333,-174.696080808081,4.0720101010101
"4584",458.3,29.6664323762376,-174.588,4.071
"4585",458.4,29.6944891,-174.609568627451,4.07198039215686
"4586",458.5,29.7000387,-174.587384615385,4.072
"4587",458.6,29.7091973267327,-174.53945631068,4.072
"4588",458.7,29.7154017171717,-174.674176470588,4.072
"4589",458.8,29.7056624242424,-174.596914285714,4.072
"4590",458.9,29.7152464,-174.492047058824,4.07298823529412
"4591",459,29.7296772,-174.55634,4.07201
"4592",459.1,29.7500608,-174.60155,4.072
"4593",459.2,29.7050622222222,-174.50894,4.072
"4594",459.3,29.7361210891089,-174.59215,4.072
"4595",459.4,29.6961411111111,-174.37025,4.072
"4596",459.5,29.7202994,-174.48779,4.072
"4597",459.6,29.7126948,-174.56721,4.072
"4598",459.7,29.6978601010101,-174.505267326733,4.072
"4599",459.8,29.7229,-174.464217821782,4.072
"4600",459.9,29.7726266666667,-174.631590909091,4.07072727272727
"4601",460,29.7505544554455,-174.61,4.073
"4602",460.1,29.7635024,-174.470396039604,4.073
"4603",460.2,29.7496056,-174.51751,4.07102
"4604",460.3,29.7334506930693,-174.334458333333,4.07304166666667
"4605",460.4,29.7611106060606,-174.448,4.072
"4606",460.5,29.7885866336634,-174.631168316832,4.072
"4607",460.6,29.7344354545455,-174.48153,4.072
"4608",460.7,29.7345772,-174.624692307692,4.072
"4609",460.8,29.7256744,-174.514239583333,4.072
"4610",460.9,29.7048877777778,-174.651306122449,4.07097959183673
"4611",461,29.6841400990099,-174.536,4.072
"4612",461.1,29.7053411111111,-174.577964285714,4.07289285714286
"4613",461.2,29.7318672,-174.640688888889,4.073
"4614",461.3,29.7190537,-174.651898989899,4.073
"4615",461.4,29.7355752525253,-174.644928571429,4.07211607142857
"4616",461.5,29.7721058823529,-174.642022727273,4.072
"4617",461.6,29.7398644444445,-174.71328,4.072
"4618",461.7,29.727962,-174.488554455446,4.072
"4619",461.8,29.7119211,-174.650513274336,4.072
"4620",461.9,29.7351640601504,-174.53824137931,4.072
"4621",462,29.7253388059701,-174.483525252525,4.072
"4622",462.1,29.7164660606061,-174.44725,4.07108333333333
"4623",462.2,29.7349223762376,-174.452902173913,4.07001086956522
"4624",462.3,29.7041231,-174.61932,4.07099
"4625",462.4,29.716139,-174.584301724138,4.07185344827586
"4626",462.5,29.7373663366337,-174.639261904762,4.072
"4627",462.6,29.7239155555556,-174.578754237288,4.072
"4628",462.7,29.7243068316832,-174.648,4.072
"4629",462.8,29.7272077777778,-174.516865979381,4.0710206185567
"4630",462.9,29.7298351,-174.672383838384,4.0719898989899
"4631",463,29.7055382,-174.61163,4.072
"4632",463.1,29.7210281818182,-174.473772277228,4.0729801980198
"4633",463.2,29.7557684158416,-174.576229508197,4.07139344262295
"4634",463.3,29.7270187878788,-174.464430379747,4.07196202531646
"4635",463.4,29.7280538613861,-174.419446601942,4.072
"4636",463.5,29.7460434343434,-174.679115384615,4.072
"4637",463.6,29.702595,-174.360695652174,4.072
"4638",463.7,29.6910985148515,-174.4706,4.072
"4639",463.8,29.7064648484848,-174.61753125,4.07103125
"4640",463.9,29.7054564705882,-174.37356122449,4.0739693877551
"4641",464,29.7403866666667,-174.23339,4.07202
"4642",464.1,29.7554088,-174.26764,4.072
"4643",464.2,29.758685049505,-174.42244,4.072
"4644",464.3,29.7341956,-174.47647,4.07299
"4645",464.4,29.726816,-174.40473,4.07201
"4646",464.5,29.7180833333333,-174.415191304348,4.072
"4647",464.6,29.7059884,-174.522488372093,4.072
"4648",464.7,29.7254638,-174.42504,4.072
"4649",464.8,29.7222728,-174.563565656566,4.072
"4650",464.9,29.7191659,-174.489524752475,4.0700396039604
"4651",465,29.7263585858586,-174.43312,4.07196
"4652",465.1,29.715788,-174.28206,4.072
"4653",465.2,29.711604,-174.29076,4.07298
"4654",465.3,29.697807,-174.438875,4.072125
"4655",465.4,29.7002397029703,-174.367384615385,4.072
"4656",465.5,29.7144925252525,-174.346646464646,4.072
"4657",465.6,29.6944934653465,-174.336303030303,4.072
"4658",465.7,29.6869964646465,-174.5203,4.072
"4659",465.8,29.712694,-174.445975,4.07038333333333
"4660",465.9,29.720497,-174.331481012658,4.07194936708861
"4661",466,29.741929,-174.377514851485,4.072
"4662",466.1,29.7381995049505,-174.317104761905,4.072
"4663",466.2,29.7237362,-174.127021276596,4.072
"4664",466.3,29.7395018,-174.37192,4.072
"4665",466.4,29.7549121,-174.4603,4.072
"4666",466.5,29.7031856,-174.350549019608,4.072
"4667",466.6,29.7193028,-174.339142857143,4.072
"4668",466.7,29.7191018,-174.380357798165,4.072
"4669",466.8,29.7358447,-174.433901098901,4.072
"4670",466.9,29.7267015,-174.259787878788,4.072
"4671",467,29.7228197979798,-174.351176470588,4.07005882352941
"4672",467.1,29.711326,-174.439393162393,4.07165811965812
"4673",467.2,29.701215,-174.250170731707,4.0729756097561
"4674",467.3,29.717348,-174.210353535354,4.0720101010101
"4675",467.4,29.73959,-174.36345,4.072
"4676",467.5,29.6989772727273,-174.27986,4.072
"4677",467.6,29.7245578217822,-174.273118811881,4.072
"4678",467.7,29.72613,-174.316362831858,4.07113274336283
"4679",467.8,29.7451875247525,-174.256888888889,4.071
"4680",467.9,29.7339942,-174.180760416667,4.07198958333333
"4681",468,29.7629983,-174.239792079208,4.072
"4682",468.1,29.7399476,-174.069037735849,4.07107547169811
"4683",468.2,29.7204765,-174.052032258065,4.07198924731183
"4684",468.3,29.7083785,-174.11338,4.072
"4685",468.4,29.7192963,-174.199277227723,4.072
"4686",468.5,29.7233632,-174.245545454545,4.072
"4687",468.6,29.7421208,-174.21465,4.071175
"4688",468.7,29.7341694949495,-174.1556625,4.0719875
"4689",468.8,29.7402289108911,-174.139316831683,4.072
"4690",468.9,29.7371139,-174.23996969697,4.0710101010101
"4691",469,29.7216947,-174.19297029703,4.0719801980198
"4692",469.1,29.720829,-174.15574,4.072
"4693",469.2,29.7304073737374,-174.182369369369,4.072
"4694",469.3,29.709627,-174.191019230769,4.072
"4695",469.4,29.72259,-174.123852631579,4.072
"4696",469.5,29.752758,-174.026977777778,4.072
"4697",469.6,29.758314,-174.203433962264,4.072
"4698",469.7,29.7516890909091,-174.127957446809,4.072
"4699",469.8,29.7289798019802,-174.13188,4.07004
"4700",469.9,29.7493145454545,-174.088336633663,4.0709702970297
"4701",470,29.7707720792079,-174.177712962963,4.07189814814815
"4702",470.1,29.73391,-174.120516483516,4.07102197802198
"4703",470.2,29.717898,-174.217,4.07198
"4704",470.3,29.7024584158416,-174.18078,4.072
"4705",470.4,29.6934571717172,-174.20058,4.072
"4706",470.5,29.703539,-174.201,4.072
"4707",470.6,29.711518,-174.2424,4.072
"4708",470.7,29.724213,-174.163448979592,4.07109183673469
"4709",470.8,29.689576,-174.058065217391,4.07297826086956
"4710",470.9,29.6786254545455,-174.041769230769,4.07395192307692
"4711",471,29.697003960396,-174.02924742268,4.0710618556701
"4712",471.1,29.7251727272727,-174.09793220339,4.07349152542373
"4713",471.2,29.7293816,-174.187454545455,4.07218181818182
"4714",471.3,29.7424438,-174.351595744681,4.072
"4715",471.4,29.7373683838384,-174.265242990654,4.072
"4716",471.5,29.7283405882353,-174.320424242424,4.072
"4717",471.6,29.75972,-174.265319148936,4.072
"4718",471.7,29.7177022772277,-174.166,4.072
"4719",471.8,29.696467,-174.150055555556,4.072
"4720",471.9,29.732028,-174.134637931034,4.07114655172414
"4721",472,29.7285166336634,-174.144546511628,4.07293023255814
"4722",472.1,29.7336032323232,-174.148559633028,4.07477981651376
"4723",472.2,29.747852,-174.200405940594,4.07238613861386
"4724",472.3,29.728759,-174.11904494382,4.072
"4725",472.4,29.706418,-174.193222222222,4.072
"4726",472.5,29.721866,-174.298881188119,4.0710198019802
"4727",472.6,29.7391209090909,-174.104132743363,4.07186725663717
"4728",472.7,29.7505144,-174.231443181818,4.07103409090909
"4729",472.8,29.7501341,-174.08762,4.07003
"4730",472.9,29.7414369,-174.18291,4.07194
"4731",473,29.7366497,-174.13168,4.072
"4732",473.1,29.7578702020202,-174.281228346457,4.072
"4733",473.2,29.7532578431373,-174.324056338028,4.072
"4734",473.3,29.7391590909091,-174.340663366337,4.072
"4735",473.4,29.747739,-174.34786,4.072
"4736",473.5,29.717416,-174.204464646465,4.072
"4737",473.6,29.7098435353535,-174.32279,4.07101
"4738",473.7,29.6686420792079,-174.042529411765,4.071
"4739",473.8,29.729885050505,-174.0922,4.07197
"4740",473.9,29.7425336633663,-174.212555555556,4.0710202020202
"4741",474,29.7337187,-174.05036,4.071
"4742",474.1,29.764084,-174.233101010101,4.0729797979798
"4743",474.2,29.7588818811881,-174.225198019802,4.0720198019802
"4744",474.3,29.7559609090909,-174.1319,4.072
"4745",474.4,29.7433054901961,-174.098323232323,4.072
"4746",474.5,29.7402357575758,-174.177026315789,4.072
"4747",474.6,29.702188,-174.240395348837,4.072
"4748",474.7,29.68772,-174.133178217822,4.0710198019802
"4749",474.8,29.6750436363636,-174.1114,4.071
"4750",474.9,29.6916755445545,-174.042495145631,4.07195145631068
"4751",475,29.7273754545455,-174.007659793814,4.072
"4752",475.1,29.7109939,-174.013929292929,4.0700202020202
"4753",475.2,29.7168296,-174.20507,4.07198
"4754",475.3,29.7130591,-174.035008474576,4.072
"4755",475.4,29.694501,-174.144481927711,4.072
"4756",475.5,29.7128311111111,-174.302933333333,4.072
"4757",475.6,29.7306954455446,-174.091336538462,4.072
"4758",475.7,29.7626822,-174.230423913043,4.07103260869565
"4759",475.8,29.6977221,-174.226102040816,4.07198979591837
"4760",475.9,29.6950814851485,-174.22698019802,4.072
"4761",476,29.7217209090909,-174.086391304348,4.07285217391304
"4762",476.1,29.7198800990099,-174.169411764706,4.07202352941176
"4763",476.2,29.7291809090909,-174.153564356436,4.072
"4764",476.3,29.7331448,-174.236142857143,4.072
"4765",476.4,29.7385451,-174.151722772277,4.072
"4766",476.5,29.7424602020202,-174.267779816514,4.072
"4767",476.6,29.7451231372549,-174.252322222222,4.07101111111111
"4768",476.7,29.7711618181818,-174.260821782178,4.0729603960396
"4769",476.8,29.7714013,-174.17084,4.07202
"4770",476.9,29.8221482,-174.099707070707,4.072
"4771",477,29.7792081818182,-174.1224,4.0729
"4772",477.1,29.7744707920792,-174.173901098901,4.07202197802198
"4773",477.2,29.7915721212121,-174.149734375,4.072
"4774",477.3,29.7796112,-174.149777777778,4.072
"4775",477.4,29.8278992,-174.00398,4.072
"4776",477.5,29.789604,-173.82166,4.072
"4777",477.6,29.8254784,-174.067803921569,4.072
"4778",477.7,29.7910141414141,-173.932545454545,4.07006060606061
"4779",477.8,29.7790944117647,-173.956580357143,4.07173214285714
"4780",477.9,29.7671988888889,-173.934920454545,4.072
"4781",478,29.7457232,-174.0019,4.072
"4782",478.1,29.7552623762376,-173.913858585859,4.072
"4783",478.2,29.7658522,-173.93846,4.072
"4784",478.3,29.7716733663366,-173.915712871287,4.072
"4785",478.4,29.7890009090909,-174.034535353535,4.0710202020202
"4786",478.5,29.7961940594059,-174.1105,4.071
"4787",478.6,29.8081454545455,-174.19922,4.07198
"4788",478.7,29.7989697,-174.01382,4.07396
"4789",478.8,29.8014262,-173.999309090909,4.07132727272727
"4790",478.9,29.7785195,-173.948681318681,4.07196703296703
"4791",479,29.7720886,-173.88013592233,4.07105825242718
"4792",479.1,29.7761748484848,-173.9024375,4.07197916666667
"4793",479.2,29.8206196,-173.831884955752,4.072
"4794",479.3,29.7975952,-173.82783908046,4.072
"4795",479.4,29.780172,-173.844174757282,4.07104854368932
"4796",479.5,29.776938019802,-173.87765625,4.07198958333333
"4797",479.6,29.7485491919192,-173.966,4.072
"4798",479.7,29.760982238806,-174.021436170213,4.07103191489362
"4799",479.8,29.7429466666667,-173.80184,4.07197
"4800",479.9,29.7856028,-174.036059405941,4.072
"4801",480,29.7797108,-173.782242424242,4.07393939393939
"4802",480.1,29.779356,-173.945828571429,4.07215238095238
"4803",480.2,29.7782684,-173.885806451613,4.072
"4804",480.3,29.7708192,-173.925764705882,4.072
"4805",480.4,29.749066,-173.8397,4.07103
"4806",480.5,29.7981579207921,-173.87483,4.07197
"4807",480.6,29.7814729,-173.887524752475,4.0729603960396
"4808",480.7,29.775963,-173.937454545455,4.0720303030303
"4809",480.8,29.8050625252525,-174.06316,4.072
"4810",480.9,29.771632,-174.038188118812,4.0710396039604
"4811",481,29.7996696,-174.040801980198,4.071
"4812",481.1,29.7943208,-173.879112244898,4.0719693877551
"4813",481.2,29.8065184,-173.933767676768,4.072
"4814",481.3,29.8152044444444,-173.82132,4.072
"4815",481.4,29.8012999,-174.036577981651,4.072
"4816",481.5,29.8026094,-173.888868131868,4.072
"4817",481.6,29.7784705,-173.799490196078,4.07296078431373
"4818",481.7,29.8151567326733,-173.79216,4.07108
"4819",481.8,29.813042,-173.86592,4.07292
"4820",481.9,29.8210984,-173.94484,4.07108
"4821",482,29.8037344,-173.926352941176,4.07194117647059
"4822",482.1,29.7775132,-173.929795918367,4.072
"4823",482.2,29.7820012871287,-173.70536,4.072
"4824",482.3,29.802943,-173.83616,4.072
"4825",482.4,29.7841383,-173.906633663366,4.072
"4826",482.5,29.7619772727273,-173.845051020408,4.072
"4827",482.6,29.7878008,-173.912565656566,4.0739595959596
"4828",482.7,29.7971368,-173.844823529412,4.07111764705882
"4829",482.8,29.8171510891089,-173.735527272727,4.07187272727273
"4830",482.9,29.7749878,-173.705340909091,4.07102272727273
"4831",483,29.7645421,-173.809792079208,4.0719702970297
"4832",483.1,29.7854307070707,-173.770868686869,4.072
"4833",483.2,29.7438684,-173.6818,4.072
"4834",483.3,29.7120346464646,-173.78682,4.072
"4835",483.4,29.7555528712871,-173.8184,4.072
"4836",483.5,29.770152,-173.84675,4.072
"4837",483.6,29.7544369924812,-173.798180952381,4.072
"4838",483.7,29.7462422727273,-173.7736,4.07296666666667
"4839",483.8,29.7338275,-173.61763559322,4.07217796610169
"4840",483.9,29.7922898,-173.646322222222,4.07287777777778
"4841",484,29.7824938,-173.72175,4.07211
"4842",484.1,29.7941982,-173.759969387755,4.072
"4843",484.2,29.769213,-173.720924731183,4.07102150537634
"4844",484.3,29.7863848514851,-173.837405940594,4.071
"4845",484.4,29.806930990099,-173.81578,4.07197
"4846",484.5,29.7914081,-173.740601941748,4.07105825242718
"4847",484.6,29.7861865,-173.712020408163,4.071
"4848",484.7,29.8116203,-173.711,4.071
"4849",484.8,29.7982404040404,-173.648306122449,4.07295918367347
"4850",484.9,29.7837024,-173.639237623762,4.0720297029703
"4851",485,29.7829004,-173.75249,4.072
"4852",485.1,29.8156912,-173.62408,4.072
"4853",485.2,29.8421564,-173.846653465347,4.072
"4854",485.3,29.820477755102,-173.838159292035,4.072
"4855",485.4,29.8181592,-173.932476744186,4.07103488372093
"4856",485.5,29.814961,-173.844388888889,4.07369444444445
"4857",485.6,29.814182970297,-173.820456521739,4.0720652173913
"4858",485.7,29.8099178,-173.790153846154,4.07013461538462
"4859",485.8,29.8402255445544,-173.584742268041,4.0719175257732
"4860",485.9,29.8107244,-173.709846153846,4.07107692307692
"4861",486,29.8201568,-173.728747368421,4.07196842105263
"4862",486.1,29.7924176237624,-173.663353535354,4.072
"4863",486.2,29.7753403,-173.832772277228,4.0710297029703
"4864",486.3,29.7995101,-173.67213,4.07197
"4865",486.4,29.8288668,-173.68446,4.072
"4866",486.5,29.7835197979798,-173.73253,4.072
"4867",486.6,29.8019136,-173.671773584906,4.07108490566038
"4868",486.7,29.7569324,-173.61511827957,4.07295698924731
"4869",486.8,29.7841485858586,-173.71102,4.07104
"4870",486.9,29.7884458,-173.802267326733,4.071
"4871",487,29.8156727272727,-173.533207920792,4.0719603960396
"4872",487.1,29.7671998019802,-173.59592,4.07104
"4873",487.2,29.7804254545455,-173.65276,4.07196
"4874",487.3,29.8208417821782,-173.76828,4.07104
"4875",487.4,29.8042958,-173.77396969697,4.071
"4876",487.5,29.8240941353384,-173.86033,4.071
"4877",487.6,29.8283594029851,-173.779348623853,4.071
"4878",487.7,29.8231963636364,-173.751593406593,4.071
"4879",487.8,29.775195,-173.53299009901,4.0719603960396
"4880",487.9,29.7927924,-173.687878787879,4.0710303030303
"4881",488,29.8176476,-173.653698275862,4.071
"4882",488.1,29.7825830693069,-173.759785714286,4.071
"4883",488.2,29.7925136363636,-173.644464646465,4.071
"4884",488.3,29.7797604950495,-173.70603960396,4.071
"4885",488.4,29.769171,-173.835822429907,4.071
"4886",488.5,29.7356117,-173.797571428571,4.07297802197802
"4887",488.6,29.7466157,-173.673495049505,4.0720198019802
"4888",488.7,29.7521296969697,-173.689666666667,4.07106666666667
"4889",488.8,29.766943,-173.703726315789,4.07491578947368
"4890",488.9,29.75142,-173.710792079208,4.07208910891089
"4891",489,29.7462058,-173.70033,4.07103
"4892",489.1,29.7590718,-173.586343434343,4.0719797979798
"4893",489.2,29.7431229292929,-173.78294,4.07102
"4894",489.3,29.7714448514851,-173.74401754386,4.07185964912281
"4895",489.4,29.7732425252525,-173.871206896552,4.07296551724138
"4896",489.5,29.7608617821782,-173.764303030303,4.0720202020202
"4897",489.6,29.7469012,-173.725128712871,4.0710297029703
"4898",489.7,29.774824,-173.780720338983,4.071
"4899",489.8,29.8125196039604,-173.702195402299,4.071
"4900",489.9,29.7855427272727,-173.705589473684,4.071
"4901",490,29.8156729411765,-173.741828828829,4.071
"4902",490.1,29.8129822222222,-173.709646464646,4.071
"4903",490.2,29.8059205,-173.754831460674,4.071
"4904",490.3,29.7998679,-173.764732673267,4.0719702970297
"4905",490.4,29.7953354545455,-173.683676767677,4.0710202020202
"4906",490.5,29.826452970297,-173.69082,4.07198
"4907",490.6,29.8412651515151,-173.591097087379,4.07104854368932
"4908",490.7,29.8278102,-173.585020618557,4.0719793814433
"4909",490.8,29.8145578,-173.71338,4.072
"4910",490.9,29.782655050505,-173.721939393939,4.072
"4911",491,29.8007995049505,-173.672915966387,4.072
"4912",491.1,29.7865732323232,-173.575195121951,4.072
"4913",491.2,29.8196678217822,-173.63866,4.07102
"4914",491.3,29.8110752,-173.56846,4.07198
"4915",491.4,29.7883530075188,-173.66892,4.07298
"4916",491.5,29.8046297014926,-173.66218,4.07104
"4917",491.6,29.8087346464647,-173.566534482759,4.07268965517241
"4918",491.7,29.8288828712871,-173.584142857143,4.07104761904762
"4919",491.8,29.8445063636364,-173.588294117647,4.07182352941176
"4920",491.9,29.854485,-173.718716049383,4.07102469135802
"4921",492,29.8242125742574,-173.740148148148,4.071
"4922",492.1,29.8073534343434,-173.908153846154,4.07198901098901
"4923",492.2,29.8226168627451,-173.82882,4.07101
"4924",492.3,29.83031,-173.799574257426,4.0719801980198
"4925",492.4,29.8197226,-173.83036,4.072
"4926",492.5,29.8377448,-173.690434343434,4.0729898989899
"4927",492.6,29.8345913131313,-173.476297029703,4.073
"4928",492.7,29.8634149504951,-173.63958,4.07104
"4929",492.8,29.8270803030303,-173.613173913043,4.07270434782609
"4930",492.9,29.785245,-173.687094117647,4.07104705882353
"4931",493,29.7815635,-173.71154,4.071
"4932",493.1,29.7997411111111,-173.72474,4.07198
"4933",493.2,29.7973923762376,-173.706191919192,4.072
"4934",493.3,29.7905416161616,-173.75253,4.07101
"4935",493.4,29.804621980198,-173.691247524752,4.0700198019802
"4936",493.5,29.811545,-173.732565656566,4.0719797979798
"4937",493.6,29.81472,-173.81913,4.07299
"4938",493.7,29.7926813861386,-173.635258928571,4.07123214285714
"4939",493.8,29.8105262626263,-173.697033333333,4.07196666666667
"4940",493.9,29.8176970588235,-173.635644230769,4.07106730769231
"4941",494,29.8496103030303,-173.89956122449,4.071
"4942",494.1,29.8575526,-173.73281443299,4.071
"4943",494.2,29.8665404,-173.618386138614,4.071
"4944",494.3,29.8126358,-173.749612244898,4.071
"4945",494.4,29.8356774,-173.7906,4.071
"4946",494.5,29.8883198989899,-173.695504424779,4.07187610619469
"4947",494.6,29.8746448514852,-173.660252873563,4.07101149425287
"4948",494.7,29.8590067676768,-173.627,4.07197058823529
"4949",494.8,29.842764,-173.666171717172,4.072
"4950",494.9,29.854338,-173.7993,4.072
"4951",495,29.844255,-173.7824,4.07102
"4952",495.1,29.8681078217822,-173.774519083969,4.071
"4953",495.2,29.8589207070707,-173.69431884058,4.07197101449275
"4954",495.3,29.8380880597015,-173.705858585859,4.0710101010101
"4955",495.4,29.8519703030303,-173.771029411765,4.07294117647059
"4956",495.5,29.8396065,-173.756343434343,4.0720202020202
"4957",495.6,29.853395,-173.59626,4.072
"4958",495.7,29.8360908080808,-173.606883333333,4.07036666666667
"4959",495.8,29.8183161386139,-173.428962962963,4.07096296296296
"4960",495.9,29.795143,-173.61697,4.071
"4961",496,29.796554,-173.584787878788,4.071
"4962",496.1,29.8660211881188,-173.569385964912,4.071
"4963",496.2,29.8333032323232,-173.848302325581,4.07197674418605
"4964",496.3,29.8361834653465,-173.798495495496,4.07111711711712
"4965",496.4,29.8291314141414,-173.704,4.07197752808989
"4966",496.5,29.8122765,-173.582735849057,4.07015094339623
"4967",496.6,29.8462275,-173.674019607843,4.07090196078431
"4968",496.7,29.8109044444444,-173.6175,4.07197826086957
"4969",496.8,29.8171055445545,-173.687685185185,4.07109259259259
"4970",496.9,29.8310978787879,-173.71652173913,4.071
"4971",497,29.8494588,-173.464722772277,4.071
"4972",497.1,29.8127888,-173.731343434343,4.071
"4973",497.2,29.8161164,-173.62820338983,4.07183050847458
"4974",497.3,29.8128697029703,-173.53178313253,4.07103614457831
"4975",497.4,29.8322695,-173.53288,4.07197
"4976",497.5,29.7886595,-173.611383838384,4.0700404040404
"4977",497.6,29.8299347524752,-173.616111111111,4.07155555555556
"4978",497.7,29.7890227272727,-173.615054054054,4.072
"4979",497.8,29.795503960396,-173.441272727273,4.07110909090909
"4980",497.9,29.8191276,-173.549582417582,4.071
"4981",498,29.8441564,-173.615557692308,4.071
"4982",498.1,29.8268036,-173.646132231405,4.071
"4983",498.2,29.8483119191919,-173.721263157895,4.07194736842105
"4984",498.3,29.8485225,-173.49748,4.07296
"4985",498.4,29.8222595,-173.66176,4.07108
"4986",498.5,29.807238,-173.6066,4.07004
"4987",498.6,29.7883465,-173.455636363636,4.0709696969697
"4988",498.7,29.7759324242424,-173.46167,4.07197
"4989",498.8,29.8057572,-173.43969,4.07103
"4990",498.9,29.8106296,-173.74552,4.071
"4991",499,29.790677029703,-173.561,4.071
"4992",499.1,29.7937625,-173.4095,4.071
"4993",499.2,29.8005871428571,-173.681303030303,4.071
"4994",499.3,29.7576975757576,-173.56156,4.07296
"4995",499.4,29.778712,-173.46197029703,4.07105940594059
"4996",499.5,29.7787212,-173.53272,4.071
"4997",499.6,29.7876176,-173.51657,4.07197
"4998",499.7,29.8116924,-173.531051724138,4.0703275862069
"4999",499.8,29.8332392079208,-173.319928571429,4.07096428571429
"5000",499.9,29.8379564646465,-173.310152380952,4.071
"5001",500,29.7976379207921,-173.578333333333,4.071
"5002",500.1,29.8007645,-173.44216,4.071
"5003",500.2,29.801097,-173.501632653061,4.07197959183673
"5004",500.3,29.802183,-173.649514851485,4.06908910891089
"5005",500.4,29.8099647474747,-173.59871,4.07094
"5006",500.5,29.839954950495,-173.616577981651,4.07188990825688
"5007",500.6,29.8507025252525,-173.358826086957,4.07104347826087
"5008",500.7,29.8503028,-173.422555555556,4.07188888888889
"5009",500.8,29.86443,-173.517221052632,4.07107368421053
"5010",500.9,29.8797303030303,-173.291020618557,4.071
"5011",501,29.8763484158416,-173.41212195122,4.071
"5012",501.1,29.8610433333333,-173.420558441558,4.071
"5013",501.2,29.8625964356436,-173.376333333333,4.071
"5014",501.3,29.8851728,-173.33232,4.06906
"5015",501.4,29.8597772,-173.328118811881,4.07092079207921
"5016",501.5,29.8650102970297,-173.379918367347,4.07197959183673
"5017",501.6,29.8732566666667,-173.294643564356,4.072
"5018",501.7,29.8731812871287,-173.309287128713,4.0710396039604
"5019",501.8,29.8714519191919,-173.2956,4.071
"5020",501.9,29.9062856,-173.31324,4.071
"5021",502,29.8844696,-173.36584,4.071
"5022",502.1,29.8738903030303,-173.396121212121,4.071
"5023",502.2,29.8974310784314,-173.46005,4.07197
"5024",502.3,29.8706014141414,-173.306415841584,4.0710396039604
"5025",502.4,29.8562584,-173.3576,4.06908
"5026",502.5,29.861806,-173.36096969697,4.07093939393939
"5027",502.6,29.8879315151515,-173.273603960396,4.0719603960396
"5028",502.7,29.901446039604,-173.252545454545,4.0710303030303
"5029",502.8,29.8977906060606,-173.39071,4.071
"5030",502.9,29.9341550495049,-173.39695959596,4.071
"5031",503,29.9346808,-173.525947368421,4.07173684210526
"5032",503.1,29.9222538345865,-173.359101449275,4.072
"5033",503.2,29.9157592537313,-173.412055045872,4.07111926605505
"5034",503.3,29.94701,-173.442266666667,4.07003333333333
"5035",503.4,29.9271835,-173.377353535354,4.07391919191919
"5036",503.5,29.9322145,-173.429366336634,4.07205940594059
"5037",503.6,29.9018544,-173.467495049505,4.0710396039604
"5038",503.7,29.9485072277228,-173.36532,4.07196
"5039",503.8,29.9435851515152,-173.32932,4.07104
"5040",503.9,29.9263613861386,-173.379428571429,4.071
"5041",504,29.9577048,-173.377617977528,4.071
"5042",504.1,29.94656,-173.392353535354,4.071
"5043",504.2,29.9579248,-173.430224489796,4.07197959183673
"5044",504.3,29.9413992,-173.398333333333,4.07114035087719
"5045",504.4,29.92821,-173.333818181818,4.07195454545455
"5046",504.5,29.9287211111111,-173.41548,4.072
"5047",504.6,29.9217428,-173.357285714286,4.07102040816326
"5048",504.7,29.9107172,-173.228215686274,4.071
"5049",504.8,29.9205875757576,-173.252090909091,4.071
"5050",504.9,29.9126941,-173.28016,4.071
"5051",505,29.9179072727273,-173.113891089109,4.071
"5052",505.1,29.9622267326733,-173.386272727273,4.071
"5053",505.2,29.9310947,-173.31643,4.07003
"5054",505.3,29.95143,-173.233724137931,4.07083620689655
"5055",505.4,29.9766089108911,-173.270516483516,4.071
"5056",505.5,29.9755739393939,-173.36029787234,4.07004255319149
"5057",505.6,29.9687872277228,-173.389212121212,4.07193939393939
"5058",505.7,29.9688784848485,-173.418811881188,4.0710396039604
"5059",505.8,29.9328559405941,-173.24816,4.071
"5060",505.9,29.907754,-173.374818181818,4.071
"5061",506,29.8973057575758,-173.369218487395,4.071
"5062",506.1,29.8726744117647,-173.334658536585,4.07004878048781
"5063",506.2,29.890871010101,-173.24948,4.07192
"5064",506.3,29.8461724242424,-173.205272727273,4.0710303030303
"5065",506.4,29.8676323,-173.276505050505,4.071
"5066",506.5,29.8505958585859,-173.35346,4.071
"5067",506.6,29.8852383168317,-173.426098039216,4.07292156862745
"5068",506.7,29.8772762626263,-173.401830188679,4.07118867924528
"5069",506.8,29.8975535643564,-173.435363636364,4.071
"5070",506.9,29.9020212,-173.36213592233,4.071
"5071",507,29.8960428571429,-173.38511827957,4.071
"5072",507.1,29.8824319402985,-173.279397959184,4.0690612244898
"5073",507.2,29.8988505050505,-173.375881188119,4.07188118811881
"5074",507.3,29.9251263366337,-173.46928,4.07104
"5075",507.4,29.8902651515152,-173.42116,4.07004
"5076",507.5,29.8745948,-173.355542372881,4.07081355932203
"5077",507.6,29.9027294059406,-173.274555555556,4.071
"5078",507.7,29.8725697979798,-173.40683,4.071
"5079",507.8,29.8761862745098,-173.205475247525,4.071
"5080",507.9,29.894823030303,-173.244524752475,4.071
"5081",508,29.8922475,-173.48497979798,4.0719595959596
"5082",508.1,29.9169626,-173.40764,4.07296
"5083",508.2,29.9347686868687,-173.401148514852,4.07109900990099
"5084",508.3,29.9272605940594,-173.32975,4.07005
"5085",508.4,29.8970675757576,-173.420030612245,4.0709693877551
"5086",508.5,29.9085787128713,-173.29647826087,4.071
"5087",508.6,29.918601010101,-173.276184466019,4.07179611650485
"5088",508.7,29.8969362,-173.438853658537,4.07103658536585
"5089",508.8,29.914767,-173.491099009901,4.071
"5090",508.9,29.9151498,-173.421242424242,4.071
"5091",509,29.899731980198,-173.40251,4.071
"5092",509.1,29.9164260606061,-173.3147,4.07003
"5093",509.2,29.9034578217822,-173.28581,4.07097
"5094",509.3,29.8946789,-173.244735849057,4.071
"5095",509.4,29.894614,-173.232287234043,4.071
"5096",509.5,29.9208973,-173.25528,4.06906
"5097",509.6,29.9094429292929,-173.10856,4.07094
"5098",509.7,29.9256559405941,-173.15201980198,4.071
"5099",509.8,29.9234165656566,-173.129287128713,4.071
"5100",509.9,29.9243204,-173.214617647059,4.071
"5101",510,29.9206528712871,-173.22708411215,4.071
"5102",510.1,29.962103030303,-173.3226,4.07291111111111
"5103",510.2,29.9619411881188,-173.24732,4.07012
"5104",510.3,29.9769498989899,-173.168830188679,4.07271698113207
"5105",510.4,29.9688614,-173.116,4.07108510638298
"5106",510.5,29.959478,-173.180909090909,4.0719696969697
"5107",510.6,29.9779002,-173.189656862745,4.07104901960784
"5108",510.7,29.9778724752475,-173.236089108911,4.071
"5109",510.8,29.9832390909091,-173.221556701031,4.071
"5110",510.9,29.9835108955224,-173.226762376238,4.071
"5111",511,29.961393030303,-173.066689320388,4.07193203883495
"5112",511.1,29.9714212,-173.16640625,4.06909375
"5113",511.2,29.9936508,-173.312035714286,4.07073214285714
"5114",511.3,29.9940505050505,-173.267352272727,4.07196590909091
"5115",511.4,29.9475794,-173.12532,4.07006
"5116",511.5,29.9258985148515,-173.23061,4.07194
"5117",511.6,29.9806342,-173.00799,4.07103
"5118",511.7,29.9561732673267,-173.17851,4.071
"5119",511.8,29.9457487878788,-173.1549,4.071
"5120",511.9,29.9615016831683,-173.03857,4.07197
"5121",512,29.9784218,-173.18438,4.07103
"5122",512.1,29.9779406,-173.106405940594,4.07292079207921
"5123",512.2,29.9602172,-173.01564,4.07108
"5124",512.3,29.9390769,-173.17808,4.071
"5125",512.4,29.9141803,-173.01988,4.071
"5126",512.5,29.9327614141414,-173.053258064516,4.07177419354839
"5127",512.6,29.965647,-173.178684210526,4.07105263157895
"5128",512.7,29.9720528,-173.17636,4.071
"5129",512.8,30.0020208,-173.11648,4.071
"5130",512.9,29.9800214,-173.089757575758,4.071
"5131",513,29.9742974,-173.096683168317,4.071
"5132",513.1,29.9328928,-173.11428,4.07196
"5133",513.2,29.9573536,-173.07084,4.072
"5134",513.3,29.9437286,-172.867153846154,4.072
"5135",513.4,29.9085912,-172.903903614458,4.07009638554217
"5136",513.5,29.9647004,-172.8888,4.07182857142857
"5137",513.6,29.9503172,-173.051357142857,4.07107142857143
"5138",513.7,29.9596812121212,-173.107144329897,4.071
"5139",513.8,29.9661952,-173.039181818182,4.071
"5140",513.9,29.9906767326733,-172.984178217822,4.0719603960396
"5141",514,29.9483244,-173.079939393939,4.072
"5142",514.1,29.9287814851485,-173.245306930693,4.07007920792079
"5143",514.2,29.9131015151515,-173.05616,4.07192
"5144",514.3,29.9283916,-172.93568,4.07104
"5145",514.4,29.9115796,-173.01548,4.071
"5146",514.5,29.9238818,-173.11308,4.071
"5147",514.6,29.9124388,-173.061677966102,4.071
"5148",514.7,29.907349,-173.162195121951,4.071
"5149",514.8,29.890862631579,-172.98656,4.071
"5150",514.9,29.8872259090909,-173.10476,4.071
"5151",515,29.9256027,-173.00344,4.071
"5152",515.1,29.9122983,-173.056428571429,4.071
"5153",515.2,29.9427807,-173.013862068966,4.06906896551724
"5154",515.3,29.9048859,-172.997076923077,4.07179807692308
"5155",515.4,29.9196272,-173.02215625,4.07296875
"5156",515.5,29.898297,-173.05113,4.07106
"5157",515.6,29.8909931683168,-173.03163,4.071
"5158",515.7,29.8669772,-172.971088235294,4.071
"5159",515.8,29.8879917821782,-172.968,4.071
"5160",515.9,29.8538181818182,-172.933818181818,4.071
"5161",516,29.9030898,-172.9073,4.0729
"5162",516.1,29.890243,-172.943424242424,4.0720404040404
"5163",516.2,29.862716,-172.755851485149,4.07009900990099
"5164",516.3,29.8589652,-172.9094,4.07095
"5165",516.4,29.8946308,-172.9541,4.07005
"5166",516.5,29.9019032323232,-172.985747474747,4.0709595959596
"5167",516.6,29.930581980198,-172.966789473684,4.071
"5168",516.7,29.8971866666667,-172.863091954023,4.071
"5169",516.8,29.9088586,-173.0204,4.071
"5170",516.9,29.9303244,-172.81335,4.071
"5171",517,29.9211548,-173.088919191919,4.0700404040404
"5172",517.1,29.936949009901,-172.993594059406,4.0709504950495
"5173",517.2,29.950891010101,-172.848858585859,4.07291919191919
"5174",517.3,29.8892738,-172.991277227723,4.07014851485149
"5175",517.4,29.9456542,-172.994086206897,4.07163793103448
"5176",517.5,29.8822562,-172.851180722892,4.07104819277108
"5177",517.6,29.8610997979798,-173.05500990099,4.071
"5178",517.7,29.91012,-173.040090909091,4.071
"5179",517.8,29.9024764356436,-173.006683168317,4.071
"5180",517.9,29.9116565,-172.949727272727,4.071
"5181",518,29.8968705940594,-173.026,4.071
"5182",518.1,29.8974422,-172.984201834862,4.07276146788991
"5183",518.2,29.9057058585859,-172.726475247525,4.07127722772277
"5184",518.3,29.9270112871287,-172.836022222222,4.071
"5185",518.4,29.9101662626263,-172.909742857143,4.071
"5186",518.5,29.9003771,-173.078842105263,4.071
"5187",518.6,29.8804602,-172.979544554455,4.071
"5188",518.7,29.8876515037594,-173.01865,4.071
"5189",518.8,29.9140336363636,-172.923361111111,4.071
"5190",518.9,29.89267,-172.807869565217,4.071
"5191",519,29.9029,-172.87301010101,4.071
"5192",519.1,29.88453,-172.704910891089,4.0719504950495
"5193",519.2,29.89516,-172.856252525253,4.072
"5194",519.3,29.911934040404,-172.864900990099,4.0729504950495
"5195",519.4,29.88653,-172.991383928571,4.07130357142857
"5196",519.5,29.8959953465347,-172.950806818182,4.071
"5197",519.6,29.9104648,-172.87575,4.071
"5198",519.7,29.9111491089109,-172.839373737374,4.071
"5199",519.8,29.9252622,-172.858910891089,4.071
"5200",519.9,29.9363003030303,-172.82295,4.071
"5201",520,29.9367138613861,-172.903525252525,4.071
"5202",520.1,29.9178525252525,-172.80908,4.07004
"5203",520.2,29.8696351,-172.78292,4.07096
"5204",520.3,29.8921160396039,-172.732574257426,4.07385148514851
"5205",520.4,29.9053595959596,-172.97225,4.07115
"5206",520.5,29.8794363366336,-172.882323232323,4.071
"5207",520.6,29.8874528282828,-172.83288,4.071
"5208",520.7,29.885393877551,-172.999,4.071
"5209",520.8,29.9032,-172.895742574257,4.071
"5210",520.9,29.88144,-172.831064814815,4.06924074074074
"5211",521,29.8849228282828,-172.616484848485,4.06987878787879
"5212",521.1,29.87064,-172.77535483871,4.07094623655914
"5213",521.2,29.864117979798,-172.769780487805,4.071
"5214",521.3,29.87632,-172.82644,4.07196
"5215",521.4,29.88288,-172.689742574257,4.0710396039604
"5217",521.6,29.8921945098039,-172.932418181818,4.071
"5218",521.7,29.8508005050505,-172.915355555556,4.071
"5219",521.8,29.89475,-172.9342,4.071
"5220",521.9,29.8915717821782,-172.76028,4.07292
"5221",522,29.9191909090909,-172.79716,4.07204
"5222",522.1,29.8801,-172.65404,4.072
"5223",522.2,29.9130354545455,-172.72288,4.07104
"5224",522.3,29.87849,-172.823900990099,4.0700495049505
"5225",522.4,29.9010638383838,-172.811727272727,4.0709595959596
"5226",522.5,29.91668,-172.927910891089,4.071
"5227",522.6,29.866628358209,-172.778545454545,4.071
"5228",522.7,29.9323,-172.874337078652,4.071
"5229",522.8,29.9452768316832,-172.836363636364,4.071
"5231",523,29.9151382,-172.840792079208,4.072
"5232",523.1,29.925650990099,-172.769212121212,4.072
"5234",523.3,29.892479117647,-172.819840336134,4.07163025210084
"5235",523.4,29.9308260606061,-172.688909090909,4.07111363636364
"5236",523.5,29.92522,-172.785258064516,4.071
"5237",523.6,29.9696754455446,-172.81397029703,4.071
"5238",523.7,29.9634386868687,-172.800931034483,4.071
"5239",523.8,29.95057,-172.845619047619,4.071
"5240",523.9,29.9625198989899,-172.97088,4.07292
"5241",524,29.93253,-172.847085714286,4.07117142857143
"5242",524.1,29.9365877777778,-172.721010526316,4.07195789473684
"5243",524.2,29.95481,-172.72368,4.07104
"5244",524.3,29.94924,-172.706056074766,4.07189719626168
"5246",524.5,29.966625049505,-172.84186,4.071
"5248",524.7,29.9317008910891,-172.816424242424,4.071
"5249",524.8,29.92379,-172.84707,4.071
"5250",524.9,29.91446,-172.83151,4.07197
"5251",525,29.9296,-172.793544554455,4.072
"5253",525.2,29.9562369306931,-172.733518518519,4.07003703703704
"5255",525.4,29.9316212,-172.828634408602,4.071
"5256",525.5,29.9593057425743,-172.819888888889,4.071
"5258",525.7,29.9349417821782,-172.7992,4.071
"5259",525.8,29.92412,-172.738375,4.0729375
"5260",525.9,29.9285,-172.543,4.073
"5261",526,29.89914,-172.679457142857,4.07025714285714
"5263",526.2,29.9152610891089,-172.596981132075,4.071
"5265",526.4,29.9112949253731,-172.634280373832,4.071
"5266",526.5,29.9657874626866,-172.617586956522,4.071
"5267",526.6,29.9531836,-172.65192,4.071
"5268",526.7,29.9536654,-172.62293,4.071
"5269",526.8,29.9658347474748,-172.750728971963,4.06918691588785
"5270",526.9,29.9415596,-172.642453608247,4.06992783505155
"5271",527,29.930341980198,-172.69984375,4.0719375
"5272",527.1,29.9584142,-172.62925,4.07103
"5273",527.2,29.9836836633663,-172.6464,4.06906
"5275",527.4,29.9771673267327,-172.836136752137,4.071
"5277",527.6,29.9750463,-172.77031372549,4.071
"5278",527.7,29.98347,-172.79688,4.071
"5279",527.8,29.9711987,-172.77784,4.071
"5280",527.9,29.9319802970297,-172.72036,4.071
"5281",528,29.88401,-172.811203883495,4.071
"5283",528.2,29.8603953,-172.851433962264,4.072
"5284",528.3,29.8432616,-172.71547826087,4.07104347826087
"5285",528.4,29.8589636,-172.869,4.071
"5286",528.5,29.8295439,-172.761512605042,4.071
"5287",528.6,29.8220544,-172.599975609756,4.071
"5288",528.7,29.8264823,-172.77732,4.071
"5289",528.8,29.8299386,-172.74468,4.07196
"5290",528.9,29.8552079,-172.656345132743,4.07030088495575
"5291",529,29.822586,-172.57708045977,4.07
"5292",529.1,29.8478085,-172.743696969697,4.0709696969697
"5293",529.2,29.836301,-172.69856,4.071
"5294",529.3,29.8879676767677,-172.58545,4.071
"5295",529.4,29.8964368316832,-172.68385,4.071
"5296",529.5,29.8899149,-172.59582,4.071
"5297",529.6,29.8479398019802,-172.65314,4.071
"5298",529.7,29.85892,-172.891257425743,4.071
"5300",529.9,29.927471,-172.658433628319,4.07015044247788
"5301",530,29.9889464,-172.690885057471,4.0709540229885
"5302",530.1,29.9887317,-172.6402,4.07004
"5303",530.2,30.002851980198,-172.66968,4.07096
"5305",530.4,30.0058737,-172.65424,4.071
"5306",530.5,30.0050454,-172.742212121212,4.071
"5307",530.6,29.984424,-172.77895,4.071
"5308",530.7,29.9485497,-172.64614,4.06906
"5309",530.8,29.9843385,-172.761045454545,4.06988181818182
"5310",530.9,30.0023017821782,-172.511166666667,4.07193333333333
"5312",531.1,30.001186039604,-172.582346153846,4.06936538461538
"5314",531.3,30.0168657,-172.55812244898,4.071
"5315",531.4,30.0330365,-172.56955,4.071
"5316",531.5,30.0097139393939,-172.77837037037,4.071
"5317",531.6,29.9896956435644,-172.701989690722,4.071
"5318",531.7,29.9985324242424,-172.576647058824,4.07190196078431
"5319",531.8,30.0133658415841,-172.650170212766,4.07104255319149
"5320",531.9,30.0564155,-172.641393939394,4.0700303030303
"5321",532,30.0261032323232,-172.499821782178,4.07
"5322",532.1,30.0088560396039,-172.657384615385,4.07
"5323",532.2,29.9639226,-172.577083333333,4.07095833333333
"5324",532.3,29.9452889,-172.54003030303,4.071
"5325",532.4,29.9373519,-172.645603960396,4.071
"5326",532.5,29.9464451,-172.64424,4.071
"5327",532.6,29.9460299009901,-172.48848,4.071
"5329",532.8,29.9572112,-172.55804,4.07004
"5330",532.9,29.942357,-172.667696969697,4.0709696969697
"5331",533,29.9562148,-172.502930693069,4.0719603960396
"5332",533.1,29.9693172,-172.58912,4.06912
"5333",533.2,29.9277524242424,-172.80516,4.07092
"5334",533.3,29.9397777227722,-172.70936,4.071
"5335",533.4,29.979354,-172.62896039604,4.071
"5336",533.5,29.9381721782178,-172.88245,4.071
"5337",533.6,29.9757855,-172.8485,4.07181896551724
"5338",533.7,29.9643019191919,-172.673416666667,4.07294047619048
"5339",533.8,29.9497802970297,-172.622696969697,4.07012121212121
"5340",533.9,29.9493681818182,-172.765,4.07096
"5341",534,29.9568852,-172.554287128713,4.071
"5342",534.1,29.9972982,-172.5506,4.071
"5343",534.2,29.9719961616162,-172.460025423729,4.071
"5344",534.3,29.9617391089109,-172.55443902439,4.071
"5345",534.4,29.9807744444445,-172.541708737864,4.071
"5346",534.5,29.9554519,-172.601333333333,4.071
"5347",534.6,29.9769551,-172.465227722772,4.071
"5348",534.7,29.9899491,-172.559519607843,4.07193137254902
"5349",534.8,29.9667701980198,-172.729030927835,4.0710412371134
"5350",534.9,30.0020718181818,-172.496923076923,4.07192307692308
"5351",535,29.9712647058824,-172.474557522124,4.07118584070796
"5352",535.1,29.9762212121212,-172.504457831325,4.071
"5353",535.2,29.9938026,-172.55112,4.071
"5354",535.3,29.9856438,-172.55396,4.071
"5355",535.4,30.0119787878788,-172.4628,4.071
"5356",535.5,30.0201596039604,-172.633769230769,4.07182051282051
"5357",535.6,30.0049450505051,-172.662595238095,4.07105952380952
"5358",535.7,30.0427638613862,-172.524777777778,4.071
"5359",535.8,30.003045,-172.52188,4.07004
"5360",535.9,30.0199993939394,-172.443108910891,4.0709504950495
"5361",536,30.0448025742574,-172.491389705882,4.06960294117647
"5362",536.1,30.0006947474748,-172.53796875,4.07084375
"5363",536.2,30.0119142574257,-172.4868,4.071
"5364",536.3,30.0069626262626,-172.689714285714,4.071
"5365",536.4,30.0288774,-172.748865671642,4.071
"5366",536.5,30.0111391089109,-172.540686868687,4.071
"5367",536.6,29.9839655555556,-172.535428571429,4.071
"5368",536.7,29.9978948514852,-172.494954545455,4.071
"5369",536.8,29.9851731313131,-172.41696039604,4.0700495049505
"5370",536.9,30.0105058,-172.190373737374,4.07191919191919
"5371",537,30.0252122,-172.448540983607,4.0712131147541
"5372",537.1,30.0340542424242,-172.538076923077,4.071
"5373",537.2,30.01409,-172.49292,4.071
"5374",537.3,29.9997668686869,-172.564696969697,4.071
"5375",537.4,29.994119009901,-172.627504950495,4.071
"5376",537.5,29.9893062,-172.559663366337,4.071
"5377",537.6,30.0112382828283,-172.538727272727,4.0700404040404
"5378",537.7,30.0144035643564,-172.350752475248,4.0709504950495
"5379",537.8,30.0097981818182,-172.335242424242,4.071
"5380",537.9,30.0198669306931,-172.388227722772,4.071
"5381",538,30.0655866666666,-172.413454545455,4.06927272727273
"5382",538.1,30.0220357575758,-172.409359550562,4.07091011235955
"5383",538.2,30.0140326732673,-172.49156,4.071
"5384",538.3,29.9950072727272,-172.296346534653,4.071
"5385",538.4,30.0276807920792,-172.445772727273,4.071
"5386",538.5,30.0155481818182,-172.415943181818,4.071
"5387",538.6,30.0304572,-172.299775700935,4.07190654205607
"5388",538.7,30.0351559405941,-172.263368421053,4.07105263157895
"5389",538.8,30.0054796969697,-172.331090909091,4.07186363636364
"5390",538.9,30.0136041176471,-172.301388888889,4.07011111111111
"5391",539,30.0174594949495,-172.28475,4.07095
"5392",539.1,30.0456449504951,-172.359808080808,4.071
"5393",539.2,30.0635014,-172.34685840708,4.071
"5394",539.3,30.0338556,-172.359090909091,4.071
"5395",539.4,30.0191866,-172.5956,4.071
"5396",539.5,30.054383030303,-172.501484848485,4.06908080808081
"5397",539.6,30.0110064705882,-172.525514851485,4.06995049504951
"5398",539.7,30.0154641836735,-172.35125,4.07095
"5399",539.8,30.0424069,-172.2945,4.071
"5400",539.9,30.0221814,-172.324884615385,4.07008653846154
"5401",540,30.0203921,-172.273020833333,4.07
"5402",540.1,30.0452911,-172.375961538462,4.07091346153846
"5403",540.2,30.0642763636364,-172.496157894737,4.071
"5404",540.3,30.0682868656716,-172.3138,4.071
"5405",540.4,30.0114585074627,-172.4068,4.071
"5406",540.5,29.9918228,-172.39948,4.07196
"5407",540.6,30.006508,-172.310245283019,4.07018867924528
"5408",540.7,30.0065634343434,-172.439181818182,4.06909090909091
"5409",540.8,30.0177264356436,-172.35346875,4.06994791666667
"5410",540.9,29.9663372,-172.39227184466,4.07092233009709
"5411",541,29.9733232,-172.381773195876,4.07005154639175
"5412",541.1,29.9510079207921,-172.2442,4.07095
"5413",541.2,29.9147252,-172.4669,4.071
"5414",541.3,29.9276558415841,-172.418545454545,4.071
"5415",541.4,29.9440294,-172.3776,4.071
"5416",541.5,29.9855282,-172.30016,4.07388
"5417",541.6,30.0276204,-172.29412,4.07208
"5418",541.7,30.0293086868687,-172.06744,4.07104
"5419",541.8,30.0151467,-172.30088,4.07004
"5420",541.9,30.0138384848485,-172.326709090909,4.07087272727273
"5421",542,30.006404,-172.420548387097,4.071
"5422",542.1,30.0046312,-172.32924742268,4.071
"5423",542.2,29.9780648,-172.45172,4.071
"5424",542.3,30.0028744,-172.309737864078,4.071
"5425",542.4,30.0193521212121,-172.416927835052,4.071
"5426",542.5,30.0158494059406,-172.274673267327,4.0700495049505
"5427",542.6,30.034364,-172.24325,4.07095
"5428",542.7,30.0383427722772,-172.423363636364,4.071
"5429",542.8,30.0795859405941,-172.40412,4.071
"5430",542.9,30.0623212121212,-172.18988,4.07196
"5431",543,30.0708857425743,-172.324533980583,4.07106796116505
"5432",543.1,30.0639608080808,-172.359673469388,4.071
"5433",543.2,30.0827157,-172.380191919192,4.071
"5434",543.3,30.059786,-172.237,4.071
"5435",543.4,30.0339031,-172.42204,4.071
"5436",543.5,30.0383334653465,-172.39448,4.071
"5437",543.6,30.0632876767677,-172.269435643564,4.071
"5438",543.7,30.0485472727273,-172.30765,4.071
"5439",543.8,30.0623856,-172.305202020202,4.071
"5440",543.9,30.0808244,-172.41924,4.07004
"5441",544,30.0593524,-172.174722689076,4.07080672268908
"5442",544.1,30.0600205050505,-172.301320987655,4.071
"5443",544.2,30.0636459259259,-172.39932,4.071
"5444",544.3,30.0741644444444,-172.38956,4.071
"5445",544.4,30.0736116,-172.42932,4.07004
"5446",544.5,30.0998992,-172.408061946903,4.07084955752212
"5447",544.6,30.0680064,-172.257806818182,4.071
"5448",544.7,30.0809384,-172.2509,4.07005
"5449",544.8,30.088564,-172.13225,4.07
"5450",544.9,30.1014072,-172.1279,4.07095
"5451",545,30.1413534653465,-172.209306306306,4.071
"5452",545.1,30.1165992,-172.284090909091,4.071
"5453",545.2,30.120029,-172.234722772277,4.071
"5454",545.3,30.0859442424242,-172.12085,4.07005
"5455",545.4,30.1017072,-172.222076271186,4.07
"5456",545.5,30.0622372,-172.255604938272,4.07
"5457",545.6,30.068578,-172.193267326733,4.07190099009901
"5458",545.7,30.1081764,-172.162216981132,4.07110377358491
"5459",545.8,30.1312253535353,-172.312382978723,4.071
"5460",545.9,30.105615,-172.23075,4.071
"5461",546,30.1170575,-172.228878787879,4.071
"5462",546.1,30.1085665,-172.162465346535,4.071
"5463",546.2,30.103696,-172.2274,4.071
"5464",546.3,30.109318,-172.195494949495,4.071
"5465",546.4,30.09815,-172.29096969697,4.071
"5466",546.5,30.0930625,-172.321587155963,4.07011009174312
"5467",546.6,30.104085,-172.299173913043,4.07095652173913
"5468",546.7,30.089545049505,-172.10504950495,4.071
"5469",546.8,30.0352608,-172.151616161616,4.071
"5470",546.9,30.049314,-172.06856,4.071
"5471",547,30.0783552,-172.25988,4.071
"5472",547.1,30.0199907070707,-172.16336,4.071
"5473",547.2,30.055447,-172.231237623762,4.071
"5474",547.3,30.048058,-172.197,4.071
"5475",547.4,30.0608799009901,-172.1646,4.0691
"5476",547.5,30.0707228,-172.255091836735,4.0699693877551
"5477",547.6,30.0713932323232,-172.263596153846,4.07
"5478",547.7,30.0559105,-172.250577319588,4.0709587628866
"5479",547.8,30.0335545,-172.41224,4.07004
"5480",547.9,30.08349,-172.11564,4.07096
"5481",548,30.119375,-172.197386554622,4.071
"5482",548.1,30.0927355,-172.244716049383,4.071
"5483",548.2,30.14337,-172.380787878788,4.071
"5484",548.3,30.125483,-172.338900990099,4.071
"5485",548.4,30.129791,-172.38596,4.06716
"5486",548.5,30.085063,-172.21808,4.06988
"5487",548.6,30.102815,-172.128306930693,4.0709504950495
"5488",548.7,30.130998,-172.1335,4.07005
"5489",548.8,30.110274949495,-172.147686440678,4.07
"5490",548.9,30.1398635643564,-172.070197530864,4.07095061728395
"5491",549,30.146462,-172.08500990099,4.071
"5492",549.1,30.1106728712871,-172.1506,4.071
"5493",549.2,30.1547172,-172.261474747475,4.071
"5494",549.3,30.1228253535354,-172.147188118812,4.071
"5495",549.4,30.1197125,-172.209131313131,4.0700404040404
"5496",549.5,30.124636,-172.18608,4.07096
"5497",549.6,30.103854,-172.05924,4.071
"5498",549.7,30.142249,-172.0972,4.06908
"5499",549.8,30.117371,-172.128944954128,4.07076146788991
"5500",549.9,30.144833,-172.112923076923,4.071
"5501",550,30.108596,-172.060606060606,4.071
"5502",550.1,30.1447015,-172.056401785714,4.071
"5503",550.2,30.1447775,-172.019707865169,4.071
"5504",550.3,30.1169195,-172.10728,4.06908
"5505",550.4,30.12104,-172.05916,4.06996
"5506",550.5,30.1544581818182,-172.070837837838,4.07
"5507",550.6,30.1216920792079,-171.980444444444,4.07
"5508",550.7,30.1175395,-171.949603960396,4.0709405940594
"5509",550.8,30.102819,-171.950495575221,4.071
"5510",550.9,30.1310535,-172.041310344828,4.071
"5511",551,30.0805960606061,-172.002740740741,4.071
"5512",551.1,30.1016896039604,-171.996934782609,4.0700652173913
"5513",551.2,30.0938944444444,-172.001747474747,4.07
"5514",551.3,30.1366535643564,-171.991653465347,4.07188118811881
"5515",551.4,30.116448,-171.981275862069,4.07037931034483
"5516",551.5,30.1283425,-171.873746987952,4.07
"5517",551.6,30.1238407920792,-171.919673267327,4.07
"5518",551.7,30.1207208080808,-172.099606060606,4.0690505050505
"5519",551.8,30.127888,-171.98296039604,4.07088118811881
"5520",551.9,30.120329,-171.915181818182,4.071
"5521",552,30.1390796212121,-171.95285,4.071
"5522",552.1,30.1230720454545,-171.901386138614,4.07005940594059
"5523",552.2,30.1089033333333,-172.0578,4.07094
"5524",552.3,30.1123721,-171.90162,4.071
"5525",552.4,30.1337993,-171.89852,4.07194
"5526",552.5,30.1690041,-171.754676767677,4.0710505050505
"5527",552.6,30.1397195049505,-171.861684684685,4.071
"5528",552.7,30.1009996969697,-172.028,4.071
"5529",552.8,30.1047734653465,-171.933428571429,4.071
"5530",552.9,30.1087194,-171.999,4.071
"5531",553,30.1235941584159,-172.054447916667,4.071
"5532",553.1,30.0926935,-172.1223125,4.07015178571429
"5533",553.2,30.1184678787879,-172.138770114943,4.0709540229885
"5534",553.3,30.1268051485149,-172.023235294118,4.07194117647059
"5535",553.4,30.1284058585859,-171.902060606061,4.0710505050505
"5536",553.5,30.1282764,-171.79815,4.071
"5537",553.6,30.1437024,-171.925321428572,4.07184821428571
"5538",553.7,30.120274,-171.925410526316,4.07112631578947
"5539",553.8,30.1048811881188,-171.8208,4.071
"5540",553.9,30.0861419191919,-171.911163265306,4.07010204081633
"5541",554,30.0891972,-171.993588235294,4.07088235294118
"5542",554.1,30.0667298,-172.020959183673,4.071
"5543",554.2,30.0826592,-172.07993877551,4.07008163265306
"5544",554.3,30.1057574,-171.926346938775,4.0690612244898
"5545",554.4,30.0941506060606,-171.922654867257,4.07149557522124
"5546",554.5,30.0829274509804,-171.982909090909,4.07015909090909
"5547",554.6,30.0571621212121,-171.913030612245,4.07
"5548",554.7,30.0651906,-172.025308411215,4.07088785046729
"5549",554.8,30.0554588,-172.014063157895,4.071
"5550",554.9,30.0671393939394,-172.032666666667,4.071
"5551",555,30.1019088118812,-171.966725490196,4.071
"5552",555.1,30.0893081818182,-171.910306122449,4.0700612244898
"5553",555.2,30.0752683168317,-171.80266,4.07
"5554",555.3,30.0755284,-171.84904950495,4.07372277227723
"5555",555.4,30.0936528,-171.971529411765,4.07035294117647
"5556",555.5,30.112041980198,-171.930559322034,4.07
"5557",555.6,30.1358581818182,-171.996111111111,4.0709012345679
"5558",555.7,30.1117043564356,-171.979909090909,4.07192929292929
"5559",555.8,30.0963197979798,-171.987207920792,4.07107920792079
"5560",555.9,30.1040372,-172.03216,4.07008
"5561",556,30.1115758,-172.08012244898,4.0709387755102
"5562",556.1,30.0912396969697,-171.920803921569,4.07007843137255
"5563",556.2,30.1402999009901,-171.93368,4.07184
"5564",556.3,30.1250639393939,-171.822138613861,4.07291089108911
"5565",556.4,30.0994122,-171.784343434343,4.07208080808081
"5566",556.5,30.1293036,-171.749837398374,4.07050406504065
"5567",556.6,30.1129131313131,-171.733623376623,4.07268831168831
"5568",556.7,30.110865882353,-171.7882,4.07116
"5569",556.8,30.1046166666666,-171.741692307692,4.071
"5570",556.9,30.1463807920792,-171.8582,4.0702347826087
"5571",557,30.116107,-171.851188118812,4.07072277227723
"5572",557.1,30.1394742424243,-171.9087,4.071
"5573",557.2,30.1601159803922,-171.878016949153,4.0694406779661
"5574",557.3,30.160684949495,-171.887098765432,4.07082716049382
"5575",557.4,30.1442612871287,-171.794102040816,4.07005102040816
"5576",557.5,30.1834091919192,-171.81776146789,4.07
"5577",557.6,30.1804352,-171.812549450549,4.07094505494505
"5578",557.7,30.1296042,-171.524121212121,4.071
"5579",557.8,30.1516212121212,-171.66464,4.07004
"5580",557.9,30.1498504950495,-171.767,4.07096
"5581",558,30.1547606060606,-171.85141025641,4.071
"5582",558.1,30.150809,-171.795585858586,4.071
"5583",558.2,30.1407588,-171.754021276596,4.06929787234043
"5584",558.3,30.1561087878788,-171.66589010989,4.07089010989011
"5585",558.4,30.1143139215686,-171.705141414141,4.071
"5586",558.5,30.1001060606061,-171.768906542056,4.07010280373832
"5587",558.6,30.0691372277228,-171.666903225806,4.07095698924731
"5588",558.7,30.0754452,-171.72728,4.07004
"5589",558.8,30.0600454,-171.667267326733,4.0709504950495
"5590",558.9,30.1058238,-171.747484848485,4.0700404040404
"5591",559,30.0863333333333,-171.740544554455,4.0709504950495
"5592",559.1,30.1038988235294,-171.70295,4.07005
"5593",559.2,30.1353182828283,-171.676619469027,4.07
"5594",559.3,30.094807029703,-171.752093023256,4.07
"5595",559.4,30.11305,-171.657148514851,4.0709504950495
"5596",559.5,30.0821305,-171.829525252525,4.0700404040404
"5597",559.6,30.092535,-171.701079207921,4.0690495049505
"5598",559.7,30.0666381818182,-171.751,4.0709
"5599",559.8,30.0753508,-171.8376,4.07005
"5600",559.9,30.0878187878788,-171.8781,4.07095
"5601",560,30.0750461,-171.748965517241,4.071
"5602",560.1,30.0859368,-171.772380434783,4.071
"5603",560.2,30.1265698,-171.906241758242,4.07291208791209
"5604",560.3,30.0950148514851,-171.749538461539,4.07115384615385
"5605",560.4,30.0950878787879,-171.686166666667,4.071
"5606",560.5,30.1107887,-171.70224,4.07196
"5607",560.6,30.1242558415842,-171.79727027027,4.07027027027027
"5608",560.7,30.1235563636364,-171.8035,4.07094444444444
"5609",560.8,30.0998423762376,-171.950980769231,4.07008653846154
"5610",560.9,30.1103018,-171.878739583333,4.07094791666667
"5611",561,30.1025366,-171.796198275862,4.07018103448276
"5612",561.1,30.1566338,-171.64628,4.07
"5613",561.2,30.1459190909091,-171.722361445783,4.06809638554217
"5614",561.3,30.1115064,-171.73376,4.07088
"5615",561.4,30.1641433333333,-171.647504950495,4.0700495049505
"5616",561.5,30.1748357425742,-171.609880733945,4.07
"5617",561.6,30.1449139,-171.637469387755,4.07087755102041
"5618",561.7,30.134682,-171.695935483871,4.071
"5619",561.8,30.1630437,-171.6572,4.071
"5620",561.9,30.1708006,-171.7899,4.071
"5621",562,30.1268582,-171.670333333333,4.071
"5622",562.1,30.130232020202,-171.756247524752,4.0700495049505
"5623",562.2,30.1477682178218,-171.647904761905,4.07180952380952
"5624",562.3,30.1584845544554,-171.690174757282,4.07112621359223
"5625",562.4,30.1733784,-171.501304347826,4.071
"5626",562.5,30.1528572,-171.7218,4.0691
"5627",562.6,30.1457836363636,-171.682181818182,4.07091919191919
"5628",562.7,30.1433305,-171.749647058823,4.07005882352941
"5629",562.8,30.1403306,-171.686733944954,4.07
"5630",562.9,30.1604427,-171.579666666667,4.07
"5631",563,30.1620669306931,-171.6196,4.07
"5632",563.1,30.1758266666667,-171.7075,4.07095
"5633",563.2,30.1706073,-171.557505050505,4.0700404040404
"5634",563.3,30.1910348,-171.590234782609,4.07
"5635",563.4,30.1980546,-171.485552941176,4.07095294117647
"5636",563.5,30.1950993,-171.532277227723,4.0719504950495
"5637",563.6,30.171778,-171.551313131313,4.0710404040404
"5638",563.7,30.1830076,-171.56064,4.07004
"5639",563.8,30.1786046464646,-171.549,4.07
"5640",563.9,30.1745368,-171.733916666667,4.07
"5641",564,30.1858376,-171.682226415094,4.07090566037736
"5642",564.1,30.1828284,-171.526315789474,4.07005263157895
"5643",564.2,30.1692778217822,-171.515336448598,4.07088785046729
"5644",564.3,30.1635561616162,-171.47147311828,4.07005376344086
"5645",564.4,30.1523768,-171.361525252525,4.0709595959596
"5646",564.5,30.1476857425743,-171.59508,4.071
"5647",564.6,30.1583506,-171.434861386139,4.0700495049505
"5648",564.7,30.1653292079208,-171.59035,4.07095
"5649",564.8,30.1520148484848,-171.49165,4.071
"5650",564.9,30.1546549,-171.6646,4.07005
"5651",565,30.1655236,-171.52865,4.07
"5652",565.1,30.185535,-171.564267326733,4.07
"5653",565.2,30.1830805050505,-171.479646464646,4.07
"5654",565.3,30.1475404,-171.6175,4.07095
"5655",565.4,30.1800028,-171.480148514851,4.07005940594059
"5656",565.5,30.1798024,-171.519918367347,4.07095918367347
"5657",565.6,30.1898852,-171.346158415842,4.0700495049505
"5658",565.7,30.1976796039604,-171.61725,4.07
"5659",565.8,30.1731347,-171.5465,4.07
"5660",565.9,30.1643358,-171.538161616162,4.07
"5661",566,30.1930309,-171.482871287129,4.07
"5662",566.1,30.1922486868687,-171.41255,4.07095
"5663",566.2,30.1950504,-171.3463,4.07005
"5664",566.3,30.1883032,-171.295094017094,4.07081196581197
"5665",566.4,30.2078936,-171.270682926829,4.07004878048781
"5666",566.5,30.2129556,-171.35,4.07094117647059
"5667",566.6,30.1808832323232,-171.312795918367,4.07004081632653
"5668",566.7,30.198524,-171.391792079208,4.07
"5669",566.8,30.2106183,-171.546656565657,4.07
"5670",566.9,30.2080658415842,-171.536841584158,4.0709504950495
"5671",567,30.2135668,-171.4771,4.07005
"5672",567.1,30.2409316,-171.4246,4.07
"5673",567.2,30.2249244,-171.6063,4.07095
"5674",567.3,30.192058,-171.297414141414,4.071
"5675",567.4,30.2302256,-171.34448,4.07196
"5676",567.5,30.2289788,-171.471474576271,4.07118644067797
"5677",567.6,30.1976292,-171.48287804878,4.0700487804878
"5678",567.7,30.1927888,-171.49256,4.07
"5679",567.8,30.1916394949495,-171.458782178218,4.0709504950495
"5680",567.9,30.2101195,-171.41805,4.07005
"5681",568,30.224215,-171.436151515152,4.0709595959596
"5682",568.1,30.2304984,-171.450306930693,4.06814851485148
"5683",568.2,30.2080798,-171.380455445545,4.07082178217822
"5684",568.3,30.2229936363636,-171.280101010101,4.07005050505051
"5685",568.4,30.2248567326733,-171.117920792079,4.07
"5686",568.5,30.2265178,-171.269487179487,4.07080341880342
"5687",568.6,30.213871980198,-171.351976744186,4.07010465116279
"5688",568.7,30.2188964,-171.169371134021,4.07
"5689",568.8,30.2021426262626,-171.27208411215,4.07
"5690",568.9,30.1848063366337,-171.261159574468,4.07092553191489
"5691",569,30.1700816161616,-171.43198,4.071
"5692",569.1,30.1493845,-171.236454545455,4.07006060606061
"5693",569.2,30.2069634,-171.207808080808,4.07
"5694",569.3,30.2084584,-171.180663366337,4.07
"5695",569.4,30.2002154455446,-171.2777,4.06906
"5696",569.5,30.1768662626263,-171.12984,4.07088
"5697",569.6,30.2090859405941,-171.23468,4.07006
"5698",569.7,30.2027785858586,-171.07656,4.07
"5699",569.8,30.17569,-171.145757575758,4.07
"5700",569.9,30.1787734,-171.2222,4.07095
"5701",570,30.2090663636364,-171.102782178218,4.071
"5702",570.1,30.2021488118812,-171.00288,4.07194
"5703",570.2,30.2184890909091,-171.10998989899,4.0710505050505
"5704",570.3,30.20609,-170.9944,4.07005
"5705",570.4,30.200318,-171.14,4.07095
"5706",570.5,30.2456892929293,-171.0948,4.07005
"5707",570.6,30.2503202941176,-171.144673267327,4.07
"5708",570.7,30.2175490909091,-171.14706,4.07
"5709",570.8,30.196439009901,-171.19024,4.07
"5710",570.9,30.2451984,-170.91006,4.07
"5711",571,30.2316019,-171.015782178218,4.06906930693069
"5712",571.1,30.2244665346535,-171.124575757576,4.069
"5713",571.2,30.2153264646465,-171.0323,4.06994
"5714",571.3,30.1928278217822,-171.026,4.07
"5715",571.4,30.214306969697,-171.088024096386,4.07
"5716",571.5,30.2240368,-171.084366071429,4.07
"5717",571.6,30.2054562,-171.150909090909,4.07
"5718",571.7,30.2503854545455,-170.985693069307,4.07
"5719",571.8,30.2346152475248,-171.06524,4.07
"5720",571.9,30.2412609090909,-171.041173076923,4.07090384615385
"5721",572,30.242349,-171.0914375,4.071
"5722",572.1,30.209035,-171.00382,4.07006
"5723",572.2,30.2267504040404,-171.0215,4.07094
"5724",572.3,30.2272671568627,-170.9807,4.071
"5725",572.4,30.2368709090909,-170.95262,4.07194
"5726",572.5,30.2447265346535,-170.998474747475,4.07010101010101
"5727",572.6,30.233902,-171.06401980198,4.07
"5728",572.7,30.2651736363637,-171.097375,4.07
"5729",572.8,30.2454832673267,-171.001206896552,4.07094252873563
"5730",572.9,30.2676963636364,-170.886306306306,4.071
"5731",573,30.2636332673267,-170.981866666667,4.06913333333333
"5732",573.1,30.2537136363636,-170.8537,4.06994
"5733",573.2,30.256043,-170.914660714286,4.07
"5734",573.3,30.2459473267327,-170.927127659574,4.07087234042553
"5735",573.4,30.2395136363636,-170.897042553191,4.07006382978723
"5736",573.5,30.2668935643564,-170.81322,4.07
"5737",573.6,30.2514445454546,-170.810792079208,4.07
"5738",573.7,30.297082,-171.082408163265,4.07
"5739",573.8,30.250656,-171.037742574257,4.07094059405941
"5740",573.9,30.252292,-170.817322033898,4.06940677966102
"5741",574,30.234211,-170.813604938272,4.069
"5742",574.1,30.2619919191919,-170.757742574257,4.07088118811881
"5743",574.2,30.2441078217822,-170.711272727273,4.071
"5744",574.3,30.2544687878788,-170.71755,4.07005
"5745",574.4,30.2824091,-170.84435,4.07095
"5746",574.5,30.2782489108911,-170.834620689655,4.07018103448276
"5747",574.6,30.266645050505,-170.852376470588,4.07
"5748",574.7,30.2579728431373,-170.848018181818,4.07
"5749",574.8,30.2444972727273,-170.798466666667,4.07093333333333
"5750",574.9,30.241867,-170.82884,4.07006
"5751",575,30.2421736633663,-170.8216,4.07078333333333
"5752",575.1,30.2437799,-170.775525,4.071
"5753",575.2,30.2267685,-170.9271,4.07006
"5754",575.3,30.2031290909091,-170.78378,4.06906
"5755",575.4,30.225419,-170.77494,4.06994
"5756",575.5,30.234718,-170.841403669725,4.07
"5757",575.6,30.262251,-170.72875,4.07
"5758",575.7,30.260703,-170.925166666667,4.07
"5759",575.8,30.2137077777778,-170.8563,4.07095
"5760",575.9,30.2508648,-170.717934579439,4.06833644859813
"5761",576,30.2411533,-170.849559139785,4.07083870967742
"5762",576.1,30.2227815,-170.824574074074,4.07012037037037
"5763",576.2,30.222902970297,-170.769880434783,4.07
"5764",576.3,30.2078060606061,-170.7119,4.06905
"5765",576.4,30.2328820792079,-170.70425,4.06995
"5766",576.5,30.206795,-170.772663366337,4.07
"5767",576.6,30.224425,-170.91048,4.07
"5768",576.7,30.208279,-170.772872727273,4.07
"5769",576.8,30.244208,-170.763272727273,4.07084848484848
"5770",576.9,30.25712,-170.80056043956,4.06913186813187
"5771",577,30.2285327272727,-170.7842,4.07079047619048
"5772",577.1,30.2544612871287,-170.776378947368,4.07193684210526
"5773",577.2,30.23172,-170.72148,4.07106
"5774",577.3,30.260494,-170.8778,4.07006
"5775",577.4,30.238102,-170.83724,4.07094
"5776",577.5,30.206431,-170.840646464646,4.0700505050505
"5777",577.6,30.209105,-170.987732673267,4.07
"5778",577.7,30.2309584848485,-170.93402,4.07
"5779",577.8,30.264875,-170.981519230769,4.07
"5780",577.9,30.2254989,-170.907909090909,4.07181818181818
"5781",578,30.2203634,-170.81087628866,4.06918556701031
"5782",578.1,30.2178429,-170.88584,4.069
"5783",578.2,30.1855733333333,-170.720090909091,4.069
"5784",578.3,30.1963728,-170.8706,4.06995
"5785",578.4,30.1576265346534,-170.784,4.07
"5786",578.5,30.1981783,-170.703939393939,4.07
"5787",578.6,30.2292357425742,-170.707723577236,4.07
"5788",578.7,30.1918433333333,-170.867846153846,4.07092307692308
"5789",578.8,30.2214920792079,-170.80298,4.071
"5790",578.9,30.200338,-170.87395959596,4.07289898989899
"5791",579,30.209755,-170.86200990099,4.07111881188119
"5792",579.1,30.225945,-170.89897979798,4.06910101010101
"5793",579.2,30.219762,-170.7535,4.0715
"5794",579.3,30.218519,-170.795689655172,4.07013793103448
"5795",579.4,30.212491010101,-170.70512,4.07
"5796",579.5,30.2469579,-170.668616161616,4.07
"5797",579.6,30.2582112,-170.720380952381,4.07
"5798",579.7,30.2469597,-170.802875,4.07
"5799",579.8,30.231557,-170.754828282828,4.07189898989899
"5800",579.9,30.25904,-170.735069306931,4.07011881188119
"5801",580,30.2778364,-170.74434,4.07188
"5802",580.1,30.244735940594,-170.649379310345,4.07037931034483
"5803",580.2,30.2109583168317,-170.867423529412,4.07275294117647
"5804",580.3,30.2315484158416,-170.627081632653,4.07015306122449
"5805",580.4,30.2194481818182,-170.7726,4.07
"5806",580.5,30.210469,-170.8019,4.07
"5807",580.6,30.203677,-170.67475,4.07
"5808",580.7,30.2207001010101,-170.793471698113,4.07
"5809",580.8,30.2206638,-170.729414893617,4.06810638297872
"5810",580.9,30.200779,-170.5825,4.07074038461538
"5811",581,30.2222206,-170.703154639175,4.0700618556701
"5812",581.1,30.2109583,-170.58322,4.07
"5813",581.2,30.1675251,-170.86452,4.07188
"5814",581.3,30.1733168,-170.69218,4.07012
"5815",581.4,30.1820076,-170.79092,4.07
"5816",581.5,30.1876331,-170.855398230088,4.07
"5817",581.6,30.1853564,-170.711517241379,4.07
"5818",581.7,30.2138366666667,-170.9021,4.07094
"5819",581.8,30.1994632,-170.782545454546,4.071
"5820",581.9,30.2150356,-170.858,4.071
"5821",582,30.2423068,-170.7334,4.07006
"5822",582.1,30.2253864,-170.717093457944,4.0708785046729
"5823",582.2,30.2284588,-170.77777,4.07274
"5824",582.3,30.2465822772277,-170.861706521739,4.07016304347826
"5825",582.4,30.2550972,-170.771940594059,4.07
"5826",582.5,30.2148352475247,-170.79232,4.07
"5827",582.6,30.23115,-170.744088495575,4.07083185840708
"5828",582.7,30.2315024242424,-170.815931034483,4.07006896551724
"5829",582.8,30.2326605940594,-170.850484848485,4.06810101010101
"5830",582.9,30.2110745454545,-170.77204950495,4.07176237623762
"5831",583,30.2207285,-170.83374,4.07106
"5832",583.1,30.2155559,-170.782661290323,4.071
"5833",583.2,30.2159757425743,-170.554078947369,4.071
"5834",583.3,30.22547,-170.604508474576,4.07020338983051
"5835",583.4,30.1944702020202,-170.638888888889,4.07
"5836",583.5,30.201159,-170.719018691589,4.07
"5837",583.6,30.228645,-170.643808510638,4.07
"5838",583.7,30.1978709,-170.88522,4.07094
"5839",583.8,30.1834402,-170.854,4.07006
"5840",583.9,30.1894044444444,-170.722818181818,4.07094949494949
"5841",584,30.2061742574258,-170.805356435644,4.071
"5842",584.1,30.2290451,-170.725545454545,4.0700505050505
"5843",584.2,30.2132908,-170.823307692308,4.07
"5844",584.3,30.2255689,-170.64213253012,4.07
"5845",584.4,30.2162022222222,-170.7297,4.07
"5846",584.5,30.2249099009901,-170.62765,4.07
"5847",584.6,30.2110233333333,-170.793,4.07
"5848",584.7,30.2087924,-170.692875,4.07
"5849",584.8,30.1957668,-170.692595959596,4.07189898989899
"5850",584.9,30.2170976,-170.6873,4.07105
"5851",585,30.2421736633663,-170.563782178218,4.07005940594059
"5852",585.1,30.21106,-170.500620155039,4.07072868217054
"5853",585.2,30.2306148514852,-170.636549295774,4.07008450704225
"5854",585.3,30.1949844444444,-170.6322,4.07
"5855",585.4,30.195494,-170.81994949495,4.07
"5856",585.5,30.179324,-170.71885,4.07
"5857",585.6,30.1673406060606,-170.610475247525,4.07
"5858",585.7,30.1904112871287,-170.72714,4.07282
"5859",585.8,30.2011812121212,-170.722900990099,4.073
"5860",585.9,30.2192294,-170.66376635514,4.0721308411215
"5861",586,30.2009809,-170.787583333333,4.07020833333333
"5862",586.1,30.1932357575758,-170.733625,4.0709375
"5863",586.2,30.1994019607843,-170.652683168317,4.07006930693069
"5864",586.3,30.2280975757576,-170.573727272727,4.07
"5865",586.4,30.2065800990099,-170.783059405941,4.07
"5866",586.5,30.25504,-170.70321,4.07
"5867",586.6,30.2371424,-170.821504854369,4.07
"5868",586.7,30.2305108910891,-170.73375,4.0728125
"5869",586.8,30.2347777777778,-170.710247524752,4.06927722772277
"5870",586.9,30.2458518811881,-170.615060606061,4.07181818181818
"5871",587,30.2469433333333,-170.59592173913,4.0703652173913
"5872",587.1,30.2496992,-170.568835294118,4.07
"5873",587.2,30.2659108,-170.681982142857,4.07
"5874",587.3,30.2872675757576,-170.555536842105,4.07
"5875",587.4,30.2997528712871,-170.499606382979,4.07
"5876",587.5,30.2916290909091,-170.64800990099,4.07
"5877",587.6,30.2971749,-170.776469387755,4.07
"5878",587.7,30.2581532,-170.801090909091,4.07
"5879",587.8,30.2310167676768,-170.5189,4.07
"5880",587.9,30.2654631372549,-170.5572,4.07
"5881",588,30.2569690909091,-170.546960784314,4.07
"5882",588.1,30.2445484,-170.548818181818,4.06812121212121
"5883",588.2,30.2522635,-170.520980769231,4.06980769230769
"5884",588.3,30.2596251515152,-170.539818181818,4.07
"5885",588.4,30.2617452475248,-170.70398,4.07
"5886",588.5,30.2558491919192,-170.640142857143,4.07
"5887",588.6,30.2548058415842,-170.589672897196,4.07
"5888",588.7,30.2789583,-170.638152173913,4.07
"5889",588.8,30.266954,-170.53202,4.07
"5890",588.9,30.2318086138614,-170.66882,4.07
"5891",589,30.2201015151515,-170.568178217822,4.06906930693069
"5892",589.1,30.2281895049505,-170.594163265306,4.07089795918367
"5893",589.2,30.2275424242424,-170.646,4.07016666666667
"5894",589.3,30.2647747,-170.523197674419,4.07
"5895",589.4,30.2680823,-170.68695,4.07
"5896",589.5,30.2586324,-170.6618,4.07
"5897",589.6,30.2480266,-170.6163,4.07
"5898",589.7,30.2359731313131,-170.53895,4.0681
"5899",589.8,30.2202778217822,-170.83995,4.0699
"5900",589.9,30.2263457575758,-170.54345,4.06905
"5901",590,30.2763046,-170.6467,4.0709
"5902",590.1,30.2635061386139,-170.642142857143,4.07009523809524
"5903",590.2,30.2780727,-170.655545454545,4.07
"5904",590.3,30.2430965346535,-170.486257731959,4.07
"5905",590.4,30.2500978787879,-170.522465346535,4.07
"5906",590.5,30.2584037623762,-170.576727272727,4.07
"5907",590.6,30.266768,-170.65144,4.07094
"5908",590.7,30.2961324,-170.67386,4.071
"5909",590.8,30.2624128,-170.63176,4.07006
"5910",590.9,30.229443030303,-170.50304,4.07
"5911",591,30.2269118811881,-170.586610169492,4.07
"5912",591.1,30.2145206060606,-170.531185185185,4.07093827160494
"5913",591.2,30.2061682,-170.473410714286,4.07015178571429
"5914",591.3,30.2428064356436,-170.631865168539,4.07
"5915",591.4,30.2200948484848,-170.69664,4.07
"5916",591.5,30.2280158415842,-170.554727272727,4.07
"5917",591.6,30.2322290909091,-170.81395,4.07
"5918",591.7,30.2269199,-170.556818181818,4.07
"5919",591.8,30.1986808,-170.574444444444,4.07094444444444
"5920",591.9,30.22017,-170.52195,4.07005
"5921",592,30.2342008,-170.588852941176,4.07093137254902
"5922",592.1,30.2337623,-170.631010204082,4.07005102040816
"5923",592.2,30.2610206060606,-170.5532,4.07
"5924",592.3,30.2362764,-170.610138613861,4.07
"5925",592.4,30.2385928,-170.602788990826,4.07
"5926",592.5,30.237474059406,-170.649166666667,4.07
"5927",592.6,30.2455294,-170.584991071429,4.07084821428571
"5928",592.7,30.2274956,-170.535272727273,4.071
"5929",592.8,30.2688979,-170.580064220183,4.07012844036697
"5930",592.9,30.2769235,-170.660847826087,4.07
"5931",593,30.268886039604,-170.62746,4.07
"5932",593.1,30.2369332,-170.653484848485,4.07
"5933",593.2,30.2255116,-170.536485148515,4.07
"5934",593.3,30.2154045454546,-170.636292929293,4.07
"5935",593.4,30.2088932,-170.60685,4.07
"5936",593.5,30.2364304,-170.5214,4.07
"5937",593.6,30.2321255,-170.6937,4.07095
"5938",593.7,30.2013069,-170.585946428572,4.071
"5939",593.8,30.2026085,-170.444272727273,4.071
"5940",593.9,30.2829997979798,-170.487188679245,4.07010377358491
"5941",594,30.3006902,-170.724021276596,4.07094680851064
"5942",594.1,30.3004024,-170.73035,4.07005
"5943",594.2,30.2750420792079,-170.59225,4.07
"5944",594.3,30.2890242,-170.421635514019,4.07
"5945",594.4,30.2805368,-170.541989247312,4.07
"5946",594.5,30.2774593,-170.49015,4.07
"5947",594.6,30.2595422,-170.537792079208,4.07188118811881
"5948",594.7,30.2537013,-170.56544,4.07012
"5949",594.8,30.2604649,-170.440717171717,4.07094949494949
"5950",594.9,30.2523743,-170.554396039604,4.06911881188119
"5951",595,30.2478113131313,-170.44356,4.07088
"5952",595.1,30.2574088,-170.39088,4.07006
"5953",595.2,30.2628948514852,-170.40962,4.07
"5954",595.3,30.2927148,-170.599,4.07
"5955",595.4,30.2977866,-170.512252525253,4.07
"5956",595.5,30.3026212,-170.537565217391,4.07165217391304
"5957",595.6,30.3000552525252,-170.690823529412,4.07105882352941
"5958",595.7,30.292013,-170.42355,4.0691
"5959",595.8,30.2863862,-170.48975,4.06995
"5960",595.9,30.2927662,-170.42465,4.07
"5961",596,30.2680646,-170.635181818182,4.07
"5962",596.1,30.2777265656566,-170.486722222222,4.07
"5963",596.2,30.2901868316832,-170.653772277228,4.07
"5964",596.3,30.2931877777778,-170.508333333333,4.07
"5965",596.4,30.3042431683168,-170.7033,4.07
"5966",596.5,30.305271,-170.581,4.07
"5967",596.6,30.3062758,-170.442316831683,4.06905940594059
"5968",596.7,30.3479118811881,-170.480552380952,4.07168571428571
"5969",596.8,30.2960858585859,-170.535234042553,4.07010638297872
"5970",596.9,30.3025958415842,-170.470387387387,4.07085585585586
"5971",597,30.264901,-170.495923076923,4.07007692307692
"5972",597.1,30.265818,-170.424787878788,4.07
"5973",597.2,30.2472199,-170.47828,4.07
"5974",597.3,30.2664745454545,-170.5196,4.07
"5975",597.4,30.2775364356436,-170.620196428571,4.07
"5976",597.5,30.2781313131313,-170.679528735632,4.07094252873563
"5977",597.6,30.277826,-170.480712871287,4.07005940594059
"5978",597.7,30.2759202,-170.400585858586,4.07094949494949
"5979",597.8,30.2436665656566,-170.475069306931,4.07194059405941
"5980",597.9,30.244410990099,-170.60126,4.07294
"5981",598,30.2492512121212,-170.60806,4.07018
"5982",598.1,30.2681092079208,-170.502606060606,4.07
"5983",598.2,30.2851632,-170.531545454545,4.07
"5984",598.3,30.2725044,-170.469,4.07
"5985",598.4,30.2915977227723,-170.561862745098,4.07
"5986",598.5,30.2800622222222,-170.464612244898,4.07189795918367
"5987",598.6,30.267593,-170.37065,4.072
"5988",598.7,30.2764448,-170.4078,4.0701
"5989",598.8,30.2685048,-170.359207920792,4.07
"5990",598.9,30.2732874,-170.424363636364,4.07
"5991",599,30.2720628282828,-170.314527777778,4.07
"5992",599.1,30.2718903960396,-170.423826086957,4.07
"5993",599.2,30.267309,-170.3208,4.07
"5994",599.3,30.27151,-170.388982300885,4.07
"5995",599.4,30.250243,-170.490035087719,4.07
"5996",599.5,30.2793116161616,-170.501922077922,4.06911688311688
"5997",599.6,30.2664183168317,-170.4478125,4.06994791666667
"5998",599.7,30.2496619191919,-170.45355,4.06905
"5999",599.8,30.296388,-170.453059405941,4.07088118811881
"6000",599.9,30.2951915,-170.4248,4.07006
"6001",600,30.3057106060606,-170.337545454545,4.07
"6002",600.1,30.2980234653465,-170.364367924528,4.07
"6003",600.2,30.29417,-170.472597938144,4.07
"6004",600.3,30.2781521782178,-170.300845360825,4.07
"6005",600.4,30.319479,-170.51805,4.07095
"6006",600.5,30.301423,-170.40745,4.07005
"6007",600.6,30.2987648514852,-170.35445,4.06905
"6008",600.7,30.3185283838384,-170.272049504951,4.069
"6009",600.8,30.3127752941176,-170.31588,4.07088
"6010",600.9,30.3106831313131,-170.389039215686,4.07007843137255
"6011",601,30.2935168,-170.364020408163,4.07
"6012",601.1,30.291965,-170.469292929293,4.07
"6013",601.2,30.284958,-170.4332,4.07
"6014",601.3,30.2891352475248,-170.364217821782,4.07
"6015",601.4,30.2978806060606,-170.445454545455,4.0690505050505
"6016",601.5,30.3112472,-170.51365,4.0709
"6017",601.6,30.2952584,-170.320968253968,4.06949206349206
"6018",601.7,30.3257614285714,-170.310392857143,4.06982142857143
"6019",601.8,30.2957521782178,-170.266277777778,4.07
"6020",601.9,30.3313396969697,-170.179761904762,4.07
"6021",602,30.3335046534653,-170.2007,4.07
"6022",602.1,30.3258185,-170.312,4.07
"6023",602.2,30.318851,-170.306823529412,4.07
"6024",602.3,30.3034702970297,-170.417979591837,4.07
"6025",602.4,30.306083030303,-170.31300990099,4.07188118811881
"6026",602.5,30.3218408910891,-170.3154,4.07012
"6027",602.6,30.3099998989899,-170.218209677419,4.07
"6028",602.7,30.281774,-170.223842105263,4.06907894736842
"6029",602.8,30.3017705,-170.0625,4.07088
"6030",602.9,30.2863460606061,-170.310262626263,4.0700505050505
"6031",603,30.2886741176471,-170.11215,4.07
"6032",603.1,30.3001611111111,-170.18668627451,4.07
"6033",603.2,30.3218217821782,-170.37156,4.07
"6034",603.3,30.313082,-170.29758,4.07
"6035",603.4,30.278777979798,-170.40911,4.06907
"6036",603.5,30.2615552475248,-170.283666666667,4.06993939393939
"6037",603.6,30.2552676767677,-170.239633663366,4.07
"6038",603.7,30.2417035,-170.17469,4.07093
"6039",603.8,30.2685763636364,-170.356939393939,4.071
"6040",603.9,30.2702056,-170.286168316832,4.07006930693069
"6041",604,30.2531216,-170.216161016949,4.07
"6042",604.1,30.2370781818182,-170.264625,4.07
"6043",604.2,30.2285233333333,-170.191509615385,4.07
"6044",604.3,30.2579581818182,-170.249606741573,4.06906741573034
"6045",604.4,30.2535912,-170.31328,4.06994
"6046",604.5,30.2585335643564,-170.28974,4.07188
"6047",604.6,30.254662,-170.219553398058,4.07017475728155
"6048",604.7,30.2551754455446,-170.165642857143,4.07
"6049",604.8,30.2128717171717,-170.247484848485,4.07
"6050",604.9,30.222322,-170.2718,4.07
"6051",605,30.2465095,-170.47792,4.07
"6052",605.1,30.2570394999999,-170.40076,4.07
"6053",605.2,30.209996,-170.2728,4.07
"6054",605.3,30.2203815151515,-170.230452991453,4.07160683760684
"6055",605.4,30.2156492,-170.26875,4.07016666666667
"6056",605.5,30.1818652,-170.320909090909,4.07
"6057",605.6,30.1616736,-170.3052,4.07188
"6058",605.7,30.1796368,-170.201826086957,4.07036521739131
"6059",605.8,30.1812691919192,-170.166526315789,4.07
"6060",605.9,30.1811359405941,-170.199466666667,4.07
"6061",606,30.1835172,-170.157611111111,4.07
"6062",606.1,30.1744764,-170.256630434783,4.07
"6063",606.2,30.2138574257426,-170.230495049505,4.07
"6064",606.3,30.2130015151515,-170.251484848485,4.07
"6065",606.4,30.1925608910891,-170.285574257426,4.07093069306931
"6066",606.5,30.1903863636364,-170.167351351351,4.071
"6067",606.6,30.2040284,-170.205730337079,4.07007865168539
"6068",606.7,30.2073136,-170.083242424243,4.07187878787879
"6069",606.8,30.212188989899,-170.205704761905,4.07020952380952
"6070",606.9,30.2293866666667,-170.139494736842,4.07
"6071",607,30.2350048484848,-170.149008403361,4.07
"6072",607.1,30.227344,-170.259481481482,4.07
"6073",607.2,30.247664,-170.253413793103,4.07
"6074",607.3,30.2447752,-170.287623529412,4.07091764705882
"6075",607.4,30.2335096,-170.21753,4.07007
"6076",607.5,30.2254492929293,-170.213878787879,4.06906060606061
"6077",607.6,30.2145375247525,-170.28356,4.06994
"6078",607.7,30.2348613131313,-170.24006,4.07188
"6079",607.8,30.2129754,-170.32348,4.07012
"6080",607.9,30.2195788,-170.247099009901,4.07
"6081",608,30.2275819,-170.264484848485,4.07
"6082",608.1,30.2557179207921,-170.25754,4.07
"6083",608.2,30.2313164646465,-170.28238,4.07
"6084",608.3,30.2127655445545,-170.39962,4.06906
"6085",608.4,30.2076368,-170.181239316239,4.06980341880342
"6086",608.5,30.2322044,-170.212277108434,4.07
"6087",608.6,30.2323544554455,-170.19174,4.06812
"6088",608.7,30.2361515151515,-170.22384,4.068
"6089",608.8,30.2463667326733,-170.11884,4.06988
"6090",608.9,30.2052218181818,-170.220891089109,4.07
"6091",609,30.2359376,-170.234264150943,4.07
"6092",609.1,30.2260804,-170.226442622951,4.07
"6093",609.2,30.2213676,-170.197366197183,4.07
"6094",609.3,30.2269968,-170.18103960396,4.07186138613861
"6095",609.4,30.2201568686869,-170.10839,4.06921
"6096",609.5,30.2155206,-170.192352941176,4.06991176470588
"6097",609.6,30.2701973,-170.088642857143,4.07
"6098",609.7,30.2960295,-170.173,4.07
"6099",609.8,30.2862311881188,-170.083138613861,4.07
"6100",609.9,30.2784182828283,-170.003666666667,4.07
"6101",610,30.319439,-170.15316,4.07
"6102",610.1,30.291141,-170.240614678899,4.07
"6103",610.2,30.3199195,-170.221241758242,4.07093406593406
"6104",610.3,30.3305918,-170.112064220183,4.071
"6105",610.4,30.2914835353535,-170.081923076923,4.06913186813187
"6106",610.5,30.2726830693069,-170.00768,4.07088
"6107",610.6,30.2906812,-170.02462,4.07194
"6108",610.7,30.2889404,-170.11342,4.07012
"6109",610.8,30.2811964356435,-169.854683168317,4.07
"6110",610.9,30.3101236363636,-169.93451,4.07
"6111",611,30.2956600990099,-170.017868421053,4.07
"6112",611.1,30.2873394949495,-169.9718,4.07
"6113",611.2,30.3387017,-169.990267326733,4.07
"6114",611.3,30.3103225,-170.00703030303,4.07093939393939
"6115",611.4,30.2994552,-169.950644067797,4.06861016949153
"6116",611.5,30.2887156,-169.86,4.06976744186047
"6117",611.6,30.2822932,-169.850927835052,4.07092783505155
"6118",611.7,30.2776893939394,-169.655257142857,4.07011428571429
"6119",611.8,30.2718904,-169.802333333333,4.07
"6120",611.9,30.309421,-169.843346938776,4.07
"6121",612,30.3033847524752,-169.97566,4.07
"6122",612.1,30.276743,-169.87684,4.07
"6123",612.2,30.2811028,-169.90854,4.07
"6124",612.3,30.2778306,-169.73334,4.07188
"6125",612.4,30.2802785,-169.72764,4.07012
"6126",612.5,30.3088848514852,-169.760472727273,4.07085454545455
"6127",612.6,30.307498,-169.7408,4.07006666666667
"6128",612.7,30.2746344,-169.766696428571,4.07
"6129",612.8,30.3045126262626,-169.666571428572,4.07
"6130",612.9,30.324935,-169.799230769231,4.07
"6131",613,30.3156262,-169.81851,4.06907
"6132",613.1,30.2992049,-169.838928571429,4.06983035714286
"6133",613.2,30.29781,-169.70125,4.06907954545455
"6134",613.3,30.3226951,-169.68156,4.07086
"6135",613.4,30.3183141414141,-169.718541284404,4.07014678899083
"6136",613.5,30.3166012,-169.800692307692,4.07
"6137",613.6,30.3134696,-169.872801886793,4.0726320754717
"6138",613.7,30.2988443564357,-169.884747368421,4.07025263157895
"6139",613.8,30.251285,-169.844111111111,4.07
"6140",613.9,30.2547696969697,-169.94795,4.07
"6141",614,30.2682628,-169.925,4.07
"6142",614.1,30.2470046,-169.953778761062,4.07
"6143",614.2,30.2540444,-169.781125,4.07
"6144",614.3,30.2335774,-169.709703296703,4.07093406593407
"6145",614.4,30.2746316,-169.73614,4.06912
"6146",614.5,30.2739502,-169.80098,4.07088
"6147",614.6,30.2625504,-169.75894,4.071
"6148",614.7,30.2326242574258,-169.76728,4.07006
"6149",614.8,30.2209727,-169.862,4.07
"6150",614.9,30.2295412,-169.811227722772,4.07
"6151",615,30.2537043,-169.845515151515,4.07
"6152",615.1,30.2528236363636,-169.74836,4.07
"6153",615.2,30.2586814,-169.7467,4.07094
"6154",615.3,30.2795432,-169.739554455446,4.06913861386139
"6155",615.4,30.2670622,-169.54167826087,4.06980869565217
"6156",615.5,30.264726,-169.585446808511,4.06917021276596
"6157",615.6,30.2196945454545,-169.582533333333,4.06993333333333
"6158",615.7,30.2247463366337,-169.62424,4.07
"6159",615.8,30.2421018181818,-169.799178217822,4.07
"6160",615.9,30.257860990099,-169.768787878788,4.07
"6161",616,30.2906426,-169.7566,4.07
"6162",616.1,30.2825574,-169.835108910891,4.06906930693069
"6163",616.2,30.304203960396,-169.7759,4.07069090909091
"6164",616.3,30.2892805050505,-169.835808988764,4.06820224719101
"6165",616.4,30.279672970297,-169.687435643564,4.06986138613861
"6166",616.5,30.2801689,-169.681365384615,4.06910576923077
"6167",616.6,30.3246488,-169.715375,4.06992708333333
"6168",616.7,30.3062464,-169.742743119266,4.07
"6169",616.8,30.298825959596,-169.824466666667,4.07
"6170",616.9,30.2537610891089,-169.84786,4.07
"6171",617,30.2285291919192,-169.742254237288,4.07
"6172",617.1,30.2359972,-169.801021978022,4.07
"6173",617.2,30.2589566,-169.725425742574,4.06915841584158
"6174",617.3,30.2555636363636,-169.668307692308,4.06992307692308
"6175",617.4,30.2269842574257,-169.79985,4.07093
"6176",617.5,30.2383445454545,-169.813611650485,4.06919417475728
"6177",617.6,30.2365726732673,-169.75025,4.0699375
"6178",617.7,30.2438704,-169.54014,4.07
"6179",617.8,30.2421527272727,-169.58528,4.07
"6180",617.9,30.2485449504951,-169.575310679612,4.07
"6181",618,30.2764163636364,-169.577714285714,4.07
"6182",618.1,30.2527951,-169.684151515152,4.06906060606061
"6183",618.2,30.2580007,-169.5406,4.06994
"6184",618.3,30.2486785,-169.704108910891,4.07
"6185",618.4,30.2668879207921,-169.49008,4.07
"6186",618.5,30.2713054545455,-169.560582524272,4.06909708737864
"6187",618.6,30.2727049504951,-169.4115625,4.0699375
"6188",618.7,30.273211089109,-169.476722222222,4.07
"6189",618.8,30.2328763,-169.516666666667,4.07
"6190",618.9,30.2664035,-169.59619,4.07
"6191",619,30.2934550505051,-169.561485148515,4.06907920792079
"6192",619.1,30.3422696039604,-169.597428571429,4.07087755102041
"6193",619.2,30.3306528282828,-169.5812,4.071
"6194",619.3,30.3493626,-169.476767857143,4.07016071428571
"6195",619.4,30.3415868,-169.658355555555,4.07
"6196",619.5,30.33052,-169.612949494949,4.07
"6197",619.6,30.355175049505,-169.539424242424,4.07
"6198",619.7,30.3490504081633,-169.690425742574,4.07
"6199",619.8,30.3533983168317,-169.633144230769,4.07
"6200",619.9,30.3210442,-169.751473684211,4.07093684210526
"6201",620,30.3236725,-169.58422,4.07006
"6202",620.1,30.3195615841584,-169.565554455446,4.07093069306931
"6203",620.2,30.3278072727273,-169.58096969697,4.07006060606061
"6204",620.3,30.3175648039216,-169.644373831776,4.07
"6205",620.4,30.3351865656566,-169.624935483871,4.07093548387097
"6206",620.5,30.3586646,-169.5008,4.07006
"6207",620.6,30.3293952,-169.709792792793,4.07
"6208",620.7,30.338588,-169.756377777778,4.07
"6209",620.8,30.3384958415842,-169.656390909091,4.06915454545455
"6210",620.9,30.3277797979798,-169.490444444444,4.06992222222222
"6211",621,30.3226422,-169.500099009901,4.07
"6212",621.1,30.3105236,-169.606080808081,4.07092929292929
"6213",621.2,30.3137136,-169.44381,4.07007
"6214",621.3,30.3069788,-169.341757575758,4.06906060606061
"6215",621.4,30.3152336363636,-169.60954,4.07088
"6216",621.5,30.2870320792079,-169.62042,4.07006
"6217",621.6,30.2857158,-169.5589,4.07
"6218",621.7,30.3214427272727,-169.580636363636,4.07
"6219",621.8,30.3251269,-169.523826086957,4.07
"6220",621.9,30.3090093939394,-169.678115384615,4.07
"6221",622,30.3214145544554,-169.705579439252,4.06917757009346
"6222",622.1,30.3064547474747,-169.71724137931,4.07086206896552
"6223",622.2,30.301568,-169.55538,4.07006
"6224",622.3,30.3090467326733,-169.63285046729,4.0691214953271
"6225",622.4,30.3004082,-169.6189,4.06987
"6226",622.5,30.3145030693069,-169.590010638298,4.07
"6227",622.6,30.3261881818182,-169.539198019802,4.07
"6228",622.7,30.3494003960396,-169.706919191919,4.07
"6229",622.8,30.3265368,-169.589957627119,4.07
"6230",622.9,30.2995022,-169.616607142857,4.07
"6231",623,30.3056378,-169.686505050505,4.07
"6232",623.1,30.3083036363636,-169.503353535353,4.07092929292929
"6233",623.2,30.2972232,-169.547125,4.070225
"6234",623.3,30.3132612121212,-169.6762375,4.0709125
"6235",623.4,30.288264,-169.588475247525,4.071
"6236",623.5,30.303962,-169.618489795918,4.0700612244898
"6237",623.6,30.299956,-169.60502,4.07
"6238",623.7,30.2906524752475,-169.736158415842,4.07
"6239",623.8,30.3164262626263,-169.60557,4.07
"6240",623.9,30.3116891089109,-169.513625,4.06910576923077
"6241",624,30.3143487,-169.531037974684,4.06956329113924
"6242",624.1,30.2895569,-169.6264,4.07
"6243",624.2,30.2743467326733,-169.742103896104,4.07
"6244",624.3,30.2802745454546,-169.624352941177,4.07
"6245",624.4,30.311163960396,-169.630063492063,4.07
"6246",624.5,30.3107709090909,-169.552292682927,4.07
"6247",624.6,30.3112412,-169.627643564357,4.07
"6248",624.7,30.2975897,-169.56659375,4.07
"6249",624.8,30.3117016,-169.658585106383,4.07
"6250",624.9,30.3191649,-169.728693069307,4.06907920792079
"6251",625,30.3209535353535,-169.658793650794,4.06826984126984
"6252",625.1,30.301242,-169.561192307692,4.06863461538462
"6253",625.2,30.30084,-169.43668,4.06982666666667
"6254",625.3,30.363302,-169.415258064516,4.07093548387097
"6255",625.4,30.3351155445545,-169.46576,4.07006
"6256",625.5,30.3112093939394,-169.55924,4.07
"6257",625.6,30.307684,-169.659930693069,4.07
"6258",625.7,30.314296,-169.5275,4.07
"6259",625.8,30.302826,-169.4705,4.07
"6260",625.9,30.304332,-169.53489,4.07093
"6261",626,30.30276,-169.510878787879,4.071
"6262",626.1,30.31331,-169.496900990099,4.07006930693069
"6263",626.2,30.298692,-169.606283185841,4.07
"6264",626.3,30.309184,-169.536046511628,4.07
"6265",626.4,30.3074617821782,-169.48012,4.07
"6266",626.5,30.2919076,-169.42954368932,4.07
"6267",626.6,30.3172626,-169.657555555556,4.07
"6268",626.7,30.3027277777778,-169.583212121212,4.07
"6269",626.8,30.317814,-169.67737,4.07
"6270",626.9,30.292172,-169.58095049505,4.06907920792079
"6271",627,30.310006,-169.578505050505,4.06807070707071
"6272",627.1,30.32652,-169.408081081081,4.07051351351352
"6273",627.2,30.299406,-169.38697752809,4.07007865168539
"6274",627.3,30.3218607070707,-169.50704,4.06814
"6275",627.4,30.3084685,-169.5253,4.06893
"6276",627.5,30.3134295,-169.44788,4.06993
"6277",627.6,30.3341418811881,-169.466861386139,4.07
"6278",627.7,30.3292210891089,-169.50895959596,4.07
"6279",627.8,30.3331018,-169.55571,4.07
"6280",627.9,30.3402766,-169.583424242424,4.06812121212121
"6281",628,30.325693,-169.5803,4.06988
"6282",628.1,30.3374541584158,-169.60726,4.06906
"6283",628.2,30.3119827272727,-169.52722,4.07088
"6284",628.3,30.2932082,-169.73444,4.06818
"6285",628.4,30.2937585858586,-169.3908,4.06988
"6286",628.5,30.321026,-169.470376237624,4.07
"6287",628.6,30.317942,-169.58495,4.07
"6288",628.7,30.302512,-169.617690265487,4.07
"6289",628.8,30.3096217821782,-169.592090909091,4.07
"6290",628.9,30.311811,-169.619931034483,4.07
"6291",629,30.3463218181818,-169.573975903614,4.07
"6292",629.1,30.34675,-169.60992,4.06907
"6293",629.2,30.321562,-169.42049,4.06993
"6294",629.3,30.31019,-169.4339,4.07093
"6295",629.4,30.324854,-169.41368,4.07007
"6296",629.5,30.3268518181818,-169.3841,4.07
"6297",629.6,30.3040809,-169.4192,4.07
"6298",629.7,30.3191387,-169.43397029703,4.07
"6299",629.8,30.3433529,-169.509163265306,4.0709387755102
"6300",629.9,30.3533824,-169.322277227723,4.07006930693069
"6301",630,30.3277741,-169.42332,4.07093
"6302",630.1,30.3109658415842,-169.530636363636,4.07006060606061
"6303",630.2,30.3303318181818,-169.518889908257,4.0691376146789
"6304",630.3,30.3551327722772,-169.482739130435,4.06992391304348
"6305",630.4,30.363876,-169.490333333333,4.07
"6306",630.5,30.3710588118812,-169.5051,4.07
"6307",630.6,30.3710235,-169.389663366337,4.07
"6308",630.7,30.3345337373737,-169.492787878788,4.07
"6309",630.8,30.3337025742574,-169.43608,4.06906
"6310",630.9,30.3208907070707,-169.3192,4.07088
"6311",631,30.305038,-169.465901960784,4.07007843137255
"6312",631.1,30.32787,-169.467848484848,4.07
"6313",631.2,30.3192372727273,-169.49397,4.07
"6314",631.3,30.3307543564356,-169.45973,4.07
"6315",631.4,30.3346001010101,-169.428818181818,4.07
"6316",631.5,30.3373783,-169.46366,4.07
"6317",631.6,30.3203901,-169.35897029703,4.07
"6318",631.7,30.2789493,-169.276415841584,4.06907920792079
"6319",631.8,30.3050000990099,-169.431696969697,4.06807070707071
"6320",631.9,30.3250342424242,-169.36774,4.06893
"6321",632,30.3104086138614,-169.62333,4.06993
"6322",632.1,30.295146,-169.394386138614,4.07
"6323",632.2,30.281638,-169.390656565657,4.06535353535354
"6324",632.3,30.29892,-169.459258928571,4.06915178571429
"6325",632.4,30.3111309090909,-169.335573033708,4.07
"6326",632.5,30.3245634,-169.390530612245,4.07
"6327",632.6,30.3131163,-169.293699029126,4.06908737864078
"6328",632.7,30.2797679207921,-169.308818181818,4.06991919191919
"6329",632.8,30.25586,-169.314256637168,4.07081415929204
"6330",632.9,30.2626115151515,-169.213177777778,4.07012222222222
"6331",633,30.2737168316832,-169.2156875,4.06907291666667
"6332",633.1,30.2728808080808,-169.18352,4.07086
"6333",633.2,30.2869424,-169.28996969697,4.07006060606061
"6334",633.3,30.2787416,-169.252008547009,4.07
"6335",633.4,30.2903812121212,-169.230916666667,4.07
"6336",633.5,30.2961152475247,-169.20396,4.07
"6337",633.6,30.2958015151515,-169.384648648649,4.06916216216216
"6338",633.7,30.3312838,-169.495622222222,4.06991111111111
"6339",633.8,30.351548,-169.281323809524,4.07175238095238
"6340",633.9,30.362864,-169.396234042553,4.07014893617021
"6341",634,30.3551821782178,-169.287801886792,4.07
"6342",634.1,30.3632060606061,-169.227032258064,4.07
"6343",634.2,30.3578335294117,-169.272396039604,4.06906930693069
"6344",634.3,30.3768019191919,-169.24159,4.06993
"6345",634.4,30.3705024752475,-169.277515151515,4.07
"6346",634.5,30.378098,-169.335103448276,4.07
"6347",634.6,30.3532980808081,-169.286714285714,4.07
"6348",634.7,30.3718403960396,-169.2773,4.07
"6349",634.8,30.352981010101,-169.267693069307,4.07
"6350",634.9,30.3539778217822,-169.13866,4.07093
"6351",635,30.3897680808081,-169.253,4.06912121212121
"6352",635.1,30.3871569,-169.089588235294,4.06992156862745
"6353",635.2,30.3724313,-169.168858585859,4.07
"6354",635.3,30.3727421212121,-169.181524752475,4.07
"6355",635.4,30.3585173267327,-169.305595959596,4.07
"6356",635.5,30.3547275757576,-169.2406,4.06907
"6357",635.6,30.3250424,-169.147470588235,4.06978151260504
"6358",635.7,30.3069317821782,-169.187975609756,4.06909756097561
"6359",635.8,30.3042278787879,-169.3606,4.069
"6360",635.9,30.3384352475248,-169.323888888889,4.07178787878788
"6361",636,30.3510781818182,-169.18515,4.07014
"6362",636.1,30.3068704,-169.132643564356,4.07
"6363",636.2,30.2918152,-169.17312244898,4.07
"6364",636.3,30.3069311111111,-169.174138613861,4.07
"6365",636.4,30.299403627451,-169.074424242424,4.07
"6366",636.5,30.3376984848485,-169.306257425743,4.06906930693069
"6367",636.6,30.3304589108911,-169.33609,4.06993
"6368",636.7,30.3008616,-169.36955,4.06907
"6369",636.8,30.3215545454545,-169.18507,4.06807
"6370",636.9,30.3454483168317,-169.269636363636,4.06987878787879
"6371",637,30.3605048484849,-169.142910891089,4.06906930693069
"6372",637.1,30.3718875247525,-169.182380530973,4.06982300884956
"6373",637.2,30.3426312121212,-169.206793103448,4.06908045977012
"6374",637.3,30.3603744444444,-169.16336,4.06993
"6375",637.4,30.3796637623762,-169.26695,4.07
"6376",637.5,30.3635355555556,-169.23501,4.07
"6377",637.6,30.3625388118812,-169.29431,4.07
"6378",637.7,30.3411866666667,-169.15996039604,4.06907920792079
"6379",637.8,30.3522865,-169.371959595959,4.069
"6380",637.9,30.3780357425743,-169.303366336634,4.07084158415841
"6381",638,30.3723055555555,-169.347111111111,4.071
"6382",638.1,30.351811372549,-169.399801980198,4.06915841584158
"6383",638.2,30.3443881818182,-169.31752,4.06992
"6384",638.3,30.3386355445544,-169.29528,4.07
"6385",638.4,30.3563405,-169.31608,4.07
"6386",638.5,30.3762287,-169.249,4.07
"6387",638.6,30.3754345,-169.24668,4.07
"6388",638.7,30.3735637,-169.326222222222,4.0682962962963
"6389",638.8,30.3824461386139,-169.210425531915,4.07068085106383
"6390",638.9,30.3677387878788,-169.045306122449,4.071
"6391",639,30.3225409,-169.1102,4.06916
"6392",639.1,30.342644,-169.10412,4.06992
"6393",639.2,30.3581312121212,-169.211396039604,4.07
"6394",639.3,30.3570624,-169.217404040404,4.06908080808081
"6395",639.4,30.3412411111111,-169.27588,4.06992
"6396",639.5,30.3051708910891,-169.1798,4.07
"6397",639.6,30.3030406,-169.017666666667,4.06917117117117
"6398",639.7,30.3129974,-169.00602247191,4.0708202247191
"6399",639.8,30.325419,-169.087919191919,4.071
"6400",639.9,30.3580922222222,-169.055326732673,4.06823762376238
"6401",640,30.3549412871287,-169.03268,4.06892
"6402",640.1,30.3518211111111,-169.0632,4.069
"6403",640.2,30.3299507920792,-169.07704,4.06992
"6404",640.3,30.3388068316832,-169.04856,4.07
"6405",640.4,30.3440178787879,-169.15548,4.07
"6406",640.5,30.3484266336634,-169.061822429907,4.07
"6407",640.6,30.3561407,-169.122608695652,4.07
"6408",640.7,30.3603323,-169.185168316832,4.07184158415842
"6409",640.8,30.361224,-169.15096969697,4.07014141414142
"6410",640.9,30.3656378787879,-169.13405,4.07
"6411",641,30.3624418811881,-168.96932,4.07093
"6412",641.1,30.3855039393939,-169.02303,4.06821
"6413",641.2,30.3649744444444,-169.078727272727,4.06969090909091
"6414",641.3,30.374003,-169.141813186813,4.07
"6415",641.4,30.3916125,-169.072656565657,4.07
"6416",641.5,30.3677332,-169.002544554455,4.07
"6417",641.6,30.3710618181818,-169.0614,4.06908
"6418",641.7,30.3494328712871,-169.0694,4.0698
"6419",641.8,30.3348408,-169.022615384615,4.07074038461538
"6420",641.9,30.3427231,-168.862380434783,4.07020652173913
"6421",642,30.3502955445545,-168.862515789474,4.06914736842105
"6422",642.1,30.3384255555555,-168.833319148936,4.06991489361702
"6423",642.2,30.31347,-168.93764,4.07
"6424",642.3,30.3352725,-168.981383838384,4.07
"6425",642.4,30.3397191,-168.875057142857,4.07
"6426",642.5,30.3523304,-168.974666666667,4.07
"6427",642.6,30.3612188,-168.992596330275,4.07
"6428",642.7,30.3563242424242,-169.0189,4.07
"6429",642.8,30.35506,-168.94009,4.07186
"6430",642.9,30.3745213,-168.789427272727,4.07030909090909
"6431",643,30.3596387,-168.984637362638,4.06817582417582
"6432",643.1,30.3228809,-168.821070707071,4.06985858585859
"6433",643.2,30.3196793,-168.79595049505,4.07
"6434",643.3,30.3528123,-168.88976,4.07
"6435",643.4,30.3433689,-168.97344,4.06908
"6436",643.5,30.3441222,-168.935965811966,4.06978632478632
"6437",643.6,30.3366333,-168.959643564356,4.07
"6438",643.7,30.3266928712871,-168.925407407407,4.07
"6439",643.8,30.339062,-169.095950495049,4.07
"6440",643.9,30.3493628,-169.01532,4.07
"6441",644,30.3387155555556,-169.13396,4.06908
"6442",644.1,30.3364152,-168.932762376237,4.06991089108911
"6443",644.2,30.3607304,-168.90005050505,4.06908080808081
"6444",644.3,30.3623239,-169.15292,4.06992
"6445",644.4,30.3555224752475,-169.074481481481,4.07
"6446",644.5,30.3478255555555,-169.177923076923,4.07
"6447",644.6,30.3320667,-169.174188118812,4.06907920792079
"6448",644.7,30.3483097,-169.053838095238,4.069
"6449",644.8,30.3570396,-168.903294736842,4.069
"6450",644.9,30.3545344,-168.957990291262,4.069
"6451",645,30.3398648,-169.085278350516,4.069
"6452",645.1,30.3850527272727,-169.013857142857,4.06982142857143
"6453",645.2,30.4135384,-168.961454545455,4.07
"6454",645.3,30.3955416,-168.90648,4.07
"6455",645.4,30.3886348,-168.97928,4.06908
"6456",645.5,30.4103136,-168.99612,4.069
"6457",645.6,30.4162492,-169.095133333333,4.069
"6458",645.7,30.4135563366337,-168.934171428571,4.06982857142857
"6459",645.8,30.4332046464646,-168.868844444444,4.06908888888889
"6460",645.9,30.4237704950495,-168.81172,4.07084
"6461",646,30.4299774,-168.81344,4.06916
"6462",646.1,30.435250990099,-168.948933333333,4.069
"6463",646.2,30.4291276,-168.96452,4.06987
"6464",646.3,30.4353144444445,-168.984361702128,4.07
"6465",646.4,30.4168073,-169.24198019802,4.07
"6466",646.5,30.4078522,-169.08736,4.07
"6467",646.6,30.4005748,-169.23024,4.06724
"6468",646.7,30.4149645,-169.06,4.06978787878788
"6469",646.8,30.4322478787879,-169.03577,4.06907
"6470",646.9,30.4521598019802,-169.14567,4.06993
"6471",647,30.4422509090909,-169.04705,4.07
"6472",647.1,30.4537392,-169.00738,4.07
"6473",647.2,30.4647792,-169.03848,4.07
"6474",647.3,30.4611256,-168.97311,4.07
"6475",647.4,30.4925982178218,-168.829881188119,4.07
"6476",647.5,30.5204163636364,-168.97164,4.07
"6477",647.6,30.5186144,-169.02880952381,4.06824761904762
"6478",647.7,30.5047644,-168.94165625,4.0698125
"6479",647.8,30.4944884,-169.028515151515,4.07
"6480",647.9,30.448232,-168.933205128205,4.07157264957265
"6481",648,30.4998606060606,-169.063035714286,4.06932142857143
"6482",648.1,30.4996044554456,-169.084757575758,4.06991919191919
"6483",648.2,30.5068108,-168.89088,4.07
"6484",648.3,30.5052215841584,-169.01476,4.06908
"6485",648.4,30.4836359,-169.1236,4.06992
"6486",648.5,30.4893768686869,-169.0308,4.06908
"6487",648.6,30.4956932,-168.955254901961,4.069
"6488",648.7,30.4881652,-169.093102040816,4.06991836734694
"6489",648.8,30.4828664,-169.1566,4.07
"6490",648.9,30.4911768,-169.18584,4.06908
"6491",649,30.50137,-169.09876,4.06992
"6492",649.1,30.5292932673268,-169.01464,4.07
"6493",649.2,30.5499606060606,-169.143722772277,4.06908910891089
"6494",649.3,30.49877,-169.040928571429,4.069
"6495",649.4,30.4910375,-169.073435643564,4.06992079207921
"6496",649.5,30.5128175,-169.17176,4.07
"6497",649.6,30.4983835643564,-168.982495412844,4.06915596330275
"6498",649.7,30.4521521212121,-168.935967032967,4.06991208791209
"6499",649.8,30.4703958823529,-169.01228,4.07
"6500",649.9,30.4547365656566,-168.931554455446,4.06908910891089
"6501",650,30.4611544554455,-169.04221,4.069
"6502",650.1,30.4919717,-169.109151515152,4.06991919191919
"6503",650.2,30.4664451515152,-169.03137037037,4.07
"6504",650.3,30.4748785148515,-168.978652173913,4.06908695652174
"6505",650.4,30.5001621212121,-169.04952,4.06992
"6506",650.5,30.4699674257426,-169.07072,4.06908
"6507",650.6,30.4784850505051,-168.98092,4.06808
"6508",650.7,30.4909909090909,-168.975732673267,4.06891089108911
"6509",650.8,30.4693282178218,-168.978757575758,4.06808080808081
"6510",650.9,30.4500542424242,-168.842393939394,4.07078787878788
"6511",651,30.4666052475248,-168.995205882353,4.07008823529412
"6512",651.1,30.47117,-168.955474576271,4.07
"6513",651.2,30.455145,-168.852481481482,4.07
"6514",651.3,30.4317284158416,-168.8338,4.06916363636364
"6515",651.4,30.4341433333333,-168.936777777778,4.06991111111111
"6516",651.5,30.4695798019802,-168.79244,4.07092
"6517",651.6,30.4507745454545,-169.03016,4.06916
"6518",651.7,30.4098,-169.091428571429,4.069
"6519",651.8,30.423485,-169.020778947368,4.06823157894737
"6520",651.9,30.4291770707071,-168.869023255814,4.068
"6521",652,30.4282033333333,-168.933131313131,4.06892929292929
"6522",652.1,30.4365160606061,-168.73347,4.06993
"6523",652.2,30.4233283168317,-168.85796039604,4.07
"6524",652.3,30.42532,-168.996605504587,4.06915596330275
"6525",652.4,30.4328315151515,-169.0117,4.069
"6526",652.5,30.4461304950495,-168.872881188119,4.06807920792079
"6527",652.6,30.4349157575758,-168.82512,4.06892
"6528",652.7,30.4246320792079,-168.722472727273,4.069
"6529",652.8,30.4156654545455,-168.877134831461,4.06992134831461
"6530",652.9,30.4357875,-168.825943925234,4.06826168224299
"6531",653,30.469395,-169.046258064516,4.06984946236559
"6532",653.1,30.48774,-169.019881188119,4.06907920792079
"6533",653.2,30.461795,-169.05556,4.06992
"6534",653.3,30.4629122222222,-169.001810810811,4.06917117117117
"6535",653.4,30.4555391089109,-168.955022727273,4.06992045454546
"6536",653.5,30.4462,-168.992514851485,4.07
"6537",653.6,30.4465175,-169.191151515152,4.07
"6538",653.7,30.4662249504951,-168.96403539823,4.06917699115044
"6539",653.8,30.4387733333333,-168.925636363636,4.06990909090909
"6540",653.9,30.4456679411765,-169.086883495146,4.0708932038835
"6541",654,30.4224416161616,-169.06328,4.06922
"6542",654.1,30.4264624,-169.059854166667,4.06992708333333
"6543",654.2,30.4563904,-169.067515151515,4.07
"6544",654.3,30.454136,-168.95896,4.07
"6545",654.4,30.4397,-168.98114,4.06812
"6546",654.5,30.4237384848485,-168.97454,4.068
"6547",654.6,30.402265,-168.92512,4.06894
"6548",654.7,30.4142425,-168.853066666667,4.06989523809524
"6549",654.8,30.4145825,-168.829596153846,4.07171153846154
"6550",654.9,30.386705,-168.68102173913,4.06922826086956
"6551",655,30.3908709090909,-168.734647058824,4.069
"6552",655.1,30.3948481188119,-168.888642857143,4.069
"6553",655.2,30.40096,-168.928204918033,4.069
"6554",655.3,30.3900625,-168.957025641026,4.06991025641026
"6555",655.4,30.38188,-168.83717,4.06907
"6556",655.5,30.3982852525253,-168.909727272727,4.06712121212121
"6557",655.6,30.4267556435644,-168.903941176471,4.06976470588236
"6558",655.7,30.4333705050505,-168.84596,4.07
"6559",655.8,30.4349856,-168.887438095238,4.06912380952381
"6560",655.9,30.4298768316832,-168.803336842105,4.06991578947368
"6561",656,30.4390145454545,-168.74716,4.06908
"6562",656.1,30.436892745098,-168.949303030303,4.069
"6563",656.2,30.435153030303,-168.82085,4.069
"6564",656.3,30.4477675,-168.768572727273,4.069
"6565",656.4,30.47604,-168.866802197802,4.06991208791209
"6566",656.5,30.449475,-168.851909090909,4.06907070707071
"6567",656.6,30.4671375,-168.694386138614,4.069
"6568",656.7,30.4465782828283,-168.58164,4.069
"6569",656.8,30.473534,-168.763376237624,4.07082178217822
"6570",656.9,30.455871,-168.749333333333,4.07022222222222
"6571",657,30.4442462,-168.85912195122,4.07
"6572",657.1,30.4400468,-168.86004,4.07
"6573",657.2,30.4577734,-168.8084,4.06908
"6574",657.3,30.483977,-168.918610169491,4.069
"6575",657.4,30.4857648,-168.756975609756,4.06719512195122
"6576",657.5,30.4775826,-168.736,4.06885858585859
"6577",657.6,30.4844897029703,-168.74995,4.069
"6578",657.7,30.4325045544555,-168.660762376238,4.06992079207921
"6579",657.8,30.3820992,-168.814696969697,4.07
"6580",657.9,30.384183030303,-168.78003960396,4.07
"6581",658,30.3684125,-168.67112,4.07
"6582",658.1,30.376425,-168.77056,4.07
"6583",658.2,30.3586775757576,-168.70916,4.07
"6584",658.3,30.353321980198,-168.81524,4.07
"6585",658.4,30.3791575,-168.77203030303,4.07
"6586",658.5,30.3587922222222,-168.55782,4.07
"6587",658.6,30.3587864,-168.57734,4.07186
"6588",658.7,30.3774738,-168.602099009901,4.06923762376238
"6589",658.8,30.3501318,-168.577050505051,4.07085858585858
"6590",658.9,30.3675768,-168.640647058824,4.07008823529412
"6591",659,30.3793688,-168.63244,4.06909
"6592",659.1,30.3721934,-168.65375,4.069
"6593",659.2,30.3928652,-168.6742,4.069
"6594",659.3,30.3881492,-168.628642857143,4.069
"6595",659.4,30.3844464,-168.74404,4.06807
"6596",659.5,30.3543254,-168.71859,4.06986
"6597",659.6,30.3481019191919,-168.773921052632,4.07
"6598",659.7,30.3578101,-168.627162790698,4.07183720930232
"6599",659.8,30.3460979207921,-168.611158415842,4.06923762376238
"6600",659.9,30.3524206,-168.7142,4.0698
"6601",660,30.3618308910891,-168.703333333333,4.07
"6602",660.1,30.3502725,-168.77998,4.07
"6603",660.2,30.3751025,-168.80181,4.07
"6604",660.3,30.3761675,-168.77324,4.06814
"6605",660.4,30.3731875,-168.77193,4.07172
"6606",660.5,30.382655,-168.742534653465,4.07015841584158
"6607",660.6,30.368075,-168.821777777778,4.07
"6608",660.7,30.3775740816327,-168.76383,4.06907
"6609",660.8,30.3688315841584,-168.54975,4.06993
"6610",660.9,30.3745055555556,-168.698821782178,4.06907920792079
"6611",661,30.3772679,-168.79764,4.069
"6612",661.1,30.4085886,-168.812666666667,4.069
"6613",661.2,30.4149936633663,-168.803846153846,4.06992307692308
"6614",661.3,30.4049027722772,-168.94203960396,4.06907920792079
"6615",661.4,30.3963491919192,-168.79668,4.069
"6616",661.5,30.4114898019802,-168.686353535354,4.06807070707071
"6617",661.6,30.396705,-168.812117647059,4.06891176470588
"6618",661.7,30.3905615151515,-168.97697,4.06991
"6619",661.8,30.3875512,-168.793454545455,4.07
"6620",661.9,30.3868902020202,-168.937,4.07
"6621",662,30.37074,-168.91052,4.06908
"6622",662.1,30.3582586,-168.90424,4.069
"6623",662.2,30.332092970297,-168.860072072072,4.06982882882883
"6624",662.3,30.350123,-168.860204545455,4.06815909090909
"6625",662.4,30.3730737373737,-168.737613861386,4.07076237623762
"6626",662.5,30.3710779207921,-168.870111111111,4.06914141414141
"6627",662.6,30.3796372727273,-168.87728,4.06993
"6628",662.7,30.414788,-168.929485148515,4.07184158415842
"6629",662.8,30.4017739,-168.812262626263,4.06921212121212
"6630",662.9,30.3940402,-168.810366336634,4.06992079207921
"6631",663,30.3891672277228,-168.84872,4.06908
"6632",663.1,30.376272020202,-168.77196,4.069
"6633",663.2,30.3849896,-168.79628,4.06992
"6634",663.3,30.3740259,-168.82936,4.07092
"6635",663.4,30.3809444,-168.79244,4.06916
"6636",663.5,30.3761889,-168.76876,4.06992
"6637",663.6,30.3805445454545,-168.7072,4.06908
"6638",663.7,30.3879941584158,-168.72295049505,4.06808910891089
"6639",663.8,30.3804688,-168.80496969697,4.06983838383838
"6640",663.9,30.3656218811881,-168.723643564356,4.06908910891089
"6641",664,30.3766348,-168.994434343435,4.06991919191919
"6642",664.1,30.3713392929293,-168.922157894737,4.07
"6643",664.2,30.3625506930693,-168.786333333333,4.07
"6644",664.3,30.3450276767677,-168.663574257426,4.06912871287129
"6645",664.4,30.3455026,-168.761840425532,4.069
"6646",664.5,30.3605466,-168.758108910891,4.069
"6647",664.6,30.3413090909091,-168.766292929293,4.06992929292929
"6648",664.7,30.3439461386139,-168.767,4.07092079207921
"6649",664.8,30.3483281818182,-168.741909090909,4.06914141414142
"6650",664.9,30.3545745544555,-168.75116,4.069
"6651",665,30.38129,-168.805405940594,4.06992079207921
"6652",665.1,30.3767672,-168.764464646465,4.06907070707071
"6653",665.2,30.3998344554455,-168.66056,4.069
"6654",665.3,30.3999663636364,-168.694435643564,4.07084158415841
"6655",665.4,30.3725409803922,-168.62348,4.06916
"6656",665.5,30.3700437373737,-168.613282828283,4.06807070707071
"6657",665.6,30.3849926,-168.520920792079,4.06892079207921
"6658",665.7,30.387253,-168.584555555556,4.069
"6659",665.8,30.3803381818182,-168.76763,4.06993
"6660",665.9,30.407375049505,-168.744168316832,4.06907920792079
"6661",666,30.3887863636364,-168.629341880342,4.069
"6662",666.1,30.359572970297,-168.685746987952,4.069
"6663",666.2,30.3584504,-168.74652,4.06992
"6664",666.3,30.3810284,-168.642272727273,4.07
"6665",666.4,30.3842123762376,-168.711346534653,4.07
"6666",666.5,30.3743372727273,-168.582323232323,4.06907070707071
"6667",666.6,30.3799835643564,-168.556798076923,4.07078846153846
"6668",666.7,30.3585676767677,-168.581885416667,4.06914583333333
"6669",666.8,30.3691592,-168.49379,4.069
"6670",666.9,30.3716953,-168.59986407767,4.06990291262136
"6671",667,30.3741936363636,-168.596117647059,4.06924369747899
"6672",667.1,30.372233960396,-168.719518987342,4.06989873417722
"6673",667.2,30.3758927272727,-168.617838383838,4.06721212121212
"6674",667.3,30.416994,-168.789475247525,4.06884158415841
"6675",667.4,30.3936724,-168.526467889908,4.07068807339449
"6676",667.5,30.3980564646465,-168.580133333333,4.06915555555555
"6677",667.6,30.3902056862745,-168.465911764706,4.07082352941177
"6678",667.7,30.3776172727273,-168.649787878788,4.07008080808081
"6679",667.8,30.391314950495,-168.496663366337,4.06908910891089
"6680",667.9,30.4031243,-168.54097,4.069
"6681",668,30.4164209090909,-168.45509,4.069
"6682",668.1,30.3835157425743,-168.71081,4.069
"6683",668.2,30.3950109090909,-168.68331,4.07082
"6684",668.3,30.3893489108911,-168.528171717172,4.06916161616162
"6685",668.4,30.3995563636364,-168.560585585586,4.069
"6686",668.5,30.4035172,-168.549336734694,4.069
"6687",668.6,30.4137608,-168.605866666667,4.069
"6688",668.7,30.4172177777778,-168.588205882353,4.069
"6689",668.8,30.4265812871287,-168.588785714286,4.06992857142857
"6690",668.9,30.4326796969697,-168.584396039604,4.06907920792079
"6691",669,30.433867029703,-168.67508,4.069
"6692",669.1,30.4297816,-168.670733333333,4.069
"6693",669.2,30.4345224,-168.667460176991,4.069
"6694",669.3,30.410863960396,-168.547878048781,4.06809756097561
"6695",669.4,30.3973118181818,-168.66288,4.06984
"6696",669.5,30.4002507920792,-168.601094339623,4.0708679245283
"6697",669.6,30.4063836363636,-168.380265306122,4.06924489795918
"6698",669.7,30.4137144,-168.545234234234,4.069
"6699",669.8,30.4242908,-168.51515,4.069
"6700",669.9,30.4296693939394,-168.511835294118,4.069
"6701",670,30.4333747524752,-168.5048,4.06992
"6702",670.1,30.4140208,-168.52332,4.07
"6703",670.2,30.4026284,-168.54248,4.06908
"6704",670.3,30.4325478217822,-168.537369369369,4.07065765765766
"6705",670.4,30.4303972727273,-168.50464516129,4.07012903225806
"6706",670.5,30.4041056435643,-168.572252631579,4.06907368421053
"6707",670.6,30.3750545454545,-168.50081,4.06807
"6708",670.7,30.4000484,-168.50523,4.06893
"6709",670.8,30.430636,-168.5711,4.069
"6710",670.9,30.4203704,-168.541352941176,4.069
"6711",671,30.4157992,-168.611535353535,4.06991919191919
"6712",671.1,30.4509981818182,-168.59105050505,4.06907070707071
"6713",671.2,30.4685159,-168.619386138614,4.06992079207921
"6714",671.3,30.4406643,-168.502838095238,4.06912380952381
"6715",671.4,30.4192749,-168.632757575758,4.069
"6716",671.5,30.3974966336634,-168.557666666667,4.069
"6717",671.6,30.3769163636364,-168.523909090909,4.069
"6718",671.7,30.3876512871287,-168.59153271028,4.069
"6719",671.8,30.3682144,-168.45311827957,4.069
"6720",671.9,30.384498,-168.5398125,4.06983035714286
"6721",672,30.3794149504951,-168.596818181818,4.07
"6722",672.1,30.3923981818182,-168.55396039604,4.06907920792079
"6723",672.2,30.4173772277228,-168.59876,4.06992
"6724",672.3,30.4039409090909,-168.50272,4.06908
"6725",672.4,30.3895764,-168.473555555556,4.069
"6726",672.5,30.4191448,-168.396495049505,4.069
"6727",672.6,30.437516,-168.567623762376,4.06991089108911
"6728",672.7,30.4539532,-168.572131313131,4.06908080808081
"6729",672.8,30.4371772727273,-168.464425742574,4.069
"6730",672.9,30.4034142574257,-168.383036697248,4.069
"6731",673,30.399496969697,-168.595391304348,4.069
"6732",673.1,30.4039347,-168.655142857143,4.069
"6733",673.2,30.4209408910891,-168.58256,4.069
"6734",673.3,30.3772452,-168.669642857143,4.07064285714286
"6735",673.4,30.3877872,-168.547272727273,4.07009090909091
"6736",673.5,30.3956232323232,-168.54772,4.07092
"6737",673.6,30.3871951,-168.530960784314,4.06739215686274
"6738",673.7,30.4302039,-168.498090909091,4.06881818181818
"6739",673.8,30.4199744,-168.434333333333,4.069
"6740",673.9,30.4268581188119,-168.436287128713,4.069
"6741",674,30.4076207070707,-168.659444444445,4.069
"6742",674.1,30.3985014851485,-168.596108910891,4.06991089108911
"6743",674.2,30.4170376,-168.63441,4.07
"6744",674.3,30.405166,-168.692158415842,4.06819801980198
"6745",674.4,30.4083312,-168.505272727273,4.06981818181818
"6746",674.5,30.397508,-168.491515151515,4.07
"6747",674.6,30.4065556,-168.41262745098,4.07
"6748",674.7,30.403712020202,-168.531272727273,4.06909090909091
"6749",674.8,30.4161768,-168.533888888889,4.069
"6750",674.9,30.4380671,-168.462861386139,4.069
"6751",675,30.4313428,-168.5925,4.069
"6752",675.1,30.4345565,-168.66151,4.069
"6753",675.2,30.4254015151515,-168.566089108911,4.069
"6754",675.3,30.391629,-168.456818181818,4.069
"6755",675.4,30.3920938613861,-168.45025,4.0698125
"6756",675.5,30.3992098,-168.47824137931,4.07
"6757",675.6,30.4396467326733,-168.465076923077,4.06911538461538
"6758",675.7,30.4494703030303,-168.502010309278,4.069
"6759",675.8,30.4511727722772,-168.497891089109,4.069
"6760",675.9,30.4250052,-168.446661016949,4.069
"6761",676,30.4382176,-168.69723255814,4.069
"6762",676.1,30.4404776,-168.698833333333,4.06810416666667
"6763",676.2,30.4581988,-168.515727272727,4.06981818181818
"6764",676.3,30.466026,-168.42429,4.06818
"6765",676.4,30.4538572727273,-168.355732673267,4.06890099009901
"6766",676.5,30.4544826,-168.386714285714,4.069
"6767",676.6,30.4615304,-168.448473684211,4.069
"6768",676.7,30.4645276,-168.2975,4.069
"6769",676.8,30.4543287,-168.417272727273,4.069
"6770",676.9,30.4560823,-168.387626168224,4.069
"6771",677,30.470095050505,-168.417935483871,4.069
"6772",677.1,30.4781999009901,-168.525868686869,4.069
"6773",677.2,30.4484164,-168.6132,4.06808
"6774",677.3,30.4259905,-168.48384,4.06892
"6775",677.4,30.439692,-168.45452,4.06992
"6776",677.5,30.418775050505,-168.45944,4.06908
"6777",677.6,30.436469,-168.326099009901,4.069
"6778",677.7,30.470559,-168.422049586777,4.069
"6779",677.8,30.4775389108911,-168.51575,4.069
"6780",677.9,30.4696605,-168.455818181818,4.069
"6781",678,30.4592362,-168.471060606061,4.069
"6782",678.1,30.4570003,-168.409551724138,4.06979310344828
"6783",678.2,30.4622675,-168.367070588235,4.07089411764706
"6784",678.3,30.4666545,-168.444188118812,4.07009900990099
"6785",678.4,30.4659674,-168.357545454545,4.06818181818182
"6786",678.5,30.4716356,-168.535405940594,4.06890099009901
"6787",678.6,30.4890714,-168.383346938775,4.069
"6788",678.7,30.4774132323232,-168.457513513514,4.069
"6789",678.8,30.478447,-168.372108695652,4.069
"6790",678.9,30.467409,-168.457092783505,4.069
"6791",679,30.437599,-168.347584158416,4.06808910891089
"6792",679.1,30.426478,-168.345910891089,4.07070297029703
"6793",679.2,30.4337090909091,-168.452454545455,4.071
"6794",679.3,30.4151122772277,-168.346772277228,4.07009900990099
"6795",679.4,30.40531,-168.402181818182,4.06818181818182
"6796",679.5,30.4269617821782,-168.425217821782,4.06980198019802
"6797",679.6,30.4422315,-168.388315789474,4.06921052631579
"6798",679.7,30.4417245454545,-168.439694117647,4.069
"6799",679.8,30.4431056435644,-168.403797979798,4.069
"6800",679.9,30.4193167676768,-168.489294117647,4.06990196078431
"6801",680,30.396584,-168.4207,4.0673
"6802",680.1,30.407172,-168.4291,4.0688
"6803",680.2,30.406944,-168.479673469388,4.06991836734694
"6804",680.3,30.4134885148515,-168.405915966387,4.0692268907563
"6805",680.4,30.4350471717172,-168.554506024096,4.06987951807229
"6806",680.5,30.413126039604,-168.422059405941,4.06910891089109
"6807",680.6,30.4198078787879,-168.36829,4.069
"6808",680.7,30.424611,-168.323132653061,4.069
"6809",680.8,30.420687,-168.370745098039,4.069
"6810",680.9,30.4001012121212,-168.399474747475,4.069
"6811",681,30.3926202941176,-168.368363636364,4.069
"6812",681.1,30.3905781818182,-168.31586,4.07173
"6813",681.2,30.4080718811881,-168.394646464646,4.06924242424243
"6814",681.3,30.4079133,-168.549564356436,4.06991089108911
"6815",681.4,30.3911860606061,-168.50124137931,4.06921551724138
"6816",681.5,30.3850998019802,-168.367791208791,4.069
"6817",681.6,30.3781480808081,-168.316154639175,4.069
"6818",681.7,30.368118,-168.31290625,4.069
"6819",681.8,30.376217,-168.38307,4.069
"6820",681.9,30.370493,-168.341346534653,4.06990099009901
"6821",682,30.3768435643564,-168.275090909091,4.06909090909091
"6822",682.1,30.4154592929293,-168.38366,4.069
"6823",682.2,30.4624725742574,-168.259851485149,4.06809900990099
"6824",682.3,30.4232474747475,-168.1973,4.0698
"6825",682.4,30.396051,-168.318699029126,4.07087378640777
"6826",682.5,30.367293,-168.306778947368,4.06916842105263
"6827",682.6,30.3685406060606,-168.35631372549,4.069
"6828",682.7,30.3883645098039,-168.228363636364,4.069
"6829",682.8,30.4201954545455,-168.20499,4.069
"6830",682.9,30.404944,-168.3478125,4.069
"6831",683,30.401819,-168.475261363636,4.07169318181818
"6832",683.1,30.418653939394,-168.31856,4.06927
"6833",683.2,30.4269028712871,-168.253730434783,4.06741739130435
"6834",683.3,30.4169415151515,-168.219978723404,4.0678085106383
"6835",683.4,30.4108766336634,-168.226714285714,4.0670989010989
"6836",683.5,30.421314,-168.362412844037,4.06866972477064
"6837",683.6,30.4219927272727,-168.334032967033,4.069
"6838",683.7,30.4307292079208,-168.406131313131,4.069
"6839",683.8,30.4057772727273,-168.214518518519,4.069
"6840",683.9,30.391964059406,-168.28416,4.069
"6841",684,30.3784306060606,-168.410826086957,4.07082608695652
"6842",684.1,30.3874391089109,-168.34832,4.06916
"6843",684.2,30.403381,-168.272772277228,4.07082178217822
"6844",684.3,30.41093,-168.24302020202,4.07008080808081
"6845",684.4,30.423719,-168.32298019802,4.07091089108911
"6846",684.5,30.4029075757576,-168.33373,4.06918
"6847",684.6,30.4074084158416,-168.44797979798,4.069
"6848",684.7,30.4124742424242,-168.17198019802,4.069
"6849",684.8,30.4389259,-168.30962,4.069
"6850",684.9,30.4487230693069,-168.268090909091,4.069
"6851",685,30.446036,-168.27312,4.07084
"6852",685.1,30.444336,-168.24732,4.07008
"6853",685.2,30.4481245454545,-168.261,4.0692
"6854",685.3,30.4759974,-168.138755813954,4.069
"6855",685.4,30.4525408,-168.17223,4.069
"6856",685.5,30.4465696,-168.283626262626,4.069
"6857",685.6,30.4433511881188,-168.216485148515,4.069
"6858",685.7,30.4341881818182,-168.25404950495,4.069
"6859",685.8,30.4433091089109,-168.272783783784,4.069
"6860",685.9,30.41288,-168.283181818182,4.06720454545455
"6861",686,30.429492,-168.22303,4.06882
"6862",686.1,30.454329,-168.263878787879,4.06808080808081
"6863",686.2,30.4923021212121,-168.293504950495,4.06891089108911
"6864",686.3,30.5009665346535,-168.231128712871,4.069
"6865",686.4,30.4891260606061,-168.280355140187,4.069
"6866",686.5,30.4730032,-168.13402173913,4.069
"6867",686.6,30.4717106,-168.390919191919,4.069
"6868",686.7,30.4759948,-168.26964,4.069
"6869",686.8,30.4689899,-168.44928,4.069
"6870",686.9,30.4724748484849,-168.370461538461,4.06811538461538
"6871",687,30.4705836,-168.4284,4.07051428571429
"6872",687.1,30.4940868316832,-168.373056451613,4.07033064516129
"6873",687.2,30.474936,-168.240955882353,4.06913235294118
"6874",687.3,30.4784503960396,-168.264773913043,4.069
"6875",687.4,30.4587384848485,-168.239651162791,4.069
"6876",687.5,30.462429,-168.220454545455,4.069
"6877",687.6,30.4460379,-168.332060606061,4.069
"6878",687.7,30.4525279,-168.341098039216,4.069
"6879",687.8,30.4641336,-168.284962264151,4.06984905660377
"6880",687.9,30.4481965,-168.486826086956,4.07
"6881",688,30.4559314,-168.387673267327,4.07
"6882",688.1,30.4333666,-168.276370689655,4.07
"6883",688.2,30.4499733663366,-168.369689655172,4.06913793103448
"6884",688.3,30.424692,-168.230237113402,4.07081443298969
"6885",688.4,30.438903,-168.329818181818,4.06916161616162
"6886",688.5,30.45424,-168.35012,4.069
"6887",688.6,30.4220448484848,-168.25256,4.069
"6888",688.7,30.4280624242424,-168.32864,4.069
"6889",688.8,30.4414726732673,-168.25701010101,4.069
"6890",688.9,30.4334671,-168.232584158416,4.069
"6891",689,30.4602361,-168.20432,4.069
"6892",689.1,30.4614324,-168.100482758621,4.06979310344828
"6893",689.2,30.4608686868687,-168.108380952381,4.07
"6894",689.3,30.4616256,-168.05036,4.07092
"6895",689.4,30.443348,-168.167666666667,4.06914141414141
"6896",689.5,30.4469888118812,-168.121752475247,4.069
"6897",689.6,30.4297439,-168.271727272727,4.069
"6898",689.7,30.4239056,-168.20378021978,4.069
"6899",689.8,30.4606853,-168.328488888889,4.06832592592593
"6900",689.9,30.4442693,-168.33975,4.068
"6901",690,30.4504398,-168.177148514852,4.06982178217822
"6902",690.1,30.4826842,-168.11286,4.06909
"6903",690.2,30.4544958415842,-168.144767676768,4.06991919191919
"6904",690.3,30.4754042424242,-168.18848,4.07
"6905",690.4,30.5061915,-168.1304,4.0692
"6906",690.5,30.4961668,-168.120614583333,4.069
"6907",690.6,30.5035876,-168.263336734694,4.069
"6908",690.7,30.5025471717172,-168.249695652174,4.069
"6909",690.8,30.4811804,-168.19677,4.06718
"6910",690.9,30.463796969697,-168.130732673267,4.067
"6911",691,30.4482132673267,-168.034,4.06773170731707
"6912",691.1,30.460916,-168.129710526316,4.07064473684211
"6913",691.2,30.4764234653465,-168.12061,4.07009
"6914",691.3,30.4728976,-168.15167,4.07
"6915",691.4,30.4581409090909,-168.15318,4.06909
"6916",691.5,30.4673707920792,-168.082222222222,4.069
"6917",691.6,30.4673791919192,-168.286415841584,4.069
"6918",691.7,30.4328556435643,-168.209693069307,4.069
"6919",691.8,30.4363657,-168.134454545455,4.069
"6920",691.9,30.4346514,-168.13619,4.069
"6921",692,30.4514594059406,-168.17431,4.06991
"6922",692.1,30.4536454545455,-168.172594059406,4.07
"6923",692.2,30.5182613,-168.220673469388,4.06908163265306
"6924",692.3,30.5325291,-168.30596,4.069
"6925",692.4,30.5179114,-168.211891089109,4.069
"6926",692.5,30.532485,-168.37296969697,4.069
"6927",692.6,30.5306092929293,-168.351564356436,4.069
"6928",692.7,30.5428256,-168.2024,4.069
"6929",692.8,30.54867,-168.114464646465,4.06808080808081
"6930",692.9,30.5504864,-168.245544554455,4.06982178217822
"6931",693,30.5493572,-168.230833333333,4.07
"6932",693.1,30.5209926262626,-168.244594594595,4.07
"6933",693.2,30.5115152,-168.236050505051,4.06724242424243
"6934",693.3,30.5093308,-168.181257425743,4.06882178217822
"6935",693.4,30.5146384158416,-168.092378378378,4.069
"6936",693.5,30.5211776,-168.250888888889,4.069
"6937",693.6,30.5544304,-168.3108,4.069
"6938",693.7,30.5668696039604,-168.2565,4.069
"6939",693.8,30.5401251515152,-168.2203,4.069
"6940",693.9,30.5352148,-168.067,4.06990909090909
"6941",694,30.5457952,-168.1612,4.06818
"6942",694.1,30.5532868,-168.10648,4.068
"6943",694.2,30.54446,-168.27745,4.06891
"6944",694.3,30.5462865656566,-168.30774,4.069
"6945",694.4,30.5172507,-168.272059405941,4.069
"6946",694.5,30.5051364,-168.345272727273,4.069
"6947",694.6,30.4985063,-168.05088,4.069
"6948",694.7,30.5001578,-168.30856,4.069
"6949",694.8,30.5049033333333,-168.30242,4.07082
"6950",694.9,30.5133533333333,-168.19253,4.06918
"6951",695,30.499621010101,-168.187515151515,4.069
"6952",695.1,30.4973255445545,-168.12912,4.06992
"6953",695.2,30.4908704,-168.16724,4.06908
"6954",695.3,30.4658119191919,-168.170089108911,4.069
"6955",695.4,30.472303960396,-168.127717171717,4.069
"6956",695.5,30.478495959596,-168.231485148515,4.069
"6957",695.6,30.4916356435644,-168.1965,4.069
"6958",695.7,30.4844076767677,-168.320454545455,4.069
"6959",695.8,30.4685651,-168.2063,4.0699
"6960",695.9,30.464535049505,-168.1632,4.0691
"6961",696,30.4856868686869,-168.1753,4.0681
"6962",696.1,30.4704689108911,-168.233454545455,4.06718181818182
"6963",696.2,30.489381010101,-168.109370786517,4.06789887640449
"6964",696.3,30.4763954,-168.19913592233,4.06888349514563
"6965",696.4,30.4478064,-168.228583333333,4.069
"6966",696.5,30.4687633333333,-168.141643564356,4.069
"6967",696.6,30.4893698019802,-168.120386138614,4.069
"6968",696.7,30.4628066666667,-168.058090909091,4.069
"6969",696.8,30.4412976,-168.15574,4.07082
"6970",696.9,30.460542,-168.284733333333,4.06926666666667
"6971",697,30.4524096969697,-168.146389473684,4.0680947368421
"6972",697.1,30.4564561764706,-168.22919,4.07073
"6973",697.2,30.48186,-168.315292929293,4.07008080808081
"6974",697.3,30.4934085148515,-168.134356435644,4.06908910891089
"6975",697.4,30.4845117,-168.034663716814,4.069
"6976",697.5,30.4806731,-168.167413793103,4.069
"6977",697.6,30.4634358415842,-168.12494,4.069
"6978",697.7,30.4757783838384,-168.164950495049,4.07080198019802
"6979",697.8,30.483025049505,-168.136363636364,4.06918181818182
"6980",697.9,30.4831687878788,-168.258237623762,4.069
"6981",698,30.485486,-168.193842105263,4.069
"6982",698.1,30.4938372,-168.238270588235,4.07078823529412
"6983",698.2,30.4714566666666,-168.261626262626,4.06916161616162
"6984",698.3,30.489947029703,-168.207435643564,4.069
"6985",698.4,30.4959766666667,-168.37217,4.069
"6986",698.5,30.5110402,-168.1706,4.069
"6987",698.6,30.5203894,-168.218376237624,4.069
"6988",698.7,30.5030837373737,-168.2602,4.0681
"6989",698.8,30.4899565686275,-168.204,4.068
"6990",698.9,30.4797566666667,-168.124260869565,4.068
"6991",699,30.4889773267327,-168.081102040816,4.06983673469388
"6992",699.1,30.4953416,-168.211522123894,4.07
"6993",699.2,30.4891884,-168.358704545455,4.06910227272727
"6994",699.3,30.496129,-168.34652,4.069
"6995",699.4,30.5249966666667,-168.13379,4.069
"6996",699.5,30.5262430693069,-168.09025,4.069
"6997",699.6,30.5054333333333,-168.14897,4.069
"6998",699.7,30.4930978,-168.161940677966,4.06822881355932
"6999",699.8,30.4908896039604,-168.181804878049,4.06978048780488
"7000",699.9,30.4982122,-168.121831683168,4.07
"7001",700,30.5043123,-168.135892857143,4.06839285714286
"7002",700.1,30.5031,-168.195689655172,4.06889655172414
"7003",700.2,30.523573,-168.067626168224,4.069
"7004",700.3,30.5397414,-168.042193548387,4.069
"7005",700.4,30.5391606,-168.08932,4.069
"7006",700.5,30.5012492,-168.15315,4.069
"7007",700.6,30.4919568686869,-168.042866666667,4.069
"7008",700.7,30.4723155445545,-167.997229166667,4.06989583333333
"7009",700.8,30.4559374747475,-167.949454545455,4.07
"7010",700.9,30.4346735,-168.01143,4.06909
"7011",701,30.4645163366337,-168.046494949495,4.069
"7012",701.1,30.4664952525252,-168.08856,4.069
"7013",701.2,30.4505383168317,-168.13156,4.069
"7014",701.3,30.4623972,-168.136559322034,4.069
"7015",701.4,30.4667152,-168.102707317073,4.069
"7016",701.5,30.4843551485149,-168.143633663366,4.069
"7017",701.6,30.4698866666667,-168.1298,4.06991
"7018",701.7,30.4759866666667,-167.949603960396,4.06729702970297
"7019",701.8,30.4965115151515,-168.034545454545,4.06881818181818
"7020",701.9,30.5046592,-168.01042,4.06991
"7021",702,30.4880534,-168.060772727273,4.06834545454545
"7022",702.1,30.48689,-167.9658,4.0689
"7023",702.2,30.4787995049505,-168.05137,4.069
"7024",702.3,30.4625966666667,-168.051089108911,4.069
"7025",702.4,30.4354528,-168.305454545454,4.069
"7026",702.5,30.432512,-168.2036,4.069
"7027",702.6,30.4436092,-168.173881188119,4.069
"7028",702.7,30.4319044,-168.1423,4.069
"7029",702.8,30.4510964646465,-168.1228,4.0708
"7030",702.9,30.4540700980392,-168.0751,4.0701
"7031",703,30.4293966666667,-168.059897959184,4.06816326530612
"7032",703.1,30.4114916,-168.162074074074,4.06885185185185
"7033",703.2,30.4241854,-167.99184,4.069
"7034",703.3,30.4489432,-167.956,4.069
"7035",703.4,30.4445328,-168.017890909091,4.069
"7036",703.5,30.4401684848485,-168.041714285714,4.069
"7037",703.6,30.4417323762376,-168.04573,4.069
"7038",703.7,30.4421046,-167.99686,4.069
"7039",703.8,30.4493098,-168.05597029703,4.06809900990099
"7040",703.9,30.4484124,-168.084818181818,4.06890909090909
"7041",704,30.435662,-168.10702,4.069
"7042",704.1,30.459535,-167.963940594059,4.069
"7043",704.2,30.4554785858586,-168.0236,4.069
"7044",704.3,30.433149,-168.0824,4.069
"7045",704.4,30.4426248514852,-168.276265306122,4.069
"7046",704.5,30.4524154,-168.182782178218,4.06991089108911
"7047",704.6,30.4604718,-168.236871287129,4.06909900990099
"7048",704.7,30.4387607070707,-168.073090909091,4.069
"7049",704.8,30.4602275,-168.046089108911,4.069
"7050",704.9,30.455969,-168.0981,4.069
"7051",705,30.443308,-168.092224299065,4.069
"7052",705.1,30.444962970297,-168.104279569892,4.069
"7053",705.2,30.4644125252525,-168.096,4.069
"7054",705.3,30.4748936633664,-168.153564356436,4.069
"7055",705.4,30.432941,-168.084545454545,4.069
"7056",705.5,30.4324982,-168.14343,4.069
"7057",705.6,30.4412368,-168.19095,4.069
"7058",705.7,30.4779524,-168.115767241379,4.069
"7059",705.8,30.482002970297,-168.210964285714,4.069
"7060",705.9,30.4724933333333,-168.213733333333,4.069
"7061",706,30.4805354,-168.162210526316,4.0699052631579
"7062",706.1,30.4903116,-168.201148514851,4.06909900990099
"7063",706.2,30.4746776,-168.093714285714,4.069
"7064",706.3,30.4892162,-168.066052631579,4.069
"7065",706.4,30.4764773737374,-168.1613,4.069
"7066",706.5,30.4787695,-168.097454545455,4.07081818181818
"7067",706.6,30.4921362376238,-168.08836036036,4.06854054054054
"7068",706.7,30.5050806060606,-167.994956521739,4.06973913043478
"7069",706.8,30.4880254455445,-168.037571428571,4.06910204081633
"7070",706.9,30.4953013131313,-168.114909090909,4.07081818181818
"7071",707,30.469445,-168.06831,4.06918
"7072",707.1,30.447316,-167.971080808081,4.069
"7073",707.2,30.4138082178218,-168.03108,4.069
"7074",707.3,30.4174706,-167.97168,4.069
"7075",707.4,30.437726,-167.90252,4.069
"7076",707.5,30.4537732,-167.838981981982,4.06982882882883
"7077",707.6,30.4699858,-167.859764044944,4.0681797752809
"7078",707.7,30.4604207070707,-167.733117647059,4.068
"7079",707.8,30.4628955445544,-167.674882352941,4.06976470588235
"7080",707.9,30.480864,-167.722525773196,4.07090721649485
"7081",708,30.4716824,-167.665693693694,4.06936036036036
"7082",708.1,30.4735637373737,-167.703428571429,4.069
"7083",708.2,30.4741415,-167.895259259259,4.069
"7084",708.3,30.476026,-167.9950625,4.069
"7085",708.4,30.4735145,-167.86004,4.069
"7086",708.5,30.468323,-167.88786,4.06991
"7087",708.6,30.4589526262626,-167.795101851852,4.06915740740741
"7088",708.7,30.4597292,-167.752010752688,4.069
"7089",708.8,30.4487976,-167.779909090909,4.069
"7090",708.9,30.4526728,-167.852588235294,4.06989215686275
"7091",709,30.4796469306931,-167.74503030303,4.06910101010101
"7092",709.1,30.4705135,-167.712,4.069
"7093",709.2,30.468716,-167.88836,4.069
"7094",709.3,30.4856965,-167.87142,4.069
"7095",709.4,30.4866155,-167.990131578947,4.069
"7096",709.5,30.4680755,-167.878347368421,4.069
"7097",709.6,30.4610775,-167.820043478261,4.069
"7098",709.7,30.4596486138614,-167.6262,4.069
"7099",709.8,30.4711851515152,-167.812,4.0708
"7100",709.9,30.4443595,-167.8881,4.0692
"7101",710,30.4571078217822,-167.874909090909,4.069
"7102",710.1,30.465347,-167.952725663717,4.069
"7103",710.2,30.4434468686869,-167.978568421053,4.069
"7104",710.3,30.448124,-167.886173913043,4.069
"7105",710.4,30.4764287878788,-167.85871,4.06809
"7106",710.5,30.475698,-167.706534653465,4.06980198019802
"7107",710.6,30.4807532,-167.656138613861,4.06732673267327
"7108",710.7,30.4962240594059,-167.663125,4.06871153846154
"7109",710.8,30.4916255,-167.709736842105,4.06810526315789
"7110",710.9,30.4869498989899,-167.858636363636,4.06890909090909
"7111",711,30.4990455445544,-167.679287128713,4.069
"7112",711.1,30.5004005050505,-167.8551,4.069
"7113",711.2,30.5323424,-167.786217391304,4.069
"7114",711.3,30.5296928,-167.774081395349,4.069
"7115",711.4,30.527562,-167.709474747475,4.069
"7116",711.5,30.5240535643564,-167.783176470588,4.069
"7117",711.6,30.5068084848485,-167.901555555556,4.069
"7118",711.7,30.5008463366337,-167.769363636364,4.06989898989899
"7119",711.8,30.5045785,-167.652166666667,4.06916666666667
"7120",711.9,30.516333,-167.760347826087,4.069
"7121",712,30.5125185,-167.758178217822,4.069
"7122",712.1,30.5092178787879,-167.797932692308,4.069
"7123",712.2,30.5056036,-167.720894736842,4.069
"7124",712.3,30.4998604,-167.8496,4.069
"7125",712.4,30.5089476,-167.7282,4.0681
"7126",712.5,30.5264656,-167.698454545455,4.06981818181818
"7127",712.6,30.5424945454546,-167.719320754717,4.06914150943396
"7128",712.7,30.5567255,-167.732842105263,4.0698947368421
"7129",712.8,30.5591217,-167.785683168317,4.06910891089109
"7130",712.9,30.5432136633663,-167.797393939394,4.069
"7131",713,30.52507,-167.78043902439,4.069
"7132",713.1,30.5483696,-167.776576923077,4.069
"7133",713.2,30.5454047524753,-167.902858585859,4.069
"7134",713.3,30.5152991919192,-167.894722772277,4.069
"7135",713.4,30.5147496,-167.992806122449,4.07081632653061
"7136",713.5,30.481794,-167.849831683168,4.06829702970297
"7137",713.6,30.4261956,-167.936965517241,4.06722413793103
"7138",713.7,30.4435544,-167.845117647059,4.06961176470588
"7139",713.8,30.4722927272727,-167.876948979592,4.06909183673469
"7140",713.9,30.4613271287129,-167.887405940594,4.069
"7141",714,30.4627332,-167.820307692308,4.069
"7142",714.1,30.4939572,-167.998524390244,4.069
"7143",714.2,30.4904344,-167.750900990099,4.069
"7144",714.3,30.4716927272727,-167.9289,4.069
"7145",714.4,30.4812459405941,-167.9304,4.0708
"7146",714.5,30.4854254545455,-167.83003539823,4.06861061946903
"7147",714.6,30.5065448514851,-167.912977011494,4.06888505747126
"7148",714.7,30.49496,-167.873,4.0708
"7149",714.8,30.4926363636364,-167.8787,4.0692
"7150",714.9,30.5129805940594,-167.7081,4.069
"7151",715,30.5095672727273,-167.8582,4.069
"7152",715.1,30.4839247524752,-167.8041,4.069
"7153",715.2,30.4786036363636,-167.887818181818,4.069
"7154",715.3,30.4662854,-167.85332,4.06809
"7155",715.4,30.4188174257426,-167.83899,4.068
"7156",715.5,30.434,-167.9017,4.068
"7157",715.6,30.4386868627451,-167.791772277228,4.068
"7158",715.7,30.4486163636363,-167.896623762376,4.068
"7159",715.8,30.4628564,-167.930777777778,4.068
"7160",715.9,30.4182204,-167.9033,4.0689
"7161",716,30.3944481818182,-167.8991,4.069
"7162",716.1,30.3875615841584,-168.0187,4.069
"7163",716.2,30.3781563636364,-167.968756756757,4.069
"7164",716.3,30.3927873,-167.905179775281,4.06811235955056
"7165",716.4,30.4089026,-167.93999009901,4.06978217821782
"7166",716.5,30.4043125,-167.738232323232,4.07
"7167",716.6,30.4182276,-167.803392857143,4.07
"7168",716.7,30.4394363636364,-167.830318181818,4.07
"7169",716.8,30.4234374257426,-167.8337,4.0691
"7170",716.9,30.4081523,-167.848257425743,4.069
"7171",717,30.4258723,-167.785073770492,4.069
"7172",717.1,30.4333806930693,-167.782157894737,4.069
"7173",717.2,30.4328390909091,-167.810227722772,4.069
"7174",717.3,30.4495148514851,-167.850425742574,4.069
"7175",717.4,30.4860545454545,-167.674303030303,4.069
"7176",717.5,30.493581,-167.8628,4.0681
"7177",717.6,30.5082756,-167.951089285714,4.068
"7178",717.7,30.5138184,-168.006438202247,4.06975280898876
"7179",717.8,30.4916833663367,-168.019556603774,4.06916037735849
"7180",717.9,30.4866163636364,-168.047489361702,4.069
"7181",718,30.5062718811881,-167.970090909091,4.069
"7182",718.1,30.5197763636364,-168.044202247191,4.069
"7183",718.2,30.4963135,-168.062728971963,4.069
"7184",718.3,30.4747325,-168.023191666667,4.069
"7185",718.4,30.4884366,-167.907479452055,4.06813698630137
"7186",718.5,30.4962195049505,-167.935636363636,4.068
"7187",718.6,30.4905154545455,-168.002168316832,4.068
"7188",718.7,30.5039176,-167.9514,4.0689
"7189",718.8,30.5316356,-167.8793,4.069
"7190",718.9,30.5182003,-167.7433,4.069
"7191",719,30.4903285,-167.9396,4.069
"7192",719.1,30.4892416161616,-167.9297,4.069
"7193",719.2,30.4837724752475,-167.907287128713,4.069
"7194",719.3,30.4792726,-167.82935,4.069
"7195",719.4,30.5259841,-167.879333333333,4.06823931623932
"7196",719.5,30.5436053465347,-167.773317073171,4.07063414634146
"7197",719.6,30.5486564,-167.909267326733,4.06832673267327
"7198",719.7,30.5553384,-167.771575757576,4.06889898989899
"7199",719.8,30.5483872727273,-167.812181818182,4.069
"7200",719.9,30.572865,-167.81618,4.069
"7201",720,30.5878741,-167.874564356436,4.069
"7202",720.1,30.5782266,-167.978272727273,4.069
"7203",720.2,30.5973244,-167.80145,4.069
"7204",720.3,30.6183177777778,-167.89675,4.06718
"7205",720.4,30.6082292,-167.840739130435,4.06858260869565
"7206",720.5,30.6143818,-167.808523809524,4.06809523809524
"7207",720.6,30.5776494,-167.880058823529,4.06890196078431
"7208",720.7,30.5736392079208,-167.839538461538,4.06813461538461
"7209",720.8,30.6115629292929,-167.813894736842,4.06890526315789
"7210",720.9,30.6540967326733,-167.91574,4.069
"7211",721,30.6279987,-167.984882352941,4.069
"7212",721.1,30.6119812,-167.896707070707,4.069
"7213",721.2,30.5964467,-167.852020408163,4.06808163265306
"7214",721.3,30.6018161,-167.831088495575,4.06881415929204
"7215",721.4,30.5997111,-167.741130434783,4.069
"7216",721.5,30.6018938383838,-167.824073684211,4.06991578947369
"7217",721.6,30.592601,-167.869980392157,4.06909803921569
"7218",721.7,30.5863716831683,-167.8695,4.0681
"7219",721.8,30.5875627,-167.7736,4.0689
"7220",721.9,30.5820134,-167.7441,4.069
"7221",722,30.5812424,-167.817454545455,4.069
"7222",722.1,30.5731711111111,-167.757813084112,4.069
"7223",722.2,30.570369,-167.894340425532,4.069
"7224",722.3,30.5891774,-167.686594594595,4.069
"7225",722.4,30.5884612,-167.629459770115,4.06990804597701
"7226",722.5,30.5786586,-167.57799009901,4.06817821782178
"7227",722.6,30.5757976767677,-167.557683168317,4.06890099009901
"7228",722.7,30.5565239,-167.547818181818,4.069
"7229",722.8,30.5901377,-167.57885,4.069
"7230",722.9,30.6031974257426,-167.648254385965,4.069
"7231",723,30.5900486,-167.626942528736,4.06811494252874
"7232",723.1,30.5914458,-167.632909090909,4.06890909090909
"7233",723.2,30.5944582,-167.706633027523,4.069
"7234",723.3,30.5766042,-167.759266666667,4.069
"7235",723.4,30.5626538613861,-167.694389830508,4.069
"7236",723.5,30.5541218,-167.603819047619,4.06970476190476
"7237",723.6,30.5499344,-167.797594936709,4.06912658227848
"7238",723.7,30.5351386,-167.86,4.069
"7239",723.8,30.5419081818182,-167.86937,4.069
"7240",723.9,30.5339374,-167.988930693069,4.069
"7241",724,30.5121406,-167.8526,4.069
"7242",724.1,30.5112104,-168.048727272727,4.069
"7243",724.2,30.5170066,-167.98901,4.07082
"7244",724.3,30.5373270707071,-167.88545,4.06918
"7245",724.4,30.5552563,-167.911533333333,4.069
"7246",724.5,30.5452273,-167.850010526316,4.06718947368421
"7247",724.6,30.5236421782178,-167.995267326733,4.067
"7248",724.7,30.527876,-167.9967,4.0688
"7249",724.8,30.5262676,-167.9473,4.069
"7250",724.9,30.5273268,-168.1517,4.069
"7251",725,30.5366624,-167.9644,4.069
"7252",725.1,30.5261466,-168.1255,4.069
"7253",725.2,30.5337954,-168.000545454545,4.069
"7254",725.3,30.5338472,-168.089613861386,4.06990099009901
"7255",725.4,30.5185384,-168.0551,4.0691
"7256",725.5,30.5092442424243,-167.9987,4.069
"7257",725.6,30.5325096039604,-168.0812,4.069
"7258",725.7,30.556909,-168.123869565217,4.069
"7259",725.8,30.5661938,-168.029220930233,4.069
"7260",725.9,30.5626156,-167.961647058824,4.069
"7261",726,30.5540370707071,-167.925,4.069
"7262",726.1,30.5537851485149,-167.989851485149,4.069
"7263",726.2,30.549283030303,-168.038368421053,4.06988421052632
"7264",726.3,30.5455612,-167.99894949495,4.06910101010101
"7265",726.4,30.547085,-167.9283,4.069
"7266",726.5,30.5399693939394,-167.8868,4.069
"7267",726.6,30.5669844554456,-167.9136,4.0681
"7268",726.7,30.564656969697,-167.946405940594,4.06889108910891
"7269",726.8,30.53416,-167.931121212121,4.069
"7270",726.9,30.5382965,-167.877942307692,4.069
"7271",727,30.5374283,-167.937381443299,4.06811340206186
"7272",727.1,30.5413263366337,-167.851551020408,4.06890816326531
"7273",727.2,30.5460391919192,-167.95887254902,4.06721568627451
"7274",727.3,30.5427223529412,-167.900346938776,4.06881632653061
"7275",727.4,30.5547783838384,-167.78835,4.069
"7276",727.5,30.5424354,-167.798722772277,4.06809900990099
"7277",727.6,30.5515688,-167.821172413793,4.06877586206897
"7278",727.7,30.5616053535354,-167.752129411765,4.069
"7279",727.8,30.5738427722772,-167.759878787879,4.069
"7280",727.9,30.6037783838384,-167.797660377359,4.06815094339623
"7281",728,30.6275079,-167.852255319149,4.06889361702128
"7282",728.1,30.6034927,-167.957,4.0663
"7283",728.2,30.5873181818182,-167.8339,4.0678
"7284",728.3,30.6229099009901,-167.788702970297,4.07067326732673
"7285",728.4,30.6530587878788,-167.786797979798,4.06920202020202
"7286",728.5,30.6380592079208,-167.7096,4.0681
"7287",728.6,30.6292188,-167.873871287129,4.068
"7288",728.7,30.6195359405941,-168.060171171171,4.0688018018018
"7289",728.8,30.6197014851485,-167.922213483146,4.069
"7290",728.9,30.6364422222222,-167.798111111111,4.069
"7291",729,30.6341352475248,-168.126230769231,4.069
"7292",729.1,30.6396446464646,-168.019682926829,4.06810975609756
"7293",729.2,30.6210072,-167.915613861386,4.06709900990099
"7294",729.3,30.6182508,-167.844,4.0697
"7295",729.4,30.6140973737374,-167.672454545455,4.06727272727273
"7296",729.5,30.6043341176471,-167.83254,4.06791
"7297",729.6,30.5979527272727,-167.694128712871,4.06890099009901
"7298",729.7,30.613764040404,-167.668,4.069
"7299",729.8,30.6015209,-167.7264,4.069
"7300",729.9,30.6040521212121,-167.6439,4.069
"7301",730,30.6186875247524,-167.824,4.069
"7302",730.1,30.6025563636364,-167.76474,4.069
"7303",730.2,30.623944,-167.785,4.06822222222222
"7304",730.3,30.606964,-167.785952380952,4.06888095238095
"7305",730.4,30.607808,-167.795934579439,4.06815887850467
"7306",730.5,30.615244,-167.814064516129,4.06710752688172
"7307",730.6,30.6173341414142,-167.814217821782,4.06878217821782
"7308",730.7,30.6322111764706,-167.7161,4.069
"7309",730.8,30.6145374,-167.810255102041,4.069
"7310",730.9,30.5817266,-167.836166666667,4.069
"7311",731,30.549896039604,-167.77036,4.06811
"7312",731.1,30.5439062626263,-167.712555555556,4.06889898989899
"7313",731.2,30.5369158415842,-167.725,4.0681
"7314",731.3,30.535724040404,-167.721653465347,4.06889108910891
"7315",731.4,30.5368635,-167.669234693878,4.069
"7316",731.5,30.5257176,-167.694633663366,4.06809900990099
"7317",731.6,30.5451175757576,-167.757702970297,4.06889108910891
"7318",731.7,30.5484491089109,-167.779957983193,4.069
"7319",731.8,30.5269812121212,-167.847222222222,4.069
"7320",731.9,30.507228,-167.842616161616,4.069
"7321",732,30.541536,-167.9652,4.0663
"7322",732.1,30.5483891919192,-167.829582524272,4.0686213592233
"7323",732.2,30.5462776237624,-167.71656122449,4.06811224489796
"7324",732.3,30.567741010101,-167.682525252525,4.068
"7325",732.4,30.5746334653465,-167.7781,4.068
"7326",732.5,30.556668,-167.7422,4.0689
"7327",732.6,30.55596,-167.684425742574,4.069
"7328",732.7,30.5571574257426,-167.69402,4.069
"7329",732.8,30.5394342424242,-167.669971698113,4.069
"7330",732.9,30.5365644554455,-167.666693877551,4.06815306122449
"7331",733,30.5090196969697,-167.762625,4.06888541666667
"7332",733.1,30.49355,-167.699508928571,4.07058928571429
"7333",733.2,30.495604,-167.715813953488,4.06831395348837
"7334",733.3,30.484708,-167.64174,4.06891
"7335",733.4,30.4821884158416,-167.696450980392,4.06810784313725
"7336",733.5,30.4647224242424,-167.654051020408,4.06890816326531
"7337",733.6,30.4634562376238,-167.703059405941,4.069
"7338",733.7,30.4751609090909,-167.7288,4.069
"7339",733.8,30.48995,-167.7508,4.069
"7340",733.9,30.494814,-167.793909090909,4.069
"7341",734,30.499934,-167.511617647059,4.07078431372549
"7342",734.1,30.494798,-167.593244897959,4.06918367346939
"7343",734.2,30.4898993939394,-167.600539215686,4.069
"7344",734.3,30.4822574,-167.572078431373,4.069
"7345",734.4,30.4691337,-167.56544,4.069
"7346",734.5,30.466085,-167.643577464789,4.069
"7347",734.6,30.4667655445545,-167.6234,4.069
"7348",734.7,30.4703523232323,-167.718910891089,4.069
"7349",734.8,30.4886402970297,-167.727904347826,4.069
"7350",734.9,30.491426,-167.71738,4.06826
"7351",735,30.47044,-167.584069767442,4.068
"7352",735.1,30.5045248514852,-167.659888888889,4.06977777777778
"7353",735.2,30.5266690909091,-167.628267241379,4.06923275862069
"7354",735.3,30.532460990099,-167.636726190476,4.06986904761905
"7355",735.4,30.5336827272727,-167.55901,4.06822
"7356",735.5,30.525918,-167.544505050505,4.06889898989899
"7357",735.6,30.52544,-167.574280373832,4.069
"7358",735.7,30.522994,-167.604989247312,4.069
"7359",735.8,30.526992,-167.761267326733,4.069
"7360",735.9,30.5283598989899,-167.64561,4.06811
"7361",736,30.510111,-167.605626262626,4.068
"7362",736.1,30.5161744,-167.6669,4.068
"7363",736.2,30.530618,-167.707861386139,4.06889108910891
"7364",736.3,30.5396798019802,-167.728181818182,4.07079797979798
"7365",736.4,30.5590054545455,-167.7399,4.0692
"7366",736.5,30.5721791,-167.6933,4.069
"7367",736.6,30.5847691089109,-167.659485148515,4.069
"7368",736.7,30.588208,-167.724323232323,4.06810101010101
"7369",736.8,30.563484,-167.72398019802,4.06889108910891
"7370",736.9,30.5717009090909,-167.680747474747,4.06810101010101
"7371",737,30.5686558415841,-167.7237,4.068
"7372",737.1,30.5463006060606,-167.6255,4.0689
"7373",737.2,30.5429124,-167.5933,4.0681
"7374",737.3,30.5348216831683,-167.68901980198,4.06978217821782
"7375",737.4,30.524374,-167.538282828283,4.06820202020202
"7376",737.5,30.515662,-167.6703,4.0689
"7377",737.6,30.5230451515152,-167.629869565217,4.069
"7378",737.7,30.5322377,-167.568651162791,4.069
"7379",737.8,30.551024,-167.740816513761,4.069
"7380",737.9,30.5387712,-167.592868131868,4.06812087912088
"7381",738,30.5138965,-167.47088,4.06889
"7382",738.1,30.5323465,-167.515636363636,4.069
"7383",738.2,30.5276682828283,-167.50596039604,4.06810891089109
"7384",738.3,30.5109766,-167.606185185185,4.06964814814815
"7385",738.4,30.5213494,-167.576934782609,4.06911956521739
"7386",738.5,30.5400459405941,-167.500777777778,4.069
"7387",738.6,30.536489,-167.6253,4.069
"7388",738.7,30.5330697,-167.565140186916,4.069
"7389",738.8,30.5336073,-167.571308510638,4.0681170212766
"7390",738.9,30.5386209,-167.53217,4.06622
"7391",739,30.5337442574258,-167.611954545455,4.07004545454546
"7392",739.1,30.542746,-167.528146067416,4.06833707865168
"7393",739.2,30.535106,-167.659545454545,4.06981818181818
"7394",739.3,30.531722,-167.6666875,4.068375
"7395",739.4,30.542277979798,-167.587775280899,4.06888764044944
"7396",739.5,30.580283,-167.614363636364,4.069
"7397",739.6,30.5845493,-167.635669902913,4.069
"7398",739.7,30.5594587,-167.736666666667,4.069
"7399",739.8,30.567839,-167.833761904762,4.069
"7400",739.9,30.5797064646465,-167.674212121212,4.06645454545455
"7401",740,30.5793172,-167.681958333333,4.06777083333333
"7402",740.1,30.602202,-167.687,4.06889
"7403",740.2,30.6142532673268,-167.62496969697,4.06720202020202
"7404",740.3,30.5848791,-167.671465346535,4.06878217821782
"7405",740.4,30.5802912,-167.731939393939,4.069
"7406",740.5,30.568425,-167.720178217822,4.069
"7407",740.6,30.5857612,-167.5934,4.06811
"7408",740.7,30.5920771,-167.609677966102,4.06875423728814
"7409",740.8,30.5740936,-167.611417582418,4.06821978021978
"7410",740.9,30.5853035,-167.569888888889,4.06533333333333
"7411",741,30.5846935,-167.652326732673,4.06856435643564
"7412",741.1,30.6191187878788,-167.50369,4.06811
"7413",741.2,30.6258346534654,-167.687171717172,4.07069696969697
"7414",741.3,30.5886998,-167.618217821782,4.06832673267327
"7415",741.4,30.5496071,-167.67731,4.06889
"7416",741.5,30.5265456,-167.706676767677,4.069
"7417",741.6,30.5304459595959,-167.496920792079,4.069
"7418",741.7,30.5015725742574,-167.56534,4.069
"7419",741.8,30.4954445454546,-167.483505050505,4.069
"7420",741.9,30.4959304,-167.420433628319,4.06661061946903
"7421",742,30.5107128,-167.511557894737,4.06843157894737
"7422",742.1,30.5014815151515,-167.437956521739,4.069
"7423",742.2,30.5118910891089,-167.6294,4.0717
"7424",742.3,30.5506084848485,-167.568237623762,4.06932673267327
"7425",742.4,30.5533167326733,-167.61852,4.069
"7426",742.5,30.5433534,-167.604398058252,4.069
"7427",742.6,30.535739,-167.646216494845,4.06811340206186
"7428",742.7,30.5301488118812,-167.61017,4.06889
"7429",742.8,30.503492020202,-167.62013,4.069
"7430",742.9,30.4992034653465,-167.63357,4.06722
"7431",743,30.5152703,-167.602396039604,4.06876237623763
"7432",743.1,30.5304804,-167.467795918367,4.06810204081633
"7433",743.2,30.5321501,-167.501529411765,4.06888235294118
"7434",743.3,30.5226119191919,-167.49744,4.069
"7435",743.4,30.5229156435644,-167.525071428571,4.069
"7436",743.5,30.5145878787879,-167.581045977012,4.069
"7437",743.6,30.4963684,-167.57465,4.06811
"7438",743.7,30.5036128,-167.5374,4.06889
"7439",743.8,30.5142296969697,-167.4707,4.06811
"7440",743.9,30.5137092079208,-167.388099009901,4.068
"7441",744,30.5118918181818,-167.43608,4.068
"7442",744.1,30.5269023762376,-167.500888888889,4.06888888888889
"7443",744.2,30.5495744,-167.52491,4.06989
"7444",744.3,30.557296969697,-167.59731,4.06911
"7445",744.4,30.5584887128713,-167.51611,4.069
"7446",744.5,30.5514248484848,-167.535841584158,4.069
"7447",744.6,30.5436742574257,-167.589777777778,4.069
"7448",744.7,30.5395618181818,-167.680594059406,4.069
"7449",744.8,30.5392776,-167.686643478261,4.069
"7450",744.9,30.5654614851485,-167.519880952381,4.06813095238095
"7451",745,30.5768724242424,-167.495,4.06711881188119
"7452",745.1,30.5600714705882,-167.564333333333,4.06877777777778
"7453",745.2,30.5621925,-167.46353,4.069
"7454",745.3,30.5784664356436,-167.44295049505,4.06811881188119
"7455",745.4,30.56601,-167.40592,4.06888
"7456",745.5,30.5563478787879,-167.464111111111,4.069
"7457",745.6,30.5549146534653,-167.57257,4.06811
"7458",745.7,30.5487759183673,-167.47108,4.06889
"7459",745.8,30.5549210891089,-167.51752,4.069
"7460",745.9,30.5732191919192,-167.463566371681,4.06821238938053
"7461",746,30.571822,-167.467091954023,4.068
"7462",746.1,30.574701,-167.3543,4.068
"7463",746.2,30.5728966,-167.36225,4.068
"7464",746.3,30.5509704950495,-167.50829,4.06889
"7465",746.4,30.5541313131313,-167.5349,4.06811
"7466",746.5,30.5621272,-167.521616161616,4.06889898989899
"7467",746.6,30.5751699009901,-167.417647058823,4.069
"7468",746.7,30.5878435,-167.519555555555,4.06811111111111
"7469",746.8,30.5952695049505,-167.550742574257,4.06888118811881
"7470",746.9,30.5774987878788,-167.51164,4.069
"7471",747,30.5724431,-167.51216,4.06988
"7472",747.1,30.6010412,-167.604142857143,4.06842857142857
"7473",747.2,30.605411010101,-167.553863636364,4.06886363636364
"7474",747.3,30.6148844,-167.48832,4.069
"7475",747.4,30.6105512121212,-167.52324,4.069
"7476",747.5,30.571805049505,-167.555040816327,4.069
"7477",747.6,30.5506138,-167.469764705882,4.069
"7478",747.7,30.5424586,-167.516666666667,4.06813725490196
"7479",747.8,30.5757234,-167.434734693878,4.06712244897959
"7480",747.9,30.6084375757576,-167.532222222222,4.07055555555556
"7481",748,30.5979924752475,-167.52464,4.06833
"7482",748.1,30.5949351515152,-167.62524,4.06889
"7483",748.2,30.613821980198,-167.556930693069,4.069
"7484",748.3,30.6160222,-167.58296,4.069
"7485",748.4,30.6159146,-167.557777777778,4.06811111111111
"7486",748.5,30.6152812,-167.599848484848,4.06889898989899
"7487",748.6,30.6126436363636,-167.502647058823,4.069
"7488",748.7,30.6136604,-167.467,4.07076
"7489",748.8,30.61009,-167.58016,4.06924
"7490",748.9,30.611657,-167.51944,4.06988
"7491",749,30.6294003960396,-167.517888888889,4.06822222222222
"7492",749.1,30.6434774,-167.549841584158,4.068
"7493",749.2,30.6381791089109,-167.753111111111,4.06888888888889
"7494",749.3,30.622571010101,-167.53302970297,4.06811881188119
"7495",749.4,30.6264214,-167.624142857143,4.06878571428571
"7496",749.5,30.6307936,-167.6908,4.0682
"7497",749.6,30.6200622,-167.663818181818,4.068
"7498",749.7,30.6049746,-167.609765957447,4.06974468085106
"7499",749.8,30.5873133333333,-167.58593877551,4.06730612244898
"7500",749.9,30.6041,-167.555764705882,4.06876470588235
"7501",750,30.6226073,-167.564444444444,4.06811111111111
"7502",750.1,30.604066,-167.508554545455,4.06880909090909
"7503",750.2,30.5960228,-167.541522222222,4.06812222222222
"7504",750.3,30.589721010101,-167.41272,4.06889
"7505",750.4,30.6003930693069,-167.398696969697,4.069
"7506",750.5,30.6182004,-167.4134,4.069
"7507",750.6,30.6335949,-167.493415841584,4.069
"7508",750.7,30.6399916831683,-167.50656,4.069
"7509",750.8,30.6285157575758,-167.494414141414,4.069
"7510",750.9,30.6321501980198,-167.513495049505,4.06810891089109
"7511",751,30.6014924242424,-167.40475,4.068
"7512",751.1,30.5756943,-167.384831683168,4.06711881188119
"7513",751.2,30.5976091,-167.395578947368,4.06854385964912
"7514",751.3,30.630518989899,-167.372011764706,4.0681294117647
"7515",751.4,30.6479156862745,-167.38298019802,4.06888118811881
"7516",751.5,30.646563030303,-167.41316,4.069
"7517",751.6,30.6358267,-167.3994,4.069
"7518",751.7,30.6288396,-167.228111111111,4.069
"7519",751.8,30.6345524,-167.24705,4.06722
"7520",751.9,30.6181873,-167.23598,4.06967
"7521",752,30.5912913,-167.22332,4.06822
"7522",752.1,30.6010221212121,-167.286326732673,4.068
"7523",752.2,30.6176136,-167.325222222222,4.06888888888889
"7524",752.3,30.629682,-167.4892,4.069
"7525",752.4,30.6212972,-167.62292,4.06811
"7526",752.5,30.6026924,-167.396070707071,4.06889898989899
"7527",752.6,30.5995,-167.50800990099,4.06810891089109
"7528",752.7,30.6039964,-167.48495,4.06889
"7529",752.8,30.6260324,-167.47555,4.069
"7530",752.9,30.6348492079208,-167.463193877551,4.069
"7531",753,30.6331667,-167.535364341085,4.06829457364341
"7532",753.1,30.6429220792079,-167.505698630137,4.06884931506849
"7533",753.2,30.6288446,-167.451408163265,4.069
"7534",753.3,30.6400975757576,-167.36500990099,4.06809900990099
"7535",753.4,30.6416368,-167.500545454545,4.068
"7536",753.5,30.638317,-167.593386138614,4.068
"7537",753.6,30.623532,-167.599731092437,4.068
"7538",753.7,30.6065348,-167.423540229885,4.07044827586207
"7539",753.8,30.6236206060606,-167.300893617021,4.06921276595745
"7540",753.9,30.6339164,-167.2289,4.069
"7541",754,30.6139912,-167.623881188119,4.06721782178218
"7542",754.1,30.6185624,-167.52971,4.06789
"7543",754.2,30.6346212,-167.43662244898,4.068
"7544",754.3,30.6309344,-167.480745098039,4.06889215686274
"7545",754.4,30.6228704,-167.4514,4.06811
"7546",754.5,30.6223984,-167.4114,4.06889
"7547",754.6,30.6301413861386,-167.53249,4.069
"7548",754.7,30.6243998,-167.380787878788,4.069
"7549",754.8,30.632078,-167.420811881188,4.06721782178218
"7550",754.9,30.6397992,-167.402828282828,4.06789898989899
"7551",755,30.6109437373737,-167.4864,4.0689
"7552",755.1,30.5866912,-167.3457,4.0681
"7553",755.2,30.560744,-167.492960396039,4.068
"7554",755.3,30.5324027722772,-167.390737373737,4.06889898989899
"7555",755.4,30.5254735,-167.4184,4.0681
"7556",755.5,30.5302058585859,-167.3978,4.068
"7557",755.6,30.5398908,-167.5111,4.0689
"7558",755.7,30.5575312,-167.5474,4.0699
"7559",755.8,30.5497512,-167.37,4.0682
"7560",755.9,30.5412428,-167.315086206897,4.068
"7561",756,30.5490144444444,-167.292811764706,4.06974117647059
"7562",756.1,30.5604294059406,-167.280102040816,4.06818367346939
"7563",756.2,30.5631211111111,-167.323607843137,4.068
"7564",756.3,30.5706015,-167.43135,4.068
"7565",756.4,30.568893,-167.370705882353,4.06887254901961
"7566",756.5,30.5565295,-167.343855670103,4.069
"7567",756.6,30.5704141584159,-167.532733944954,4.06734862385321
"7568",756.7,30.5686522222222,-167.588847826087,4.06876086956522
"7569",756.8,30.5439582178218,-167.45216,4.069
"7570",756.9,30.5531144,-167.43589,4.06811
"7571",757,30.5583435643564,-167.52411,4.06889
"7572",757.1,30.5723789,-167.629393939394,4.06810101010101
"7573",757.2,30.5997882828283,-167.5248,4.0689
"7574",757.3,30.6133215841584,-167.5894,4.069
"7575",757.4,30.6242194949495,-167.5989,4.069
"7576",757.5,30.6534288,-167.571376237624,4.06810891089109
"7577",757.6,30.6490396,-167.503272727273,4.06889898989899
"7578",757.7,30.6273388888889,-167.5077,4.0672
"7579",757.8,30.6410277227723,-167.474454545455,4.06790909090909
"7580",757.9,30.6615422222222,-167.43496039604,4.06980198019802
"7581",758,30.6586135,-167.4112,4.0691
"7582",758.1,30.6669965,-167.4909,4.0681
"7583",758.2,30.678473,-167.543663366337,4.068
"7584",758.3,30.6552926732674,-167.4333,4.068
"7585",758.4,30.6244844444444,-167.428888888889,4.06889898989899
"7586",758.5,30.6396474257426,-167.546363636364,4.06990909090909
"7587",758.6,30.6517916,-167.541782178218,4.06819801980198
"7588",758.7,30.6498132,-167.5094,4.0662
"7589",758.8,30.6261728,-167.437386138614,4.06778217821782
"7590",758.9,30.6167444444444,-167.452044642857,4.068
"7591",759,30.6200225,-167.43525,4.068
"7592",759.1,30.630567,-167.46849,4.068
"7593",759.2,30.6475971287129,-167.527838383838,4.068
"7594",759.3,30.6354988,-167.5736,4.068
"7595",759.4,30.6367188888889,-167.545567567568,4.068
"7596",759.5,30.625786930693,-167.440566666667,4.06975555555556
"7597",759.6,30.6188355555556,-167.469252525253,4.06820202020202
"7598",759.7,30.6206465,-167.4704,4.0689
"7599",759.8,30.6180235,-167.3746,4.0681
"7600",759.9,30.6285436363636,-167.41586440678,4.06952542372881
"7601",760,30.6241596039604,-167.433756097561,4.06824390243902
"7602",760.1,30.6176427272727,-167.42696875,4.068
"7603",760.2,30.6439822772277,-167.624438356164,4.068
"7604",760.3,30.6464327272727,-167.451434343434,4.06889898989899
"7605",760.4,30.6249472,-167.492285714286,4.069
"7606",760.5,30.6220324752475,-167.504634615385,4.06818269230769
"7607",760.6,30.6276254545455,-167.576419354839,4.06887096774194
"7608",760.7,30.6325533333333,-167.656333333333,4.069
"7609",760.8,30.6150422222222,-167.582168316832,4.06811881188119
"7610",760.9,30.6219081188119,-167.543296296296,4.06881481481482
"7611",761,30.6261816,-167.58047826087,4.06813043478261
"7612",761.1,30.6192022222222,-167.578926605505,4.068
"7613",761.2,30.6282448514851,-167.395560439561,4.068
"7614",761.3,30.6403166666667,-167.659555555556,4.068
"7615",761.4,30.6308331683168,-167.585851485148,4.06888118811881
"7616",761.5,30.6348388888889,-167.504333333333,4.069
"7617",761.6,30.6331772727272,-167.33936,4.069
"7618",761.7,30.6056634653465,-167.34848,4.068288
"7619",761.8,30.62136,-167.304533333333,4.06714666666667
"7620",761.9,30.6210453465346,-167.36086,4.06789
"7621",762,30.6113754545455,-167.36277,4.068
"7622",762.1,30.6123318,-167.517114285714,4.068
"7623",762.2,30.5971116831683,-167.421210526316,4.068
"7624",762.3,30.5884663636364,-167.44594,4.068
"7625",762.4,30.5851635294118,-167.42697,4.068
"7626",762.5,30.58018,-167.49801980198,4.068
"7627",762.6,30.582018,-167.433538461538,4.068
"7628",762.7,30.5834665,-167.39375,4.06975
"7629",762.8,30.5932854545455,-167.486888888889,4.07
"7630",762.9,30.5815271287129,-167.41704950495,4.06823762376237
"7631",763,30.5732536363637,-167.398888888889,4.068
"7632",763.1,30.5897810891089,-167.439415841584,4.068
"7633",763.2,30.5779195,-167.43884,4.06888
"7634",763.3,30.5749318181818,-167.39312,4.06812
"7635",763.4,30.5771276237624,-167.40636,4.06976
"7636",763.5,30.5596354545455,-167.37732,4.06912
"7637",763.6,30.5658585148515,-167.31844,4.06812
"7638",763.7,30.58086,-167.278111111111,4.06888888888889
"7639",763.8,30.6010822,-167.223772277228,4.06723762376238
"7640",763.9,30.6144982,-167.179862385321,4.06780733944954
"7641",764,30.6078412121212,-167.223666666667,4.068
"7642",764.1,30.5928095049505,-167.289742268041,4.068
"7643",764.2,30.5839876,-167.450326732673,4.068
"7644",764.3,30.5767518811881,-167.395444444444,4.068
"7645",764.4,30.5587395,-167.29166,4.06889
"7646",764.5,30.5584795,-167.465930693069,4.06723762376238
"7647",764.6,30.5781352475248,-167.274111111111,4.06877777777778
"7648",764.7,30.5861567346939,-167.20952631579,4.06821929824561
"7649",764.8,30.5855357425743,-167.19124137931,4.068
"7650",764.9,30.586519,-167.174888888889,4.068
"7651",765,30.593656,-167.25577,4.068
"7652",765.1,30.583949,-167.28914,4.068
"7653",765.2,30.6188663636363,-167.271339285714,4.068
"7654",765.3,30.6391781188119,-167.16625,4.068
"7655",765.4,30.62024,-167.16713,4.068
"7656",765.5,30.6310382,-167.126702970297,4.06888118811881
"7657",765.6,30.633086,-167.133444444444,4.069
"7658",765.7,30.6268134343434,-167.31567,4.06633
"7659",765.8,30.6254058415842,-167.22497,4.06867
"7660",765.9,30.6343845454545,-167.38989,4.06811
"7661",766,30.6361819,-167.43158,4.068
"7662",766.1,30.6385911881188,-167.30228,4.068
"7663",766.2,30.6273922,-167.24862,4.068
"7664",766.3,30.6040512,-167.16835,4.068
"7665",766.4,30.6033121212121,-167.2035,4.068
"7666",766.5,30.634789,-167.190495049505,4.06888118811881
"7667",766.6,30.6275575,-167.081333333333,4.06811111111111
"7668",766.7,30.6150481,-167.13831,4.068
"7669",766.8,30.614896039604,-167.222307692308,4.068
"7670",766.9,30.6136963636364,-167.230618556701,4.068
"7671",767,30.6467763366337,-167.261111111111,4.068
"7672",767.1,30.6634356,-167.22139,4.068
"7673",767.2,30.6525358,-167.18841,4.06889
"7674",767.3,30.6382546,-167.115386138614,4.06811881188119
"7675",767.4,30.6275257575758,-167.1092,4.0672
"7676",767.5,30.6254112871287,-167.251266666667,4.067
"7677",767.6,30.6103436363636,-167.287222222222,4.06877777777778
"7678",767.7,30.5963292,-167.08252,4.06811
"7679",767.8,30.599819,-167.175079207921,4.06888118811881
"7680",767.9,30.5927188,-167.208777777778,4.06811111111111
"7681",768,30.5952153,-167.204527272727,4.068
"7682",768.1,30.6129591,-167.164377777778,4.068
"7683",768.2,30.6277602970297,-167.18303,4.068
"7684",768.3,30.5978148,-167.35332,4.06889
"7685",768.4,30.5900734,-167.03847,4.06722
"7686",768.5,30.6000445544554,-167.0771,4.067
"7687",768.6,30.5994454545455,-167.079457627119,4.06775423728814
"7688",768.7,30.6078992079208,-167.127219512195,4.06626829268293
"7689",768.8,30.6130063636364,-167.135881188119,4.06776237623762
"7690",768.9,30.6027976,-167.11224,4.068
"7691",769,30.595216,-167.118625,4.068
"7692",769.1,30.6060326,-167.313985915493,4.068
"7693",769.2,30.5956612,-167.252069306931,4.068
"7694",769.3,30.6030311111111,-167.06828,4.06712
"7695",769.4,30.6055142,-167.19812,4.06876
"7696",769.5,30.6056351,-167.162486238532,4.06819266055046
"7697",769.6,30.5929039,-167.151747826087,4.068
"7698",769.7,30.5784834653465,-167.179105263158,4.068
"7699",769.8,30.5958944,-167.203555555556,4.068
"7700",769.9,30.5894918,-167.268408163265,4.068
"7701",770,30.5812122,-167.187655913978,4.068
"7702",770.1,30.6145534,-167.25243,4.068
"7703",770.2,30.6218880808081,-167.294603960396,4.068
"7704",770.3,30.6021673,-167.1626,4.06976
"7705",770.4,30.6046758,-167.114666666667,4.06822222222222
"7706",770.5,30.6093325252525,-167.062534653465,4.068
"7707",770.6,30.6297936,-166.97416,4.068
"7708",770.7,30.633569009901,-167.30004,4.068
"7709",770.8,30.6131098,-167.17792,4.068
"7710",770.9,30.6116234653465,-167.05732,4.068
"7711",771,30.6105053535353,-167.110666666667,4.068
"7712",771.1,30.6022654,-166.94634,4.068
"7713",771.2,30.6189212,-167.03447,4.06889
"7714",771.3,30.625025,-167.049663551402,4.069
"7715",771.4,30.6296198,-167.118774193548,4.06988172043011
"7716",771.5,30.6238482,-167.03544,4.06822
"7717",771.6,30.6039011111111,-167.20378,4.06978
"7718",771.7,30.604966,-167.07737,4.06822
"7719",771.8,30.6250968,-167.09816,4.068
"7720",771.9,30.620054,-167.114455445545,4.068
"7721",772,30.6177748,-167.260888888889,4.068
"7722",772.1,30.6192228,-167.187356435644,4.06888118811881
"7723",772.2,30.6123859405941,-167.148333333333,4.06811111111111
"7724",772.3,30.6288228282828,-167.15301,4.06889
"7725",772.4,30.6305867326733,-167.04097,4.06811
"7726",772.5,30.6313036,-167.038455445545,4.068
"7727",772.6,30.6232714851485,-167.159111111111,4.06977777777778
"7728",772.7,30.6189742,-166.94705,4.06822
"7729",772.8,30.6419386868687,-167.018574257426,4.068
"7730",772.9,30.6373913,-166.918747826087,4.068
"7731",773,30.6353097,-166.895297619048,4.068
"7732",773.1,30.6392011,-167.119059405941,4.06888118811881
"7733",773.2,30.6109178,-167.122217391304,4.069
"7734",773.3,30.6094266666667,-166.961129411765,4.06728235294118
"7735",773.4,30.6215392,-166.8876,4.06788
"7736",773.5,30.6238352,-166.92424137931,4.06875862068966
"7737",773.6,30.6433656,-166.985225806452,4.069
"7738",773.7,30.63365,-166.854021978022,4.06813186813187
"7739",773.8,30.6126332,-166.978392523364,4.068
"7740",773.9,30.6119842574257,-166.990838709677,4.068
"7741",774,30.6101618181818,-167.115111111111,4.068
"7742",774.1,30.6091832,-166.93965,4.068
"7743",774.2,30.61531,-167.04238,4.06889
"7744",774.3,30.6227292,-167.06334,4.06722
"7745",774.4,30.625918,-167.00882,4.06789
"7746",774.5,30.6281212121212,-166.83112,4.068
"7747",774.6,30.6182521782178,-166.99779,4.06889
"7748",774.7,30.6048204,-166.966366336634,4.06811881188119
"7749",774.8,30.6031589108911,-167.00564,4.068
"7750",774.9,30.6103839,-166.8932,4.068
"7751",775,30.6032067676768,-166.973949152542,4.068
"7752",775.1,30.5876107920792,-167.117617283951,4.06886419753087
"7753",775.2,30.58134,-167.11275,4.06811
"7754",775.3,30.5911848,-167.067702970297,4.06888118811881
"7755",775.4,30.5913524,-166.94936,4.06812
"7756",775.5,30.5892115151515,-166.886495575221,4.068
"7757",775.6,30.5900301980198,-166.980386363636,4.06885227272727
"7758",775.7,30.5893675757576,-166.986696969697,4.06812121212121
"7759",775.8,30.5970486138614,-167.073807339449,4.068
"7760",775.9,30.6112918181818,-167.181022222222,4.068
"7761",776,30.6206776,-166.94113,4.068
"7762",776.1,30.6331229702971,-166.83346,4.068
"7763",776.2,30.6377157575758,-166.984376237624,4.068
"7764",776.3,30.6215512745098,-166.883333333333,4.06888888888889
"7765",776.4,30.6361514141414,-166.805435643564,4.06811881188119
"7766",776.5,30.6498737623762,-166.836510204082,4.06710204081633
"7767",776.6,30.654224,-166.921294117647,4.06788235294118
"7768",776.7,30.6648681818182,-166.843185185185,4.068
"7769",776.8,30.6764254455446,-166.889956521739,4.068
"7770",776.9,30.6756786868687,-166.868941176471,4.068
"7771",777,30.659098,-166.870206185567,4.068
"7772",777.1,30.6351424,-166.846326732673,4.068
"7773",777.2,30.6463351515151,-166.906111111111,4.068
"7774",777.3,30.6608391089109,-167.0208,4.068
"7775",777.4,30.6374045454545,-166.91919,4.068
"7776",777.5,30.658652,-167.058326732673,4.06976237623762
"7777",777.6,30.6873778,-167.039888888889,4.06822222222222
"7778",777.7,30.6823859,-166.998871287129,4.068
"7779",777.8,30.6850507920792,-167.08904,4.068
"7780",777.9,30.6751190909091,-167.030888888889,4.068
"7781",778,30.6695972277228,-167.10395049505,4.068
"7782",778.1,30.6830993939394,-167.03404,4.06888
"7783",778.2,30.6655043,-167.056108910891,4.06812871287129
"7784",778.3,30.6514496,-166.96965,4.068
"7785",778.4,30.6663385,-166.831212121212,4.06887878787879
"7786",778.5,30.656032970297,-166.926888888889,4.06988888888889
"7787",778.6,30.6514621212121,-166.924257425743,4.06823762376237
"7788",778.7,30.6468945544555,-166.7988,4.068
"7789",778.8,30.6439116,-166.847185185185,4.068
"7790",778.9,30.6540012,-166.747242424242,4.068
"7791",779,30.6421112,-166.78644,4.068
"7792",779.1,30.64062,-166.81952,4.068
"7793",779.2,30.6357272277228,-166.837811881188,4.06887128712871
"7794",779.3,30.6389251515151,-166.926112244898,4.069
"7795",779.4,30.6423784,-166.924177966102,4.06975423728814
"7796",779.5,30.6402584,-166.843867469879,4.06914457831325
"7797",779.6,30.6400165,-166.869336633663,4.06812871287129
"7798",779.7,30.6476817,-166.95417,4.068
"7799",779.8,30.6662828282828,-166.885808695652,4.068
"7800",779.9,30.6727128712871,-167.011714285714,4.068
"7801",780,30.670286,-166.914490196078,4.06886274509804
"7802",780.1,30.6356907,-166.951464646465,4.06726262626263
"7803",780.2,30.6136302970297,-166.922212121212,4.06963636363636
"7804",780.3,30.5987751515152,-166.87388,4.06824
"7805",780.4,30.5849952941176,-166.79848,4.06712
"7806",780.5,30.5891301010101,-166.878742574257,4.06787128712871
"7807",780.6,30.5918016,-166.788303030303,4.068
"7808",780.7,30.6078888,-166.783132075472,4.068
"7809",780.8,30.6136288,-166.829489361702,4.068
"7810",780.9,30.6023436,-166.874296296296,4.068
"7811",781,30.5976972727273,-166.837782608696,4.06886956521739
"7812",781.1,30.6069335,-166.949495049505,4.06987128712871
"7813",781.2,30.588281,-166.84868,4.06739
"7814",781.3,30.5716638,-166.6918,4.067
"7815",781.4,30.5687762,-166.839727272727,4.06787878787879
"7816",781.5,30.5657658585859,-166.859514851485,4.068
"7817",781.6,30.578205,-166.83986,4.068
"7818",781.7,30.5833983168317,-166.76566,4.068
"7819",781.8,30.5906506,-166.79676,4.068
"7820",781.9,30.6042381,-166.77429,4.068
"7821",782,30.6011498989899,-166.823606060606,4.06975757575758
"7822",782.1,30.6152936633664,-166.986089108911,4.06912871287129
"7823",782.2,30.6161693939394,-166.91591,4.06726
"7824",782.3,30.5942,-166.765787878788,4.06787878787879
"7825",782.4,30.5841997029703,-166.751074074074,4.06840740740741
"7826",782.5,30.586578,-166.755703703704,4.06887037037037
"7827",782.6,30.5984683168317,-166.832074074074,4.068
"7828",782.7,30.609996969697,-166.85895,4.068
"7829",782.8,30.595824,-166.849158415842,4.068
"7830",782.9,30.5739346,-166.714424242424,4.068
"7831",783,30.5659049,-166.870257425743,4.06887128712871
"7832",783.1,30.5599493,-166.91253,4.06813
"7833",783.2,30.5810478,-166.840654545455,4.06720909090909
"7834",783.3,30.601921,-166.917677777778,4.06785555555556
"7835",783.4,30.5974473,-166.803060606061,4.06712121212121
"7836",783.5,30.5766905,-166.90000990099,4.06787128712871
"7837",783.6,30.5736797,-166.83696,4.068
"7838",783.7,30.6031285,-166.93201,4.068
"7839",783.8,30.6176452,-166.97062,4.068
"7840",783.9,30.602816969697,-167.053010204082,4.068
"7841",784,30.59487,-166.961784313726,4.06887254901961
"7842",784.1,30.5928774257426,-166.91237755102,4.06988775510204
"7843",784.2,30.5799109,-166.804166666667,4.06825490196078
"7844",784.3,30.5969348514851,-166.848757575758,4.06712121212121
"7845",784.4,30.6379145454545,-167.03476,4.06788
"7846",784.5,30.6548074,-166.891888888889,4.068
"7847",784.6,30.66727,-167.00494059406,4.068
"7848",784.7,30.6688464,-167.097059405941,4.068
"7849",784.8,30.6704532,-167.18543,4.068
"7850",784.9,30.6724209,-167.11,4.06887
"7851",785,30.6482397979798,-167.004727272727,4.06812121212121
"7852",785.1,30.628815,-166.93392,4.06712
"7853",785.2,30.639335,-167.010514851485,4.06787128712871
"7854",785.3,30.639615,-166.927212121212,4.06887878787879
"7855",785.4,30.630505,-167.108666666667,4.06811111111111
"7856",785.5,30.643605,-166.961980392157,4.068
"7857",785.6,30.63595,-166.921181818182,4.068
"7858",785.7,30.62866,-167.06156,4.068
"7859",785.8,30.648995,-166.861444444444,4.068
"7860",785.9,30.654635,-166.88562,4.068
"7861",786,30.66139,-166.742198019802,4.06888118811881
"7862",786.1,30.65707,-166.82232,4.06988
"7863",786.2,30.6435586868687,-166.788888888889,4.06822222222222
"7864",786.3,30.6586461386138,-166.709861386139,4.068
"7865",786.4,30.67353,-166.68592,4.068
"7866",786.5,30.687399009901,-166.572888888889,4.068
"7867",786.6,30.6785549,-166.756682692308,4.068
"7868",786.7,30.6549713,-166.733041237113,4.068
"7869",786.8,30.6606489,-166.75932,4.068
"7870",786.9,30.6802205,-166.81328,4.06888
"7871",787,30.6787516,-166.7892,4.06812
"7872",787.1,30.665216,-166.72692,4.06888
"7873",787.2,30.6746541,-166.5914,4.06812
"7874",787.3,30.6914582,-166.677230769231,4.06969230769231
"7875",787.4,30.7084244444444,-166.696,4.06825
"7876",787.5,30.69449,-166.793777777778,4.068
"7877",787.6,30.670655,-166.708277227723,4.068
"7878",787.7,30.69052,-166.707211111111,4.068
"7879",787.8,30.688625,-166.804158878505,4.06883177570093
"7880",787.9,30.67523,-166.744489361702,4.069
"7881",788,30.6658657425742,-166.72068,4.06812
"7882",788.1,30.682409,-166.743,4.068
"7883",788.2,30.7131157425743,-166.617346534654,4.06888118811881
"7884",788.3,30.6911956,-166.70824,4.06724
"7885",788.4,30.6650769387755,-166.713222222222,4.06788888888889
"7886",788.5,30.6616359405941,-166.69242,4.068
"7887",788.6,30.6635946464646,-166.689118811881,4.068
"7888",788.7,30.661065,-166.79372,4.068
"7889",788.8,30.66023,-166.737777777778,4.068
"7890",788.9,30.651955,-166.627663366337,4.06623762376238
"7891",789,30.6817024752476,-166.72752,4.06864
"7892",789.1,30.7277342424242,-166.75796,4.06812
"7893",789.2,30.70718,-166.841777777778,4.06622222222222
"7894",789.3,30.679015,-166.806178217822,4.06864356435643
"7895",789.4,30.691325,-166.855925233645,4.06817757009346
"7896",789.5,30.69945,-166.795804347826,4.068
"7897",789.6,30.6930431313131,-166.671445544554,4.068
"7898",789.7,30.6900809,-166.795555555555,4.06888888888889
"7899",789.8,30.6866085,-166.776896226415,4.06816037735849
"7900",789.9,30.6896509,-166.72107368421,4.068
"7901",790,30.6850923,-166.66912,4.068
"7902",790.1,30.6844666666667,-166.8346,4.06888
"7903",790.2,30.6830129411765,-166.8096,4.069
"7904",790.3,30.6828039393939,-166.845666666667,4.06811111111111
"7905",790.4,30.6851974257426,-166.929425742574,4.068
"7906",790.5,30.672565,-166.77387755102,4.068
"7907",790.6,30.65583,-166.813235294118,4.068
"7908",790.7,30.6570987128713,-166.860111111111,4.068
"7909",790.8,30.6711124242424,-166.835333333333,4.07069696969697
"7910",790.9,30.6486620792079,-166.757882352941,4.06835294117647
"7911",791,30.6215983838384,-166.72336,4.06976
"7912",791.1,30.612835,-166.743111111111,4.06911111111111
"7913",791.2,30.60553,-166.828831683168,4.06811881188119
"7914",791.3,30.6101398989899,-166.641777777778,4.068
"7915",791.4,30.602950990099,-166.718361111111,4.068
"7916",791.5,30.6202015151515,-166.680774193548,4.068
"7917",791.6,30.639497,-166.608,4.068
"7918",791.7,30.6232382,-166.74062,4.068
"7919",791.8,30.629203030303,-166.773861386139,4.068
"7920",791.9,30.6406549019608,-166.730666666667,4.06888888888889
"7921",792,30.6258621212121,-166.72589,4.06722
"7922",792.1,30.6179098,-166.71532,4.06789
"7923",792.2,30.6275681,-166.54045,4.068
"7924",792.3,30.63823,-166.689069306931,4.068
"7925",792.4,30.6429179207921,-166.873460869565,4.068
"7926",792.5,30.6362554545455,-166.734416666667,4.068
"7927",792.6,30.6355658415842,-166.940715686275,4.068
"7928",792.7,30.6453382,-166.890636363636,4.068
"7929",792.8,30.6528581,-166.76988,4.068
"7930",792.9,30.6583735643564,-166.7462,4.06712
"7931",793,30.657235050505,-166.705888888889,4.06788888888889
"7932",793.1,30.6672162376238,-166.708930693069,4.068
"7933",793.2,30.6592793939394,-166.76544,4.06976
"7934",793.3,30.6569588,-166.830894736842,4.06845614035088
"7935",793.4,30.6768609,-166.915905882353,4.068
"7936",793.5,30.6780533333333,-166.8815,4.068
"7937",793.6,30.6686233663366,-166.733774509804,4.068
"7938",793.7,30.6664733333333,-166.855928571428,4.068
"7939",793.8,30.6796044,-166.897,4.068
"7940",793.9,30.684646,-166.74392,4.068
"7941",794,30.6850184,-166.70453,4.068
"7942",794.1,30.699296039604,-166.696177570093,4.068
"7943",794.2,30.6887622,-166.785757281553,4.06879611650485
"7944",794.3,30.672819009901,-166.728263736264,4.06813186813187
"7945",794.4,30.66545,-166.76,4.068
"7946",794.5,30.652215,-166.721871287129,4.068
"7947",794.6,30.6768143564357,-166.677939393939,4.06885858585859
"7948",794.7,30.7117047,-166.793102040816,4.069
"7949",794.8,30.726506,-166.821326732673,4.06725742574258
"7950",794.9,30.736907979798,-166.65422,4.06787
"7951",795,30.743095,-166.513,4.06712121212121
"7952",795.1,30.74413,-166.452564356436,4.067
"7953",795.2,30.7332911111111,-166.540102040816,4.06788775510204
"7954",795.3,30.7374559,-166.513304347826,4.068
"7955",795.4,30.7503912121212,-166.632680851064,4.068
"7956",795.5,30.7614012,-166.801043478261,4.068
"7957",795.6,30.7515928,-166.71804,4.068
"7958",795.7,30.7282572,-166.869647058823,4.06886274509804
"7959",795.8,30.7129096039604,-166.74722,4.069
"7960",795.9,30.6756306060606,-166.807244897959,4.06987755102041
"7961",796,30.6615181188119,-166.6122,4.06824
"7962",796.1,30.681346969697,-166.714693069307,4.06887128712871
"7963",796.2,30.6616935643565,-166.722575757576,4.06812121212121
"7964",796.3,30.6453656,-166.669594059406,4.068
"7965",796.4,30.6486715151515,-166.691287128713,4.068
"7966",796.5,30.6465766336634,-166.654972477064,4.068
"7967",796.6,30.6226024,-166.623466666667,4.068
"7968",796.7,30.6146192,-166.559363636364,4.068
"7969",796.8,30.6326849,-166.568925925926,4.068
"7970",796.9,30.6445845454546,-166.543434782609,4.06886956521739
"7971",797,30.6431573267327,-166.52668,4.06988
"7972",797.1,30.6303203030303,-166.669633663366,4.06738613861386
