"","time_point","temperature","load","voltage"
"1",0,23.2534352238806,8.42654098360656,3.68490163934426
"2",0.1,23.2469576119403,8.40066666666667,3.68566666666667
"3",0.2,23.2178030075188,8.31617777777778,3.685
"4",0.3,23.2187176470588,8.44037777777778,3.685
"5",0.4,23.27485,8.54166037735849,3.685
"6",0.5,23.2402013861386,8.23351020408163,3.686
"7",0.6,23.24134,8.3598,3.684
"8",0.7,23.22398,8.45423913043478,3.685
"9",0.8,23.2213491044776,8.454,3.685
"10",0.9,23.27317,8.3426,3.685
"11",1,23.25294,8.347,3.68517777777778
"13",1.2,23.2591990977444,8.48026666666667,3.685
"14",1.3,23.2531088721805,8.42037777777778,3.685
"15",1.4,23.2560469,8.41088888888889,3.68555555555556
"16",1.5,23.2792284,8.30480434782609,3.68447826086957
"17",1.6,23.2521719,8.4182,3.68495555555556
"18",1.7,23.2356645864662,8.45469565217391,3.685
"19",1.8,23.2491232330827,8.3696,3.685
"20",1.9,23.2602503759398,8.3246,3.685
"21",2,23.2462882352941,8.23065217391304,3.683
"22",2.1,23.21995,8.19324444444444,3.685
"23",2.2,23.25812,8.07536956521739,3.685
"24",2.3,23.2318374626866,8.39224444444444,3.685
"25",2.4,23.24133,8.02182608695652,3.685
"26",2.5,23.2706936363636,7.29652173913043,3.685
"27",2.6,23.2840786,6.9449375,3.68345833333333
"28",2.7,23.2315686,6.6922,3.685
"29",2.8,23.241387029703,6.99417391304348,3.685
"30",2.9,23.24709,8.16565217391304,3.68358695652174
"31",3,23.2466051515152,8.15302222222222,3.685
"32",3.1,23.2788113,8.02666666666667,3.685
"33",3.2,23.2725592,8.37091111111111,3.685
"34",3.3,23.3265828,8.138,3.685
"35",3.4,23.2920187969925,7.30501851851852,3.685
"36",3.5,23.2728984962406,7.05180434782609,3.68365217391304
"37",3.6,23.2896403,6.69989130434783,3.685
"38",3.7,23.2641836,6.77737777777778,3.685
"39",3.8,23.2893072,7.05817391304348,3.685
"40",3.9,23.2912143609023,6.97191304347826,3.686
"41",4,23.3116504511278,7.01491304347826,3.68552173913043
"42",4.1,23.3030737878788,7.0209347826087,3.685
"43",4.2,23.2894525757576,7.1560652173913,3.685
"44",4.3,23.3110086,7.35763043478261,3.685
"45",4.4,23.2842152,7.56413043478261,3.68489130434783
"46",4.5,23.2918718811881,7.55817391304348,3.685
"47",4.6,23.31306,7.1475652173913,3.685
"48",4.7,23.3064615151515,7.03545652173913,3.685
"49",4.8,23.2877229,6.98621739130435,3.68563043478261
"50",4.9,23.3008624,6.96658695652174,3.68519565217391
"51",5,23.299259,6.97995652173913,3.68502173913043
"52",5.1,23.3126657575758,7.11819565217391,3.685
"53",5.2,23.2772415151515,7.31947826086957,3.685
"54",5.3,23.2811272,7.50833333333333,3.68433333333333
"55",5.4,23.2479828,7.5185,3.6855
"56",5.5,23.2632874,7.58947826086957,3.685
"57",5.6,23.2624404511278,7.582,3.685
"58",5.7,23.2754630075188,7.54520408163266,3.68569387755102
"59",5.8,23.2661266666667,7.78422950819672,3.685
"60",5.9,23.2577933333333,7.55934545454546,3.68549090909091
"61",6,23.249959,8.03785714285714,3.685
"62",6.1,23.2489957894737,7.66239583333333,3.685
"63",6.2,23.2615747368421,7.19630769230769,3.68555769230769
"64",6.3,23.2592462121212,6.93224489795918,3.68444897959184
"65",6.4,23.2548674242424,6.69681632653061,3.685
"66",6.5,23.2646586868687,7.47083333333333,3.685
"67",6.6,23.2265068,7.586,3.685
"68",6.7,23.2371577227723,7.65085416666667,3.68535416666667
"69",6.8,23.2868658646617,7.80288235294118,3.685
"70",6.9,23.2694523308271,7.60057142857143,3.68557142857143
"71",7,23.246205959596,8.08336734693876,3.685
"72",7.1,23.2674974,7.66260416666667,3.685
"73",7.2,23.273451,7.14702127659574,3.68585106382979
"74",7.3,23.2596901503759,6.8638085106383,3.68427659574468
"75",7.4,23.2796976691729,6.6438125,3.685
"76",7.5,23.2467314141414,6.55766666666667,3.685
"77",7.6,23.2637818,6.62678461538461,3.68426153846154
"78",7.7,23.2283996,7.06014893617021,3.68644680851064
"79",7.8,23.2434109774436,7.68094736842105,3.68668421052632
"80",7.9,23.2599598496241,6.24533333333333,3.685
"81",8,23.2577446969697,4.32175,3.685
"82",8.1,23.2384795454545,4.46812765957447,3.68412765957447
"83",8.2,23.2455122,4.61073469387755,3.68508163265306
"84",8.3,23.2506892,4.65425,3.68583333333333
"85",8.4,23.2830014851485,5.17161224489796,3.685
"86",8.5,23.2838063636364,6.57910416666667,3.685
"87",8.6,23.3074427272727,6.67673913043478,3.68428260869565
"88",8.7,23.2766677777778,7.21539130434783,3.68671739130435
"89",8.8,23.2780158,7.52536956521737,3.68652173913043
"90",8.9,23.2587812,5.6376956521739,3.685
"91",9,23.2629610606061,4.16626086956522,3.685
"92",9.1,23.2730140909091,4.4935652173913,3.68504347826087
"93",9.2,23.2592390909091,4.61632608695652,3.68436956521739
"94",9.3,23.2559593,4.74538297872341,3.68521276595745
"95",9.4,23.2612825,4.68921739130435,3.685
"96",9.5,23.26695,4.59528571428572,3.685
"97",9.6,23.26995,4.29108695652174,3.6840652173913
"98",9.7,23.2460433333333,4.38454347826087,3.68423913043478
"99",9.8,23.27671,4.19019565217391,3.685
"100",9.9,23.2565092,4.20613043478261,3.685
"101",10,23.2634597014925,4.17330434782609,3.68576086956522
"102",10.1,23.2699447761194,4.03512765957447,3.68321276595745
"103",10.2,23.2698396992481,3.67661538461538,3.68507692307692
"104",10.3,23.2768246616541,4.6048085106383,3.685
"105",10.4,23.2327795959596,4.62752173913043,3.685
"106",10.5,23.262690990099,4.40391304347826,3.68471739130435
"107",10.6,23.2581042,4.32848936170212,3.68455319148936
"108",10.7,23.2557902255639,4.28645652173913,3.685
"109",10.8,23.2523015037594,4.12845652173913,3.685
"110",10.9,23.2487974747475,4.15665217391305,3.685
"111",11,23.2421045544554,4.08644680851064,3.68474468085106
"112",11.1,23.2648519191919,3.61669565217393,3.68573913043478
"113",11.2,23.251551119403,3.25556521739131,3.685
"114",11.3,23.2415884328358,4.29478260869567,3.685
"115",11.4,23.2231744444444,4.3334347826087,3.68421739130435
"116",11.5,23.233759009901,4.33348936170213,3.68593617021277
"117",11.6,23.1931393939394,4.33602127659574,3.685
"118",11.7,23.2355814925373,4.4005652173913,3.685
"119",11.8,23.1962979104478,4.43404255319149,3.68457446808511
"120",11.9,23.2280323308271,4.45034042553192,3.685
"121",12,23.2267766917293,3.87806000000001,3.68532
"122",12.1,23.2258918181818,3.09652173913044,3.685
"123",12.2,23.2295471,3.81308695652174,3.685
"124",12.3,23.2194986138614,4.45129787234043,3.68485106382979
"125",12.4,23.2222273684211,4.35813043478261,3.68530434782609
"126",12.5,23.2465957894737,4.26006382978723,3.68553191489362
"127",12.6,23.2315441414141,4.37821739130435,3.685
"128",12.7,23.2573455,4.44347826086957,3.685
"129",12.8,23.2848101,4.45606521739131,3.68454347826087
"130",12.9,23.2677665413534,4.42539130434783,3.685
"131",13,23.2599845864662,4.18663829787234,3.68514893617021
"132",13.1,23.2691,4.10078723404255,3.685
"133",13.2,23.2858342574257,3.89038297872341,3.68470212765957
"134",13.3,23.3099618181818,4.05335483870968,3.68590322580645
"135",13.4,23.2632352238806,2.58510638297872,3.685
"136",13.5,23.2456158208955,3.15264583333333,3.685
"137",13.6,23.276217368421,3.57863043478261,3.685
"138",13.7,23.2587963157895,3.73252173913044,3.6854347826087
"139",13.8,23.2290252,4.33304347826087,3.68526086956522
"140",13.9,23.2452774626866,4.33285106382979,3.68587234042553
"141",14,23.2366505970149,4.29473913043478,3.685
"142",14.1,23.2332338345865,3.97891489361702,3.685
"143",14.2,23.2289255639098,3.97839130434783,3.68391304347826
"144",14.3,23.2410372727273,2.76926086956521,3.685
"145",14.4,23.2209512,2.57565217391305,3.685
"146",14.5,23.2494141,3.45665217391304,3.685
"147",14.6,23.2277803759398,3.64625531914894,3.68570212765957
"148",14.7,23.2351262406015,3.64783333333333,3.686
"149",14.8,23.2456419,3.774375,3.68504166666667
"150",14.9,23.2328396,3.85112765957447,3.685
"151",15,23.2354939393939,3.40715217391305,3.68523913043478
"152",15.1,23.2480211940298,4.0502608695652,3.68439130434783
"153",15.2,23.2380510447761,5.06768085106384,3.68640425531915
"154",15.3,23.2568898019802,6.35695652173914,3.685
"155",15.4,23.2327334,5.82306382978723,3.685
"156",15.5,23.2336822222222,5.42591489361702,3.685
"157",15.6,23.2257462686567,5.45623076923077,3.685
"158",15.7,23.2809552238806,5.554,3.685
"159",15.8,23.2590273684211,5.665,3.685
"160",15.9,23.2486063157895,5.73888118811881,3.685
"161",16,23.2948147474747,5.87084158415842,3.685
"162",16.1,23.2772105940594,5.94435353535354,3.685
"163",16.2,23.3118632,5.83864646464646,3.685
"164",16.3,23.27982,5.99380198019802,3.685
"165",16.4,23.26232,6.19592,3.685
"166",16.5,23.2797033,6.31519,3.68559
"167",16.6,23.2444397,6.41784,3.686
"168",16.7,23.2308266666667,6.60653,3.68541
"169",16.8,23.2607016541353,6.80660714285714,3.685
"170",16.9,23.2502430075188,7.05463636363636,3.685
"171",17,23.2585232,7.47317000000001,3.685
"172",17.1,23.2376372,7.85121,3.685
"173",17.2,23.230028,7.90648,3.68559
"174",17.3,23.2331671641791,7.70001,3.68541
"175",17.4,23.2288462686567,7.7582,3.685
"176",17.5,23.2505943609023,7.88432323232323,3.685
"177",17.6,23.2284063909774,7.47259405940595,3.685
"178",17.7,23.2762142,6.82448039215686,3.685
"179",17.8,23.2520948484849,6.55639393939394,3.685
"180",17.9,23.2363372727273,6.53404950495049,3.685
"181",18,23.2170562406015,6.42595,3.685
"182",18.1,23.2144622556391,6.33391,3.685
"183",18.2,23.2330536,6.32484,3.685
"184",18.3,23.238308,6.2778717948718,3.68451282051282
"185",18.4,23.218108,6.13763414634147,3.68253658536585
"186",18.5,23.2118671641791,6.0828,3.68416363636364
"187",18.6,23.1950462686567,6.08093333333333,3.68646666666667
"188",18.7,23.2306934,5.9476,3.68542
"189",18.8,23.2010622772277,5.92712871287129,3.685
"190",18.9,23.2226508080808,5.93152,3.685
"191",19,23.2364779699248,5.97827272727273,3.685
"192",19.1,23.2434103007519,6.0249603960396,3.685
"193",19.2,23.2382044,6.01558,3.685
"194",19.3,23.18841,6.01472727272727,3.68557575757576
"195",19.4,23.20772,5.94421782178218,3.686
"196",19.5,23.2440330827068,5.93780487804878,3.686
"197",19.6,23.2218601503759,6.01696202531645,3.68556962025316
"198",19.7,23.2316254135338,6.12632653061225,3.685
"199",19.8,23.2307607518797,6.18372,3.685
"200",19.9,23.2544032,6.4145,3.685
"201",20,23.2469368,7.08003529411767,3.685
"202",20.1,23.2678004,7.79763999999999,3.685
"203",20.2,23.274662631579,7.81058415841584,3.685
"204",20.3,23.2659784210526,7.76403,3.685
"205",20.4,23.2507972,8.00345,3.68557
"206",20.5,23.2662588,7.88773999999999,3.68543
"207",20.6,23.2644114141414,7.46653543307087,3.68544881889764
"208",20.7,23.2609241353383,7.04547945205479,3.68558904109589
"209",20.8,23.2570068421053,6.72621,3.685
"210",20.9,23.260951,6.45878787878788,3.685
"211",21,23.2250215,6.11786,3.685
"212",21.1,23.2215175,5.9338,3.685
"213",21.2,23.2365830075188,5.77876344086022,3.6845376344086
"214",21.3,23.2196431578947,5.57661290322581,3.6829247311828
"215",21.4,23.2173342857143,5.36001,3.68371
"216",21.5,23.25562,5.38345454545455,3.68442424242424
"217",21.6,23.2481016,5.30577142857143,3.68455238095238
"218",21.7,23.2816139849624,5.22308421052632,3.685
"219",21.8,23.2724636090226,5.20650980392157,3.685
"220",21.9,23.2868890909091,5.18620202020202,3.685
"221",22,23.2798663636364,5.17139393939394,3.685
"222",22.1,23.314766,5.18188888888889,3.685
"223",22.2,23.31205,5.2984347826087,3.68608695652174
"224",22.3,23.3015143564356,5.4965,3.68642
"225",22.4,23.2990460606061,5.5410396039604,3.68542574257426
"226",22.5,23.2784475757576,5.77037623762378,3.685
"227",22.6,23.293449,6.08064646464647,3.685
"228",22.7,23.304082,5.89712931034483,3.685
"229",22.8,23.3095965,5.1570823529412,3.685
"230",22.9,23.3399181818182,4.41408,3.685
"231",23,23.3092818181818,3.54415999999997,3.685
"232",23.1,23.2707758,2.73807207207207,3.6844954954955
"233",23.2,23.3234498,2.48071590909091,3.684
"234",23.3,23.3360644,2.50482,3.684
"235",23.4,23.2791846616541,2.6414,3.684
"236",23.5,23.2909290225564,2.82378,3.684
"237",23.6,23.3069760902256,2.81155445544555,3.68456435643564
"238",23.7,23.319577593985,2.88205154639175,3.685
"239",23.8,23.327682,2.98793069306931,3.685
"240",23.9,23.3503855,2.98153571428571,3.685
"241",24,23.3325895049505,2.91463636363636,3.685
"242",24.1,23.3167812121212,2.86268,3.685
"243",24.2,23.3058115151515,2.75309302325581,3.685
"244",24.3,23.2709875,2.62220833333333,3.685
"245",24.4,23.3255255,2.67473,3.68614
"246",24.5,23.306768,2.6199387755102,3.68583673469388
"247",24.6,23.2737884962406,2.50757,3.685
"248",24.7,23.2837584210526,2.42526,3.685
"249",24.8,23.281809,2.48346534653465,3.685
"250",24.9,23.313358,2.415,3.685
"251",25,23.337457,2.16462650602409,3.685
"252",25.1,23.3048819548872,2.1629900990099,3.68441584158416
"253",25.2,23.3005210526316,2.2080202020202,3.68575757575758
"254",25.3,23.2798711363636,2.302,3.68524752475248
"255",25.4,23.3078938636364,1.77598245614036,3.68450877192982
"256",25.5,23.297339,1.01560465116279,3.685
"257",25.6,23.2831469172932,0.85084,3.685
"258",25.7,23.3074852631579,0.86044,3.685
"259",25.8,23.3475537878788,0.829919191919192,3.685
"260",25.9,23.3186295454545,0.991028037383182,3.68555140186916
"261",26,23.2803978787879,1.85019354838714,3.686
"262",26.1,23.2604014,2.43562376237624,3.68541584158416
"263",26.2,23.231119009901,2.43762376237624,3.68442574257426
"264",26.3,23.2412233834586,2.42120588235294,3.68455882352941
"265",26.4,23.2472910526316,2.4049693877551,3.68331632653061
"266",26.5,23.2691946464646,2.52642424242425,3.68372727272727
"267",26.6,23.228302,2.4601359223301,3.685
"268",26.7,23.2531935,2.32570408163265,3.685
"269",26.8,23.2670054135338,2.40419266055046,3.685
"270",26.9,23.2683136842105,2.49893406593407,3.685
"271",27,23.2389122222222,2.45344,3.685
"272",27.1,23.24653,2.41045454545455,3.68672727272727
"273",27.2,23.2708662,2.3819900990099,3.68627722772277
"274",27.3,23.2708843609023,2.39121739130435,3.68599130434783
"275",27.4,23.2982903759398,2.14123255813953,3.68602325581395
"276",27.5,23.2756340909091,1.82916161616162,3.685
"277",27.6,23.2668689393939,1.89908,3.685
"278",27.7,23.2371346,1.99976,3.685
"279",27.8,23.2750576,2.02957,3.685
"280",27.9,23.2286976237624,2.10342372881356,3.685
"281",28,23.210363030303,2.03119999999999,3.685
"282",28.1,23.2244236363636,1.20913333333334,3.685
"283",28.2,23.2665111111111,0.587943820224722,3.68450561797753
"284",28.3,23.2597498,0.688051020408163,3.6845612244898
"285",28.4,23.2853094,0.710059405940594,3.685
"286",28.5,23.3196897744361,0.780000000000001,3.685
"287",28.6,23.3131860150376,0.92674,3.685
"288",28.7,23.2947074747475,0.939534653465346,3.685
"289",28.8,23.3148272,1.21612871287127,3.685
"290",28.9,23.2790062,1.47761344537815,3.685
"291",29,23.3065436842105,1.58085000000001,3.68455
"292",29.1,23.3304384210526,1.65965346534654,3.684
"293",29.2,23.3140845454545,1.71333333333333,3.68511111111111
"294",29.3,23.319326969697,1.92408,3.68544
"295",29.4,23.3282454,2.06324242424242,3.685
"296",29.5,23.2848272180451,1.83199137931033,3.685
"297",29.6,23.303947518797,1.73582352941176,3.685
"298",29.7,23.3119719548872,1.94860396039604,3.685
"299",29.8,23.3306712030075,1.94511111111111,3.685
"300",29.9,23.3042503030303,1.90408,3.68556
"301",30,23.3255187128713,1.92248,3.686
"302",30.1,23.3038756,2.03816,3.68544
"303",30.2,23.2839906015038,1.76516,3.68556
"304",30.3,23.2696672932331,1.28929702970298,3.68544554455446
"305",30.4,23.2669418181818,1.25344444444444,3.685
"306",30.5,23.2434996039604,1.39004,3.685
"307",30.6,23.2206165656566,1.47822222222222,3.685
"308",30.7,23.229174887218,1.63943564356436,3.685
"309",30.8,23.1974230075188,1.72252,3.685
"310",30.9,23.2031787878788,1.80826732673267,3.68555445544554
"311",31,23.226968019802,2.81051020408164,3.68487755102041
"312",31.1,23.2187536363636,4.09106930693068,3.68456435643564
"313",31.2,23.2335325373134,4.44016,3.68444
"314",31.3,23.235711641791,4.45479797979798,3.68456565656566
"315",31.4,23.2113168421053,4.48421782178218,3.685
"316",31.5,23.209557443609,4.50849056603774,3.685
"317",31.6,23.2148875757576,4.58894736842105,3.685
"318",31.7,23.2484491,3.964,3.685
"319",31.8,23.2238756435644,3.4276,3.685
"320",31.9,23.2041145864662,3.4261376146789,3.685
"321",32,23.1980243609023,3.41669565217391,3.68551086956522
"322",32.1,23.2283581818182,3.418,3.686
"323",32.2,23.2258287128713,3.52743999999999,3.686
"324",32.3,23.2809903030303,3.68856,3.68544
"325",32.4,23.3007355223881,3.76732,3.685
"326",32.5,23.2882429850746,3.84756,3.685
"327",32.6,23.3063456,3.86324,3.685
"328",32.7,23.308624,3.89785185185185,3.685
"329",32.8,23.316699,4.03951612903226,3.685
"330",32.9,23.2908792537313,4.0281,3.685
"331",33,23.3047001492537,4.05215,3.685
"332",33.1,23.3062004,4.69980000000003,3.685
"333",33.2,23.3311225742574,5.49453982300885,3.685
"334",33.3,23.3048047474747,5.72224137931034,3.685
"335",33.4,23.3203121052632,5.64036082474227,3.685
"336",33.5,23.3046805263158,5.69452475247525,3.685
"337",33.6,23.3050278947368,5.59983962264151,3.685
"338",33.7,23.3211406766917,5.36396774193549,3.68445161290323
"339",33.8,23.3154719,5.2731,3.68574
"340",33.9,23.3297029,5.11096969696969,3.68641414141414
"341",34,23.3157026,4.47536633663366,3.686
"342",34.1,23.2724614179104,4.21666000000001,3.68484
"343",34.2,23.2767673880597,4.2499898989899,3.68458585858586
"344",34.3,23.2645522,4.24378217821782,3.685
"345",34.4,23.2634204,4.29422,3.685
"346",34.5,23.26323,4.23346464646464,3.685
"347",34.6,23.2764439849624,4.32227000000001,3.685
"348",34.7,23.2616770676692,4.39245098039216,3.68557843137255
"349",34.8,23.2559477227723,3.78130303030306,3.68484848484849
"350",34.9,23.241417,3.56592,3.68458
"351",35,23.2590184,3.73982,3.685
"352",35.1,23.2680814285714,3.78760396039604,3.685
"353",35.2,23.2289385714286,3.88011999999999,3.685
"354",35.3,23.1988275,3.90178787878788,3.685
"355",35.4,23.2500775,3.97288118811881,3.685
"356",35.5,23.2503064,3.94312121212121,3.685
"357",35.6,23.2697147,3.99159405940594,3.685
"358",35.7,23.2968381,3.63996969696972,3.68557575757576
"359",35.8,23.27163,3.47349504950495,3.686
"360",35.9,23.2724871428571,3.57338181818182,3.686
"361",36,23.268776,3.56650561797753,3.686
"362",36.1,23.2778928,3.52813131313131,3.68541414141414
"363",36.2,23.2780504,3.47922772277228,3.685
"364",36.3,23.2794990298507,3.58224242424242,3.685
"365",36.4,23.2773423134328,3.5981,3.685
"366",36.5,23.2949746,3.58722,3.685
"367",36.6,23.2906228,3.65948514851486,3.685
"368",36.7,23.2868498,3.70161616161616,3.68441414141414
"369",36.8,23.2396868421053,2.9377307692308,3.68513461538462
"370",36.9,23.2866342105263,2.34419587628866,3.686
"371",37,23.3030884848485,2.40168686868687,3.68482828282828
"372",37.1,23.2613571287129,2.43302,3.68459
"373",37.2,23.2429716,2.49109803921568,3.685
"374",37.3,23.2823631818182,2.5343,3.685
"375",37.4,23.2595828787879,2.59045454545455,3.685
"376",37.5,23.2745427272727,2.66830693069307,3.685
"377",37.6,23.2837245454545,2.8139090909091,3.685
"378",37.7,23.2791992,2.90249565217391,3.68449565217391
"379",37.8,23.255464,2.9885,3.6845
"380",37.9,23.2761181188119,2.8890303030303,3.685
"381",38,23.2778478947368,2.36167567567567,3.685
"382",38.1,23.3178178195489,2.21676404494384,3.685
"383",38.2,23.2983099,2.40861261261261,3.685
"384",38.3,23.2853307920792,2.43293333333333,3.685
"385",38.4,23.2900008,2.32230303030303,3.685
"386",38.5,23.2707954135338,2.28561111111111,3.68553703703704
"387",38.6,23.2768856390977,2.42278431372549,3.68501960784314
"388",38.7,23.2929243,2.45081318681319,3.68558241758242
"389",38.8,23.263419,2.47857009345794,3.68593457943925
"390",38.9,23.2867137,2.49293548387097,3.685
"391",39,23.3010873684211,2.51916814159292,3.68449557522124
"392",39.1,23.2684783458647,2.61726436781609,3.68450574712644
"393",39.2,23.2550650757576,1.48119000000012,3.685
"394",39.3,23.2507090151515,-0.768264705882277,3.685
"395",39.4,23.286318,-1.73426041666666,3.685
"396",39.5,23.3144608,-1.5369306930693,3.68441584158416
"397",39.6,23.2934598019802,-1.32659999999999,3.68458
"398",39.7,23.2623552272727,-1.25124752475247,3.68614851485149
"399",39.8,23.2132870454545,-1.15072,3.68643
"400",39.9,23.2110632,-1.03793965517241,3.68550862068966
"401",40,23.2340116,-0.968999999999996,3.685
"402",40.1,23.2411636,-0.862326732673262,3.685
"403",40.2,23.2412045864662,-0.81178,3.685
"404",40.3,23.2081369172932,-0.770300000000001,3.685
"405",40.4,23.1976618181818,-0.640009345794392,3.685
"406",40.5,23.2284808,-1.30538709677419,3.685
"407",40.6,23.2209612,-2.26894000000002,3.685
"408",40.7,23.2491263157895,-2.34052,3.68384
"409",40.8,23.2287052631579,-2.13138,3.68358
"410",40.9,23.2210532323232,-1.99122,3.68458
"411",41,23.2162792,-1.82145299145299,3.685
"412",41.1,23.1938342,-1.7939638554217,3.685
"413",41.2,23.1799718796992,-1.76732,3.685
"414",41.3,23.1838816541353,-1.63222,3.685
"415",41.4,23.1849775,-1.61919191919192,3.685
"416",41.5,23.1867275,-1.51086206896551,3.685
"417",41.6,23.2069917,-1.40333333333333,3.68595555555556
"418",41.7,23.2394027,-2.63123404255311,3.6853085106383
"419",41.8,23.2505546534653,-3.14840594059407,3.684
"420",41.9,23.2265836090226,-2.64136,3.68458
"421",42,23.2496287218045,-2.44237373737374,3.685
"422",42.1,23.2474554545455,-2.30343564356435,3.685
"423",42.2,23.2489796,-2.27938383838384,3.685
"424",42.3,23.2431656,-2.29494,3.685
"425",42.4,23.2613118796992,-2.25120792079208,3.68558415841584
"426",42.5,23.2487103759399,-2.114,3.686
"427",42.6,23.2692523232323,-1.9718947368421,3.686
"428",42.7,23.2556586,-2.08028865979381,3.68543298969072
"429",42.8,23.2520393,-2.15554285714286,3.68720952380952
"430",42.9,23.2480257142857,-2.145875,3.68710714285714
"431",43,23.2563114285714,-2.12453012048193,3.68450602409639
"432",43.1,23.2690379545455,-3.35498245614038,3.68450877192982
"433",43.2,23.2856818939394,-4.34041860465118,3.685
"434",43.3,23.2575388,-4.16806,3.685
"435",43.4,23.2731461,-4.11750505050505,3.68441414141414
"436",43.5,23.271074950495,-3.97684,3.684
"437",43.6,23.2642675757576,-3.91269607843137,3.68457843137255
"438",43.7,23.2449872727273,-3.90415151515151,3.685
"439",43.8,23.2659873737374,-3.7919,3.68558
"440",43.9,23.2480233,-3.8028,3.68542
"441",44,23.2434986,-3.76096,3.685
"442",44.1,23.2420715037594,-3.62514851485148,3.685
"443",44.2,23.2611993233083,-3.58760606060606,3.685
"444",44.3,23.2748586868687,-5.41625999999997,3.68442
"445",44.4,23.2278883168317,-6.36831775700935,3.68508411214953
"446",44.5,23.24152,-5.86406451612903,3.68545161290323
"447",44.6,23.2370520895522,-5.58081188118812,3.685
"448",44.7,23.2581864179104,-5.36025892857143,3.685
"449",44.8,23.2629645454545,-5.07975862068966,3.685
"450",44.9,23.2133604950495,-4.97606930693069,3.685
"451",45,23.2330027272727,-4.86892,3.685
"452",45.1,23.250677761194,-4.69875903614458,3.685
"453",45.2,23.2381553731343,-4.68012121212121,3.685
"454",45.3,23.212570075188,-4.60060869565218,3.68554347826087
"455",45.4,23.2238708270677,-5.01901999999999,3.68484
"456",45.5,23.2328563636364,-5.91109999999999,3.68458
"457",45.6,23.2475110891089,-6.08353999999999,3.68558
"458",45.7,23.2723091,-5.82739603960397,3.686
"459",45.8,23.2382003007519,-5.67136,3.68543
"460",45.9,23.2334258646617,-5.59916,3.685
"461",46,23.2665267676768,-5.44751,3.685
"462",46.1,23.2992156435644,-5.30622,3.685
"463",46.2,23.278996969697,-5.3060303030303,3.685
"464",46.3,23.2645923880597,-5.14784,3.68558
"465",46.4,23.2641744776119,-5.5860693069307,3.68370297029703
"466",46.5,23.2535286,-6.34187000000001,3.68314
"467",46.6,23.2417236,-6.39895689655172,3.68449137931035
"468",46.7,23.2549890909091,-6.0734642857143,3.685
"469",46.8,23.2514695522388,-5.82117,3.685
"470",46.9,23.2583650746269,-5.63637,3.685
"471",47,23.276872556391,-5.58282,3.685
"472",47.1,23.2720981203008,-5.49653,3.685
"473",47.2,23.2780054545455,-5.43725,3.68443
"474",47.3,23.269504,-5.31384848484849,3.68515151515152
"475",47.4,23.2933712871287,-6.209,3.685
"476",47.5,23.2984563909774,-6.91542352941176,3.68449411764706
"477",47.6,23.2567496240601,-6.43445454545453,3.685
"478",47.7,23.2365745454545,-6.23784,3.685
"479",47.8,23.2381893069307,-6.11612,3.685
"480",47.9,23.2299663636364,-6.06132,3.685
"481",48,23.2414426865672,-5.94932,3.685
"482",48.1,23.2405695522388,-5.74635999999999,3.685
"483",48.2,23.2378894,-6.5005,3.6855
"484",48.3,23.2654795,-7.28665882352941,3.68501176470588
"485",48.4,23.26197,-6.96572727272727,3.684
"486",48.5,23.2592625373134,-6.77158,3.68516
"487",48.6,23.2691879104478,-6.77606,3.686
"488",48.7,23.272508,-6.67850495049506,3.68542574257426
"489",48.8,23.243368,-6.50451886792453,3.685
"490",48.9,23.234916,-6.27751612903226,3.685
"491",49,23.2428597744361,-6.37060396039604,3.685
"492",49.1,23.238957518797,-6.53227,3.685
"493",49.2,23.270767518797,-6.43098000000001,3.68386
"494",49.3,23.247744962406,-6.38463,3.68243
"495",49.4,23.245979,-6.25553,3.68428
"496",49.5,23.265057,-6.21424,3.686
"497",49.6,23.262111,-6.17353,3.68543
"498",49.7,23.248357761194,-5.97736363636364,3.685
"499",49.8,23.2358353731343,-7.45357425742575,3.685
"500",49.9,23.2672501,-8.36627272727273,3.685
"501",50,23.2888582,-8.05656,3.685
"502",50.1,23.2420463636364,-7.81339603960396,3.68614851485149
"503",50.2,23.2435988059701,-7.61981818181819,3.68642424242424
"504",50.3,23.2064868656716,-7.48054,3.68658
"505",50.4,23.1686541,-7.65732,3.68642
"506",50.5,23.2144165,-8.79037999999998,3.68484
"507",50.6,23.2044004,-9.13712871287128,3.68457425742574
"508",50.7,23.2157408270677,-8.75103000000001,3.685
"509",50.8,23.2248611278195,-8.64574,3.685
"510",50.9,23.2148804545455,-8.55912121212121,3.685
"511",51,23.2144410606061,-8.43372,3.685
"512",51.1,23.2449017,-9.26998333333335,3.685
"513",51.2,23.2308724,-10.1676699029126,3.68426213592233
"514",51.3,23.2143513,-9.99525641025641,3.68434615384615
"515",51.4,23.192275,-9.75430303030303,3.68484848484849
"516",51.5,23.2041083333333,-9.5895,3.684
"517",51.6,23.187439,-9.4645,3.6845
"518",51.7,23.188595,-10.32672,3.685
"519",51.8,23.177615,-11.1418811881188,3.685
"520",51.9,23.1959257142857,-11.0831176470588,3.685
"521",52,23.1967828571429,-10.8317040816327,3.685
"522",52.1,23.167026,-10.60206,3.685
"523",52.2,23.12721,-10.4784242424242,3.68442424242424
"524",52.3,23.134385,-10.7115740740741,3.68346296296296
"525",52.4,23.1350898496241,-10.7255376344086,3.6835376344086
"526",52.5,23.1524883458647,-10.3542121212121,3.68457575757576
"527",52.6,23.1265078787879,-10.1398118811881,3.685
"528",52.7,23.1359966,-9.92983000000002,3.685
"529",52.8,23.1234037,-11.06756,3.685
"530",52.9,23.1518008270677,-13.1381743119266,3.685
"531",53,23.1618083458647,-13.9711098901099,3.685
"532",53.1,23.1735058333333,-13.61119,3.68557
"533",53.2,23.1599225,-13.27249,3.68543
"534",53.3,23.1443102,-13.27719,3.685
"535",53.4,23.1555173,-15.0184752475248,3.68443564356436
"536",53.5,23.0994894059406,-15.8203434343434,3.68456565656566
"537",53.6,23.1256984210526,-15.33349,3.685
"538",53.7,23.1243826315789,-14.99131,3.685
"539",53.8,23.143131,-15.87163,3.685
"540",53.9,23.13744,-16.4527878787879,3.685
"541",54,23.135375,-16.082396039604,3.68557425742574
"542",54.1,23.1126269924812,-16.20801,3.686
"543",54.2,23.1195969172932,-16.4295,3.68547222222222
"544",54.3,23.0969938,-16.2473846153846,3.68446153846154
"545",54.4,23.1104196,-16.03122,3.68458
"546",54.5,23.1334325,-16.9384,3.685
"547",54.6,23.1157441353383,-17.2445643564356,3.685
"548",54.7,23.1187817293233,-16.7588,3.685
"549",54.8,23.1351834586466,-18.7135699999999,3.685
"550",54.9,23.1360330827068,-20.21893,3.685
"551",55,23.131713,-20.3636440677966,3.68596610169492
"552",55.1,23.109441,-20.679962962963,3.68603703703704
"553",55.2,23.1357636633663,-20.6262475247525,3.685
"554",55.3,23.150421221374,-20.87666,3.68443
"555",55.4,23.1278792366412,-21.05866,3.68457
"556",55.5,23.1162745,-20.91034,3.685
"557",55.6,23.1402558,-21.23518,3.685
"558",55.7,23.125567,-21.3141,3.685
"559",55.8,23.1223703759398,-21.5787575757575,3.685
"560",55.9,23.1119192481203,-21.61492,3.685
"561",56,23.1323609090909,-21.82158,3.685
"562",56.1,23.1315206,-22.0058,3.68384
"563",56.2,23.1526521,-22.40566,3.68416
"564",56.3,23.139245,-22.64802,3.68442
"565",56.4,23.129745,-22.81096,3.68458
"566",56.5,23.1430915151515,-23.09014,3.685
"567",56.6,23.1548678,-23.13858,3.685
"568",56.7,23.17564,-23.3490085470085,3.685
"569",56.8,23.1844166666667,-23.8363452380952,3.685
"570",56.9,23.1752045454545,-24.0169393939394,3.685
"571",57,23.1850454545455,-24.1485247524752,3.68729702970297
"572",57.1,23.1723409090909,-24.5276339285714,3.68696428571429
"573",57.2,23.138354,-24.8590322580645,3.68451612903226
"574",57.3,23.1597904,-25.1531063829787,3.68455319148936
"575",57.4,23.1441403960396,-25.5274230769231,3.685
"576",57.5,23.1630622556391,-26.218875,3.685
"577",57.6,23.1543554887218,-26.45808,3.685
"578",57.7,23.1383302020202,-26.10926,3.68442
"579",57.8,23.1526169306931,-25.85938,3.68516
"580",57.9,23.161008,-25.4786538461538,3.68544230769231
"581",58,23.1803546616541,-25.3983608247423,3.68611340206186
"582",58.1,23.1760012781955,-25.8477575757576,3.68584848484848
"583",58.2,23.1854525252525,-26.15314,3.68558
"584",58.3,23.1991855555556,-26.52046,3.68542
"585",58.4,23.1810072,-26.8160594059406,3.685
"586",58.5,23.1585416541353,-27.0153939393939,3.685
"587",58.6,23.1707221052632,-27.33628,3.685
"588",58.7,23.1950518181818,-27.5945148514851,3.685
"589",58.8,23.1836503030303,-27.78657,3.685
"590",58.9,23.1818856,-28.1073333333333,3.68442424242424
"591",59,23.1912548,-28.49344,3.68516
"592",59.1,23.164130990099,-28.8518613861386,3.68542574257426
"593",59.2,23.1233525,-29.09477,3.685
"594",59.3,23.1746479545455,-29.27971,3.68557
"595",59.4,23.1436366666667,-29.54142,3.68543
"596",59.5,23.1575168,-29.7957297297297,3.685
"597",59.6,23.1329676,-30.1352808988764,3.685
"598",59.7,23.1459958646617,-30.41468,3.685
"599",59.8,23.1355447368421,-30.68973,3.685
"600",59.9,23.1574466666667,-30.8116213592233,3.685
"601",60,23.1575556,-30.659206185567,3.68388659793814
"602",60.1,23.1319872,-30.7978787878788,3.68472727272727
"603",60.2,23.106964962406,-31.4434017094017,3.68550427350427
"604",60.3,23.1235063157895,-32.3449036144578,3.685
"605",60.4,23.1285051515151,-33.36228,3.685
"606",60.5,23.1141476237624,-33.62196,3.685
"607",60.6,23.1394651515152,-33.16866,3.685
"608",60.7,23.1301802985075,-32.88566,3.685
"609",60.8,23.1371056716418,-32.9227623762376,3.68614851485149
"610",60.9,23.1227745112782,-33.122696969697,3.68527272727273
"611",61,23.0992707518797,-33.230702970297,3.684
"612",61.1,23.1054624242424,-33.3757326732673,3.68456435643564
"613",61.2,23.1407918,-33.5478,3.685
"614",61.3,23.1044997029703,-33.7190101010101,3.685
"615",61.4,23.1254531578947,-34.0255049504951,3.685
"616",61.5,23.1319794736842,-34.3717818181818,3.685
"617",61.6,23.1215255555556,-34.72242,3.685
"618",61.7,23.1051524,-35.0796595744681,3.685
"619",61.8,23.1035492,-35.4192916666667,3.68391666666667
"620",61.9,23.1111678947368,-35.851,3.68469696969697
"621",62,23.0854836842105,-36.3498712871287,3.68543564356436
"622",62.1,23.0851254545455,-36.87308,3.68556
"623",62.2,23.0807426732673,-37.4451717171717,3.68543434343434
"624",62.3,23.1169906060606,-37.75059,3.685
"625",62.4,23.1129652631579,-37.61814,3.685
"626",62.5,23.0585442105263,-36.93824,3.685
"627",62.6,23.0887318796992,-36.18228,3.68557
"628",62.7,23.0974386466165,-35.1473800000001,3.686
"629",62.8,23.082188,-34.80168,3.686
"630",62.9,23.0742697,-35.3920560747664,3.686
"631",63,23.0820526732673,-36.0779569892473,3.6849247311828
"632",63.1,23.0832460150376,-36.5355148514852,3.68456435643564
"633",63.2,23.0806294736842,-36.91908,3.685
"634",63.3,23.088076969697,-37.2717692307692,3.685
"635",63.4,23.0840998019802,-37.5879166666667,3.685
"636",63.5,23.089664,-38.0882,3.685
"637",63.6,23.0740418045113,-38.4481111111111,3.685
"638",63.7,23.0670568421053,-38.5968316831683,3.685
"639",63.8,23.0771610891089,-38.7270891089109,3.68555445544554
"640",63.9,23.1071974257426,-38.8721111111111,3.68655555555556
"641",64,23.076209,-39.02564,3.68532
"642",64.1,23.1053104511278,-39.15732,3.68456
"643",64.2,23.120114962406,-39.29108,3.685
"644",64.3,23.1121888888889,-39.2804646464646,3.685
"645",64.4,23.11226,-39.3447722772277,3.685
"646",64.5,23.1283548,-39.32432,3.685
"647",64.6,23.1056641353383,-39.1382727272727,3.68556565656566
"648",64.7,23.1161152631579,-38.8190693069307,3.68487128712871
"649",64.8,23.1027843609023,-38.4921132075471,3.684
"650",64.9,23.1036640601504,-38.1408085106383,3.68506382978723
"651",65,23.119017,-38.0927272727273,3.686
"652",65.1,23.0946357,-38.589393258427,3.68548314606742
"653",65.2,23.1069475,-38.9289801980198,3.685
"654",65.3,23.1097612686567,-39.4656262626264,3.685
"655",65.4,23.1196941044776,-40.31859,3.685
"656",65.5,23.1161012,-40.7749504950495,3.685
"657",65.6,23.1253152,-40.9129494949495,3.68330303030303
"658",65.7,23.065614,-41.1222574257426,3.68312871287129
"659",65.8,23.0943290977444,-41.2904220183486,3.684
"660",65.9,23.1213215789474,-41.4493777777778,3.68556666666667
"661",66,23.1232973,-41.7388217821782,3.68587128712871
"662",66.1,23.1336763366337,-42.0998282828283,3.685
"663",66.2,23.1127744,-42.3443177570093,3.685
"664",66.3,23.1447586466165,-42.4882580645161,3.685
"665",66.4,23.1482473684211,-42.7860256410256,3.685
"666",66.5,23.1344433834586,-43.1402173913043,3.685
"667",66.6,23.0983155639098,-43.4165934065934,3.68552747252747
"668",66.7,23.1206113,-43.7238,3.686
"669",66.8,23.1223696240601,-44.1183168316832,3.68543564356436
"670",66.9,23.1358282706767,-44.4276,3.68444
"671",67,23.1248025757576,-44.6240808080808,3.68456565656566
"672",67.1,23.1125146969697,-44.965297029703,3.685
"673",67.2,23.11425,-45.2202,3.685
"674",67.3,23.1159524,-45.504101010101,3.685
"675",67.4,23.1239218811881,-45.8166666666667,3.685
"676",67.5,23.1068755639098,-46.1266666666666,3.68404761904762
"677",67.6,23.094687593985,-46.4078,3.68468
"678",67.7,23.0995087,-46.4284,3.686
"679",67.8,23.088064950495,-45.8757999999999,3.68432
"680",67.9,23.0777332,-45.359,3.68412
"681",68,23.0940284962406,-45.0093177570094,3.685
"682",68.1,23.0896826315789,-44.7926021505376,3.685
"683",68.2,23.0674115151515,-45.3963232323232,3.685
"684",68.3,23.0676284,-46.3393762376238,3.685
"685",68.4,23.0671154,-47.20428,3.685
"686",68.5,23.0767931578947,-48.0189898989899,3.68386868686869
"687",68.6,23.0737405263158,-48.6893,3.68243
"688",68.7,23.0889331060606,-49.2748415841584,3.68369306930693
"689",68.8,23.0678800757576,-49.64916,3.685
"690",68.9,23.0667076,-49.9948484848485,3.685
"691",69,23.062294,-50.6866099999999,3.685
"692",69.1,23.0634136633663,-51.3249900990099,3.685
"693",69.2,23.0845123308271,-51.6971313131313,3.685
"694",69.3,23.0740687218045,-51.9285841584158,3.685
"695",69.4,23.0623398,-51.9668383838384,3.685
"696",69.5,23.0418348,-52.2379306930692,3.685
"697",69.6,23.0724608,-52.54548,3.68612
"698",69.7,23.0495142857143,-52.63648,3.68588
"699",69.8,23.0860857142857,-52.68944,3.68556
"700",69.9,23.063528,-52.67628,3.68544
"701",70,23.0880046534653,-52.6294,3.685
"702",70.1,23.0779224,-52.88392,3.685
"703",70.2,23.0926136842105,-52.90392,3.685
"704",70.3,23.1087189473684,-52.63204,3.68444
"705",70.4,23.1135377272727,-52.594696969697,3.684
"706",70.5,23.0946740909091,-53.0237499999999,3.684
"707",70.6,23.1282548,-53.9119818181818,3.68348181818182
"708",70.7,23.1361142105263,-55.3427222222221,3.68404444444444
"709",70.8,23.11043,-56.48956,3.685
"710",70.9,23.1103845454545,-57.20016,3.685
"711",71,23.1117027272727,-57.544452173913,3.685
"712",71.1,23.094062020202,-57.4456923076923,3.685
"713",71.2,23.093345,-57.5030425531915,3.685
"714",71.3,23.0864614851485,-57.51321,3.685
"715",71.4,23.0870784210526,-57.7319,3.68614
"716",71.5,23.0914242857143,-57.88751,3.68529
"717",71.6,23.0755767676768,-58.3205841584159,3.68456435643564
"718",71.7,23.0589976237624,-58.3585555555556,3.68556565656566
"719",71.8,23.0916771,-58.8023823529413,3.68544117647059
"720",71.9,23.0770235338346,-59.0142192982456,3.685
"721",72,23.0535122556391,-59.202388235294,3.685
"722",72.1,23.0536882828283,-59.5586767676768,3.685
"723",72.2,23.008537029703,-59.90665,3.685
"724",72.3,23.0089078787879,-60.244,3.685
"725",72.4,23.0478421052632,-60.203,3.6845
"726",72.5,23.0491428571429,-61.0039199999999,3.68571
"727",72.6,23.0811813636364,-61.07058,3.68529
"728",72.7,23.0684768181818,-61.2955841584159,3.68456435643564
"729",72.8,23.0510361616162,-61.70168,3.685
"730",72.9,23.010529,-61.31144,3.685
"731",73,23.0253082178218,-62.3610202020201,3.685
"732",73.1,23.0359163157895,-62.8016930693069,3.685
"733",73.2,23.0306757142857,-62.063202020202,3.685
"734",73.3,23.0281873737374,-63.2728200000001,3.68557
"735",73.4,23.0475122,-64.2041212121212,3.68715151515152
"736",73.5,23.0432696,-63.7247722772278,3.68570297029703
"737",73.6,23.0633768421053,-63.1661212121212,3.68572727272727
"738",73.7,23.0433542857143,-64.4811399999999,3.68526
"739",73.8,23.0094803030303,-65.1108199999999,3.68458
"740",73.9,23.0172915841584,-64.3252,3.685
"741",74,23.02485,-63.6638,3.685
"742",74.1,23.0652836842105,-64.10388,3.685
"743",74.2,23.1083814285714,-65.5057454545453,3.685
"744",74.3,23.1210172727273,-65.9053333333333,3.685
"745",74.4,23.1074263636364,-65.1630925925926,3.68446296296296
"746",74.5,23.1019028282828,-64.4563695652174,3.68454347826087
"747",74.6,23.111693880597,-63.92772,3.685
"748",74.7,23.1371864179104,-66.3317425742571,3.68442574257426
"749",74.8,23.1069782706767,-68.29697,3.68457
"750",74.9,23.135700075188,-67.85481,3.685
"751",75,23.1340857575758,-67.3305135135135,3.685
"752",75.1,23.1045373267327,-66.800030927835,3.685
"753",75.2,23.0849255,-66.2847173913044,3.685
"754",75.3,23.1099535338346,-68.1561200000002,3.68443
"755",75.4,23.1160437593985,-70.41331,3.68457
"756",75.5,23.1107332323232,-70.4017272727273,3.685
"757",75.6,23.1354114705882,-69.5633564356435,3.685
"758",75.7,23.1188977777778,-69.0331485148515,3.685
"759",75.8,23.1283432835821,-68.5476363636363,3.685
"760",75.9,23.113223880597,-70.6050606060606,3.685
"761",76,23.0981219191919,-71.68258,3.685
"762",76.1,23.1015631683168,-70.77046,3.685
"763",76.2,23.1053963636364,-70.14712,3.68384
"764",76.3,23.1434215671642,-69.72376,3.68416
"765",76.4,23.1218320149254,-70.3609207920792,3.68442574257426
"766",76.5,23.1580243609023,-73.1538484848483,3.68457575757576
"767",76.6,23.1179867669173,-74.16452,3.685
"768",76.7,23.1412090909091,-73.2765247524753,3.685
"769",76.8,23.102236,-72.540099009901,3.685
"770",76.9,23.112796039604,-72.0766666666667,3.685
"771",77,23.1349041353383,-72.4936237623761,3.685
"772",77.1,23.149265037594,-74.093754385965,3.685
"773",77.2,23.1309507070707,-74.7925,3.6855
"774",77.3,23.1331485,-73.8216799999999,3.686
"775",77.4,23.128633,-73.2098316831683,3.68542574257426
"776",77.5,23.1285313533835,-72.67123,3.68614
"777",77.6,23.1311403759398,-73.8983200000001,3.68586
"778",77.7,23.1421224242424,-76.22238,3.685
"779",77.8,23.1248564705882,-76.5818514851485,3.685
"780",77.9,23.1190744,-75.7327043478261,3.685
"781",78,23.1362252631579,-75.0613132530121,3.685
"782",78.1,23.1484057142857,-75.026358490566,3.68445283018868
"783",78.2,23.1355547368421,-77.5439473684207,3.68454736842105
"784",78.3,23.1429457142857,-78.6681212121211,3.68442424242424
"785",78.4,23.1058954545455,-77.6970181818182,3.68505454545455
"786",78.5,23.0934688059702,-77.0552087912089,3.686
"787",78.6,23.0649613432836,-76.65815,3.68486
"788",78.7,23.0785360150376,-79.4401465517243,3.68449137931035
"789",78.8,23.1085736090226,-81.7607934782607,3.685
"790",78.9,23.0987376,-80.5268064516129,3.685
"791",79,23.0871908,-79.75692,3.68556
"792",79.1,23.099644,-79.2169914529914,3.68552136752137
"793",79.2,23.0803841791045,-79.3369036144579,3.685
"794",79.3,23.0786602985075,-79.3780505050504,3.685
"795",79.4,23.0992275,-78.6364444444445,3.685
"796",79.5,23.1020685148515,-77.8575531914894,3.685
"797",79.6,23.0936224242424,-77.1522222222222,3.685
"798",79.7,23.0654852238806,-76.6292475247525,3.685
"799",79.8,23.0801867164179,-79.2484000000005,3.685
"800",79.9,23.0969315,-81.7841226415094,3.685
"801",80,23.1191235,-81.4565698924732,3.68552688172043
"802",80.1,23.0918318181818,-80.612595959596,3.68769696969697
"803",80.2,23.0766792537313,-80.0276534653465,3.68448514851485
"804",80.3,23.0771120895522,-79.9793529411765,3.68264705882353
"805",80.4,23.0672552631579,-82.7183831775702,3.6834953271028
"806",80.5,23.0594131578947,-84.3742333333334,3.68404444444444
"807",80.6,23.0307656,-83.133945945946,3.685
"808",80.7,23.0274908,-82.399032967033,3.685
"809",80.8,23.0218904,-81.8052653061224,3.685
"810",80.9,23.0691580597015,-82.8610099009902,3.685
"811",81,23.0695834328358,-85.3523999999998,3.68612
"812",81.1,23.087755,-85.8498585858585,3.68586868686869
"813",81.2,23.090545,-84.8421683168317,3.68556435643564
"814",81.3,23.0590075757576,-83.96200990099,3.686
"815",81.4,23.0335102985075,-83.2868888888889,3.68488888888889
"816",81.5,23.0646371641791,-82.8821584158416,3.68455445544554
"817",81.6,23.0467572,-83.9652222222223,3.685
"818",81.7,23.0741752475248,-85.22996,3.685
"819",81.8,23.0639272727273,-84.9022399999999,3.685
"820",81.9,23.0483564179105,-84.01748,3.68556
"821",82,23.0708340298507,-83.3898787878788,3.68543434343434
"822",82.1,23.064695037594,-82.8135,3.68443
"823",82.2,23.0842890225564,-82.3345,3.68511764705882
"824",82.3,23.0805304,-84.2383775510207,3.686
"825",82.4,23.0413133834586,-88.0504257425744,3.68543564356436
"826",82.5,22.9907720300752,-89.1431818181819,3.685
"827",82.6,23.0014713533835,-88.11427,3.685
"828",82.7,23.0058322556391,-87.35897,3.685
"829",82.8,23.0324203960396,-86.8035544554455,3.685
"830",82.9,22.9944264,-86.22036,3.685
"831",83,23.0071548514852,-85.786099009901,3.685
"832",83.1,22.9917129323308,-88.2315555555558,3.68555555555556
"833",83.2,22.989532481203,-91.7712072072071,3.6854954954955
"834",83.3,23.0371115151515,-92.477409090909,3.68551136363636
"835",83.4,23.0166843564356,-91.2873235294118,3.68544117647059
"836",83.5,23.0270355,-90.467592920354,3.685
"837",83.6,23.0923569172932,-89.7663448275862,3.685
"838",83.7,23.0814696992481,-89.2382222222222,3.685
"839",83.8,23.0772628,-88.7692673267326,3.685
"840",83.9,23.067862,-92.6854444444448,3.685
"841",84,23.0607528,-96.2586633663366,3.68389108910891
"842",84.1,23.0424737593985,-95.8569523809523,3.683
"843",84.2,23.0498722556391,-94.8992352941177,3.68349019607843
"844",84.3,23.0619989473684,-94.0639677419354,3.68348387096774
"845",84.4,23.1020515789474,-93.2292244897959,3.68412244897959
"846",84.5,23.0809185,-92.6169009900991,3.685
"847",84.6,23.0920313,-91.9114444444444,3.685
"848",84.7,23.0851028,-91.48156,3.685
"849",84.8,23.0828167910448,-94.1181500000003,3.685
"850",84.9,23.0750332089552,-98.3168907563026,3.68595798319328
"851",85,23.097854,-99.9363414634148,3.68607317073171
"852",85.1,23.0618732,-98.45392,3.685
"853",85.2,23.0754984,-97.6217272727273,3.68443434343434
"854",85.3,23.1016218796992,-97.0015346534653,3.684
"855",85.4,23.0733211278195,-96.5234040404041,3.68456565656566
"856",85.5,23.0902341,-96.0755800000001,3.685
"857",85.6,23.0928364356436,-95.5741287128713,3.685
"858",85.7,23.0949904,-95.2537474747475,3.685
"859",85.8,23.0712327819549,-94.9993564356436,3.685
"860",85.9,23.0411876691729,-101.99706060606,3.685
"861",86,23.0390564661654,-107.019957983193,3.685
"862",86.1,23.063447443609,-105.830204545455,3.68543181818182
"863",86.2,23.0573816,-104.339655913979,3.686
"864",86.3,23.049215037594,-103.399,3.6855
"865",86.4,23.0378917293233,-102.59467816092,3.685
"866",86.5,22.9989276515152,-101.927202020202,3.685
"867",86.6,23.0292079545455,-101.337504950495,3.685
"868",86.7,23.0273617171717,-100.853535353535,3.685
"869",86.8,23.0123826,-100.388490566038,3.68446226415094
"870",86.9,23.0362354455446,-104.73890625,3.6850625
"871",87,23.0471323308271,-110.56943877551,3.6854387755102
"872",87.1,23.0440872180451,-111.271318965517,3.68549137931034
"873",87.2,23.044441010101,-110.154465116279,3.68552325581395
"874",87.3,23.0362683333333,-109.197888888889,3.685
"875",87.4,23.0492465,-108.405118811881,3.685
"876",87.5,23.0531568421053,-107.785333333333,3.685
"877",87.6,23.0627357894737,-107.287841584158,3.685
"878",87.7,23.0139078787879,-106.89115,3.68555
"879",87.8,23.0306331313131,-106.4424,3.68545
"880",87.9,23.0228916,-106.45655,3.68445
"881",88,23.0326156390977,-112.476040816326,3.6834387755102
"882",88.1,23.0191193984962,-115.6425,3.683
"883",88.2,23.0272977272727,-113.935555555556,3.68411111111111
"884",88.3,23.0233431818182,-112.998644067797,3.685
"885",88.4,23.0334832,-112.053073170732,3.685
"886",88.5,23.034703,-111.21544,3.685
"887",88.6,23.0334499009901,-110.55132,3.685
"888",88.7,23.0288118939394,-109.949050505051,3.685
"889",88.8,23.0099406818182,-109.461588235294,3.685
"890",88.9,23.0141376,-109.080782608696,3.68452173913044
"891",89,23.0215158,-108.808380952381,3.68447619047619
"892",89.1,23.006828,-114.63812,3.68444
"893",89.2,23.0110393233083,-119.360108910891,3.68455445544554
"894",89.3,22.9975355639098,-118.550693877551,3.685
"895",89.4,23.01696,-117.405323529412,3.685
"896",89.5,23.0217077227723,-116.6565,3.685
"897",89.6,23.0418269,-115.86,3.685
"898",89.7,23.0282080451128,-115.0829,3.685
"899",89.8,22.999020075188,-114.53385,3.6839
"900",89.9,23.0150134848485,-113.957111111111,3.68188888888889
"901",90,23.0172104545455,-113.414266666667,3.6826
"902",90.1,22.9961041414141,-112.936287234043,3.68454255319149
"903",90.2,23.0163597744361,-112.578475247525,3.685
"904",90.3,23.0355251879699,-117.599600000001,3.685
"905",90.4,23.0260909090909,-123.07648,3.685
"906",90.5,23.0124848484849,-123.292853211009,3.685
"907",90.6,23.0064163636364,-121.982214285714,3.685
"908",90.7,23.0039683,-121.119322580645,3.68552688172043
"909",90.8,22.9886517821782,-120.37101980198,3.68489108910891
"910",90.9,22.9665388721805,-119.602948979592,3.6845612244898
"911",91,23.0083659398496,-119.108267326733,3.685
"912",91.1,23.0064304040404,-118.724425742574,3.68555445544554
"913",91.2,23.0022323762376,-118.216752475248,3.68545544554455
"914",91.3,22.9847942,-117.723484536082,3.685
"915",91.4,22.9790527067669,-117.75941,3.685
"916",91.5,22.9537745112782,-126.076029999999,3.685
"917",91.6,23.0096474747475,-130.764054545454,3.68551818181818
"918",91.7,23.0289398019802,-128.600538461538,3.68496703296703
"919",91.8,23.0118239,-127.303950495049,3.68510891089109
"920",91.9,22.9575403759398,-126.339153061224,3.6854387755102
"921",92,22.9523072932331,-125.49065,3.68557
"922",92.1,22.9494959090909,-124.859970873786,3.68544660194175
"923",92.2,22.9481777272727,-124.255851485148,3.685
"924",92.3,22.9235767346939,-123.671166666667,3.685
"925",92.4,22.9247745,-123.302568965517,3.685
"926",92.5,22.9111078217822,-124.726847058823,3.685
"927",92.6,22.9277440909091,-131.42888,3.68444
"928",92.7,22.9312668181818,-134.22584,3.68624
"929",92.8,22.9437109090909,-132.663843478261,3.68410434782609
"930",92.9,22.9332135,-131.520534883721,3.68190697674419
"931",93,22.9378616,-130.67025,3.68455
"932",93.1,22.9389685714286,-129.932633663366,3.685
"933",93.2,22.9250136842105,-129.250756756757,3.685
"934",93.3,22.9123764,-128.564922222222,3.685
"935",93.4,22.9261897029703,-127.96435,3.685
"936",93.5,22.9218983,-127.604183673469,3.685
"937",93.6,22.9225572180451,-132.6135,3.68445
"938",93.7,22.9264820300752,-137.872777777778,3.68788888888889
"939",93.8,22.9128616666667,-137.736148514851,3.68767326732673
"940",93.9,22.917695,-136.319232758621,3.68452586206897
"941",94,22.9968845454545,-135.207963855422,3.68446987951807
"942",94.1,23.0595790298507,-134.13836,3.685
"943",94.2,23.0552581343284,-133.38428,3.685
"944",94.3,23.0479085714286,-132.75952,3.685
"945",94.4,23.0766378947368,-132.193202020202,3.685
"946",94.5,23.0669201010101,-135.471264705882,3.685
"947",94.6,23.067410990099,-140.768355140187,3.68345794392523
"948",94.7,23.0770982,-142.257870967742,3.682
"949",94.8,23.0406528148148,-140.7515,3.68368367346939
"950",94.9,23.0586676296296,-139.915699386503,3.68465030674847
"951",95,23.0626372,-139.316926380368,3.68403680981595
"952",95.1,23.0480717821782,-138.157527472527,3.685
"953",95.2,23.0622245454545,-137.872295918367,3.685
"954",95.3,23.0677660902256,-139.656461538462,3.685
"955",95.4,23.0803901503759,-140.710380952381,3.685
"956",95.5,23.0944968,-139.406,3.68556
"957",95.6,23.0973992,-138.650158415842,3.68544554455446
"958",95.7,23.0799281818182,-137.9826,3.685
"959",95.8,23.0967298507463,-137.304111111111,3.68444444444444
"960",95.9,23.0928343283582,-136.7458,3.68456
"961",96,23.0679328571429,-141.357239999999,3.68556
"962",96.1,23.0526847368421,-145.55908,3.68544
"963",96.2,23.0395718181818,-145.119188118812,3.685
"964",96.3,23.0551841176471,-143.962565217391,3.685
"965",96.4,23.0774802,-142.962333333333,3.685
"966",96.5,23.0734934586466,-142.125315789474,3.68552631578947
"967",96.6,23.0882904511278,-141.475666666667,3.68488888888889
"968",96.7,23.059159,-144.98076,3.68568
"969",96.8,23.0581508,-148.530980392157,3.68645098039216
"970",96.9,23.0773090909091,-148.253918367347,3.68544897959184
"971",97,23.0666198507463,-147.016138613861,3.685
"972",97.1,23.0627243283582,-145.962222222222,3.685
"973",97.2,23.068749,-145.289309090909,3.685
"974",97.3,23.0509016,-146.462208791209,3.685
"975",97.4,23.040196,-148.69285,3.685
"976",97.5,23.0540568,-148.806619047619,3.68657142857143
"977",97.6,23.0440258,-147.735842105263,3.68694736842105
"978",97.7,23.0472736,-146.82741509434,3.686
"979",97.8,23.050002,-146.055021052632,3.68393684210526
"980",97.9,23.0425732,-148.932090909091,3.68363636363636
"981",98,23.0723688,-151.670376237624,3.685
"982",98.1,23.0416618181818,-151.145755102041,3.685
"983",98.2,23.0652,-150.13328,3.685
"984",98.3,23.0843578947368,-149.330841584158,3.68555445544555
"985",98.4,23.0991184,-150.627777777778,3.68544444444444
"986",98.5,23.0863417,-152.829169811321,3.68605660377358
"987",98.6,23.0880783,-152.8960625,3.68595833333333
"988",98.7,23.09588,-151.711653061224,3.68444897959184
"989",98.8,23.0876168421053,-150.83331372549,3.68345098039216
"990",98.9,23.0761594,-152.64676,3.68408
"991",99,23.0644472277228,-154.832785714286,3.685
"992",99.1,23.097619,-154.689651162791,3.685
"993",99.2,23.0945141353383,-153.687237623762,3.685
"994",99.3,23.058814887218,-153.68245,3.685
"995",99.4,23.1056397,-155.585,3.685
"996",99.5,23.1121402,-156.14492,3.68444
"997",99.6,23.0845614,-155.15392,3.68456
"998",99.7,23.0834487,-154.802227722772,3.68610891089109
"999",99.8,23.1020107,-157.403514851486,3.68591089108911
"1000",99.9,23.1004385714286,-158.809181818182,3.685
"1001",100,23.106957368421,-157.5291,3.685
"1002",100.1,23.1284721,-158.426564356436,3.685
"1003",100.2,23.1126699,-159.953909090909,3.685
"1004",100.3,23.0656206,-159.54665,3.68555
"1005",100.4,22.9982457142857,-159.315356435644,3.68545544554455
"1006",100.5,22.9943284210526,-159.940272727273,3.685
"1007",100.6,23.0088709,-159.687257425743,3.68663366336634
"1008",100.7,23.0039973,-158.74954,3.68692
"1009",100.8,22.9994757,-160.368909090909,3.68545454545455
"1010",100.9,23.0244085714286,-162.541333333333,3.685
"1011",101,23.0148221052632,-162.338196078431,3.685
"1012",101.1,22.9920477,-162.158959183673,3.685
"1013",101.2,22.9789186138614,-164.309554455445,3.685
"1014",101.3,22.9696472727273,-165.15195,3.685
"1015",101.4,22.9864914285714,-164.82165,3.68445
"1016",101.5,22.9603410526316,-165.71765,3.68455
"1017",101.6,22.9724905050505,-165.923069306931,3.68554455445545
"1018",101.7,23.012322,-167.386285714286,3.68544897959184
"1019",101.8,23.000964,-168.507846153846,3.685
"1020",101.9,22.989838,-168.911306122449,3.685
"1021",102,22.9766446534653,-169.503636363636,3.685
"1022",102.1,22.9661093939394,-169.57915,3.685
"1023",102.2,22.9546851515152,-170.184930693069,3.685
"1024",102.3,22.96237,-170.642181818182,3.68390909090909
"1025",102.4,22.96549,-170.45155,3.68355
"1026",102.5,22.937434,-170.5364,3.68455
"1027",102.6,22.9539062406015,-170.5301,3.685
"1028",102.7,22.957387443609,-170.189554455446,3.685
"1029",102.8,22.940332,-170.305,3.685
"1030",102.9,22.9708718811881,-171.809444444445,3.685
"1031",103,22.953326,-173.927732673267,3.685
"1032",103.1,22.9508028571429,-175.25145,3.685
"1033",103.2,22.9869757894737,-175.511586538462,3.685
"1034",103.3,22.9660771717172,-175.3926875,3.6839375
"1035",103.4,22.953316,-175.7822,3.6852
"1036",103.5,22.949024,-176.045333333333,3.68588888888889
"1037",103.6,22.95007,-176.167643564356,3.68610891089109
"1038",103.7,22.9523218811881,-176.49075,3.6859
"1039",103.8,22.9353088636364,-176.798111111111,3.685
"1040",103.9,22.9265134090909,-177.041196078431,3.685
"1041",104,22.921552,-177.099349514563,3.685
"1042",104.1,22.939528,-177.507785714286,3.685
"1043",104.2,22.95239,-178.280277227723,3.685
"1044",104.3,22.9579172727273,-178.7628,3.68604
"1045",104.4,22.9785536363636,-179.16252,3.68544
"1046",104.5,23.0072798,-179.77064,3.68348
"1047",104.6,23.0199159,-180.285157894737,3.68345614035088
"1048",104.7,23.0235868,-180.764917647059,3.68444705882353
"1049",104.8,23.050227368421,-181.145428571429,3.685
"1050",104.9,23.0375957894737,-181.416163461538,3.685
"1051",105,23.0376831313131,-181.963346938775,3.685
"1052",105.1,23.0353695049505,-182.29237,3.685
"1053",105.2,23.041286,-182.66428,3.685
"1054",105.3,23.027386,-183.24064,3.68553
"1055",105.4,23.0486785148515,-183.66133,3.68494
"1056",105.5,23.0554783838384,-183.948544554455,3.684
"1057",105.6,23.0406815841584,-184.483871287129,3.68451485148515
"1058",105.7,23.0540615151515,-185.137584070796,3.685
"1059",105.8,23.05113,-185.743211764706,3.685
"1060",105.9,23.046032,-185.827909090909,3.685
"1061",106,23.0357034586466,-185.278285714286,3.685
"1062",106.1,23.0396207518797,-184.942136986301,3.68615068493151
"1063",106.2,23.0423619191919,-185.442637254902,3.6858431372549
"1064",106.3,23.0528431,-186.05997029703,3.68557425742574
"1065",106.4,23.047708,-186.45044,3.68648
"1066",106.5,23.0634505263158,-186.75208,3.68444
"1067",106.6,23.0338339849624,-187.271346938776,3.6840612244898
"1068",106.7,23.0494508080808,-187.723545454545,3.685
"1069",106.8,23.0277418811881,-188.272565217391,3.685
"1070",106.9,23.040014,-189.051705882353,3.685
"1071",107,23.0386793233083,-189.962222222222,3.685
"1072",107.1,23.0343259398496,-190.9968,3.68556
"1073",107.2,23.0734388888889,-191.87112,3.68488
"1074",107.3,23.0540379207921,-192.60856,3.684
"1075",107.4,23.051924949495,-193.261171717172,3.68513131313131
"1076",107.5,23.0445802,-193.775475247525,3.68430693069307
"1077",107.6,23.0417262376238,-194.03884,3.68412
"1078",107.7,23.0108924242424,-194.65964,3.685
"1079",107.8,22.9806045454545,-195.375555555556,3.685
"1080",107.9,22.9735564646465,-195.759096385542,3.685
"1081",108,22.9451633,-196.0142,3.685
"1082",108.1,22.9213854,-196.00476,3.68556
"1083",108.2,22.9468695454545,-196.29712,3.68488
"1084",108.3,22.9525816666667,-197.43256,3.68624
"1085",108.4,22.9619393939394,-198.7652,3.68576
"1086",108.5,22.9330592,-199.30816,3.68456
"1087",108.6,22.9358156,-199.2122,3.685
"1088",108.7,22.9553532330827,-199.16436,3.685
"1089",108.8,22.9414133834586,-199.273,3.685
"1090",108.9,22.9629390909091,-199.533193548387,3.685
"1091",109,22.9309402970297,-199.905421052632,3.685
"1092",109.1,22.9281424,-200.304247524752,3.68666336633663
"1093",109.2,22.9390696,-200.568424778761,3.68605309734513
"1094",109.3,22.9436047524752,-200.740413793103,3.684
"1095",109.4,22.925174949495,-201.32675,3.68345
"1096",109.5,22.9342501980198,-202.1874,3.6841
"1097",109.6,22.9368215151515,-202.9349,3.685
"1098",109.7,22.9622810891089,-203.626222222222,3.685
"1099",109.8,22.9356283838384,-204.426455445545,3.685
"1100",109.9,22.9539731578947,-205.28405,3.685
"1101",110,22.9465596240601,-205.858555555556,3.68555555555556
"1102",110.1,22.9506439393939,-206.62044,3.686
"1103",110.2,22.942228019802,-207.39988,3.686
"1104",110.3,22.9639057575758,-207.99548,3.686
"1105",110.4,22.9411598507463,-208.93312,3.68544
"1106",110.5,22.9312046268657,-209.519444444444,3.685
"1107",110.6,22.931626969697,-209.660603960396,3.685
"1108",110.7,22.9277610891089,-209.057,3.685
"1109",110.8,22.9248660606061,-207.450346938775,3.685
"1110",110.9,22.9544395522388,-207.00092,3.68388
"1111",111,22.931073880597,-207.68924,3.683
"1112",111.1,22.946218,-208.0918,3.683
"1113",111.2,22.9767016831683,-208.614161616162,3.68356565656566
"1114",111.3,22.9649896969697,-209.18084,3.68514
"1115",111.4,22.9251806,-209.731666666667,3.68554761904762
"1116",111.5,22.9296884158416,-210.360618421053,3.685
"1117",111.6,22.9375515789474,-210.788734693878,3.685
"1118",111.7,22.9209876691729,-211.245811881188,3.685
"1119",111.8,22.9469136363636,-212.181,3.68556
"1120",111.9,22.9772694,-213.12208,3.68544
"1121",112,22.9772312,-213.615616161616,3.685
"1122",112.1,22.9460890225564,-214.132327586207,3.68598275862069
"1123",112.2,22.9216754887218,-214.7556,3.68603529411765
"1124",112.3,22.93761,-215.3636,3.685
"1125",112.4,22.9588314851485,-216.02053125,3.685
"1126",112.5,22.9513977777778,-216.3298,3.685
"1127",112.6,22.9445126119403,-216.489777777778,3.685
"1128",112.7,22.9596544029851,-216.758930693069,3.685
"1129",112.8,22.9907420792079,-217.013666666667,3.685
"1130",112.9,22.9992489108911,-217.31172,3.68556
"1131",113,22.9752127272727,-217.51936,3.68432
"1132",113.1,22.9628016831683,-217.398,3.68526262626263
"1133",113.2,22.960964,-217.238524752475,3.68474257425743
"1134",113.3,22.966538,-217.002089108911,3.68410891089109
"1135",113.4,22.97198,-216.813222222222,3.685
"1136",113.5,22.9886284848485,-217.361847457627,3.685
"1137",113.6,22.976232970297,-218.540976190476,3.685
"1138",113.7,23.0009097979798,-219.82474,3.685
"1139",113.8,22.98249,-220.41358,3.68554
"1140",113.9,23.00049,-220.63616,3.68654
"1141",114,22.973469,-221.0946,3.68538
"1142",114.1,22.9579792,-221.484909090909,3.68345454545455
"1143",114.2,22.9533311111111,-221.586570093458,3.68454205607477
"1144",114.3,22.953088,-221.742290322581,3.68548387096774
"1145",114.4,22.967688,-222.098222222222,3.685
"1146",114.5,22.9825981,-222.743168316832,3.685
"1147",114.6,22.9743368,-223.40275,3.685
"1148",114.7,22.9881775757576,-223.894,3.685
"1149",114.8,22.9676274626866,-224.3179,3.685
"1150",114.9,22.9883886567164,-224.856888888889,3.68444444444444
"1151",115,22.9927244,-225.694811881188,3.68344554455446
"1152",115.1,22.9936178217822,-226.470257425743,3.68408910891089
"1153",115.2,22.9690336363636,-226.766545454545,3.68554545454545
"1154",115.3,22.9794314,-227.2533,3.68545
"1155",115.4,22.9769662,-228.005128712871,3.685
"1156",115.5,22.9789193233083,-228.506,3.685
"1157",115.6,22.9693253383459,-229.0835,3.685
"1158",115.7,23.0071138,-229.919267326733,3.685
"1159",115.8,23.0013934,-230.462972972973,3.68597297297297
"1160",115.9,22.9898533333333,-230.985849462366,3.6865376344086
"1161",116,22.961397593985,-231.7285,3.685
"1162",116.1,22.9239088721804,-232.42518556701,3.68554639175258
"1163",116.2,22.9338306,-233.258303030303,3.68646464646465
"1164",116.3,22.9200530097087,-233.674192,3.685568
"1165",116.4,22.931064,-233.28724,3.685
"1166",116.5,22.9119527819549,-232.346454545455,3.685
"1167",116.6,22.9115166917293,-232.33655,3.685
"1168",116.7,22.9202537373737,-233.076611650485,3.68553398058252
"1169",116.8,22.914822,-234.15884,3.68652
"1170",116.9,22.928388,-234.854422680412,3.687
"1171",117,22.919116,-235.0535,3.6865
"1172",117.1,22.91146,-235.360102040816,3.686
"1173",117.2,22.890464,-235.825510869565,3.68548913043478
"1174",117.3,22.8993971717172,-236.3041,3.685
"1175",117.4,22.8963278,-237.754666666667,3.685
"1176",117.5,22.8862068,-239.397980582524,3.685
"1177",117.6,22.8971456,-240.883525252525,3.68446464646465
"1178",117.7,22.8923727272727,-242.689727272727,3.68454545454545
"1179",117.8,22.8871,-243.92635,3.6861
"1180",117.9,22.8954172,-243.86999009901,3.68536633663366
"1181",118,22.9017138,-243.925,3.684
"1182",118.1,22.9277016,-244.51,3.684
"1183",118.2,22.9240137593985,-245.0837,3.68455
"1184",118.3,22.9257581203008,-245.674196078431,3.685
"1185",118.4,22.9437388,-246.196214285714,3.685
"1186",118.5,22.9226308,-246.522444444444,3.685
"1187",118.6,22.9373048,-246.659227722772,3.685
"1188",118.7,22.9338096240601,-246.6536,3.68555
"1189",118.8,22.9220351879699,-246.60135,3.6849
"1190",118.9,22.9315022222222,-246.4381,3.684
"1191",119,22.9294434653465,-246.728046296296,3.684
"1192",119.1,22.9391646,-248.006184782609,3.68451086956522
"1193",119.2,22.9392282,-250.56795,3.685
"1194",119.3,22.9392634653465,-251.84675,3.685
"1195",119.4,22.9369768181818,-251.498673267327,3.685
"1196",119.5,22.956295,-251.60596,3.685
"1197",119.6,22.929208,-252.032,3.685
"1198",119.7,22.923603,-252.217454545455,3.68718181818182
"1199",119.8,22.9341534,-252.887594059406,3.68736633663366
"1200",119.9,22.92741,-253.002090909091,3.68545454545455
"1201",120,22.9234554545455,-254.243742574257,3.68554455445545
"1202",120.1,22.9106944,-254.996660869565,3.68506086956522
"1203",120.2,22.9169062,-254.72925,3.68442391304348
"1204",120.3,22.9203166,-255.069239130435,3.685
"1205",120.4,22.9369826315789,-254.666,3.685
"1206",120.5,22.9142984210526,-255.923923076923,3.685
"1207",120.6,22.9197733333333,-256.708272727273,3.685
"1208",120.7,22.9221503960396,-257.1294,3.68445
"1209",120.8,22.9429578,-257.708805825243,3.6882718446602
"1210",120.9,22.925865,-257.591474226804,3.68824742268041
"1211",121,22.9345488118812,-259.00465,3.685
"1212",121.1,22.9319884848485,-259.2784,3.685
"1213",121.2,22.9427067326733,-260.0946,3.685
"1214",121.3,22.9489157575758,-260.873111111111,3.685
"1215",121.4,22.927431,-260.113450980392,3.685
"1216",121.5,22.9360746,-261.400857142857,3.685
"1217",121.6,22.9550419548872,-262.246684210526,3.685
"1218",121.7,22.9528690225564,-260.9369,3.685
"1219",121.8,22.9325255555556,-262.1573,3.68446
"1220",121.9,22.9212655,-263.651181818182,3.68509090909091
"1221",122,22.9327186,-263.031811881188,3.68545544554455
"1222",122.1,22.9411581954887,-262.074636363636,3.685
"1223",122.2,22.9215416541353,-264.095,3.685
"1224",122.3,22.91784,-266.16367032967,3.685
"1225",122.4,22.9266398,-265.2485,3.685
"1226",122.5,22.9515667,-264.228186813187,3.68449450549451
"1227",122.6,22.9306745864662,-265.241336633664,3.68508910891089
"1228",122.7,22.905824962406,-267.54558,3.68654
"1229",122.8,22.9301119191919,-267.670727272727,3.68590909090909
"1230",122.9,22.912921980198,-266.42875,3.685
"1231",123,22.9096311,-265.522035087719,3.6840350877193
"1232",123.1,22.9072028,-266.891139534884,3.68395348837209
"1233",123.2,22.9292574257426,-270.61085,3.685
"1234",123.3,22.9337733333333,-271.225643564356,3.685
"1235",123.4,22.9034703030303,-270.034727272727,3.685
"1236",123.5,22.91519,-268.93575,3.685
"1237",123.6,22.9163668,-267.89825,3.685
"1238",123.7,22.9127244,-270.04995,3.6861
"1239",123.8,22.8961251515152,-274.752336633664,3.68536633663366
"1240",123.9,22.8899736363636,-275.988181818182,3.684
"1241",124,22.8835028282828,-274.4625,3.6851
"1242",124.1,22.87666,-273.39795,3.68545
"1243",124.2,22.9010664,-272.489247524752,3.685
"1244",124.3,22.9101281203008,-275.40090909091,3.685
"1245",124.4,22.9166619548872,-279.2065,3.68555
"1246",124.5,22.9156254545455,-279.3249,3.686
"1247",124.6,22.9219837623762,-278.035095238095,3.68704761904762
"1248",124.7,22.9217415,-276.749234042553,3.68587234042553
"1249",124.8,22.932717,-275.985069306931,3.68455445544554
"1250",124.9,22.9124879207921,-279.241801980198,3.685
"1251",125,22.9113955555556,-281.29632,3.685
"1252",125.1,22.9043851485149,-280.037272727273,3.685
"1253",125.2,22.8880022222222,-279.134956140351,3.685
"1254",125.3,22.8880245544554,-278.215458823529,3.68548235294118
"1255",125.4,22.8835533333333,-281.112930693069,3.686
"1256",125.5,22.8618447368421,-283.61055,3.686
"1257",125.6,22.8832131578947,-282.686174757281,3.68279611650485
"1258",125.7,22.8922907070707,-281.535673469388,3.68265306122449
"1259",125.8,22.8994505882353,-280.72582,3.68716
"1260",125.9,22.8972177777778,-280.181181818182,3.68627272727273
"1261",126,22.8931640298507,-284.515326732673,3.68454455445545
"1262",126.1,22.8892685074627,-287.3745,3.685
"1263",126.2,22.8834692,-285.8844,3.685
"1264",126.3,22.9075933333333,-284.715,3.685
"1265",126.4,22.8936206060606,-283.76504950495,3.685
"1266",126.5,22.9159874626866,-285.415272727273,3.68336363636364
"1267",126.6,22.9034352238806,-288.497125,3.68475
"1268",126.7,22.9116456,-289.665577981651,3.68671559633028
"1269",126.8,22.899882970297,-288.305859154929,3.6847323943662
"1270",126.9,22.9055135353535,-287.140054054054,3.68500900900901
"1271",127,22.9032744554455,-287.302913043478,3.68447826086957
"1272",127.1,22.9244942,-290.99112,3.685
"1273",127.2,22.951827593985,-292.951265306123,3.685
"1274",127.3,22.9483388721805,-291.591727272727,3.685
"1275",127.4,22.9320226,-290.46800990099,3.685
"1276",127.5,22.9221765,-289.602090909091,3.68390909090909
"1277",127.6,22.9057947474747,-293.161019801981,3.68354455445545
"1278",127.7,22.9052962406015,-295.889545454545,3.68454545454545
"1279",127.8,22.9013639097744,-294.79,3.685
"1280",127.9,22.8927044,-293.756363636364,3.685
"1281",128,22.9001052,-292.892128712871,3.685
"1282",128.1,22.9169716,-294.34694,3.685
"1283",128.2,22.9190510526316,-295.583771428571,3.68551428571429
"1284",128.3,22.8854721052632,-294.605147368421,3.68548421052632
"1285",128.4,22.8819728,-293.37026,3.68554
"1286",128.5,22.889799009901,-292.365090909091,3.68654545454545
"1287",128.6,22.9064488,-295.9160990099,3.68591089108911
"1288",128.7,22.9210045,-298.619090909091,3.68554545454545
"1289",128.8,22.9180237,-297.360247524752,3.686
"1290",128.9,22.9121479,-296.074454545454,3.68545454545455
"1291",129,22.9356789,-294.98945,3.685
"1292",129.1,22.9317716,-297.849633663365,3.685
"1293",129.2,22.9190928,-300.725,3.685
"1294",129.3,22.9152505050505,-300.05,3.685
"1295",129.4,22.9147786466165,-298.92885,3.685
"1296",129.5,22.9165230075188,-297.8351,3.68555
"1297",129.6,22.9267388,-300.709249999999,3.6849
"1298",129.7,22.9170204,-304.14385,3.6851
"1299",129.8,22.9063304,-303.703058823529,3.68546078431373
"1300",129.9,22.9225677443609,-302.10881632653,3.685
"1301",130,22.9278083458647,-300.8699,3.685
"1302",130.1,22.909058,-302.697930693068,3.685
"1303",130.2,22.931928,-305.234272727273,3.685
"1304",130.3,22.9093412,-304.85655,3.68555
"1305",130.4,22.8829833082707,-303.468,3.68655
"1306",130.5,22.8851637593985,-302.332257425742,3.68482178217822
"1307",130.6,22.9495825,-301.37986,3.68408
"1308",130.7,22.9788216831683,-304.147235294118,3.685
"1309",130.8,22.99013,-306.378469387755,3.685
"1310",130.9,22.987428,-305.26936,3.685
"1311",131,22.9741032,-304.249272727273,3.685
"1312",131.1,22.9723381954887,-303.3775,3.685
"1313",131.2,22.9723306766917,-304.095032967033,3.68549450549451
"1314",131.3,22.9754412,-308.175090909091,3.68545454545455
"1315",131.4,22.9714352,-309.961897435897,3.68405982905983
"1316",131.5,22.9765808,-308.768642857143,3.68435714285714
"1317",131.6,22.9846072727273,-307.623653465347,3.68546534653465
"1318",131.7,22.9850542424242,-306.77164,3.68659
"1319",131.8,22.9860156,-305.99339,3.68641
"1320",131.9,22.9962368,-305.48075,3.685
"1321",132,23.0075508,-306.98832,3.685
"1322",132.1,23.0080501503759,-307.972137254902,3.685
"1323",132.2,23.011967443609,-307.109367346939,3.685
"1324",132.3,23.0043231313131,-307.887767676768,3.68446464646465
"1325",132.4,23.0170088118812,-310.42582,3.68454
"1326",132.5,23.028156,-311.1552,3.685
"1327",132.6,23.0081567,-310.210693069307,3.68553465346535
"1328",132.7,22.9805499009901,-310.662666666667,3.68492929292929
"1329",132.8,22.9616536734694,-315.841465346535,3.68453465346535
"1330",132.9,22.9483356,-318.913826086957,3.685
"1331",133,22.9644288,-317.285772727273,3.68543181818182
"1332",133.1,22.958608,-315.794958333334,3.68547916666667
"1333",133.2,22.9610932,-314.75124,3.68554
"1334",133.3,22.9783936363636,-317.00156,3.68546
"1335",133.4,22.9770754545455,-321.4194,3.685
"1336",133.5,22.9691525,-322.22818,3.68554
"1337",133.6,22.9546575,-320.573396039604,3.68546534653465
"1338",133.7,22.969725,-319.22404040404,3.685
"1339",133.8,22.9748576865672,-318.106217821782,3.685
"1340",133.9,22.9502084328358,-317.0745,3.685
"1341",134,22.9590952,-321.323494623656,3.685
"1342",134.1,22.9396124,-325.510821782178,3.685
"1343",134.2,22.9721056,-324.17259,3.685
"1344",134.3,22.977977368421,-322.66851,3.68394
"1345",134.4,22.9749247368421,-321.4272,3.68353
"1346",134.5,22.9697715151515,-320.324261682243,3.684
"1347",134.6,22.9762833663366,-319.300554455446,3.684
"1348",134.7,22.9612064,-324.80116304348,3.68448913043478
"1349",134.8,22.9496748484848,-331.05087,3.685
"1350",134.9,22.9563756435644,-330.08399,3.685
"1351",135,22.9623218181818,-328.34897,3.685
"1352",135.1,22.9689127272727,-326.8953,3.685
"1353",135.2,22.9471125,-325.643787878788,3.68553535353535
"1354",135.3,22.95321,-326.65274,3.68546
"1355",135.4,22.9500175,-333.067026548673,3.685
"1356",135.5,22.9437354545455,-337.360378947369,3.68456842105263
"1357",135.6,22.9569172727273,-334.89735483871,3.68449462365591
"1358",135.7,22.9555308080808,-333.073101010101,3.685
"1359",135.8,22.9554634653465,-331.515672897196,3.685
"1360",135.9,22.9598725,-330.280118811881,3.685
"1361",136,22.9804979699248,-333.206795698925,3.68450537634409
"1362",136.1,22.9482498496241,-338.923829999999,3.68453
"1363",136.2,22.9526903030303,-339.90747,3.68553
"1364",136.3,22.9591575247525,-338.441048,3.685576
"1365",136.4,22.9499257575758,-337.095790697674,3.68467441860465
"1366",136.5,22.9332165413534,-335.580539325843,3.68447191011236
"1367",136.6,22.9436827067669,-334.45568,3.685
"1368",136.7,22.9473790909091,-337.434618181818,3.685
"1369",136.8,22.9314941584158,-341.435573033708,3.685
"1370",136.9,22.9163493939394,-341.046594059406,3.685
"1371",137,22.9478392,-339.67665,3.68553
"1372",137.1,22.9424828712871,-338.35144,3.68547
"1373",137.2,22.9344196212121,-337.26497,3.68659
"1374",137.3,22.9590181060606,-336.424263157895,3.6875350877193
"1375",137.4,22.9036797979798,-338.165694117647,3.68562352941176
"1376",137.5,22.9157056,-344.721504950495,3.68506930693069
"1377",137.6,22.9141628,-347.027394495413,3.68551376146789
"1378",137.7,22.929832481203,-345.111494505494,3.685
"1379",137.8,22.9224189473684,-343.55447,3.685
"1380",137.9,22.8989343434343,-342.29074,3.685
"1381",138,22.8826056,-341.18001,3.68447
"1382",138.1,22.8860386,-340.131898989899,3.68453535353535
"1383",138.2,22.895992556391,-339.305782178218,3.685
"1384",138.3,22.9012331578947,-345.477189189189,3.685
"1385",138.4,22.917757979798,-352.144363636364,3.685
"1386",138.5,22.9071358415842,-350.656560747663,3.685
"1387",138.6,22.9080264,-348.9805,3.685
"1388",138.7,22.8981406,-347.55664,3.685
"1389",138.8,22.9145937623762,-346.282188118812,3.685
"1390",138.9,22.9033948120301,-345.200510204082,3.685
"1391",139,22.9360940601504,-344.323864864865,3.68451351351351
"1392",139.1,22.9652848484848,-346.239123595504,3.68448314606742
"1393",139.2,22.9813075,-351.16272,3.68392
"1394",139.3,22.9610275,-352.180237623762,3.68353465346535
"1395",139.4,22.9615579699248,-350.508767676768,3.68453535353535
"1396",139.5,22.9463098496241,-349.22748,3.685
"1397",139.6,22.9376931313131,-348.06518,3.685
"1398",139.7,22.9428766,-346.97884,3.685
"1399",139.8,22.9586008,-345.931554455446,3.685
"1400",139.9,22.9596146616541,-344.962131313131,3.68553535353535
"1401",140,22.9931710526316,-344.0527,3.68546
"1402",140.1,22.9777454545454,-346.002727272727,3.685
"1403",140.2,23.0030355882353,-357.11891089109,3.685
"1404",140.3,22.9994753535354,-363.021090909091,3.685
"1405",140.4,23.003792238806,-360.26635,3.685
"1406",140.5,22.9687623880597,-358.4009,3.685
"1407",140.6,22.9827652,-356.8511,3.685
"1408",140.7,22.959513,-355.432,3.685
"1409",140.8,22.959851010101,-354.0501,3.685
"1410",140.9,22.9753939,-355.757846846847,3.685
"1411",141,22.9644994059406,-360.898999999999,3.6846
"1412",141.1,22.9341803007519,-363.96935443038,3.68443037974684
"1413",141.2,22.9367968421053,-361.735950495049,3.685
"1414",141.3,22.924964040404,-360.117727272727,3.68554545454545
"1415",141.4,22.9331356435644,-358.693148148148,3.68498148148148
"1416",141.5,22.9381090909091,-357.503591397849,3.68450537634409
"1417",141.6,22.9409251127819,-356.431636363636,3.685
"1418",141.7,22.9784063157895,-355.535871287129,3.685
"1419",141.8,22.967576969697,-358.711727272728,3.685
"1420",141.9,22.9631258415842,-366.000600000001,3.68555
"1421",142,22.9519770707071,-368.390207920792,3.68654455445545
"1422",142.1,22.9671528571429,-366.419714285714,3.68479591836735
"1423",142.2,22.9758671428571,-364.877960784314,3.68464705882353
"1424",142.3,22.97007,-363.54816,3.68546
"1425",142.4,22.9731769306931,-362.399309090909,3.685
"1426",142.5,22.9654264,-361.316067415731,3.685
"1427",142.6,22.9635182,-360.21945,3.685
"1428",142.7,22.9593617821782,-365.130950000001,3.685
"1429",142.8,22.9749981954887,-371.6344,3.685
"1430",142.9,22.9762989473684,-372.1065,3.685
"1431",143,22.9716018181818,-370.13385,3.6861
"1432",143.1,22.97433,-368.707910714286,3.68650892857143
"1433",143.2,22.9987718,-367.324386363636,3.68551136363636
"1434",143.3,23.0088964179104,-365.9688,3.68445
"1435",143.4,22.9868441791045,-368.656850000001,3.68455
"1436",143.5,23.0117903030303,-375.23165,3.685
"1437",143.6,22.9879314851485,-377.271168316832,3.685
"1438",143.7,22.9990017171717,-375.15414,3.685
"1439",143.8,22.9989590225564,-373.343,3.68554
"1440",143.9,22.9854552631579,-371.984981132075,3.68549056603774
"1441",144,23.0128362,-370.750118811881,3.685
"1442",144.1,23.0111538613861,-370.038105263158,3.68598947368421
"1443",144.2,22.9985696969697,-372.803835051547,3.68539175257732
"1444",144.3,22.9967735820895,-374.151198019802,3.68454455445545
"1445",144.4,22.9885646268657,-372.40878,3.685
"1446",144.5,23.0169438,-370.837636363636,3.685
"1447",144.6,23.0072028,-369.667783783784,3.685
"1448",144.7,23.0073014,-368.608666666667,3.68548888888889
"1449",144.8,22.99544,-373.06658,3.68546
"1450",144.9,22.9800552,-376.687272727273,3.68390909090909
"1451",145,22.9663578358209,-375.19865,3.68355
"1452",145.1,22.9892757462687,-373.808247524753,3.68454455445544
"1453",145.2,22.9973106,-372.541038461538,3.68603846153846
"1454",145.3,22.9982614,-375.065437500001,3.6854375
"1455",145.4,23.0144009090909,-379.610679245283,3.68450943396226
"1456",145.5,23.007733880597,-380.132723404255,3.685
"1457",145.6,23.0336741791045,-378.219090909091,3.685
"1458",145.7,23.0414602,-378.764356435644,3.685
"1459",145.8,22.9989989,-381.303,3.68608
"1460",145.9,23.0117372727273,-381.31942,3.68484
"1461",146,23.0213326865672,-379.36836,3.68408
"1462",146.1,23.0390565671642,-379.59258,3.68446
"1463",146.2,23.0361236,-380.79296,3.684
"1464",146.3,23.0360525742574,-380.13068,3.68454
"1465",146.4,23.0253309090909,-379.14488,3.685
"1466",146.5,23.0246233663366,-379.94656,3.685
"1467",146.6,23.0110235,-379.81732,3.685
"1468",146.7,23.0109691791045,-378.325454545454,3.685
"1469",146.8,23.0295587313433,-378.47105,3.6839
"1470",146.9,23.0106848,-379.5659,3.68355
"1471",147,22.9892634,-379.13695,3.6851
"1472",147.1,22.998901010101,-377.889651785714,3.68649107142857
"1473",147.2,22.9962764925373,-379.95403409091,3.68651136363636
"1474",147.3,22.975522761194,-383.34095,3.68545
"1475",147.4,22.9501082,-382.9976,3.685
"1476",147.5,22.9298317,-381.5794,3.685
"1477",147.6,22.9289981,-380.417217821782,3.685
"1478",147.7,22.9442557894737,-382.903545454546,3.685
"1479",147.8,22.9412031578947,-385.999693069307,3.68608910891089
"1480",147.9,22.9377312,-385.707545454545,3.68590909090909
"1481",148,22.9246392079208,-385.95035,3.68445
"1482",148.1,22.9389323,-388.1185,3.68455
"1483",148.2,22.9665863909774,-388.2795,3.685
"1484",148.3,22.9216841353383,-387.806435643564,3.685
"1485",148.4,22.9264561,-388.1082,3.685
"1486",148.5,22.9450266,-387.346217821782,3.685
"1487",148.6,22.9732433,-387.85343,3.685
"1488",148.7,22.9614561,-388.61421,3.68447
"1489",148.8,22.9428159405941,-387.690343434343,3.68292929292929
"1490",148.9,22.9489478787879,-388.99568,3.6847
"1491",149,22.9414781818182,-390.26882,3.68646
"1492",149.1,22.953125,-389.60754,3.68546
"1493",149.2,22.9593767,-390.50208,3.685
"1494",149.3,22.9275106,-390.863,3.685
"1495",149.4,22.9247891729323,-390.9225,3.685
"1496",149.5,22.899082406015,-390.83012,3.685
"1497",149.6,22.9097144,-391.52436,3.68608
"1498",149.7,22.9238084,-392.5264,3.68538
"1499",149.8,22.882798,-392.361918918919,3.68545945945946
"1500",149.9,22.8900531578947,-391.521066666667,3.68604444444444
"1501",150,22.8861358646617,-390.82774,3.68394
"1502",150.1,22.8775042,-391.853323232323,3.68407070707071
"1503",150.2,22.8842861386139,-393.255346153846,3.685
"1504",150.3,22.887364,-394.3468125,3.685
"1505",150.4,22.8875176,-395.480732673267,3.685
"1506",150.5,22.8952889108911,-396.240494949495,3.685
"1507",150.6,22.8896554887218,-396.704634615385,3.68551923076923
"1508",150.7,22.8905276691729,-397.550708333333,3.686
"1509",150.8,22.8874987,-398.093352941176,3.68494117647059
"1510",150.9,22.8818715,-398.149897959184,3.6845306122449
"1511",151,22.8614567,-398.61100990099,3.68660396039604
"1512",151.1,22.8741571428571,-400.21674,3.68641
"1513",151.2,22.8584428571429,-401.925666666667,3.685
"1514",151.3,22.8486927272727,-402.757633663366,3.685
"1515",151.4,22.879534,-403.33169,3.685
"1516",151.5,22.8828936,-404.107719626168,3.685
"1517",151.6,22.9145410526316,-404.765,3.685
"1518",151.7,22.9276162406015,-405.0685,3.684
"1519",151.8,22.918304,-404.949064516129,3.68349462365591
"1520",151.9,22.902403960396,-404.35943,3.68453
"1521",152,22.9023076,-404.403575757576,3.685
"1522",152.1,22.8961445112782,-405.94700990099,3.685
"1523",152.2,22.8952723308271,-407.51186,3.685
"1524",152.3,22.8878281818182,-407.80835,3.685
"1525",152.4,22.8873684,-407.81747,3.685
"1526",152.5,22.883404,-407.88079,3.68553
"1527",152.6,22.9087456,-407.760848484849,3.686
"1528",152.7,22.9134728712871,-407.811947826087,3.68646956521739
"1529",152.8,22.9281756818182,-408.079244680851,3.68575531914894
"1530",152.9,22.9127893181818,-408.139421052632,3.68433834586466
"1531",153,22.90507,-407.934661016949,3.685
"1532",153.1,22.916,-408.041630630631,3.685
"1533",153.2,22.9175848,-407.744477272727,3.685
"1534",153.3,22.9180564179104,-406.98076,3.685
"1535",153.4,22.9167579104478,-406.57402,3.685
"1536",153.5,22.9210990909091,-406.76902,3.68446
"1537",153.6,22.9212664,-407.64792,3.68562
"1538",153.7,22.93069,-408.56897029703,3.68593069306931
"1539",153.8,22.9339666666667,-409.970464646465,3.685
"1540",153.9,22.9128833333333,-411.004415841584,3.68446534653465
"1541",154,22.9351514141414,-411.52323,3.68453
"1542",154.1,22.9114040594059,-412.05824,3.685
"1543",154.2,22.9088893,-412.59361,3.685
"1544",154.3,22.9150995,-413.224225490196,3.685
"1545",154.4,22.9272707920792,-413.436520408163,3.68447959183673
"1546",154.5,22.9212489473684,-413.34601,3.684
"1547",154.6,22.9086023308271,-413.56882,3.684
"1548",154.7,22.9199848,-413.99763,3.684
"1549",154.8,22.9241592,-414.54406,3.68453
"1550",154.9,22.9112484,-414.971024193548,3.685
"1551",155,22.9148405263158,-414.86088,3.685
"1552",155.1,22.9083066917293,-413.780347826087,3.685
"1553",155.2,22.8977235353535,-413.020282352941,3.685
"1554",155.3,22.9224184158416,-413.02036,3.685
"1555",155.4,22.9102972,-412.77454,3.68446
"1556",155.5,22.9278752631579,-412.650094339623,3.68501886792453
"1557",155.6,22.9161083458647,-412.971,3.68548936170213
"1558",155.7,22.9178534343434,-413.35576,3.685
"1559",155.8,22.916023960396,-413.5085,3.68338
"1560",155.9,22.9267548,-413.617117647059,3.68305882352941
"1561",156,22.9245763157895,-413.850142857143,3.6845306122449
"1562",156.1,22.9093131578947,-414.5461,3.685
"1563",156.2,22.9088019191919,-415.335396039604,3.685
"1564",156.3,22.9103248,-416.16508,3.685
"1565",156.4,22.9101464646465,-417.687427272727,3.68451818181818
"1566",156.5,22.889881,-420.212833333333,3.68495555555556
"1567",156.6,22.8881294059406,-422.39465,3.68547
"1568",156.7,22.9255160902256,-422.81472,3.685
"1569",156.8,22.9560198496241,-422.92668,3.685
"1570",156.9,22.9480707070707,-423.213233870968,3.685
"1571",157,22.9476681,-423.066171052632,3.685
"1572",157.1,22.9525765,-422.43409,3.685
"1573",157.2,22.9541341353383,-421.979894230769,3.685
"1574",157.3,22.9353897744361,-421.574666666667,3.685
"1575",157.4,22.9249716161616,-422.124088888889,3.685
"1576",157.5,22.9208218811881,-423.107306930693,3.68606930693069
"1577",157.6,22.9346792929293,-423.03584,3.68594
"1578",157.7,22.9587626865672,-422.555424242424,3.685
"1579",157.8,22.973471641791,-422.541653465347,3.685
"1580",157.9,22.974876,-422.76475,3.685
"1581",158,22.984093960396,-422.717681818182,3.685
"1582",158.1,22.97842,-422.78578,3.685
"1583",158.2,22.997717029703,-423.04023,3.685
"1584",158.3,22.9915254,-423.26886,3.685
"1585",158.4,23.0002051,-423.311161616162,3.68607070707071
"1586",158.5,23.0221281,-423.27718,3.68754
"1587",158.6,23.0188901,-423.74702,3.68584
"1588",158.7,23.0154813,-424.673297029703,3.68453465346535
"1589",158.8,22.9994938383838,-425.39515,3.685
"1590",158.9,23.0268458208955,-425.76217,3.685
"1591",159,23.0579652238806,-426.24568,3.685
"1592",159.1,23.0898082,-426.955435643564,3.685
"1593",159.2,23.1160019,-427.342450980392,3.685
"1594",159.3,23.1100604040404,-427.278020833333,3.68395833333333
"1595",159.4,23.0850595522388,-427.44586,3.683
"1596",159.5,23.0958580597015,-427.6273,3.68354
"1597",159.6,23.093099,-427.43028,3.68508
"1598",159.7,23.0889258823529,-426.96486,3.68546
"1599",159.8,23.105656,-424.797118811881,3.685
"1600",159.9,23.1142315789474,-422.87087,3.685
"1601",160,23.1224872180451,-422.668841666667,3.68455833333333
"1602",160.1,23.1341436,-422.293175,3.6844125
"1603",160.2,23.1306104040404,-421.48331,3.685
"1604",160.3,23.116072,-421.496386138614,3.68447524752475
"1605",160.4,23.115296,-421.76372,3.68348
"1606",160.5,23.156853,-421.673363636364,3.68352525252525
"1607",160.6,23.1601989552239,-421.253871287129,3.684
"1608",160.7,23.1727288059702,-420.76932,3.68452
"1609",160.8,23.1793259405941,-420.3732,3.685
"1610",160.9,23.181784,-420.279252525253,3.68447474747475
"1611",161,23.1815365656566,-420.32729,3.684
"1612",161.1,23.1567960447761,-420.337919191919,3.68453535353535
"1613",161.2,23.1101617164179,-420.61622,3.68446
"1614",161.3,23.1058844444444,-420.837118811881,3.68453465346535
"1615",161.4,23.12946,-421.11894949495,3.685
"1616",161.5,23.13953,-421.136859813084,3.6855046728972
"1617",161.6,23.1431595488722,-420.786688172043,3.68549462365591
"1618",161.7,23.1335580451128,-420.666,3.68447572815534
"1619",161.8,23.1407599,-420.540905660377,3.684
"1620",161.9,23.164400990099,-420.205945652174,3.684
"1621",162,23.160187,-419.65705050505,3.68453535353535
"1622",162.1,23.168847,-418.764072727273,3.68450909090909
"1623",162.2,23.199986,-417.680842105263,3.68446315789474
"1624",162.3,23.19698,-416.31667368421,3.68345263157895
"1625",162.4,23.20964,-415.011227722772,3.68360396039604
"1626",162.5,23.212824,-413.94309,3.68447
"1627",162.6,23.208356,-413.078428571429,3.68450476190476
"1628",162.7,23.205985,-413.079680851064,3.68448936170213
"1629",162.8,23.2147011278195,-413.853217821782,3.684
"1630",162.9,23.218204887218,-414.09841,3.684
"1631",163,23.214368,-413.63111,3.684
"1632",163.1,23.249716,-413.08542,3.68347
"1633",163.2,23.28112,-412.65878,3.68459
"1634",163.3,23.2870947368421,-412.268715517241,3.68508620689655
"1635",163.4,23.3084105263158,-411.688578313253,3.684
"1636",163.5,23.3198802,-411.0113,3.68562
"1637",163.6,23.3183782178218,-410.76442,3.68538
"1638",163.7,23.352764,-410.95504,3.684
"1639",163.8,23.339457443609,-411.229559633028,3.684
"1640",163.9,23.3233822556391,-411.255362637363,3.684
"1641",164,23.3410890909091,-411.12524,3.684
"1642",164.1,23.3853043,-411.54154,3.68454
"1643",164.2,23.3908379,-412.499732673267,3.68393069306931
"1644",164.3,23.3998205,-412.97392,3.68353
"1645",164.4,23.417609009901,-412.700565656566,3.684
"1646",164.5,23.4204453383459,-412.038514851485,3.684
"1647",164.6,23.4338964661654,-411.18165,3.684
"1648",164.7,23.441165,-410.32216,3.684
"1649",164.8,23.4688312871287,-409.433435643564,3.684
"1650",164.9,23.5006655,-408.665285714286,3.684
"1651",165,23.5258668421053,-408.1835,3.684
"1652",165.1,23.5492352631579,-407.57036,3.68454
"1653",165.2,23.530556,-406.69118,3.68392
"1654",165.3,23.5357812121212,-405.94772,3.68408
"1655",165.4,23.5528655,-404.49254,3.685
"1656",165.5,23.5965854887218,-402.21578,3.68446
"1657",165.6,23.6351193233083,-400.42574,3.68346
"1658",165.7,23.6447665656566,-399.25632,3.683
"1659",165.8,23.6892997029703,-398.354436893204,3.683
"1660",165.9,23.7402433,-398.321755102041,3.683
"1661",166,23.7821755,-398.72344,3.683
"1662",166.1,23.8155938613861,-398.658138613861,3.68352475247525
"1663",166.2,23.8290254545455,-399.145818181818,3.68452525252525
"1664",166.3,23.8538218811881,-399.51733,3.68394
"1665",166.4,23.906106969697,-398.05049,3.683
"1666",166.5,23.9733004,-396.317445544555,3.683
"1667",166.6,24.0139241,-395.431777777778,3.683
"1668",166.7,24.035135112782,-394.659769230769,3.68261538461538
"1669",166.8,24.0587967669173,-392.183217391304,3.682
"1670",166.9,24.0773618181818,-387.63488,3.682
"1671",167,24.1107748,-383.12352,3.682
"1672",167.1,24.1376634,-378.26064,3.68252
"1673",167.2,24.169485037594,-372.461719999999,3.68144
"1674",167.3,24.1983722556391,-366.060898989899,3.68105050505051
"1675",167.4,24.2558761616162,-359.544306930693,3.68252475247525
"1676",167.5,24.2961807920792,-352.98472,3.68196
"1677",167.6,24.3348252,-347.86490909091,3.68047474747475
"1678",167.7,24.3504202255639,-344.726920792079,3.68
"1679",167.8,24.3697435338346,-340.538757575758,3.68
"1680",167.9,24.3926736363636,-335.395443478261,3.68046086956522
"1681",168,24.4139089,-330.72546511628,3.68011627906977
"1682",168.1,24.4521941,-326.245646464647,3.6779494949495
"1683",168.2,24.4827768,-321.86162,3.67806
"1684",168.3,24.5478236,-316.74146,3.67847
"1685",168.4,24.5726312030075,-311.327780952381,3.67900952380952
"1686",168.5,24.6180221804511,-306.207021052631,3.67949473684211
"1687",168.6,24.6164555,-301.463570000001,3.67953
"1688",168.7,24.6659889,-297.39615,3.68
"1689",168.8,24.665073,-295.396261682243,3.6795046728972
"1690",168.9,24.6783584962406,-293.041440860215,3.679
"1691",169,24.7138697744361,-289.269413793104,3.67945689655172
"1692",169.1,24.7501811111111,-285.749190476192,3.68044047619048
"1693",169.2,24.7915852,-282.112306930693,3.6799504950495
"1694",169.3,24.8130756,-279.256575757576,3.67847474747475
"1695",169.4,24.8354662406015,-276.564297029703,3.67852475247525
"1696",169.5,24.8117669924812,-274.04524,3.679
"1697",169.6,24.8739551515151,-271.763848484849,3.679
"1698",169.7,24.8982656435644,-269.59863,3.679
"1699",169.8,24.9082956,-267.5963,3.679
"1700",169.9,24.9480772,-265.82661,3.679
"1701",170,24.9984861386139,-264.16679,3.679
"1702",170.1,25.0022904040404,-263.24437,3.67953
"1703",170.2,25.0121351485149,-264.52839,3.67947
"1704",170.3,25.0239446464646,-264.49104,3.679
"1705",170.4,25.0519728,-262.25143,3.679
"1706",170.5,25.0805456,-260.4195,3.679
"1707",170.6,25.1090763909774,-258.0075,3.679
"1708",170.7,25.121565112782,-256.37338,3.679
"1709",170.8,25.1653173737374,-255.53515,3.679
"1710",170.9,25.183376039604,-254.19138,3.68006
"1711",171,25.190165,-252.99091,3.681
"1712",171.1,25.2169183458647,-251.87024,3.67994
"1713",171.2,25.2308807518797,-250.666425742574,3.67952475247525
"1714",171.3,25.2243194949495,-249.48356,3.67948
"1715",171.4,25.2552412871287,-248.3996,3.679
"1716",171.5,25.2606428282828,-247.34776,3.679
"1717",171.6,25.2528992481203,-246.281070707071,3.679
"1718",171.7,25.2849593984962,-245.389907407407,3.679
"1719",171.8,25.296975959596,-244.544516129032,3.679
"1720",171.9,25.3126927722772,-243.75264,3.67848
"1721",172,25.3302386868687,-242.996872727273,3.67847272727273
"1722",172.1,25.3673055,-242.13993258427,3.67852808988764
"1723",172.2,25.3936934653465,-241.27944,3.67906
"1724",172.3,25.3979007518797,-240.446306930693,3.67947524752475
"1725",172.4,25.4238406015038,-239.75432,3.679
"1726",172.5,25.4279405050505,-238.73756,3.679
"1727",172.6,25.436082,-238.067363636364,3.679
"1728",172.7,25.45466,-237.685897196262,3.679
"1729",172.8,25.4417053731343,-237.041042553192,3.67851063829787
"1730",172.9,25.4713471641791,-236.443369747899,3.67974789915966
"1731",173,25.4590053535354,-235.824962962963,3.68118518518519
"1732",173.1,25.4920188,-235.1952,3.68052
"1733",173.2,25.5140888,-234.56152,3.67996
"1734",173.3,25.5220751879699,-233.966326530612,3.679
"1735",173.4,25.5250601503759,-233.3993,3.679
"1736",173.5,25.5257598989899,-232.559210526316,3.679
"1737",173.6,25.5483094117647,-232.023735632184,3.679
"1738",173.7,25.5586208080808,-231.835261682243,3.679
"1739",173.8,25.5779304,-231.282042553192,3.67997872340425
"1740",173.9,25.5944468,-230.906747474747,3.67942424242424
"1741",174,25.6064327272727,-230.47781,3.67853
"1742",174.1,25.6293288118812,-229.946767676768,3.67953535353535
"1743",174.2,25.6450883838384,-229.519188118812,3.67946534653465
"1744",174.3,25.6452778217822,-229.07438317757,3.679
"1745",174.4,25.6385992,-228.533086021505,3.679
"1746",174.5,25.6545632835821,-228.022434343434,3.679
"1747",174.6,25.6735110447761,-227.724603960396,3.679
"1748",174.7,25.7014862626263,-227.4455,3.6795
"1749",174.8,25.7371166336634,-227.026968421053,3.67950526315789
"1750",174.9,25.7628584848485,-226.66468,3.679
"1751",175,25.7703276119403,-226.285816326531,3.6784693877551
"1752",175.1,25.7818201492537,-225.795297029703,3.67960396039604
"1753",175.2,25.782242,-225.378808080808,3.67992929292929
"1754",175.3,25.7904364,-224.951089108911,3.679
"1755",175.4,25.8276180808081,-224.38798,3.679
"1756",175.5,25.8341665671642,-224.10007,3.67953
"1757",175.6,25.8468531343284,-223.911029411765,3.67948039215686
"1758",175.7,25.8439177,-223.644789473684,3.67944736842105
"1759",175.8,25.8429046,-223.498833333333,3.68088095238095
"1760",175.9,25.8473533333333,-223.04385,3.68041
"1761",176,25.8578704950495,-222.60155,3.67847
"1762",176.1,25.8595947,-222.439592592593,3.678
"1763",176.2,25.8507833834586,-222.130913043478,3.67848913043478
"1765",176.4,25.8748972727273,-221.339836956522,3.679
"1766",176.5,25.8998201980198,-220.96852,3.679
"1767",176.6,25.9004624,-220.61012,3.679
"1768",176.7,25.8942606766917,-220.26182,3.67953
"1769",176.8,25.9066065413534,-219.942732673267,3.67947524752475
"1770",176.9,25.8996749494949,-219.617702970297,3.679
"1771",177,25.8867853465347,-219.405836734694,3.68004081632653
"1772",177.1,25.897797979798,-219.168261682243,3.68000934579439
"1773",177.2,25.9092549253731,-218.790043010753,3.679
"1774",177.3,25.8792698507463,-218.44165,3.679
"1775",177.4,25.9055956,-218.06821,3.679
"1776",177.5,25.9349779,-217.78792,3.679
"1777",177.6,25.91911,-217.66252,3.67953
"1778",177.7,25.9344153465347,-217.38646,3.68212
"1779",177.8,25.9426729,-217.054089108911,3.68190099009901
"1780",177.9,25.9283468,-216.924696969697,3.6789494949495
"1781",178,25.9315572,-216.786722689076,3.67844537815126
"1782",178.1,25.939094,-216.530625,3.679
"1783",178.2,25.9474706,-216.215059405941,3.679
"1784",178.3,25.9532966666667,-215.78247,3.679
"1785",178.4,25.9395294029851,-215.52527,3.679
"1787",178.6,26.0010482,-215.260490740741,3.68
"1788",178.7,25.9931288118812,-215.041721649485,3.68
"1789",178.8,25.9877853535354,-214.776276595745,3.67948936170213
"1790",178.9,25.9785155970149,-214.428554455446,3.67846534653465
"1791",179,25.9548961940298,-214.207737373737,3.67853535353535
"1792",179.1,25.9587165,-214.04614,3.679
"1793",179.2,25.9514911,-213.72946,3.679
"1794",179.3,25.9670529,-213.39564,3.679
"1795",179.4,25.9735167669173,-213.14058,3.679
"1797",179.6,25.9860328,-212.905911111111,3.67948888888889
"1798",179.7,25.9746456,-212.65816,3.67892
"1799",179.8,25.9684346,-212.434851485148,3.67853465346535
"1800",179.9,25.9675748,-212.266123809524,3.67849523809524
"1801",180,25.9837514,-212.060617021277,3.67851063829787
"1802",180.1,26.0001626865672,-211.8241,3.679
"1804",180.3,25.9908898,-211.24382,3.679
"1805",180.4,26.007781980198,-211.29756,3.679
"1806",180.5,26.044276969697,-211.140848484849,3.679
"1807",180.6,26.0799167164179,-211.048257425743,3.68381188118812
"1808",180.7,26.0715734328358,-210.894623762376,3.68327722772277
"1809",180.8,26.0456696,-210.711274509804,3.67950980392157
"1810",180.9,26.053952,-210.538402061856,3.67948453608247
"1811",181,26.0437866666667,-210.32874,3.679
"1812",181.1,26.0319647761194,-210.11218,3.679
"1814",181.3,26.0584326,-209.64566,3.679
"1815",181.4,26.0771604,-209.463831683168,3.679
"1816",181.5,26.0899588,-209.306696969697,3.679
"1817",181.6,26.0890796,-209.30406,3.67846
"1818",181.7,26.0687968,-209.187801980198,3.67853465346535
"1819",181.8,26.0617585148515,-208.917888888889,3.679
"1820",181.9,26.0739409,-208.732446428571,3.679
"1821",182,26.0847819,-208.647422680412,3.679
"1822",182.1,26.0664053,-208.525380434783,3.679
"1823",182.2,26.0789403,-208.23666,3.679
"1824",182.3,26.094495,-208.01872,3.679
"1825",182.4,26.0992735820896,-207.93477,3.679
"1826",182.5,26.1081754,-207.79872,3.68006
"1827",182.6,26.1098978217822,-207.64286,3.68047
"1828",182.7,26.1104641,-207.39992,3.67894
"1829",182.8,26.0980244360902,-207.29023,3.67906
"1831",183,26.1427856,-207.16198989899,3.679
"1832",183.1,26.1910152,-206.880235294118,3.679
"1833",183.2,26.1779324,-206.731306122449,3.679
"1834",183.3,26.1650854887218,-206.68394,3.679
"1835",183.4,26.1636521212121,-206.558086206897,3.679
"1836",183.5,26.1770855,-206.41011627907,3.67944186046512
"1837",183.6,26.183439,-206.234737373737,3.67947474747475
"1838",183.7,26.1928835,-206.117439252336,3.679
"1839",183.8,26.2004155,-205.989870967742,3.679
"1840",183.9,26.1819232673267,-205.8025,3.679
"1841",184,26.1877838345865,-205.650494736842,3.679
"1842",184.1,26.1967702985074,-205.525,3.679
"1843",184.2,26.2285514,-205.35836,3.679
"1844",184.3,26.2117858,-205.204009009009,3.679
"1845",184.4,26.2043516,-205.106808988764,3.679
"1846",184.5,26.2122554135338,-205.08044,3.67848
"1847",184.6,26.2042631818182,-204.971075471698,3.67849056603774
"1848",184.7,26.2241935,-204.769967741935,3.67998924731183
"1849",184.8,26.2212522772277,-204.6055,3.68
"1850",184.9,26.2003472,-204.4615,3.679
"1851",185,26.2154909774436,-204.265059405941,3.679
"1852",185.1,26.2131020895522,-204.15984,3.679
"1853",185.2,26.1792684848485,-204.0198,3.679
"1854",185.3,26.1495035,-203.882071428571,3.679
"1855",185.4,26.1728995,-203.804181818182,3.67945454545455
"1856",185.5,26.1660545,-203.62152,3.67948
"1857",185.6,26.1310145544554,-203.553232323232,3.679
"1858",185.7,26.1551716161616,-203.469920792079,3.67952475247525
"1859",185.8,26.186611980198,-203.279575757576,3.67947474747475
"1860",185.9,26.1782221212121,-203.203267326733,3.679
"1861",186,26.1749455,-203.111940594059,3.679
"1862",186.1,26.1729065,-203.027349514563,3.679
"1863",186.2,26.1825326315789,-203.0365,3.679
"1864",186.3,26.1752458823529,-202.960141414141,3.67952525252525
"1865",186.4,26.20502,-202.786801980198,3.67842574257426
"1866",186.5,26.2103046534654,-202.628696969697,3.6780505050505
"1867",186.6,26.188189,-202.451104347826,3.679
"1868",186.7,26.1793004511278,-202.311627906977,3.679
"1869",186.8,26.1901853731343,-202.247695238095,3.679
"1870",186.9,26.2377080808081,-202.0755,3.679
"1871",187,26.206494,-201.935950980392,3.679
"1872",187.1,26.196486,-201.847,3.679
"1873",187.2,26.1927131578947,-204.103090909091,3.679
"1874",187.3,26.1827688059702,-209.606244444445,3.67804444444444
"1875",187.4,26.1689360606061,-212.615940594059,3.67752475247525
"1876",187.5,26.1632984,-212.08494949495,3.67852525252525
"1877",187.6,26.1821384,-211.62322,3.67847
"1878",187.7,26.202948,-211.24333,3.67853
"1879",187.8,26.2199320792079,-210.864220183486,3.679
"1880",187.9,26.2080952631579,-210.424913043478,3.679
"1881",188,26.2269741176471,-210.110232323232,3.679
"1882",188.1,26.2085223232323,-209.92559,3.679
"1883",188.2,26.210819,-209.63425,3.679
"1884",188.3,26.2076055,-209.29795049505,3.679
"1885",188.4,26.2067652631579,-208.969161616162,3.679
"1886",188.5,26.2204788059702,-208.780285714286,3.679
"1887",188.6,26.2079394949495,-208.561647727273,3.679
"1888",188.7,26.2159064356436,-208.282623853211,3.679
"1889",188.8,26.230937,-208.107978494624,3.679
"1890",188.9,26.2269158955224,-207.719303030303,3.679
"1891",189,26.1810239393939,-207.42308,3.679
"1892",189.1,26.1924794949495,-207.23244,3.679
"1893",189.2,26.2046511881188,-207.08288,3.67952
"1894",189.3,26.218324040404,-206.958747474747,3.68105050505051
"1895",189.4,26.2410245544554,-206.782336633663,3.6809504950495
"1896",189.5,26.2359205,-206.566505050505,3.68
"1897",189.6,26.2356195,-206.28766,3.67947
"1898",189.7,26.2549625,-206.13686,3.679
"1899",189.8,26.2541143434343,-205.94781,3.679
"1900",189.9,26.2703861386139,-205.68046,3.679
"1901",190,26.2530823232323,-205.55892,3.679
"1902",190.1,26.2510941791045,-205.38404950495,3.679
"1903",190.2,26.2465613432836,-205.254,3.67992857142857
"1904",190.3,26.2734360606061,-205.101643678161,3.68008045977012
"1905",190.4,26.2683958823529,-204.84511,3.679
"1906",190.5,26.2537345454545,-204.65503960396,3.67952475247525
"1907",190.6,26.2468255223881,-204.435929292929,3.67947474747475
"1908",190.7,26.2358539393939,-204.28702970297,3.679
"1909",190.8,26.2465365,-204.193551401869,3.679
"1910",190.9,26.2359133663366,-204.087021276596,3.679
"1911",191,26.2536453535353,-203.837333333333,3.679
"1912",191.1,26.3023297761194,-203.633131313131,3.679
"1913",191.2,26.2962995454545,-203.64835,3.68059
"1914",191.3,26.294836,-203.49743,3.68041
"1915",191.4,26.3798765,-203.25722,3.67953
"1916",191.5,26.4085639393939,-203.112465346535,3.6789504950495
"1917",191.6,26.3907948,-202.983525252525,3.67852525252525
"1918",191.7,26.3952854455446,-202.799514851485,3.679
"1919",191.8,26.4234265909091,-202.618797979798,3.679
"1920",191.9,26.4251545588235,-202.477742574257,3.679
"1921",192,26.4188119191919,-202.364484848485,3.679
"1922",192.1,26.3876500990099,-202.33865,3.67847
"1923",192.2,26.3694185858586,-202.25885,3.68065
"1924",192.3,26.3949226666667,-202.153384615385,3.68118803418803
"1925",192.4,26.4059971212121,-201.973,3.67942857142857
"1926",192.5,26.4032935,-201.78292,3.67948
"1927",192.6,26.3991105940594,-201.71756,3.679
"1928",192.7,26.4170071717172,-201.48636,3.679
"1929",192.8,26.4192459701493,-201.28748,3.679
"1930",192.9,26.4201327272727,-201.282515151515,3.679
"1931",193,26.435974,-201.210247524753,3.679
"1932",193.1,26.436104,-201.076782178218,3.6779702970297
"1933",193.2,26.4300723232323,-200.999909090909,3.67751515151515
"1934",193.3,26.459,-200.8636,3.678
"1935",193.4,26.4649384,-200.69148,3.67852
"1936",193.5,26.4591408,-200.5852,3.679
"1937",193.6,26.4634892,-200.502525252525,3.679
"1938",193.7,26.447984,-200.397227722772,3.679
"1939",193.8,26.4389212,-200.27952,3.679
"1940",193.9,26.4351536363636,-200.197414141414,3.679
"1941",194,26.4368745522388,-200.086217821782,3.679
"1942",194.1,26.4285567164179,-199.94576,3.67692
"1943",194.2,26.4274092,-199.90292,3.67656
"1944",194.3,26.4332582352941,-199.763828282828,3.67852525252525
"1945",194.4,26.4602966666667,-199.54367,3.679
"1946",194.5,26.4474329850746,-199.47701,3.679
"1947",194.6,26.4247859090909,-199.32017,3.679
"1948",194.7,26.4392395,-198.976168316832,3.679
"1949",194.8,26.4377695,-198.9634,3.679
"1950",194.9,26.4373701010101,-199.107,3.679
"1951",195,26.4348543283582,-198.976898305085,3.67859322033898
"1952",195.1,26.4528196969697,-198.890188118812,3.67857425742574
"1953",195.2,26.4347032,-198.81384,3.67948
"1954",195.3,26.46058,-198.6416,3.679
"1955",195.4,26.4480102020202,-198.54508,3.679
"1956",195.5,26.4268563366337,-198.44072,3.679
"1957",195.6,26.4274846,-198.31792,3.679
"1958",195.7,26.419503358209,-198.19616,3.679
"1959",195.8,26.3959185074627,-198.11924,3.679
"1960",195.9,26.4087088,-197.930373737374,3.679
"1961",196,26.428,-197.81244,3.67847
"1962",196.1,26.4241854545455,-197.864910891089,3.67957425742574
"1963",196.2,26.4365714179104,-197.741252525252,3.67994949494949
"1964",196.3,26.4423263636364,-197.54034,3.67794
"1965",196.4,26.4345286,-197.47611,3.67806
"1966",196.5,26.4245146534653,-197.433792079208,3.679
"1967",196.6,26.4240964,-197.17304040404,3.679
"1968",196.7,26.425865037594,-197.08307,3.679
"1969",196.8,26.40846,-197.0482,3.679
"1970",196.9,26.4110737,-196.92494,3.679
"1971",197,26.4176785,-196.891465346535,3.68057425742574
"1972",197.1,26.4314206,-196.82092,3.68096
"1973",197.2,26.4290837593985,-196.74556,3.67844
"1974",197.3,26.4409214925373,-196.655323232323,3.6780505050505
"1975",197.4,26.4416874747475,-196.56843,3.679
"1976",197.5,26.4145402,-196.57045,3.679
"1977",197.6,26.405929,-196.51832,3.679
"1978",197.7,26.4205938,-196.40631,3.679
"1979",197.8,26.4090248514851,-196.272235294118,3.679
"1980",197.9,26.41621,-196.154757575758,3.67951515151515
"1981",198,26.4217228358209,-196.137828282828,3.6789494949495
"1982",198.1,26.4205828,-196.04966,3.67853
"1983",198.2,26.4367876237624,-195.97395,3.67794
"1984",198.3,26.441302,-195.93542,3.67806
"1985",198.4,26.4201301503759,-195.89818,3.679
"1986",198.5,26.4359268181818,-195.864644628099,3.679
"1987",198.6,26.4177609,-195.7624,3.679
"1988",198.7,26.4273417,-195.74348,3.67848
"1989",198.8,26.4318747,-195.70002970297,3.67851485148515
"1990",198.9,26.4244770676692,-195.65296969697,3.679
"1991",199,26.4313087878788,-195.64748,3.67848
"1992",199.1,26.4298878,-195.523888888889,3.678
"1993",199.2,26.4271594,-195.491852941176,3.67851960784314
"1994",199.3,26.4395436,-195.394718181818,3.679
"1995",199.4,26.4400216,-195.256898876404,3.679
"1996",199.5,26.4375279207921,-195.12588,3.679
"1997",199.6,26.4161870676692,-195.0586,3.679
"1998",199.7,26.4043301492537,-195.080555555556,3.679
"1999",199.8,26.4110293069307,-194.954792079208,3.679
"2000",199.9,26.4205132,-194.894484848485,3.6800505050505
"2001",200,26.4016864,-194.88544,3.67994
"2002",200.1,26.3851593984962,-194.769693069307,3.679
"2003",200.2,26.3975259090909,-194.678595959596,3.67952525252525
"2004",200.3,26.4144446464646,-194.570772277228,3.67947524752475
"2005",200.4,26.4301037623762,-194.467919191919,3.679
"2006",200.5,26.4398961,-194.37167,3.679
"2007",200.6,26.4161118045113,-194.36066,3.679
"2008",200.7,26.4318825373134,-194.35122,3.67847
"2009",200.8,26.4026968686869,-194.279009803922,3.67903921568627
"2010",200.9,26.4054808,-194.19206122449,3.68
"2011",201,26.4115984,-194.195225490196,3.67948039215686
"2012",201.1,26.4059442857143,-194.096636363636,3.679
"2013",201.2,26.4040411940298,-193.998663366337,3.679
"2014",201.3,26.3944767676768,-193.93927,3.679
"2015",201.4,26.380169009901,-193.848053097345,3.679
"2016",201.5,26.3950035353535,-193.753379310345,3.679
"2017",201.6,26.3978094,-193.62646,3.679
"2018",201.7,26.3888220792079,-193.57811,3.67849
"2019",201.8,26.4185052238806,-193.520962616822,3.67942990654206
"2020",201.9,26.4488992537313,-193.459376237624,3.68012871287129
"2021",202,26.450038,-193.353604395604,3.67947252747253
"2022",202.1,26.472884950495,-193.285366336634,3.67948514851485
"2023",202.2,26.463372,-193.313909090909,3.679
"2024",202.3,26.4668018181818,-193.309653465347,3.679
"2025",202.4,26.4778892537313,-193.086696969697,3.679
"2026",202.5,26.4663587878788,-192.9386,3.679
"2027",202.6,26.4753866,-192.90872,3.679
"2028",202.7,26.4801814,-192.88948,3.67848
"2029",202.8,26.4944142857143,-192.871495049505,3.67954455445545
"2030",202.9,26.5005813432836,-192.90753,3.67998
"2031",203,26.4944774747475,-192.90037,3.679
"2032",203.1,26.4782786,-192.79349,3.67849
"2033",203.2,26.4751368,-192.71187,3.67851
"2034",203.3,26.4836769306931,-192.580366071429,3.679
"2035",203.4,26.4801454455446,-192.457587628866,3.679
"2036",203.5,26.4783480451128,-192.399538461538,3.679
"2037",203.6,26.4997980597015,-192.33855,3.67849
"2038",203.7,26.4825482,-192.31856,3.67851
"2039",203.8,26.468855959596,-192.198534653465,3.67849504950495
"2040",203.9,26.4477662,-192.113734693878,3.67851020408163
"2041",204,26.4560214285714,-192.145079207921,3.67848514851485
"2042",204.1,26.4684365671642,-192.07373,3.67851
"2043",204.2,26.4473770707071,-191.93702,3.679
"2044",204.3,26.4410754455446,-191.896741071429,3.679
"2045",204.4,26.439082,-191.85604494382,3.679
"2046",204.5,26.4389971428571,-191.801183673469,3.679
"2047",204.6,26.4596892537313,-191.67792,3.679
"2048",204.7,26.4310406060606,-191.6,3.6795
"2049",204.8,26.4487476470588,-191.628,3.679
"2050",204.9,26.4595021212121,-191.559147540984,3.6784262295082
"2051",205,26.44481,-191.462556962025,3.67937974683544
"2052",205.1,26.454662238806,-191.40723,3.67949
"2053",205.2,26.4385463636364,-191.39145,3.679
"2054",205.3,26.4507033,-191.338,3.679
"2055",205.4,26.4320063636364,-191.274060606061,3.679
"2056",205.5,26.434398,-191.243524752475,3.679
"2057",205.6,26.4322073267327,-191.21203030303,3.679
"2058",205.7,26.430617443609,-191.218108910891,3.6779702970297
"2059",205.8,26.4371979411765,-191.18397029703,3.6780099009901
"2060",205.9,26.4351411111111,-191.0795,3.6785
"2061",206,26.4378446534654,-190.975474747475,3.67850505050505
"2062",206.1,26.4105286,-190.928121212121,3.679
"2063",206.2,26.3978228571429,-190.86752,3.679
"2064",206.3,26.3978382089552,-190.79448,3.679
"2065",206.4,26.3867068686869,-190.774277227723,3.679
"2066",206.5,26.3894132673267,-190.684060606061,3.679
"2067",206.6,26.4102828282828,-190.62732,3.68004
"2068",206.7,26.3866263157895,-190.68704,3.67892
"2069",206.8,26.3726695522388,-190.675089108911,3.6780297029703
"2070",206.9,26.3896454545455,-190.490424242424,3.679
"2071",207,26.3829376237624,-190.3834,3.679
"2072",207.1,26.3836051515152,-190.437565656566,3.679
"2073",207.2,26.371762,-190.388672566372,3.679
"2074",207.3,26.3697462376238,-190.285747126437,3.679
"2075",207.4,26.3744578947368,-190.213900990099,3.679
"2076",207.5,26.377875,-190.126707070707,3.679
"2077",207.6,26.386493030303,-190.1513,3.67953
"2078",207.7,26.3967457,-190.10548,3.67947
"2079",207.8,26.4064738,-190.063603960396,3.679
"2080",207.9,26.394935112782,-190.03848,3.67952
"2081",208,26.3910105970149,-189.96916,3.67948
"2082",208.1,26.4338245454545,-189.89652,3.679
"2083",208.2,26.4401521782178,-189.906333333333,3.679
"2084",208.3,26.4295047,-189.923973451327,3.679
"2085",208.4,26.4060999253731,-189.884363636364,3.67854545454545
"2086",208.5,26.3995054545455,-189.828330097087,3.67850485436893
"2087",208.6,26.4113173,-189.777175257732,3.68001030927835
"2088",208.7,26.4390066,-189.786909090909,3.67958181818182
"2089",208.8,26.4341448484848,-189.705723404255,3.67755319148936
"2090",208.9,26.4164002985075,-189.606915789474,3.67750526315789
"2091",209,26.3890809090909,-189.57696039604,3.67852475247525
"2092",209.1,26.384738,-189.491343434343,3.679
"2093",209.2,26.399418,-189.425178217822,3.679
"2094",209.3,26.4111729292929,-189.425828282828,3.679
"2095",209.4,26.4099716831683,-189.36734,3.679
"2096",209.5,26.405208,-189.27078,3.679
"2097",209.6,26.4040756716418,-189.24183,3.67741
"2098",209.7,26.4183437313433,-189.259069306931,3.67757425742574
"2099",209.8,26.426519,-189.143414141414,3.679
"2100",209.9,26.4206106930693,-189.05974,3.679
"2101",210,26.4119638383838,-189.04725,3.679
"2102",210.1,26.4159901492537,-189.05016,3.679
"2103",210.2,26.4395881818182,-189.032049504951,3.679
"2104",210.3,26.4651272,-188.928438596491,3.679
"2105",210.4,26.4726625,-188.833729411765,3.679
"2106",210.5,26.48143,-188.805247524752,3.68162376237624
"2107",210.6,26.4710747761194,-188.789515151515,3.68084848484849
"2108",210.7,26.4378854545455,-188.74026,3.67747
"2109",210.8,26.431728,-188.666821782178,3.6780495049505
"2110",210.9,26.445804,-188.633929292929,3.679
"2111",211,26.4491341414141,-188.56144,3.679
"2112",211.1,26.4303846534653,-188.422306930693,3.679
"2113",211.2,26.445414,-188.364714285714,3.679
"2114",211.3,26.4690193984962,-188.355666666667,3.67854022988506
"2115",211.4,26.4664851470588,-188.33205,3.67747
"2116",211.5,26.4460896969697,-188.29956,3.68018
"2117",211.6,26.4255437623762,-188.240267326733,3.68090099009901
"2118",211.7,26.4302687878788,-188.182287128713,3.679
"2119",211.8,26.4495153731343,-188.1335,3.67849
"2120",211.9,26.4573381818182,-188.093271028037,3.67847663551402
"2121",212,26.426316,-188.022666666667,3.679
"2122",212.1,26.438862970297,-187.887032608696,3.679
"2123",212.2,26.4628672727273,-187.82825,3.679
"2124",212.3,26.4719063366337,-187.900709090909,3.679
"2125",212.4,26.4938163,-187.868659340659,3.67805494505494
"2126",212.5,26.5124649,-187.78964,3.67804
"2127",212.6,26.5374407,-187.747495049505,3.679
"2128",212.7,26.5344731,-187.617606060606,3.679
"2129",212.8,26.5112327272727,-187.565752475248,3.679
"2130",212.9,26.5009433333333,-187.5332,3.67849
"2131",213,26.5199523,-187.532121212121,3.67851515151515
"2132",213.1,26.508028,-187.5108,3.679
"2133",213.2,26.5012303,-187.432692307692,3.679
"2134",213.3,26.5162758,-187.486060606061,3.6779696969697
"2135",213.4,26.513048,-187.50997979798,3.67857575757576
"2136",213.5,26.5197324626866,-187.452643478261,3.67953913043478
"2137",213.6,26.5040692537314,-187.409882352941,3.67855294117647
"2138",213.7,26.502552,-187.33359,3.678
"2139",213.8,26.5236900990099,-187.235,3.67852475247525
"2140",213.9,26.5316398,-187.128696969697,3.679
"2141",214,26.5339119548872,-186.95463,3.679
"2142",214.1,26.5226709090909,-186.85972,3.67847
"2143",214.2,26.531096,-186.926099009901,3.678
"2144",214.3,26.529084,-186.941504950495,3.678
"2145",214.4,26.49774,-186.83964,3.67902
"2146",214.5,26.45438,-186.793816326531,3.67947959183673
"2147",214.6,26.446092,-186.869148514851,3.679
"2148",214.7,26.447902,-186.851524752475,3.679
"2149",214.8,26.44384,-186.7309,3.679
"2150",214.9,26.430752,-186.619303030303,3.67848484848485
"2151",215,26.406194,-186.428564356436,3.67851485148515
"2152",215.1,26.41001,-186.415530612245,3.679
"2153",215.2,26.4317254887218,-186.572546296296,3.679
"2154",215.3,26.419841641791,-186.626436170213,3.67995744680851
"2155",215.4,26.407626,-186.65911,3.67947
"2156",215.5,26.433062,-186.69461,3.67851
"2157",215.6,26.456476,-186.581515151515,3.67848484848485
"2158",215.7,26.4578112030075,-186.4752,3.678
"2159",215.8,26.4690801492537,-186.471333333333,3.67850980392157
"2160",215.9,26.4920473737374,-186.230857142857,3.679
"2161",216,26.4825547524752,-186.162424242424,3.679
"2162",216.1,26.486814,-186.268415841584,3.67847524752475
"2163",216.2,26.513635112782,-186.24424,3.67748
"2164",216.3,26.5133107462687,-186.316415841584,3.67648514851485
"2165",216.4,26.5037165656566,-186.345,3.6775
"2166",216.5,26.5015266,-186.26837,3.679
"2167",216.6,26.5045552,-186.169,3.679
"2168",216.7,26.4980861,-186.13185,3.67849
"2169",216.8,26.4751359405941,-186.139943925234,3.67847663551402
"2170",216.9,26.4918936363636,-186.089311827957,3.679
"2171",217,26.494123,-186.01799,3.679
"2172",217.1,26.4809716,-185.984420560748,3.679
"2173",217.2,26.4797905,-185.916010989011,3.67851648351648
"2174",217.3,26.484593,-185.824138613861,3.67852475247525
"2175",217.4,26.4915357894737,-185.789762376238,3.67848514851485
"2176",217.5,26.5268082352941,-185.800734693878,3.678
"2177",217.6,26.5294806060606,-185.75387,3.678
"2178",217.7,26.5465026732673,-185.671019607843,3.67851960784314
"2179",217.8,26.548998,-185.367394736842,3.67855263157895
"2180",217.9,26.5541039097744,-185.247964285714,3.678
"2181",218,26.5604153731343,-185.54666,3.678
"2182",218.1,26.5547061616162,-185.43563,3.67853
"2183",218.2,26.5706145,-185.373205882353,3.68211764705882
"2184",218.3,26.575235,-185.392782178218,3.6819702970297
"2185",218.4,26.5691329,-185.291202020202,3.679
"2186",218.5,26.5505015841584,-185.181575757576,3.67848484848485
"2187",218.6,26.5615387878788,-185.156633663366,3.67851485148515
"2188",218.7,26.5676037,-185.02024,3.679
"2189",218.8,26.5616082,-185.009722772277,3.67849504950495
"2190",218.9,26.5752079,-185.052202020202,3.678
"2191",219,26.5754145,-184.945666666667,3.67840476190476
"2192",219.1,26.5619866666667,-184.875333333333,3.67866666666667
"2193",219.2,26.5588194117647,-184.81901010101,3.67850505050505
"2194",219.3,26.5414142424242,-184.899,3.6785
"2195",219.4,26.5335717,-184.929494949495,3.67849494949495
"2196",219.5,26.548295,-184.870909090909,3.67849494949495
"2197",219.6,26.5645198496241,-184.76969,3.67851
"2198",219.7,26.5575608955224,-184.71976,3.679
"2199",219.8,26.5487857575758,-184.659636363636,3.67848484848485
"2200",219.9,26.54068,-184.584823529412,3.678
"2201",220,26.5349476767677,-184.544269230769,3.67848076923077
"2202",220.1,26.534054,-184.430638297872,3.68095744680851
"2203",220.2,26.5370321782178,-184.3725,3.68
"2204",220.3,26.524306,-184.356,3.678
"2205",220.4,26.52319,-184.389392156863,3.679
"2206",220.5,26.5223066666667,-184.415313131313,3.67849494949495
"2207",220.6,26.5213127,-184.36028,3.678
"2208",220.7,26.5090577,-184.241683168317,3.678
"2209",220.8,26.5097723,-184.186262626263,3.678
"2210",220.9,26.5175693,-184.218564356436,3.678
"2211",221,26.5182034343434,-184.212,3.6785
"2212",221.1,26.4961354455446,-184.199,3.67797959183673
"2213",221.2,26.4970486868687,-184.190762376238,3.67751485148515
"2214",221.3,26.5049052631579,-184.15801,3.678
"2215",221.4,26.5075555882353,-184.142242424242,3.678
"2216",221.5,26.5143336363636,-184.10424,3.678
"2217",221.6,26.511994950495,-184.054277227723,3.678
"2218",221.7,26.4932198,-183.84249,3.67851
"2219",221.8,26.5077037593985,-183.71689,3.679
"2220",221.9,26.4802585074627,-183.824129310345,3.679
"2221",222,26.477516969697,-183.918891304348,3.679
"2222",222.1,26.4816835643564,-183.926565217391,3.67946739130435
"2223",222.2,26.4809045454545,-183.82497,3.67898
"2224",222.3,26.4638674,-183.809818181818,3.678
"2225",222.4,26.4307407920792,-183.70003960396,3.678
"2226",222.5,26.437475959596,-183.580303030303,3.678
"2227",222.6,26.4879857425743,-183.5272,3.678
"2228",222.7,26.4943196969697,-183.462376237624,3.67851485148515
"2229",222.8,26.4753888118812,-183.50167,3.67849
"2230",222.9,26.4637572727273,-183.56206,3.67851
"2231",223,26.4603878,-183.54256,3.68104
"2232",223.1,26.4711194,-183.538515151515,3.68042424242424
"2233",223.2,26.4643688,-183.491336448598,3.67848598130841
"2234",223.3,26.4527,-183.451096774194,3.67851612903226
"2235",223.4,26.4420463636364,-183.464554455446,3.678
"2236",223.5,26.442095,-183.4092,3.678
"2237",223.6,26.4643395522388,-183.288606060606,3.678
"2238",223.7,26.4585196,-183.165148514851,3.678
"2239",223.8,26.4602400990099,-183.152457943925,3.67847663551402
"2240",223.9,26.4482402020202,-183.170440860215,3.679
"2241",224,26.4580312871287,-183.154060606061,3.67951515151515
"2242",224.1,26.4992437,-183.150851485149,3.6789702970297
"2243",224.2,26.4804289,-183.169696969697,3.678
"2244",224.3,26.4466585,-183.103445544554,3.678
"2245",224.4,26.4538535,-182.98022,3.678
"2246",224.5,26.4862581,-182.891,3.678
"2247",224.6,26.4862481818182,-182.89759,3.678
"2248",224.7,26.459277,-182.942242424242,3.678
"2249",224.8,26.4654654,-182.870673267327,3.678
"2250",224.9,26.4758564,-182.79296969697,3.6790303030303
"2251",225,26.4640494,-182.79504950495,3.67948514851485
"2252",225.1,26.4573466666667,-182.827262711864,3.679
"2253",225.2,26.4347794029851,-182.813804878049,3.67940243902439
"2254",225.3,26.4410273134328,-182.700575757576,3.6789696969697
"2255",225.4,26.4727066,-182.643633663366,3.678
"2256",225.5,26.4626798019802,-182.54297029703,3.678
"2257",225.6,26.4594548484848,-182.508181818182,3.67850505050505
"2258",225.7,26.4634594029851,-182.538138613861,3.67849504950495
"2259",225.8,26.4611284848485,-182.50503030303,3.67850505050505
"2260",225.9,26.462431,-182.479151515152,3.6779696969697
"2261",226,26.456402,-182.458178217822,3.67751485148515
"2262",226.1,26.4459963636364,-182.57824,3.67851
"2263",226.2,26.4462623762376,-182.553545454545,3.67853636363636
"2264",226.3,26.4517302,-182.335588888889,3.678
"2265",226.4,26.4330392,-182.333121212121,3.678
"2266",226.5,26.4281716,-182.27828,3.678
"2267",226.6,26.4390582,-182.13276,3.678
"2268",226.7,26.4429162,-182.07362962963,3.678
"2269",226.8,26.4577609090909,-182.042435643564,3.67843564356436
"2270",226.9,26.4290107,-182.063806451613,3.68131182795699
"2271",227,26.4117095,-182.112242424242,3.6809696969697
"2272",227.1,26.4332584,-182.099424242424,3.6790303030303
"2273",227.2,26.4515099,-181.974900990099,3.67948514851485
"2274",227.3,26.4528914,-181.84359,3.67849
"2275",227.4,26.4280284962406,-181.846465346535,3.678
"2276",227.5,26.4380314925373,-181.8805,3.678
"2277",227.6,26.4363282,-181.8675,3.6785
"2278",227.7,26.4339784158416,-181.9,3.6785
"2279",227.8,26.4049836,-181.87,3.68
"2280",227.9,26.418658,-181.754619047619,3.68104761904762
"2281",228,26.4190816,-181.739326732673,3.67910891089109
"2282",228.1,26.4120568,-181.761247311828,3.67752688172043
"2283",228.2,26.424762,-181.74383,3.67751
"2284",228.3,26.4208196,-181.718787878788,3.678
"2285",228.4,26.384904,-181.650138613861,3.678
"2286",228.5,26.3800163636364,-181.640966942149,3.678
"2287",228.6,26.3823465,-181.639278481013,3.678
"2288",228.7,26.389211,-181.613183486239,3.678
"2289",228.8,26.4004913,-181.597153846154,3.67846153846154
"2290",228.9,26.4064819,-181.477762376238,3.67849504950495
"2291",229,26.3997858,-181.4545,3.678
"2292",229.1,26.4063533082707,-181.504489795918,3.678
"2293",229.2,26.387358358209,-181.547247524752,3.678
"2294",229.3,26.3869851,-181.52578,3.678
"2295",229.4,26.375079009901,-180.95498,3.678
"2296",229.5,26.3765176,-180.937643564356,3.678
"2297",229.6,26.3834705263158,-181.399,3.678
"2298",229.7,26.4093431818182,-181.385393939394,3.67749494949495
"2299",229.8,26.4127172,-181.33063,3.677
"2300",229.9,26.395501,-181.338495049505,3.67750495049505
"2301",230,26.3837491,-181.377393939394,3.678
"2302",230.1,26.3810993,-181.274272727273,3.678
"2303",230.2,26.4014292,-181.1662,3.678
"2304",230.3,26.4203613,-181.154754385965,3.678
"2305",230.4,26.4215859,-181.130367816092,3.678
"2306",230.5,26.4209722,-181.027242424242,3.678
"2307",230.6,26.4348134,-180.897588235294,3.67850980392157
"2308",230.7,26.4402477,-180.894171717172,3.679
"2309",230.8,26.4561924242424,-180.96663,3.67951
"2310",230.9,26.4612466336634,-180.98269,3.67949
"2311",231,26.4677206060606,-180.94865,3.679
"2312",231.1,26.4481824,-180.93097,3.67849
"2313",231.2,26.4211196,-180.927742574257,3.678
"2314",231.3,26.4213249253731,-180.855571428571,3.678
"2315",231.4,26.4177967647059,-180.76732,3.678
"2316",231.5,26.4320609090909,-180.70932,3.678
"2317",231.6,26.4437084158416,-180.74032,3.67852
"2318",231.7,26.4371694,-180.77308,3.67744
"2319",231.8,26.4309482,-180.72901980198,3.6770297029703
"2320",231.9,26.4388422772277,-180.67558,3.678
"2321",232,26.4497292929293,-180.611069306931,3.67749504950495
"2322",232.1,26.4339694,-180.549313131313,3.67750505050505
"2323",232.2,26.4149082,-180.53967,3.678
"2324",232.3,26.4315496969697,-180.46895,3.678
"2325",232.4,26.4498524,-180.5103,3.67851
"2326",232.5,26.4392075757576,-180.4904,3.67849
"2327",232.6,26.4327828,-180.423787878788,3.6769696969697
"2328",232.7,26.435802,-180.43002970297,3.6780594059406
"2329",232.8,26.4359508,-180.37282,3.67898
"2330",232.9,26.4467468,-180.36502,3.67851
"2331",233,26.4622128571429,-180.315504950495,3.67849504950495
"2332",233.1,26.447217761194,-180.256306122449,3.678
"2333",233.2,26.4622536,-180.195,3.678
"2334",233.3,26.4546447058824,-180.202575757576,3.678
"2335",233.4,26.4306638,-180.17026,3.678
"2336",233.5,26.4017184210526,-180.082782608696,3.67844347826087
"2337",233.6,26.3795876119403,-180.16288372093,3.67816279069767
"2338",233.7,26.4225106060606,-180.2305,3.678
"2339",233.8,26.4389493,-180.216333333333,3.679
"2340",233.9,26.4445302,-180.22758,3.679
"2341",234,26.4346706,-180.10802970297,3.67849504950495
"2342",234.1,26.431014950495,-180.040797979798,3.678
"2343",234.2,26.429453030303,-180.067681818182,3.678
"2344",234.3,26.4430971717172,-180.039202247191,3.678
"2345",234.4,26.466612,-179.976564356436,3.678
"2346",234.5,26.4654916,-179.967921052632,3.67844736842105
"2347",234.6,26.4292608,-179.99973255814,3.67813953488372
"2348",234.7,26.4236777777778,-179.948818181818,3.6780303030303
"2349",234.8,26.4346782178218,-179.851752475248,3.6779702970297
"2350",234.9,26.43118,-179.848090909091,3.67751515151515
"2351",235,26.4518095,-179.84088,3.678
"2352",235.1,26.444499,-179.700810810811,3.678
"2353",235.2,26.4306310526316,-179.605808988764,3.678
"2354",235.3,26.4511894117647,-179.568762376238,3.678
"2355",235.4,26.4519822222222,-179.60125,3.678
"2356",235.5,26.4490000990099,-179.641513513514,3.678
"2357",235.6,26.4345216,-179.654956521739,3.67713043478261
"2358",235.7,26.4240684,-179.661673469388,3.6774693877551
"2359",235.8,26.4285561386139,-179.555777777778,3.679
"2360",235.9,26.4393598989899,-179.527260869565,3.67854347826087
"2361",236,26.4387458415842,-179.487366336634,3.678
"2362",236.1,26.437005050505,-179.434656565657,3.678
"2363",236.2,26.4380568,-179.137811881188,3.678
"2364",236.3,26.4471244,-179.143,3.678
"2365",236.4,26.45529,-179.41154,3.678
"2366",236.5,26.4759335643564,-179.37829,3.678
"2367",236.6,26.4892322222222,-179.48734,3.67851
"2368",236.7,26.4983395,-179.553524752475,3.6779900990099
"2369",236.8,26.4969,-179.4225,3.677
"2370",236.9,26.486604962406,-179.285464646465,3.67750505050505
"2371",237,26.48188,-179.216841584158,3.678
"2372",237.1,26.4760044444444,-179.237868686869,3.678
"2373",237.2,26.4688996039604,-179.350752475248,3.678
"2374",237.3,26.4630152,-179.284080808081,3.678
"2375",237.4,26.4598431578947,-179.17713,3.678
"2376",237.5,26.4891852238806,-179.178207920792,3.6800198019802
"2377",237.6,26.5031944444444,-179.185,3.68
"2378",237.7,26.485958,-179.180595959596,3.67850505050505
"2379",237.8,26.488742,-179.065,3.678
"2380",237.9,26.4769945,-179.021171717172,3.67749494949495
"2381",238,26.4655307920792,-179.008455445545,3.678
"2382",238.1,26.4783966666667,-178.86597979798,3.678
"2383",238.2,26.4819671287129,-178.831636363636,3.678
"2384",238.3,26.4761688888889,-178.88788,3.678
"2385",238.4,26.480707,-178.933,3.67749504950495
"2386",238.5,26.494408,-178.929,3.678
"2387",238.6,26.4751254545455,-178.887,3.679
"2388",238.7,26.4805671287129,-178.923,3.6785
"2389",238.8,26.4977436363636,-178.934878787879,3.678
"2390",238.9,26.4767601980198,-178.888040322581,3.678
"2391",239,26.4713209090909,-178.807142857143,3.678
"2392",239.1,26.4788164179104,-178.684343434343,3.678
"2393",239.2,26.4870271641791,-178.71327027027,3.678
"2394",239.3,26.4899236363636,-178.771444444444,3.678
"2395",239.4,26.4576435294118,-178.721761904762,3.67895238095238
"2396",239.5,26.4622155555556,-178.724875,3.6790625
"2397",239.6,26.459615,-178.67864,3.678
"2398",239.7,26.4733030693069,-178.608,3.677
"2399",239.8,26.4777888,-178.58632,3.67702
"2400",239.9,26.488824,-178.56681,3.678
"2401",240,26.4768355555556,-178.574405940594,3.678
"2402",240.1,26.4630555,-178.570050505051,3.678
"2403",240.2,26.4805095,-178.567910891089,3.678
"2404",240.3,26.491235,-178.6285,3.6785
"2405",240.4,26.4754745,-178.609881188119,3.67850495049505
"2406",240.5,26.4533036363636,-178.459,3.6785
"2407",240.6,26.4485532,-178.355584158416,3.679
"2408",240.7,26.4423358,-178.3995,3.6785
"2409",240.8,26.4475396240601,-178.3445,3.678
"2410",240.9,26.4626077941176,-178.3245,3.678
"2411",241,26.4598190909091,-178.313867924528,3.678
"2412",241.1,26.4413820792079,-178.209425531915,3.678
"2413",241.2,26.459791,-178.1565,3.6785
"2414",241.3,26.475167368421,-178.124555555556,3.679
"2415",241.4,26.4604755223881,-178.105762376238,3.67849504950495
"2416",241.5,26.4664254545455,-178.05,3.6775
"2417",241.6,26.4820596039604,-177.99323364486,3.67746728971963
"2418",241.7,26.48677,-177.963130434783,3.678
"2419",241.8,26.484554,-178.010485148515,3.678
"2420",241.9,26.483307029703,-178.0225,3.678
"2421",242,26.4732645454545,-177.97223853211,3.678
"2422",242.1,26.4741812871287,-177.874901098901,3.678
"2423",242.2,26.4804281818182,-177.818346938776,3.678
"2424",242.3,26.4835567326733,-177.929534653465,3.68160396039604
"2425",242.4,26.4992845454545,-178.00722,3.68143
"2426",242.5,26.5051222,-177.954376237624,3.678
"2427",242.6,26.491412,-177.880613861386,3.67849504950495
"2428",242.7,26.4904726,-177.906,3.6785
"2429",242.8,26.4920818,-177.886445544554,3.678
"2430",242.9,26.5038509090909,-177.5715,3.678
"2431",243,26.5116108955224,-177.51301010101,3.678
"2432",243.1,26.5277140298507,-177.70337,3.678
"2433",243.2,26.5227206,-177.63121,3.67851
"2434",243.3,26.5021628712871,-177.661415841584,3.679
"2435",243.4,26.4955681818182,-177.7175,3.6785
"2436",243.5,26.498472970297,-177.6805,3.6785
"2437",243.6,26.4918595,-177.638433962264,3.67852830188679
"2438",243.7,26.489174,-177.56585106383,3.678
"2439",243.8,26.526622,-177.5015,3.678
"2440",243.9,26.5455236363636,-177.437696969697,3.678
"2441",244,26.5536077227723,-177.44421,3.678
"2442",244.1,26.5500890909091,-177.46829,3.678
"2443",244.2,26.517695,-177.468099009901,3.67850495049505
"2444",244.3,26.514478,-177.4155,3.678
"2445",244.4,26.5302894,-177.402494949495,3.67750505050505
"2446",244.5,26.5370834,-177.36226,3.678
"2447",244.6,26.5155754545455,-177.278514851485,3.678
"2448",244.7,26.5039490298507,-177.257,3.678
"2449",244.8,26.5120379104478,-177.275414141414,3.678
"2450",244.9,26.5202828,-177.30733,3.678
"2451",245,26.5256858,-177.299,3.678
"2452",245.1,26.5282283838384,-177.237,3.678
"2453",245.2,26.5254969402985,-177.190909090909,3.678
"2454",245.3,26.5304166666667,-177.203777777778,3.67844444444444
"2455",245.4,26.518353,-177.153070707071,3.679
"2456",245.5,26.5302858415842,-177.14364,3.67849
"2457",245.6,26.5326164646465,-177.186108910891,3.678
"2458",245.7,26.5232803960396,-177.067202020202,3.678
"2459",245.8,26.5147828,-176.94102,3.678
"2460",245.9,26.5083986,-176.981891089109,3.678
"2461",246,26.503732,-177.038171717172,3.678
"2462",246.1,26.4758376,-177.061059405941,3.67749504950495
"2463",246.2,26.4648156,-177.099828282828,3.6800303030303
"2464",246.3,26.4707047474747,-177.11603030303,3.68042424242424
"2465",246.4,26.4713839,-177.034069306931,3.678
"2466",246.5,26.4800085,-176.95111,3.678
"2467",246.6,26.4833067,-176.85907,3.678
"2468",246.7,26.4804309,-176.787454545455,3.678
"2469",246.8,26.4697904,-176.715137254902,3.678
"2470",246.9,26.4677004511278,-176.704070707071,3.678
"2471",247,26.486948358209,-176.832712871287,3.678
"2472",247.1,26.4724021,-176.7975,3.6775
"2473",247.2,26.4930033663366,-176.7025,3.678
"2474",247.3,26.489374,-176.75894949495,3.6779898989899
"2475",247.4,26.4576836,-176.805707964602,3.677
"2476",247.5,26.4759588,-176.793022727273,3.67743181818182
"2477",247.6,26.480835,-176.784121212121,3.678
"2478",247.7,26.4799152,-176.733891089109,3.678
"2479",247.8,26.4986062,-176.6205,3.678
"2480",247.9,26.5034528,-176.624,3.678
"2481",248,26.5346309090909,-176.681,3.678
"2482",248.1,26.5452943,-176.642454545455,3.68027272727273
"2483",248.2,26.5262781,-176.605337078652,3.68075280898876
"2484",248.3,26.5325028,-176.598939393939,3.67851515151515
"2485",248.4,26.5302682,-176.569158415842,3.67848514851485
"2486",248.5,26.528275,-176.529194444444,3.678
"2487",248.6,26.5321430075188,-176.405391304348,3.678
"2488",248.7,26.5195489552239,-175.954603960396,3.678
"2489",248.8,26.5158844,-175.9455,3.678
"2490",248.9,26.5071705,-176.252271186441,3.678
"2491",249,26.5064034,-176.284790123457,3.67839506172839
"2492",249.1,26.5078481954887,-176.473636363636,3.67848484848485
"2493",249.2,26.5048221212121,-176.476941176471,3.678
"2494",249.3,26.5119228712871,-176.316171717172,3.67850505050505
"2495",249.4,26.5204937623762,-176.345079207921,3.67849504950495
"2496",249.5,26.512913,-176.4775,3.678
"2497",249.6,26.5080754,-176.384272727273,3.678
"2498",249.7,26.5205938,-176.181876404494,3.678
"2499",249.8,26.516103030303,-176.149920792079,3.678
"2500",249.9,26.5220901,-176.22,3.678
"2501",250,26.513116,-176.159111111111,3.67850505050505
"2502",250.1,26.4907937,-176.064930693069,3.67950495049505
"2503",250.2,26.4935291,-176.0415,3.6785
"2504",250.3,26.4871148484848,-176.02904040404,3.677
"2505",250.4,26.4890172,-176.006237623762,3.67750495049505
"2506",250.5,26.4899208,-175.946,3.678
"2507",250.6,26.453308,-175.856,3.678
"2508",250.7,26.4400004,-175.855050505051,3.678
"2509",250.8,26.4597802255639,-175.87717948718,3.678
"2510",250.9,26.4637760294118,-175.856642857143,3.678
"2511",251,26.413244040404,-175.8625,3.677
"2512",251.1,26.4305453465347,-175.88496969697,3.67650505050505
"2513",251.2,26.4518441,-175.894116071429,3.67791071428571
"2514",251.3,26.4508212871287,-175.828727272727,3.67811363636364
"2515",251.4,26.4514751485149,-175.785794392523,3.67747663551402
"2516",251.5,26.4469490909091,-175.774150537634,3.678
"2517",251.6,26.4642508910891,-175.750198019802,3.678
"2518",251.7,26.4863036363636,-175.755858585859,3.678
"2519",251.8,26.4750991919192,-175.76397,3.678
"2520",251.9,26.4839196,-175.77064,3.678
"2521",252,26.4935735353535,-175.808375,3.68073214285714
"2522",252.1,26.4905736633663,-175.786,3.68142857142857
"2523",252.2,26.4757832323232,-175.690082474227,3.67750515463918
"2524",252.3,26.47054,-175.62739,3.67751
"2525",252.4,26.4841668,-175.61945,3.678
"2526",252.5,26.5012278947368,-175.55478,3.678
"2527",252.6,26.5128288235294,-175.4746,3.678
"2528",252.7,26.4980105050505,-175.46418,3.678
"2529",252.8,26.4732015841584,-175.52553,3.678
"2530",252.9,26.4557934,-175.542168316832,3.6800198019802
"2531",253,26.4784048120301,-175.516575757576,3.6809898989899
"2532",253.1,26.4948307462687,-175.573093457944,3.67904672897196
"2533",253.2,26.4706085858586,-175.513723404255,3.678
"2534",253.3,26.4799507920792,-175.4255,3.678
"2535",253.4,26.4988429292929,-175.355603960396,3.678
"2536",253.5,26.50287,-175.32287,3.678
"2537",253.6,26.5030435643564,-175.31829,3.678
"2538",253.7,26.503441010101,-175.28972,3.678
"2539",253.8,26.5049752941176,-175.358464646465,3.67750505050505
"2540",253.9,26.5060896969697,-175.384772277228,3.677
"2541",254,26.5065436,-175.40457,3.677
"2542",254.1,26.4914153,-175.433666666667,3.67748039215686
"2543",254.2,26.4871484,-175.397540816326,3.678
"2544",254.3,26.4959975,-175.297727272727,3.678
"2545",254.4,26.5160267676768,-175.257,3.678
"2546",254.5,26.5081745544554,-175.09,3.678
"2547",254.6,26.4953565656566,-175.039,3.6775
"2548",254.7,26.519412238806,-175.1125,3.6775
"2549",254.8,26.5308345454545,-175.133631067961,3.6775145631068
"2550",254.9,26.4988424242424,-175.18587628866,3.67651546391753
"2551",255,26.4970747058824,-175.231089108911,3.6769900990099
"2552",255.1,26.5093747474747,-175.20979,3.678
"2553",255.2,26.5061096,-175.164176470588,3.678
"2554",255.3,26.4992367326733,-175.175824742268,3.678
"2555",255.4,26.4761805,-175.069950495049,3.678
"2556",255.5,26.4679985,-174.98672,3.678
"2557",255.6,26.4790761616162,-174.98189,3.678
"2558",255.7,26.4779256,-174.900626262626,3.678
"2559",255.8,26.4931144,-174.872158415842,3.67849504950495
"2560",255.9,26.4983068,-174.948080808081,3.6780101010101
"2561",256,26.4992764,-174.950396039604,3.67749504950495
"2562",256.1,26.505466969697,-174.93254,3.678
"2563",256.2,26.4902305,-174.892151515152,3.678
"2564",256.3,26.4685614,-174.848212121212,3.678
"2565",256.4,26.4765247368421,-174.676108910891,3.678
"2566",256.5,26.4957076470588,-174.6435,3.678
"2567",256.6,26.5010096969697,-174.829,3.678
"2568",256.7,26.5023274257426,-174.889,3.678
"2569",256.8,26.5043960606061,-174.895,3.6765
"2570",256.9,26.497576119403,-174.8395,3.6765
"2571",257,26.4778227272727,-174.819087719298,3.678
"2572",257.1,26.4638004,-174.744930232558,3.678
"2573",257.2,26.4647006930693,-174.6485,3.678
"2574",257.3,26.4712887878788,-174.665574257426,3.678
"2575",257.4,26.4755558415842,-174.579788461538,3.678
"2576",257.5,26.4775176,-174.49575,3.678
"2577",257.6,26.4841336,-174.62544,3.678
"2578",257.7,26.4851913861386,-174.6776,3.67702
"2579",257.8,26.464543030303,-174.58277,3.67747
"2580",257.9,26.465,-174.559288288288,3.679
"2581",258,26.4636165656566,-174.509,3.67814606741573
"2582",258.1,26.4567904,-174.477797979798,3.67749494949495
"2583",258.2,26.4657316,-174.5155,3.678
"2584",258.3,26.4949832,-174.504287128713,3.678
"2585",258.4,26.5229212,-174.470180327869,3.678
"2586",258.5,26.5375187878788,-174.470363636364,3.678
"2587",258.6,26.5279763432836,-174.4535,3.678
"2588",258.7,26.478345,-174.445772277228,3.67849504950495
"2589",258.8,26.5133411,-174.4249,3.67851
"2590",258.9,26.5176682178218,-174.400952,3.677608
"2591",259,26.5347156,-174.393162162162,3.67732432432432
"2592",259.1,26.5571104,-174.3285,3.678
"2593",259.2,26.531132,-174.334,3.678
"2594",259.3,26.5420652,-174.184821782178,3.678
"2595",259.4,26.5613124,-174.09802,3.678
"2596",259.5,26.55608,-174.0794,3.678
"2597",259.6,26.5543764,-174.04279,3.678
"2598",259.7,26.5513996969697,-174.09174,3.678
"2599",259.8,26.532687,-174.075891089109,3.678
"2600",259.9,26.5196767326733,-174.040636363636,3.678
"2601",260,26.5338092,-174.02767,3.678
"2602",260.1,26.5203628,-173.985590909091,3.678
"2603",260.2,26.5203809090909,-173.92208988764,3.678
"2604",260.3,26.5324337313433,-173.952910891089,3.678
"2605",260.4,26.5249118181818,-173.961525252525,3.678
"2606",260.5,26.5043325,-173.927,3.678
"2607",260.6,26.4999266,-173.979,3.6775
"2608",260.7,26.5059385,-174.002719626168,3.67746728971963
"2609",260.8,26.5074157894737,-173.9566,3.678
"2610",260.9,26.5194515151515,-173.922977272727,3.67756818181818
"2611",261,26.510065,-173.9485,3.6775
"2612",261.1,26.5157582178218,-173.972369369369,3.678
"2613",261.2,26.5176462,-173.893460674157,3.678
"2614",261.3,26.5398084158416,-173.76100990099,3.678
"2615",261.4,26.5433668,-173.72276,3.678
"2616",261.5,26.5245956,-173.76926,3.67751
"2617",261.6,26.5229014851485,-173.84183,3.67651
"2618",261.7,26.5288961,-173.80834,3.67649
"2619",261.8,26.5107755555556,-173.77091,3.67651
"2620",261.9,26.5007672,-173.754160377358,3.67692452830189
"2621",262,26.5005709090909,-173.780957446808,3.678
"2622",262.1,26.5129776237624,-173.76633,3.678
"2623",262.2,26.5148054545455,-173.601747474747,3.678
"2624",262.3,26.4849808,-173.496266055046,3.678
"2625",262.4,26.493198,-173.459527472527,3.678
"2626",262.5,26.5156221052632,-173.438376146789,3.678
"2627",262.6,26.5189358208955,-173.558923076923,3.678
"2628",262.7,26.5576681818182,-173.6915,3.678
"2629",262.8,26.5605183168317,-173.61,3.6765
"2630",262.9,26.5452555,-173.513,3.6765
"2631",263,26.5317176,-173.4415,3.678
"2632",263.1,26.5353240594059,-173.43134351145,3.678
"2633",263.2,26.5643421212121,-173.544724637681,3.678
"2634",263.3,26.5679042,-173.376520325203,3.678
"2635",263.4,26.5404157,-173.347192307692,3.678
"2636",263.5,26.5545497,-173.37479,3.67702
"2637",263.6,26.5598111,-173.443666666667,3.67649494949495
"2638",263.7,26.5614133333333,-173.439871287129,3.67749504950495
"2639",263.8,26.5535453465347,-173.31331,3.67751
"2640",263.9,26.5257683,-173.29842,3.67749
"2641",264,26.5359839,-173.39713,3.678
"2642",264.1,26.530001,-173.416,3.678
"2643",264.2,26.5123884210526,-173.361,3.678
"2644",264.3,26.51474,-173.29816,3.678
"2645",264.4,26.53101,-173.34782,3.67849
"2646",264.5,26.513575,-173.31588,3.67949
"2647",264.6,26.48939,-173.26508,3.67853
"2648",264.7,26.4815791729323,-173.26006,3.67749
"2649",264.8,26.4793231343284,-173.20012,3.678
"2650",264.9,26.485247979798,-173.28857,3.678
"2651",265,26.4691426732673,-173.247919191919,3.678
"2652",265.1,26.459225,-173.081,3.678
"2653",265.2,26.452555,-173.117711711712,3.678
"2654",265.3,26.4435898019802,-173.18335483871,3.678
"2655",265.4,26.4588494949495,-173.12969072165,3.67847422680412
"2656",265.5,26.4769098039216,-173.10411,3.679
"2657",265.6,26.4759078787879,-173.12988,3.67802
"2658",265.7,26.4561842,-173.10219,3.677
"2659",265.8,26.4622096,-173.12482,3.67749
"2660",265.9,26.4536519191919,-173.11591,3.678
"2661",266,26.4420887128713,-172.97246,3.678
"2662",266.1,26.4589280808081,-172.84459,3.678
"2663",266.2,26.46587,-172.797414141414,3.678
"2664",266.3,26.48099,-172.7595,3.678
"2665",266.4,26.4786945864662,-172.7565,3.677
"2666",266.5,26.4690007462687,-172.792574257426,3.6769900990099
"2667",266.6,26.5041853535353,-172.76883,3.67751
"2668",266.7,26.5406664356436,-172.781696969697,3.677
"2669",266.8,26.55895,-172.7455,3.6775
"2670",266.9,26.5659772180451,-172.720129032258,3.678
"2671",267,26.5575402985075,-172.781337662338,3.678
"2672",267.1,26.5725696969697,-172.77808,3.678
"2673",267.2,26.5547215841584,-172.802212121212,3.678
"2674",267.3,26.549481010101,-172.829113207547,3.67941509433962
"2675",267.4,26.5736595,-172.844136842105,3.67961052631579
"2676",267.5,26.5948284158416,-172.85763,3.67751
"2677",267.6,26.5690285858586,-172.808351851852,3.677
"2678",267.7,26.569605,-172.780879120879,3.67745054945055
"2679",267.8,26.6015265656566,-172.738217821782,3.678
"2680",267.9,26.63653,-172.628373737374,3.678
"2681",268,26.64686,-172.69397029703,3.678
"2682",268.1,26.6334172180451,-172.78773,3.67751
"2683",268.2,26.636653880597,-172.71181,3.67749
"2684",268.3,26.627935050505,-172.64157,3.67996
"2685",268.4,26.6222109,-172.584148514852,3.67957425742574
"2686",268.5,26.5930857,-172.628333333333,3.67748484848485
"2687",268.6,26.582267443609,-172.666707070707,3.678
"2688",268.7,26.5789894029851,-172.6235,3.678
"2689",268.8,26.5614836363636,-172.6175,3.678
"2690",268.9,26.5802158415842,-172.553,3.678
"2691",269,26.5844894,-172.551411764706,3.678
"2692",269.1,26.5842672,-172.542816326531,3.678
"2693",269.2,26.6135982178218,-172.5155,3.678
"2694",269.3,26.6104654545455,-172.5255,3.6805
"2695",269.4,26.61079,-172.535983050847,3.68045762711864
"2696",269.5,26.6155047474747,-172.505829268293,3.67817073170732
"2697",269.6,26.600495,-172.419594059406,3.6790099009901
"2698",269.7,26.59879,-172.432272727273,3.678
"2699",269.8,26.59562,-172.4645,3.678
"2700",269.9,26.6093,-172.474485436893,3.678
"2701",270,26.6105658585859,-172.438551020408,3.678
"2702",270.1,26.6131144554455,-172.398066666667,3.67846666666667
"2703",270.2,26.6236458585859,-172.353926315789,3.67853684210526
"2704",270.3,26.6251944776119,-172.29714,3.67702
"2705",270.4,26.6296128358209,-172.33802,3.67698
"2706",270.5,26.6163264646465,-172.31205,3.67849
"2707",270.6,26.6251943564356,-172.2673,3.67851
"2708",270.7,26.63918,-172.26233,3.678
"2709",270.8,26.6185081954887,-172.12739,3.678
"2710",270.9,26.58013,-172.15644,3.678
"2711",271,26.5618572727273,-172.19586,3.678
"2712",271.1,26.5443487128713,-172.21270338983,3.678
"2713",271.2,26.5340987878788,-172.330682926829,3.68026829268293
"2714",271.3,26.5418507,-172.31794,3.68057
"2715",271.4,26.5646099,-172.335613861386,3.67651485148515
"2716",271.5,26.5478196,-172.23844,3.67648
"2717",271.6,26.5274825742574,-172.13516,3.67748
"2718",271.7,26.5212298989899,-172.127657142857,3.678
"2719",271.8,26.527447,-172.067252631579,3.678
"2720",271.9,26.5433189,-171.98764,3.678
"2721",272,26.5464951879699,-171.975393939394,3.678
"2722",272.1,26.5424432835821,-171.996626262626,3.67849494949495
"2723",272.2,26.54492,-172.083019607843,3.67703921568627
"2724",272.3,26.5436649504951,-172.04552,3.67596
"2725",272.4,26.5494374,-172.028303030303,3.677
"2726",272.5,26.5757589552239,-172.026287128713,3.677
"2727",272.6,26.5878109090909,-171.952469387755,3.677
"2728",272.7,26.5608965,-171.818220183486,3.677
"2729",272.8,26.5453962376238,-171.775826086956,3.67744565217391
"2730",272.9,26.5518028282828,-171.792080808081,3.678
"2731",273,26.5488212,-171.704297029703,3.678
"2732",273.1,26.5523351485148,-171.714585858586,3.68047474747475
"2733",273.2,26.550015,-171.772336633663,3.68052475247525
"2734",273.3,26.540795,-171.77724,3.67751
"2735",273.4,26.5551524242424,-171.78117,3.677
"2736",273.5,26.5534695049505,-171.77742,3.67749
"2737",273.6,26.5411523232323,-171.78001,3.678
"2738",273.7,26.532351,-171.6629,3.67751
"2739",273.8,26.5231944,-171.64926,3.67749
"2740",273.9,26.5275998,-171.729606060606,3.67750505050505
"2741",274,26.5378925,-171.6535,3.6775
"2742",274.1,26.5221187878788,-171.652646464646,3.67749494949495
"2743",274.2,26.5070044776119,-171.695277227723,3.67750495049505
"2744",274.3,26.5113345454545,-171.705,3.6785
"2745",274.4,26.5386048,-171.6435,3.6785
"2746",274.5,26.561003960396,-171.611,3.678
"2747",274.6,26.5502460606061,-171.551,3.678
"2748",274.7,26.5296095522388,-171.416138613861,3.678
"2749",274.8,26.5170690909091,-171.46125,3.67751
"2750",274.9,26.5361004,-171.544818181818,3.677
"2751",275,26.5489016,-171.505574257426,3.6779900990099
"2752",275.1,26.5488176,-171.495644230769,3.67852884615385
"2753",275.2,26.5473468,-171.5276875,3.678
"2754",275.3,26.5556644,-171.518,3.67846226415094
"2755",275.4,26.5587608,-171.461457446808,3.67808510638298
"2756",275.5,26.5402857425742,-171.43799,3.677
"2757",275.6,26.533478,-171.382,3.677
"2758",275.7,26.5596574,-171.341,3.6775
"2759",275.8,26.5581833333333,-171.35746,3.678
"2760",275.9,26.5461374626866,-171.38895959596,3.678
"2761",276,26.5379372727273,-171.382108910891,3.67750495049505
"2762",276.1,26.5362176,-171.37495959596,3.677
"2763",276.2,26.5395732,-171.394,3.677
"2764",276.3,26.5248075757576,-171.3255,3.6765
"2765",276.4,26.5307682089552,-171.251405940594,3.6769900990099
"2766",276.5,26.5441340909091,-171.252585858586,3.678
"2767",276.6,26.5383019,-171.182118811881,3.678
"2768",276.7,26.5372251485148,-171.190767676768,3.678
"2769",276.8,26.5508072,-171.171,3.678
"2770",276.9,26.5494488,-171.156712871287,3.678
"2771",277,26.54942,-171.22181,3.67947
"2772",277.1,26.5513156,-171.20204040404,3.67951515151515
"2773",277.2,26.5523648514852,-171.2165,3.677
"2774",277.3,26.5532122,-171.1935,3.6765
"2775",277.4,26.5540292,-171.1635,3.6775
"2776",277.5,26.5480588,-171.091831683168,3.67750495049505
"2777",277.6,26.5505818181818,-171.065898989899,3.67749494949495
"2778",277.7,26.548688,-171.042831683168,3.67750495049505
"2779",277.8,26.5373764,-170.97564,3.67749
"2780",277.9,26.552556,-171.00037,3.67849
"2781",278,26.5662268,-171.066888888889,3.6809797979798
"2782",278.1,26.5740976691729,-171.111,3.6805
"2783",278.2,26.5789386363636,-171.0475,3.677
"2784",278.3,26.5496954,-171.003173913043,3.67686956521739
"2785",278.4,26.5604124752475,-171.016705882353,3.67758823529412
"2786",278.5,26.5831512,-170.818138613861,3.67749504950495
"2787",278.6,26.5648560902256,-170.84591588785,3.67754205607477
"2788",278.7,26.5477937878788,-171.124647058824,3.67741176470588
"2789",278.8,26.5739017,-171.063483516484,3.678
"2790",278.9,26.572575,-171.036212121212,3.6770101010101
"2791",279,26.5639601,-171.042,3.6765
"2792",279.1,26.5662584,-171.03,3.6775
"2793",279.2,26.5636467326733,-170.968227722772,3.67750495049505
"2794",279.3,26.5700262626263,-170.91507,3.677
"2795",279.4,26.5649269306931,-170.908292929293,3.677
"2796",279.5,26.5637228,-170.812168316832,3.67749504950495
"2797",279.6,26.5818056,-170.76115,3.67751
"2798",279.7,26.5886412,-170.76822,3.677
"2799",279.8,26.5970218796992,-170.72711,3.67651
"2800",279.9,26.6090363636364,-170.785585858586,3.67748484848485
"2801",280,26.6027937,-170.834425742574,3.6780099009901
"2802",280.1,26.5741918,-170.69497979798,3.67749494949495
"2803",280.2,26.5646937,-170.6495,3.6775
"2804",280.3,26.5686251879699,-170.70153271028,3.677
"2805",280.4,26.5702365671642,-170.680655913979,3.6774623655914
"2806",280.5,26.5644133333333,-170.682,3.678
"2807",280.6,26.5487871287129,-170.5745,3.678
"2808",280.7,26.5706107,-170.5175,3.678
"2809",280.8,26.5789375,-170.59101980198,3.678
"2810",280.9,26.5711683168317,-170.651243243243,3.67755855855856
"2811",281,26.5854638383838,-170.722227272727,3.677
"2812",281.1,26.5870852475248,-170.622,3.6775
"2813",281.2,26.563276,-170.564673267327,3.67750495049505
"2814",281.3,26.5524172,-170.58673,3.677
"2815",281.4,26.5433628,-170.512261682243,3.677
"2816",281.5,26.5580566666667,-170.424760869565,3.677
"2817",281.6,26.5675104950495,-170.578801980198,3.677
"2818",281.7,26.5503034343434,-170.69663,3.677
"2819",281.8,26.5522801,-170.5655,3.67847
"2820",281.9,26.560664,-170.487515151515,3.6790101010101
"2821",282,26.5619830827068,-170.518178217822,3.678
"2822",282.1,26.5573231343284,-170.463888888889,3.678
"2823",282.2,26.5491165656566,-170.388366336634,3.67750495049505
"2824",282.3,26.557722970297,-170.436646464646,3.677
"2825",282.4,26.5612217,-170.339326732673,3.677
"2826",282.5,26.5450856390977,-170.332564356436,3.677
"2827",282.6,26.5405762686567,-170.364183673469,3.677
"2828",282.7,26.5623834343434,-170.3105,3.678
"2829",282.8,26.5795607920792,-170.328380952381,3.67804761904762
"2830",282.9,26.5829532323232,-170.340052631579,3.677
"2831",283,26.5666716,-170.336,3.677
"2832",283.1,26.5885824752475,-170.268454545455,3.677
"2833",283.2,26.611643030303,-170.272584158416,3.677
"2834",283.3,26.5981676470588,-169.9885,3.677
"2835",283.4,26.5740932323232,-169.961,3.677
"2836",283.5,26.5725763,-170.272534653465,3.677
"2837",283.6,26.5721143,-170.279414141414,3.677
"2838",283.7,26.5691834343434,-170.172,3.678
"2839",283.8,26.5736708910891,-170.1445,3.6785
"2840",283.9,26.559835050505,-170.184485148515,3.67849504950495
"2841",284,26.5560969306931,-170.15317,3.67802
"2842",284.1,26.5546785858586,-170.16163,3.677
"2843",284.2,26.5443737313433,-170.179272727273,3.677
"2844",284.3,26.5403617910448,-170.153,3.677
"2845",284.4,26.5431336363636,-170.115881188119,3.677
"2846",284.5,26.5391811764706,-170.088878787879,3.677
"2847",284.6,26.5254581818182,-170.040603960396,3.6779900990099
"2848",284.7,26.5354291,-170.00693,3.67851
"2849",284.8,26.5528753,-170.084542056075,3.678
"2850",284.9,26.5424093,-170.090064516129,3.67754838709677
"2851",285,26.5389585148515,-170.043828282828,3.677
"2852",285.1,26.5411768686869,-170.040545454545,3.677
"2853",285.2,26.5363903960396,-169.888888888889,3.677
"2854",285.3,26.5408687878788,-169.797326732673,3.67749504950495
"2855",285.4,26.5433786,-169.896686868687,3.67750505050505
"2856",285.5,26.5393626,-169.898792079208,3.67749504950495
"2857",285.6,26.5366585858586,-169.91261,3.678
"2858",285.7,26.5337847524752,-170.007,3.678
"2859",285.8,26.5361916161616,-170.071356435644,3.678
"2860",285.9,26.5346779104478,-170.006313131313,3.678
"2861",286,26.5338357575758,-169.932575757576,3.67749494949495
"2862",286.1,26.579959,-169.906168316832,3.677
"2863",286.2,26.5865787128713,-169.796762376238,3.677
"2864",286.3,26.5562252525253,-169.76751,3.677
"2865",286.4,26.5489128358209,-169.82241,3.677
"2866",286.5,26.55698,-169.831454545455,3.67749494949495
"2867",286.6,26.5662202,-169.846891089109,3.67750495049505
"2868",286.7,26.5832878,-169.871858585859,3.677
"2869",286.8,26.5840536363636,-169.9125,3.677
"2870",286.9,26.5613885,-169.893,3.6775
"2871",287,26.5616055445545,-169.809385321101,3.67754128440367
"2872",287.1,26.5823038,-169.774912087912,3.677
"2873",287.2,26.5812991089109,-169.76127184466,3.677
"2874",287.3,26.5548834343434,-169.701867346939,3.677
"2875",287.4,26.548279009901,-169.746079207921,3.677
"2876",287.5,26.5728842424242,-169.798484848485,3.6779696969697
"2877",287.6,26.5887552,-169.80371,3.67851
"2878",287.7,26.5855062,-169.8734,3.678
"2879",287.8,26.5955744,-169.857133333333,3.678
"2880",287.9,26.5926794,-169.765232323232,3.67750505050505
"2881",288,26.5653363636364,-169.708666666667,3.677
"2882",288.1,26.5684951492537,-169.455723684211,3.677
"2883",288.2,26.5851309090909,-169.345,3.677
"2884",288.3,26.5805969306931,-169.62999,3.677
"2885",288.4,26.5908989108911,-169.61779661017,3.677
"2886",288.5,26.5774864,-169.592588888889,3.67768888888889
"2887",288.6,26.5315228,-169.604217391304,3.67855434782609
"2888",288.7,26.5032914,-169.6098,3.67751
"2889",288.8,26.4997568686869,-169.665663366337,3.677
"2890",288.9,26.5111387128713,-169.625575757576,3.677
"2891",289,26.5184177,-169.5792,3.677
"2892",289.1,26.5237541,-169.48962,3.677
"2893",289.2,26.537591010101,-169.46482,3.677
"2894",289.3,26.5449376,-169.47159,3.677
"2895",289.4,26.5663854,-169.475188118812,3.6779702970297
"2896",289.5,26.5778816,-169.561571428571,3.67857142857143
"2897",289.6,26.58807,-169.541454545455,3.67759090909091
"2898",289.7,26.5906818181818,-169.49676,3.67652
"2899",289.8,26.5765155555556,-169.474212121212,3.67648484848485
"2900",289.9,26.559523030303,-169.39983,3.677
"2901",290,26.5480798,-169.33449,3.677
"2902",290.1,26.5549035643564,-169.34378,3.677
"2903",290.2,26.5653531313131,-169.40208,3.677
"2904",290.3,26.5949813432836,-169.38673,3.67749
"2905",290.4,26.6161075757576,-169.352640776699,3.678
"2906",290.5,26.5904084,-169.312824742268,3.67752577319588
"2907",290.6,26.5706198,-169.344550458716,3.6774495412844
"2908",290.7,26.5521172727273,-169.405739130435,3.678
"2909",290.8,26.5730915,-169.37728,3.67752
"2910",290.9,26.592034,-169.3944,3.677
"2911",291,26.5796065,-169.29396,3.677
"2912",291.1,26.5605359405941,-169.1116,3.677
"2913",291.2,26.5566063636364,-169.19584,3.67748
"2914",291.3,26.5563645544554,-169.227393939394,3.67751515151515
"2915",291.4,26.5646018181818,-169.190148514851,3.68039603960396
"2916",291.5,26.557402,-169.25092,3.68064
"2917",291.6,26.558497,-169.2444,3.67652
"2918",291.7,26.560494,-169.16052,3.67696
"2919",291.8,26.5442344554456,-169.19196,3.67752
"2920",291.9,26.541295,-169.2202,3.677
"2921",292,26.54733,-169.09428,3.677
"2922",292.1,26.5527118181818,-169.076606060606,3.677
"2923",292.2,26.541854,-169.036168316832,3.67748514851485
"2924",292.3,26.5640265,-169.04596,3.678
"2925",292.4,26.579225,-169.08424,3.67752
"2926",292.5,26.5590645,-169.082888888889,3.67744444444444
"2927",292.6,26.545544,-169.130263736264,3.678
"2928",292.7,26.546705,-169.03777,3.67751
"2929",292.8,26.563227,-169.03572,3.677
"2930",292.9,26.5879115,-169.07356,3.677
"2931",293,26.5859115,-168.94161,3.677
"2932",293.1,26.5808445,-168.87516,3.677
"2933",293.2,26.5791666666667,-168.94593,3.677
"2934",293.3,26.5982976237624,-168.97304,3.67749
"2935",293.4,26.6112575,-168.953305555556,3.6775462962963
"2936",293.5,26.6163812871287,-168.935967741935,3.67788172043011
"2937",293.6,26.6032932,-168.94724,3.67852
"2938",293.7,26.5846567669173,-168.97608,3.67752
"2939",293.8,26.5867818181818,-168.954424242424,3.677
"2940",293.9,26.5910635,-168.926376237624,3.677
"2941",294,26.5933495,-169.00176,3.677
"2942",294.1,26.6076875,-168.993575757576,3.677
"2943",294.2,26.6132464661654,-168.855079207921,3.677
"2944",294.3,26.60547,-168.750724137931,3.67865517241379
"2945",294.4,26.6089012,-168.723666666667,3.67985714285714
"2946",294.5,26.62177,-168.766342857143,3.67754285714286
"2947",294.6,26.612938,-168.756557894737,3.677
"2948",294.7,26.6197808,-168.673181818182,3.677
"2949",294.8,26.6240635643564,-168.68166,3.677
"2950",294.9,26.6159088888889,-168.68596039604,3.677
"2951",295,26.6252988118812,-168.59448,3.677
"2952",295.1,26.628592,-168.601,3.677
"2953",295.2,26.6320952475248,-168.6399,3.67602
"2954",295.3,26.6337186,-168.63618,3.675
"2955",295.4,26.6217627272727,-168.620693069307,3.6759702970297
"2956",295.5,26.6256785,-168.64503030303,3.677
"2957",295.6,26.621532,-168.6388,3.677
"2958",295.7,26.6051785,-168.56076,3.677
"2959",295.8,26.6213,-168.51465,3.677
"2960",295.9,26.637765112782,-168.58801980198,3.677
"2961",296,26.6339808955224,-168.62168,3.677
"2962",296.1,26.6138488888889,-168.55972,3.677
"2963",296.2,26.6232248,-168.572857142857,3.67657142857143
"2964",296.3,26.636746,-168.593034482759,3.676
"2965",296.4,26.6436076,-168.565198113208,3.67692452830189
"2966",296.5,26.6560867326733,-168.5496,3.67754736842105
"2967",296.6,26.6556711111111,-168.60368,3.677
"2968",296.7,26.6516657425743,-168.64428,3.677
"2969",296.8,26.6560066666667,-168.53092,3.677
"2970",296.9,26.6444088,-168.39104,3.677
"2971",297,26.639492,-168.43024,3.677
"2972",297.1,26.6452245454545,-168.5188,3.67844
"2973",297.2,26.6370208823529,-168.455545454545,3.67806060606061
"2974",297.3,26.63664,-168.377238938053,3.67643362831858
"2975",297.4,26.6325912871287,-168.376387096774,3.67738709677419
"2976",297.5,26.639235,-168.377670212766,3.67754255319149
"2977",297.6,26.654817368421,-168.34367,3.677
"2978",297.7,26.6456523880597,-168.250524752475,3.677
"2979",297.8,26.6558411111111,-168.1982,3.677
"2980",297.9,26.6814276,-168.2448,3.677
"2981",298,26.6776724,-168.274603960396,3.677
"2982",298.1,26.6718447368421,-168.243301886792,3.67921698113207
"2983",298.2,26.6680888059702,-168.27247826087,3.68021739130435
"2984",298.3,26.671386969697,-168.277326732673,3.67751485148515
"2985",298.4,26.6488906,-168.27656,3.677
"2986",298.5,26.6380747,-168.28608,3.677
"2987",298.6,26.6299408,-168.23408,3.677
"2988",298.7,26.6270255445545,-168.15888,3.677
"2989",298.8,26.6175012121212,-168.221069306931,3.677
"2990",298.9,26.6161952475248,-168.246418367347,3.677
"2991",299,26.6062808,-168.183688073395,3.6774495412844
"2992",299.1,26.6039692079208,-168.153604395604,3.678
"2993",299.2,26.611257,-168.18373,3.678
"2994",299.3,26.6209466666667,-168.3328,3.678
"2995",299.4,26.6191215841584,-168.36558,3.67751
"2996",299.5,26.6182077777778,-168.3458,3.677
"2997",299.6,26.6141852475248,-168.25849,3.677
"2998",299.7,26.6077822222222,-168.08742,3.677
"2999",299.8,26.6074021052632,-168.067881188119,3.677
"3000",299.9,26.6148065671642,-168.0808,3.677
"3001",300,26.6300727272727,-168.060181818182,3.677
"3002",300.1,26.6422268316832,-168.11887,3.67896
"3003",300.2,26.6502291919192,-168.141367521368,3.67974358974359
"3004",300.3,26.6289513,-168.115428571429,3.67761904761905
"3005",300.4,26.6181917821782,-168.0422,3.677
"3006",300.5,26.6274394949495,-168.02676,3.677
"3007",300.6,26.6091712871287,-167.98128,3.677
"3008",300.7,26.6197056565656,-167.9214,3.677
"3009",300.8,26.6259194,-167.881060606061,3.677
"3010",300.9,26.5965553,-167.75607826087,3.677
"3011",301,26.5855493939394,-167.832697674419,3.67818604651163
"3012",301.1,26.5932770588235,-168.022666666667,3.67854545454545
"3013",301.2,26.6089685858586,-168.00671,3.677
"3014",301.3,26.6177421782178,-167.97885,3.67602
"3015",301.4,26.6113744,-167.930008547009,3.67583760683761
"3016",301.5,26.6134757894737,-167.888156626506,3.677
"3017",301.6,26.6140671641791,-167.87971,3.677
"3018",301.7,26.5887913131313,-167.88909,3.677
"3019",301.8,26.5955581188119,-167.87374,3.677
"3020",301.9,26.5949647474747,-167.78797029703,3.677
"3021",302,26.5972442857143,-167.82916,3.67748
"3022",302.1,26.6107001492537,-167.91604,3.67752
"3023",302.2,26.6062184848485,-167.89201980198,3.67652475247525
"3024",302.3,26.600351980198,-167.901142857143,3.67647959183673
"3025",302.4,26.6168839393939,-167.898257425743,3.677
"3026",302.5,26.6134882,-167.9032,3.677
"3027",302.6,26.6206299009901,-167.88036,3.677
"3028",302.7,26.6223015151515,-167.81132,3.677
"3029",302.8,26.6081876470588,-167.846722772277,3.677
"3030",302.9,26.6137932323232,-167.884080808081,3.67652525252525
"3031",303,26.6202166336634,-167.81824,3.67696
"3032",303.1,26.5984344,-167.850181818182,3.67751515151515
"3033",303.2,26.5969205050505,-167.911309734513,3.67656637168142
"3034",303.3,26.6196500990099,-167.804636363636,3.67640909090909
"3035",303.4,26.6322187878788,-167.804727272727,3.677
"3036",303.5,26.6322216831683,-167.788056603773,3.677
"3037",303.6,26.6206437373737,-167.672265957447,3.677
"3038",303.7,26.6097956716418,-167.66105,3.67651
"3039",303.8,26.6097439393939,-167.71875,3.67649
"3040",303.9,26.6333432,-167.72813,3.67798
"3041",304,26.6359473,-167.65774,3.67851
"3042",304.1,26.6204087878788,-167.681188118812,3.67751485148515
"3043",304.2,26.6135046534653,-167.659515151515,3.67748484848485
"3044",304.3,26.6325182,-167.60442,3.67751
"3045",304.4,26.6390965,-167.61387,3.677
"3046",304.5,26.6339141,-167.63473,3.677
"3047",304.6,26.6240709090909,-167.71806,3.677
"3048",304.7,26.6438348514851,-167.78368,3.677
"3049",304.8,26.6470127272727,-167.68285,3.677
"3050",304.9,26.6474094,-167.67427,3.67847
"3051",305,26.6384537623762,-167.71495,3.67804
"3052",305.1,26.6187766,-167.66652,3.67698
"3053",305.2,26.6337762376238,-167.612346534653,3.67751485148515
"3054",305.3,26.6554868686869,-167.62332,3.677
"3055",305.4,26.6556341791045,-167.620939393939,3.677
"3056",305.5,26.6407592424242,-167.55534,3.677
"3057",305.6,26.6276301,-167.50419,3.677
"3058",305.7,26.6346951,-167.49938,3.677
"3059",305.8,26.6365390909091,-167.54325,3.67749
"3060",305.9,26.630291641791,-167.589475247525,3.67654455445545
"3061",306,26.6299418181818,-167.604564356436,3.6759504950495
"3062",306.1,26.6480226,-167.50698989899,3.67652525252525
"3063",306.2,26.6545503960396,-167.4816,3.67648
"3064",306.3,26.6641196969697,-167.51904,3.677
"3065",306.4,26.6525026732673,-167.389212121212,3.677
"3066",306.5,26.6382574,-167.378,3.677
"3067",306.6,26.6236311,-167.44374,3.677
"3068",306.7,26.6321263,-167.392315315315,3.677
"3069",306.8,26.6443821212121,-167.3978,3.67784444444444
"3070",306.9,26.6395856862745,-167.480878787879,3.6780303030303
"3071",307,26.6349186868687,-167.487,3.677
"3072",307.1,26.621733,-167.39612,3.677
"3073",307.2,26.6325726,-167.48168,3.677
"3074",307.3,26.6414731,-167.510424242424,3.677
"3075",307.4,26.6560639,-167.22005,3.677
"3076",307.5,26.6450677,-167.22716,3.677
"3077",307.6,26.6315857142857,-167.350712871287,3.677
"3078",307.7,26.6436927272727,-167.35368,3.67748
"3079",307.8,26.6554308,-167.43616,3.678
"3080",307.9,26.6728906,-167.47856,3.67752
"3081",308,26.6501582,-167.52036,3.677
"3082",308.1,26.638593,-167.46396969697,3.67651515151515
"3083",308.2,26.6441972,-167.373732673267,3.67648514851485
"3084",308.3,26.6413722,-167.34492,3.677
"3085",308.4,26.6457472,-167.337212121212,3.677
"3086",308.5,26.657189,-167.31594,3.677
"3087",308.6,26.6614544,-167.27784,3.677
"3088",308.7,26.6717704040404,-167.30703,3.677
"3089",308.8,26.6808499,-167.36681,3.67749
"3090",308.9,26.6628811881188,-167.32895,3.67751
"3091",309,26.6449974,-167.269613861386,3.67748514851485
"3092",309.1,26.6494713861386,-167.2094,3.67752
"3093",309.2,26.6471874,-167.248545454545,3.677
"3094",309.3,26.6416132089552,-167.237861386139,3.677
"3095",309.4,26.6411246969697,-166.96736,3.677
"3096",309.5,26.6247597,-166.98716,3.677
"3097",309.6,26.5994168,-167.18776,3.677
"3098",309.7,26.6046534,-167.08152,3.67748
"3099",309.8,26.6147914285714,-167.10288,3.67704
"3100",309.9,26.6159654545455,-167.161330275229,3.676
"3101",310,26.6129996,-167.120285714286,3.67642857142857
"3102",310.1,26.6105836,-167.09048,3.677
"3103",310.2,26.6105994,-167.00544,3.677
"3104",310.3,26.6169081818182,-166.91036,3.677
"3105",310.4,26.636976,-166.997272727273,3.677
"3106",310.5,26.630758,-167.04692,3.677
"3107",310.6,26.6079875247525,-167.01345045045,3.677
"3108",310.7,26.6054406,-167.100488888889,3.67742222222222
"3109",310.8,26.6287353465347,-167.08016,3.67752
"3110",310.9,26.6303357,-167.089757575758,3.677
"3111",311,26.6192909090909,-167.195658119658,3.677
"3112",311.1,26.628676,-167.180380952381,3.677
"3113",311.2,26.6401248,-167.01776,3.677
"3114",311.3,26.6315154455446,-166.786424242424,3.677
"3115",311.4,26.616421,-166.7692,3.677
"3116",311.5,26.6003542857143,-167.00714,3.677
"3117",311.6,26.5848197014925,-167.03234,3.677
"3118",311.7,26.5943124242424,-167.072306930693,3.67845544554456
"3119",311.8,26.5909698,-167.099363636364,3.67854545454546
"3120",311.9,26.5895614,-167.07739,3.67651
"3121",312,26.6018148,-167.00946,3.67649
"3122",312.1,26.5944218811881,-166.962128205128,3.677
"3123",312.2,26.5785815151515,-166.951095238095,3.677
"3124",312.3,26.5545972,-166.928176470588,3.677
"3125",312.4,26.5623877777778,-166.897673469388,3.677
"3126",312.5,26.5903719,-166.951575757576,3.677
"3127",312.6,26.614018,-166.91994,3.67749
"3128",312.7,26.615643030303,-166.88703960396,3.678
"3129",312.8,26.5897736633663,-166.973787878788,3.6770303030303
"3130",312.9,26.5784369,-167.011158415842,3.67648514851485
"3131",313,26.5707518811881,-167.000090909091,3.677
"3132",313.1,26.56037,-166.926693069307,3.677
"3133",313.2,26.5739846616541,-166.77136,3.677
"3134",313.3,26.5995155223881,-166.77196969697,3.677
"3135",313.4,26.5924527272727,-166.80146,3.677
"3136",313.5,26.5587167,-166.80887,3.677
"3137",313.6,26.5655511,-166.832752475248,3.67554455445545
"3138",313.7,26.55747,-166.862787878788,3.67545454545455
"3139",313.8,26.5227682089552,-166.799693069307,3.67651485148515
"3140",313.9,26.5365936363636,-166.73604,3.67648
"3141",314,26.5274022772277,-166.7726,3.677
"3142",314.1,26.5151474747475,-166.780593220339,3.677
"3143",314.2,26.520222,-166.765333333333,3.677
"3144",314.3,26.5337799009901,-166.680782608696,3.677
"3145",314.4,26.5224097979798,-166.706303030303,3.677
"3146",314.5,26.5240652941176,-166.731981981982,3.677
"3147",314.6,26.5449895959596,-166.733370786517,3.6782808988764
"3148",314.7,26.5511007,-166.703942307692,3.67858653846154
"3149",314.8,26.5451432,-166.70921875,3.677
"3150",314.9,26.5327056,-166.65667,3.677
"3151",315,26.5364846,-166.573836363636,3.677
"3152",315.1,26.5400926262626,-166.599765957447,3.677
"3153",315.2,26.5470888235294,-166.646845360825,3.677
"3154",315.3,26.5427726262626,-166.60336,3.677
"3155",315.4,26.5308602985075,-166.587212121212,3.677
"3156",315.5,26.5315904545455,-166.52855,3.67602
"3157",315.6,26.5560607070707,-166.44021,3.67696
"3158",315.7,26.5627781188119,-166.446693069307,3.6780297029703
"3159",315.8,26.5928541414141,-166.45552,3.677
"3160",315.9,26.61704,-166.35024,3.677
"3161",316,26.6079647524752,-166.32172,3.677
"3162",316.1,26.6317571,-166.34592,3.677
"3163",316.2,26.671237,-166.36328,3.677
"3164",316.3,26.6642734343434,-166.39552,3.677
"3165",316.4,26.646108,-166.41704,3.677
"3166",316.5,26.635998,-166.455,3.677
"3167",316.6,26.656348,-166.42092,3.67652
"3168",316.7,26.6696289108911,-166.333575757576,3.67648484848485
"3169",316.8,26.6629758585859,-166.341613861386,3.677
"3170",316.9,26.6566989108911,-166.384212121212,3.677
"3171",317,26.6733064,-166.34301980198,3.677
"3172",317.1,26.6874790977444,-166.228559633028,3.677
"3173",317.2,26.6796385074627,-166.1749,3.677
"3174",317.3,26.6644567676768,-166.25765,3.67651
"3175",317.4,26.6546948514851,-166.285132075472,3.67692452830189
"3176",317.5,26.6585707070707,-166.316393617021,3.67937234042553
"3177",317.6,26.6618462686567,-166.280742574257,3.6790594059406
"3178",317.7,26.6577575757576,-166.258393939394,3.677
"3179",317.8,26.6472363636364,-166.22966,3.677
"3180",317.9,26.6612937623762,-166.23814,3.677
"3181",318,26.6470215151515,-166.27171,3.677
"3182",318.1,26.6235806930693,-166.30902,3.677
"3183",318.2,26.63072,-166.31147,3.67651
"3184",318.3,26.634982,-166.21398,3.67649
"3185",318.4,26.6468630693069,-166.194625,3.6791875
"3186",318.5,26.6594918181818,-166.226431818182,3.67947727272727
"3187",318.6,26.6167991089109,-166.204203703704,3.676
"3188",318.7,26.6208663636364,-166.129391304348,3.676
"3189",318.8,26.6616636633663,-166.12946,3.67649
"3190",318.9,26.6701891,-166.176294117647,3.677
"3191",319,26.6709154,-166.041285714286,3.677
"3192",319.1,26.6671192079208,-165.990702970297,3.677
"3193",319.2,26.6461727272727,-166.051574257426,3.677
"3194",319.3,26.6425090225564,-166.096040816326,3.677
"3195",319.4,26.65187,-166.1228125,3.676125
"3196",319.5,26.682852,-166.113602272727,3.67584090909091
"3197",319.6,26.711778,-166.11799,3.677
"3198",319.7,26.6857912121212,-166.04596,3.677
"3199",319.8,26.6748881188119,-165.99063,3.677
"3200",319.9,26.702362,-165.976237623762,3.677
"3201",320,26.70059,-165.79664,3.677
"3202",320.1,26.701528,-165.8582,3.677
"3203",320.2,26.693898,-166.05976,3.677
"3204",320.3,26.683888,-165.97216,3.67748
"3205",320.4,26.7042296969697,-165.978094339623,3.67664150943396
"3206",320.5,26.7118073,-165.921553191489,3.67634042553192
"3207",320.6,26.7147504950495,-165.925606060606,3.67751515151515
"3208",320.7,26.70346,-165.963376237624,3.677
"3209",320.8,26.6857752475248,-165.916393939394,3.677
"3210",320.9,26.6731297979798,-165.86776,3.677
"3211",321,26.6773843283582,-165.83043,3.677
"3212",321.1,26.6923684848485,-165.8458,3.67651
"3213",321.2,26.688526,-165.75159,3.67649
"3214",321.3,26.689274,-165.73765,3.677
"3215",321.4,26.6921215151515,-165.766637931034,3.677
"3216",321.5,26.698652238806,-165.779607142857,3.677
"3217",321.6,26.6958413636364,-165.79423,3.67749
"3218",321.7,26.706578,-165.79032,3.67751
"3219",321.8,26.7221525,-165.813356435644,3.677
"3220",321.9,26.675855,-165.81924,3.677
"3221",322,26.6635807,-165.804782178218,3.677
"3222",322.1,26.6798672,-165.722848484848,3.67652525252525
"3223",322.2,26.6794808,-165.687090909091,3.67648484848485
"3224",322.3,26.6766063366337,-165.736068627451,3.67844117647059
"3225",322.4,26.670962,-165.723202020202,3.67857575757576
"3226",322.5,26.662288,-165.663072727273,3.677
"3227",322.6,26.675812,-165.686395604396,3.67658241758242
"3228",322.7,26.6961387878788,-165.75138,3.67647
"3229",322.8,26.7005028,-165.694070707071,3.677
"3230",322.9,26.6774807,-165.64508,3.677
"3231",323,26.6691336633663,-165.66812,3.677
"3232",323.1,26.674994,-165.58092,3.677
"3233",323.2,26.6771704511278,-165.512666666667,3.677
"3234",323.3,26.6665959090909,-165.488564356436,3.67748514851485
"3235",323.4,26.6646266,-165.56644,3.67752
"3236",323.5,26.6514522,-165.675294117647,3.67652941176471
"3237",323.6,26.6732762,-165.688757575758,3.67646464646465
"3238",323.7,26.6750024,-165.611696969697,3.677
"3239",323.8,26.6427704,-165.531882352941,3.677
"3240",323.9,26.6337055,-165.51796,3.677
"3241",324,26.6538715,-165.440918367347,3.677
"3242",324.1,26.6578952,-165.393297029703,3.67652475247525
"3243",324.2,26.6627954,-165.49557,3.676
"3244",324.3,26.676959,-165.51413,3.67647
"3245",324.4,26.682026969697,-165.398898989899,3.67652525252525
"3246",324.5,26.6971571287129,-165.38324,3.676
"3247",324.6,26.6905133,-165.39856,3.67648
"3248",324.7,26.670121980198,-165.40144,3.677
"3249",324.8,26.667192,-165.2656,3.677
"3250",324.9,26.688162,-165.19884,3.67652
"3251",325,26.687028,-165.28328,3.67648
"3252",325.1,26.68116,-165.335862068966,3.67658620689655
"3253",325.2,26.675782,-165.368458823529,3.67750588235294
"3254",325.3,26.670462,-165.31329,3.67812
"3255",325.4,26.67763,-165.277464646465,3.6769494949495
"3256",325.5,26.6855320895522,-165.31596,3.67752
"3257",325.6,26.6928270707071,-165.29,3.67652
"3258",325.7,26.7048106,-165.25116,3.67648
"3259",325.8,26.6834858,-165.208306930693,3.677
"3260",325.9,26.6923246,-165.25101010101,3.67652525252525
"3261",326,26.7099771287129,-165.26904,3.676
"3262",326.1,26.7206944444444,-165.288267326733,3.6769504950495
"3263",326.2,26.7118658415842,-165.28975,3.678
"3264",326.3,26.6980525,-165.18561,3.67753
"3265",326.4,26.7179111,-165.11441,3.67653
"3266",326.5,26.7088964,-165.11976,3.67647
"3267",326.6,26.679294040404,-165.12259,3.677
"3268",326.7,26.6898521782178,-165.02371,3.677
"3269",326.8,26.7007343434343,-165.10247,3.677
"3270",326.9,26.7123075247525,-165.25672,3.677
"3271",327,26.7130069,-165.148747474747,3.677
"3272",327.1,26.7145949,-165.1152,3.677
"3273",327.2,26.7181857425743,-165.160234567901,3.67630864197531
"3274",327.3,26.7267721212121,-165.197257142857,3.67634285714286
"3275",327.4,26.7249848,-165.1634375,3.678
"3276",327.5,26.7298363,-165.164693877551,3.6775306122449
"3277",327.6,26.7375838,-165.14368,3.677
"3278",327.7,26.7180696,-165.116333333333,3.677
"3279",327.8,26.7225229292929,-165.101510638298,3.677
"3280",327.9,26.7102572,-165.152632653061,3.677
"3281",328,26.6949698,-165.20356,3.67748
"3282",328.1,26.7303854,-165.026881188119,3.67847524752475
"3283",328.2,26.742229,-165.02753,3.67806
"3284",328.3,26.6940555555556,-165.08365,3.67606
"3285",328.4,26.6567594059406,-165.033359649123,3.67541228070175
"3286",328.5,26.675721,-165.070894117647,3.67638823529412
"3287",328.6,26.6599692079208,-165.170752475248,3.677
"3288",328.7,26.6498513,-165.14534,3.677
"3289",328.8,26.6776018656716,-165.06651,3.67653
"3290",328.9,26.6750495522388,-165.13241,3.67647
"3291",329,26.6638327272727,-165.166524752475,3.677
"3292",329.1,26.6829751,-165.114563636364,3.67741818181818
"3293",329.2,26.6846301,-165.062625,3.677625
"3294",329.3,26.7069218181818,-165.042430107527,3.67613978494624
"3295",329.4,26.6980344554455,-165.022111111111,3.6759494949495
"3296",329.5,26.6852343434343,-165.01388,3.67652
"3297",329.6,26.6647428,-165.057169811321,3.676
"3298",329.7,26.6386126,-165.015382978723,3.67644680851064
"3299",329.8,26.6405492,-164.918247524752,3.67652475247525
"3300",329.9,26.660268,-164.875494949495,3.676
"3301",330,26.6689093939394,-164.838528301887,3.67781132075472
"3302",330.1,26.7013041176471,-164.894489361702,3.67821276595745
"3303",330.2,26.6878132323232,-164.98676,3.67696
"3304",330.3,26.6595996,-164.929524271845,3.678
"3305",330.4,26.6376728,-164.833428571429,3.67757142857143
"3306",330.5,26.6214362626263,-164.861591836735,3.677
"3307",330.6,26.6215469306931,-164.852021276596,3.677
"3308",330.7,26.6427272727273,-164.815455445545,3.67652475247525
"3309",330.8,26.6194182352941,-164.833514851485,3.67646534653465
"3310",330.9,26.6087941,-164.850757575758,3.677
"3311",331,26.6106627819549,-164.83239,3.67794
"3312",331.1,26.6088825373134,-164.818939393939,3.67757575757576
"3313",331.2,26.6099008080808,-164.83908,3.67504
"3314",331.3,26.594080990099,-164.837950495049,3.67542574257426
"3315",331.4,26.6043238383838,-164.85357,3.67653
"3316",331.5,26.617337593985,-164.920797979798,3.676
"3317",331.6,26.6128705970149,-164.82916,3.676
"3318",331.7,26.6239790909091,-164.62436,3.67648
"3319",331.8,26.6167382,-164.617435897436,3.677
"3320",331.9,26.6232218181818,-164.69655952381,3.67663095238095
"3321",332,26.612728,-164.741393939394,3.67647474747475
"3322",332.1,26.6296604950495,-164.82196039604,3.677
"3323",332.2,26.6475136363636,-164.747454545454,3.6760505050505
"3324",332.3,26.6690849019608,-164.661841584158,3.67547524752475
"3325",332.4,26.6901939393939,-164.741731481481,3.676
"3326",332.5,26.6822311881188,-164.667413043478,3.676
"3327",332.6,26.7030008,-164.66466,3.67647
"3328",332.7,26.7206659398496,-164.70871,3.67653
"3329",332.8,26.7153628358209,-164.73848,3.676
"3330",332.9,26.7181560606061,-164.74341,3.67553
"3331",333,26.7170276237624,-164.68647,3.67547
"3332",333.1,26.70413,-164.67937,3.676
"3333",333.2,26.7160797,-164.624767676768,3.67647474747475
"3334",333.3,26.7137146534653,-164.6592,3.677
"3335",333.4,26.7076165656566,-164.62912,3.67652
"3336",333.5,26.7041897029703,-164.61144,3.676
"3337",333.6,26.7083773737374,-164.580712871287,3.676
"3338",333.7,26.7160136,-164.548525252525,3.67647474747475
"3339",333.8,26.7120127,-164.64416,3.67652
"3340",333.9,26.7311763636364,-164.684396039604,3.67457425742574
"3341",334,26.7212905882353,-164.60268,3.67441
"3342",334.1,26.6990325252525,-164.4918,3.67647
"3343",334.2,26.7014636633663,-164.4835,3.67653
"3344",334.3,26.7102083838384,-164.55371,3.676
"3345",334.4,26.6683632,-164.61992,3.676
"3346",334.5,26.6501231,-164.576603448276,3.67640517241379
"3347",334.6,26.6267445454545,-164.435547619048,3.677
"3348",334.7,26.6033660784314,-164.38766,3.67653
"3349",334.8,26.6310596969697,-164.42806,3.67788
"3350",334.9,26.6515393,-164.50126,3.67906
"3351",335,26.6494694059406,-164.59769,3.67706
"3352",335.1,26.6609684,-164.542198019802,3.676
"3353",335.2,26.6561368,-164.430868686869,3.676
"3354",335.3,26.6419661616162,-164.34988,3.67647
"3355",335.4,26.6372068,-164.31075,3.67653
"3356",335.5,26.6431709,-164.28217,3.676
"3357",335.6,26.6426137,-164.259981981982,3.676
"3358",335.7,26.6209184,-164.342539325843,3.676
"3359",335.8,26.6110986,-164.41447,3.67553
"3360",335.9,26.6277510891089,-164.40701,3.67594
"3361",336,26.6193262626263,-164.414616161616,3.6760505050505
"3362",336.1,26.6176846,-164.36964,3.67548
"3363",336.2,26.6227954455446,-164.32903960396,3.676
"3364",336.3,26.6017191836735,-164.344186915888,3.676
"3365",336.4,26.5966063366337,-164.3236,3.676
"3366",336.5,26.6204746,-164.340826086957,3.676
"3367",336.6,26.6356091,-164.33184,3.67648
"3368",336.7,26.6587095049505,-164.315534653465,3.677
"3369",336.8,26.6444080808081,-164.34164,3.677
"3370",336.9,26.6275701980198,-164.3574,3.67606
"3371",337,26.6474396969697,-164.34591,3.67594
"3372",337.1,26.6299122,-164.2787,3.677
"3373",337.2,26.6113849,-164.231,3.67653
"3374",337.3,26.6186209090909,-164.22442,3.67647
"3375",337.4,26.6320266336634,-164.119676767677,3.67652525252525
"3376",337.5,26.6293236363636,-164.152198019802,3.67647524752475
"3377",337.6,26.6646023762376,-164.214898989899,3.67652525252525
"3378",337.7,26.6730236363636,-164.18836,3.676
"3379",337.8,26.6969027722772,-164.24072,3.67648
"3380",337.9,26.675674059406,-164.29636,3.677
"3381",338,26.6583660606061,-164.26812,3.67652
"3382",338.1,26.6683618811881,-164.19932,3.67648
"3383",338.2,26.6806938383838,-164.236683168317,3.67652475247525
"3384",338.3,26.68625,-164.15305050505,3.676
"3385",338.4,26.6852852,-164.15376,3.676
"3386",338.5,26.6751004,-164.16832,3.676
"3387",338.6,26.6832243564356,-164.161871287129,3.676
"3388",338.7,26.6903709090909,-164.13227,3.67788
"3389",338.8,26.6931936633663,-164.093603960396,3.67813861386139
"3390",338.9,26.7161009,-164.15901010101,3.67646464646465
"3391",339,26.721225,-164.18199,3.67653
"3392",339.1,26.7394295,-164.15396969697,3.676
"3393",339.2,26.7184218181818,-164.114900990099,3.676
"3394",339.3,26.6996277227723,-163.99574,3.676
"3395",339.4,26.7107954545455,-163.890333333333,3.676
"3396",339.5,26.7211668,-163.96148,3.676
"3397",339.6,26.7170028,-163.9386,3.67648
"3398",339.7,26.6818256,-164.00108,3.67604
"3399",339.8,26.6683724,-164.113485148515,3.6759504950495
"3400",339.9,26.6733041414141,-164.062060606061,3.6760505050505
"3401",340,26.6758015,-164.03184,3.67548
"3402",340.1,26.6655108910891,-164.03596,3.676
"3403",340.2,26.657336,-164.0068,3.676
"3404",340.3,26.6618202970297,-163.912,3.676
"3405",340.4,26.6616609090909,-163.87357,3.676
"3406",340.5,26.6732923880597,-163.956939393939,3.67647474747475
"3407",340.6,26.6724063636364,-164.00412,3.677
"3408",340.7,26.6603444,-163.97164,3.67652
"3409",340.8,26.66884,-163.915636363636,3.67643636363636
"3410",340.9,26.6354807070707,-163.896857142857,3.67616483516483
"3411",341,26.6367515841584,-163.964050505051,3.67547474747475
"3412",341.1,26.676286,-163.98200990099,3.676
"3413",341.2,26.6633408,-163.73904040404,3.676
"3414",341.3,26.668372,-163.73452,3.67648
"3415",341.4,26.6965452,-164.0052,3.67652
"3416",341.5,26.6944488,-163.949654545455,3.67643636363636
"3417",341.6,26.6870468686869,-163.937533333333,3.677
"3418",341.7,26.6828915,-163.91124,3.67652
"3419",341.8,26.6968853465347,-163.961693069307,3.67647524752475
"3420",341.9,26.7052328,-163.98814,3.67653
"3421",342,26.7053284,-163.92534,3.676
"3422",342.1,26.7249348,-163.87402,3.676
"3423",342.2,26.7449392929293,-163.777438596491,3.676
"3424",342.3,26.7320545,-163.779755813953,3.676
"3425",342.4,26.737403,-163.86221,3.67647
"3426",342.5,26.7236238613861,-163.84881,3.67606
"3427",342.6,26.6990948,-163.84043,3.67453
"3428",342.7,26.7308904,-163.816232323232,3.6749494949495
"3429",342.8,26.7268604,-163.785705882353,3.67647058823529
"3430",342.9,26.7130688,-163.82512244898,3.677
"3431",343,26.7213108,-163.82252,3.67652
"3432",343.1,26.7193996,-163.72504950495,3.676
"3433",343.2,26.7323428,-163.58651,3.676
"3434",343.3,26.7626236363636,-163.681651376147,3.676
"3435",343.4,26.764958,-163.834155555556,3.67642222222222
"3436",343.5,26.750787,-163.78799009901,3.67890099009901
"3437",343.6,26.7557225,-163.76841,3.67818
"3438",343.7,26.768327,-163.731057142857,3.67544761904762
"3439",343.8,26.762061,-163.684326315789,3.676
"3440",343.9,26.7447815151515,-163.729742574257,3.676
"3441",344,26.7471507920792,-163.74366,3.676
"3442",344.1,26.734104,-163.605282828283,3.676
"3443",344.2,26.7130687128713,-163.582353535354,3.676
"3444",344.3,26.7352936,-163.677574257426,3.676
"3445",344.4,26.724338989899,-163.64451,3.676
"3446",344.5,26.7311830693069,-163.609,3.6769494949495
"3447",344.6,26.7195352525253,-163.64788,3.67656
"3448",344.7,26.7081115,-163.641524752475,3.6759504950495
"3449",344.8,26.714042,-163.6303,3.67653
"3450",344.9,26.7272975,-163.67565,3.676
"3451",345,26.7211534653465,-163.611757575758,3.676
"3452",345.1,26.7222547474747,-163.554930693069,3.676
"3453",345.2,26.7447007920792,-163.55703030303,3.676
"3454",345.3,26.7324135353535,-163.50328,3.676
"3455",345.4,26.7030845,-163.50884,3.67696
"3456",345.5,26.7062205,-163.54868,3.67752
"3457",345.6,26.7106933333333,-163.49788,3.67604
"3458",345.7,26.7237241176471,-163.47784,3.67548
"3459",345.8,26.720932020202,-163.47599009901,3.676
"3460",345.9,26.6962715,-163.404676767677,3.676
"3461",346,26.671075,-163.27844,3.676
"3462",346.1,26.6659839393939,-163.23224,3.676
"3463",346.2,26.6829652475248,-163.344366336634,3.67647524752475
"3464",346.3,26.6793086868687,-163.42307,3.67653
"3465",346.4,26.6415772277228,-163.4036,3.67459
"3466",346.5,26.644935,-163.43342,3.67535
"3467",346.6,26.6568095,-163.47242,3.678
"3468",346.7,26.6722205940594,-163.45043,3.67753
"3469",346.8,26.6640585858586,-163.38747,3.67653
"3470",346.9,26.6478985148515,-163.341646464646,3.676
"3471",347,26.6624376767677,-163.378465346535,3.676
"3472",347.1,26.6612665,-163.398656565657,3.676
"3473",347.2,26.6490505,-163.38356,3.676
"3474",347.3,26.6669505050505,-163.40100990099,3.676
"3475",347.4,26.670021980198,-163.41203030303,3.67932323232323
"3476",347.5,26.664968989899,-163.4226,3.67964
"3477",347.6,26.6690512,-163.392810810811,3.67556756756757
"3478",347.7,26.6566586,-163.297021276596,3.67539361702128
"3479",347.8,26.6707,-163.25834375,3.676
"3480",347.9,26.6763404901961,-163.256676767677,3.676
"3481",348,26.6674485858586,-163.3802,3.676
"3482",348.1,26.6970008910891,-163.408823529412,3.676
"3483",348.2,26.6994855,-163.284141414141,3.67646464646465
"3484",348.3,26.7285953535353,-163.329,3.67747
"3485",348.4,26.7100994059406,-163.40738,3.67706
"3486",348.5,26.710895050505,-163.398315315315,3.67642342342342
"3487",348.6,26.7303250495049,-163.33891011236,3.67659550561798
"3488",348.7,26.7175426262626,-163.327862385321,3.676
"3489",348.8,26.68672,-163.311430107527,3.676
"3490",348.9,26.699639009901,-163.326454545455,3.676
"3491",349,26.7211788888889,-163.1542,3.676
"3492",349.1,26.7231622772277,-163.010469387755,3.676
"3493",349.2,26.710044040404,-163.243545454545,3.676
"3494",349.3,26.697679009901,-163.351511111111,3.67431111111111
"3495",349.4,26.6969734343434,-163.37502970297,3.67437623762376
"3496",349.5,26.701267,-163.3534,3.67653
"3497",349.6,26.703903960396,-163.258,3.67647
"3498",349.7,26.7004555555556,-163.28103,3.67653
"3499",349.8,26.7020059405941,-163.28679,3.676
"3500",349.9,26.695454040404,-163.175584158416,3.676
"3501",350,26.6987782,-163.139834862385,3.676
"3502",350.1,26.6987672,-163.178739583333,3.676
"3503",350.2,26.7081048,-163.132635514019,3.676
"3504",350.3,26.7096148514851,-163.218204545455,3.67638636363636
"3505",350.4,26.6962631313131,-163.267646464646,3.67653535353535
"3506",350.5,26.711148,-163.27911,3.676
"3507",350.6,26.7281220792079,-163.22631,3.676
"3508",350.7,26.727788,-163.19096,3.676
"3509",350.8,26.7162645,-163.186171717172,3.676
"3510",350.9,26.7100466666667,-162.973,3.676
"3511",351,26.7004099009901,-162.92798,3.676
"3512",351.1,26.6937287878788,-163.132777777778,3.676
"3513",351.2,26.6938192,-163.209606060606,3.67647474747475
"3514",351.3,26.6984818,-163.250900990099,3.67652475247525
"3515",351.4,26.71438,-163.22292,3.67647
"3516",351.5,26.7224640594059,-163.21297,3.67653
"3517",351.6,26.7196033333333,-163.18736,3.676
"3518",351.7,26.7039474,-163.17594949495,3.676
"3519",351.8,26.6830067326733,-163.128247524752,3.676
"3520",351.9,26.6759133333333,-162.959601769911,3.676
"3521",352,26.6873497058824,-162.953720930233,3.676
"3522",352.1,26.6933165656566,-163.008,3.676
"3523",352.2,26.704012,-163.064188118812,3.67647524752475
"3524",352.3,26.7283894,-163.2027,3.677
"3525",352.4,26.7251212,-163.12763,3.67606
"3526",352.5,26.7286732,-163.04734,3.675
"3527",352.6,26.71733,-163.03691,3.67547
"3528",352.7,26.7250137623762,-163.07592,3.676
"3529",352.8,26.7287278,-163.0352,3.676
"3530",352.9,26.7237606,-162.960222222222,3.676
"3531",353,26.7286928,-162.99064,3.676
"3532",353.1,26.7381936,-162.95524,3.67552
"3533",353.2,26.7446704,-162.953752475248,3.6759504950495
"3534",353.3,26.73603,-162.974666666667,3.677
"3535",353.4,26.738709,-163.0184,3.677
"3536",353.5,26.7471863,-163.003277227723,3.67652475247525
"3537",353.6,26.7603006,-162.919868686869,3.676
"3538",353.7,26.7873011,-162.859068965517,3.676
"3539",353.8,26.78591,-162.847047619048,3.676
"3540",353.9,26.7998623,-162.920666666667,3.676
"3541",354,26.7836759405941,-162.896150537634,3.676
"3542",354.1,26.7915638,-162.851393939394,3.67647474747475
"3543",354.2,26.764041980198,-162.818099009901,3.677
"3544",354.3,26.7551208080808,-162.753277227723,3.67653465346535
"3545",354.4,26.7729008,-162.81726,3.676
"3546",354.5,26.7730532,-162.765696969697,3.676
"3547",354.6,26.7714784,-162.68888,3.676
"3548",354.7,26.7671448,-162.66891,3.676
"3549",354.8,26.769272,-162.644465346535,3.676
"3550",354.9,26.7911966,-162.70434,3.676
"3551",355,26.7953766666667,-162.738222222222,3.676
"3552",355.1,26.8156052,-162.761827586207,3.676
"3553",355.2,26.7808336,-162.82969047619,3.67563095238095
"3554",355.3,26.7794965,-162.82812,3.67547
"3555",355.4,26.7761844,-162.793070707071,3.676
"3556",355.5,26.7769601010101,-162.75608,3.676
"3557",355.6,26.7688328,-162.79788,3.676
"3558",355.7,26.7569645544554,-162.787356435644,3.676
"3559",355.8,26.7515814851485,-162.76105,3.676
"3560",355.9,26.7503511881188,-162.719323232323,3.676
"3561",356,26.7546927272727,-162.65148,3.676
"3562",356.1,26.7504328,-162.657643564356,3.676
"3563",356.2,26.7517988,-162.69971,3.67647
"3564",356.3,26.7811933333333,-162.666737373737,3.67652525252525
"3565",356.4,26.7703356,-162.6834,3.67556363636364
"3566",356.5,26.7585778,-162.691688888889,3.67542222222222
"3567",356.6,26.7471995,-162.67536,3.676
"3568",356.7,26.7678093069307,-162.600861386139,3.676
"3569",356.8,26.77742,-162.561897196262,3.676
"3570",356.9,26.7811344,-162.565774193548,3.676
"3571",357,26.7877258,-162.6256,3.67647
"3572",357.1,26.8019748,-162.61959,3.67512
"3573",357.2,26.807323,-162.59132,3.67441
"3574",357.3,26.8013655,-162.71406,3.67647
"3575",357.4,26.8139396,-162.69962,3.67653
"3576",357.5,26.8054569,-162.604878787879,3.676
"3577",357.6,26.8109868,-162.61156,3.676
"3578",357.7,26.8007227,-162.509693069307,3.676
"3579",357.8,26.8011606060606,-162.3903,3.676
"3580",357.9,26.8026065346535,-162.35597,3.676
"3581",358,26.7971662,-162.402939393939,3.67647474747475
"3582",358.1,26.785488019802,-162.441842105263,3.67826315789474
"3583",358.2,26.7765772,-162.452494252874,3.6784367816092
"3584",358.3,26.78043,-162.447425742574,3.67646534653465
"3585",358.4,26.7934668,-162.47734,3.67654
"3586",358.5,26.8206874,-162.51876,3.676
"3587",358.6,26.8147191,-162.432135135135,3.676
"3588",358.7,26.8007855,-162.250958333333,3.676
"3589",358.8,26.8167498,-162.328258064516,3.676
"3590",358.9,26.8117526,-162.39501010101,3.676
"3591",359,26.7918643434343,-162.349603960396,3.67553465346535
"3592",359.1,26.826408,-162.498181818182,3.675
"3593",359.2,26.8492864,-162.51547,3.67594
"3594",359.3,26.8444891089109,-162.424425742574,3.67653465346535
"3595",359.4,26.8040245,-162.481888888889,3.676
"3596",359.5,26.7530465656566,-162.472227722772,3.676
"3597",359.6,26.7276402970297,-162.497141414141,3.676
"3598",359.7,26.7256036,-162.51546,3.676
"3599",359.8,26.7303,-162.405504950495,3.676
"3600",359.9,26.7333637,-162.45118,3.67554
"3601",360,26.7306964646465,-162.44802,3.67684
"3602",360.1,26.7275953465347,-162.359535353535,3.67760606060606
"3603",360.2,26.7378674747475,-162.409357142857,3.67683928571429
"3604",360.3,26.7458264,-162.420534090909,3.67720454545455
"3605",360.4,26.7158404,-162.35840952381,3.676
"3606",360.5,26.7152196,-162.336524752475,3.676
"3607",360.6,26.7225703960396,-162.250073684211,3.676
"3608",360.7,26.7320698989899,-162.23378,3.676
"3609",360.8,26.7268796039604,-162.238653465347,3.676
"3610",360.9,26.7181999,-162.287181818182,3.676
"3611",361,26.7172954,-162.27872,3.67554
"3612",361.1,26.727277,-162.22236,3.67546
"3613",361.2,26.7504125252525,-162.276596491228,3.676
"3614",361.3,26.7435057425743,-162.37,3.676
"3615",361.4,26.7551646464646,-162.364157303371,3.676
"3616",361.5,26.7650736,-162.16855,3.676
"3617",361.6,26.7623876,-162.16009,3.676
"3618",361.7,26.7883691919192,-162.26186,3.676
"3619",361.8,26.7728637623763,-162.228069306931,3.676
"3620",361.9,26.7896901010101,-162.25552,3.676
"3621",362,26.7863852475247,-162.25266,3.676
"3622",362.1,26.7670512,-162.273191919192,3.67553535353535
"3623",362.2,26.7662232,-162.353910891089,3.67546534653465
"3624",362.3,26.7645895049505,-162.352313131313,3.676
"3625",362.4,26.7741196969697,-162.3494,3.676
"3626",362.5,26.7779476237624,-162.304417391304,3.676
"3627",362.6,26.7864349494949,-162.244329411765,3.676
"3628",362.7,26.7813128,-162.341752475248,3.676
"3629",362.8,26.7703124,-162.351343434343,3.676
"3630",362.9,26.7648390909091,-162.296148514851,3.676
"3631",363,26.7661105940594,-162.323456140351,3.676
"3632",363.1,26.7864354545455,-162.278788235294,3.67562352941176
"3633",363.2,26.7893488,-162.22566,3.67547
"3634",363.3,26.761328,-162.240475247525,3.676
"3635",363.4,26.7698115151515,-162.19206,3.676
"3636",363.5,26.797991372549,-162.21654,3.676
"3637",363.6,26.8092622222222,-162.205326732673,3.676
"3638",363.7,26.820153960396,-162.133454545455,3.676
"3639",363.8,26.8323056,-162.09584,3.67692
"3640",363.9,26.8137284848485,-162.07574,3.67984
"3641",364,26.8188714851485,-162.1314,3.67924
"3642",364.1,26.8155408080808,-162.15024,3.67646
"3643",364.2,26.8123712871287,-162.12216,3.67654
"3644",364.3,26.8053795959596,-162.12842,3.676
"3645",364.4,26.7841615,-162.13044,3.676
"3646",364.5,26.7845651485149,-162.07204,3.676
"3647",364.6,26.7911531313131,-162.12286,3.676
"3648",364.7,26.7912217821782,-162.14288,3.676
"3649",364.8,26.8214311111111,-162.03238,3.67554
"3650",364.9,26.8312134,-162.028254901961,3.67635294117647
"3651",365,26.8149442,-162.08596875,3.6773125
"3652",365.1,26.8155073,-162.097226666667,3.67557333333333
"3653",365.2,26.8303831,-162.0845,3.67485416666667
"3654",365.3,26.8223727272727,-162.02945,3.676
"3655",365.4,26.8195732673267,-161.8731,3.676
"3656",365.5,26.8130978787879,-161.841454545455,3.676
"3657",365.6,26.835225,-162.0337,3.676
"3658",365.7,26.8284035643564,-161.977,3.676
"3659",365.8,26.8344863636364,-162.0437,3.67646
"3660",365.9,26.8371117647059,-162.1197,3.67654
"3661",366,26.8547173737374,-162.199707070707,3.67646464646465
"3662",366.1,26.8600721,-162.10183,3.67653
"3663",366.2,26.8722133663366,-161.92959,3.676
"3664",366.3,26.878516,-161.89546,3.676
"3665",366.4,26.865648,-161.66693,3.676
"3666",366.5,26.8684125252525,-161.612831858407,3.676
"3667",366.6,26.8590026,-161.819862068966,3.676
"3668",366.7,26.870634,-161.946168316832,3.67553465346535
"3669",366.8,26.872705,-161.901158415842,3.67591089108911
"3670",366.9,26.8778463,-161.903363636364,3.67654545454545
"3671",367,26.8703766666667,-161.913396039604,3.67554455445545
"3672",367.1,26.885616,-161.839363636364,3.67545454545455
"3673",367.2,26.895093,-161.862643564356,3.676
"3674",367.3,26.902375,-161.824327586207,3.676
"3675",367.4,26.8886686138614,-161.785670454545,3.676
"3676",367.5,26.9125909090909,-161.847452631579,3.676
"3677",367.6,26.8842693069307,-161.867631067961,3.67644660194175
"3678",367.7,26.897785,-161.847135416667,3.677
"3679",367.8,26.9110477,-161.812891089109,3.67653465346535
"3680",367.9,26.8483265,-161.870145454545,3.67558181818182
"3681",368,26.7887375757576,-161.910224719101,3.675
"3682",368.1,26.7739473267327,-161.8541,3.67547
"3683",368.2,26.7709321212121,-161.806297029703,3.676
"3684",368.3,26.7722110891089,-161.779595959596,3.676
"3685",368.4,26.7469258,-161.808156862745,3.676
"3686",368.5,26.7579083,-161.808653061225,3.676
"3687",368.6,26.7561471,-161.82549,3.67647
"3688",368.7,26.7642015151515,-161.87593,3.67888
"3689",368.8,26.7661272277228,-161.870784313725,3.67869607843137
"3690",368.9,26.7554060606061,-161.904545454545,3.676
"3691",369,26.747279,-161.911771929825,3.67640350877193
"3692",369.1,26.735194,-161.861941176471,3.67662352941176
"3693",369.2,26.72218,-161.72401980198,3.676
"3694",369.3,26.760028,-161.78178,3.676
"3695",369.4,26.7476946464646,-161.808353535354,3.676
"3696",369.5,26.7435312,-161.77397,3.676
"3697",369.6,26.7547751485148,-161.84048,3.676
"3698",369.7,26.74598,-161.86499009901,3.676
"3699",369.8,26.7477414851485,-161.86647706422,3.676
"3700",369.9,26.8456636363637,-161.885769230769,3.676
"3701",370,26.8810366336634,-161.8765,3.676
"3702",370.1,26.8719471,-161.83388,3.676
"3703",370.2,26.8798009,-161.736457142857,3.676
"3704",370.3,26.8893458,-161.38064893617,3.676
"3705",370.4,26.894841,-161.284782178218,3.676
"3706",370.5,26.9034463,-161.667626262626,3.676
"3707",370.6,26.9077451515152,-161.72903960396,3.67646534653465
"3708",370.7,26.899704,-161.857141414141,3.677
"3709",370.8,26.9025717821782,-161.854900990099,3.67653465346535
"3710",370.9,26.9175488,-161.71828,3.676
"3711",371,26.902832,-161.64396,3.676
"3712",371.1,26.9027360606061,-161.6345,3.676
"3713",371.2,26.897278,-161.715717391304,3.676
"3714",371.3,26.904617,-161.685686868687,3.676
"3715",371.4,26.907772,-161.58484,3.676
"3716",371.5,26.910442970297,-161.585871287129,3.67553465346535
"3717",371.6,26.8953621212121,-161.667358974359,3.67460683760684
"3718",371.7,26.903459,-161.62856097561,3.67470731707317
"3719",371.8,26.89147,-161.569613861386,3.67693069306931
"3720",371.9,26.885893,-161.55501980198,3.67663366336634
"3721",372,26.859533,-161.536090909091,3.67545454545455
"3722",372.1,26.821956,-161.613323232323,3.676
"3723",372.2,26.791203,-161.61025,3.676
"3724",372.3,26.742821,-161.5393,3.676
"3725",372.4,26.765649,-161.48089,3.676
"3726",372.5,26.7797204950495,-161.40408,3.67647
"3727",372.6,26.777197,-161.385,3.67557575757576
"3728",372.7,26.7554318,-161.397770642202,3.67488073394495
"3729",372.8,26.7593519,-161.430532608696,3.67557608695652
"3730",372.9,26.7693587878788,-161.42498989899,3.67547474747475
"3731",373,26.753769,-161.426290909091,3.676
"3732",373.1,26.720548,-161.450043956044,3.676
"3733",373.2,26.718093,-161.372777777778,3.676
"3734",373.3,26.726337,-161.35676,3.67552
"3735",373.4,26.7332041414141,-161.35496,3.67548
"3736",373.5,26.7320095,-161.35536,3.67552
"3737",373.6,26.7617809,-161.42636,3.67452
"3738",373.7,26.7945498019802,-161.48668,3.67544
"3739",373.8,26.758734,-161.508811881188,3.67652475247525
"3740",373.9,26.768247,-161.46408,3.676
"3741",374,26.762661980198,-161.417079207921,3.676
"3742",374.1,26.7649557575758,-161.44066,3.676
"3743",374.2,26.7768,-161.43746,3.67554
"3744",374.3,26.784705,-161.354212121212,3.67546464646465
"3745",374.4,26.771883,-161.39471,3.676
"3746",374.5,26.811328,-161.40687,3.67788
"3747",374.6,26.8099175757576,-161.3697,3.67765
"3748",374.7,26.7856292079208,-161.32894,3.67547
"3749",374.8,26.782907,-161.393336633663,3.676
"3750",374.9,26.788781,-161.423848484848,3.676
"3751",375,26.782806,-161.301353448276,3.676
"3752",375.1,26.8197447474747,-161.306084337349,3.676
"3753",375.2,26.8111185,-161.378603960396,3.676
"3754",375.3,26.766558,-161.341727272727,3.676
"3755",375.4,26.7813103960396,-161.24164,3.67552
"3756",375.5,26.792659,-161.22748,3.67596
"3757",375.6,26.7835947474747,-161.309881188119,3.6760495049505
"3758",375.7,26.8173358415842,-161.377252525252,3.67452525252525
"3759",375.8,26.8090795959596,-161.263058823529,3.67494117647059
"3760",375.9,26.815696039604,-161.202252525253,3.676
"3761",376,26.7999676767677,-161.167841584158,3.676
"3762",376.1,26.8033655,-161.068468468468,3.676
"3763",376.2,26.8703278217822,-161.04585106383,3.67562765957447
"3764",376.3,26.885539,-161.172368421053,3.67543157894737
"3765",376.4,26.8865966666667,-161.257747474747,3.67739393939394
"3766",376.5,26.9035106060606,-161.27457,3.67712
"3767",376.6,26.9006736,-161.161683168317,3.67546534653465
"3768",376.7,26.8899633,-161.048444444444,3.676
"3769",376.8,26.8897172,-161.03921,3.676
"3770",376.9,26.909757,-161.05166,3.676
"3771",377,26.9019596969697,-161.0635,3.676
"3772",377.1,26.90266,-161.09235,3.676
"3773",377.2,26.898927,-161.10534,3.676
"3774",377.3,26.8912262626263,-161.122584158416,3.676
"3775",377.4,26.894828,-161.12854,3.67646
"3776",377.5,26.9058538383838,-161.13306,3.67608
"3777",377.6,26.9148561386139,-161.09898,3.67546
"3778",377.7,26.9131566,-161.0566,3.676
"3779",377.8,26.8997143,-161.04636,3.676
"3780",377.9,26.9018183168317,-161.06572,3.676
"3781",378,26.9071893939394,-160.8501,3.676
"3782",378.1,26.9026535643564,-160.80214,3.676
"3783",378.2,26.9023605050505,-161.042666666667,3.676
"3784",378.3,26.8783951485149,-161.07164,3.676
"3785",378.4,26.852237,-161.13982,3.67835
"3786",378.5,26.828118989899,-161.09,3.67865
"3787",378.6,26.8345600980392,-161.09,3.676
"3788",378.7,26.8194018181818,-161.014148514851,3.676
"3789",378.8,26.825151,-160.925633663366,3.676
"3790",378.9,26.8105146464646,-160.925818181818,3.676
"3791",379,26.8227342424243,-160.985151515152,3.676
"3792",379.1,26.8138953465347,-161.028663366337,3.67553465346535
"3793",379.2,26.8130414141414,-160.989525252525,3.67546464646465
"3794",379.3,26.8279736633663,-161.037752475247,3.676
"3795",379.4,26.8283612121212,-161.068252525253,3.67646464646465
"3796",379.5,26.8255984,-161.052016528926,3.67661157024793
"3797",379.6,26.804756,-161.03817721519,3.67567088607595
"3798",379.7,26.8088428,-160.88473,3.67547
"3799",379.8,26.8422872277228,-160.933267326733,3.676
"3800",379.9,26.8450774747475,-161.0347,3.676
"3801",380,26.8582840594059,-161.052494949495,3.676
"3802",380.1,26.8293438,-160.949138613861,3.676
"3803",380.2,26.8059831,-160.915368932039,3.67555339805825
"3804",380.3,26.8177288118812,-160.968329896907,3.67455670103093
"3805",380.4,26.8329776767677,-160.98822,3.67492
"3806",380.5,26.848455049505,-161.077554455446,3.676
"3807",380.6,26.839254949495,-161.0002,3.676
"3808",380.7,26.837346,-160.929454545455,3.676
"3809",380.8,26.8540149,-160.947326732673,3.676
"3810",380.9,26.8437080808081,-160.9502,3.676
"3811",381,26.8515487128713,-160.956526315789,3.676
"3812",381.1,26.8363929292929,-160.937023255814,3.676
"3813",381.2,26.8199824,-160.9582,3.676
"3814",381.3,26.8048724,-160.904132653061,3.676
"3815",381.4,26.8189645454545,-160.8466,3.676
"3816",381.5,26.8371475490196,-160.809475247525,3.676
"3817",381.6,26.8499709090909,-160.77164,3.676
"3818",381.7,26.8719424,-160.81084,3.676
"3819",381.8,26.8464364356436,-160.862818181818,3.676
"3820",381.9,26.8637984,-160.795643564356,3.676
"3821",382,26.8858224,-160.728646464646,3.676
"3822",382.1,26.8816876767677,-160.75938,3.676
"3823",382.2,26.8850648,-160.82325,3.67553
"3824",382.3,26.8903028,-160.823445544554,3.67546534653465
"3825",382.4,26.880154,-160.822178217822,3.67554455445545
"3826",382.5,26.883441980198,-160.8327,3.67455
"3827",382.6,26.8743495959596,-160.780090909091,3.67445454545454
"3828",382.7,26.8744402970297,-160.790386138614,3.67545544554455
"3829",382.8,26.9121394949495,-160.774789473684,3.67560526315789
"3830",382.9,26.9052852,-160.721709302326,3.675
"3831",383,26.906248,-160.6863,3.675
"3832",383.1,26.8827972,-160.6907,3.675
"3833",383.2,26.8622272,-160.692,3.675
"3834",383.3,26.8929063636363,-160.705564356436,3.675
"3835",383.4,26.8989596,-160.74600862069,3.675
"3836",383.5,26.9002325,-160.673524390244,3.67535365853659
"3837",383.6,26.8978686,-160.69872,3.676
"3838",383.7,26.9069646534654,-160.81503,3.676
"3839",383.8,26.89883,-160.760495049505,3.676
"3840",383.9,26.8951011881188,-160.71900990099,3.67554455445545
"3841",384,26.9077752,-160.707234042553,3.675
"3842",384.1,26.8945296,-160.558175438596,3.67521052631579
"3843",384.2,26.8898767326733,-160.688317757009,3.68019626168224
"3844",384.3,26.8991015,-160.696105263158,3.67963157894737
"3845",384.4,26.8950108,-160.642204081633,3.67591836734694
"3846",384.5,26.8940756565657,-160.65901980198,3.67653465346535
"3847",384.6,26.9073948,-160.6418,3.67554
"3848",384.7,26.893602,-160.610090909091,3.675
"3849",384.8,26.8883804,-160.604148514851,3.67546534653465
"3850",384.9,26.8771676,-160.598768595041,3.676
"3851",385,26.8977072727273,-160.64317948718,3.67567948717949
"3852",385.1,26.8948887,-160.768558823529,3.675
"3853",385.2,26.9054537,-160.7224,3.6741
"3854",385.3,26.9142885,-160.6952,3.67345
"3855",385.4,26.9138565346535,-160.6432,3.6749
"3856",385.5,26.9093132,-160.667090909091,3.676
"3857",385.6,26.9350564,-160.65202020202,3.676
"3858",385.7,26.9504768,-160.665297029703,3.67553465346535
"3859",385.8,26.976614,-160.639138613861,3.67545544554455
"3860",385.9,26.989146,-160.603459183673,3.676
"3861",386,26.9574388,-160.647227722772,3.676
"3862",386.1,26.947376,-160.628257425743,3.67645544554455
"3863",386.2,26.9577927272727,-160.603387755102,3.67562244897959
"3864",386.3,26.9609642,-160.626415841584,3.67353465346535
"3865",386.4,26.9587222772277,-160.53099009901,3.67391089108911
"3866",386.5,26.9776596,-160.458265306122,3.67545918367347
"3867",386.6,26.9512408,-160.558756756757,3.67557657657658
"3868",386.7,26.9419363636364,-160.55,3.67538709677419
"3869",386.8,26.9446464,-160.518020618557,3.67555670103093
"3870",386.9,26.9561887,-160.432017699115,3.67540707964602
"3871",387,26.9695829,-160.404931034483,3.676
"3872",387.1,26.9424476,-160.44474,3.67646
"3873",387.2,26.9564856,-160.472891089109,3.67654455445545
"3874",387.3,26.9468062626263,-160.44715,3.6751
"3875",387.4,26.9335138613861,-160.42765,3.67445
"3876",387.5,26.9364417171717,-160.4593,3.675
"3877",387.6,26.9420153465347,-160.4352,3.675
"3878",387.7,26.9667127,-160.266,3.675
"3879",387.8,26.970824,-160.29416,3.67546
"3880",387.9,26.9824562376238,-160.39604,3.67554
"3881",388,26.9960763636364,-160.38274,3.675
"3882",388.1,26.9702940594059,-160.42492,3.67638
"3883",388.2,26.9535064,-160.39532,3.67708
"3884",388.3,26.9573192,-160.42826,3.67554
"3885",388.4,26.9886904,-160.46004,3.67546
"3886",388.5,26.9682418181818,-160.461940594059,3.676
"3887",388.6,26.9873869,-160.325545454545,3.67554545454545
"3888",388.7,26.9865914,-160.21306,3.675
"3889",388.8,26.9935986,-160.271306930693,3.675
"3890",388.9,26.9830875,-160.250636363636,3.675
"3891",389,26.9623858585859,-160.2624,3.675
"3892",389.1,26.9623694,-160.209633663366,3.67454455445545
"3893",389.2,26.9799062,-160.191181818182,3.67445454545455
"3894",389.3,26.9706732673267,-160.232900990099,3.675
"3895",389.4,26.9514154,-160.2505,3.675
"3896",389.5,26.9214016,-160.231636363636,3.67545454545455
"3897",389.6,26.9081412,-160.239762376238,3.67554455445545
"3898",389.7,26.9085672,-160.30925,3.675
"3899",389.8,26.8740867,-160.274,3.67545
"3900",389.9,26.9049065,-160.220260869565,3.67560869565217
"3901",390,26.8911827,-160.195857142857,3.67464285714286
"3902",390.1,26.8887605,-160.21368,3.67446
"3903",390.2,26.9017596969697,-160.227638095238,3.675
"3904",390.3,26.8984214851485,-160.20146,3.675
"3905",390.4,26.9147494,-160.1331875,3.675
"3906",390.5,26.9237102,-160.098727272727,3.675
"3907",390.6,26.9171719,-160.1125,3.67546
"3908",390.7,26.9160948484848,-160.14794,3.67554
"3909",390.8,26.9145159405941,-160.136198198198,3.67541441441441
"3910",390.9,26.8856876767677,-160.142550561798,3.67560674157303
"3911",391,26.897641,-160.197525252525,3.67592929292929
"3912",391.1,26.9048764,-160.15134,3.67653
"3913",391.2,26.896868989899,-160.11105,3.67553
"3914",391.3,26.8734501980198,-160.144403669725,3.675
"3915",391.4,26.8729473737374,-160.124108695652,3.67541304347826
"3916",391.5,26.8985416831683,-160.1102,3.67554
"3917",391.6,26.8983642,-160.005385321101,3.67542201834862
"3918",391.7,26.9198578,-160.050088888889,3.67558888888889
"3919",391.8,26.9139816831683,-160.16591,3.67547
"3920",391.9,26.8894129292929,-160.13359,3.67647
"3921",392,26.8634523529412,-160.174762376238,3.67653465346535
"3922",392.1,26.8361936363636,-160.18002,3.67554
"3923",392.2,26.8243657,-160.191669291339,3.67536220472441
"3924",392.3,26.8340558,-160.170413333333,3.67574666666667
"3925",392.4,26.8493274747475,-160.113734693878,3.675
"3926",392.5,26.8368827722772,-160.046626262626,3.675
"3927",392.6,26.8499463636364,-160.08498,3.675
"3928",392.7,26.8383928,-160.126796116505,3.67545631067961
"3929",392.8,26.8299002,-159.995835051546,3.67645360824742
"3930",392.9,26.8458412121212,-159.945613861386,3.67467326732673
"3931",393,26.8373982178218,-160.0785,3.67338
"3932",393.1,26.8614323232323,-160.05354,3.67546
"3933",393.2,26.870850990099,-159.92594949495,3.67553535353535
"3934",393.3,26.8350768,-159.937310679612,3.675
"3935",393.4,26.8052414,-160.002259259259,3.675
"3936",393.5,26.8167441584158,-159.922574468085,3.675
"3937",393.6,26.8636418181818,-159.804,3.675
"3938",393.7,26.874804,-159.8982,3.675
"3939",393.8,26.8544422,-159.912326732673,3.675
"3940",393.9,26.8494882,-159.950415841584,3.67670297029703
"3941",394,26.8408626,-159.998947368421,3.67752631578947
"3942",394.1,26.8342538383838,-159.999666666667,3.675
"3943",394.2,26.8536224752475,-159.943448979592,3.675
"3944",394.3,26.827134,-159.967219047619,3.675
"3945",394.4,26.8346514,-159.90298989899,3.675
"3946",394.5,26.8564102,-159.80696,3.675
"3947",394.6,26.8391784848485,-159.848474226804,3.675
"3948",394.7,26.8086493069307,-159.8954,3.67545
"3949",394.8,26.8205838,-159.93155,3.6751
"3950",394.9,26.81721,-159.878363636364,3.67445454545455
"3951",395,26.7987182,-159.913544554455,3.675
"3952",395.1,26.8282202020202,-159.88565,3.6759
"3953",395.2,26.8390366336634,-159.9047,3.6761
"3954",395.3,26.8264948979592,-160.00915,3.675
"3955",395.4,26.8090381188119,-159.715,3.675
"3956",395.5,26.8109525,-159.6403,3.675
"3957",395.6,26.790735,-159.85485,3.675
"3958",395.7,26.8124434653465,-159.800909090909,3.675
"3959",395.8,26.8220342424242,-159.862811881188,3.67454455445545
"3960",395.9,26.8334702941176,-159.965,3.67442857142857
"3961",396,26.8645051515152,-159.977680851064,3.67627659574468
"3962",396.1,26.9047282,-159.907554455446,3.67708910891089
"3963",396.2,26.9184008,-159.931173076923,3.67556730769231
"3964",396.3,26.9311254545454,-159.907526315789,3.675
"3965",396.4,26.937627029703,-159.82568,3.675
"3966",396.5,26.9418811111111,-159.804366336634,3.675
"3967",396.6,26.92496,-159.8537,3.675
"3968",396.7,26.924805,-159.9237,3.67635
"3969",396.8,26.92247,-159.93755,3.67665
"3970",396.9,26.9414385148515,-159.841090909091,3.67545454545455
"3971",397,26.9431057575758,-159.78902,3.67646
"3972",397.1,26.9532725742574,-159.821216666667,3.67623333333333
"3973",397.2,26.9368506,-159.781604938272,3.675
"3974",397.3,26.9366686868687,-159.7806,3.675
"3975",397.4,26.9257059405941,-159.6261,3.675
"3976",397.5,26.9306775757576,-159.61645,3.67545
"3977",397.6,26.9513630693069,-159.7954,3.676
"3978",397.7,26.944075050505,-159.8691,3.67465
"3979",397.8,26.9400378217822,-159.876158415842,3.67478217821782
"3980",397.9,26.9393268,-159.864081632653,3.67610204081633
"3981",398,26.9461808080808,-159.8039,3.67546
"3982",398.1,26.9509382352941,-159.79972,3.67554
"3983",398.2,26.9461317171717,-159.79103960396,3.675
"3984",398.3,26.9510908,-159.57415,3.675
"3985",398.4,26.9493072,-159.51305,3.675
"3986",398.5,26.9499577777778,-159.747363636364,3.675
"3987",398.6,26.9383532673267,-159.794108910891,3.67454455445545
"3988",398.7,26.93778,-159.815,3.67536363636364
"3989",398.8,26.9512475,-159.821534653465,3.67608910891089
"3990",398.9,26.9184412121212,-159.807941176471,3.675
"3991",399,26.9219008,-159.802071428571,3.6754387755102
"3992",399.1,26.9419656,-159.824267326733,3.67555445544554
"3993",399.2,26.9587096969697,-159.83028,3.675
"3994",399.3,26.9615126213592,-159.80856,3.675
"3995",399.4,26.9237541414141,-159.80724137931,3.675
"3996",399.5,26.9265025,-159.776333333333,3.675
"3997",399.6,26.91214,-159.77948,3.67456
"3998",399.7,26.911741010101,-159.865226415094,3.67483018867925
"3999",399.8,26.9263503960396,-159.869553191489,3.67559574468085
"4000",399.9,26.9243314141414,-159.860777777778,3.67588888888889
"4001",400,26.935285,-159.8121,3.6761
"4002",400.1,26.9403925,-159.765801980198,3.675
"4003",400.2,26.9292325,-159.815333333333,3.675
"4004",400.3,26.91205,-159.83635,3.675
"4005",400.4,26.9097642424242,-159.7834,3.675
"4006",400.5,26.9525233663366,-159.76915,3.675
"4007",400.6,26.9659357575758,-159.743090909091,3.67545454545455
"4008",400.7,26.9352784,-159.660297029703,3.67554455445545
"4009",400.8,26.9029312,-159.679036697248,3.6754128440367
"4010",400.9,26.9165333333333,-159.7238,3.6756
"4011",401,26.9334246534653,-159.65074,3.675
"4012",401.1,26.8941168,-159.672257425743,3.675
"4013",401.2,26.8919228571429,-159.706652173913,3.675
"4014",401.3,26.8946644776119,-159.619714285714,3.675
"4015",401.4,26.8756044444444,-159.467217821782,3.675
"4016",401.5,26.8673388118812,-159.5186,3.675
"4017",401.6,26.8658684848485,-159.586519230769,3.67413461538462
"4018",401.7,26.8824898,-159.553239583333,3.67385416666667
"4019",401.8,26.8704585148515,-159.584285714286,3.67542857142857
"4020",401.9,26.8733411111111,-159.516583333333,3.67558333333333
"4021",402,26.8774279411765,-159.4168,3.675
"4022",402.1,26.8763590909091,-159.475224489796,3.675
"4023",402.2,26.849896,-159.53102970297,3.675
"4024",402.3,26.898624,-159.548090909091,3.675
"4025",402.4,26.9128456,-159.469118811881,3.675
"4026",402.5,26.913788,-159.4129,3.67545
"4027",402.6,26.9512470707071,-159.464363636364,3.67645454545455
"4028",402.7,26.9256715841584,-159.47062,3.67608
"4029",402.8,26.9310805050505,-159.426066666667,3.6754380952381
"4030",402.9,26.9465673,-159.400041666667,3.67557291666667
"4031",403,26.9324759,-159.468545454545,3.675
"4032",403.1,26.9260233,-159.431128712871,3.675
"4033",403.2,26.9575659405941,-159.292181818182,3.675
"4034",403.3,26.9571563636364,-159.268759259259,3.675
"4035",403.4,26.9438346534653,-159.353744680851,3.67540425531915
"4036",403.5,26.9457596,-159.435097345133,3.67522123893805
"4037",403.6,26.92229,-159.466093023256,3.67363953488372
"4038",403.7,26.9328432673267,-159.401727272727,3.67390909090909
"4039",403.8,26.900685,-159.382078431373,3.67454901960784
"4040",403.9,26.920865,-159.406444444444,3.67444444444444
"4041",404,26.9283172727273,-159.339272727273,3.675
"4042",404.1,26.9474744,-159.135782178218,3.675
"4043",404.2,26.9428372,-159.08545,3.675
"4044",404.3,26.930952,-159.1373,3.675
"4045",404.4,26.9241504,-159.11005,3.67455
"4046",404.5,26.9095284848485,-159.207702970297,3.67444554455446
"4047",404.6,26.9045298,-159.227224489796,3.675
"4048",404.7,26.9146658,-159.230138613861,3.67591089108911
"4049",404.8,26.9207676,-159.25145,3.67655
"4050",404.9,26.915195049505,-159.20605,3.67555
"4051",405,26.9132874747475,-159.185818181818,3.675
"4052",405.1,26.9220370895522,-159.050415841584,3.675
"4053",405.2,26.9313696969697,-159.140181818182,3.675
"4054",405.3,26.9247557,-159.299643564356,3.675
"4055",405.4,26.9265858,-159.225831683168,3.675
"4056",405.5,26.9303644444444,-159.201245614035,3.67345614035088
"4057",405.6,26.9312499009901,-159.184071428571,3.67278571428571
"4058",405.7,26.9518744,-159.24082,3.67554
"4059",405.8,26.9691234,-159.2614,3.675
"4060",405.9,26.9503615841584,-159.18526,3.675
"4061",406,26.9664776,-159.23406,3.675
"4062",406.1,26.9584412,-159.005818181818,3.675
"4063",406.2,26.9385405050505,-158.88452,3.675
"4064",406.3,26.9412103,-159.111533333333,3.675
"4065",406.4,26.9601868,-159.10625,3.675
"4066",406.5,26.9820576,-159.08734,3.67592
"4067",406.6,27.0103286,-159.14014953271,3.67657009345794
"4068",406.7,27.0314457,-159.143558823529,3.67485294117647
"4069",406.8,27.0250244444444,-159.171413043478,3.67380434782609
"4070",406.9,27.0299885148515,-159.080148514851,3.675
"4071",407,27.0285,-159.090287128713,3.675
"4072",407.1,27.044644950495,-159.004727272727,3.675
"4073",407.2,27.0504769,-158.998588235294,3.675
"4074",407.3,27.0307791089109,-159.131151515151,3.675
"4075",407.4,27.0370686138614,-159.08192,3.67543
"4076",407.5,27.0234678787879,-159.076445544554,3.67514851485149
"4077",407.6,26.9863013861386,-159.157181818182,3.67357575757576
"4078",407.7,26.97588,-159.11744,3.67429
"4079",407.8,26.9707993939394,-159.1478,3.67557
"4080",407.9,26.971118,-159.12901010101,3.675
"4081",408,26.9963647474748,-158.781623762376,3.675
"4082",408.1,26.9625018,-158.61297979798,3.675
"4083",408.2,26.9561968,-158.951,3.67544
"4084",408.3,26.9429811881188,-159.03968,3.67556
"4085",408.4,26.942632,-159.035384615385,3.67669230769231
"4086",408.5,26.9513236363636,-159.063939393939,3.67738383838384
"4087",408.6,26.9662869306931,-159.043041666667,3.67542708333333
"4088",408.7,26.9637424242424,-158.9865,3.67555
"4089",408.8,26.9522451,-158.970861386139,3.675
"4090",408.9,26.960642,-159.0086,3.675
"4091",409,26.9487788888889,-158.93612,3.675
"4092",409.1,26.9327686138614,-158.955554455446,3.675
"4093",409.2,26.9490311111111,-159.074929292929,3.675
"4094",409.3,26.9675801980198,-159.0452,3.675
"4095",409.4,26.9564058,-159.087777777778,3.67411111111111
"4096",409.5,26.9432059,-159.1343,3.6739
"4097",409.6,26.9479493069307,-159.052181818182,3.67454545454545
"4098",409.7,26.9656626262626,-158.991076923077,3.67439316239316
"4099",409.8,26.9907311881188,-159.006435294118,3.675
"4100",409.9,26.9693001010101,-159.00802970297,3.675
"4101",410,26.9669037,-158.73971,3.675
"4102",410.1,26.9703555,-158.656659793814,3.675
"4103",410.2,26.9508533333333,-159.029535353535,3.67546464646465
"4104",410.3,26.9714051485148,-159.081534653465,3.676
"4105",410.4,26.9679033333333,-159.08606,3.67554
"4106",410.5,26.9638791089109,-159.096554455446,3.67545544554455
"4107",410.6,26.9903359,-159.072,3.67554545454545
"4108",410.7,27.0068966666667,-159.02588,3.675
"4109",410.8,26.9964375247525,-159.017188118812,3.675
"4110",410.9,26.9900788888889,-159.0606,3.675
"4111",411,26.9880525742574,-159.06985,3.675
"4112",411.1,26.9780333333333,-158.974794117647,3.675
"4113",411.2,26.9839614,-158.972479591837,3.6754387755102
"4114",411.3,26.9869197029703,-159.0298,3.67735
"4115",411.4,26.9896833333333,-158.994090909091,3.67763636363636
"4116",411.5,27.0069552941176,-158.98328,3.67554
"4117",411.6,26.9928480808081,-158.98472,3.67546
"4118",411.7,26.9887648,-158.926722772277,3.67554455445545
"4119",411.8,26.9763979,-158.8519,3.675
"4120",411.9,26.9616611111111,-158.888920792079,3.675
"4121",412,26.9659561386139,-158.933888888889,3.675
"4122",412.1,26.9588688888889,-158.9279,3.675
"4123",412.2,26.9701596039604,-158.92555,3.675
"4124",412.3,27.0018756435644,-158.8603,3.67635
"4125",412.4,26.9939135353535,-158.845247524752,3.67666336633663
"4126",412.5,26.9542652475248,-158.88792,3.67544
"4127",412.6,26.9223281818182,-158.844068965517,3.67562068965517
"4128",412.7,26.980225,-158.74711627907,3.675
"4129",412.8,27.0063911111111,-158.875857142857,3.675
"4130",412.9,26.9621,-158.93664,3.675
"4131",413,26.9691866336634,-158.91588,3.675
"4132",413.1,26.9677045454545,-158.89288,3.675
"4133",413.2,26.9640253465347,-158.84744,3.67456
"4134",413.3,26.9790096969697,-158.87552,3.67444
"4135",413.4,26.9937818,-158.936888888889,3.67455555555556
"4136",413.5,26.9712496039604,-158.824138613861,3.67533663366337
"4137",413.6,26.9813106060606,-158.729591836735,3.67610204081633
"4138",413.7,26.9807230392157,-158.682588235294,3.675
"4139",413.8,26.9752433333333,-158.607555555556,3.675
"4140",413.9,26.9525557425743,-158.62395,3.675
"4141",414,26.968145,-158.683739130435,3.675
"4142",414.1,26.9812296,-158.747764705882,3.67464705882353
"4143",414.2,26.9959851,-158.80375,3.67715
"4144",414.3,26.9749621,-158.81315,3.6783
"4145",414.4,26.9717635643564,-158.90405,3.67455
"4146",414.5,26.9640751515151,-158.88585,3.67445
"4147",414.6,26.947952,-158.799455445545,3.675
"4148",414.7,26.9414321,-158.802183673469,3.675
"4149",414.8,26.9619288888889,-158.712693069307,3.675
"4150",414.9,26.9676022,-158.7154,3.675
"4151",415,26.9763142424242,-158.771178217822,3.675
"4152",415.1,26.9522171,-158.782102040816,3.67544897959184
"4153",415.2,26.954746039604,-158.781509803922,3.67554901960784
"4154",415.3,26.9543446,-158.793,3.675
"4155",415.4,26.9569011881188,-158.82264,3.67544
"4156",415.5,26.9483744444444,-158.854666666667,3.67555555555556
"4157",415.6,26.9669518,-158.781613861386,3.675
"4158",415.7,26.9682878,-158.755,3.675
"4159",415.8,26.9516742,-158.748762376238,3.675
"4160",415.9,26.9504956,-158.799222222222,3.675
"4161",416,26.9305878787879,-158.8243,3.675
"4162",416.1,26.9236368316832,-158.75925,3.67635
"4163",416.2,26.9429004,-158.744316831683,3.67710891089109
"4164",416.3,26.9363032,-158.73437037037,3.67559259259259
"4165",416.4,26.9267258,-158.731208791209,3.6746043956044
"4166",416.5,26.9636984848485,-158.758069306931,3.67444554455446
"4167",416.6,26.9593211881188,-158.766433962264,3.675
"4168",416.7,26.9635751515152,-158.631170212766,3.675
"4169",416.8,26.9467989,-158.60536,3.675
"4170",416.9,26.9554544,-158.69176,3.675
"4171",417,26.9692357,-158.651333333333,3.67455555555556
"4172",417.1,26.9480641,-158.672257425743,3.67622772277228
"4173",417.2,26.9649491919192,-158.722,3.67720408163265
"4174",417.3,26.9618636633663,-158.793470588235,3.67454901960784
"4175",417.4,26.9689505,-158.744111111111,3.67488888888889
"4176",417.5,26.9399469,-158.753148514851,3.67555445544554
"4177",417.6,26.939954950495,-158.768884955752,3.675
"4178",417.7,26.937806969697,-158.722666666667,3.675
"4179",417.8,26.9393185294118,-158.672153846154,3.675
"4180",417.9,26.9325888888889,-158.72824,3.675
"4181",418,26.9580442,-158.66528,3.67456
"4182",418.1,27.007599,-158.65441509434,3.67483018867924
"4183",418.2,27.0373044,-158.756085106383,3.6751914893617
"4184",418.3,27.0197088,-158.747111111111,3.674
"4185",418.4,27.0419278787879,-158.727818181818,3.67445454545455
"4186",418.5,27.0478604,-158.684137254902,3.675
"4187",418.6,27.0518535,-158.568555555556,3.675
"4188",418.7,27.0411347,-158.51785,3.675
"4189",418.8,27.0676187,-158.545801980198,3.675
"4190",418.9,27.0538777,-158.525,3.675
"4191",419,27.0308132,-158.529222222222,3.67544444444444
"4192",419.1,27.0225523,-158.59100990099,3.67733663366337
"4193",419.2,27.032798,-158.63296,3.67724
"4194",419.3,27.0168591089109,-158.6206,3.67456
"4195",419.4,27.0208798,-158.47284,3.67444
"4196",419.5,27.03598,-158.43644,3.675
"4197",419.6,27.0404690909091,-158.38644,3.675
"4198",419.7,27.0411882,-158.342777777778,3.675
"4199",419.8,27.0294758,-158.47595,3.675
"4200",419.9,27.0117782,-158.469181818182,3.675
"4201",420,26.992461980198,-158.435882352941,3.67454901960784
"4202",420.1,26.9888848484849,-158.457555555556,3.67533333333333
"4203",420.2,26.9896172,-158.518818181818,3.67518181818182
"4204",420.3,26.9872162,-158.46298,3.67346
"4205",420.4,27.0003018,-158.419763636364,3.67441818181818
"4206",420.5,26.9884207,-158.449923076923,3.675
"4207",420.6,26.9883277777778,-158.509818181818,3.675
"4208",420.7,26.993382,-158.478725490196,3.675
"4209",420.8,27.02163,-158.417461538462,3.675
"4210",420.9,27.002072,-158.454684210526,3.67457894736842
"4211",421,26.988664,-158.46504950495,3.67489108910891
"4212",421.1,26.980808,-158.519777777778,3.67555555555556
"4213",421.2,26.98287,-158.537,3.67544554455446
"4214",421.3,26.93277,-158.407714285714,3.67560714285714
"4215",421.4,26.961476,-158.432494252874,3.675
"4216",421.5,26.9731944554455,-158.437237623762,3.675
"4217",421.6,26.9475353,-158.319979591837,3.675
"4218",421.7,26.9380075247525,-158.306277227723,3.675
"4219",421.8,26.9607736,-158.30585,3.675
"4220",421.9,26.9436218181818,-158.4028,3.67455
"4221",422,26.9416914,-158.54175,3.67715
"4222",422.1,26.9761627,-158.502188118812,3.67788118811881
"4223",422.2,26.9861713,-158.464555555556,3.67488888888889
"4224",422.3,26.9790777,-158.466727272727,3.67554545454546
"4225",422.4,27.0123168686869,-158.394594059406,3.675
"4226",422.5,27.0202795049505,-158.335818181818,3.675
"4227",422.6,27.002243030303,-158.381168316832,3.675
"4228",422.7,27.018644,-158.475358490566,3.675
"4229",422.8,27.019478,-158.464585106383,3.675
"4230",422.9,27.00398,-158.47345,3.675
"4231",423,26.9908037623762,-158.44247706422,3.6745871559633
"4232",423.1,27.0077367676768,-158.400782608696,3.67439130434783
"4233",423.2,27.021812,-158.398888888889,3.67455555555556
"4234",423.3,27.03338,-158.389090909091,3.67445454545454
"4235",423.4,27.007004,-158.368891089109,3.675
"4236",423.5,26.98159,-158.2652,3.675
"4237",423.6,26.9859754545455,-158.20055,3.675
"4238",423.7,26.9903615841584,-158.2077,3.675
"4239",423.8,26.991768,-158.243108910891,3.675
"4240",423.9,27.0093186138614,-158.2178,3.67456
"4241",424,27.0024308,-158.227444444445,3.67488888888889
"4242",424.1,27.0060531313131,-158.2843,3.676
"4243",424.2,26.986172,-158.2551,3.67555
"4244",424.3,26.981348,-158.3009,3.675
"4245",424.4,27.012314,-158.3121,3.675
"4246",424.5,27.009716,-158.18055,3.675
"4247",424.6,27.0185096969697,-158.1618,3.675
"4248",424.7,27.0068224752475,-158.18495,3.675
"4249",424.8,26.981274040404,-158.179445544554,3.675
"4250",424.9,26.983583,-158.183111111111,3.675
"4251",425,27.0239303,-158.1814,3.675
"4252",425.1,26.9967244,-158.10205,3.67545
"4253",425.2,27.0174601980198,-158.127801980198,3.67555445544554
"4254",425.3,27.0652214141414,-158.18048,3.675
"4255",425.4,27.0585308823529,-158.18272,3.675
"4256",425.5,27.0532386868687,-158.121777777778,3.675
"4257",425.6,27.0595521782178,-158.13345,3.67455
"4258",425.7,27.0503543,-158.099108910891,3.67444554455446
"4259",425.8,27.049835959596,-158.07808,3.67456
"4260",425.9,27.0515885148515,-158.14248,3.67444
"4261",426,27.0386036363636,-158.13872,3.675
"4262",426.1,27.0334023762376,-158.14976,3.675
"4263",426.2,27.0083581818182,-158.144888888889,3.675
"4264",426.3,26.9763783838384,-158.08985,3.675
"4265",426.4,26.962577029703,-158.0263,3.675
"4266",426.5,26.9697547474747,-157.7564,3.675
"4267",426.6,26.9525902970297,-157.70675,3.67455
"4268",426.7,26.927125050505,-157.92725,3.67445
"4269",426.8,26.9338254,-158.00975,3.6741
"4270",426.9,26.9061950495049,-158.04495,3.673
"4271",427,26.9470313131313,-158.04965,3.6739
"4272",427.1,26.962159009901,-158.055727272727,3.67454545454545
"4273",427.2,26.9494438383838,-158.058168316832,3.67445544554455
"4274",427.3,26.9651883,-158.0437,3.675
"4275",427.4,26.9760552,-158.1512,3.675
"4276",427.5,26.9592245454545,-158.220267326733,3.675
"4277",427.6,26.94572,-158.164777777778,3.675
"4278",427.7,26.9555331313131,-158.1881,3.675
"4279",427.8,26.9548251485149,-158.222475247525,3.67633663366336
"4280",427.9,26.95838,-158.31,3.67666666666667
"4281",428,26.9451627272727,-158.2706,3.67545
"4282",428.1,26.946194950495,-158.19755,3.67555
"4283",428.2,26.9417708080808,-158.188089108911,3.675
"4284",428.3,26.9509495,-158.09208,3.675
"4285",428.4,27.0109119,-158.09004,3.675
"4286",428.5,27.0322709090909,-158.14668,3.675
"4287",428.6,27.0303502970297,-158.09452,3.675
"4288",428.7,27.0546345454546,-158.138703703704,3.675
"4289",428.8,27.0303346534653,-158.112260869565,3.67382608695652
"4290",428.9,27.0705127272727,-158.0926,3.67376
"4291",429,27.0542152,-158.065666666667,3.67561403508772
"4292",429.1,27.0703013861386,-158.087139534884,3.675
"4293",429.2,27.0199418181818,-158.067099009901,3.675
"4294",429.3,27.0140674509804,-157.958806122449,3.675
"4295",429.4,27.0212804040404,-157.905653465347,3.675
"4296",429.5,27.0285947524752,-157.92968,3.67456
"4297",429.6,27.032198,-157.958099009901,3.67443564356436
"4298",429.7,27.026986,-157.93714,3.67414
"4299",429.8,27.035886,-158.01947,3.67343
"4300",429.9,27.019067979798,-158.02587,3.67443
"4301",430,27.0117974257426,-158.095818181818,3.67456565656566
"4302",430.1,27.0585985858586,-158.104257425743,3.67443564356436
"4303",430.2,27.0616728,-158.101131313131,3.675
"4304",430.3,27.0669833,-157.87208,3.675
"4305",430.4,27.0261672727273,-157.739702970297,3.675
"4306",430.5,26.9963093069307,-157.97711,3.675
"4307",430.6,26.9595072727273,-157.97026,3.675
"4308",430.7,26.9976932,-157.919070707071,3.67586868686869
"4309",430.8,26.9740849504951,-157.91624,3.67612
"4310",430.9,26.9730654,-158.00798019802,3.675
"4311",431,26.9682996,-158.139939393939,3.67456565656566
"4312",431.1,26.9980236363636,-158.04500990099,3.67443564356436
"4313",431.2,26.99307,-157.994666666667,3.675
"4314",431.3,26.970247,-158.087762376238,3.675
"4315",431.4,26.9482948,-158.055757575758,3.675
"4316",431.5,26.9649662376238,-157.942194690266,3.675
"4317",431.6,26.9707181818182,-157.903375,3.675
"4318",431.7,26.9694461386139,-157.84239,3.67586
"4319",431.8,26.9654469,-157.91993,3.67614
"4320",431.9,26.9392046,-157.894606060606,3.67543434343434
"4321",432,26.942889,-157.87796039604,3.67556435643564
"4322",432.1,26.9473836363636,-157.86963,3.675
"4323",432.2,26.9470437623762,-157.877363636364,3.675
"4324",432.3,26.9581572727273,-157.750267326733,3.675
"4325",432.4,26.9775784,-157.705818181818,3.675
"4326",432.5,26.9580676,-157.878534653465,3.67456435643564
"4327",432.6,27.0199615151515,-157.947909090909,3.67443434343434
"4328",432.7,27.0598100990099,-157.857594059406,3.67630693069307
"4329",432.8,27.0551941414141,-157.81312,3.67628
"4330",432.9,27.0763182178218,-157.87414,3.67443
"4331",433,27.0923726,-157.871595959596,3.675
"4332",433.1,27.0783326,-157.883445544554,3.675
"4333",433.2,27.0783978217822,-157.828454545455,3.67456565656566
"4334",433.3,27.1111263636364,-157.80752,3.67444
"4335",433.4,27.1008131372549,-157.764,3.67456
"4336",433.5,27.126372020202,-157.77264,3.67488
"4337",433.6,27.1234141,-157.76736,3.67644
"4338",433.7,27.1080838,-157.758455445545,3.67569306930693
"4339",433.8,27.1050805,-157.80788,3.67443
"4340",433.9,27.1031298,-157.89875,3.67457
"4341",434,27.0701227272727,-157.881626262626,3.67443434343434
"4342",434.1,27.0845134,-157.82392,3.675
"4343",434.2,27.0928762,-157.646574257426,3.675
"4344",434.3,27.0855438,-157.669939393939,3.67456565656566
"4345",434.4,27.0849982,-157.78728,3.67444
"4346",434.5,27.0704934343434,-157.758594059406,3.67587128712871
"4347",434.6,27.043622970297,-157.826747474747,3.677
"4348",434.7,26.9709002,-157.86992,3.67568
"4349",434.8,26.9662544,-157.8598,3.67488
"4350",434.9,26.979314,-157.82748,3.67556
"4351",435,26.9599354,-157.69752,3.675
"4352",435.1,26.9598586,-157.695089108911,3.67456435643564
"4353",435.2,26.9523918181818,-157.620656565657,3.67443434343434
"4354",435.3,26.973372,-157.66152,3.67456
"4355",435.4,26.9743484158416,-157.814653465347,3.674
"4356",435.5,26.9858418,-157.815333333333,3.674
"4357",435.6,27.0072700990099,-157.804107843137,3.67456862745098
"4358",435.7,26.9850763636364,-157.887192771084,3.67502409638554
"4359",435.8,26.9723002,-157.846168316832,3.67430693069307
"4360",435.9,26.9846152,-157.78347,3.67557
"4361",436,26.9679044,-157.78428,3.675
"4362",436.1,26.937453,-157.800343434343,3.67456565656566
"4363",436.2,26.964635959596,-157.67168,3.67444
"4364",436.3,26.9773779,-157.55352,3.67456
"4365",436.4,26.9993234,-157.54364,3.67444
"4366",436.5,26.9582354,-157.561785714286,3.67578571428571
"4367",436.6,26.9799671,-157.627,3.6766404494382
"4368",436.7,27.0012185,-157.663686868687,3.67513131313131
"4369",436.8,27.0191934,-157.580982608696,3.67438260869565
"4370",436.9,27.0380117,-157.59,3.675
"4371",437,27.038501,-157.58096969697,3.675
"4372",437.1,27.0598322772277,-157.586323529412,3.675
"4373",437.2,27.07114,-157.525855670103,3.67457731958763
"4374",437.3,27.0679441584158,-157.549900990099,3.67443564356436
"4375",437.4,27.0668943,-157.55750877193,3.67537719298246
"4376",437.5,27.06006,-157.496081395349,3.67566279069767
"4377",437.6,27.0651164,-157.568636363636,3.67456565656566
"4378",437.7,27.08378,-157.6406,3.674
"4379",437.8,27.0876256,-157.532764705882,3.67443137254902
"4380",437.9,27.0719616,-157.34382,3.675
"4381",438,27.0932028282828,-157.317865384615,3.67459615384615
"4382",438.1,27.0896173267327,-157.4872,3.6744
"4383",438.2,27.0941243434343,-157.60806,3.675
"4384",438.3,27.0639515,-157.51136,3.675
"4385",438.4,27.056006,-157.45366,3.67414
"4386",438.5,27.0715945,-157.483295918367,3.673
"4387",438.6,27.0440167326733,-157.43145,3.67435
"4388",438.7,27.0563142424242,-157.43685,3.676
"4389",438.8,27.0560253,-157.510882352941,3.67511764705882
"4390",438.9,27.0695688,-157.46987755102,3.6744387755102
"4391",439,27.0697063,-157.400117647059,3.67455882352941
"4392",439.1,27.0599419,-157.434727272727,3.67443434343434
"4393",439.2,27.0617824242424,-157.46728,3.67456
"4394",439.3,27.0670870588235,-157.48004,3.674
"4395",439.4,27.0858312,-157.584333333333,3.67488888888889
"4396",439.5,27.0697901980198,-157.591495049505,3.67466336633663
"4397",439.6,27.0811027,-157.5602,3.6734
"4398",439.7,27.1059081818182,-157.506662921348,3.67438202247191
"4399",439.8,27.1092534,-157.446705882353,3.67455882352941
"4400",439.9,27.099616969697,-157.516173469388,3.6744387755102
"4401",440,27.1009751,-157.5137,3.67455
"4402",440.1,27.1021729,-157.420719626168,3.67442056074766
"4403",440.2,27.1110746464647,-157.353666666667,3.675
"4404",440.3,27.1048191089109,-157.320118811881,3.675
"4405",440.4,27.0873561616162,-157.380444444444,3.675
"4406",440.5,27.0842916831683,-157.38665,3.67455
"4407",440.6,27.1005043434343,-157.263445544554,3.674
"4408",440.7,27.0993964,-157.19964,3.674
"4409",440.8,27.0907472277228,-157.220490196078,3.674
"4410",440.9,27.0849764646465,-157.283857142857,3.67442857142857
"4411",441,27.0860064705882,-157.34028,3.67456
"4412",441.1,27.0758228282828,-157.3882,3.674
"4413",441.2,27.0722083168317,-157.40412,3.674
"4414",441.3,27.0765002,-157.39596,3.67488
"4415",441.4,27.0562893939394,-157.33904,3.67468
"4416",441.5,27.0390126732673,-157.28724,3.67344
"4417",441.6,27.0520484848485,-157.27392,3.67444
"4418",441.7,27.0630711881188,-157.2178,3.67456
"4419",441.8,27.0679554545455,-157.259444444444,3.674
"4420",441.9,27.0766601010101,-157.2861,3.67445
"4421",442,27.0776028712871,-157.2062,3.675
"4422",442.1,27.0737743434343,-157.144742574257,3.67455445544554
"4423",442.2,27.0938603960396,-157.134111111111,3.67444444444444
"4424",442.3,27.0911561,-157.26835,3.67545
"4425",442.4,27.0632713,-157.2973,3.67645
"4426",442.5,27.062567029703,-157.28825,3.6761
"4427",442.6,27.0787724242424,-157.23735,3.67455
"4428",442.7,27.0939015841584,-157.194923076923,3.674
"4429",442.8,27.0488981632653,-157.323333333333,3.674
"4430",442.9,27.0504124,-157.21432,3.674
"4431",443,27.0552252,-157.099529411765,3.67443137254902
"4432",443.1,27.0794481818182,-157.121721649485,3.67456701030928
"4433",443.2,27.0715883333333,-157.123871287129,3.67444554455446
"4434",443.3,27.0818295959596,-157.141666666667,3.67677777777778
"4435",443.4,27.0931107920792,-157.179851485149,3.67721782178218
"4436",443.5,27.1055904,-157.192111111111,3.67411111111111
"4437",443.6,27.0739931313131,-157.068277227723,3.67389108910891
"4438",443.7,27.0718130693069,-157.070666666667,3.67455555555556
"4439",443.8,27.070812020202,-157.080930693069,3.674
"4440",443.9,27.0953921782178,-157.09528,3.674
"4441",444,27.0737123232323,-157.13028,3.674
"4442",444.1,27.0680728,-157.11436,3.674
"4443",444.2,27.0958428,-157.08752,3.674
"4444",444.3,27.1077172727273,-157.11704,3.67532
"4445",444.4,27.0984964356436,-157.252222222222,3.67611111111111
"4446",444.5,27.0652987878788,-157.214306930693,3.67410891089109
"4447",444.6,27.0794130693069,-157.10848,3.67388
"4448",444.7,27.1058336,-157.06508,3.67456
"4449",444.8,27.0673536,-157.070777777778,3.674
"4450",444.9,27.0618863366337,-157.045339449541,3.674
"4451",445,27.0948083838384,-157.031318681319,3.6743956043956
"4452",445.1,27.0567878217822,-157.058861386139,3.675
"4453",445.2,27.1127443,-157.109730769231,3.67415384615385
"4454",445.3,27.095994,-157.158,3.67383333333333
"4455",445.4,27.0763857,-157.11168,3.67456
"4456",445.5,27.1026632323232,-157.10332,3.674
"4457",445.6,27.0915847524752,-157.08184,3.674
"4458",445.7,27.090591010101,-157.056198019802,3.674
"4459",445.8,27.1049058415842,-157.0236,3.674
"4460",445.9,27.0861875247525,-156.987656565657,3.674
"4461",446,27.0963793939394,-156.98699009901,3.67443564356436
"4462",446.1,27.0820217821782,-156.98559,3.67457
"4463",446.2,27.0956919191919,-157.012777777778,3.67573737373737
"4464",446.3,27.114512970297,-157.13376,3.67668
"4465",446.4,27.116435050505,-157.08932,3.67412
"4466",446.5,27.1445795959596,-157.092152542373,3.67337288135593
"4467",446.6,27.1170920792079,-157.072082352941,3.674
"4468",446.7,27.0982298989899,-157.036010309278,3.674
"4469",446.8,27.1031628,-156.975,3.674
"4470",446.9,27.1384809090909,-157.036639344262,3.674
"4471",447,27.121403,-156.987810126582,3.67427848101266
"4472",447.1,27.1283279207921,-156.90337,3.67457
"4473",447.2,27.1196666666667,-156.912405940594,3.67314851485148
"4474",447.3,27.1116916666667,-157.097909090909,3.67284848484848
"4475",447.4,27.1054087,-157.06087,3.67443
"4476",447.5,27.1224557,-156.87823,3.67457
"4477",447.6,27.1220017821782,-156.918111111111,3.674
"4478",447.7,27.1363652525253,-157.03772,3.67444
"4479",447.8,27.0899624,-156.988108910891,3.67456435643564
"4480",447.9,27.099008989899,-156.8643,3.674
"4481",448,27.0904796,-156.838292929293,3.674
"4482",448.1,27.1354588,-156.859297029703,3.67443564356436
"4483",448.2,27.1360196,-156.91697979798,3.67413131313131
"4484",448.3,27.0969964,-156.87072,3.67344
"4485",448.4,27.100213030303,-156.865247524752,3.67443564356436
"4486",448.5,27.076214950495,-156.93798989899,3.67456565656566
"4487",448.6,27.0672178787879,-156.93616,3.67444
"4488",448.7,27.0956605,-156.861683168317,3.67456435643564
"4489",448.8,27.1142500990099,-156.78601010101,3.674
"4490",448.9,27.1184096,-156.752920792079,3.674
"4491",449,27.1037932,-156.922818181818,3.67443434343434
"4492",449.1,27.1156627272727,-156.984207920792,3.67674257425743
"4493",449.2,27.1193185,-156.955414141414,3.67639393939394
"4494",449.3,27.119891,-156.950396039604,3.673
"4495",449.4,27.1277035,-156.91105,3.67343
"4496",449.5,27.1147883168317,-156.795717171717,3.674
"4497",449.6,27.1486272727273,-156.716737864078,3.674
"4498",449.7,27.1312910891089,-156.711591836735,3.674
"4499",449.8,27.1271825742574,-156.778282828283,3.674
"4500",449.9,27.0948485,-156.662,3.674
"4501",450,27.1234103,-156.61324137931,3.67437068965517
"4502",450.1,27.0916432,-156.747746987952,3.67434939759036
"4503",450.2,27.1003181,-156.7772,3.67344
"4504",450.3,27.1154757575758,-156.793821782178,3.67443564356436
"4505",450.4,27.1238915151515,-156.876666666667,3.67456565656566
"4506",450.5,27.133065,-156.854752475247,3.674
"4507",450.6,27.142531,-156.75263,3.674
"4508",450.7,27.1245615,-156.78221,3.674
"4509",450.8,27.1264374747475,-156.812575757576,3.674
"4510",450.9,27.1373892,-156.739079207921,3.67443564356436
"4511",451,27.1523983168317,-156.784543859649,3.67462280701754
"4512",451.1,27.173498,-156.859129411765,3.67434117647059
"4513",451.2,27.161913960396,-156.850277227723,3.67456435643564
"4514",451.3,27.1577015151515,-156.81714,3.674
"4515",451.4,27.0896772277228,-156.814161616162,3.674
"4516",451.5,27.0529968,-156.836703703704,3.674
"4517",451.6,27.0484736,-156.746608695652,3.674
"4518",451.7,27.0451284,-156.762,3.674
"4519",451.8,27.0506556,-156.8276,3.674
"4520",451.9,27.0179108,-156.81277,3.67443
"4521",452,27.0043906060606,-156.72812,3.675
"4522",452.1,27.0103465,-156.71231,3.675
"4523",452.2,27.008254,-156.77685,3.67457
"4524",452.3,27.0000865,-156.735343434343,3.67443434343434
"4525",452.4,27.0562015,-156.68984,3.67456
"4526",452.5,27.035468,-156.62472,3.674
"4527",452.6,27.0348452525253,-156.62464,3.674
"4528",452.7,26.9986089108911,-156.72196,3.674
"4529",452.8,27.020608,-156.677217821782,3.674
"4530",452.9,26.9885955,-156.687656565657,3.67443434343434
"4531",453,26.972931,-156.7138,3.67544
"4532",453.1,26.9877018181818,-156.735277227723,3.67512871287129
"4533",453.2,26.970706,-156.777808080808,3.67486868686869
"4534",453.3,27.0077996,-156.666584158416,3.67512871287129
"4535",453.4,26.9925023762376,-156.57661,3.674
"4536",453.5,26.989166,-156.59759,3.674
"4537",453.6,26.9996965,-156.64069,3.674
"4538",453.7,27.0158625,-156.68112,3.674
"4539",453.8,27.0021465,-156.634512820513,3.674
"4540",453.9,27.0120215,-156.587855421687,3.67493975903614
"4541",454,26.9896455,-156.66355,3.67571
"4542",454.1,27.03239,-156.69609,3.67443
"4543",454.2,27.018481,-156.689767676768,3.67456565656566
"4544",454.3,27.0432367676768,-156.68436,3.674
"4545",454.4,27.0623306,-156.6816,3.674
"4546",454.5,27.0520624,-156.66784,3.674
"4547",454.6,27.0956932,-156.53228,3.674
"4548",454.7,27.1359304,-156.471105263158,3.674
"4549",454.8,27.1243566666667,-156.516558139535,3.6743488372093
"4550",454.9,27.1124711881188,-156.569940594059,3.67543564356436
"4551",455,27.1297954,-156.622848484848,3.67556565656566
"4552",455.1,27.1531253465347,-156.643892857143,3.675
"4553",455.2,27.1282785,-156.669,3.67463636363636
"4554",455.3,27.1086755,-156.60176,3.674
"4555",455.4,27.112696,-156.611089108911,3.674
"4556",455.5,27.136181,-156.54358,3.674
"4557",455.6,27.1311865,-156.4943,3.674
"4558",455.7,27.1532315,-156.44969,3.674
"4559",455.8,27.179245,-156.41654,3.674
"4560",455.9,27.161799,-156.48766,3.67443
"4561",456,27.1785945454546,-156.50795,3.67457
"4562",456.1,27.1685691089109,-156.46951,3.674
"4563",456.2,27.1712441414141,-156.47252,3.67443
"4564",456.3,27.1624638,-156.47159,3.67457
"4565",456.4,27.1515776,-156.44608,3.674
"4566",456.5,27.1739228282828,-156.35459,3.674
"4567",456.6,27.1860167647059,-156.278737373737,3.674
"4568",456.7,27.1760092929293,-156.379495049505,3.674
"4569",456.8,27.1569966336634,-156.372424242424,3.674
"4570",456.9,27.176875,-156.41284,3.67444
"4571",457,27.1502584848485,-156.45008,3.67456
"4572",457.1,27.1510682178218,-156.49888,3.67444
"4573",457.2,27.1920743434343,-156.48032,3.67456
"4574",457.3,27.1550752,-156.458930693069,3.674
"4575",457.4,27.1494678,-156.56804,3.674
"4576",457.5,27.1702296,-156.49628,3.674
"4577",457.6,27.1717222772277,-156.362626262626,3.674
"4578",457.7,27.1526141414141,-156.393584158416,3.674
"4579",457.8,27.1821656,-156.50904040404,3.67486868686869
"4580",457.9,27.1501904,-156.51048,3.67468
"4581",458,27.184884,-156.440714285714,3.67339285714286
"4582",458.1,27.2135188,-156.43793258427,3.674
"4583",458.2,27.1714505050505,-156.44193,3.674
"4584",458.3,27.1674184158416,-156.42413,3.674
"4585",458.4,27.19368,-156.30481,3.674
"4586",458.5,27.1728111,-156.25953,3.674
"4587",458.6,27.1705803,-156.254393939394,3.674
"4588",458.7,27.1467124242424,-156.24604,3.67444
"4589",458.8,27.1415264705882,-156.31848,3.6772
"4590",458.9,27.1427154545455,-156.32316,3.67736
"4591",459,27.1245838613861,-156.31172,3.67488
"4592",459.1,27.1562622,-156.31952,3.67512
"4593",459.2,27.1742754,-156.3358,3.674
"4594",459.3,27.1411406930693,-156.31672,3.674
"4595",459.4,27.1752004040404,-156.22736,3.674
"4596",459.5,27.1780394059406,-156.22404,3.674
"4597",459.6,27.1721855555556,-156.31736,3.674
"4598",459.7,27.1497182,-156.30396,3.67356
"4599",459.8,27.1374194,-156.32308,3.67344
"4600",459.9,27.1273118181818,-156.348841584158,3.674
"4601",460,27.1239499009901,-156.330333333333,3.67443434343434
"4602",460.1,27.1353646464646,-156.27296039604,3.67456435643564
"4603",460.2,27.1275265,-156.16659,3.674
"4604",460.3,27.1275715841584,-155.97658,3.674
"4605",460.4,27.1249780808081,-156.0681,3.674
"4606",460.5,27.1306997058824,-156.2801,3.674
"4607",460.6,27.0947635353535,-156.190797979798,3.674
"4608",460.7,27.1332696,-156.2084,3.67444
"4609",460.8,27.1904794949495,-156.25295049505,3.67543564356436
"4610",460.9,27.1281255,-156.24685,3.676
"4611",461,27.1375943,-156.184494949495,3.67556565656566
"4612",461.1,27.1395681818182,-156.170411764706,3.67456862745098
"4613",461.2,27.1429238613861,-156.21347368421,3.674
"4614",461.3,27.1414303,-156.094,3.674
"4615",461.4,27.1315687,-156.04504,3.674
"4616",461.5,27.0961927722772,-156.091019607843,3.67443137254902
"4617",461.6,27.1379691919192,-156.099857142857,3.67457142857143
"4618",461.7,27.1303372277228,-156.1846,3.67576
"4619",461.8,27.1433791919192,-156.222366336634,3.67625742574258
"4620",461.9,27.1267788,-156.1716,3.67357
"4621",462,27.1408106,-156.195431192661,3.67339449541284
"4622",462.1,27.1443493939394,-156.266505494506,3.674
"4623",462.2,27.1464678217822,-156.17703030303,3.674
"4624",462.3,27.1355554545455,-156.06452,3.674
"4625",462.4,27.1364388,-156.069455445545,3.674
"4626",462.5,27.1450684,-156.14067,3.674
"4627",462.6,27.1515866666667,-156.07245,3.674
"4628",462.7,27.1489443137255,-156.02209,3.67443
"4629",462.8,27.1416406060606,-156.025222222222,3.67456565656566
"4630",462.9,27.166917029703,-156.11472,3.67356
"4631",463,27.1532856,-156.091386138614,3.67343564356436
"4632",463.1,27.1385596,-156.067585858586,3.674
"4633",463.2,27.1530215841584,-156.038411764706,3.674
"4634",463.3,27.1343571717172,-156.047101694915,3.674
"4635",463.4,27.1268675247525,-156.041740740741,3.674
"4636",463.5,27.1087193939394,-156.042151515152,3.674
"4637",463.6,27.1323192,-156.171435643564,3.67443564356436
"4638",463.7,27.1278793,-156.22986,3.67586
"4639",463.8,27.1343991,-156.1751,3.67614
"4640",463.9,27.1282607,-156.05628,3.67457
"4641",464,27.1346924242424,-156.00904,3.674
"4642",464.1,27.1209442574257,-156.057356435644,3.674
"4643",464.2,27.1050684848485,-156.02666,3.674
"4644",464.3,27.1337336,-155.934181818182,3.674
"4645",464.4,27.1019245544554,-155.97423,3.674
"4646",464.5,27.1367431,-156.0262,3.674
"4647",464.6,27.1379115,-156.12511,3.67443
"4648",464.7,27.1245090909091,-156.167673267327,3.67457425742574
"4649",464.8,27.136092,-156.072274336283,3.67325663716814
"4650",464.9,27.145698,-156.049395348837,3.67267441860465
"4651",465,27.123616,-156.07204,3.674
"4652",465.1,27.1555641584158,-156.07381,3.674
"4653",465.2,27.1637203030303,-156.01845,3.674
"4654",465.3,27.1909307920792,-155.96226,3.674
"4655",465.4,27.181349009901,-156.00188,3.674
"4656",465.5,27.147952,-156.07531,3.67486
"4657",465.6,27.1668296,-156.06909,3.676
"4658",465.7,27.1980154545455,-156.05359,3.67471
"4659",465.8,27.1699065,-156.08100990099,3.67342574257426
"4660",465.9,27.1710393939394,-156.031636363636,3.674
"4661",466,27.183696,-155.995267326733,3.674
"4662",466.1,27.1862516,-156.04988,3.674
"4663",466.2,27.193684,-155.98236,3.674
"4664",466.3,27.1933776,-155.930756756757,3.674
"4665",466.4,27.1568444444445,-155.891573033708,3.674
"4666",466.5,27.1706874,-155.95996,3.674
"4667",466.6,27.1814017821782,-156.02656,3.67442
"4668",466.7,27.1603024,-156.023272727273,3.67415151515151
"4669",466.8,27.1583591089109,-156.05819,3.673
"4670",466.9,27.1613496969697,-156.068485148515,3.67342574257426
"4671",467,27.1441224,-156.028575757576,3.674
"4672",467.1,27.1582831683168,-155.937811965812,3.674
"4673",467.2,27.1607474,-155.886380952381,3.674
"4674",467.3,27.1852564356436,-155.979212121212,3.674
"4675",467.4,27.1852735353535,-156.00878,3.67443
"4676",467.5,27.1996078217822,-155.97609,3.675
"4677",467.6,27.191412020202,-155.9625,3.67457
"4678",467.7,27.2017899,-156.02994,3.67357
"4679",467.8,27.1904157575758,-155.95698,3.67386
"4680",467.9,27.2003304,-155.87652,3.67457
"4681",468,27.1926548,-155.851742574257,3.674
"4682",468.1,27.207626,-155.82458,3.674
"4683",468.2,27.2157777777778,-155.81474,3.674
"4684",468.3,27.1782147524752,-155.78572,3.674
"4685",468.4,27.1984996,-155.776691588785,3.67321495327103
"4686",468.5,27.2152844,-155.841532608696,3.67314130434783
"4687",468.6,27.2085816,-155.847227722772,3.67414851485149
"4688",468.7,27.21454,-155.91408,3.67384
"4689",468.8,27.1930554,-155.88722,3.67458
"4690",468.9,27.2375401,-155.9299,3.674
"4691",469,27.2314927722772,-155.8279,3.674
"4692",469.1,27.2216708,-155.58422,3.674
"4693",469.2,27.1643972,-155.608666666667,3.674
"4694",469.3,27.1446291089109,-155.702287128713,3.67442574257426
"4695",469.4,27.1320660606061,-155.64524,3.67374
"4696",469.5,27.146816,-155.70548,3.67368
"4697",469.6,27.1421924,-155.75578,3.67558
"4698",469.7,27.1332432,-155.736121212121,3.67457575757576
"4699",469.8,27.132282,-155.684287128713,3.674
"4700",469.9,27.15158,-155.717242424242,3.674
"4701",470,27.1347304,-155.705118811881,3.674
"4702",470.1,27.1486637,-155.62598,3.674
"4703",470.2,27.1297472,-155.604727272727,3.67357575757576
"4704",470.3,27.1420853,-155.75167,3.67343
"4705",470.4,27.1534503030303,-155.832823529412,3.67652941176471
"4706",470.5,27.1510876470588,-155.761566371681,3.67782300884956
"4707",470.6,27.1501944444444,-155.646953488372,3.67432558139535
"4708",470.7,27.1348513861386,-155.5657,3.67458
"4709",470.8,27.134814,-155.6072,3.674
"4710",470.9,27.1320233333333,-155.707305263158,3.674
"4711",471,27.1627283168317,-155.639393939394,3.674
"4712",471.1,27.1778444444444,-155.638940594059,3.674
"4713",471.2,27.1673315841584,-155.69598,3.674
"4714",471.3,27.1395166666667,-155.657212121212,3.67442424242424
"4715",471.4,27.1555708,-155.66901980198,3.67542574257426
"4716",471.5,27.1889337623762,-155.739545454545,3.67515151515151
"4717",471.6,27.1846122222222,-155.687920792079,3.67357425742574
"4718",471.7,27.1580043564356,-155.602848484848,3.67342424242424
"4719",471.8,27.1595377777778,-155.64149,3.674
"4720",471.9,27.1363881,-155.67589,3.674
"4721",472,27.1582543,-155.612792079208,3.674
"4722",472.1,27.1933060606061,-155.602571428571,3.674
"4723",472.2,27.1738529411765,-155.63096,3.67444
"4724",472.3,27.1657933333333,-155.54608,3.67456
"4725",472.4,27.1615566,-155.5898,3.67532
"4726",472.5,27.1672866,-155.59932,3.67524
"4727",472.6,27.172482020202,-155.57848,3.67344
"4728",472.7,27.1889304950495,-155.52012,3.674
"4729",472.8,27.1607997979798,-155.49136,3.674
"4730",472.9,27.147421980198,-155.39656,3.674
"4731",473,27.1616326,-155.389049504951,3.674
"4732",473.1,27.1377122,-155.466171717172,3.674
"4733",473.2,27.1561884158416,-155.467123893805,3.674
"4734",473.3,27.1818477777778,-155.564114942529,3.674
"4735",473.4,27.2028777227723,-155.605603960396,3.67443564356436
"4736",473.5,27.2044233333333,-155.65097979798,3.67456565656566
"4737",473.6,27.2033043,-155.58595049505,3.674
"4738",473.7,27.2258305,-155.51186,3.674
"4739",473.8,27.2317584848485,-155.55581,3.674
"4740",473.9,27.194809009901,-155.49744,3.674
"4741",474,27.1988713131313,-155.51796969697,3.674
"4742",474.1,27.205366,-155.52808,3.674
"4743",474.2,27.195333,-155.532831683168,3.67443564356436
"4744",474.3,27.2129772727273,-155.637303030303,3.675
"4745",474.4,27.1873637254902,-155.61116,3.67412
"4746",474.5,27.2052561616162,-155.6414,3.6734
"4747",474.6,27.2285003960396,-155.608444444444,3.674
"4748",474.7,27.2240101,-155.61288,3.674
"4749",474.8,27.2231133,-155.61104,3.674
"4750",474.9,27.1725224,-155.3644,3.674
"4751",475,27.178703030303,-155.2123,3.674
"4752",475.1,27.1731940594059,-155.56572,3.674
"4753",475.2,27.1703632323232,-155.55664,3.67444
"4754",475.3,27.153715,-155.51536,3.67412
"4755",475.4,27.1373652475248,-155.4922,3.67344
"4756",475.5,27.1533455,-155.503280701754,3.67438596491228
"4757",475.6,27.1566169,-155.541344827586,3.67465517241379
"4758",475.7,27.162072020202,-155.484888888889,3.674
"4759",475.8,27.1105501980198,-155.426455445545,3.674
"4760",475.9,27.113943030303,-155.409675925926,3.674
"4761",476,27.129548,-155.454184782609,3.674
"4762",476.1,27.1176689108911,-155.449272727273,3.67356565656566
"4763",476.2,27.132921010101,-155.48497029703,3.67474257425743
"4764",476.3,27.1121596039604,-155.491494949495,3.67656565656566
"4765",476.4,27.1434617171717,-155.36824,3.67468
"4766",476.5,27.126653,-155.340495049505,3.67387128712871
"4767",476.6,27.117826,-155.42515,3.67457
"4768",476.7,27.1131818181818,-155.49016,3.674
"4769",476.8,27.075792254902,-155.48023,3.674
"4770",476.9,27.1054007070707,-155.514464646465,3.674
"4771",477,27.106863,-155.601069306931,3.674
"4772",477.1,27.099596039604,-155.61628,3.674
"4773",477.2,27.1328746464646,-155.59293,3.67357
"4774",477.3,27.1642305882353,-155.520696969697,3.67386868686869
"4775",477.4,27.11878,-155.412465346535,3.675
"4776",477.5,27.1295055,-155.37452,3.67457
"4777",477.6,27.1142795,-155.40799,3.674
"4778",477.7,27.1368082828283,-155.3911,3.674
"4779",477.8,27.1058166336634,-155.397415841584,3.674
"4780",477.9,27.1222588888889,-155.377242424242,3.674
"4781",478,27.162091,-155.31603,3.674
"4782",478.1,27.153219,-155.36756,3.674
"4783",478.2,27.155307,-155.39506,3.67357
"4784",478.3,27.128529,-155.4093,3.67386
"4785",478.4,27.1588736363636,-155.442898989899,3.67543434343434
"4786",478.5,27.1687584313726,-155.390188118812,3.67512871287129
"4787",478.6,27.1621962626263,-155.391191304348,3.674
"4788",478.7,27.124083,-155.429666666667,3.674
"4789",478.8,27.155733,-155.428647058824,3.674
"4790",478.9,27.154517,-155.422212121212,3.674
"4791",479,27.182578,-155.39459,3.674
"4792",479.1,27.1670236363636,-155.410585858586,3.67356565656566
"4793",479.2,27.1878008910891,-155.43196039604,3.673
"4794",479.3,27.18732,-155.40447,3.67343
"4795",479.4,27.203037,-155.484080808081,3.67356565656566
"4796",479.5,27.205801,-155.48645045045,3.6733963963964
"4797",479.6,27.196424,-155.460202247191,3.674
"4798",479.7,27.159226,-155.396153846154,3.674
"4799",479.8,27.1118918181818,-155.367916666667,3.674
"4800",479.9,27.1030737,-155.386465346535,3.674
"4801",480,27.1087206930693,-155.381096,3.673656
"4802",480.1,27.086269,-155.392108108108,3.67324324324324
"4803",480.2,27.094221,-155.419,3.674
"4804",480.3,27.1272354545454,-155.42602970297,3.67356435643564
"4805",480.4,27.125961,-155.36705050505,3.67343434343434
"4806",480.5,27.1392337,-155.35297029703,3.674
"4807",480.6,27.1450581,-155.421171717172,3.674
"4808",480.7,27.1476623762376,-155.394376237624,3.674
"4809",480.8,27.1691181818182,-155.35901,3.674
"4810",480.9,27.1622030693069,-155.41546,3.674
"4811",481,27.171812,-155.497346534653,3.67442574257426
"4812",481.1,27.164341,-155.47704,3.67458
"4813",481.2,27.131709,-155.462484848485,3.674
"4814",481.3,27.123204,-155.45954,3.67271
"4815",481.4,27.14623,-155.309707964602,3.67214159292035
"4816",481.5,27.1571318181818,-155.203545454545,3.674
"4817",481.6,27.1466214,-155.2573,3.674
"4818",481.7,27.167886,-154.97074,3.674
"4819",481.8,27.1686167,-154.8927,3.674
"4820",481.9,27.1963979,-155.303878787879,3.674
"4821",482,27.2316743,-155.246554455446,3.67485148514851
"4822",482.1,27.228758989899,-155.258909090909,3.67472727272727
"4823",482.2,27.2160778217822,-155.3059375,3.67338392857143
"4824",482.3,27.2472769,-155.313235955056,3.67365168539326
"4825",482.4,27.2419025742574,-155.256363636364,3.67342424242424
"4826",482.5,27.197787,-155.29483,3.674
"4827",482.6,27.1833627272727,-155.2883,3.674
"4828",482.7,27.1946395,-155.29099,3.67357
"4829",482.8,27.2234563366336,-155.329148514851,3.67342574257426
"4830",482.9,27.196916,-155.36096969697,3.674
"4831",483,27.204133,-155.327761061947,3.67438053097345
"4832",483.1,27.181828,-155.347275862069,3.67465517241379
"4833",483.2,27.1891289108911,-155.39146,3.67443
"4834",483.3,27.2082568686869,-155.37648,3.67457
"4835",483.4,27.20064,-155.321627272727,3.674
"4836",483.5,27.198229,-155.3051,3.674
"4837",483.6,27.20969,-155.231638888889,3.674
"4838",483.7,27.2211436363636,-155.142064516129,3.67362365591398
"4839",483.8,27.186715959596,-155.243745454545,3.67338181818182
"4840",483.9,27.2237065346535,-155.272112359551,3.6736404494382
"4841",484,27.2211417,-155.294920792079,3.67214851485148
"4842",484.1,27.2219196,-155.319484848485,3.67184848484848
"4843",484.2,27.2192117,-155.30692,3.67343
"4844",484.3,27.2244911111111,-155.23759,3.674
"4845",484.4,27.2088984,-155.199217391304,3.674
"4846",484.5,27.241908,-155.226894117647,3.674
"4847",484.6,27.1893902970297,-155.25145,3.674
"4848",484.7,27.1947253,-155.240841584158,3.674
"4849",484.8,27.1747428712871,-155.224757575758,3.674
"4850",484.9,27.196703,-155.209900990099,3.67612871287129
"4851",485,27.224465,-155.230121212121,3.67687878787879
"4852",485.1,27.214497,-155.29911,3.67357
"4853",485.2,27.195062,-155.25461,3.673
"4854",485.3,27.2067327272727,-155.20612,3.67343
"4855",485.4,27.1889081,-155.14196,3.674
"4856",485.5,27.1910544444444,-155.0862,3.674
"4857",485.6,27.1888777227723,-155.12304950495,3.67357425742574
"4858",485.7,27.1723319,-155.157696969697,3.67342424242424
"4859",485.8,27.2134445,-155.185811881188,3.674
"4860",485.9,27.2100715,-155.193303030303,3.67315151515152
"4861",486,27.2133552525253,-155.184188118812,3.67285148514851
"4862",486.1,27.2024787128713,-155.187727272727,3.67442424242424
"4863",486.2,27.2015362626263,-155.151782178218,3.67457425742574
"4864",486.3,27.1933246534653,-155.062181818182,3.674
"4865",486.4,27.2021751,-155.027356435644,3.674
"4866",486.5,27.2118163636364,-155.09112,3.674
"4867",486.6,27.1729015841584,-155.185424242424,3.674
"4868",486.7,27.1739284848485,-155.118465346535,3.67357425742574
"4869",486.8,27.2171032,-155.088636363636,3.67342424242424
"4870",486.9,27.2310872,-155.14173,3.67357
"4871",487,27.1838824,-155.07662,3.67343
"4872",487.1,27.2128564356436,-155.04048,3.674
"4873",487.2,27.2394658585859,-155.07586,3.674
"4874",487.3,27.2173516,-155.06472,3.674
"4875",487.4,27.2194084,-155.13475,3.674
"4876",487.5,27.2163108,-155.135485714286,3.674
"4877",487.6,27.2005724,-155.09,3.674
"4878",487.7,27.2099633333333,-155.05573,3.674
"4879",487.8,27.2001172277228,-155.105851485148,3.67357425742574
"4880",487.9,27.2270880808081,-155.134454545455,3.673
"4881",488,27.1940002,-155.147495049505,3.67385148514852
"4882",488.1,27.2157625,-155.15968,3.67332
"4883",488.2,27.2066560606061,-155.06408,3.67226
"4884",488.3,27.2074337254902,-155.06118,3.674
"4885",488.4,27.2402711111111,-155.085212121212,3.674
"4886",488.5,27.2683211881188,-155.104792079208,3.674
"4887",488.6,27.2490288,-155.079818181818,3.67357575757576
"4888",488.7,27.2518244,-155.064964912281,3.673
"4889",488.8,27.2567024752475,-155.127,3.673
"4890",488.9,27.2546673737374,-155.087344262295,3.673
"4891",489,27.2432187128713,-155.037743589744,3.67325641025641
"4892",489.1,27.2532857,-155.070545454545,3.67357575757576
"4893",489.2,27.2904442,-155.007366336634,3.673
"4894",489.3,27.2620508,-155.019151515152,3.67342424242424
"4895",489.4,27.2255141414141,-155.06014,3.67357
"4896",489.5,27.23891,-155.10224,3.673
"4897",489.6,27.2513056,-155.05734,3.67343
"4898",489.7,27.2429036,-154.993754901961,3.67357843137255
"4899",489.8,27.254372,-154.994757575758,3.67465656565656
"4900",489.9,27.2424856565657,-155.056675675676,3.67586486486487
"4901",490,27.243580990099,-155.066352272727,3.67435227272727
"4902",490.1,27.2125078787879,-155.008673267327,3.67414851485149
"4903",490.2,27.2281959405941,-154.97074,3.673
"4904",490.3,27.2247728,-154.93166,3.67342
"4905",490.4,27.219135959596,-154.934484848485,3.674
"4906",490.5,27.2449733663366,-155.04046,3.67357
"4907",490.6,27.2659738383838,-154.93728,3.67343
"4908",490.7,27.2668199009901,-154.926910891089,3.67357425742574
"4909",490.8,27.2460746464646,-154.93,3.67384848484848
"4910",490.9,27.2516517,-154.91761,3.67457
"4911",491,27.2516559405941,-154.935441176471,3.67357843137255
"4912",491.1,27.223694040404,-154.977255102041,3.67341836734694
"4913",491.2,27.2372979411765,-154.919049019608,3.67357843137255
"4914",491.3,27.2198386868687,-154.859775510204,3.67341836734694
"4915",491.4,27.2582268,-154.822594059406,3.674
"4916",491.5,27.2221776,-154.867939393939,3.67357575757576
"4917",491.6,27.2249383838384,-154.74004,3.67343
"4918",491.7,27.2191117821782,-154.62649122807,3.67437719298246
"4919",491.8,27.2451756565657,-154.753674418605,3.67466279069767
"4920",491.9,27.2311389,-154.83804,3.67357
"4921",492,27.2388394,-154.808069306931,3.67342574257426
"4922",492.1,27.2479175757576,-154.870515151515,3.674
"4923",492.2,27.2696704950495,-154.883910891089,3.67357425742574
"4924",492.3,27.2852657575758,-154.74822,3.67342
"4925",492.4,27.3200658415842,-154.779878787879,3.674
"4926",492.5,27.3022974,-154.896910891089,3.674
"4927",492.6,27.2924279,-154.7923,3.67358
"4928",492.7,27.2718003960396,-154.78626,3.67342
"4929",492.8,27.2846513131313,-154.90515,3.674
"4930",492.9,27.30157,-154.976225,3.674275
"4931",493,27.3076415151515,-154.871052631579,3.67426315789474
"4932",493.1,27.2946266,-154.806047058824,3.6733294117647
"4933",493.2,27.3034222,-154.75452,3.674
"4934",493.3,27.2930657575758,-154.876950495049,3.67357425742574
"4935",493.4,27.3275078431373,-154.823090909091,3.673
"4936",493.5,27.2981606060606,-154.74387,3.67343
"4937",493.6,27.2655866,-154.78665,3.674
"4938",493.7,27.2825431,-154.80873,3.67529
"4939",493.8,27.3152624242424,-154.81997,3.67528
"4940",493.9,27.3466526732673,-154.80174,3.673
"4941",494,27.3159518181818,-154.84793,3.67343
"4942",494.1,27.3093999009901,-154.85225,3.674
"4943",494.2,27.3117112,-154.808574257426,3.674
"4944",494.3,27.3076878,-154.69788,3.674
"4945",494.4,27.2814416,-154.77152,3.67358
"4946",494.5,27.2991139393939,-154.846198019802,3.673
"4947",494.6,27.3163227722772,-154.78259,3.67341
"4948",494.7,27.2956127272727,-154.768141414141,3.674
"4949",494.8,27.3277142574257,-154.827425742574,3.674
"4950",494.9,27.3334557,-154.790767676768,3.674
"4951",495,27.2771839,-154.71944,3.674
"4952",495.1,27.3072479207921,-154.691643564356,3.67358415841584
"4953",495.2,27.3324844444444,-154.693090909091,3.67341414141414
"4954",495.3,27.3080202970297,-154.722909090909,3.67357575757576
"4955",495.4,27.3279057575758,-154.73653,3.673
"4956",495.5,27.3063121,-154.711534653465,3.67342574257426
"4957",495.6,27.3046158,-154.834696969697,3.67272727272727
"4958",495.7,27.3192651515152,-154.91902,3.67186
"4959",495.8,27.3061286138614,-154.898900990099,3.67427722772277
"4960",495.9,27.2784575757576,-154.847,3.67515151515152
"4961",496,27.2808478,-154.79188,3.67357
"4962",496.1,27.2707512,-154.70831,3.673
"4963",496.2,27.2757864,-154.63692,3.67343
"4964",496.3,27.2424589108911,-154.682910891089,3.67357425742574
"4965",496.4,27.1963715151515,-154.817272727273,3.673
"4966",496.5,27.1762452,-154.836138613861,3.673
"4967",496.6,27.1877136633663,-154.830909090909,3.673
"4968",496.7,27.2036416,-154.842841584158,3.673
"4969",496.8,27.2032355,-154.813673267327,3.67341584158416
"4970",496.9,27.1800766666667,-154.806071428571,3.67358163265306
"4971",497,27.1954536,-154.705782178218,3.673
"4972",497.1,27.1691102,-154.62766,3.673
"4973",497.2,27.1862446,-154.689666666667,3.67342424242424
"4974",497.3,27.1548478217822,-154.630594059406,3.674
"4975",497.4,27.1844251515152,-154.69148,3.674
"4976",497.5,27.2931381188119,-154.76624,3.674
"4977",497.6,27.2950584848485,-154.623188118812,3.67358415841584
"4978",497.7,27.305668,-154.640632653061,3.673
"4979",497.8,27.3115024,-154.675882352941,3.673
"4980",497.9,27.2992716,-154.691404040404,3.673
"4981",498,27.3664571287129,-154.70066,3.673
"4982",498.1,27.326043939394,-154.606252427184,3.67340776699029
"4983",498.2,27.3298404,-154.575757575758,3.674
"4984",498.3,27.328155,-154.681224489796,3.67359183673469
"4985",498.4,27.311194,-154.726445544554,3.67341584158416
"4986",498.5,27.3191534,-154.72158,3.67359
"4987",498.6,27.2898944,-154.79484,3.67341
"4988",498.7,27.3199688,-154.8106,3.67359
"4989",498.8,27.318908,-154.673747474748,3.673
"4990",498.9,27.3437986,-154.642326732673,3.673
"4991",499,27.3236031683168,-154.63794,3.673
"4992",499.1,27.3209663,-154.438121212121,3.67341414141414
"4993",499.2,27.3110134,-154.471378640777,3.67359223300971
"4994",499.3,27.29508,-154.650597938144,3.67340206185567
"4995",499.4,27.297766,-154.60582,3.674
"4996",499.5,27.3334568,-154.707079207921,3.67649504950495
"4997",499.6,27.3174652,-154.72558,3.67754
"4998",499.7,27.3125964,-154.67748,3.67359
"4999",499.8,27.3161864646465,-154.58912,3.673
"5000",499.9,27.3128845,-154.582737373737,3.673
"5001",500,27.325221,-154.566544554455,3.673
"5002",500.1,27.344785,-154.56858,3.673
"5003",500.2,27.3072156435643,-154.50166,3.673
"5004",500.3,27.3246986,-154.532545454545,3.673
"5005",500.4,27.3180364,-154.592257425743,3.67383168316832
"5006",500.5,27.2957052475248,-154.58868,3.67459
"5007",500.6,27.2837560606061,-154.66944,3.67359
"5008",500.7,27.3212822,-154.61244,3.67341
"5009",500.8,27.3236824,-154.54277,3.67359
"5010",500.9,27.3597478,-154.55301010101,3.673
"5011",501,27.3322332,-154.451636363636,3.673
"5012",501.1,27.2995473737374,-154.355648351648,3.673
"5013",501.2,27.3383273267327,-154.524545454545,3.673
"5014",501.3,27.3357288,-154.475326732673,3.673
"5015",501.4,27.3227194,-154.42879,3.673
"5016",501.5,27.345034,-154.431717171717,3.673
"5017",501.6,27.3432722222222,-154.425821782178,3.67383168316832
"5018",501.7,27.3194440594059,-154.456363636364,3.67458585858586
"5019",501.8,27.3370538383838,-154.44726,3.67358
"5020",501.9,27.3354927722772,-154.388089108911,3.673
"5021",502,27.3410546,-154.40081,3.673
"5022",502.1,27.3266743434343,-154.44222,3.673
"5023",502.2,27.3221934653465,-154.4424,3.673
"5024",502.3,27.3351674747475,-154.41069,3.67341
"5025",502.4,27.3574001980198,-154.45618,3.67359
"5026",502.5,27.3359721212121,-154.46726,3.67341
"5027",502.6,27.347528,-154.32989,3.67441
"5028",502.7,27.3030985148515,-154.31633,3.67418
"5029",502.8,27.3511886,-154.38898989899,3.673
"5030",502.9,27.3325035643564,-154.345603960396,3.673
"5031",503,27.3510789,-154.28463,3.673
"5032",503.1,27.3261973,-154.19983,3.67341
"5033",503.2,27.3039081,-154.32142,3.674
"5034",503.3,27.3126479591837,-154.33914,3.674
"5035",503.4,27.318250990099,-154.313656565657,3.67358585858586
"5036",503.5,27.3097396969697,-154.3307,3.67342
"5037",503.6,27.306572,-154.36864,3.674
"5038",503.7,27.2735315,-154.4224,3.67358
"5039",503.8,27.274055050505,-154.448588235294,3.673
"5040",503.9,27.2946901980198,-154.268404040404,3.673
"5041",504,27.2796867676768,-154.18716,3.673
"5042",504.1,27.3054622772277,-154.40777,3.673
"5043",504.2,27.303192,-154.37701010101,3.673
"5044",504.3,27.2799272277228,-154.34734,3.67342
"5045",504.4,27.2623969306931,-154.354267326733,3.674
"5046",504.5,27.253713030303,-154.338272727273,3.67275757575758
"5047",504.6,27.2715181188119,-154.260227722772,3.67224752475247
"5048",504.7,27.3162424242424,-154.25394,3.67359
"5049",504.8,27.2925132,-154.361554455446,3.673
"5050",504.9,27.3027016,-154.2442,3.673
"5051",505,27.2802448484848,-154.1786,3.673
"5052",505.1,27.2635399019608,-154.324408163265,3.673
"5053",505.2,27.32626,-154.40068,3.67342
"5054",505.3,27.296521010101,-154.3345,3.67442
"5055",505.4,27.321567,-154.30068,3.67458
"5056",505.5,27.3129042424242,-154.273575757576,3.67315151515151
"5057",505.6,27.3135065346535,-154.264485148515,3.67242574257426
"5058",505.7,27.3139822222222,-154.302061946903,3.673
"5059",505.8,27.2936141176471,-154.414630434783,3.673
"5060",505.9,27.3038268,-154.490177083333,3.673
"5061",506,27.2622505050505,-154.440494949495,3.673
"5062",506.1,27.2919707920792,-154.323376237624,3.67341584158416
"5063",506.2,27.2849792929293,-154.303353535354,3.674
"5064",506.3,27.2750940594059,-154.318,3.67442424242424
"5065",506.4,27.3402145454546,-154.31972,3.67414
"5066",506.5,27.2833375,-154.328811881188,3.67385148514852
"5067",506.6,27.3000535643564,-154.387069306931,3.67416831683168
"5068",506.7,27.3097605050505,-154.392826530612,3.673
"5069",506.8,27.3213278217822,-154.116980392157,3.673
"5070",506.9,27.3214033333333,-154.000826530612,3.673
"5071",507,27.3060465,-154.289901960784,3.673
"5072",507.1,27.2956925,-154.374585858586,3.67341414141414
"5073",507.2,27.3139884848485,-154.315168316832,3.67483168316832
"5074",507.3,27.2862461386139,-154.30785,3.67477
"5075",507.4,27.3020903030303,-154.292306122449,3.67341836734694
"5076",507.5,27.313524,-154.211900990099,3.67357425742574
"5077",507.6,27.299522,-154.116375,3.673
"5078",507.7,27.3378533333333,-154.140863636364,3.673
"5079",507.8,27.2685961386139,-154.078049504951,3.673
"5080",507.9,27.2662427272727,-154.026244897959,3.673
"5081",508,27.2523342574257,-154.149544554455,3.673
"5082",508.1,27.2468352,-154.15876,3.673
"5083",508.2,27.2610204,-154.188613861386,3.67133663366337
"5084",508.3,27.2536928712871,-154.191048076923,3.67057692307692
"5085",508.4,27.249978989899,-154.230726315789,3.673
"5086",508.5,27.3087801980198,-154.27784,3.673
