"","time_point","temperature","load","voltage"
"1",0,22.7172144360902,2.91277777777778,3.861
"2",0.1,22.69144,2.89629230769231,3.861
"3",0.2,22.67808,2.71453333333333,3.86002222222222
"5",0.4,22.7081348529412,2.84024444444444,3.861
"6",0.5,22.6926436842105,3.1709347826087,3.861
"8",0.7,22.6968995522388,3.00916981132076,3.86309433962264
"9",0.8,22.6799080808081,3.02244444444444,3.861
"10",0.9,22.6711,3.00814545454545,3.861
"11",1,22.6740162406015,2.88859210526316,3.861
"13",1.2,22.6732636090226,2.70534166666667,3.86131666666667
"15",1.4,22.6598443283582,2.92753703703704,3.861
"16",1.5,22.679579924812,2.98386666666667,3.861
"17",1.6,22.6669432835821,2.98197777777778,3.861
"18",1.7,22.6653792481203,3.04613333333333,3.86346666666667
"19",1.8,22.6773447,3.07255769230769,3.861
"20",1.9,22.6634548514852,3.06,3.861
"22",2.1,22.7013980597015,2.39025,3.861
"23",2.2,22.6971910526316,2.5826,3.861
"24",2.3,22.6700446,3.06412244897959,3.861
"25",2.4,22.6805568,2.85925,3.861
"26",2.5,22.6960272727273,2.56745652173913,3.861
"27",2.6,22.6908088235294,2.9924,3.861
"28",2.7,22.691050075188,2.98949056603774,3.8632641509434
"29",2.8,22.6968867164179,3.0765,3.861
"30",2.9,22.7117811940299,3.12374074074074,3.861
"32",3.1,22.6949214705882,2.3932,3.861
"33",3.2,22.7019025,2.7288,3.861
"34",3.3,22.724403880597,3.06538,3.86166
"35",3.4,22.7127630075188,2.73442857142857,3.861
"36",3.5,22.7089456,2.29848888888889,3.861
"37",3.6,22.716716119403,1.94826086956522,3.861
"38",3.7,22.7300621212121,1.69286666666667,3.86113333333333
"39",3.8,22.7142214925373,1.495,3.86175
"40",3.9,22.7230621052632,1.24978260869565,3.861
"41",4,22.7373524,0.813804347826087,3.861
"42",4.1,22.7658164356436,0.816600000000001,3.862
"43",4.2,22.7377791919192,0.477043478260869,3.86
"44",4.3,22.7236041176471,0.748608695652174,3.86152173913043
"45",4.4,22.7125344360902,2.162,3.861
"46",4.5,22.716706119403,2.18647826086957,3.861
"47",4.6,22.7307285074627,1.89813043478261,3.861
"48",4.7,22.71643,1.64989795918367,3.86304081632653
"50",4.9,22.71047,1.05648148148148,3.861
"51",5,22.7410011940298,0.788122448979592,3.86116326530612
"52",5.1,22.7120060150376,0.62542222222222,3.86137777777778
"53",5.2,22.7040108,0.605428571428571,3.86073469387755
"54",5.3,22.6833088059701,1.01036,3.861
"55",5.4,22.6835886363636,0.569500000000002,3.861375
"56",5.5,22.6829976119403,-0.0444727272727275,3.86165454545455
"57",5.6,22.6881963157895,-1.1672962962963,3.86164814814815
"58",5.7,22.6773274,-1.31894444444444,3.8622962962963
"59",5.8,22.6694863366337,-1.09330434782609,3.861
"60",5.9,22.6756402020202,-1.23852173913043,3.861
"61",6,22.6657214925373,-1.27176923076923,3.861
"62",6.1,22.65617,-1.37146268656717,3.86298507462687
"63",6.2,22.6423092,-1.47,3.862
"64",6.3,22.6557342,-1.58716129032258,3.86140322580645
"65",6.4,22.6431412121212,0.233272727272729,3.861
"66",6.5,22.6405207352941,-0.0378775510204079,3.862
"67",6.6,22.6416963157895,-0.516042553191493,3.86151063829787
"68",6.7,22.6310246268657,-1.46330434782609,3.86204347826087
"69",6.8,22.6333645522388,-1.10186956521739,3.861
"70",6.9,22.6369221,-1.18072916666667,3.861
"71",7,22.6490534328358,-1.26985416666667,3.861
"72",7.1,22.6640440909091,-1.3258125,3.862375
"73",7.2,22.6991114925373,-1.4740625,3.862
"74",7.3,22.7094810526316,-1.61771428571429,3.86128571428571
"75",7.4,22.7267396,-1.75330909090909,3.861
"76",7.5,22.6913707462687,-1.756625,3.861
"77",7.6,22.69766,-1.98596296296296,3.86257407407407
"78",7.7,22.7165383168317,-1.95914285714286,3.86157142857143
"79",7.8,22.7216324242424,-2.22232786885246,3.861
"80",7.9,22.7198985148515,-2.15183333333333,3.861
"81",8,22.7193881,-2.3355,3.861
"82",8.1,22.7247937373737,-2.61110416666667,3.862
"83",8.2,22.6915776470588,-2.54085714285713,3.861
"84",8.3,22.7110718181818,-1.8368275862069,3.861
"85",8.4,22.6993588235294,-1.72971428571429,3.861
"86",8.5,22.7168419548872,-1.74773469387755,3.861
"87",8.6,22.7332003,-1.99283333333333,3.86208333333333
"88",8.7,22.7261613432836,-1.95796153846154,3.86180769230769
"89",8.8,22.7144842857143,-2.2382962962963,3.861
"90",8.9,22.7074247761194,-2.10352173913043,3.861
"91",9,22.7271787878788,-2.31104347826087,3.861
"92",9.1,22.7283654,-2.58775,3.862
"93",9.2,22.7435120895522,-2.44129999999999,3.861
"94",9.3,22.7143721052632,-1.78710869565217,3.861
"95",9.4,22.705546119403,-1.86015384615384,3.861
"96",9.5,22.7064597727273,-1.7755,3.8615
"97",9.6,22.6947054455446,-1.74002173913043,3.86154347826087
"98",9.7,22.687498,-1.5120652173913,3.861
"99",9.8,22.694014,-1.472640625,3.861
"100",9.9,22.7052240298507,-1.42446268656717,3.861
"101",10,22.6860656060606,-1.55927941176471,3.861
"102",10.1,22.6999182178218,-1.33644927536232,3.861
"103",10.2,22.691796969697,-1.54747826086956,3.86241304347826
"104",10.3,22.6822001,-1.47191304347826,3.86176086956522
"105",10.4,22.7221626470588,-1.79189361702127,3.861
"106",10.5,22.7360434848485,-1.96673913043478,3.861
"107",10.6,22.7431837313433,-1.763,3.86173913043478
"108",10.7,22.7316858208955,-1.76604347826087,3.86108695652174
"109",10.8,22.7323076,-1.43108695652174,3.861
"110",10.9,22.7418532352941,-1.43526086956522,3.861
"111",11,22.7329998484848,-1.5850612244898,3.861
"112",11.1,22.7202679411765,-1.41154347826086,3.86165217391304
"113",11.2,22.69917,-1.59324528301887,3.86158490566038
"114",11.3,22.6587431683168,-1.52308695652174,3.86152173913044
"115",11.4,22.6221025757576,-1.93518867924528,3.861
"116",11.5,22.61627,-2.05,3.861
"117",11.6,22.6299932835821,-2.9774705882353,3.861
"118",11.7,22.6147657894737,-3.00013043478261,3.86126086956522
"119",11.8,22.6100384,-2.5895294117647,3.861
"120",11.9,22.6092467676768,-2.31630434782609,3.861
"121",12,22.5989435,-2.10496825396825,3.861
"122",12.1,22.6158188235294,-2.05425,3.861
"123",12.2,22.6088942105263,-1.91743478260869,3.86113043478261
"124",12.3,22.5926273134328,-1.84078947368421,3.861
"125",12.4,22.5967110526316,-1.61552173913043,3.861
"126",12.5,22.6061046,-2.109,3.861
"127",12.6,22.5832304477612,-2.95802127659574,3.86114893617021
"128",12.7,22.5855621052632,-2.98825531914893,3.861
"129",12.8,22.5990450746269,-2.51673913043478,3.861
"130",12.9,22.6164521052632,-2.29314893617021,3.86108510638298
"131",13,22.6085658,-2.10189285714286,3.861
"132",13.1,22.6208919402985,-2.0325306122449,3.861
"133",13.2,22.6158115789474,-1.91595652173913,3.86108695652174
"134",13.3,22.6200070588235,-1.83111538461538,3.861
"135",13.4,22.6076866165414,-1.88304347826087,3.861
"136",13.5,22.6209488,-1.58430434782609,3.86184782608696
"137",13.6,22.6061796969697,-1.55358695652174,3.86004347826087
"138",13.7,22.6255408,-1.13069565217391,3.861
"139",13.8,22.6151312121212,-1.03145652173913,3.861
"140",13.9,22.609265037594,-0.730382978723404,3.86193617021277
"141",14,22.6076384,-0.42368085106383,3.862
"142",14.1,22.6227957575758,-0.398347826086957,3.861
"143",14.2,22.603128,0.1196170212766,3.861
"144",14.3,22.6184052941177,0.16291304347826,3.861
"145",14.4,22.6204286466165,-1.54110869565218,3.861
"146",14.5,22.616743880597,-1.60995652173913,3.86113043478261
"147",14.6,22.6120450746269,-1.18341304347827,3.86195652173913
"148",14.7,22.6155558,-1.11569090909091,3.861
"149",14.8,22.6005420895522,-1.03374468085106,3.861
"150",14.9,22.6121942105263,-0.5795,3.86110714285714
"151",15,22.6101195522388,-0.457701298701298,3.862
"152",15.1,22.6204905263158,-0.403285714285715,3.861
"153",15.2,22.6425138,0.0306296296296382,3.861
"154",15.3,22.6083691044776,0.230142857142857,3.861
"155",15.4,22.6002297727273,0.2275,3.861
"156",15.5,22.6251626865672,0.841391304347821,3.862
"157",15.6,22.6361213533835,0.825714285714284,3.862
"158",15.7,22.6329742,0.813944444444444,3.86127777777778
"159",15.8,22.6415501,1.19715094339623,3.861
"160",15.9,22.6622539393939,1.50376595744681,3.86146808510638
"161",16,22.6214082352941,1.75508333333333,3.86140277777778
"162",16.1,22.6285433082707,1.909,3.86147826086957
"163",16.2,22.6338695,1.71890909090904,3.86181818181818
"164",16.3,22.6143742,0.417304347826089,3.861
"165",16.4,22.6232918181818,0.454666666666663,3.86133333333333
"166",16.5,22.6564,0.488500000000004,3.86116666666667
"167",16.6,22.6645445454545,0.781304347826086,3.862
"168",16.7,22.66825,0.816565217391304,3.86165217391304
"169",16.8,22.6664770149254,1.15265384615385,3.861
"170",16.9,22.6833,1.50752173913044,3.86152173913043
"171",17,22.6833511764706,1.75728571428572,3.86147619047619
"172",17.1,22.6839986363636,1.95676595744681,3.86189361702128
"173",17.2,22.6828762686567,1.46799999999996,3.86166666666667
"174",17.3,22.6780301503759,0.404206896551729,3.861
"175",17.4,22.6554494,0.43634042553192,3.86121276595745
"176",17.5,22.6384643283582,0.514999999999998,3.86133333333333
"177",17.6,22.6494845454545,0.294925925925933,3.86174074074074
"178",17.7,22.6526586567164,0.0998888888888852,3.861
"179",17.8,22.6822359398496,0.02943478260869,3.861
"180",17.9,22.6798872,0.266859649122807,3.861
"181",18,22.6548688,0.396054545454548,3.86196363636364
"182",18.1,22.683715959596,1.079,3.86188461538462
"183",18.2,22.6786229411765,0.865574468085101,3.861
"184",18.3,22.6667512686567,0.506173913043478,3.861
"185",18.4,22.6746492537313,0.638086956521738,3.862
"186",18.5,22.6688486567164,0.568478260869559,3.86158695652174
"187",18.6,22.6825212,0.244800000000004,3.86204
"188",18.7,22.64489,0.048217391304345,3.861
"189",18.8,22.6577030534351,0.107888888888884,3.861
"190",18.9,22.6441517910448,0.266653846153846,3.861
"191",19,22.6425439849624,0.376652173913039,3.86221739130435
"192",19.1,22.6503891,1.06684615384614,3.86201538461538
"193",19.2,22.6582170149254,0.8903829787234,3.861
"194",19.3,22.6764190977444,0.51204347826088,3.861
"195",19.4,22.6643382089552,0.643818181818178,3.86192727272727
"196",19.5,22.6708390909091,0.555446808510647,3.861
"197",19.6,22.6763764,0.798,3.861
"198",19.7,22.677676,0.743234042553195,3.861
"199",19.8,22.6810008,0.775375,3.861
"200",19.9,22.65366,0.775047619047619,3.861
"201",20,22.6523663909774,0.790531914893616,3.862
"202",20.1,22.649266,-0.157372549019617,3.861
"203",20.2,22.6557352,-0.526,3.861
"204",20.3,22.6629588,-0.339153846153851,3.861
"205",20.4,22.6497389552239,-0.472244897959164,3.85995918367347
"206",20.5,22.6613825757576,-0.06,3.862
"207",20.6,22.6629276119403,0.793782608695654,3.86104347826087
"208",20.7,22.679053880597,0.748326086956523,3.861
"209",20.8,22.6844004,0.772760869565218,3.861
"210",20.9,22.6827294117647,0.802471698113207,3.86143396226415
"211",21,22.6774890909091,0.886230769230783,3.86169230769231
"212",21.1,22.6648934328358,-0.0384468085106308,3.861
"213",21.2,22.6761866165414,-0.52952,3.861
"214",21.3,22.649854,-0.318727272727274,3.861
"215",21.4,22.6426204477612,-0.443028571428568,3.861
"216",21.5,22.6437715909091,-0.281333333333334,3.861
"217",21.6,22.6237604477612,-0.718021276595736,3.86178723404255
"218",21.7,22.6388728571429,-2.24682608695652,3.861
"219",21.8,22.64843,-2.28316666666667,3.861
"220",21.9,22.6485944444444,-2.27854347826087,3.861
"221",22,22.6522385,-2.16951063829787,3.86
"222",22.1,22.6470560294118,-2.23954430379747,3.86149367088608
"223",22.2,22.6471293939394,-2.44024000000001,3.861
"224",22.3,22.6523164705882,-2.57992307692308,3.861
"225",22.4,22.6314767669173,-2.50517391304348,3.861
"226",22.5,22.6413364,-2.38508695652174,3.861
"227",22.6,22.6641929411765,-0.861142857142852,3.86177551020408
"228",22.7,22.6312279699248,-2.23695744680851,3.861
"229",22.8,22.6406731343284,-2.28253846153846,3.861
"230",22.9,22.6585254545455,-2.28595744680851,3.861
"231",23,22.6510405940594,-2.17166666666667,3.86009803921569
"232",23.1,22.643595,-2.25326315789474,3.86168421052632
"233",23.2,22.6489266165414,-2.51263829787235,3.861
"234",23.3,22.6724585074627,-2.57653191489362,3.861
"235",23.4,22.6656404511278,-2.5025,3.861
"236",23.5,22.6634472,-2.4612340425532,3.861
"237",23.6,22.6606325252525,-2.31361702127659,3.86
"238",23.7,22.6476395,-2.33478723404257,3.861
"239",23.8,22.6615523529412,-3.63077083333333,3.861
"240",23.9,22.6016472932331,-3.55540425531915,3.86295744680851
"241",24,22.5863228,-3.56558490566038,3.86
"242",24.1,22.5603673737374,-3.45923913043479,3.861
"243",24.2,22.5407135,-3.43787234042554,3.861
"244",24.3,22.5388470149254,-3.45087234042553,3.861
"245",24.4,22.5386614285714,-3.15093617021276,3.8611914893617
"246",24.5,22.5288735820896,-2.23753125,3.862
"247",24.6,22.5421585714286,-2.3044705882353,3.86001960784314
"248",24.7,22.5313621782178,-2.32030769230769,3.861
"249",24.8,22.5413274626866,-3.66463829787234,3.85874468085107
"250",24.9,22.5640290977444,-3.554,3.863
"251",25,22.5541995522388,-3.56695652173913,3.86
"252",25.1,22.5411777443609,-3.44548936170213,3.861
"253",25.2,22.531706,-3.44490566037736,3.861
"254",25.3,22.5360990909091,-3.43468,3.861
"255",25.4,22.5454742857143,-3.34090566037736,3.861
"256",25.5,22.5716167164179,-2.21461111111111,3.862
"257",25.6,22.56094,-2.41802127659576,3.861
"258",25.7,22.535299,-2.19214893617022,3.861
"259",25.8,22.531268989899,-2.16348936170213,3.8618085106383
"260",25.9,22.5628004,-2.07587234042553,3.86236170212766
"261",26,22.6166752941177,-2.39325000000001,3.862
"262",26.1,22.6323157142857,-3.96366666666667,3.861
"263",26.2,22.6375397014925,-3.812625,3.861
"264",26.3,22.6551201492537,-3.66802127659574,3.861
"265",26.4,22.63964,-3.25187234042553,3.86125531914894
"266",26.5,22.6390710447761,-2.52182978723404,3.8616170212766
"267",26.6,22.6564086466165,-2.26415789473684,3.861
"268",26.7,22.6548789552239,-2.231,3.861
"269",26.8,22.6495093233083,-2.13897872340426,3.8616170212766
"270",26.9,22.6805616,-2.0605,3.862
"271",27,22.6717527272727,-2.58435849056607,3.862
"272",27.1,22.6838857142857,-3.95407692307692,3.861
"273",27.2,22.6675343283582,-3.81657446808511,3.861
"274",27.3,22.6757053731343,-3.66796,3.861
"275",27.4,22.6615196,-3.21127659574468,3.86144680851064
"276",27.5,22.6411956,-2.8016,3.861
"277",27.6,22.6494326262626,-2.78083333333333,3.861
"278",27.7,22.6592567647059,-3.0356170212766,3.861
"279",27.8,22.6567325757576,-2.97759574468087,3.861
"280",27.9,22.658022,-2.94940677966102,3.861
"281",28,22.6745025,-2.85344680851064,3.86157446808511
"282",28.1,22.6717834343434,-2.8363829787234,3.861
"283",28.2,22.6536895522388,-2.46958181818182,3.861
"284",28.3,22.6629856390977,-2.33274468085107,3.86355319148936
"285",28.4,22.6427070149254,-2.51531914893617,3.86170212765957
"286",28.5,22.6499276119403,-2.72678723404255,3.861
"287",28.6,22.6505755,-2.8743829787234,3.861
"288",28.7,22.6477808955224,-3.04525531914894,3.861
"289",28.8,22.6600542857143,-2.89766666666666,3.861
"290",28.9,22.6735049253731,-2.93684,3.86106
"291",29,22.6663614285714,-2.84540425531915,3.861
"292",29.1,22.6813845,-2.83665957446809,3.861
"293",29.2,22.6662375757576,-2.3962,3.861
"294",29.3,22.6458288721805,-2.3324074074074,3.86492592592593
"295",29.4,22.6184820895522,-2.45674468085106,3.862
"296",29.5,22.6068972932331,-2.40693617021277,3.861
"297",29.6,22.6140028,-0.8694375,3.861
"298",29.7,22.6022424,-0.952617021276595,3.86140425531915
"299",29.8,22.5901066666667,-0.90023404255319,3.86172340425532
"300",29.9,22.6062379411765,-0.890851063829788,3.86189361702128
"301",30,22.6154166917293,-0.82489552238806,3.861
"302",30.1,22.6203044776119,-0.652375,3.861
"303",30.2,22.6211315671642,-0.754723404255321,3.86148936170213
"304",30.3,22.61601,-0.3082340425532,3.86159574468085
"305",30.4,22.6508349253731,-2.11038461538459,3.86165384615385
"306",30.5,22.6314,-2.49045283018868,3.861
"307",30.6,22.6158858208955,-0.867765957446809,3.861
"308",30.7,22.61271,-0.867021276595745,3.86025531914894
"309",30.8,22.6218825,-0.952673469387749,3.86030612244898
"310",30.9,22.6147532835821,-0.878340425531917,3.861
"311",31,22.6159578787879,-0.690212765957445,3.861
"312",31.1,22.6155789552239,-0.71753191489361,3.861
"313",31.2,22.6072076691729,-0.59494444444444,3.86164814814815
"314",31.3,22.638858,0.0207021276595492,3.862
"315",31.4,22.6707166,0.288222222222222,3.861
"316",31.5,22.6652736363636,0.374468085106382,3.861
"317",31.6,22.6745483823529,0.0988125,3.861
"318",31.7,22.6782166165414,0.792692307692308,3.861
"319",31.8,22.675471,0.926642857142856,3.861
"320",31.9,22.671379,1.11329166666667,3.861
"321",32,22.6753627272727,0.683838709677446,3.861
"322",32.1,22.6674773134328,-0.0525957446808452,3.861
"323",32.2,22.651162556391,0.0718297872340504,3.861
"324",32.3,22.6495965671642,-0.0333673469387748,3.862
"325",32.4,22.6410980597015,0.314827586206902,3.86106896551724
"326",32.5,22.6439064,0.345500000000016,3.861
"327",32.6,22.6359671641791,0.0820851063829766,3.861
"328",32.7,22.6286934586466,0.753063829787231,3.861
"329",32.8,22.6310052941176,0.924041666666665,3.861
"330",32.9,22.6226785714286,1.11510638297873,3.861
"331",33,22.6165955,0.789418181818172,3.861
"332",33.1,22.6194898507463,-0.0512978723404226,3.861
"333",33.2,22.6130624242424,0.0675964912280624,3.861
"334",33.3,22.5932863636364,-0.0983599999999981,3.86292
"335",33.4,22.6071169172932,-0.588490909090909,3.86107272727273
"336",33.5,22.6346839,-0.29268085106383,3.861
"337",33.6,22.6081163,-0.470142857142856,3.86021428571429
"338",33.7,22.6290708080808,-0.388,3.862
"339",33.8,22.6337182352941,-0.190106382978725,3.86274468085106
"340",33.9,22.6287777443609,-0.0927666666666694,3.861
"341",34,22.6311898507463,-0.122859649122804,3.861
"342",34.1,22.6376137313433,-0.0137818181818135,3.86187272727273
"343",34.2,22.6378116,0.0355625000000028,3.8605625
"344",34.3,22.6539679411765,0.710818181818209,3.86145454545455
"345",34.4,22.660665,0.186553191489325,3.861
"346",34.5,22.6672770149254,-0.291085106382979,3.861
"347",34.6,22.6450795488722,-0.25324528301887,3.861
"348",34.7,22.6420962,-0.413169811320759,3.86145283018868
"349",34.8,22.6348276119403,-0.207170212765957,3.86251063829787
"350",34.9,22.6350827272727,-0.0656595744680865,3.861
"351",35,22.6152689552239,-0.130234042553191,3.861
"352",35.1,22.639429924812,-0.0252799999999908,3.86178
"353",35.2,22.6490608,0.0275319148936231,3.86031914893617
"354",35.3,22.6420713,1.25859999999997,3.861
"355",35.4,22.6415919191919,1.96745833333334,3.861
"356",35.5,22.6250011764706,0.68517021276596,3.861
"357",35.6,22.5998107518797,0.677035714285712,3.861
"358",35.7,22.5960696,0.327518518518523,3.861
"359",35.8,22.6109251,0.0227500000000184,3.861
"360",35.9,22.607791,0.0960000000000023,3.861
"361",36,22.6166834328358,-0.202829787234053,3.861
"362",36.1,22.6238821212121,-0.339,3.861
"363",36.2,22.6336268656716,-0.696833333333328,3.86098148148148
"364",36.3,22.6257163432836,-0.196777777777801,3.86103703703704
"365",36.4,22.6399849,1.97012765957447,3.861
"366",36.5,22.6224357352941,0.693851063829786,3.861
"367",36.6,22.6386129545455,0.595687499999988,3.861
"368",36.7,22.638473880597,0.33733333333333,3.861
"369",36.8,22.640680075188,0.00708510638297324,3.861
"370",36.9,22.62401,0.486428571428504,3.861
"371",37,22.6246786567164,-0.535,3.861
"372",37.1,22.6388645454545,-0.376787234042557,3.86087234042553
"373",37.2,22.6556723880597,-0.699083333333333,3.86108333333333
"374",37.3,22.6347865413534,-0.7284375,3.861
"375",37.4,22.6318028,-0.691765957446804,3.861
"376",37.5,22.6344328,0.00954545454544501,3.861
"377",37.6,22.6332852,-1.09025531914894,3.861
"378",37.7,22.6290664705882,-3.23163829787234,3.86274468085106
"379",37.8,22.6523839849624,-3.12295744680851,3.861
"380",37.9,22.6591850746269,-2.69385106382979,3.861
"381",38,22.6545104477612,-2.71078723404255,3.861
"382",38.1,22.637659,-2.81287234042553,3.8613829787234
"383",38.2,22.6425435294118,-2.71676595744681,3.86274468085106
"384",38.3,22.6404831818182,-1.16507692307692,3.861
"385",38.4,22.6248632835821,-0.645083333333339,3.861
"386",38.5,22.6504731818182,0.0967407407407535,3.861
"387",38.6,22.6486711881188,-1.36958333333339,3.861
"388",38.7,22.6519627272727,-3.31823999999998,3.86234
"389",38.8,22.6498704511278,-3.03657446808512,3.861
"390",38.9,22.6432941791045,-2.71124074074074,3.861
"391",39,22.6340178787879,-2.70452083333333,3.861
"392",39.1,22.6216152475248,-2.7995744680851,3.86127659574468
"393",39.2,22.616668989899,-2.88261702127659,3.862
"394",39.3,22.6492036633663,-3.02502127659574,3.861
"395",39.4,22.6385680882353,-3.16529787234043,3.861
"396",39.5,22.6412036363636,-3.32003773584907,3.86196226415094
"397",39.6,22.6346157425743,-3.53863157894737,3.862
"398",39.7,22.6279106060606,-3.68242307692308,3.862
"399",39.8,22.6150931313131,-3.8739074074074,3.861
"400",39.9,22.5994128358209,-4.28342857142857,3.861
"401",40,22.6190509022556,-3.903,3.86166666666667
"402",40.1,22.6265192537313,-3.03431914893617,3.863
"403",40.2,22.6225845112782,-3.11258333333333,3.86172916666667
"404",40.3,22.6286691089109,-3.09974468085107,3.861
"405",40.4,22.6147425373134,-3.26902127659574,3.861
"406",40.5,22.605502631579,-3.27708510638298,3.86155319148936
"407",40.6,22.6011265671642,-3.50551724137931,3.86110344827586
"408",40.7,22.6427884848485,-3.64259615384614,3.862
"409",40.8,22.6159430693069,-3.82994339622641,3.861
"410",40.9,22.6107287878788,-4.27042553191489,3.861
"411",41,22.61645,-3.90106382978723,3.8616170212766
"412",41.1,22.6191580597015,-3.0298679245283,3.863
"413",41.2,22.6441866666667,-3.11335714285714,3.86176785714286
"414",41.3,22.6520235294118,-3.13032075471699,3.861
"415",41.4,22.6157551515152,-2.97953846153846,3.861
"416",41.5,22.6004888,-2.90601694915255,3.86137288135593
"417",41.6,22.6156947058824,-2.88065957446809,3.862
"418",41.7,22.5896066917293,-3.00091666666667,3.861
"419",41.8,22.5596963636364,-3.20472340425531,3.861
"420",41.9,22.5412758646617,-3.17945901639344,3.861
"421",42,22.5505028,-3.388875,3.8619375
"422",42.1,22.5549989552239,-3.4253829787234,3.861
"423",42.2,22.5493634586466,-3.68806122448978,3.86091836734694
"424",42.3,22.5360397014925,-4.0396538461539,3.861
"425",42.4,22.5509787969925,-3.00827659574467,3.861
"426",42.5,22.539524,-2.887,3.861
"427",42.6,22.5506743283582,-2.88065957446809,3.862
"428",42.7,22.5372712030075,-3.00091666666667,3.861
"429",42.8,22.5180288235294,-3.20472340425531,3.861
"430",42.9,22.5142696240601,-3.28288235294118,3.861
"431",43,22.4962427,-3.41227659574468,3.86165957446809
"432",43.1,22.4852713131313,-3.38385714285714,3.86014285714286
"433",43.2,22.504368,-4.22534042553184,3.861
"434",43.3,22.4983514925373,-4.68043396226416,3.861
"435",43.4,22.4849936090226,-4.64014893617021,3.861
"436",43.5,22.4827652,-3.99570212765957,3.863
"437",43.6,22.4714971717172,-3.86844444444444,3.861
"438",43.7,22.4774322,-3.73754545454546,3.861
"439",43.8,22.4849974626866,-3.71398461538462,3.861
"440",43.9,22.5285121052632,-3.6154074074074,3.861
"441",44,22.5263286567164,-3.57303571428571,3.86023214285714
"442",44.1,22.5525071641791,-3.43819148936171,3.862
"443",44.2,22.5828312,-3.48355319148936,3.861
"444",44.3,22.563892238806,-4.121,3.861
"445",44.4,22.5671998496241,-4.75453191489362,3.861
"446",44.5,22.5768791044776,-4.09340425531914,3.863
"447",44.6,22.5692458646617,-3.87733333333333,3.861
"448",44.7,22.5698912,-3.75285714285715,3.861
"449",44.8,22.5515960606061,-3.74614285714286,3.861
"450",44.9,22.5732257894737,-3.61435416666667,3.861
"451",45,22.5870902985075,-3.56914893617021,3.86036170212766
"452",45.1,22.5828352631579,-3.47544680851064,3.862
"453",45.2,22.584207,-3.49946808510638,3.861
"454",45.3,22.5679823,-3.52813725490196,3.861
"455",45.4,22.5513518181818,-3.89489361702128,3.85993617021277
"456",45.5,22.5810552941176,-3.2921875,3.8604375
"457",45.6,22.57549,-1.17314583333321,3.86029166666667
"458",45.7,22.5617340298507,-1.38325531914893,3.861
"459",45.8,22.5728325373134,-1.82842553191489,3.861
"460",45.9,22.6056511111111,-1.775875,3.861
"461",46,22.6023788059702,-1.68383333333333,3.86158333333333
"462",46.1,22.5971357894737,-1.52949999999999,3.8605
"463",46.2,22.5800104477612,-1.56655319148938,3.861
"464",46.3,22.5815505263158,-3.08046153846147,3.861
"465",46.4,22.5733096,-3.93406382978723,3.85963829787234
"466",46.5,22.5643976119403,-3.13734042553184,3.86029787234043
"467",46.6,22.5625073684211,-1.0782765957446,3.86044680851064
"468",46.7,22.5875602941176,-1.33378431372546,3.861
"469",46.8,22.5983469172932,-1.74672222222222,3.861
"470",46.9,22.6106144,-1.76172727272728,3.861
"471",47,22.604302,-1.68457446808511,3.8616170212766
"472",47.1,22.6113296969697,-1.53227659574467,3.86046808510638
"473",47.2,22.6043398507463,-1.54658333333334,3.861
"474",47.3,22.5965236842105,-1.12070212765957,3.861
"475",47.4,22.6032226,-1.07957446808511,3.86114893617021
"476",47.5,22.607489,-0.697063829787234,3.86146808510638
"477",47.6,22.5761536363636,-0.3985,3.861
"478",47.7,22.5820392537313,-0.0917735849056597,3.861
"479",47.8,22.594637518797,0.672468085106376,3.861
"480",47.9,22.6030658208955,0.618425531914896,3.86114893617021
"481",48,22.6170674626866,-0.798089285714287,3.86
"482",48.1,22.6259688,-0.765531914893611,3.861
"483",48.2,22.6272995522388,-0.676148936170199,3.861
"484",48.3,22.6241047368421,-0.917577464788732,3.861
"485",48.4,22.6277716176471,-1.071,3.86191666666667
"486",48.5,22.6230618796992,-0.767255319148935,3.86187234042553
"487",48.6,22.6164252,-0.4946923076923,3.861
"488",48.7,22.6118998507463,-0.0909215686274743,3.861
"489",48.8,22.6334323484848,0.570191489361684,3.861
"490",48.9,22.6399888235294,0.620125,3.861125
"491",49,22.6033096212121,-0.802145833333335,3.86
"492",49.1,22.5415886,-0.774333333333327,3.861
"493",49.2,22.5239189,-0.639833333333313,3.861
"494",49.3,22.5057003,-0.870718749999999,3.861
"495",49.4,22.5034228358209,-0.937296296296295,3.861
"496",49.5,22.4988909090909,-1.00602083333333,3.861
"497",49.6,22.490221641791,-1.02078723404255,3.86189361702128
"498",49.7,22.4824807462687,-0.997816326530621,3.861
"499",49.8,22.4795003,-1.0139375,3.861
"500",49.9,22.4781617910448,-0.811175675675672,3.86174324324324
"501",50,22.4865345454545,-0.819508196721311,3.86245901639344
"502",50.1,22.4928113432836,-0.70612500000001,3.861
"503",50.2,22.485787593985,-0.901927272727272,3.861
"504",50.3,22.480286,0.652839285714225,3.86191071428571
"505",50.4,22.4696379411765,1.28520754716981,3.86222641509434
"506",50.5,22.479385,-0.919127659574504,3.861
"507",50.6,22.4996702941176,-1.05791666666667,3.861
"508",50.7,22.4845157894737,-1.13517857142857,3.86116071428571
"509",50.8,22.4854818,-1.07008333333333,3.861
"510",50.9,22.4800723,-0.968,3.861
"511",51,22.4907118181818,-0.825510204081632,3.86295918367347
"512",51.1,22.5082491176471,-0.716000000000002,3.861
"513",51.2,22.5495527272727,-0.899581818181823,3.861
"514",51.3,22.55863,0.834208333333301,3.86210416666667
"515",51.4,22.565618,1.52272340425532,3.86257446808511
"516",51.5,22.598067,0.630041666666649,3.863
"517",51.6,22.5827882089552,-0.0397021276595779,3.861
"518",51.7,22.5943559848485,-0.289480519480518,3.861
"519",51.8,22.5840544776119,-0.562344827586204,3.861
"520",51.9,22.6161732835821,-0.766765957446808,3.862
"521",52,22.601795,-1.12178723404256,3.8616170212766
"522",52.1,22.6048682352941,-1.56025531914896,3.861
"523",52.2,22.6036031818182,-1.90977358490566,3.861
"524",52.3,22.6133408823529,-1.90412727272726,3.861
"525",52.4,22.6076042105263,-1.77605454545455,3.86105454545454
"526",52.5,22.6120137,-0.0280555555555191,3.8607037037037
"527",52.6,22.6073723880597,0.22559999999996,3.8622
"528",52.7,22.6079426315789,-0.177916666666656,3.861
"529",52.8,22.6212544776119,-0.534749999999991,3.861
"530",52.9,22.6126736363636,-0.773148936170212,3.862
"531",53,22.6100951485149,-1.09825,3.86175
"532",53.1,22.6246481818182,-1.52000000000003,3.861
"533",53.2,22.608835,-1.91843750000001,3.861
"534",53.3,22.6200814925373,-1.89466666666666,3.861
"535",53.4,22.628062556391,-1.77653191489362,3.86153191489362
"536",53.5,22.6294146268657,-1.75257142857143,3.85957142857143
"537",53.6,22.6242057142857,-1.42779166666666,3.86189583333333
"538",53.7,22.616917,-1.0548510638298,3.861
"539",53.8,22.6674959701493,-1.72197872340416,3.86165957446809
"540",53.9,22.6614740601504,-3.51993939393936,3.86184848484849
"541",54,22.6545470149254,-5.12758333333332,3.86625
"542",54.1,22.6355403030303,-4.388,3.86
"543",54.2,22.6252643564356,-4.18797872340426,3.861
"544",54.3,22.6139701492537,-4.0210588235294,3.861
"545",54.4,22.6278433834586,-4.25808000000001,3.86104
"546",54.5,22.6291944117647,-3.58274999999986,3.86191666666667
"547",54.6,22.6235547368421,-1.42131914893616,3.86182978723404
"548",54.7,22.6336381,-1.04616000000001,3.861
"549",54.8,22.6340554545455,-1.85465384615386,3.86142307692308
"550",54.9,22.66378,-3.95725,3.862
"551",55,22.6534995522388,-4.86724999999999,3.86183333333333
"552",55.1,22.642234962406,-4.35379999999999,3.8602
"553",55.2,22.647378,-4.18741818181818,3.861
"554",55.3,22.7031956565657,-4.06544680851062,3.861
"555",55.4,22.7275039,-4.28739583333333,3.86127083333333
"556",55.5,22.744723880597,-4.45433333333333,3.862
"557",55.6,22.73502,-4.44937500000001,3.8603125
"558",55.7,22.7386434328358,-4.49735416666666,3.861
"559",55.8,22.7572818796992,-4.64993749999999,3.861
"560",55.9,22.7573530693069,-4.9137659574468,3.86257446808511
"561",56,22.7556271641791,-5.10772727272727,3.861
"562",56.1,22.7590698496241,-5.30712765957448,3.861
"563",56.2,22.7553314705882,-5.18865957446809,3.861
"564",56.3,22.7542622727273,-5.66719148936169,3.861
"565",56.4,22.7614218811881,-6.50411538461539,3.863
"566",56.5,22.7733945454545,-4.83099999999995,3.862
"567",56.6,22.733082481203,-4.51765957446809,3.86074468085106
"568",56.7,22.7342511940299,-4.54834042553191,3.861
"569",56.8,22.7395806766917,-4.78331914893614,3.861
"570",56.9,22.732691,-5.00993617021277,3.86287234042553
"571",57,22.73763,-5.08310416666668,3.861
"572",57.1,22.733024040404,-5.34763829787234,3.861
"573",57.2,22.7178359701493,-5.22114893617019,3.861
"574",57.3,22.716532556391,-5.98566666666664,3.86166666666667
"575",57.4,22.6869891044776,-6.88051063829786,3.86255319148936
"576",57.5,22.6753174626866,-6.74712499999995,3.861
"577",57.6,22.6532362626263,-5.73601785714289,3.861
"578",57.7,22.6369453731343,-6.24672916666666,3.861
"579",57.8,22.6566997014925,-6.8075744680851,3.86163829787234
"580",57.9,22.6661571641791,-7.56834042553192,3.86174468085106
"581",58,22.6695966165414,-8.0255416666667,3.86129166666667
"582",58.1,22.669298,-8.02355319148936,3.861
"583",58.2,22.6920673134328,-8.02042105263159,3.86024561403509
"584",58.3,22.6785906060606,-7.9063396226415,3.86052830188679
"585",58.4,22.6880417647059,-7.78572727272725,3.86336363636364
"586",58.5,22.7016648120301,-6.7712222222222,3.861
"587",58.6,22.691382,-5.68891489361706,3.861
"588",58.7,22.690337,-6.26193617021275,3.861
"589",58.8,22.6884046268657,-6.79799999999999,3.8616
"590",58.9,22.6934743,-7.60384905660378,3.86160377358491
"591",59,22.6769765413534,-7.99253191489363,3.86134042553191
"592",59.1,22.67104,-8.02540425531915,3.861
"593",59.2,22.662442,-8.02150000000001,3.86025
"594",59.3,22.684236122449,-8.09945833333331,3.8596875
"595",59.4,22.6761258208955,-9.92475510204083,3.86148979591837
"596",59.5,22.6230166917293,-9.29805769230766,3.861
"597",59.6,22.6148355223881,-8.77178723404255,3.861
"598",59.7,22.6023776865672,-8.797,3.862
"599",59.8,22.6242663,-8.65629411764705,3.86188235294118
"600",59.9,22.6216608955224,-8.73516666666667,3.861
"601",60,22.5876406015038,-8.58925,3.861
"602",60.1,22.5659747058824,-8.6249574468085,3.86146808510638
"603",60.2,22.5722684962406,-8.48906382978722,3.861
"604",60.3,22.59382,-8.7446603773585,3.862
"605",60.4,22.5657896969697,-9.15791666666665,3.86258333333333
"606",60.5,22.5549643609023,-9.7254375,3.861
"607",60.6,22.5597426865672,-8.84704255319148,3.861
"608",60.7,22.5654027067669,-8.86778723404256,3.86140425531915
"609",60.8,22.580514,-8.61848936170213,3.862
"610",60.9,22.5880008,-8.75514893617021,3.861
"611",61,22.5986766666667,-8.59975,3.861
"612",61.1,22.5688989552239,-8.58132,3.86182
"613",61.2,22.571455037594,-8.58470833333332,3.861
"614",61.3,22.5678352238806,-8.65391489361702,3.862
"615",61.4,22.5588643283582,-8.51025531914894,3.862
"616",61.5,22.5626055555556,-9.22841176470587,3.861
"617",61.6,22.5813108955224,-9.12424528301887,3.861
"618",61.7,22.5801133082707,-7.85217021276596,3.861
"619",61.8,22.5944676119403,-7.69708333333334,3.86191666666667
"620",61.9,22.6013020300752,-7.26431250000001,3.861
"621",62,22.6208696,-7.06553191489365,3.861
"622",62.1,22.5952358208955,-8.03629166666665,3.861
"623",62.2,22.58015,-7.66646153846153,3.86169230769231
"624",62.3,22.5721423529412,-8.438,3.861
"625",62.4,22.5648664661654,-8.68719148936172,3.8618085106383
"626",62.5,22.5686779,-9.2215,3.861
"627",62.6,22.5808713,-9.05222448979591,3.861
"628",62.7,22.6080511111111,-7.7926170212766,3.861
"629",62.8,22.6040008955224,-7.5688085106383,3.86168085106383
"630",62.9,22.598864962406,-7.2266875,3.861
"631",63,22.6070496,-7.25637735849056,3.861
"632",63.1,22.6089648,-8.00274999999999,3.861
"633",63.2,22.5954096969697,-7.667,3.8616875
"634",63.3,22.5884585074627,-8.2695,3.861125
"635",63.4,22.5960276691729,-8.14444897959184,3.861
"636",63.5,22.5919228358209,-8.24931914893616,3.861
"637",63.6,22.5937031343284,-8.02533333333332,3.861
"638",63.7,22.6018624,-8.38150000000001,3.86025
"639",63.8,22.5988217910448,-8.13872916666666,3.8621875
"640",63.9,22.6105036842105,-8.2425,3.861
"641",64,22.6182055223881,-7.9561666666667,3.861
"642",64.1,22.6072521052632,-7.7525625,3.8619375
"643",64.2,22.5969288,-7.66028571428572,3.861
"644",64.3,22.6005797014925,-9.03793749999999,3.85925
"645",64.4,22.59467,-8.18618749999999,3.861
"646",64.5,22.6007295588235,-8.39005882352945,3.861
"647",64.6,22.5790042105263,-8.1462553191489,3.861
"648",64.7,22.5758572,-8.43175,3.862125
"649",64.8,22.5806904,-8.20040425531913,3.86089361702128
"650",64.9,22.57716,-8.2424375,3.861
"651",65,22.5684316176471,-7.90002127659576,3.861
"652",65.1,22.5798727272727,-7.74078723404255,3.86142553191489
"653",65.2,22.5888932835821,-7.6645,3.862375
"654",65.3,22.5907085074627,-9.08287499999996,3.86077083333333
"655",65.4,22.5706132,-8.97899999999998,3.861
"656",65.5,22.5873837313433,-9.16525,3.86175
"657",65.6,22.5847106818182,-8.8265,3.86266666666667
"658",65.7,22.5922941791045,-9.55325531914894,3.8621914893617
"659",65.8,22.6095065413534,-9.40278000000003,3.861
"660",65.9,22.6237964,-10.138875,3.8610625
"661",66,22.6381836764706,-9.77304166666662,3.86195833333333
"662",66.1,22.6353629545455,-11.755125,3.8629375
"663",66.2,22.6284126470588,-10.1940000000001,3.86273076923077
"664",66.3,22.6441793984962,-8.97683333333332,3.861
"665",66.4,22.6676568,-9.11123404255317,3.861
"666",66.5,22.636132,-9.00227083333336,3.86164583333333
"667",66.6,22.6491872727273,-9.302625,3.863875
"668",66.7,22.6279497058824,-9.41658333333336,3.86160416666667
"669",66.8,22.6399077272727,-9.71589473684223,3.861
"670",66.9,22.6380228,-10.08325,3.861375
"671",67,22.6223196,-9.97814893617014,3.86153191489362
"672",67.1,22.6204508080808,-11.4776382978723,3.86242553191489
"673",67.2,22.63157,-10.8729433962264,3.86258490566038
"674",67.3,22.6368390909091,-10.4269361702127,3.861
"675",67.4,22.6452314925373,-12.4231428571429,3.861
"676",67.5,22.6431753731343,-11.811,3.861
"677",67.6,22.6491363,-11.5596382978723,3.86187234042553
"678",67.7,22.6458782352941,-12.6416458333328,3.86197916666667
"679",67.8,22.6580172727273,-14.8145540540541,3.861
"680",67.9,22.6778865671642,-14.6157021276596,3.861
"681",68,22.6628395488722,-14.28575,3.8605
"682",68.1,22.6780436,-15.9129787234042,3.86025531914894
"683",68.2,22.6851798507463,-10.8938125,3.8629375
"684",68.3,22.6800934586466,-10.4650000000005,3.861
"685",68.4,22.6717534328358,-12.2541276595745,3.861
"686",68.5,22.669414887218,-11.7428723404255,3.86076595744681
"687",68.6,22.6851140594059,-11.47825,3.86164583333333
"688",68.7,22.7013903030303,-13.4560416666664,3.86170833333333
"689",68.8,22.6998603,-14.821625,3.861
"690",68.9,22.687112238806,-14.483,3.86125
"691",69,22.6906593984962,-14.20828,3.86064
"692",69.1,22.6917449253731,-16.8013958333333,3.86139583333333
"693",69.2,22.6976293984962,-15.8946170212766,3.861
"694",69.3,22.6957394,-15.5518363636363,3.861
"695",69.4,22.6886743283582,-15.1295531914894,3.861
"696",69.5,22.7041318796992,-19.8169374999997,3.86304166666667
"697",69.6,22.7101271641791,-20.212,3.8603829787234
"698",69.7,22.7072701515152,-19.5996041666667,3.861
"699",69.8,22.6953004950495,-19.1493392857143,3.861
"700",69.9,22.6819411940298,-20.866627118644,3.86159322033898
"701",70,22.6507392481203,-20.9065423728814,3.86257627118644
"702",70.1,22.6280420588235,-19.2885660377355,3.86281132075472
"703",70.2,22.6250779545455,-16.0726181818182,3.861
"704",70.3,22.6318692079208,-15.6858979591837,3.861
"705",70.4,22.6148760606061,-15.1846842105263,3.861
"706",70.5,22.5941026,-19.1756440677965,3.86206779661017
"707",70.6,22.6140655223881,-20.2625625,3.8613125
"708",70.7,22.608780075188,-19.7795454545455,3.86071212121212
"709",70.8,22.6134891,-19.4243829787234,3.861
"710",70.9,22.6160372727273,-19.6333749999999,3.861
"711",71,22.6078418,-21.133875,3.86375
"712",71.1,22.59784,-20.553829787234,3.861
"713",71.2,22.6070880451128,-20.0931666666667,3.861
"714",71.3,22.6242523880597,-19.76425,3.86104166666667
"715",71.4,22.6146886466165,-22.752,3.861
"716",71.5,22.5967322,-22.4315000000001,3.862
"717",71.6,22.6028029411765,-21.7761666666666,3.86183333333333
"718",71.7,22.601282406015,-21.4161666666667,3.861
"719",71.8,22.6055041791045,-21.5521489361702,3.86125531914894
"720",71.9,22.6021803030303,-25.78975,3.861625
"721",72,22.6254841584158,-24.9029433962265,3.861
"722",72.1,22.6470090909091,-22.4824255319151,3.861
"723",72.2,22.6434220300752,-20.0653818181818,3.861
"724",72.3,22.6297008823529,-19.7774153846154,3.861
"725",72.4,22.6469494736842,-22.7495471698113,3.861
"726",72.5,22.6534709,-22.45075,3.862
"727",72.6,22.6712217171717,-21.7916285714286,3.86191428571429
"728",72.7,22.6658296,-21.4946,3.861
"729",72.8,22.6536389552239,-21.30025,3.861
"730",72.9,22.6609417293233,-25.181979166667,3.862
"731",73,22.6590392537313,-25.0826666666667,3.861
"732",73.1,22.651807238806,-24.6445625,3.862625
"733",73.2,22.6332338383838,-24.2402985074627,3.861
"734",73.3,22.6344308955224,-23.95025,3.861
"735",73.4,22.6427181954887,-25.6899607843138,3.86125490196078
"736",73.5,22.6464656716418,-25.6803617021277,3.86129787234043
"737",73.6,22.6418919548872,-25.0672916666666,3.862
"738",73.7,22.6340826,-24.6898771929825,3.86159649122807
"739",73.8,22.6552335294118,-25.0075744680852,3.861
"740",73.9,22.6631387969925,-28.4601666666666,3.86054166666667
"741",74,22.6598239705882,-27.3220754716981,3.85998113207547
"742",74.1,22.6513682706767,-26.8915833333333,3.86145833333333
"743",74.2,22.6551436,-24.9822500000001,3.861
"744",74.3,22.6495736363636,-23.968625,3.861
"745",74.4,22.651752020202,-25.9228125,3.8615625
"746",74.5,22.6424105970149,-25.5888214285715,3.86155357142857
"747",74.6,22.6552363909774,-25.0341063829787,3.862
"748",74.7,22.6610256,-24.6444583333333,3.86129166666667
"749",74.8,22.6907308910891,-25.709291666667,3.861
"750",74.9,22.682263030303,-28.1972553191489,3.86010638297872
"751",75,22.6771755223881,-27.2000625,3.860625
"752",75.1,22.6670983458647,-26.9194590163934,3.86172131147541
"753",75.2,22.6598005970149,-26.8363404255319,3.861
"754",75.3,22.6566745864662,-29.7174285714284,3.8615306122449
"755",75.4,22.670887,-28.6631818181818,3.861
"756",75.5,22.6575547761194,-28.0921276595745,3.86240425531915
"757",75.6,22.6543481954887,-29.4433333333336,3.86066666666667
"758",75.7,22.6548150746269,-32.0366875,3.861
"759",75.8,22.6524060902256,-30.9798541666666,3.861
"760",75.9,22.6666444,-30.5067291666667,3.861
"761",76,22.6567787878788,-33.4485753424653,3.86215068493151
"762",76.1,22.6570818045113,-33.8559374999999,3.86189583333333
"763",76.2,22.6549291176471,-31.1527931034486,3.861
"764",76.3,22.6310469172932,-30.1781702127662,3.861
"765",76.4,22.618322,-28.8328723404256,3.86102127659574
"766",76.5,22.6075878,-28.244,3.86285714285714
"767",76.6,22.6205611111111,-27.9174230769235,3.86003846153846
"768",76.7,22.6003962686567,-32.5760625,3.861
"769",76.8,22.6167479104478,-31.194350877193,3.861
"770",76.9,22.6158349253731,-30.7057916666667,3.861
"771",77,22.6179894776119,-31.4788923076923,3.86372307692308
"772",77.1,22.6428627272727,-34.0657291666665,3.86185416666667
"773",77.2,22.6224702985075,-32.8879375,3.861
"774",77.3,22.6369390909091,-32.5223636363642,3.861
"775",77.4,22.6272262686567,-36.6757499999999,3.861
"776",77.5,22.6223936842105,-35.8240000000001,3.86
"777",77.6,22.628512,-35.1179999999998,3.861
"778",77.7,22.6269589552239,-33.3001111111111,3.861
"779",77.8,22.642022481203,-32.7664444444444,3.861
"780",77.9,22.6345255882353,-34.7748524590165,3.85955737704918
"781",78,22.6447713533835,-34.7599166666667,3.86158333333333
"782",78.1,22.6510154,-35.0805882352942,3.86025490196078
"783",78.2,22.64552,-36.0725319148936,3.861
"784",78.3,22.6492479545455,-32.9995106382978,3.861
"785",78.4,22.6566392537313,-36.3857777777777,3.861
"786",78.5,22.6672809774436,-35.9625614035088,3.86040350877193
"787",78.6,22.6860625,-35.4057959183673,3.86051020408163
"788",78.7,22.70829,-33.7465833333334,3.861
"789",78.8,22.706808,-32.801625,3.861
"790",78.9,22.6985379411765,-34.3990000000003,3.85983333333333
"791",79,22.6948525757576,-34.7708627450981,3.86154901960784
"792",79.1,22.6942632835821,-34.8861875000001,3.85995833333333
"793",79.2,22.7146244776119,-36.3521666666667,3.861
"794",79.3,22.7105908080808,-35.5872142857143,3.861
"795",79.4,22.7239180882353,-37.9546363636364,3.86172727272727
"796",79.5,22.7247548484848,-36.8894374999999,3.8629375
"797",79.6,22.7225655223881,-37.7301875,3.8615625
"798",79.7,22.6965566165414,-37.6024807692307,3.861
"799",79.8,22.701983,-37.2693636363636,3.861
"800",79.9,22.7223598507463,-37.4422040816327,3.862
"801",80,22.7179518181818,-37.0517083333333,3.86247916666667
"802",80.1,22.70945,-37.0923818181818,3.86161818181818
"803",80.2,22.7073531578947,-38.9486170212766,3.861
"804",80.3,22.7012865,-36.6110199999998,3.861
"805",80.4,22.6827195,-37.8190188679245,3.86194339622642
"806",80.5,22.6512485,-36.9700624999999,3.8625625
"807",80.6,22.6432117910448,-37.6548125,3.8614375
"808",80.7,22.6490063636364,-37.6235,3.861
"809",80.8,22.6410714851485,-37.253,3.861
"810",80.9,22.620433,-37.4416666666667,3.862
"811",81,22.6228185,-37.0594166666666,3.86245833333333
"812",81.1,22.6331411940299,-36.9656808510638,3.86136170212766
"813",81.2,22.6172454545455,-39.0198085106383,3.861
"814",81.3,22.6261755223881,-39.6069166666669,3.861
"815",81.4,22.64185,-39.4372631578947,3.86152631578947
"816",81.5,22.6675652,-39.9481666666667,3.86258333333333
"817",81.6,22.6736952941176,-41.0399791666668,3.86085416666667
"818",81.7,22.6737427272727,-40.9493265306122,3.861
"819",81.8,22.6663776470588,-40.3394905660377,3.861
"820",81.9,22.6388690225564,-40.7062499999999,3.862
"821",82,22.625057,-41.9601967213115,3.862
"822",82.1,22.6322907462687,-42.393125,3.86079166666667
"823",82.2,22.63532,-42.128081632653,3.861
"824",82.3,22.6331417647059,-39.9868571428571,3.861
"825",82.4,22.6528690909091,-39.42575,3.86183333333333
"826",82.5,22.6988052,-40.1061372549021,3.86198039215686
"827",82.6,22.7665608,-40.6456964285715,3.86044642857143
"828",82.7,22.7457516,-40.7519387755102,3.861
"829",82.8,22.7653705970149,-40.4295,3.861
"830",82.9,22.7645398484848,-40.4965833333334,3.862
"831",83,22.7352228358209,-41.9579298245614,3.862
"832",83.1,22.7503907462687,-42.3089411764706,3.86052941176471
"833",83.2,22.7557824,-42.2715,3.8615
"834",83.3,22.7600582352941,-42.5835,3.8615
"835",83.4,22.7613645454545,-43.0475510204082,3.86122448979592
"836",83.5,22.7695870588235,-45.4401224489795,3.861
"837",83.6,22.7651109090909,-44.6015531914894,3.861
"838",83.7,22.7609464356436,-46.8605833333332,3.861
"839",83.8,22.7725854545455,-48.3451041666667,3.86160416666667
"840",83.9,22.76644,-49.739693877551,3.8604693877551
"841",84,22.7593388235294,-49.9157916666666,3.860375
"842",84.1,22.7820009090909,-50.873375,3.861
"843",84.2,22.788284950495,-51.8289600000001,3.86168
"844",84.3,22.7795406060606,-43.578,3.862
"845",84.4,22.7517888,-43.3113333333334,3.86033333333333
"846",84.5,22.7525323880597,-43.7131666666666,3.861
"847",84.6,22.7488931578947,-44.859,3.861
"848",84.7,22.7169356,-47.4070727272727,3.861
"849",84.8,22.6956828282828,-48.7808958333334,3.86097916666667
"850",84.9,22.6674294,-49.9548392857143,3.86094642857143
"851",85,22.6672462686567,-49.9926874999999,3.85904166666667
"852",85.1,22.6590563909774,-51.3195833333336,3.861
"853",85.2,22.6655149253731,-52.2225625,3.862
"854",85.3,22.6522819548872,-52.6753333333334,3.86245833333333
"855",85.4,22.6498648514851,-52.7046545454545,3.863
"856",85.5,22.6420694029851,-54.1381666666664,3.86183333333333
"857",85.6,22.6487352631579,-58.1641764705882,3.861
"858",85.7,22.6528770588235,-57.8726981132075,3.861
"859",85.8,22.6708890909091,-58.2195,3.86075
"860",85.9,22.6663758415842,-58.3881666666666,3.86266666666667
"861",86,22.6401304545455,-59.3716923076923,3.861
"862",86.1,22.6366736842105,-59.7289166666667,3.861
"863",86.2,22.656928358209,-60.3310833333333,3.861
"864",86.3,22.6609350757576,-60.9027014925373,3.86244776119403
"865",86.4,22.6581429850746,-61.2613529411765,3.86174117647059
"866",86.5,22.6453482089552,-61.7029152542372,3.86053389830508
"867",86.6,22.632362,-62.1222307692308,3.86050549450549
"868",86.7,22.6423329850746,-62.3980103092783,3.86111340206186
"869",86.8,22.6504468421053,-62.6002,3.8614
"870",86.9,22.6598998507463,-63.06312,3.861
"871",87,22.6397897727273,-63.43368,3.861
"872",87.1,22.638841980198,-63.585427184466,3.861
"873",87.2,22.6400047761194,-63.8644242424242,3.861
"874",87.3,22.6403163157895,-64.4463298969073,3.86161855670103
"875",87.4,22.6560891044776,-65.0270458715596,3.862
"876",87.5,22.6530810526316,-65.0935918367347,3.86144897959184
"877",87.6,22.656524,-64.8432815533981,3.861
"878",87.7,22.6362703030303,-64.2833956043956,3.861
"879",87.8,22.6283659398496,-64.12956,3.861
"880",87.9,22.626335,-64.292221238938,3.861
"881",88,22.6420931578947,-64.5342790697674,3.861
"882",88.1,22.6524288059701,-64.7801293103448,3.861
"883",88.2,22.629882631579,-65.2993146067415,3.861
"884",88.3,22.6191708,-65.7465833333333,3.861
"885",88.4,22.6315180597015,-65.9550934579439,3.86157943925234
"886",88.5,22.6292694736842,-66.1935869565217,3.862
"887",88.6,22.6161647761194,-66.5832818181818,3.862
"888",88.7,22.6151942105263,-67.0272333333333,3.86141111111111
"889",88.8,22.6316477777778,-67.4871287128713,3.861
"890",88.9,22.6310764179104,-67.99654,3.861
"891",89,22.6239502255639,-68.343320754717,3.861
"892",89.1,22.6296517910448,-68.7347659574468,3.86159574468085
"893",89.2,22.6292543609023,-69.0582,3.86014
"894",89.3,22.639048,-69.6117735849057,3.86133962264151
"895",89.4,22.6402292537313,-70.1679587628866,3.86069072164948
"896",89.5,22.6352942857143,-70.5330416666666,3.86145833333333
"897",89.6,22.64727,-70.81787,3.86174
"898",89.7,22.6504826315789,-70.81298,3.861
"899",89.8,22.655246,-70.8896542056075,3.861
"900",89.9,22.6521836363636,-71.0383978494624,3.861
"901",90,22.649357593985,-70.95341,3.86163
"902",90.1,22.6436823880597,-71.4723100000001,3.86137
"903",90.2,22.6479757894737,-72.42191,3.86163
"904",90.3,22.6388368656716,-73.553,3.862
"905",90.4,22.6434242857143,-73.9135490196078,3.86074509803922
"906",90.5,22.6519615,-73.7443838383839,3.86125252525253
"907",90.6,22.6644255223881,-73.687625,3.8614375
"908",90.7,22.6753345112782,-73.75,3.861
"909",90.8,22.6866131343284,-73.89,3.861
"910",90.9,22.6831723308271,-74.0571428571428,3.861
"911",91,22.6879218,-74.3398181818182,3.861
"912",91.1,22.6777632835821,-74.7031379310345,3.86155172413793
"913",91.2,22.6611831578947,-74.998,3.86028571428571
"914",91.3,22.6479491044776,-75.3365862068966,3.85955172413793
"915",91.4,22.6628715037594,-75.7217058823529,3.86
"916",91.5,22.6531786,-75.7687272727273,3.86063636363636
"917",91.6,22.6561668656716,-75.99184,3.861
"918",91.7,22.6619983333333,-76.4530594059406,3.861
"919",91.8,22.6610105882353,-76.98406,3.861
"920",91.9,22.6574215789474,-77.48747,3.861
"921",92,22.6421474626866,-77.9647881355932,3.86153389830509
"922",92.1,22.6319497014925,-78.5667894736842,3.86152631578947
"923",92.2,22.6280998989899,-79.2036436781609,3.86157471264368
"924",92.3,22.6394044776119,-79.6450099009901,3.86137623762376
"925",92.4,22.635269924812,-79.805898989899,3.86162626262626
"926",92.5,22.6252068656716,-78.7513564356438,3.86137623762376
"927",92.6,22.6164145864662,-77.2574859813084,3.861
"928",92.7,22.6346554545455,-77.0351578947368,3.861
"929",92.8,22.6132129850746,-77.6455094339623,3.861
"930",92.9,22.6030810526316,-78.1829387755102,3.861
"931",93,22.5999835820896,-78.7107234042553,3.861
"932",93.1,22.6002251879699,-79.0336607142857,3.86155357142857
"933",93.2,22.5955502,-79.4687209302325,3.862
"934",93.3,22.6016262686567,-80.05716,3.86136
"935",93.4,22.589180075188,-80.4079803921569,3.861
"936",93.5,22.5797614705882,-80.7285858585858,3.86162626262626
"937",93.6,22.5982344360902,-81.1259090909091,3.86136363636364
"938",93.7,22.6170472,-81.3839900990099,3.861
"939",93.8,22.5932134848485,-81.7155454545455,3.861
"940",93.9,22.5844489473684,-82.0679189189189,3.86157657657658
"941",94,22.5908294029851,-82.4605894736842,3.862
"942",94.1,22.5997472180451,-82.94252,3.86026
"943",94.2,22.6032797014925,-83.1079215686275,3.86070588235294
"944",94.3,22.5852689552239,-83.1428387096774,3.86079569892473
"945",94.4,22.5708918181818,-83.1470792079208,3.86124752475248
"946",94.5,22.5782998507463,-82.8408367346939,3.86136734693878
"947",94.6,22.5938572180451,-82.51636,3.861
"948",94.7,22.5941482089552,-82.2298899082569,3.8615871559633
"949",94.8,22.597553880597,-82.3871075268817,3.86140860215054
"950",94.9,22.6023083,-82.6993434343434,3.86162626262626
"951",95,22.5892253731343,-83.2885841584157,3.86137623762376
"952",95.1,22.6019578947368,-84.1933673469388,3.86163265306122
"953",95.2,22.5866552238806,-84.6504285714286,3.86142857142857
"954",95.3,22.5905825757576,-84.8577916666667,3.86045833333333
"955",95.4,22.5955868,-85.1407826086956,3.86060869565217
"956",95.5,22.6061670149254,-85.4202,3.861
"957",95.6,22.594005,-85.6849900990099,3.861
"958",95.7,22.5949373529412,-85.83918,3.861
"959",95.8,22.5960596240602,-86.045,3.861
"960",95.9,22.613302238806,-86.3625,3.861
"961",96,22.6107982835821,-86.70004,3.86037
"962",96.1,22.6065686868687,-86.9394661016949,3.86106779661017
"963",96.2,22.5814364705882,-87.1330361445783,3.8614578313253
"964",96.3,22.6023243939394,-87.4050654205608,3.86215887850467
"965",96.4,22.610318358209,-87.6806842105263,3.86184210526316
"966",96.5,22.6141558646617,-88.0756122448979,3.861
"967",96.6,22.6243318181818,-88.31436,3.861
"968",96.7,22.6310201470588,-88.5675757575757,3.861
"969",96.8,22.6164979699248,-88.8144,3.861
"970",96.9,22.6142398507463,-89.00511,3.861
"971",97,22.61296,-89.2869603960396,3.86224752475248
"972",97.1,22.6167292,-89.6515892857143,3.86189285714286
"973",97.2,22.6380532352941,-90.0582045454545,3.86327272727273
"974",97.3,22.6391587022901,-90.3988585858586,3.86249494949495
"975",97.4,22.6232379411765,-90.6534608695652,3.861
"976",97.5,22.6246441353383,-91.1103255813953,3.861
"977",97.6,22.6260936,-91.1611,3.861
"978",97.7,22.6425894029851,-90.3041616161617,3.86162626262626
"979",97.8,22.6492906818182,-89.57427,3.86263
"980",97.9,22.6523355223881,-89.6958529411765,3.863
"981",98,22.6560096240601,-90.6359304347826,3.86087826086957
"982",98.1,22.6617220895522,-91.6198541666667,3.85995833333333
"983",98.2,22.6578014925373,-92.3260943396226,3.861
"984",98.3,22.6523381818182,-92.9132680412371,3.86190721649485
"985",98.4,22.6496280882353,-93.4427415730337,3.86194382022472
"986",98.5,22.6590922727273,-94.3309072164948,3.861
"987",98.6,22.6440701492537,-95.2174313725491,3.861
"988",98.7,22.6341180451128,-96.0651340206186,3.861
"989",98.8,22.644387,-96.6531481481482,3.861
"990",98.9,22.6520820588235,-97.0598064516129,3.86158064516129
"991",99,22.6587861363636,-97.5063265306122,3.86013265306122
"992",99.1,22.6667934328358,-97.93893,3.86026
"993",99.2,22.6620267669173,-98.26362,3.861
"994",99.3,22.6620494,-98.55778,3.86163
"995",99.4,22.6560232835821,-98.6733773584906,3.86140566037736
"996",99.5,22.6548147368421,-98.7248,3.861
"997",99.6,22.6697813432836,-98.64764,3.861
"998",99.7,22.6675838345865,-98.6148380952381,3.861
"999",99.8,22.6690210447761,-98.7038829787234,3.861
"1000",99.9,22.6503702985075,-98.7715742574258,3.86037623762376
"1001",100,22.629281,-98.72004,3.86186
"1002",100.1,22.6559086567164,-98.519396039604,3.86177227722772
"1003",100.2,22.6495365909091,-98.4750982142857,3.86154464285714
"1004",100.3,22.6482008955224,-98.3343522727272,3.86144318181818
"1005",100.4,22.6012371428571,-98.2431759259259,3.86156481481482
"1006",100.5,22.5837698,-99.4419793814431,3.862
"1007",100.6,22.5814850746269,-101.108948453608,3.862
"1008",100.7,22.5791927272727,-102.636743362832,3.862
"1009",100.8,22.5747319402985,-103.863380952381,3.86145238095238
"1010",100.9,22.5677793984962,-104.116254545455,3.861
"1011",101,22.584806,-104.126404040404,3.86047474747475
"1012",101.1,22.5753911764706,-104.321266666667,3.86176666666667
"1013",101.2,22.569773030303,-104.527352941176,3.86176470588235
"1014",101.3,22.5807935294118,-104.821696969697,3.861
"1015",101.4,22.5777303007519,-105.238732673267,3.861
"1016",101.5,22.5811445,-105.653435643564,3.861
"1017",101.6,22.5676679104478,-106.073470588235,3.861
"1018",101.7,22.5730015151515,-106.182366336634,3.861
"1019",101.8,22.5752264705882,-106.251,3.861
"1020",101.9,22.5663245454545,-106.821948453608,3.86188659793814
"1021",102,22.5696102985075,-107.675595238095,3.86190476190476
"1022",102.1,22.5779708208955,-107.912862385321,3.8621376146789
"1023",102.2,22.572728,-108.863055555555,3.863
"1024",102.3,22.5684626865672,-109.10276146789,3.86184403669725
"1025",102.4,22.6024384848485,-109.59835483871,3.861
"1026",102.5,22.6316825373134,-110.41546,3.861
"1027",102.6,22.6379445112782,-110.041646464646,3.861
"1028",102.7,22.642498,-111.31697979798,3.86162626262626
"1029",102.8,22.6294344776119,-111.82129,3.86074
"1030",102.9,22.6223833834586,-111.12886,3.86252
"1031",103,22.6270747761194,-112.056287128713,3.86212871287129
"1032",103.1,22.6384425757576,-113.019769230769,3.861
"1033",103.2,22.6447948514851,-112.555442105263,3.86161052631579
"1034",103.3,22.6516919402985,-112.3138,3.86151538461538
"1035",103.4,22.6437954887218,-113.708535211268,3.861
"1036",103.5,22.6419294117647,-114.499486725664,3.861
"1037",103.6,22.6619696240601,-113.642647727273,3.861
"1038",103.7,22.6680746268657,-113.616601851852,3.86156481481482
"1039",103.8,22.6621702255639,-114.823122222222,3.86141111111111
"1040",103.9,22.6782072,-114.899,3.861
"1041",104,22.6837371641791,-114.018762376238,3.861
"1042",104.1,22.6720358646617,-113.386034482759,3.85993103448276
"1043",104.2,22.6674959701493,-115.203021052631,3.86093684210526
"1044",104.3,22.6637533333333,-117.216744897959,3.86195918367347
"1045",104.4,22.638666,-116.51706185567,3.861
"1046",104.5,22.6186828358209,-115.751615384615,3.861
"1047",104.6,22.6037932330827,-115.149474226804,3.86046391752577
"1048",104.7,22.5900223880597,-116.939474226804,3.86113402061856
"1049",104.8,22.5738689393939,-119.933865979382,3.86259793814433
"1050",104.9,22.5697493069307,-120.205704081633,3.85988775510204
"1051",105,22.5702382089552,-119.088441176471,3.85985294117647
"1052",105.1,22.5839933834586,-118.272131313131,3.86161616161616
"1053",105.2,22.5862370588235,-118.103230088496,3.862
"1054",105.3,22.5845284848485,-121.241364583334,3.86148958333333
"1055",105.4,22.5771354455446,-123.276945054945,3.861
"1056",105.5,22.5782503030303,-122.073242718447,3.861
"1057",105.6,22.5863169924812,-121.309076923077,3.86156730769231
"1058",105.7,22.5938065671642,-120.545032258065,3.86259139784946
"1059",105.8,22.5994477272727,-122.357190476191,3.86250793650794
"1060",105.9,22.5876129850746,-123.926405405405,3.862
"1061",106,22.582977761194,-122.752286956522,3.86146086956522
"1062",106.1,22.58981,-121.9192,3.861
"1063",106.2,22.591458358209,-121.266852941176,3.861
"1064",106.3,22.5786615037594,-123.585138297873,3.861
"1065",106.4,22.5760032835821,-126.27467,3.861
"1066",106.5,22.6026639097744,-126.124868686869,3.861
"1067",106.6,22.6314939393939,-125.271168316832,3.861
"1068",106.7,22.6560147761194,-124.605118811881,3.86281188118812
"1069",106.8,22.6721005263158,-123.872151515151,3.86460606060606
"1070",106.9,22.6588652238806,-126.12956,3.86317
"1071",107,22.6555202255639,-127.908333333333,3.86076767676768
"1072",107.1,22.6807269,-127.364486238532,3.86056880733945
"1073",107.2,22.6834373134328,-126.498154639175,3.861
"1074",107.3,22.6781593984962,-125.794531914894,3.861
"1075",107.4,22.6871482352941,-125.15556,3.861
"1076",107.5,22.6858658646617,-128.78537037037,3.861
"1077",107.6,22.6757797014925,-131.178787234043,3.861
"1078",107.7,22.6620203759398,-130.063226804124,3.86161855670103
"1079",107.8,22.66459,-129.143762376238,3.86387128712871
"1080",107.9,22.665717761194,-128.336666666667,3.86374747474748
"1081",108,22.6727528571429,-128.312333333333,3.863
"1082",108.1,22.6660697014925,-132.574271739131,3.86240217391304
"1083",108.2,22.6728594736842,-134.361485148515,3.86137623762376
"1084",108.3,22.6649306060606,-133.174309090909,3.861
"1085",108.4,22.6635864179104,-132.099652631579,3.861
"1086",108.5,22.6706579699248,-131.230826923077,3.86154807692308
"1087",108.6,22.6774288059702,-130.969675438596,3.8615350877193
"1088",108.7,22.6961167669173,-133.095,3.861
"1089",108.8,22.715125,-134.1325,3.861
"1090",108.9,22.7344764179105,-132.920138613861,3.86222772277228
"1091",109,22.7486207518797,-132.1497,3.86239
"1092",109.1,22.7597566176471,-131.488707070707,3.86138383838384
"1093",109.2,22.75534,-131.781046728972,3.861
"1094",109.3,22.752088,-134.370578947369,3.861
"1095",109.4,22.7449755223881,-135.23659223301,3.861
"1096",109.5,22.7555656818182,-134.229074468085,3.861
"1097",109.6,22.746876119403,-133.546735294118,3.861
"1098",109.7,22.739677443609,-133.000683673469,3.86348979591837
"1099",109.8,22.7464995522388,-133.617824427481,3.86307633587786
"1100",109.9,22.7527535820896,-136.245643678161,3.86063218390805
"1101",110,22.7451184848485,-138.546132530121,3.8610843373494
"1102",110.1,22.7403205882353,-137.280535353535,3.86137373737374
"1103",110.2,22.7382871212121,-136.300158415842,3.861
"1104",110.3,22.7469935820896,-135.670127272727,3.86156363636364
"1105",110.4,22.7470835338346,-136.075848484849,3.86147474747475
"1106",110.5,22.7434621212121,-139.011630434783,3.86157608695652
"1107",110.6,22.7353544117647,-140.04164,3.86078
"1108",110.7,22.7171086363636,-138.99496,3.86183
"1109",110.8,22.6718968656716,-138.199981308411,3.86242990654206
"1110",110.9,22.6418963157895,-137.542918367347,3.86034693877551
"1111",111,22.6352424,-139.218660377358,3.85952830188679
"1112",111.1,22.6147238235294,-141.106157894737,3.86052631578947
"1113",111.2,22.6040245454545,-140.543913043478,3.861
"1114",111.3,22.5947964705882,-139.816396039604,3.861
"1115",111.4,22.6018769924812,-139.322740740741,3.861
"1116",111.5,22.5927688059702,-138.757090909091,3.861
"1117",111.6,22.5850767164179,-141.070311827957,3.86159139784946
"1118",111.7,22.5887311111111,-142.081972477064,3.8608623853211
"1119",111.8,22.5782538235294,-140.960882882883,3.86
"1120",111.9,22.5834142424242,-139.822810126582,3.86159493670886
"1121",112,22.5836289552239,-138.951224137931,3.86191379310345
"1122",112.1,22.5934154887218,-138.320329411765,3.861
"1123",112.2,22.6054372727273,-142.771553398058,3.861
"1124",112.3,22.6047179411765,-146.651300970874,3.861
"1125",112.4,22.6041309090909,-146.383873684211,3.861
"1126",112.5,22.6089420895522,-145.213111111111,3.861
"1127",112.6,22.6163381954887,-144.351494949495,3.86162626262626
"1128",112.7,22.6282288,-143.668588235294,3.862
"1129",112.8,22.6093155882353,-143.14903030303,3.86261616161616
"1130",112.9,22.6490068181818,-147.520666666666,3.86174747474747
"1131",113,22.6686711764706,-150.500346534653,3.861
"1132",113.1,22.6647389473684,-149.94242,3.861
"1133",113.2,22.6636729,-148.92664,3.861
"1134",113.3,22.6539704477612,-148.1245,3.86162
"1135",113.4,22.6732659090909,-147.521037383178,3.86142056074766
"1136",113.5,22.6771317647059,-147.029893203884,3.86153398058252
"1137",113.6,22.6725559090909,-150.143740740741,3.86103703703704
"1138",113.7,22.669732238806,-154.753068965517,3.86101149425287
"1139",113.8,22.6766915671642,-154.79740625,3.8608125
"1140",113.9,22.6918196,-153.445234782609,3.86159130434783
"1141",114,22.7272949253731,-152.357976190476,3.86190476190476
"1142",114.1,22.7391854545455,-151.477,3.861
"1143",114.2,22.7455564179104,-150.651438095238,3.861
"1144",114.3,22.7542253383459,-150.003357894737,3.861
"1145",114.4,22.7524388,-153.048382352941,3.861
"1146",114.5,22.76937,-157.329333333333,3.8621568627451
"1147",114.6,22.7591090977444,-157.83284375,3.86003125
"1148",114.7,22.76401,-156.49116,3.86044
"1149",114.8,22.7604225,-155.70824,3.862
"1150",114.9,22.7498561386139,-155.00403030303,3.86138383838384
"1151",115,22.7660768656716,-154.124830188679,3.861
"1152",115.1,22.7804203007519,-153.29862745098,3.861
"1153",115.2,22.785185,-152.578956521739,3.861
"1154",115.3,22.783745,-155.34352,3.86162
"1155",115.4,22.7684608955224,-163.098910891089,3.86138613861386
"1156",115.5,22.7722291791045,-165.347831683168,3.85979207920792
"1157",115.6,22.7699491,-163.736504587156,3.86120183486239
"1158",115.7,22.7781056716418,-162.570516853933,3.86185393258427
"1159",115.8,22.7756718181818,-161.565098039216,3.86221568627451
"1160",115.9,22.7719355223881,-160.802264150943,3.8618679245283
"1161",116,22.7530753383459,-160.142152173913,3.861
"1162",116.1,22.708869,-159.52232,3.861
"1163",116.2,22.6801025373134,-160.17498,3.861
"1164",116.3,22.6551088721804,-166.426550458716,3.861
"1165",116.4,22.6354433333333,-169.581825242718,3.86202912621359
"1166",116.5,22.6320584210526,-167.568777777778,3.86077777777778
"1167",116.6,22.6323298,-166.196469387755,3.85961224489796
"1168",116.7,22.6349236764706,-165.483752475248,3.86122772277228
"1169",116.8,22.6404530827068,-164.73607,3.86139
"1170",116.9,22.6404337313433,-163.91579,3.861
"1171",117,22.6339390225564,-163.15906,3.861
"1172",117.1,22.6181505940594,-162.514110091743,3.861
"1173",117.2,22.6222672727273,-161.9208,3.861
"1174",117.3,22.6183493984962,-166.488777777779,3.86151851851852
"1175",117.4,22.62517,-172.519376237624,3.86260396039604
"1176",117.5,22.6177181203008,-172.922263157895,3.86036842105263
"1177",117.6,22.6096323880597,-171.866295454545,3.86009090909091
"1178",117.7,22.6154295488722,-170.862309278351,3.862
"1179",117.8,22.6200316,-170.169161616162,3.86138383838384
"1180",117.9,22.6329204477612,-169.61082,3.861
"1181",118,22.6277810526316,-169.163524752475,3.861
"1182",118.1,22.6363579104478,-168.763844827586,3.861
"1183",118.2,22.6745012781955,-168.381274725275,3.861
"1184",118.3,22.6769677777778,-175.686659574469,3.861
"1185",118.4,22.6597674626866,-180.051264150943,3.86043396226415
"1186",118.5,22.6634494736842,-178.266173913044,3.86234782608696
"1187",118.6,22.6818979104478,-177.113553571429,3.86289285714286
"1188",118.7,22.6752884210526,-176.238519230769,3.862
"1189",118.8,22.6525441,-175.418094117647,3.86145882352941
"1190",118.9,22.6533452238806,-174.775161616162,3.861
"1191",119,22.6671226315789,-174.31637254902,3.861
"1192",119.1,22.6784519117647,-173.905183486239,3.861
"1193",119.2,22.6829186466165,-176.450966666667,3.861
"1194",119.3,22.69144,-181.969356435644,3.86160396039604
"1195",119.4,22.6811057894737,-183.209230769231,3.862
"1196",119.5,22.6724604,-181.71075,3.85966666666667
"1197",119.6,22.6876625373134,-180.594727272727,3.85921212121212
"1198",119.7,22.6758895488722,-179.804435643564,3.86060396039604
"1199",119.8,22.6778655223881,-179.26288372093,3.861
"1200",119.9,22.6697256390977,-178.795146666667,3.861
"1201",120,22.6510166666667,-178.188505263158,3.861
"1202",120.1,22.6494091044776,-177.63176,3.861
"1203",120.2,22.6953205263158,-177.264313131313,3.861
"1204",120.3,22.7240253731343,-181.433194690266,3.86045132743363
"1205",120.4,22.7233042105263,-184.756613207547,3.86046226415094
"1206",120.5,22.7248051,-183.852870967742,3.8614623655914
"1207",120.6,22.7431756716418,-182.670123595506,3.86087640449438
"1208",120.7,22.7208594736842,-181.938451923077,3.86117307692308
"1209",120.8,22.7048014705882,-181.303352941176,3.86144117647059
"1210",120.9,22.7202244360902,-180.667968085106,3.861
"1211",121,22.7415564,-180.14043,3.861
"1212",121.1,22.7355933333333,-179.762019047619,3.861
"1213",121.2,22.7383473684211,-180.032,3.861
"1214",121.3,22.7397326865672,-186.334509433963,3.86041509433962
"1215",121.4,22.7440657894737,-189.563989473684,3.86294736842105
"1216",121.5,22.7443273134328,-188.065566037736,3.86327358490566
"1217",121.6,22.7430419402985,-186.990736842105,3.862
"1218",121.7,22.7391444444444,-186.132679245283,3.862
"1219",121.8,22.7415280597015,-185.433327868852,3.86155737704918
"1220",121.9,22.7451357894737,-184.693478873239,3.861
"1221",122,22.7402746268657,-184.788891089109,3.861
"1222",122.1,22.7569894736842,-193.501106796117,3.861
"1223",122.2,22.7628046,-197.92903125,3.86159375
"1224",122.3,22.7174428358209,-195.883752293578,3.86144036697248
"1225",122.4,22.7185363157895,-194.528,3.861
"1226",122.5,22.7126574626866,-193.351137931035,3.86155172413793
"1227",122.6,22.7097289473684,-192.34808,3.86383
"1228",122.7,22.7132996,-191.585831683168,3.86258415841584
"1229",122.8,22.7090237313433,-199.179408163266,3.861
"1230",122.9,22.7044893939394,-203.588777777778,3.861
"1231",123,22.7037117647059,-202.355306122449,3.86155102040816
"1232",123.1,22.7089047368421,-200.931276595745,3.86140425531915
"1233",123.2,22.7025659701493,-199.657606060606,3.86225252525253
"1234",123.3,22.6878226865672,-198.691524752475,3.86175247524752
"1235",123.4,22.6990611111111,-200.16312,3.861
"1236",123.5,22.7057411940299,-204.307478260869,3.861
"1237",123.6,22.7018705263158,-205.727176470588,3.861
"1238",123.7,22.7090320895522,-203.798554455446,3.861
"1239",123.8,22.6920563157895,-202.639366071428,3.861
"1240",123.9,22.6915887878788,-201.748137931034,3.861
"1241",124,22.7034502985075,-203.240615384615,3.861
"1242",124.1,22.7145142857143,-207.831,3.861
"1243",124.2,22.7106388059701,-209.6773125,3.861
"1244",124.3,22.6876228571429,-207.8385,3.85858333333333
"1245",124.4,22.666012,-206.687314285714,3.8593619047619
"1246",124.5,22.6508285074627,-205.6554,3.8616
"1247",124.6,22.6376357142857,-204.775757281553,3.86139805825243
"1248",124.7,22.6291165671642,-208.417346938775,3.861
"1249",124.8,22.6215214285714,-211.362969387755,3.861
"1250",124.9,22.6199164,-210.6812,3.861
"1251",125,22.6341879104478,-209.4336875,3.861
"1252",125.1,22.6393131818182,-208.544696969697,3.861
"1253",125.2,22.6479619117647,-211.224138613861,3.86162376237624
"1254",125.3,22.6436971428571,-213.810841121496,3.86142056074766
"1255",125.4,22.6251331343284,-213.793548387097,3.85922580645161
"1256",125.5,22.6277192537313,-212.773362831858,3.86019469026549
"1257",125.6,22.6302998989899,-211.853885416667,3.86148958333333
"1258",125.7,22.6239111764706,-213.24867032967,3.861
"1259",125.8,22.6244509090909,-213.816674796748,3.861
"1260",125.9,22.6238080597015,-212.568806451613,3.861
"1261",126,22.6211857142857,-211.350262135922,3.861
"1262",126.1,22.6207072,-212.43751724138,3.861
"1263",126.2,22.6478805882353,-215.404581196581,3.8624358974359
"1264",126.3,22.6354672727273,-216.211181818182,3.8620303030303
"1265",126.4,22.623048358209,-214.772746835443,3.86001265822785
"1266",126.5,22.6122114285714,-216.191989795918,3.86162244897959
"1267",126.6,22.6041008,-217.981712871287,3.86137623762376
"1268",126.7,22.6049101492537,-217.59844,3.861
"1269",126.8,22.6013722727273,-216.545201834862,3.861
"1270",126.9,22.5956927941176,-218.471239583333,3.861
"1271",127,22.5994971428571,-220.396663366337,3.86156435643564
"1272",127.1,22.5932859701493,-219.549795698925,3.862
"1273",127.2,22.5750317910448,-218.30604,3.86074
"1274",127.3,22.5711987878788,-219.556676470588,3.85876470588235
"1275",127.4,22.58114,-221.549724770642,3.86023853211009
"1276",127.5,22.5715209090909,-221.5398,3.85992
"1277",127.6,22.5702547761194,-220.168333333333,3.86031111111111
"1278",127.7,22.5690057142857,-221.858754716981,3.86141509433962
"1279",127.8,22.5708752,-222.592170212766,3.861
"1280",127.9,22.5906541176471,-221.375285714286,3.86155357142857
"1281",128,22.5866096969697,-221.625247311828,3.8609247311828
"1282",128.1,22.5952531343284,-222.349169811321,3.86053773584906
"1283",128.2,22.5815542857143,-221.663568181818,3.861
"1284",128.3,22.5782448,-221.450529411765,3.861
"1285",128.4,22.5983023880597,-224.49731775701,3.85928971962617
"1286",128.5,22.5828368181818,-225.935387096774,3.86090322580645
"1287",128.6,22.5598135820896,-224.944871559633,3.86188073394495
"1288",128.7,22.5498080451128,-226.096521739131,3.861
"1289",128.8,22.53952,-226.7042,3.861
"1290",128.9,22.542586119403,-226.227606060606,3.86160606060606
"1291",129,22.5357382706767,-226.67235,3.86139
"1292",129.1,22.5361650746269,-226.701626262626,3.86223232323232
"1293",129.2,22.5400960902256,-226.92992,3.86238
"1294",129.3,22.5368502985075,-226.967107142857,3.86144642857143
"1295",129.4,22.5188625373134,-227.729559139785,3.8599247311828
"1296",129.5,22.5106364,-228.2104,3.8602
"1297",129.6,22.5292894117647,-228.472037383177,3.861
"1298",129.7,22.534656969697,-228.51537755102,3.861
"1299",129.8,22.5329591044776,-228.39971875,3.861
"1300",129.9,22.5256114285714,-228.552472222222,3.861
"1301",130,22.5257208,-228.970510204082,3.861
"1302",130.1,22.5274962686567,-229.203709677419,3.861
"1303",130.2,22.5301085714286,-229.208017857143,3.861
"1304",130.3,22.5209468656716,-229.122279569892,3.8615376344086
"1305",130.4,22.5215147727273,-228.95496875,3.86021875
"1306",130.5,22.5414613861386,-229.093236363636,3.86121818181818
"1307",130.6,22.5811309090909,-229.271966666667,3.86186666666667
"1308",130.7,22.5987221804511,-229.96041,3.86161
"1309",130.8,22.5961,-230.660697247706,3.86144036697248
"1310",130.9,22.61016,-231.372893617021,3.861
"1311",131,22.6195480597015,-232.54293814433,3.86159793814433
"1312",131.1,22.6027294029851,-233.24134,3.862
"1313",131.2,22.6053556,-235.013660194175,3.86022330097087
"1314",131.3,22.6166086567164,-237.643666666667,3.85960416666667
"1315",131.4,22.6041109090909,-238.69204950495,3.86184158415842
"1316",131.5,22.6072364179104,-238.66724,3.86178
"1317",131.6,22.62692,-238.287570175439,3.861
"1318",131.7,22.62096,-241.184802325583,3.861
"1319",131.8,22.6090652941176,-246.042306930693,3.861
"1320",131.9,22.6156185714286,-247.929315789474,3.861
"1321",132,22.6137571641791,-248.277623529412,3.86154117647059
"1322",132.1,22.6213679545455,-247.664621621622,3.862
"1323",132.2,22.623865,-247.169111111111,3.86255555555556
"1324",132.3,22.6177882089552,-248.097272727273,3.86178787878788
"1325",132.4,22.6055190225564,-250.24218627451,3.85980392156863
"1326",132.5,22.6082047761194,-251.59896969697,3.86019191919192
"1327",132.6,22.6126460606061,-251.8595,3.861
"1328",132.7,22.6054198019802,-252.769,3.861
"1329",132.8,22.6100098484848,-253.523864864865,3.861
"1330",132.9,22.6180581203008,-253.449415730337,3.861
"1331",133,22.6304944117647,-253.0506,3.8616
"1332",133.1,22.6331306766917,-252.5302,3.862
"1333",133.2,22.6213114925373,-252.070963302752,3.862
"1334",133.3,22.62459,-252.290333333333,3.86086666666667
"1335",133.4,22.6240332,-254.198076923077,3.86058653846154
"1336",133.5,22.6189841176471,-256.6809375,3.861
"1337",133.6,22.6171242105263,-257.44574,3.861
"1338",133.7,22.62285,-257.213158878505,3.861
"1339",133.8,22.62285,-257.258838709677,3.861
"1340",133.9,22.6242881188119,-257.715428571429,3.861
"1341",134,22.6290854545455,-258.063788461538,3.86188461538462
"1342",134.1,22.6252641353383,-257.845424242424,3.86257575757576
"1343",134.2,22.6191398507463,-258.091048780488,3.8614756097561
"1344",134.3,22.6329734586466,-258.84379245283,3.861
"1345",134.4,22.6525025,-259.480088235294,3.86153921568627
"1346",134.5,22.6533460606061,-259.611967391304,3.86142391304348
"1347",134.6,22.646689924812,-259.35919266055,3.861
"1348",134.7,22.6411111764706,-259.490217391304,3.861
"1349",134.8,22.6400968421053,-260.803484848485,3.86160606060606
"1350",134.9,22.6426249253731,-262.139435643564,3.86139603960396
"1351",135,22.6465566165414,-262.985222222222,3.86044444444444
"1352",135.1,22.65192,-263.723,3.86285714285714
"1353",135.2,22.634726119403,-264.13971559633,3.86276146788991
"1354",135.3,22.6214021804511,-264.626666666667,3.86154166666667
"1355",135.4,22.6222501492537,-265.323588235294,3.86145098039216
"1356",135.5,22.6326458646617,-265.885225806452,3.861
"1357",135.6,22.63913,-266.211565217391,3.861
"1358",135.7,22.6426050746269,-266.502682352941,3.861
"1359",135.8,22.6374087218045,-266.94656,3.86161
"1360",135.9,22.6308229850746,-267.19307,3.862
"1361",136,22.6343404511278,-267.553938596491,3.8625350877193
"1362",136.1,22.6315725,-268.306906976744,3.86409302325581
"1363",136.2,22.6357190909091,-269.055222222222,3.86161111111111
"1364",136.3,22.6398963909774,-269.775010869565,3.86015217391304
"1365",136.4,22.6433298507463,-270.223575471698,3.861
"1366",136.5,22.6467455639098,-269.64647368421,3.861
"1367",136.6,22.6517692,-268.805848484849,3.861
"1368",136.7,22.6538572727273,-268.914425742574,3.861
"1369",136.8,22.6700548120301,-269.407909090909,3.861
"1370",136.9,22.6841248529412,-270.151118811881,3.86039603960396
"1371",137,22.6809189473684,-270.7714,3.8606
"1372",137.1,22.6860991044776,-271.440571428571,3.861
"1373",137.2,22.7021801492537,-272.16224137931,3.86155172413793
"1374",137.3,22.6996876119403,-272.465457142857,3.862
"1375",137.4,22.6868761386139,-272.68912631579,3.86141052631579
"1376",137.5,22.6811428571429,-273.315769230769,3.861
"1377",137.6,22.6849152238806,-273.88378125,3.861
"1378",137.7,22.6948457142857,-274.407112149533,3.861
"1379",137.8,22.6840303030303,-274.824806451613,3.861
"1380",137.9,22.7139621212121,-275.54708,3.861
"1381",138,22.7243266917293,-276.44088,3.86405
"1382",138.1,22.7108341791045,-277.597473214285,3.86327678571429
"1383",138.2,22.7209392481203,-279.034873563219,3.8615632183908
"1384",138.3,22.7244647761194,-279.760534653465,3.862
"1385",138.4,22.7199721,-279.80227,3.86139
"1386",138.5,22.7052177443609,-279.919256198347,3.861
"1387",138.6,22.6921432352941,-280.418,3.861
"1388",138.7,22.6958370676692,-281.2226,3.861
"1389",138.8,22.6996294029851,-281.707,3.86160606060606
"1390",138.9,22.6837381203008,-282.084306930693,3.86139603960396
"1391",139,22.6501288888889,-282.492692307692,3.861
"1392",139.1,22.6282585074627,-283.545018348624,3.85997247706422
"1393",139.2,22.6173472932331,-285.2455,3.86104347826087
"1394",139.3,22.6165323880597,-286.113894736842,3.86242105263158
"1395",139.4,22.6099192481203,-286.281913043478,3.86147826086957
"1396",139.5,22.6094348,-286.626120879121,3.861
"1397",139.6,22.6042220895522,-287.2185,3.8615625
"1398",139.7,22.6118708270677,-287.96462886598,3.86140206185567
"1399",139.8,22.6083337313433,-288.67299,3.861
"1400",139.9,22.6116690977444,-289.26855,3.861
"1401",140,22.6111082,-289.793778761062,3.8620796460177
"1402",140.1,22.6080274626866,-290.419901098901,3.86194505494506
"1403",140.2,22.6108993939394,-291.68892,3.86157
"1404",140.3,22.6228219402985,-293.0772,3.8614
"1405",140.4,22.6183994736842,-294.092373831776,3.861
"1406",140.5,22.6270523,-295.142483870968,3.861
"1407",140.6,22.6410556716418,-296.57031372549,3.86160784313725
"1408",140.7,22.626005037594,-298.081151515152,3.86139393939394
"1409",140.8,22.618066119403,-298.486930693069,3.86160396039604
"1410",140.9,22.6231576691729,-298.34387755102,3.86077551020408
"1411",141,22.6320288059702,-298.63003125,3.860484375
"1412",141.1,22.6450452238806,-298.681410958904,3.86053424657534
"1413",141.2,22.6675176,-297.064,3.8605
"1414",141.3,22.6896952941176,-295.37253164557,3.861
"1415",141.4,22.6916840909091,-295.3162,3.861
"1416",141.5,22.6793291044776,-296.028081081081,3.861
"1417",141.6,22.6739543609023,-296.773393258427,3.861
"1418",141.7,22.6710076,-297.200121212121,3.86160606060606
"1419",141.8,22.6824711940299,-297.498306930693,3.862
"1420",141.9,22.6722962121212,-297.8354,3.8632
"1421",142,22.6597768656716,-298.426,3.8628
"1422",142.1,22.6554687969925,-299.177696969697,3.86321212121212
"1423",142.2,22.6610561,-300.16357,3.86217
"1424",142.3,22.6615749253731,-300.840203539823,3.861
"1425",142.4,22.6626963636364,-301.219413793103,3.861
"1426",142.5,22.66238,-301.19398,3.861
"1427",142.6,22.6594972932331,-301.190900990099,3.86160396039604
"1428",142.7,22.6632517910448,-301.502818181818,3.86139393939394
"1429",142.8,22.6615763366337,-302.318563106796,3.85922330097087
"1430",142.9,22.6543806818182,-303.359102040816,3.86036734693878
"1431",143,22.6534488235294,-304.016571428571,3.86142857142857
"1432",143.1,22.6618012121212,-304.432368421053,3.86215789473684
"1433",143.2,22.6701197014925,-304.6438,3.8618
"1434",143.3,22.6566494736842,-304.67803030303,3.861
"1435",143.4,22.6525,-304.460519607843,3.861
"1436",143.5,22.6469610294118,-303.900602040816,3.861
"1437",143.6,22.6419246212121,-303.243881188119,3.861
"1438",143.7,22.635791641791,-302.839222222222,3.86044444444444
"1439",143.8,22.625504962406,-302.498104761905,3.86099047619048
"1440",143.9,22.6270178,-302.485406976744,3.86145348837209
"1441",144,22.6154071641791,-303.5018,3.86161
"1442",144.1,22.6146084210526,-304.455909090909,3.86138383838384
"1443",144.2,22.6168329850746,-304.655317757009,3.861
"1444",144.3,22.6170845454545,-304.746574468085,3.861
"1445",144.4,22.6128577227723,-304.792982142857,3.861
"1446",144.5,22.6333409090909,-304.854454545455,3.861
"1447",144.6,22.6435058646617,-305.165147826087,3.86153043478261
"1448",144.7,22.63109,-305.535953488372,3.86093023255814
"1449",144.8,22.6303554135338,-306.092303030303,3.86121212121212
"1450",144.9,22.6324535820896,-306.957524752475,3.86139603960396
"1451",145,22.6222872932331,-307.767142857143,3.86271428571429
"1452",145.1,22.6215762376238,-308.524052631579,3.86226315789474
"1453",145.2,22.6389414925373,-308.988666666667,3.861
"1454",145.3,22.651919924812,-309.385,3.861
"1455",145.4,22.6424673134328,-309.911733333333,3.861
"1456",145.5,22.6438427272727,-310.27101754386,3.861
"1457",145.6,22.6609511881188,-310.770809523809,3.861
"1458",145.7,22.6649872727273,-311.297571428571,3.85985714285714
"1459",145.8,22.6595321804511,-311.935978723404,3.86075531914894
"1460",145.9,22.655142238806,-312.591773913043,3.86146956521739
"1461",146,22.6480036363636,-313.238960784314,3.86280392156863
"1462",146.1,22.645296039604,-314.091682926829,3.86285365853659
"1463",146.2,22.6429627272727,-314.44592,3.861
"1464",146.3,22.6500821804511,-314.411485148515,3.861
"1465",146.4,22.6572182352941,-314.15969,3.861
"1466",146.5,22.64743,-313.971102803738,3.861
"1467",146.6,22.6443798507463,-314.057032258064,3.86158064516129
"1468",146.7,22.64091,-314.41689,3.862
"1469",146.8,22.6361972180451,-314.837848484849,3.86138383838384
"1470",146.9,22.6406449253731,-314.05914,3.8641
"1471",147,22.6335754545455,-312.643592920354,3.86380530973451
"1472",147.1,22.641166119403,-311.719154639175,3.86149484536083
"1473",147.2,22.660269924812,-311.473515151515,3.861
"1474",147.3,22.6425888,-311.830032608696,3.861
"1475",147.4,22.6167552941176,-312.534109090909,3.861
"1476",147.5,22.625504962406,-313.072472527473,3.861
"1477",147.6,22.6271170149254,-313.3432,3.8604
"1478",147.7,22.6310927272727,-313.609878787879,3.85939393939394
"1479",147.8,22.6486148514851,-314.24867,3.85961
"1480",147.9,22.6602668181818,-315.338232142857,3.86108928571429
"1481",148,22.6519598496241,-316.973239130435,3.86146739130435
"1482",148.1,22.651068358209,-319.057402061855,3.861
"1483",148.2,22.6636187218045,-320.4248,3.861
"1484",148.3,22.6661252,-321.436242424243,3.861
"1485",148.4,22.6660281818182,-322.827693069307,3.86160396039604
"1486",148.5,22.6570027819549,-323.9472,3.8614
"1487",148.6,22.6432895588235,-324.337,3.8615
"1488",148.7,22.6432253383459,-324.274022988506,3.862
"1489",148.8,22.6503341791045,-324.180709677419,3.86143010752688
"1490",148.9,22.6564740601504,-324.587,3.86044444444444
"1491",149,22.6636931683168,-325.19984,3.86104
"1492",149.1,22.6750207462687,-325.5324,3.86148
"1493",149.2,22.6637895488722,-325.36818556701,3.861
"1494",149.3,22.6574962686567,-325.221386792453,3.861
"1495",149.4,22.6610838345865,-325.402977777778,3.861
"1496",149.5,22.6713618,-325.38909,3.86159
"1497",149.6,22.6888240909091,-325.07342,3.862
"1498",149.7,22.6867384962406,-324.896046296296,3.862
"1499",149.8,22.6776343283582,-326.049754237288,3.86027118644068
"1500",149.9,22.6828502255639,-328.765109589041,3.85980821917808
"1501",150,22.6880444,-330.119461538462,3.86148717948718
"1502",150.1,22.6800293939394,-329.822686746988,3.861
"1503",150.2,22.6801739097744,-329.2002,3.861
"1504",150.3,22.6696301470588,-328.9288,3.8616
"1505",150.4,22.6712248120301,-329.207584158416,3.862
"1506",150.5,22.6717036,-330.114669565217,3.86148695652174
"1507",150.6,22.6451348484849,-332.055461538461,3.86003296703297
"1508",150.7,22.6447038345865,-333.291161290323,3.86127956989247
"1509",150.8,22.6486810447761,-332.886776699029,3.86183495145631
"1510",150.9,22.6609345112782,-332.6915,3.86
"1511",151,22.6677944776119,-333.350787234043,3.85991489361702
"1512",151.1,22.6607731343284,-334.258511111111,3.861
"1513",151.2,22.6680056,-334.262611111111,3.861
"1514",151.3,22.6764341176471,-334.528510869565,3.861
"1515",151.4,22.6728227067669,-335.578982142857,3.86152678571429
"1516",151.5,22.6861668656716,-336.291659090909,3.862
"1517",151.6,22.7025760902256,-336.357202020202,3.862
"1518",151.7,22.7070051,-336.494142857143,3.86142857142857
"1519",151.8,22.7172190909091,-336.84252631579,3.86157894736842
"1520",151.9,22.7188342424242,-336.80147368421,3.862
"1521",152,22.71352,-336.3824,3.86151578947368
"1522",152.1,22.709730075188,-336.104318681319,3.861
"1523",152.2,22.7095979,-335.9178,3.861
"1524",152.3,22.7211786363636,-335.669623853211,3.8615504587156
"1525",152.4,22.7266657894737,-335.721417582418,3.862
"1526",152.5,22.7196735294118,-336.7512,3.862
"1527",152.6,22.7070122556391,-337.992930693069,3.86259405940594
"1528",152.7,22.7169164179105,-338.428934579439,3.86355140186916
"1529",152.8,22.7167071641791,-338.506652631579,3.8629052631579
"1530",152.9,22.7064992,-338.759411764706,3.86144117647059
"1531",153,22.7079886567164,-339.118631578947,3.861
"1532",153.1,22.7032346616541,-339.123090909091,3.861
"1533",153.2,22.7057795522388,-338.4943,3.861
"1534",153.3,22.7068659701493,-337.915227722772,3.86160396039604
"1535",153.4,22.7012148,-337.4772,3.862
"1536",153.5,22.6924968181818,-337.56,3.862
"1537",153.6,22.6954105263158,-338.4354,3.8608
"1538",153.7,22.7029923529412,-338.969,3.86055555555556
"1539",153.8,22.7270372727273,-338.758933333333,3.861
"1540",153.9,22.7319476,-338.281457831325,3.861
"1541",154,22.7399045454545,-338.031505617977,3.86155056179775
"1542",154.1,22.7491069924812,-338.597651376147,3.8614495412844
"1543",154.2,22.7418558208955,-341.506510869566,3.861
"1544",154.3,22.7263932330827,-343.388293577982,3.861
"1545",154.4,22.7222503,-344.014571428572,3.86154945054945
"1546",154.5,22.7397083333333,-346.30147,3.862
"1547",154.6,22.7397873684211,-347.217343434344,3.86080808080808
"1548",154.7,22.7459235820896,-347.02002970297,3.86118811881188
"1549",154.8,22.7554015789474,-346.56887755102,3.86019387755102
"1550",154.9,22.7497550746269,-346.529754901961,3.86079411764706
"1551",155,22.7505911940299,-347.89923853211,3.86145871559633
"1552",155.1,22.7571654,-348.841804347826,3.861
"1553",155.2,22.7556746268657,-349.118514851485,3.861
"1554",155.3,22.7572372932331,-349.175076923077,3.86154807692308
"1555",155.4,22.7596610447761,-349.144795698925,3.86086021505376
"1556",155.5,22.7526805263158,-349.111906542056,3.86056074766355
"1557",155.6,22.7488572,-348.9199,3.861
"1558",155.7,22.7350976119403,-349.019861702128,3.86156382978723
"1559",155.8,22.6904698484848,-350.326484848485,3.86319191919192
"1560",155.9,22.6646771641791,-351.757393939394,3.86218181818182
"1561",156,22.6603284210526,-352.16263,3.861
"1562",156.1,22.671039,-351.849900900901,3.861
"1563",156.2,22.6642855223881,-351.471777777778,3.861
"1564",156.3,22.6608484210526,-351.7576,3.8616
"1565",156.4,22.6534020588235,-352.7258,3.8614
"1566",156.5,22.6355269924812,-353.507888888889,3.861
"1567",156.6,22.6454410447761,-353.299434782609,3.861
"1568",156.7,22.6617355223881,-352.6586,3.8616
"1569",156.8,22.6608157575758,-354.7825,3.862
"1570",156.9,22.6767368656716,-359.714673684211,3.86141052631579
"1571",157,22.6825233834586,-361.297346153846,3.861
"1572",157.1,22.6807186567164,-360.53328125,3.86159375
"1573",157.2,22.6736115037594,-360.248056074766,3.86142990654206
"1574",157.3,22.6803246,-359.984909090909,3.861
"1575",157.4,22.6730071641791,-359.614631578947,3.86042105263158
"1576",157.5,22.6612551515151,-359.407818181818,3.86242424242424
"1577",157.6,22.6653235820896,-359.30614953271,3.86228971962617
"1578",157.7,22.6823878947368,-359.091935483871,3.861
"1579",157.8,22.691966,-358.955693069307,3.86160396039604
"1580",157.9,22.6925947761194,-358.837432432432,3.86145945945946
"1581",158,22.7041193181818,-358.424372340426,3.861
"1582",158.1,22.7054923529412,-357.88352631579,3.861
"1583",158.2,22.7058784210526,-357.516515151515,3.861
"1584",158.3,22.7049505940594,-357.653990291262,3.861
"1585",158.4,22.6979135820896,-357.946040816327,3.85981632653061
"1586",158.5,22.7087106060606,-357.9556,3.8608
"1587",158.6,22.7213902985075,-358.21375,3.86146428571429
"1588",158.7,22.7163947368421,-358.317326530612,3.8624693877551
"1589",158.8,22.7249820895522,-356.777666666666,3.86233333333333
"1590",158.9,22.7518108208955,-355.4792,3.861
"1591",159,22.7699631,-355.6994,3.8616
"1592",159.1,22.8008494029851,-356.956818181818,3.86139393939394
"1593",159.2,22.8256644360902,-358.772752475248,3.861
"1594",159.3,22.8316812121212,-359.604666666667,3.86155555555556
"1595",159.4,22.8263278947368,-359.442705882353,3.862
"1596",159.5,22.815608,-359.144853932584,3.86087640449438
"1597",159.6,22.8018897014925,-358.74084,3.86122
"1598",159.7,22.8125611363636,-358.980594059406,3.86139603960396
"1599",159.8,22.8133372058824,-365.059304347826,3.861
"1600",159.9,22.8152668421053,-369.549368421053,3.861
"1601",160,22.828087,-369.249115384615,3.861
"1602",160.1,22.8322050746269,-369.495694117647,3.861
"1603",160.2,22.8467004545455,-369.03295,3.861
"1604",160.3,22.8653670588235,-368.862453125,3.8614765625
"1605",160.4,22.8504977272727,-368.307078947369,3.862
"1606",160.5,22.838628358209,-367.639069306931,3.86087128712871
"1607",160.6,22.8406068656716,-366.96775,3.86058333333333
"1608",160.7,22.852867,-366.571424242424,3.861
"1609",160.8,22.8749258823529,-366.1354,3.861
"1610",160.9,22.8709303030303,-365.643826530612,3.861
"1611",161,22.8759328358209,-365.235010869565,3.861
"1612",161.1,22.8544836842105,-364.61397029703,3.86160396039604
"1613",161.2,22.824201,-364.263727272727,3.86139393939394
"1614",161.3,22.8184232835821,-365.056168316832,3.861
"1615",161.4,22.8063872727273,-365.970876106195,3.86153097345133
"1616",161.5,22.8078644117647,-366.367432989691,3.862
"1617",161.6,22.8015815789474,-366.232569892473,3.862
"1618",161.7,22.802608,-366.232804123711,3.862
"1619",161.8,22.8215905970149,-366.216909090909,3.86139393939394
"1620",161.9,22.83397,-365.77352,3.861
"1621",162,22.8379088235294,-365.21223,3.861
"1622",162.1,22.8521740909091,-365.32806,3.861
"1623",162.2,22.8805739,-368.593178571429,3.861
"1624",162.3,22.8948131343284,-370.920921348315,3.86155056179775
"1625",162.4,22.8971709090909,-371.2324,3.8608
"1626",162.5,22.8965164705882,-371.220165137615,3.86165137614679
"1627",162.6,22.921403030303,-371.83378021978,3.86243956043956
"1628",162.7,22.9288240298507,-372.6984,3.8608
"1629",162.8,22.9434826119403,-373.19013592233,3.86058252427184
"1630",162.9,22.9562486,-373.607617647059,3.861
"1631",163,22.9511910294118,-373.795684210526,3.861
"1632",163.1,22.9453431818182,-374.3318,3.861
"1633",163.2,22.9295067647059,-374.6908,3.861
"1634",163.3,22.9189242105263,-374.587515151515,3.86160606060606
"1635",163.4,22.941536,-374.54975,3.86087037037037
"1636",163.5,22.9815913432836,-374.572326086957,3.86
"1637",163.6,22.9807647727273,-374.845711538462,3.86058653846154
"1638",163.7,22.9913436764706,-375.73671875,3.861
"1639",163.8,22.9971629545455,-376.24477,3.861
"1640",163.9,23.0084269306931,-375.956403669725,3.861
"1641",164,23.0266654545455,-375.920559139785,3.861
"1642",164.1,23.049645112782,-375.656828571429,3.8615619047619
"1643",164.2,23.0596701492537,-375.342741935484,3.86141935483871
"1644",164.3,23.0910187878788,-379.292720000001,3.86222
"1645",164.4,23.1277894117647,-380.543702970297,3.86058415841584
"1646",164.5,23.1531248120301,-378.736385321101,3.86065137614679
"1647",164.6,23.1711268,-379.769705263158,3.862
"1648",164.7,23.183313382353,-381.056138613861,3.862
"1649",164.8,23.2146273684211,-380.214414893617,3.862
"1650",164.9,23.2392635820895,-385.293910000001,3.86139
"1651",165,23.2719640909091,-387.814720720721,3.86154954954955
"1652",165.1,23.2956148514851,-386.570666666667,3.86144444444444
"1653",165.2,23.3604409090909,-388.4508,3.8622
"1654",165.3,23.4202794736842,-388.358,3.8624
"1655",165.4,23.4442439705882,-386.481886792453,3.862
"1656",165.5,23.4854340909091,-388.4275,3.8615
"1657",165.6,23.504738019802,-389.926757894737,3.86245263157895
"1658",165.7,23.5262990909091,-387.612087912088,3.86231868131868
"1659",165.8,23.5410121052632,-386.301818181818,3.861
"1660",165.9,23.5581297014925,-387.059471153846,3.861
"1661",166,23.6019245454545,-386.721217821782,3.86156435643564
"1662",166.1,23.6399573267327,-386.038232323232,3.86143434343434
"1663",166.2,23.6665443939394,-388.928474226805,3.86041237113402
"1664",166.3,23.6787337593985,-389.8966,3.86
"1665",166.4,23.7059625373134,-388.881158415842,3.86118811881188
"1666",166.5,23.7519116666667,-388.794951456311,3.85970873786408
"1667",166.6,23.7777664179104,-388.063340206186,3.85973195876289
"1668",166.7,23.7985655223881,-387.697855769231,3.86156730769231
"1669",166.8,23.8140828,-387.395303921569,3.86146078431373
"1670",166.9,23.8425817647059,-386.85596969697,3.861
"1671",167,23.8988623308271,-386.585536082474,3.86155670103093
"1672",167.1,23.9274408955224,-386.328020408163,3.862
"1673",167.2,23.9449571428571,-386.287484848485,3.86140404040404
"1674",167.3,23.9400686138614,-386.610818181818,3.86045454545455
"1675",167.4,23.9118663636364,-386.633255319149,3.86053191489362
"1676",167.5,23.9194095488722,-386.159577319588,3.86157731958763
"1677",167.6,23.9252092537313,-385.900171717172,3.86140404040404
"1678",167.7,23.9437090225564,-386.6658,3.861
"1679",167.8,23.9653343,-388.063574257426,3.861
"1680",167.9,24.0179921212121,-388.672486238532,3.86154128440367
"1681",168,24.0624818796992,-388.750616161616,3.86149494949495
"1682",168.1,24.0893902985075,-388.793626373626,3.861
"1683",168.2,24.1231507518797,-389.371683168317,3.86159405940594
"1684",168.3,24.1686488059702,-390.083018518519,3.8614537037037
"1685",168.4,24.1800780451128,-390.193326530612,3.861
"1686",168.5,24.1883891089109,-390.216720430108,3.86156989247312
"1687",168.6,24.2103450746269,-392.7014,3.8614
"1688",168.7,24.2114676691729,-394.040090909091,3.861
"1689",168.8,24.2305476119403,-395.206934065934,3.861
"1690",168.9,24.2640477443609,-396.886121495327,3.861
"1691",169,24.2923152,-396.325631578948,3.861
"1692",169.1,24.3212640909091,-396.946490566037,3.86046226415094
"1693",169.2,24.3383544360902,-397.954206521739,3.86
"1694",169.3,24.3761988235294,-396.68238,3.85941
"1695",169.4,24.420135037594,-395.30511,3.85841
"1696",169.5,24.4760634,-395.12796,3.86095
"1697",169.6,24.51906,-394.232505050505,3.86180808080808
"1698",169.7,24.5335442105263,-392.818470588235,3.861
"1699",169.8,24.5651214925373,-393.3753,3.861
"1700",169.9,24.5936072180451,-393.75182278481,3.861
"1701",170,24.6392592,-395.463454545455,3.861
"1702",170.1,24.6828939393939,-397.358172413793,3.85944827586207
"1703",170.2,24.6921797744361,-396.439238095238,3.86061904761905
"1704",170.3,24.7410325373134,-394.5322,3.8618
"1705",170.4,24.8061542857143,-398.990615384615,3.85926923076923
"1706",170.5,24.8331334328358,-403.924833333333,3.85916666666667
"1707",170.6,24.8567346268657,-403.0824,3.8606
"1708",170.7,24.8853608,-401.788,3.861
"1709",170.8,24.9105108955224,-401.584153846154,3.861
"1710",170.9,24.9417516541353,-400.510252747253,3.861
"1711",171,24.9726711764706,-400.566229166667,3.86157291666667
"1712",171.1,25.0246642105263,-401.51072,3.86141
"1713",171.2,25.0755081,-400.29003,3.861
"1714",171.3,25.1009480597015,-398.415566037736,3.86044339622642
"1715",171.4,25.1290412121212,-399.681447916666,3.85944791666667
"1716",171.5,25.1573959701493,-401.325058823529,3.85947899159664
"1717",171.6,25.1775151879699,-400.172615384616,3.86
"1718",171.7,25.1915184,-399.348,3.86
"1719",171.8,25.1947953731343,-399.66102247191,3.86
"1720",171.9,25.227045,-398.346130434783,3.86
"1721",172,25.2462428358209,-397.456639534884,3.86
"1722",172.1,25.2592680451128,-397.982262626263,3.85880808080808
"1723",172.2,25.2841,-396.6902,3.8586
"1724",172.3,25.313506119403,-398.25666972477,3.8595504587156
"1725",172.4,25.3326566666667,-399.985967032967,3.86
"1726",172.5,25.3467826470588,-397.6862,3.86
"1727",172.6,25.3623551515152,-397.529339622641,3.86
"1728",172.7,25.3811326865672,-397.637872340425,3.85942553191489
"1729",172.8,25.3908932835821,-395.453620689655,3.85951724137931
"1730",172.9,25.40763,-394.93588372093,3.85948837209302
"1731",173,25.4332882352941,-393.820265306122,3.859
"1732",173.1,25.4240745454545,-392.087297029703,3.86078217821782
"1733",173.2,25.4213388235294,-390.897204918033,3.86054918032787
"1734",173.3,25.4268654545455,-388.327896103896,3.859
"1735",173.4,25.4390132,-387.653702970297,3.859
"1736",173.5,25.452936119403,-386.33816,3.859
"1737",173.6,25.4664285606061,-383.1722,3.859
"1738",173.7,25.5185780597015,-380.157759615384,3.85843269230769
"1739",173.8,25.5653865413534,-377.4585,3.8595
"1740",173.9,25.5796045,-375.536941176471,3.86047058823529
"1741",174,25.5977968656716,-373.365212121212,3.8569696969697
"1742",174.1,25.621685,-373.921245454545,3.85666363636364
"1743",174.2,25.662405,-373.458978260869,3.85855434782609
"1744",174.3,25.664145,-372.53055,3.86018
"1745",174.4,25.672036119403,-373.349,3.85926470588235
"1746",174.5,25.67519,-371.983,3.85845967741935
"1747",174.6,25.6609021,-370.736604651163,3.859
"1748",174.7,25.6663345588235,-370.61175,3.85846590909091
"1749",174.8,25.6919556818182,-367.79103,3.858
"1750",174.9,25.6971761764706,-365.549262626263,3.858
"1751",175,25.6914836842105,-363.4986,3.8562
"1752",175.1,25.7015828,-361.438230769231,3.85615384615385
"1753",175.2,25.7108164179104,-359.875807017544,3.857
"1754",175.3,25.7145352272727,-358.268361445783,3.857
"1755",175.4,25.7238575,-356.94465,3.85759
"1756",175.5,25.7273025757576,-355.54245,3.858
"1757",175.6,25.7332987,-354.7152,3.858
"1758",175.7,25.7143950746269,-354.58222,3.85859
"1759",175.8,25.7190456390977,-353.01773,3.85841
"1760",175.9,25.7633034328358,-351.277097345133,3.858
"1761",176,25.76277,-349.182837209302,3.858
"1762",176.1,25.7300989552239,-346.7896,3.8586
"1763",176.2,25.72742,-345.118181818182,3.85790909090909
"1764",176.3,25.7359364179104,-343.586666666667,3.85811111111111
"1765",176.4,25.7416302970297,-342.981945945946,3.85845945945946
"1766",176.5,25.7441550757576,-342.422479166667,3.858
"1767",176.6,25.7510701492537,-342.434365591398,3.858
"1768",176.7,25.7817515789474,-341.800846153846,3.858
"1769",176.8,25.7955884,-340.22325,3.858
"1770",176.9,25.7748937313433,-340.7144,3.8574
"1771",177,25.781725,-339.293920792079,3.85759405940594
"1772",177.1,25.774085,-338.08362,3.85682
"1773",177.2,25.7663569924812,-336.07259,3.856
"1774",177.3,25.7807431,-333.45034,3.85659
"1775",177.4,25.7821723880597,-331.29403960396,3.857
"1776",177.5,25.77181,-332.005575757576,3.857
"1777",177.6,25.772295,-331.142590000001,3.857
"1778",177.7,25.776455,-328.43478,3.857
"1779",177.8,25.7755425373134,-327.151258333333,3.857
"1780",177.9,25.7704899009901,-325.081882352941,3.85661764705882
"1781",178,25.77378,-322.176392857143,3.856
"1782",178.1,25.768635,-319.479344086022,3.856
"1783",178.2,25.763825,-317.6204,3.8566
"1784",178.3,25.7664149253731,-315.4218,3.857
"1785",178.4,25.7658080451128,-314.018361344538,3.857
"1786",178.5,25.7712582,-311.807518518518,3.85649382716049
"1787",178.6,25.78815,-308.7402,3.856
"1788",178.7,25.7960494736842,-305.617,3.856
"1789",178.8,25.8033758208955,-304.1706,3.856
"1790",178.9,25.8026460150376,-301.5392,3.8548
"1791",179,25.7992674257426,-299.2696,3.8558
"1792",179.1,25.7948512121212,-296.800357142858,3.85592857142857
"1793",179.2,25.8142038345865,-295.110808988764,3.85661797752809
"1794",179.3,25.8304179104478,-293.539111111111,3.85680808080808
"1795",179.4,25.80939,-293.484504854369,3.856
"1796",179.5,25.8152617821782,-291.615019417476,3.856
"1797",179.6,25.8313,-288.618818181818,3.856
"1798",179.7,25.82487,-286.55619047619,3.856
"1799",179.8,25.8393258208955,-285.4085,3.856
"1800",179.9,25.8394739849624,-284.030076923077,3.856
"1801",180,25.827827761194,-281.339258928571,3.856
"1802",180.1,25.8068339097744,-279.139965909091,3.856
"1803",180.2,25.7966232,-277.164476190476,3.856
"1804",180.3,25.8256470149254,-275.12,3.856
"1805",180.4,25.8303913533835,-273.847488372093,3.856
"1806",180.5,25.8248756716418,-273.061920792079,3.856
"1807",180.6,25.8461686363636,-272.296858585859,3.856
"1808",180.7,25.846483960396,-271.574220338983,3.856
"1809",180.8,25.8073650746269,-271.144195121951,3.8549756097561
"1810",180.9,25.7980590977444,-270.5494,3.8558
"1811",181,25.81613,-269.63741025641,3.857
"1812",181.1,25.81293,-268.980614457831,3.85648192771084
"1813",181.2,25.8066423762376,-268.241554455446,3.856
"1814",181.3,25.81438,-267.56759,3.856
"1815",181.4,25.8153631578947,-266.60249,3.856
"1816",181.5,25.8206841791045,-265.84036,3.856
"1817",181.6,25.8235816666667,-265.580884955752,3.856
"1818",181.7,25.8349261386139,-265.237678160919,3.856
"1819",181.8,25.8106693939394,-265.329213114754,3.85745081967213
"1820",181.9,25.8163498496241,-265.661311688312,3.85803896103896
"1821",182,25.8344614925373,-265.8312,3.857
"1822",182.1,25.8163801503759,-265.695148514852,3.85640594059406
"1823",182.2,25.8151162686567,-265.05844,3.856
"1824",182.3,25.8176440298507,-264.153555555556,3.856
"1825",182.4,25.8221964,-263.97065060241,3.856
"1826",182.5,25.826513880597,-264.227320754717,3.856
"1827",182.6,25.8266168421053,-264.101215053763,3.856
"1828",182.7,25.84481,-264.029316831683,3.85659405940594
"1829",182.8,25.8402951879699,-263.81405,3.85818
"1830",182.9,25.8489185,-263.579740740741,3.85681481481482
"1831",183,25.860135,-263.517582417582,3.85556043956044
"1832",183.1,25.8514436842105,-263.3588,3.8566
"1833",183.2,25.8661729850746,-262.966037383178,3.85643925233645
"1834",183.3,25.8919364661654,-262.52276344086,3.856
"1835",183.4,25.8970546,-261.275534653465,3.856
"1836",183.5,25.8656272727273,-259.792163636364,3.856
"1837",183.6,25.8648984962406,-258.45751,3.856
"1838",183.7,25.866521641791,-257.218144329897,3.856
"1839",183.8,25.8798773684211,-256.2022,3.85643333333333
"1840",183.9,25.8862956716418,-255.105783783784,3.85656756756757
"1841",184,25.8778646268657,-254.047719298246,3.856
"1842",184.1,25.8747990909091,-253.126604651163,3.856
"1843",184.2,25.8635832835821,-252.328728813559,3.856
"1844",184.3,25.8367302255639,-251.655487804878,3.856
"1845",184.4,25.8261982089552,-250.890679245283,3.856
"1846",184.5,25.8121660150376,-250.127161290323,3.856
"1847",184.6,25.801552,-249.45025,3.856
"1848",184.7,25.8365807462687,-248.840536363636,3.85653636363636
"1849",184.8,25.8395086466165,-248.178933333333,3.85645555555556
"1850",184.9,25.8334977941176,-247.535178217822,3.85483168316832
"1851",185,25.8258428571429,-246.97116,3.85516
"1852",185.1,25.8265822,-246.462277777778,3.856
"1853",185.2,25.8579712121212,-246.041711538462,3.856
"1854",185.3,25.8635597744361,-245.540164835165,3.856
"1855",185.4,25.8607723880597,-245.089956140351,3.856
"1856",185.5,25.8486069924812,-244.5725,3.8565
"1857",185.6,25.8418975,-244.040168316832,3.85641584158416
"1858",185.7,25.8196925757576,-243.63196,3.856
"1859",185.8,25.8177906015038,-243.20254,3.85658
"1860",185.9,25.8306395522388,-242.782222222222,3.85650427350427
"1861",186,25.8093908270677,-242.287831325301,3.856
"1862",186.1,25.8027226865672,-241.924842105263,3.856
"1863",186.2,25.8467005223881,-241.550744186046,3.856
"1864",186.3,25.880274,-241.110881188119,3.856
"1865",186.4,25.8801155223881,-240.786666666667,3.856
"1866",186.5,25.8697288721805,-240.45771875,3.856
"1867",186.6,25.8801925,-240.151808080808,3.85658585858586
"1868",186.7,25.8990989473684,-239.806653465347,3.85641584158416
"1869",186.8,25.9051782,-239.458513274336,3.85548672566372
"1870",186.9,25.9175962686567,-239.209934065934,3.85549450549451
"1871",187,25.9225271212121,-238.902375,3.856
"1872",187.1,25.9343385074627,-238.508545454546,3.856
"1873",187.2,25.9344381954887,-238.218811881188,3.856
"1874",187.3,25.9300105,-238.003898989899,3.85658585858586
"1875",187.4,25.9165765671642,-237.785811881188,3.857
"1876",187.5,25.9184745454545,-237.484541284404,3.857
"1877",187.6,25.9275220895522,-237.173818181818,3.85650505050505
"1878",187.7,25.907335112782,-236.893648351648,3.856
"1879",187.8,25.8979658208955,-236.614861386139,3.85716831683168
"1880",187.9,25.9196735074627,-236.33306,3.85684
"1881",188,25.9459186868687,-236.10236036036,3.856
"1882",188.1,25.9651729850746,-235.886235955056,3.856
"1883",188.2,25.9342638345865,-235.690096153846,3.856
"1884",188.3,25.9068494029851,-235.377557894737,3.85656842105263
"1885",188.4,25.9150718045113,-235.149111111111,3.857
"1886",188.5,25.9256316,-234.9475,3.857
"1887",188.6,25.9437129850746,-234.646,3.85642
"1888",188.7,25.951535037594,-234.433887096774,3.856
"1889",188.8,25.9526991304348,-234.195236842105,3.85644736842105
"1890",188.9,25.9572341353383,-233.935,3.85641414141414
"1891",189,25.9667168,-233.744118181818,3.856
"1892",189.1,25.9754537313433,-233.541230769231,3.856
"1893",189.2,25.9675627272727,-233.348711864407,3.856
"1894",189.3,25.9605153731343,-233.129738317757,3.8556261682243
"1895",189.4,25.9499306060606,-232.930678571429,3.85578571428571
"1896",189.5,25.9450708,-232.805855555556,3.85645555555556
"1897",189.6,25.9455849253731,-232.636971962617,3.856
"1898",189.7,25.9461518181818,-232.432387096774,3.85823655913978
"1899",189.8,25.9621125,-232.1862,3.85705
"1900",189.9,25.9622165413534,-232.001404958678,3.85548760330578
"1901",190,25.9605623880597,-231.83369047619,3.856
"1902",190.1,25.9708504477612,-231.678628865979,3.856
"1903",190.2,25.975063,-231.552367346939,3.856
"1904",190.3,25.9650095522388,-231.465980392157,3.85657843137255
"1905",190.4,25.9207136363636,-231.256206896552,3.85650862068966
"1906",190.5,25.8866158823529,-231.0485,3.8565
"1907",190.6,25.8858790225564,-230.820818181818,3.857
"1908",190.7,25.8914665,-230.6454,3.8558
"1909",190.8,25.9010540298507,-230.499440677966,3.85601694915254
"1910",190.9,25.8791654545455,-230.321807228916,3.85649397590361
"1911",191,25.8641976470588,-230.19951,3.856
"1912",191.1,25.8848906060606,-229.980504950495,3.856
"1913",191.2,25.896994,-229.824196721311,3.856
"1914",191.3,25.8934129850746,-229.759384615385,3.856
"1915",191.4,25.8854611363636,-229.561373737374,3.856
"1916",191.5,25.8695808823529,-229.390783783784,3.85653153153153
"1917",191.6,25.8716113636364,-229.279181818182,3.85645454545455
"1918",191.7,25.8876941791045,-229.0916,3.8548
"1919",191.8,25.878706119403,-228.969326732673,3.85518811881188
"1920",191.9,25.8628936363636,-228.864757575758,3.856
"1921",192,25.8555327941176,-228.691376237624,3.856
"1922",192.1,25.8527811363636,-228.491212121212,3.856
"1923",192.2,25.8624914925373,-228.365555555556,3.856
"1924",192.3,25.8584215789474,-228.205086956522,3.85713043478261
"1925",192.4,25.8613066,-228.032928571429,3.85746428571429
"1926",192.5,25.8833980882353,-227.941268041237,3.85650515463918
"1927",192.6,25.8847388636364,-227.776571428571,3.85547959183673
"1928",192.7,25.8883445588235,-227.633043010753,3.855
"1929",192.8,25.8778539097744,-227.527037735849,3.85556603773585
"1930",192.9,25.88064,-227.365757894737,3.856
"1931",193,25.9060686567164,-227.192682242991,3.856
"1932",193.1,25.9015918181818,-227.094393939394,3.856
"1933",193.2,25.87962,-226.923430107527,3.85543010752688
"1934",193.3,25.862167368421,-226.704,3.855
"1935",193.4,25.8592055,-226.568727272727,3.85554545454545
"1936",193.5,25.8720291044776,-226.543692307692,3.856
"1937",193.6,25.8832939393939,-226.471137931035,3.85494252873563
"1938",193.7,25.8900926470588,-226.321009433962,3.854
"1939",193.8,25.8948210526316,-226.194553191489,3.85512765957447
"1940",193.9,25.9057025373134,-226.075290909091,3.856
"1941",194,25.8859719402985,-225.942943396226,3.856
"1942",194.1,25.8797772,-225.764280898876,3.856
"1943",194.2,25.9121482352941,-225.653421052632,3.85543157894737
"1944",194.3,25.8989114503817,-225.511669724771,3.85608256880734
"1945",194.4,25.8992569117647,-225.36295049505,3.85650495049505
"1946",194.5,25.8981315037594,-225.291955555556,3.856
"1947",194.6,25.8802244,-225.264444444444,3.85540404040404
"1948",194.7,25.8530685074627,-225.169702970297,3.85559405940594
"1949",194.8,25.8498747727273,-224.988345794393,3.856
"1950",194.9,25.8339907352941,-224.773580645161,3.856
"1951",195,25.8106947727273,-224.69457,3.856
"1952",195.1,25.8058443,-224.58187,3.856
"1953",195.2,25.8073486567164,-224.393303030303,3.856
"1954",195.3,25.8264326315789,-224.195871287129,3.856
"1955",195.4,25.8512591044776,-224.109,3.856
"1956",195.5,25.8409209090909,-224.03407,3.85718
"1957",195.6,25.8182244776119,-223.865053571429,3.85694642857143
"1958",195.7,25.8232992537313,-223.743652173913,3.856
"1959",195.8,25.833024,-223.627072164948,3.856
"1960",195.9,25.8376070149254,-223.545265306122,3.856
"1961",196,25.8215660606061,-223.535944954128,3.856
"1962",196.1,25.8129019402985,-223.458380434783,3.856
"1963",196.2,25.8176231578947,-223.343892156863,3.856
"1964",196.3,25.8158514,-223.263041237113,3.856
"1965",196.4,25.823135,-223.150094339623,3.85656603773585
"1966",196.5,25.8299433333333,-223.014515789474,3.85756842105263
"1967",196.6,25.8701588235294,-222.94566,3.85682
"1968",196.7,25.9226736842105,-222.883151515152,3.856
"1969",196.8,25.9406533,-222.822455445545,3.856
"1970",196.9,25.9428955223881,-222.688035087719,3.856
"1971",197,25.934878030303,-222.564705882353,3.856
"1972",197.1,25.9288567647059,-222.426285714286,3.85714285714286
"1973",197.2,25.9437503030303,-222.338666666667,3.85688888888889
"1974",197.3,25.9589495522388,-222.296082474227,3.856
"1975",197.4,25.9474920792079,-222.20672,3.856
"1976",197.5,25.9309789473684,-222.089046728972,3.85710280373832
"1977",197.6,25.938426119403,-221.946804123711,3.85692783505155
"1978",197.7,25.9607909090909,-221.777447916667,3.856
"1979",197.8,25.9607470149254,-221.691069306931,3.856
"1980",197.9,25.9492035338346,-221.642495412844,3.856
"1981",198,25.9345424,-221.555898876404,3.856
"1982",198.1,25.9187564705882,-221.497772277228,3.856
"1983",198.2,25.9291247368421,-221.416464285714,3.856
"1984",198.3,25.9350346268657,-221.30375862069,3.856
"1985",198.4,25.920263030303,-221.188256637168,3.856
"1986",198.5,25.9283697029703,-221.097528735632,3.85545977011494
"1987",198.6,25.9660604545454,-220.969727272727,3.85554545454545
"1988",198.7,25.9610633082707,-220.854448979592,3.856
"1989",198.8,25.9451176470588,-220.83247311828,3.856
"1990",198.9,25.9385263157895,-220.66844,3.856
"1991",199,25.9501488059702,-220.59507,3.856
"1992",199.1,25.946819,-220.55361,3.856
"1993",199.2,25.9511273684211,-220.4922,3.856
"1994",199.3,25.9633619402985,-220.397769230769,3.856
"1995",199.4,25.9573078947368,-220.284300884956,3.85697345132743
"1996",199.5,25.9622480597015,-220.166902439024,3.85646341463415
"1997",199.6,25.9648387878788,-220.116980582524,3.85558252427184
"1998",199.7,25.9528586,-220.050641509434,3.856
"1999",199.8,25.926258358209,-219.958391304348,3.856
"2000",199.9,25.9177517293233,-219.872742574257,3.856
"2001",200,25.9256871641791,-219.8154,3.85652727272727
"2002",200.1,25.9517736363636,-219.687608695652,3.857
"2003",200.2,25.9627061386139,-219.524577319588,3.85642268041237
"2004",200.3,25.951347761194,-219.534656565657,3.856
"2005",200.4,25.9603552631579,-219.536058823529,3.85247058823529
"2006",200.5,25.9715532352941,-219.425121212121,3.85351515151515
"2007",200.6,25.9614294736842,-219.26719266055,3.856
"2008",200.7,25.9539558,-219.203788461538,3.856
"2009",200.8,25.9627118181818,-219.136270833333,3.856
"2010",200.9,25.9688918045113,-219.038153846154,3.856
"2011",201,25.9723974626866,-218.991772277228,3.85658415841584
"2012",201.1,25.9541286466165,-218.8769,3.85642
"2013",201.2,25.9425043283582,-218.77308,3.856
"2014",201.3,25.9280083,-218.699771929825,3.856
"2015",201.4,25.9227814285714,-218.594534883721,3.85497674418605
"2016",201.5,25.9273598507463,-218.475,3.85458585858586
"2017",201.6,25.933470075188,-218.338198019802,3.85558415841584
"2018",201.7,25.9266919402985,-218.298707070707,3.856
"2019",201.8,25.9354246616541,-218.25115,3.856
"2020",201.9,25.9494558,-218.186043478261,3.856
"2021",202,25.9423010447761,-218.194402061856,3.856
"2022",202.1,25.9302335338346,-218.116715686275,3.856
"2023",202.2,25.924872238806,-217.948620689655,3.856
"2024",202.3,25.9280498496241,-217.929919191919,3.85541414141414
"2025",202.4,25.9227216,-217.888824074074,3.8555462962963
"2026",202.5,25.9134342424242,-217.80628,3.856
"2027",202.6,25.9282990225564,-217.660153061225,3.856
"2028",202.7,25.9462383823529,-217.569563636364,3.856
"2029",202.8,25.9391328571429,-217.541835164835,3.856
"2030",202.9,25.9181962686567,-217.524915789474,3.856
"2031",203,25.8939888118812,-217.471806122449,3.856
"2032",203.1,25.9072912121212,-217.401302752294,3.856
"2033",203.2,25.9067607462687,-217.422239130435,3.856
"2034",203.3,25.8991795522388,-217.33384,3.85658
"2035",203.4,25.906568358209,-217.192115384615,3.857
"2036",203.5,25.889696,-217.116657142857,3.85648571428571
"2037",203.6,25.8750207575758,-217.075371134021,3.856
"2038",203.7,25.8853010447761,-217.022673469388,3.856
"2039",203.8,25.9008221212121,-216.9549375,3.856
"2040",203.9,25.8925482089552,-216.889123809524,3.85655238095238
"2041",204,25.8886802255639,-216.834388349515,3.8564854368932
"2042",204.1,25.8973218,-216.680483516484,3.856
"2043",204.2,25.9173765671642,-216.65242,3.85482
"2044",204.3,25.9368427819549,-216.6382,3.85636
"2045",204.4,25.9410225,-216.571475247525,3.85741584158416
"2046",204.5,25.9399345864662,-216.455152380952,3.85644761904762
"2047",204.6,25.9503143283582,-216.293300970874,3.856
"2048",204.7,25.9388679207921,-216.223296703297,3.856
"2049",204.8,25.9452796969697,-216.190366336634,3.856
"2050",204.9,25.9412310447761,-216.109735849057,3.856
"2051",205,25.9359693984962,-216.039956989247,3.856
"2052",205.1,25.9429105970149,-215.967315315315,3.856
"2053",205.2,25.949394,-215.956134831461,3.8554606741573
"2054",205.3,25.9300028787879,-215.919,3.8545
"2055",205.4,25.9099480882353,-215.824819277108,3.85498795180723
"2056",205.5,25.930145530303,-215.790886792453,3.856
"2057",205.6,25.9201510447761,-215.693170212766,3.856
"2058",205.7,25.9139735338346,-215.5755,3.856
"2059",205.8,25.9276467,-215.526636363636,3.856
"2060",205.9,25.9252023529412,-215.49348,3.85658
"2061",206,25.9341046212121,-215.4692,3.85642
"2062",206.1,25.9473850746269,-215.41512,3.856
"2063",206.2,25.9627957894737,-215.317892857143,3.85548214285714
"2064",206.3,25.9598796,-215.216045454545,3.85552272727273
"2065",206.4,25.9263271641791,-215.11816,3.856
"2066",206.5,25.9135927272727,-215.047452830189,3.856
"2067",206.6,25.9051494117647,-215.016914893617,3.856
"2068",206.7,25.9168252631579,-214.989009009009,3.856
"2069",206.8,25.9453040298508,-214.864293478261,3.85548913043478
"2070",206.9,25.9504854455446,-214.746855670103,3.85556701030928
"2071",207,25.9296259848485,-214.762,3.856
"2072",207.1,25.9372369117647,-214.720743119266,3.856
"2073",207.2,25.9598289393939,-214.584333333333,3.856
"2074",207.3,25.9652555223881,-214.534027777778,3.8565462962963
"2075",207.4,25.9535504,-214.483145631068,3.85650485436893
"2076",207.5,25.9384036363636,-214.43706122449,3.856
"2077",207.6,25.9297958823529,-214.374217391304,3.856
"2078",207.7,25.93718,-214.212653846154,3.856
"2079",207.8,25.9531270149254,-214.177,3.856
"2080",207.9,25.9495803759398,-214.1615,3.856
"2081",208,25.952246,-214.0645,3.856
"2082",208.1,25.9398935294118,-213.99510989011,3.856
"2083",208.2,25.9270981818182,-213.93036,3.85718
"2084",208.3,25.91768,-213.838009259259,3.85690740740741
"2085",208.4,25.9055311278196,-213.778096774194,3.856
"2086",208.5,25.9014573134328,-213.742352380952,3.856
"2087",208.6,25.8977473267327,-213.661414893617,3.856
"2088",208.7,25.8989587878788,-213.59884,3.856
"2089",208.8,25.9102455882353,-213.58133,3.856
"2090",208.9,25.9116447727273,-213.57246,3.856
"2091",209,25.8958014925373,-213.53519,3.856
"2092",209.1,25.8848664,-213.43902,3.856
"2093",209.2,25.8723094736842,-213.390752475248,3.85658415841584
"2094",209.3,25.8922335820896,-213.423636363636,3.85641414141414
"2095",209.4,25.9103427272727,-213.378237623762,3.856
"2096",209.5,25.9155371641791,-213.314767676768,3.856
"2097",209.6,25.8954111278195,-213.223452173913,3.856
"2098",209.7,25.8817283168317,-213.091172043011,3.85552688172043
"2099",209.8,25.9060946268657,-213.055042553191,3.85554255319149
"2100",209.9,25.9175643609023,-213.084484848485,3.856
"2101",210,25.9125382089552,-213.045585585586,3.856
"2102",210.1,25.9115072727273,-212.971567010309,3.8579381443299
"2103",210.2,25.9184057425743,-212.915347826087,3.85673913043478
"2104",210.3,25.9028609090909,-212.889036363636,3.85505454545455
"2105",210.4,25.894882481203,-212.86564,3.856
"2106",210.5,25.8971841176471,-212.8122,3.856
"2107",210.6,25.8911881818182,-212.729616161616,3.856
"2108",210.7,25.9164602985075,-212.671875,3.856
"2109",210.8,25.88449,-212.635629213483,3.856
"2110",210.9,25.9000617293233,-212.618070707071,3.856
"2111",211,25.9311405970149,-212.54933,3.856
"2112",211.1,25.9270036363636,-212.494571428571,3.85652678571429
"2113",211.2,25.9192258208955,-212.430386363636,3.857
"2114",211.3,25.9114472,-212.38749,3.85641
"2115",211.4,25.9283027819549,-212.34775,3.856
"2116",211.5,25.942213880597,-212.265648148148,3.856
"2117",211.6,25.9368303759398,-212.225741935484,3.856
"2118",211.7,25.9157709090909,-212.20596,3.856
"2119",211.8,25.9003697014925,-212.20682,3.856
"2120",211.9,25.897122,-212.14708,3.856
"2121",212,25.9150458823529,-211.99408,3.85658
"2122",212.1,25.9354891729323,-211.96508,3.8541
"2123",212.2,25.9382376119403,-212.01556,3.85432
"2124",212.3,25.9425018181818,-211.978733333333,3.856
"2125",212.4,25.9454050746269,-211.897625,3.856
"2126",212.5,25.9454443564356,-211.854242718447,3.856
"2127",212.6,25.9413407518797,-211.774568627451,3.85545098039216
"2128",212.7,25.9486920895522,-211.7498125,3.855
"2129",212.8,25.9664954545455,-211.746394495413,3.85553211009174
"2130",212.9,25.9840264705882,-211.684230769231,3.856
"2131",213,26.0198136363636,-211.61736,3.85484
"2132",213.1,26.0047638345865,-211.524454545455,3.85517171717172
"2133",213.2,25.9729941791045,-211.508712871287,3.856
"2134",213.3,25.9502441044776,-211.52388,3.856
"2135",213.4,25.9670801492537,-211.448282828283,3.856
"2136",213.5,25.9687385714286,-211.409514851485,3.856
"2137",213.6,25.9616037,-211.35079245283,3.856
"2138",213.7,25.963222238806,-211.297514563107,3.856
"2139",213.8,25.9574835338346,-211.2941,3.856
"2140",213.9,25.960861641791,-211.28351,3.856
"2141",214,25.9804507518797,-211.215426356589,3.856
"2142",214.1,25.9811748,-211.0972,3.8564
"2143",214.2,25.9666359090909,-211.03128125,3.85642708333333
"2144",214.3,25.9494553787879,-211.016564356436,3.856
"2145",214.4,25.9274926470588,-210.97594949495,3.856
"2146",214.5,25.9466469924812,-210.924207920792,3.856
"2147",214.6,25.9551723880597,-210.831448598131,3.85545794392523
"2148",214.7,25.9968635,-210.708483870968,3.855
"2149",214.8,26.0036311278195,-210.779628571429,3.855
"2150",214.9,26.0025352238806,-210.843018348624,3.855
"2151",215,26.0127482706767,-210.716488372093,3.85448837209302
"2152",215.1,26.0305653731343,-210.578971428571,3.85455238095238
"2153",215.2,26.0166174747475,-210.52585106383,3.85556382978723
"2154",215.3,26.0155719548872,-210.545830188679,3.856
"2155",215.4,26.0157858208955,-210.559166666667,3.856
"2156",215.5,26.0273370676692,-210.51552173913,3.85544565217391
"2157",215.6,26.0300301492537,-210.423083333333,3.8555462962963
"2158",215.7,26.0092866165414,-210.442065217391,3.856
"2159",215.8,26.011154,-210.423151260504,3.856
"2160",215.9,26.0249976119403,-210.291352941176,3.85552941176471
"2161",216,26.013434887218,-210.217958762887,3.85556701030928
"2162",216.1,26.0132938235294,-210.18248,3.856
"2163",216.2,26.0114470676692,-210.113931034483,3.856
"2164",216.3,26.0265125373134,-210.073,3.856
"2165",216.4,26.0307493,-210.101733333333,3.85544761904762
"2166",216.5,26.0057463909774,-210.055990654206,3.8554953271028
"2167",216.6,25.989942238806,-209.977279569892,3.85550537634409
"2168",216.7,25.9969078947368,-209.931059405941,3.85552475247525
"2169",216.8,25.9927858208955,-209.915626262626,3.85547474747475
"2170",216.9,25.9728156565657,-209.896902912621,3.8544854368932
"2171",217,25.9988009774436,-209.820203883495,3.85497087378641
"2172",217.1,26.0017249253731,-209.797077777778,3.856
"2173",217.2,26.0001784210526,-209.736193877551,3.85541836734694
"2174",217.3,26.0027452238806,-209.66623,3.855
"2175",217.4,25.9802486466165,-209.637544554455,3.855
"2176",217.5,25.9763986,-209.61104,3.85616
"2177",217.6,25.969298358209,-209.586475247525,3.85642574257426
"2178",217.7,25.9663254887218,-209.532448979592,3.856
"2179",217.8,25.9737692537313,-209.47804,3.85541
"2180",217.9,25.9791037593985,-209.431376237624,3.85675247524752
"2181",218,25.9840746,-209.35358,3.85626
"2182",218.1,25.9945898484848,-209.31142,3.855
"2183",218.2,25.9827939097744,-209.2936,3.855
"2184",218.3,25.9596691176471,-209.272764705882,3.85544705882353
"2185",218.4,25.9616102255639,-209.324104166667,3.856
"2186",218.5,25.9976456716418,-209.290683168317,3.856
"2187",218.6,25.9746554,-209.114889908257,3.85548623853211
"2188",218.7,26.00281,-209.054088888889,3.85552222222222
"2189",218.8,26.0384313432836,-209.097848484848,3.85542424242424
"2190",218.9,26.0346518796992,-209.086663366337,3.85327722772277
"2191",219,26.0385119402985,-209.018773584906,3.85361320754717
"2192",219.1,26.041655,-208.895161290323,3.85554838709677
"2193",219.2,26.0337484848485,-208.8012,3.856
"2194",219.3,26.0121064179104,-208.781742574257,3.856
"2195",219.4,26.0182433834586,-208.75294,3.85543
"2196",219.5,26.0264735820896,-208.728,3.85557
"2197",219.6,26.022492631579,-208.684834951456,3.856
"2198",219.7,26.0129438,-208.666909090909,3.85545454545455
"2199",219.8,26.0043470149254,-208.605645669291,3.85456692913386
"2200",219.9,26.0047368421053,-208.51995,3.854
"2201",220,26.0034202941176,-208.464,3.85453333333333
"2202",220.1,26.0208309022556,-208.395094339623,3.855
"2203",220.2,26.0267456,-208.369469387755,3.855
"2204",220.3,25.9950417910448,-208.352680412371,3.855
"2205",220.4,26.024725,-208.297271028037,3.85553271028037
"2206",220.5,26.0564631343284,-208.220886792453,3.85552830188679
"2207",220.6,26.0384753383459,-208.232860465116,3.855
"2208",220.7,25.9715928358209,-208.252351851852,3.855
"2209",220.8,25.950858019802,-208.221870967742,3.8560752688172
"2210",220.9,25.9452321212121,-208.14416,3.85529
"2211",221,25.9318444117647,-208.1017,3.85457
"2212",221.1,25.9269142424242,-208.114300970874,3.855
"2213",221.2,25.930882238806,-208.024716981132,3.855
"2214",221.3,25.9274409022556,-207.904571428571,3.855
"2215",221.4,25.9229914,-207.862727272727,3.85557575757576
"2216",221.5,25.9250597058824,-207.8535,3.8555
"2217",221.6,25.9291322727273,-207.805611764706,3.855
"2218",221.7,25.9330291044776,-207.76725,3.855
"2219",221.8,25.9157033834586,-207.77396969697,3.85787878787879
"2220",221.9,25.9142532,-207.68168,3.8571
"2221",222,25.9383688059701,-207.58568,3.855
"2222",222.1,25.9241015909091,-207.604346534653,3.855
"2223",222.2,25.9198344117647,-207.64013,3.855
"2224",222.3,25.9345709774436,-207.617535714286,3.855
"2225",222.4,25.9335032835821,-207.567689655172,3.85551724137931
"2226",222.5,25.953914950495,-207.525475247525,3.85542574257426
"2227",222.6,25.9487333333333,-207.515932692308,3.855
"2228",222.7,25.9461852941176,-207.517941747573,3.8555145631068
"2229",222.8,25.9457246969697,-207.476869565217,3.856
"2230",222.9,25.9466032835821,-207.430792079208,3.85542574257426
"2231",223,25.95816,-207.34975,3.855
"2232",223.1,25.9356759090909,-207.262846938776,3.85558163265306
"2233",223.2,25.9363980882353,-207.248930693069,3.85541584158416
"2234",223.3,25.9470695454545,-207.27224,3.855
"2235",223.4,25.9383797014925,-207.19900990099,3.85557425742574
"2236",223.5,25.9461542857143,-207.157923076923,3.856
"2237",223.6,25.9594537,-207.175634146341,3.85551219512195
"2238",223.7,25.9752589705882,-207.157366336634,3.85385148514851
"2239",223.8,25.9758722727273,-207.0625,3.85507272727273
"2240",223.9,25.9728386764706,-206.973804347826,3.85597826086957
"2241",224,25.9600502255639,-206.946111111111,3.855
"2242",224.1,25.9517926,-206.953732673267,3.855
"2243",224.2,25.9639374626866,-206.938818181818,3.85545454545455
"2244",224.3,25.9604356818182,-206.866342105263,3.856
"2245",224.4,25.9475483823529,-206.79816,3.85542
"2246",224.5,25.9628879545455,-206.778,3.85558585858586
"2247",224.6,25.967888358209,-206.77682,3.856
"2248",224.7,25.9605128712871,-206.793644859813,3.856
"2249",224.8,25.9648695488722,-206.775569892473,3.856
"2250",224.9,25.9799920895522,-206.73289,3.85541
"2251",225,25.9765293181818,-206.67085,3.855
"2252",225.1,25.9785402985075,-206.58113,3.855
"2253",225.2,25.9717942857143,-206.502693069307,3.85558415841584
"2254",225.3,25.9621755,-206.41716,3.856
"2255",225.4,25.9615073529412,-206.320343434343,3.856
"2256",225.5,25.9589736842105,-206.316724770642,3.85545871559633
"2257",225.6,25.9548385074627,-206.356782608696,3.855
"2258",225.7,25.9592956818182,-206.353868686869,3.85441414141414
"2259",225.8,25.9545153,-206.26871,3.85459
"2260",225.9,25.957988358209,-206.17995049505,3.855
"2261",226,25.9694828571429,-206.191323232323,3.855
"2262",226.1,25.9648607352941,-206.08956,3.855
"2263",226.2,25.9641929545455,-206.039886363636,3.855
"2264",226.3,25.9586982089552,-206.070418604651,3.855
"2265",226.4,25.9529807920792,-206.032427083333,3.855
"2266",226.5,25.9652987218045,-206.01311627907,3.855
"2267",226.6,25.9655276119403,-205.99146,3.85559
"2268",226.7,25.9627204545455,-205.913803921569,3.856
"2269",226.8,25.9334601492537,-205.868212121212,3.85542424242424
"2270",226.9,25.9492996,-205.85097979798,3.855
"2271",227,25.9762671428571,-205.84167,3.855
"2272",227.1,25.9607198507463,-205.824217821782,3.855
"2273",227.2,25.9724896969697,-205.732972477064,3.855
"2274",227.3,25.9722355223881,-205.729611111111,3.855
"2275",227.4,25.9668368421053,-205.806534653465,3.85558415841584
"2276",227.5,25.9658948,-205.75382,3.85542
"2277",227.6,25.9641458823529,-205.706378640777,3.855
"2278",227.7,25.9370096969697,-205.74075257732,3.85613402061856
"2279",227.8,25.9163994117647,-205.72846,3.85584
"2280",227.9,25.9217185714286,-205.66098989899,3.855
"2281",228,25.9188340594059,-205.608633663366,3.855
"2282",228.1,25.9266490909091,-205.54103030303,3.855
"2283",228.2,25.9912428571429,-205.51916,3.85559
"2284",228.3,26.0290295522388,-205.548309090909,3.85546363636364
"2285",228.4,26.0263685714286,-205.521556701031,3.855
"2286",228.5,26.0171452238806,-205.478463917526,3.85553608247423
"2287",228.6,26.0324176,-205.463104166667,3.85542708333333
"2288",228.7,26.0487571428571,-205.49094,3.85618
"2289",228.8,26.0520285294118,-205.490544554455,3.85583168316832
"2290",228.9,26.0511307518797,-205.475924528302,3.855
"2291",229,26.0389150746269,-205.410107526882,3.855
"2292",229.1,26.0379527272727,-205.398811881188,3.855
"2293",229.2,26.0392411881188,-205.34184,3.855
"2294",229.3,26.0313045454545,-205.296161616162,3.855
"2295",229.4,26.0147014285714,-205.346085714286,3.8555619047619
"2296",229.5,26.0373313432836,-205.321,3.856
"2297",229.6,26.0450342857143,-205.210387755102,3.85387755102041
"2298",229.7,26.0394854,-205.1713125,3.8536875
"2299",229.8,26.0120642424242,-205.10396,3.855
"2300",229.9,26.0263557894737,-204.99786,3.855
"2301",230,26.0332288235294,-205.057323232323,3.855
"2302",230.1,25.9965157142857,-205.105891089109,3.855
"2303",230.2,25.9646114925373,-205.02166,3.855
"2304",230.3,25.9694276,-204.90156,3.855
"2305",230.4,25.9773985714286,-204.853074074074,3.85553703703704
"2306",230.5,25.9960525373134,-204.796934782609,3.85545652173913
"2307",230.6,25.9980914285714,-204.776535353535,3.85558585858586
"2308",230.7,26.0032968656716,-204.7193,3.85541
"2309",230.8,25.9818996,-204.75214,3.855
"2310",230.9,25.98537,-204.73943,3.855
"2311",231,25.9631982089552,-204.667386138614,3.855
"2312",231.1,25.9415657142857,-204.682074074074,3.85446296296296
"2313",231.2,25.9597231343284,-204.684960784314,3.85449019607843
"2314",231.3,25.9678415151515,-204.6434,3.855
"2315",231.4,25.9829331683168,-204.56431372549,3.855
"2316",231.5,25.9814680597015,-204.466285714286,3.855
"2317",231.6,25.9799771428571,-204.435854545455,3.85552727272727
"2318",231.7,25.9944880882353,-204.456,3.8555
"2319",231.8,25.9745572727273,-204.398085106383,3.855
"2320",231.9,25.973013,-204.32086,3.855
"2321",232,25.9938733333333,-204.25944,3.855
"2322",232.1,25.9923710526316,-204.297356435644,3.85442574257426
"2323",232.2,25.9650885074627,-204.32796969697,3.85457575757576
"2324",232.3,25.9627684210526,-204.3371,3.855
"2325",232.4,25.9647886567164,-204.2806,3.85558
"2326",232.5,25.9966736,-204.29618,3.856
"2327",232.6,25.9957689473684,-204.321808080808,3.856
"2328",232.7,25.9649117910448,-204.23792,3.85541
"2329",232.8,25.9508157894737,-204.18197,3.855
"2330",232.9,25.9665101492537,-204.173460869565,3.855
"2331",233,26.0009884210526,-204.113957446809,3.855
"2332",233.1,26.0014244,-204.025173913043,3.855
"2333",233.2,25.9887673134328,-203.986666666667,3.855
"2334",233.3,25.9860852631579,-203.93347,3.855
"2335",233.4,25.9819997014925,-203.900153153153,3.85553153153153
"2336",233.5,25.9881868421053,-203.899173913043,3.85495652173913
"2337",233.6,25.9870204,-203.903,3.85457142857143
"2338",233.7,25.97617,-203.909444444444,3.855
"2339",233.8,25.967662406015,-203.889465346535,3.855
"2340",233.9,25.9688022058824,-203.884303030303,3.855
"2341",234,25.9645305263158,-203.814722772277,3.85558415841584
"2342",234.1,25.958591641791,-203.719747474747,3.85541414141414
"2343",234.2,25.9655316831683,-203.710310344828,3.855
"2344",234.3,25.972,-203.773047619048,3.855
"2345",234.4,25.9894817910448,-203.8455,3.85556730769231
"2346",234.5,26.0130468421053,-203.749581632653,3.8554387755102
"2347",234.6,26.0339697014925,-203.629663265306,3.855
"2348",234.7,26.0409968,-203.655641509434,3.855
"2349",234.8,26.0278133333333,-203.572610526316,3.855
"2350",234.9,26.0254389552239,-203.498438095238,3.855
"2351",235,26.0463814285714,-203.512791666667,3.85555208333333
"2352",235.1,26.0547920895522,-203.483363636364,3.85542424242424
"2353",235.2,26.0354146616541,-203.391921568627,3.855
"2354",235.3,26.0225055,-203.400350515464,3.855
"2355",235.4,26.0293708823529,-203.405772727273,3.85660909090909
"2356",235.5,26.030945,-203.354122222222,3.85636666666667
"2357",235.6,26.0221861764706,-203.290346534653,3.855
"2358",235.7,26.0273342105263,-203.244663366337,3.855
"2359",235.8,26.0423936,-203.199339285714,3.855
"2360",235.9,26.0383220895522,-203.147147727273,3.855
"2361",236,26.030675,-203.143515151515,3.85557575757576
"2362",236.1,26.0312338235294,-203.194647058824,3.85543137254902
"2363",236.2,26.0334483333333,-203.187079207921,3.855
"2364",236.3,26.0662959701493,-203.141376146789,3.85449541284404
"2365",236.4,26.0585666336634,-203.118416666667,3.85447916666667
"2366",236.5,26.024425,-203.074129032258,3.855
"2367",236.6,26.0370220588235,-203.030508474576,3.855
"2368",236.7,26.044585,-202.931703703704,3.855
"2369",236.8,26.0314967647059,-202.87972815534,3.855
"2370",236.9,26.0349468421053,-202.922095238095,3.855
"2371",237,26.0311788888889,-202.906580645161,3.8544623655914
"2372",237.1,26.0071797058824,-202.9286,3.854
"2373",237.2,26.0198908333333,-202.9185,3.8545
"2374",237.3,26.032598358209,-202.880070588235,3.85550588235294
"2375",237.4,26.0489854545455,-202.877386138614,3.85772277227723
"2376",237.5,26.0379584,-202.82529245283,3.85684905660377
"2377",237.6,26.0192391176471,-202.837542553191,3.855
"2378",237.7,26.0329577272727,-202.75902,3.855
"2379",237.8,26.0371852941176,-202.691757575758,3.855
"2380",237.9,26.0201071428571,-202.650851485149,3.85557425742574
"2381",238,26.015028358209,-202.633344537815,3.85552100840336
"2382",238.1,26.072878019802,-202.639032967033,3.855
"2383",238.2,26.0654736842105,-202.588516853933,3.855
"2384",238.3,26.0484105882353,-202.612234234234,3.85604504504504
"2385",238.4,26.0500260606061,-202.635054945055,3.85493406593407
"2386",238.5,26.0592576119403,-202.612383838384,3.85413131313131
"2387",238.6,26.021515,-202.665166666667,3.855
"2388",238.7,26.0314431578947,-202.645230769231,3.855
"2389",238.8,26.0525740298507,-202.650596153846,3.855
"2390",238.9,26.0439675,-202.5565,3.855
"2391",239,26.0432635820896,-202.62602,3.855
"2392",239.1,26.056617443609,-202.638831683168,3.855
"2393",239.2,26.072207,-202.495454545455,3.855
"2394",239.3,26.0756604477612,-202.433904761905,3.85334285714286
"2395",239.4,26.0528177272727,-202.44091,3.85359
"2396",239.5,26.057644117647,-202.445147368421,3.855
"2397",239.6,26.0529064661654,-202.46348,3.855
"2398",239.7,26.057334,-202.43654,3.855
"2399",239.8,26.0561720895522,-202.387838709677,3.855
"2400",239.9,26.0469557142857,-202.341243902439,3.855
"2401",240,26.0369274626866,-202.312515789474,3.85445263157895
"2402",240.1,26.047805,-202.366727272727,3.85457575757576
"2403",240.2,26.0481455223881,-202.385603773585,3.85554716981132
"2404",240.3,26.0584147524752,-202.367714285714,3.85507142857143
"2405",240.4,26.0516489473684,-202.295823529412,3.85447058823529
"2406",240.5,26.0473252238806,-202.222147058824,3.855
"2407",240.6,26.0437013636364,-202.2080625,3.855
"2408",240.7,26.0125567164179,-202.209212121212,3.855
"2409",240.8,25.9778127819549,-202.181980769231,3.855
"2410",240.9,25.9693652,-202.145742857143,3.855
"2411",241,25.9749805970149,-202.123301075269,3.855
"2412",241.1,25.9990536842105,-202.0742,3.855
"2413",241.2,26.010432238806,-202.068842105263,3.85446315789474
"2414",241.3,25.9842276515151,-202.065018181818,3.85552727272727
"2415",241.4,25.9829289,-201.999430107527,3.85601075268817
"2416",241.5,25.9922952941176,-201.975010416667,3.855
"2417",241.6,25.9898946616541,-201.965545454545,3.855
"2418",241.7,26.0162735820896,-201.89903960396,3.855
"2419",241.8,26.0327943609023,-201.89303960396,3.855
"2420",241.9,26.0228553731343,-201.95,3.855
"2421",242,26.0067442574257,-201.947311111111,3.855
"2422",242.1,26.0011970676692,-201.859340206186,3.855
"2423",242.2,25.9806050746269,-201.75858,3.855
"2424",242.3,25.9872159090909,-201.7643,3.855
"2425",242.4,25.9764556716418,-201.72662,3.855
"2426",242.5,25.9951364,-201.636267326733,3.855
"2427",242.6,26.0355833082707,-201.594466666667,3.855
"2428",242.7,26.0336194117647,-201.521404255319,3.855
"2429",242.8,26.031625,-201.44236,3.855
"2430",242.9,26.038618358209,-201.455262711864,3.855
"2431",243,26.0220471428571,-201.485909090909,3.855
"2432",243.1,26.0083345544554,-201.457744897959,3.855
"2433",243.2,26.0089513636364,-201.366304761905,3.855
"2434",243.3,26.0138997744361,-201.328285714286,3.855
"2435",243.4,26.0135988235294,-201.3989,3.855
"2436",243.5,26.0026768181818,-201.421515151515,3.855
"2437",243.6,26.0026659405941,-201.390158415842,3.855
"2438",243.7,26.0044963636364,-201.34079,3.855
"2439",243.8,26.0132621052632,-201.44796,3.85557
"2440",243.9,26.0158991044776,-201.523513761468,3.85547706422018
"2441",244,25.9859922556391,-201.411114285714,3.855
"2442",244.1,25.9760804477612,-201.287666666667,3.855
"2443",244.2,25.9756744,-201.168396226415,3.85341509433962
"2444",244.3,25.9997758955224,-201.031382978723,3.85359574468085
"2445",244.4,26.0295098507463,-201.026939393939,3.855
"2446",244.5,26.0334342857143,-201.11171,3.855
"2447",244.6,26.0157595522388,-201.056108910891,3.855
"2448",244.7,26.0040695454545,-200.985787878788,3.855
"2449",244.8,26.0046089108911,-200.916727272727,3.85557575757576
"2450",244.9,25.9832181818182,-200.89300990099,3.85542574257426
"2451",245,25.9730046616541,-200.980061946903,3.855
"2452",245.1,26.0030886567164,-201.046540229885,3.855
"2453",245.2,26.0092934586466,-200.96906,3.855
"2454",245.3,26.0096036,-200.918363636364,3.855
"2455",245.4,25.9865803030303,-200.938654545455,3.855
"2456",245.5,25.9546296992481,-200.9025,3.855
"2457",245.6,25.9515963235294,-200.805765957447,3.855
"2458",245.7,25.9696394736842,-200.733841584158,3.855
"2459",245.8,25.9754541791045,-200.673727272727,3.855
"2460",245.9,26.0074071,-200.673415841584,3.85442574257426
"2461",246,26.0179812781955,-200.68217,3.85457
"2462",246.1,26.008262238806,-200.68312,3.85671
"2463",246.2,26.0153560150376,-200.60393,3.85572
"2464",246.3,26.0309705970149,-200.549627118644,3.85448305084746
"2465",246.4,26.0369334343434,-200.562409638554,3.855
"2466",246.5,26.0399601492537,-200.528929292929,3.855
"2467",246.6,26.0427134328358,-200.502,3.855
"2468",246.7,26.03692,-200.504528735632,3.855
"2469",246.8,26.0209695522388,-200.47565,3.855
"2470",246.9,26.0434644360902,-200.416185840708,3.855
"2471",247,26.064747,-200.369367816092,3.85449425287356
"2472",247.1,26.0793103030303,-200.36541,3.85685
"2473",247.2,26.0803296240601,-200.296291262136,3.85678640776699
"2474",247.3,26.0510802941176,-200.2140625,3.855
"2475",247.4,26.0741247368421,-200.20503960396,3.855
"2476",247.5,26.0847634,-200.19827184466,3.855
"2477",247.6,26.0766896969697,-200.22175,3.855
"2478",247.7,26.0504282706767,-200.248108695652,3.85445652173913
"2479",247.8,26.0622186567164,-200.179108910891,3.85457425742574
"2480",247.9,26.0711409774436,-200.152303030303,3.855
"2481",248,26.0385117910448,-200.185801980198,3.855
"2482",248.1,26.0347016831683,-200.191252427184,3.85223300970874
"2483",248.2,26.0461079699248,-200.1506875,3.8528125
"2484",248.3,26.026367761194,-200.099881188119,3.855
"2485",248.4,26.0362479699248,-200.081008695652,3.855
"2486",248.5,26.0430808955224,-200.078517647059,3.855
"2487",248.6,26.0544359398496,-200.05819,3.85443
"2488",248.7,26.038503,-200.02519,3.85457
"2489",248.8,26.0329663636364,-199.97509,3.855
"2490",248.9,26.0489946616541,-199.903090909091,3.855
"2491",249,26.0401510447761,-199.903142857143,3.85551785714286
"2492",249.1,26.0379494736842,-199.903681818182,3.85443181818182
"2493",249.2,26.0404235,-199.84294,3.85416
"2494",249.3,26.0241953030303,-199.8277,3.855
"2495",249.4,26.0160031578947,-199.84537254902,3.855
"2496",249.5,26.0167164705882,-199.822830188679,3.85447169811321
"2497",249.6,26.0184185714286,-199.850154639175,3.854
"2498",249.7,25.9918259701492,-199.839363636364,3.854
"2499",249.8,26.031148,-199.76835,3.854
"2500",249.9,26.0198078195489,-199.760078947368,3.85444736842105
"2501",250,26.0330982089552,-199.730207920792,3.85385148514851
"2502",250.1,26.0445595488722,-199.775878787879,3.85415151515152
"2503",250.2,26.0446956716418,-199.745564356436,3.855
"2504",250.3,26.0508913861386,-199.66689,3.855
"2505",250.4,26.0386792481203,-199.625333333333,3.855
"2506",250.5,26.0126307462687,-199.599317073171,3.85451219512195
"2507",250.6,26.00898,-199.56037254902,3.854
"2508",250.7,26.028336119403,-199.612111111111,3.85456565656566
"2509",250.8,26.030600075188,-199.63511,3.85443
"2510",250.9,26.0175982,-199.58205,3.854
"2511",251,26.025473030303,-199.526211009174,3.854
"2512",251.1,26.0472278947368,-199.487945054945,3.85452747252747
"2513",251.2,26.0371197058823,-199.45303030303,3.855
"2514",251.3,26.0394165909091,-199.44424,3.855
"2515",251.4,26.054341,-199.427861386139,3.85442574257426
"2516",251.5,26.0760768656716,-199.380176470588,3.854
"2517",251.6,26.0594378787879,-199.36525,3.85495
"2518",251.7,26.041023880597,-199.35374,3.85542
"2519",251.8,26.0586342105263,-199.3688,3.85442
"2520",251.9,26.0435326865672,-199.41604,3.85458
"2521",252,26.0408200990099,-199.32934,3.85674
"2522",252.1,26.0414405263158,-199.23296,3.85626
"2523",252.2,26.0392923880597,-199.160008695652,3.855
"2524",252.3,26.0176752631579,-199.1065,3.855
"2525",252.4,26.0196449253731,-199.14662,3.855
"2526",252.5,26.0463939097744,-199.13681,3.855
"2527",252.6,26.0405615,-199.201272727273,3.855
"2528",252.7,26.0360180597015,-199.19866,3.85442
"2529",252.8,26.0179390909091,-199.136889908257,3.85453211009174
"2530",252.9,26.001091641791,-199.142913043478,3.85553260869565
"2531",253,26.0002661654135,-199.096982300885,3.85398230088496
"2532",253.1,26.0160928,-199.019340425532,3.85340425531915
"2533",253.2,26.0349035820896,-198.957326086957,3.855
"2534",253.3,26.0447072727273,-198.968792079208,3.855
"2535",253.4,26.0428336764706,-198.95925,3.855
"2536",253.5,26.0487582706767,-198.95037,3.85386
"2537",253.6,26.0347455223881,-198.94748,3.85414
"2538",253.7,26.0413095049505,-198.88868,3.855
"2539",253.8,26.0438781818182,-198.85771,3.85443
"2540",253.9,26.0476889552239,-198.82195,3.85343
"2541",254,26.057982406015,-198.79913,3.85357
"2542",254.1,26.0502564179104,-198.889831775701,3.85453271028037
"2543",254.2,26.0787098,-198.933961165049,3.855
"2544",254.3,26.051639924812,-198.896901098901,3.855
"2545",254.4,26.0267971641791,-198.8632,3.855
"2546",254.5,26.0357709774436,-198.795068965517,3.855
"2547",254.6,26.0207620895522,-198.698804597701,3.855
"2548",254.7,26.0348764661654,-198.663635416667,3.85444791666667
"2549",254.8,26.056714,-198.627590909091,3.85451818181818
"2550",254.9,26.060966119403,-198.590428571429,3.85603296703297
"2551",255,26.0108447727273,-198.56604,3.85588
"2552",255.1,26.0154611764706,-198.517990825688,3.85448623853211
"2553",255.2,26.066584887218,-198.536080808081,3.85447474747475
"2554",255.3,26.068238,-198.544351648352,3.855
"2555",255.4,26.0597197014925,-198.510970588235,3.855
"2556",255.5,26.0717611363636,-198.502240384615,3.85447115384615
"2557",255.6,26.0815594117647,-198.548457446809,3.85454255319149
"2558",255.7,26.0634752272727,-198.487413461538,3.85445192307692
"2559",255.8,26.0593002985075,-198.389472727273,3.854
"2560",255.9,26.0748487128713,-198.4035,3.856
"2561",256,26.0783860150376,-198.326417391304,3.85651304347826
"2562",256.1,26.0739917647059,-198.248658823529,3.855
"2563",256.2,26.0611375757576,-198.227909090909,3.855
"2564",256.3,26.0843371641791,-198.191,3.855
"2565",256.4,26.0523507518797,-198.153575757576,3.85442424242424
"2566",256.5,25.9992036,-198.20697029703,3.854
"2567",256.6,25.9940220895522,-198.27213,3.854
"2568",256.7,25.9960634090909,-198.206972477064,3.854
"2569",256.8,25.9980971641791,-198.139404255319,3.85451063829787
"2570",256.9,25.9913623308271,-198.131659793814,3.85444329896907
"2571",257,25.9924093,-198.14154,3.85457
"2572",257.1,25.9860634328358,-198.09457,3.85443
"2573",257.2,25.9714866666667,-198.036193277311,3.854
"2574",257.3,25.9675552941176,-198.03895,3.854
"2575",257.4,25.9508465413534,-198.016782178218,3.854
"2576",257.5,25.9475062686567,-197.97545,3.85457
"2577",257.6,25.9231675247525,-198.0089,3.855
"2578",257.7,25.943215,-197.98143,3.855
"2579",257.8,25.9879433823529,-197.942514851485,3.85387128712871
"2580",257.9,25.98185,-197.933272727273,3.85350909090909
"2581",258,25.9822710447761,-197.921484210526,3.854
"2582",258.1,25.9910094,-197.885939393939,3.854
"2583",258.2,25.9648405263158,-197.86396,3.854
"2584",258.3,25.9740008823529,-197.830663157895,3.85454736842105
"2585",258.4,25.9886570454545,-197.861158415842,3.85443564356436
"2586",258.5,25.9952132835821,-197.87113592233,3.854
"2587",258.6,26.005220075188,-197.849947368421,3.854
"2588",258.7,26.0222326,-197.820227722772,3.854
"2589",258.8,26.020751641791,-197.764188679245,3.85507547169811
"2590",258.9,26.045545112782,-197.709989361702,3.85491489361702
"2591",259,26.0377635820895,-197.696443396226,3.85453773584906
"2592",259.1,26.0357968181818,-197.722258064516,3.85445161290323
"2593",259.2,26.0214751485148,-197.691431192661,3.85453211009174
"2594",259.3,26.0100981818182,-197.616717391304,3.855
"2595",259.4,25.9966918796992,-197.53783,3.85443
"2596",259.5,25.986565,-197.52067,3.854
"2597",259.6,26.0119183333333,-197.51975,3.854
"2598",259.7,26.0155335294118,-197.53066,3.85343
"2599",259.8,26.0199812,-197.47347,3.853
"2600",259.9,26.0260431578947,-197.398247524752,3.85356435643564
"2601",260,26.0273733823529,-197.449,3.854
"2602",260.1,26.0296610526316,-197.474581395349,3.854
"2603",260.2,26.037887761194,-197.394490196078,3.854
"2604",260.3,26.0353161363636,-197.317747474747,3.854
"2605",260.4,26.0227751485149,-197.35881,3.85343
"2606",260.5,26.0235881818182,-197.34361,3.85357
"2607",260.6,26.0165022556391,-197.22402,3.85457
"2608",260.7,26.0400385074627,-197.210076923077,3.855
"2609",260.8,26.0473187878788,-197.287,3.85548192771084
"2610",260.9,26.0477271287129,-197.30264,3.85486
"2611",261,26.0442965151515,-197.25464,3.854
"2612",261.1,26.0390433834586,-197.218694444444,3.854
"2613",261.2,26.0657488235294,-197.215769230769,3.85453846153846
"2614",261.3,26.0784837878788,-197.19136,3.85442
"2615",261.4,26.0585173134328,-197.08986,3.854
"2616",261.5,26.0544167326733,-197.064435643564,3.854
"2617",261.6,26.0593271428571,-197.10068,3.85457
"2618",261.7,26.062798358209,-197.139217821782,3.85387128712871
"2619",261.8,26.0469957575758,-197.104428571429,3.85414285714286
"2620",261.9,26.0329386567164,-197.074633663366,3.85442574257426
"2621",262,26.0352433,-197.07602,3.854
"2622",262.1,26.0349678195489,-197.05974,3.854
"2623",262.2,26.0487958823529,-197.07138,3.85457
"2624",262.3,26.0417372727273,-197.01997029703,3.85443564356436
"2625",262.4,26.0516791176471,-196.968428571429,3.854
"2626",262.5,26.0730392424243,-196.981078431373,3.85456862745098
"2627",262.6,26.0780122772277,-196.9462,3.85453333333333
"2628",262.7,26.0607892424242,-196.927275862069,3.85524137931034
"2629",262.8,26.0485466917293,-196.931919191919,3.8560101010101
"2630",262.9,26.033317761194,-196.89,3.85445652173913
"2631",263,26.062892556391,-196.824018348624,3.854
"2632",263.1,26.075455,-196.818769230769,3.854
"2633",263.2,26.0676990909091,-196.853889908257,3.854
"2634",263.3,26.0515163157895,-196.885043010753,3.85452688172043
"2635",263.4,26.059915,-196.889323232323,3.85443434343434
"2636",263.5,26.0475051127819,-196.801485714286,3.85454285714286
"2637",263.6,26.0529002985075,-196.823536842105,3.855
"2638",263.7,26.0364701,-196.865944444444,3.85447222222222
"2639",263.8,26.0530320895522,-196.813658119658,3.854
"2640",263.9,26.0523111940298,-196.7724,3.854
"2641",264,26.0494047368421,-196.774201834862,3.854
"2642",264.1,26.0510929850746,-196.666382978723,3.854
"2643",264.2,26.0338127067669,-196.625783505155,3.85455670103093
"2644",264.3,26.0569419,-196.629801980198,3.85443564356436
"2645",264.4,26.0600910606061,-196.60195959596,3.85456565656566
"2646",264.5,26.0731896992481,-196.55655,3.85443
"2647",264.6,26.0609294029851,-196.502540540541,3.85554054054054
"2648",264.7,26.0426787218045,-196.525204545455,3.85595454545455
"2649",264.8,26.040815,-196.53896,3.85442
"2650",264.9,26.0392354545455,-196.46674,3.854
"2651",265,26.0312542105263,-196.426,3.854
"2652",265.1,26.0245325,-196.427689320388,3.85456310679612
"2653",265.2,25.9718852631579,-196.359257731959,3.855
"2654",265.3,25.9639143283582,-196.37792,3.85442
"2655",265.4,25.9913929,-196.386930693069,3.85457425742574
"2656",265.5,26.0035415037594,-196.385942857143,3.85445714285714
"2657",265.6,26.0104997014925,-196.361642105263,3.8529052631579
"2658",265.7,25.9876479699248,-196.333242424242,3.85315151515152
"2659",265.8,25.9979002985075,-196.330490196078,3.854
"2660",265.9,25.9897428,-196.335903225806,3.854
"2661",266,25.9811653383459,-196.345157894737,3.854
"2662",266.1,26.0044926865672,-196.351857142857,3.85457142857143
"2663",266.2,26.0198117293233,-196.3196,3.85444761904762
"2664",266.3,26.0349856716418,-196.274281553398,3.854
"2665",266.4,26.0307809022556,-196.277576923077,3.854
"2666",266.5,26.02843,-196.265477272727,3.854
"2667",266.6,26.035992238806,-196.218980392157,3.85343137254902
"2668",266.7,26.0234490909091,-196.144513761468,3.85351376146789
"2669",266.8,26.0069765671642,-196.134,3.854
"2670",266.9,26.0450542105263,-196.157229166667,3.854
"2671",267,26.0678526,-196.03655,3.854
"2672",267.1,26.0639476119403,-196.00317,3.85457
"2673",267.2,26.0533872727273,-195.993559322034,3.85403389830508
"2674",267.3,26.0491847058824,-195.972896551724,3.85344827586207
"2675",267.4,26.0384705263158,-196.018535714286,3.85446428571429
"2676",267.5,26.0608011940299,-196.02143373494,3.85548192771084
"2677",267.6,26.087638019802,-195.99247,3.85315
"2678",267.7,26.0641620300752,-195.987336633663,3.85269306930693
"2679",267.8,26.0230291044776,-195.929646464646,3.854
"2680",267.9,26.0501302255639,-195.8625,3.854
"2681",268,26.0605101492537,-195.894908045977,3.854
"2682",268.1,26.0802822,-195.900616161616,3.854
"2683",268.2,26.0998153383459,-195.80686,3.854
"2684",268.3,26.1090979104478,-195.766911764706,3.85455882352941
"2685",268.4,26.1007325,-195.738010204082,3.8544387755102
"2686",268.5,26.0995540298508,-195.697972727273,3.85503636363636
"2687",268.6,26.0908884210526,-195.679775280899,3.85494382022472
"2688",268.7,26.0793568,-195.723056603774,3.854
"2689",268.8,26.0900462686567,-195.72092,3.854
"2690",268.9,26.0880763636364,-195.66767368421,3.854
"2691",269,26.1089617647059,-195.665754716981,3.854
"2692",269.1,26.1137247368421,-195.64187628866,3.85452577319588
"2693",269.2,26.107721641791,-195.608659793814,3.85444329896907
"2694",269.3,26.1238353465347,-195.608766990291,3.85455339805825
"2695",269.4,26.1386441666667,-195.652168316832,3.85446534653465
"2696",269.5,26.1635025,-195.565989583333,3.85234375
"2697",269.6,26.1294910606061,-195.457212121212,3.85330303030303
"2698",269.7,26.1020620895522,-195.46964516129,3.85453225806452
"2699",269.8,26.1274072,-195.536897435897,3.854
"2700",269.9,26.1308810526316,-195.567,3.854
"2701",270,26.1392525,-195.524,3.854
"2702",270.1,26.1300257575758,-195.489900990099,3.85457425742574
"2703",270.2,26.12581,-195.456863636364,3.85448181818182
"2704",270.3,26.12425,-195.483344444444,3.854
"2705",270.4,26.1463012,-195.448504950495,3.85456435643564
"2706",270.5,26.1784149253731,-195.393262626263,3.85386868686869
"2707",270.6,26.1745347368421,-195.311,3.8535
"2708",270.7,26.1431270149254,-195.234860215054,3.854
"2709",270.8,26.1284527272727,-195.25152688172,3.854
"2710",270.9,26.1313708,-195.2314,3.854
"2711",271,26.1426562686567,-195.266360824742,3.85453608247423
"2712",271.1,26.1427272932331,-195.331,3.855
"2713",271.2,26.1300774626866,-195.31052,3.85444
"2714",271.3,26.1299114179104,-195.205754716981,3.854
"2715",271.4,26.1445376119403,-195.162659574468,3.85612765957447
"2716",271.5,26.1500702970297,-195.19506779661,3.85610169491525
"2717",271.6,26.1566580451128,-195.163253012048,3.854
"2718",271.7,26.1392414705882,-195.152222222222,3.854
"2719",271.8,26.1194590909091,-195.179782178218,3.854
"2720",271.9,26.1448111940299,-195.207690265487,3.854
"2721",272,26.1624157,-195.258046511628,3.85351162790698
"2722",272.1,26.1408681954887,-195.12996039604,3.85355445544554
"2723",272.2,26.0620153731343,-195.103602040816,3.854
"2724",272.3,26.0378118320611,-195.125705882353,3.85455882352941
"2725",272.4,26.0434864179105,-195.084932038835,3.85446601941748
"2726",272.5,26.0436805263158,-195.085094736842,3.85454736842105
"2727",272.6,26.0488112,-195.098719008264,3.85452892561984
"2728",272.7,26.0476113432836,-195.050333333333,3.854
"2729",272.8,26.0390875757576,-194.962459183673,3.854
"2730",272.9,26.0627572058824,-195.044801886792,3.85346226415094
"2731",273,26.0577427819549,-195.041047619048,3.853
"2732",273.1,26.0141732835821,-194.933029411765,3.85336764705882
"2733",273.2,26.0128785148515,-194.953390243902,3.854
"2734",273.3,26.0494415789474,-194.9686,3.8544
"2735",273.4,26.0291925,-194.943161290323,3.85552688172043
"2736",273.5,26.0411610606061,-194.88464,3.85488
"2737",273.6,26.0708705970149,-194.876490196078,3.854
"2738",273.7,26.03977,-194.809346153846,3.854
"2739",273.8,26.0588636363636,-194.781461538462,3.854
"2740",273.9,26.0565076470588,-194.828454545455,3.854
"2741",274,26.03623,-194.7572,3.85346
"2742",274.1,26.047217761194,-194.74228,3.85354
"2743",274.2,26.0835863636364,-194.784272727273,3.854
"2744",274.3,26.1211563366336,-194.790663366337,3.854
"2745",274.4,26.1202036363636,-194.79725,3.85303571428571
"2746",274.5,26.1532302255639,-194.740727272727,3.85295454545455
"2747",274.6,26.1773698507463,-194.706818181818,3.854
"2748",274.7,26.1504036363636,-194.648168316832,3.854
"2749",274.8,26.1452252475248,-194.617907563025,3.854
"2750",274.9,26.175213030303,-194.656,3.8535625
"2751",275,26.158579924812,-194.558185840708,3.85397345132743
"2752",275.1,26.1446117647059,-194.557431818182,3.85452272727273
"2753",275.2,26.1426364661654,-194.601509433962,3.854
"2754",275.3,26.148042238806,-194.59904,3.85352
"2755",275.4,26.152254,-194.6075,3.854
"2756",275.5,26.1576404477612,-194.627081632653,3.8544693877551
"2757",275.6,26.1802529850746,-194.584029126214,3.854
"2758",275.7,26.1725489473684,-194.552428571429,3.854
"2759",275.8,26.174792238806,-194.563017699115,3.854
"2760",275.9,26.1679684848485,-194.477930232558,3.85353488372093
"2761",276,26.1386464925373,-194.473391304348,3.85346956521739
"2762",276.1,26.1698313636364,-194.503032608696,3.854
"2763",276.2,26.1454455639098,-194.471,3.854
"2764",276.3,26.123867761194,-194.466795918367,3.85562244897959
"2765",276.4,26.1057431060606,-194.430476190476,3.85542857142857
"2766",276.5,26.100427029703,-194.401132075472,3.854
"2767",276.6,26.0910360606061,-194.424,3.854
"2768",276.7,26.1215660150376,-194.442825581395,3.854
"2769",276.8,26.1564717647059,-194.3867,3.854
"2770",276.9,26.1512978787879,-194.41804,3.854
"2771",277,26.1062844776119,-194.449495238095,3.854
"2772",277.1,26.1000689108911,-194.39889010989,3.854
"2773",277.2,26.1083769172932,-194.299192307692,3.85454807692308
"2774",277.3,26.1004105970149,-194.246270833333,3.85444791666667
"2775",277.4,26.1245657142857,-194.20896039604,3.854
"2776",277.5,26.1297379104478,-194.266454545455,3.854
"2777",277.6,26.0802876767677,-194.24521,3.854
"2778",277.7,26.0928371641791,-194.1136,3.854
"2779",277.8,26.1066944776119,-194.082881188119,3.85456435643564
"2780",277.9,26.1171415037594,-194.111444444444,3.855
"2781",278,26.1201423529412,-194.15349,3.85443
"2782",278.1,26.1112263157895,-194.2008,3.854
"2783",278.2,26.1033029,-194.172851485148,3.854
"2784",278.3,26.1137518181818,-194.143090909091,3.85230303030303
"2785",278.4,26.137889924812,-194.14985,3.85271
"2786",278.5,26.1790674626866,-194.07904,3.854
"2787",278.6,26.1699889473684,-194.004512820513,3.854
"2788",278.7,26.115134,-194.038418604651,3.854
"2789",278.8,26.1088021212121,-194.143979591837,3.854
"2790",278.9,26.1456018796992,-194.040076923077,3.854
"2791",279,26.15737,-193.988266055046,3.854
"2792",279.1,26.13073,-194.043894736842,3.854
"2793",279.2,26.1183465671642,-194.004782608696,3.85452173913044
"2794",279.3,26.121681,-193.955060606061,3.85443434343434
"2795",279.4,26.1511011940299,-193.922792079208,3.854
"2796",279.5,26.1721029850746,-193.86256,3.854
"2797",279.6,26.1623221804511,-193.842841584158,3.854
"2798",279.7,26.1874117910448,-193.86619047619,3.854
"2799",279.8,26.2253105,-193.865263157895,3.85347368421053
"2800",279.9,26.214869924812,-193.803222222222,3.85355555555556
"2801",280,26.1853393939394,-193.78804950495,3.854
"2802",280.1,26.198592406015,-193.802279661017,3.85446610169492
"2803",280.2,26.1681657352941,-193.79185,3.8545375
"2804",280.3,26.1739212030075,-193.754323529412,3.854
"2805",280.4,26.1733476,-193.7274,3.854
"2806",280.5,26.2046221212122,-193.7233,3.854
"2807",280.6,26.1858139097744,-193.670224299065,3.854
"2808",280.7,26.1765940298507,-193.686903225806,3.854
"2809",280.8,26.1916121804511,-193.6549,3.854
"2810",280.9,26.1961394,-193.635486238532,3.85349541284404
"2811",281,26.172041969697,-193.67187628866,3.85347422680412
"2812",281.1,26.1770453383459,-193.676129032258,3.85452688172043
"2813",281.2,26.1920526865672,-193.60192,3.85332
"2814",281.3,26.1865527067669,-193.55768,3.85312
"2815",281.4,26.1870804477612,-193.55804,3.854
"2816",281.5,26.1647875247525,-193.55904,3.854
"2817",281.6,26.1832506766917,-193.5725,3.854
"2818",281.7,26.1989913432836,-193.588195402299,3.854
"2819",281.8,26.1881457142857,-193.572588235294,3.85455882352941
"2820",281.9,26.1805542647059,-193.53655,3.85445
"2821",282,26.1909796240602,-193.493555555556,3.854
"2822",282.1,26.1850744,-193.447898989899,3.85286868686869
"2823",282.2,26.1661734328358,-193.47333,3.85428
"2824",282.3,26.1751016666667,-193.463459459459,3.85497297297297
"2825",282.4,26.1920482089552,-193.478719101124,3.854
"2826",282.5,26.1941787218045,-193.508441176471,3.854
"2827",282.6,26.1955867,-193.465777777778,3.854
"2828",282.7,26.2024404477612,-193.470613861386,3.854
"2829",282.8,26.2225740909091,-193.4469,3.854
"2830",282.9,26.2357271641791,-193.436304347826,3.854
"2831",283,26.2125517293233,-193.472659574468,3.85485106382979
"2832",283.1,26.1985217910448,-193.441549450549,3.85397802197802
"2833",283.2,26.2165805940594,-193.3669,3.8531
"2834",283.3,26.2127052631579,-193.418693877551,3.854
"2835",283.4,26.2018505970149,-193.411584158416,3.854
"2836",283.5,26.2381139097744,-193.359663366337,3.854
"2837",283.6,26.2545617910448,-193.389009259259,3.854
"2838",283.7,26.2519294,-193.40567032967,3.854
"2839",283.8,26.2887605263158,-193.358101010101,3.85343434343434
"2840",283.9,26.3093917910448,-193.3404,3.85357
"2841",284,26.2691872727273,-193.375524752475,3.85343564356436
"2842",284.1,26.2338679411765,-193.406747474747,3.85526262626263
"2843",284.2,26.2620165413534,-193.32494,3.85529
"2844",284.3,26.2784013,-193.230475247525,3.854
"2845",284.4,26.2685974626866,-193.20608,3.854
"2846",284.5,26.2637803030303,-193.19796,3.854
"2847",284.6,26.24465,-193.15984,3.854
"2848",284.7,26.2551369172932,-193.13804,3.854
"2849",284.8,26.3041898,-193.154444444444,3.85343434343434
"2850",284.9,26.3325982089552,-193.147633663366,3.85356435643564
"2851",285,26.3043922727273,-193.135,3.85566336633663
"2852",285.1,26.3192723529412,-193.124196428571,3.85454464285714
"2853",285.2,26.31328,-193.131,3.853
"2854",285.3,26.3497113432836,-193.093128712871,3.854
"2855",285.4,26.3527396039604,-193.04664,3.854
"2856",285.5,26.3297490977444,-192.986303030303,3.85343434343434
"2857",285.6,26.3215682352941,-192.984357798165,3.853
"2858",285.7,26.2983313636364,-192.96492,3.85348
"2859",285.8,26.3006670588235,-192.911391304348,3.854
"2860",285.9,26.2900581954887,-192.936633663366,3.854
"2861",286,26.2890059,-192.962913043478,3.85352173913044
"2862",286.1,26.3035467164179,-192.988612903226,3.853
"2863",286.2,26.3236996969697,-192.998825688073,3.85343119266055
"2864",286.3,26.309125,-192.970024096386,3.854
"2865",286.4,26.3105413636364,-192.954476190476,3.854
"2866",286.5,26.314623,-192.957157894737,3.854
"2867",286.6,26.2897197014926,-192.954888888889,3.854
"2868",286.7,26.3179805263158,-192.92552,3.85344
"2869",286.8,26.3066962686567,-192.950343434343,3.85356565656566
"2870",286.9,26.3216995454545,-192.941256410256,3.854
"2871",287,26.2929864179104,-192.834673469388,3.85195918367347
"2872",287.1,26.3039995049505,-192.745075471698,3.85098113207547
"2873",287.2,26.3215791729323,-192.743666666667,3.854
"2874",287.3,26.326495,-192.795333333333,3.854
"2875",287.4,26.3481851515152,-192.807333333333,3.854
"2876",287.5,26.3475262686567,-192.772068965517,3.854
"2877",287.6,26.3385031,-192.729,3.8535
"2878",287.7,26.3347056390977,-192.7195,3.853
"2879",287.8,26.3195007462687,-192.730948979592,3.8535612244898
"2880",287.9,26.3074177272727,-192.692574257426,3.85343564356436
"2881",288,26.3224920588235,-192.697438596491,3.853
"2882",288.1,26.3451252631579,-192.697279069767,3.85348837209302
"2883",288.2,26.3384724,-192.65531372549,3.854
"2884",288.3,26.3516274626866,-192.662917525773,3.854
"2885",288.4,26.3317068181818,-192.659891089109,3.854
"2886",288.5,26.3308698529412,-192.64741509434,3.85347169811321
"2887",288.6,26.3141931818182,-192.688,3.853
"2888",288.7,26.2983845,-192.682659574468,3.85353191489362
"2889",288.8,26.2591892537313,-192.588843137255,3.85345098039216
"2890",288.9,26.2479215037594,-192.571608247423,3.85355670103093
"2891",289,26.2423670149254,-192.63931,3.85457
"2892",289.1,26.24909,-192.63339,3.85443
"2893",289.2,26.2322052238806,-192.593534653465,3.854
"2894",289.3,26.2428834653465,-192.598313131313,3.854
"2895",289.4,26.2463587218045,-192.585205882353,3.854
"2896",289.5,26.2862670588235,-192.642444444444,3.854
"2897",289.6,26.2657110526316,-192.71096,3.854
"2898",289.7,26.2468308955224,-192.63008,3.854
"2899",289.8,26.2666590977444,-192.62708,3.85344
"2900",289.9,26.2778607920792,-192.73388,3.853
"2901",290,26.2523065151515,-192.70588,3.853
"2902",290.1,26.2452569924812,-192.61248,3.85356
"2903",290.2,26.2806650746269,-192.585896551724,3.854
"2904",290.3,26.2641488636364,-192.539843373494,3.854
"2905",290.4,26.2422792079208,-192.47314953271,3.85346728971963
"2906",290.5,26.2298363636364,-192.475210526316,3.853
"2907",290.6,26.2558478195489,-192.46435,3.853
"2908",290.7,26.2651147761194,-192.44775,3.853
"2909",290.8,26.267854962406,-192.406634615385,3.853
"2910",290.9,26.2682841791045,-192.355621359223,3.85250485436893
"2911",291,26.282392,-192.415,3.85302127659574
"2912",291.1,26.2648029850746,-192.354288659794,3.854
"2913",291.2,26.2621802985075,-192.323237623762,3.854
"2914",291.3,26.2560371641791,-192.351282828283,3.85343434343434
"2915",291.4,26.2900402985075,-192.320682692308,3.853
"2916",291.5,26.278521010101,-192.310961538462,3.85350961538462
"2917",291.6,26.2545258208955,-192.236565217391,3.854
"2918",291.7,26.2436913636364,-192.223227722772,3.85343564356436
"2919",291.8,26.2564543181818,-192.221186440678,3.85252542372881
"2920",291.9,26.2788467647059,-192.175061728395,3.85246913580247
"2921",292,26.2489236363636,-192.169,3.8535
"2922",292.1,26.2734733663366,-192.16720212766,3.85354255319149
"2923",292.2,26.3007154545455,-192.211569892473,3.853
"2924",292.3,26.3060166165413,-192.26032,3.853
"2925",292.4,26.305917761194,-192.19902970297,3.85355445544554
"2926",292.5,26.2960633333333,-192.194962962963,3.854
"2927",292.6,26.2969237623762,-192.244450549451,3.854
"2928",292.7,26.3130083333333,-192.248283018868,3.854
"2929",292.8,26.3130714285714,-192.225277227723,3.8530099009901
"2930",292.9,26.3011411940299,-192.131666666667,3.85305376344086
"2931",293,26.2621686466165,-192.125917431193,3.854
"2932",293.1,26.2862007462686,-192.143891089109,3.854
"2933",293.2,26.2638751,-192.144912087912,3.85349450549451
"2934",293.3,26.2923871111111,-192.150010204082,3.8535612244898
"2935",293.4,26.2836758208955,-192.220558823529,3.85344117647059
"2936",293.5,26.3076306015038,-192.192226415094,3.853
"2937",293.6,26.2883982352941,-192.101157894737,3.85351578947368
"2938",293.7,26.2818247368421,-192.113793814433,3.854
"2939",293.8,26.2772301010101,-192.12,3.85208403361345
"2940",293.9,26.2659854545455,-192.031951219512,3.85139024390244
"2941",294,26.277277593985,-191.901722772277,3.85355445544555
"2942",294.1,26.2518728358209,-191.899263157895,3.854
"2943",294.2,26.2617061654135,-191.910988372093,3.854
"2944",294.3,26.277715,-191.896681034483,3.85447413793103
"2945",294.4,26.2743733333333,-191.834975609756,3.8545243902439
"2946",294.5,26.2796367669173,-191.759169811321,3.854
"2947",294.6,26.2776368656716,-191.761884210526,3.85346315789474
"2948",294.7,26.292382631579,-191.769606060606,3.85243434343434
"2949",294.8,26.2958720895522,-191.732911764706,3.85423529411765
"2950",294.9,26.3126064,-191.79345,3.85435
"2951",295,26.3147534328358,-191.796111111111,3.85355555555556
"2952",295.1,26.3008011940298,-191.79588,3.85344
"2953",295.2,26.3123362406015,-191.747514851485,3.85355445544554
"2954",295.3,26.3211773134328,-191.679,3.854
"2955",295.4,26.3460044444444,-191.71903960396,3.854
"2956",295.5,26.3635557462687,-191.750644230769,3.854
"2957",295.6,26.3479466666667,-191.758968085106,3.85345744680851
"2958",295.7,26.3398803007519,-191.716594059406,3.85469306930693
"2959",295.8,26.3415529411765,-191.666,3.85544
"2960",295.9,26.3370330827068,-191.648,3.854
"2961",296,26.3457955,-191.641,3.853
"2962",296.1,26.3436428358209,-191.66096039604,3.853
"2963",296.2,26.3309766666667,-191.636807692308,3.85352884615385
"2964",296.3,26.3442546268657,-191.63021875,3.8529375
"2965",296.4,26.3519821052632,-191.627743119266,3.85250458715596
"2966",296.5,26.3385976,-191.657265306122,3.8534693877551
"2967",296.6,26.3287785074627,-191.713652173913,3.854
"2968",296.7,26.3349812878788,-191.637387387387,3.854
"2969",296.8,26.3547175,-191.599325842697,3.85349438202247
"2970",296.9,26.3407765909091,-191.520435643564,3.853
"2971",297,26.3023605970149,-191.4989,3.853
"2972",297.1,26.3053225742574,-191.569777777778,3.853
"2973",297.2,26.2898014285714,-191.501414141414,3.853
"2974",297.3,26.2694994117647,-191.468176470588,3.853
"2975",297.4,26.2896666666667,-191.460333333333,3.85355555555556
"2976",297.5,26.3043770588235,-191.38012,3.85344
"2977",297.6,26.2983212781955,-191.31796,3.853
"2978",297.7,26.28969,-191.33884,3.85356
"2979",297.8,26.2970182089552,-191.3306,3.854
"2980",297.9,26.3197666666667,-191.274,3.85344
"2981",298,26.3158047761194,-191.239801980198,3.853
"2982",298.1,26.2991613533835,-191.216111111111,3.853
"2983",298.2,26.3001736,-191.247693069307,3.853
"2984",298.3,26.2813104477612,-191.2193,3.853
"2985",298.4,26.3033866666667,-191.171811881188,3.85354455445545
"2986",298.5,26.3344913432836,-191.228513513514,3.85351351351351
"2987",298.6,26.3000156390977,-191.222943181818,3.85251136363636
"2988",298.7,26.2814855223881,-191.113905172414,3.85247413793103
"2989",298.8,26.2683266336634,-191.113285714286,3.853
"2990",298.9,26.2942530827068,-191.101222222222,3.853
"2991",299,26.2982576470588,-191.121495412844,3.853
"2992",299.1,26.2901466666667,-191.128989010989,3.853
"2993",299.2,26.2809265671642,-191.094888888889,3.85356565656566
"2994",299.3,26.2917606,-191.06783,3.854
"2995",299.4,26.3076372180451,-191.020147058824,3.854
"2996",299.5,26.3123094029851,-191.023888888889,3.854
"2997",299.6,26.303846969697,-191.03276,3.85232
"2998",299.7,26.3287498529412,-191.03436,3.85212
"2999",299.8,26.3219069172932,-191.01964,3.853
"3000",299.9,26.3306088,-191.018752475248,3.853
"3001",300,26.3101811940298,-191.081193877551,3.853
"3002",300.1,26.324821969697,-191.049352941176,3.853
"3003",300.2,26.3428864705882,-191.053734693878,3.8524387755102
"3004",300.3,26.3307598484848,-190.963732673267,3.85256435643564
"3005",300.4,26.3113749,-190.929633663366,3.853
"3006",300.5,26.3185067164179,-190.969666666667,3.853
"3007",300.6,26.2958913533835,-190.94268,3.853
"3008",300.7,26.3042935820896,-190.899732673267,3.853
"3009",300.8,26.3202509090909,-190.869111111111,3.853
"3010",300.9,26.333238358209,-190.87099009901,3.853
"3011",301,26.3131957425743,-190.863888888889,3.853
"3012",301.1,26.321507593985,-190.84501980198,3.853
"3013",301.2,26.3515777941177,-190.8282,3.853
"3014",301.3,26.3123787121212,-190.805648648649,3.853
"3015",301.4,26.3070783823529,-190.780215686275,3.853
"3016",301.5,26.3120336842105,-190.774653061225,3.85410204081633
"3017",301.6,26.2912152,-190.73176,3.85388
"3018",301.7,26.2694243283582,-190.69028,3.853
"3019",301.8,26.2677103759398,-190.70684,3.853
"3020",301.9,26.2687826865672,-190.77272,3.853
"3021",302,26.2750303030303,-190.811,3.853
"3022",302.1,26.2795972,-190.801466666667,3.85343333333333
"3023",302.2,26.2981826865672,-190.719623762376,3.85351485148515
"3024",302.3,26.2936207518797,-190.681612903226,3.853
"3025",302.4,26.3162950746269,-190.7073,3.853
"3026",302.5,26.3090736363636,-190.736588235294,3.85353921568627
"3027",302.6,26.2869117910448,-190.749333333333,3.85203703703704
"3028",302.7,26.2895197029703,-190.803880434783,3.85146739130435
"3029",302.8,26.2926546616541,-190.80787628866,3.853
"3030",302.9,26.3179373529412,-190.774613861386,3.853
"3031",303,26.3082186363636,-190.782111111111,3.853
"3032",303.1,26.3092855223881,-190.793178217822,3.85355445544554
"3033",303.2,26.300916,-190.763777777778,3.85344444444444
"3034",303.3,26.3087217293233,-190.708811881188,3.853
"3035",303.4,26.3277985074627,-190.690769230769,3.853
"3036",303.5,26.3227704545455,-190.670243902439,3.853
"3037",303.6,26.2856552941176,-190.65592,3.853
"3038",303.7,26.2592647368421,-190.562524752475,3.853
"3039",303.8,26.2510331,-190.51085,3.853
"3040",303.9,26.2647049253731,-190.506444444444,3.853
"3041",304,26.2568952631579,-190.519267326733,3.853
"3042",304.1,26.2583219402985,-190.528985611511,3.853
"3043",304.2,26.2563963636364,-190.502015384615,3.853
"3044",304.3,26.2585618811881,-190.526776785714,3.853
"3045",304.4,26.2830254545455,-190.565571428571,3.85346428571429
"3046",304.5,26.2746331578947,-190.568666666667,3.85288888888889
"3047",304.6,26.2764589552239,-190.551014084507,3.85239436619718
"3048",304.7,26.2537384210526,-190.525829457364,3.853
"3049",304.8,26.249006119403,-190.510325581395,3.853
"3050",304.9,26.2470407,-190.532791666667,3.853
"3051",305,26.2229338059701,-190.519,3.853
"3052",305.1,26.2351010447761,-190.5033,3.85355
"3053",305.2,26.251140075188,-190.501886792453,3.85348113207547
"3054",305.3,26.2637302941176,-190.430086021505,3.853
"3055",305.4,26.2568477272727,-190.42128,3.85244
"3056",305.5,26.251565049505,-190.4606,3.852
"3057",305.6,26.2504566666667,-190.462853211009,3.85251376146789
"3058",305.7,26.2835572932331,-190.488032967033,3.853
"3059",305.8,26.2965725373134,-190.54644,3.853
"3060",305.9,26.302217593985,-190.553118811881,3.85355445544554
"3061",306,26.302528,-190.5269,3.854
"3062",306.1,26.3195327272727,-190.491958333333,3.85354166666667
"3063",306.2,26.3083052631579,-190.4279375,3.853
"3064",306.3,26.3011773134328,-190.40025,3.853
"3065",306.4,26.3069331578947,-190.426542056075,3.85248598130841
"3066",306.5,26.2974932835821,-190.36570212766,3.85251063829787
"3067",306.6,26.2976848,-190.402545454545,3.853
"3068",306.7,26.3043763157895,-190.416717948718,3.853
"3069",306.8,26.3200780597015,-190.327071428571,3.853
"3070",306.9,26.3312936842105,-190.324827586207,3.853
"3071",307,26.3374125373134,-190.360505617978,3.853
"3072",307.1,26.2937626262626,-190.376263157895,3.853
"3073",307.2,26.3119731343284,-190.372857142857,3.853
"3074",307.3,26.3438389552239,-190.286886956522,3.853
"3075",307.4,26.3380105263158,-190.222558139535,3.853
"3076",307.5,26.3016297058823,-190.243676470588,3.853
"3077",307.6,26.3164627272727,-190.250224489796,3.853
"3078",307.7,26.3204915841584,-190.246574257426,3.853
"3079",307.8,26.3105831818182,-190.24712,3.853
"3080",307.9,26.3099884210526,-190.29834,3.853
"3081",308,26.3086856716418,-190.274545454545,3.853
"3082",308.1,26.2992710526316,-190.256652173913,3.85347826086957
"3083",308.2,26.3103594,-190.226861386139,3.85348514851485
"3084",308.3,26.3427090909091,-190.210914285714,3.85251428571429
"3085",308.4,26.3401615037594,-190.213153846154,3.85244230769231
"3086",308.5,26.3609589552239,-190.140137931034,3.853
"3087",308.6,26.3466023308271,-190.175752475248,3.853
"3088",308.7,26.349243880597,-190.20468,3.853
"3089",308.8,26.332582,-190.243979591837,3.853
"3090",308.9,26.3117380597015,-190.262366336634,3.85355445544554
"3091",309,26.3261486567164,-190.187125,3.854
"3092",309.1,26.3063294736842,-190.127174757282,3.85358252427184
"3093",309.2,26.3041176470588,-190.149941176471,3.853
"3094",309.3,26.3280864661654,-190.22345,3.8541
"3095",309.4,26.3167653,-190.159633663366,3.85445544554455
"3096",309.5,26.3098531818182,-189.9799,3.85346
"3097",309.6,26.3079210526316,-189.932216216216,3.853
"3098",309.7,26.3091767164179,-189.962,3.853
"3099",309.8,26.3278063157895,-190.03405,3.853
"3100",309.9,26.309433,-190.1216,3.85355
"3101",310,26.2830109090909,-190.0801,3.85345
"3102",310.1,26.2926234586466,-190.044342342342,3.853
"3103",310.2,26.2952441791045,-190.038269662921,3.853
"3104",310.3,26.2989236090226,-190.009555555556,3.85577777777778
"3105",310.4,26.2952391044776,-190.002859813084,3.85485981308411
"3106",310.5,26.3332872,-190.014442105263,3.85251578947368
"3107",310.6,26.3288365413534,-190.026363636364,3.853
"3108",310.7,26.337211641791,-189.98198019802,3.853
"3109",310.8,26.3260990977444,-189.9676,3.853
"3110",310.9,26.3233095522388,-189.9293,3.85354
"3111",311,26.2886563636364,-189.84266,3.85346
"3112",311.1,26.2703535074627,-189.84024,3.853
"3113",311.2,26.2827450746269,-189.858836734694,3.853
"3114",311.3,26.2950857142857,-189.820851851852,3.853
"3115",311.4,26.3062830882353,-189.815461538462,3.85253846153846
"3116",311.5,26.3257421052632,-189.787031578947,3.85246315789474
"3117",311.6,26.3277904,-189.722547368421,3.853
"3118",311.7,26.3250884848485,-189.693454545455,3.853
"3119",311.8,26.3048018045113,-189.754111111111,3.853
"3120",311.9,26.3040056716418,-189.768448275862,3.853
"3121",312,26.3218037593985,-189.708117647059,3.853
"3122",312.1,26.2934583,-189.7258,3.85355
"3123",312.2,26.2641001492537,-189.74145,3.85455
"3124",312.3,26.2827403030303,-189.7729,3.85445
"3125",312.4,26.3026801492537,-189.707333333333,3.85344444444444
"3126",312.5,26.3193085714286,-189.61368627451,3.853
"3127",312.6,26.3001874626866,-189.56568,3.853
"3128",312.7,26.3033500990099,-189.578818181818,3.853
"3129",312.8,26.2918231578947,-189.57497029703,3.853
"3130",312.9,26.2978713432836,-189.571,3.853
"3131",313,26.3029616541353,-189.555818181818,3.853
"3132",313.1,26.3200969117647,-189.511307692308,3.853
"3133",313.2,26.3074994736842,-189.53134375,3.8540625
"3134",313.3,26.313292,-189.4974,3.85335
"3135",313.4,26.3361243283582,-189.443886792453,3.85251886792453
"3136",313.5,26.33551,-189.542127659575,3.853
"3137",313.6,26.3020853731344,-189.556584158416,3.853
"3138",313.7,26.2900556390977,-189.478454545455,3.853
"3139",313.8,26.2949704477612,-189.4394,3.85355
"3140",313.9,26.261303960396,-189.411643564356,3.85345544554455
"3141",314,26.2822700757576,-189.417327272727,3.853
"3142",314.1,26.2971862686567,-189.403044444444,3.85348888888889
"3143",314.2,26.3312135338346,-189.408545454545,3.85345454545455
"3144",314.3,26.3397468656716,-189.476222222222,3.853
"3145",314.4,26.3367456,-189.385921568627,3.853
"3146",314.5,26.3189127272727,-189.327636363636,3.853
"3147",314.6,26.2912250746269,-189.37225,3.853
"3148",314.7,26.290784962406,-189.336524752475,3.853
"3149",314.8,26.319728358209,-189.310272727273,3.853
"3150",314.9,26.3341235,-189.29403960396,3.853
"3151",315,26.3250936090226,-189.293816513761,3.85250458715596
"3152",315.1,26.3354291044776,-189.3685,3.8525
"3153",315.2,26.3431365413534,-189.389782178218,3.85408910891089
"3154",315.3,26.328725882353,-189.310181818182,3.85390909090909
"3155",315.4,26.329545112782,-189.267,3.853
"3156",315.5,26.3280113,-189.273969072165,3.853
"3157",315.6,26.33838,-189.247,3.853
"3158",315.7,26.3345051515152,-189.238165137615,3.853
"3159",315.8,26.3493198507463,-189.180162162162,3.853
"3160",315.9,26.348987518797,-189.1425625,3.8534375
"3161",316,26.3327023880597,-189.2551,3.85345
"3162",316.1,26.3268685148515,-189.195666666667,3.85133333333333
"3163",316.2,26.3747293939394,-189.155732673267,3.85166336633663
"3164",316.3,26.3888164705882,-189.125327433628,3.853
"3165",316.4,26.392033030303,-189.117909090909,3.853
"3166",316.5,26.3958897014925,-189.114727272727,3.853
"3167",316.6,26.4264201,-189.094,3.853
"3168",316.7,26.4204768421053,-189.0317,3.853
"3169",316.8,26.4323547058823,-189.066555555555,3.853
"3170",316.9,26.441086969697,-189.12703960396,3.853
"3171",317,26.4056958823529,-189.08735,3.853
"3172",317.1,26.405722631579,-189.042405940594,3.85136633663366
"3173",317.2,26.4192731,-189.01938,3.85162
"3174",317.3,26.4047504477612,-189.048584070796,3.853
"3175",317.4,26.4139518181818,-189.084356321839,3.853
"3176",317.5,26.4346582352941,-189.00978,3.853
"3177",317.6,26.4264784848485,-188.93212,3.853
"3178",317.7,26.438146,-188.922,3.85354
"3179",317.8,26.4276840298507,-188.90256,3.85346
"3180",317.9,26.4332559090909,-188.924020408163,3.853
"3181",318,26.4437347058824,-188.948411764706,3.85245098039216
"3182",318.1,26.4582745454545,-188.980155963303,3.852
"3183",318.2,26.4339305970149,-188.934774193548,3.85248387096774
"3184",318.3,26.4178286138614,-188.846536082474,3.853
"3185",318.4,26.3903661363636,-188.862047169811,3.853
"3186",318.5,26.3667370588235,-188.859319148936,3.853
"3187",318.6,26.3735220454545,-188.843444444444,3.85244444444445
"3188",318.7,26.3857467164179,-188.773237288136,3.85247457627119
"3189",318.8,26.3634014,-188.734,3.853
"3190",318.9,26.3543434586466,-188.775111111111,3.853
"3191",319,26.3804710294118,-188.784705882353,3.85441176470588
"3192",319.1,26.3557679545455,-188.780722891566,3.856
"3193",319.2,26.3404655882353,-188.765163265306,3.85434693877551
"3194",319.3,26.3234528571429,-188.713981818182,3.853
"3195",319.4,26.343058,-188.7179375,3.853
"3196",319.5,26.3572720895522,-188.738914893617,3.853
"3197",319.6,26.3553704545455,-188.758108910891,3.853
"3198",319.7,26.3400023529412,-188.799099009901,3.853
"3199",319.8,26.3612781818182,-188.773181818182,3.853
"3200",319.9,26.3739508955224,-188.777,3.853
"3201",320,26.3731983168317,-188.75705,3.85355
"3202",320.1,26.350317518797,-188.7073,3.85345
"3203",320.2,26.370286119403,-188.690366336634,3.853
"3204",320.3,26.3919372727273,-188.713631578947,3.853
"3205",320.4,26.4368686764706,-188.727352941176,3.853
"3206",320.5,26.4132312121212,-188.6735,3.853
"3207",320.6,26.4372870149254,-188.609871287129,3.85245544554455
"3208",320.7,26.4640601492537,-188.605363636364,3.85254545454545
"3209",320.8,26.4662566165414,-188.5965,3.853
"3210",320.9,26.4768041176471,-188.5949,3.853
"3211",321,26.4715966666667,-188.5999,3.8519
"3212",321.1,26.4646963366337,-188.575,3.85155555555556
"3213",321.2,26.4750004545455,-188.60332,3.85256
"3214",321.3,26.4486290225564,-188.651470588235,3.853
"3215",321.4,26.4516468656716,-188.64772,3.853
"3216",321.5,26.4716477272727,-188.570183673469,3.853
"3217",321.6,26.4716431343284,-188.559161616162,3.85243434343434
"3218",321.7,26.4599171287129,-188.524534653465,3.85256435643564
"3219",321.8,26.4642464661654,-188.455168141593,3.853
"3220",321.9,26.4899853731343,-188.438443181818,3.853
"3221",322,26.4663377272727,-188.471,3.85244444444444
"3222",322.1,26.4639374626866,-188.42108,3.85256
"3223",322.2,26.4578152,-188.423435643564,3.853
"3224",322.3,26.4343364661654,-188.489285714286,3.853
"3225",322.4,26.4514925373134,-188.497631578947,3.853
"3226",322.5,26.422364962406,-188.445952380952,3.85247619047619
"3227",322.6,26.3910286363636,-188.408157894737,3.85252631578947
"3228",322.7,26.414031,-188.45115,3.85245
"3229",322.8,26.4241485714286,-188.40205,3.85255
"3230",322.9,26.4199482352941,-188.351111111111,3.85244444444444
"3231",323,26.4327769924812,-188.318534653465,3.85255445544554
"3232",323.1,26.4568556716418,-188.219920792079,3.853
"3233",323.2,26.4470931578947,-188.159183673469,3.853
"3234",323.3,26.4504658208955,-188.247559633027,3.853
"3235",323.4,26.4544157425743,-188.292861386139,3.853
"3236",323.5,26.4479022556391,-188.265301886792,3.85256603773585
"3237",323.6,26.4706746268657,-188.335588235294,3.85247058823529
"3238",323.7,26.4543302272727,-188.32345,3.853
"3239",323.8,26.4281352941177,-188.275708333333,3.85345833333333
"3240",323.9,26.4371260606061,-188.282074074074,3.85313580246913
"3241",324,26.4432538345865,-188.289846153846,3.85246153846154
"3242",324.1,26.4425410447761,-188.297467391304,3.853
"3243",324.2,26.4518266917293,-188.322358695652,3.853
"3244",324.3,26.4117980597015,-188.281888888889,3.853
"3245",324.4,26.4085429292929,-188.23722,3.853
"3246",324.5,26.4456145522388,-188.24588,3.853
"3247",324.6,26.4367832835821,-188.24412,3.853
"3248",324.7,26.4431909774436,-188.177882352941,3.853
"3249",324.8,26.4382092647059,-188.124783505155,3.85353608247423
"3250",324.9,26.4301086466165,-188.173188118812,3.85291089108911
"3251",325,26.45408,-188.2133,3.85254
"3252",325.1,26.4471090909091,-188.181882352941,3.853
"3253",325.2,26.4116181203007,-188.160588235294,3.853
"3254",325.3,26.3959295588235,-188.145208333333,3.853
"3255",325.4,26.427424887218,-188.087538461538,3.853
"3256",325.5,26.4538491044776,-188.122808510638,3.853
"3257",325.6,26.4237851,-188.124666666667,3.853
"3258",325.7,26.4206967669173,-188.095711340206,3.853
"3259",325.8,26.4413263636364,-188.11584,3.85138
"3260",325.9,26.4592303759398,-188.114,3.85163636363636
"3261",326,26.4832705970149,-188.05955,3.853
"3262",326.1,26.492415050505,-188.0095,3.853
"3263",326.2,26.4836814285714,-188.055769230769,3.853
"3264",326.3,26.451778358209,-188.067761904762,3.853
"3265",326.4,26.4532285714286,-188.068603960396,3.85193069306931
"3266",326.5,26.476447761194,-188.036161616162,3.85207070707071
"3267",326.6,26.4178126262626,-187.987818181818,3.853
"3268",326.7,26.4552174626866,-188.0038,3.853
"3269",326.8,26.4709559701493,-187.99001980198,3.85463366336633
"3270",326.9,26.4536928571429,-187.9584,3.85438
"3271",327,26.4421308823529,-187.927454545455,3.853
"3272",327.1,26.4503661654135,-187.922689655172,3.853
"3273",327.2,26.4284501492537,-187.900807228916,3.853
"3274",327.3,26.4751396,-187.899311926605,3.853
"3275",327.4,26.4762303759398,-187.896666666667,3.853
"3276",327.5,26.4737685074627,-187.899872727273,3.85250909090909
"3277",327.6,26.4836814285714,-187.877311111111,3.85248888888889
"3278",327.7,26.4928947761194,-187.783181818182,3.85354545454546
"3279",327.8,26.4818374,-187.804453781513,3.85446218487395
"3280",327.9,26.4722554545455,-187.845011235955,3.85419101123595
"3281",328,26.4728071641791,-187.820959183673,3.853
"3282",328.1,26.4868185714286,-187.779255319149,3.853
"3283",328.2,26.4845076119403,-187.8,3.853
"3284",328.3,26.480251,-187.797544554455,3.85189108910891
"3285",328.4,26.4643742857143,-187.752240384615,3.85152884615385
"3286",328.5,26.4688620895522,-187.805835051546,3.85252577319588
"3287",328.6,26.4328728571429,-187.818264150943,3.853
"3288",328.7,26.4368688059701,-187.781021276596,3.85248936170213
"3289",328.8,26.388631980198,-187.68966,3.85416
"3290",328.9,26.3540530075188,-187.67634,3.85438
"3291",329,26.3803959701493,-187.739403225806,3.853
"3292",329.1,26.3635543939394,-187.73656097561,3.853
"3293",329.2,26.3899091176471,-187.71964516129,3.85248387096774
"3294",329.3,26.3941174242424,-187.725089108911,3.852
"3295",329.4,26.4038988059702,-187.693272727273,3.85254545454545
"3296",329.5,26.3734981188119,-187.67798019802,3.853
"3297",329.6,26.3783806060606,-187.664545454545,3.853
"3298",329.7,26.4106231343284,-187.626666666667,3.85205982905983
"3299",329.8,26.3985357142857,-187.604626506024,3.8519156626506
"3300",329.9,26.3657476119403,-187.61345,3.853
"3301",330,26.362525,-187.65995,3.853
"3302",330.1,26.3462768181818,-187.672171171171,3.853
"3303",330.2,26.3367729850746,-187.678707865169,3.853
"3304",330.3,26.3750782706767,-187.663069306931,3.85354455445545
"3305",330.4,26.3789185074627,-187.621454545455,3.85345454545455
"3306",330.5,26.3862552,-187.605108910891,3.853
"3307",330.6,26.3752143609023,-187.59978,3.853
"3308",330.7,26.3969379411765,-187.580636363636,3.85245454545455
"3309",330.8,26.3998736363636,-187.52515,3.85255
"3310",330.9,26.4329885294118,-187.480990566038,3.853
"3311",331,26.4322971428571,-187.566515789474,3.85248421052632
"3312",331.1,26.4262976119403,-187.627040816327,3.85255102040816
"3313",331.2,26.4555769306931,-187.596058823529,3.85354901960784
"3314",331.3,26.4571366666667,-187.614363636364,3.85345454545455
"3315",331.4,26.446625,-187.591119266055,3.853
"3316",331.5,26.4240213636364,-187.583868131868,3.853
"3317",331.6,26.4626228358209,-187.565055555556,3.85452777777778
"3318",331.7,26.475066,-187.571706521739,3.85497826086957
"3319",331.8,26.4610271428571,-187.63095,3.8529
"3320",331.9,26.4372682352941,-187.558217821782,3.85254455445545
"3321",332,26.4400092424242,-187.508556521739,3.853
"3322",332.1,26.4308450746269,-187.540785714286,3.853
"3323",332.2,26.4388615,-187.549742574257,3.853
"3324",332.3,26.43413,-187.53768,3.853
"3325",332.4,26.4258955882353,-187.532961538462,3.853
"3326",332.5,26.4145327272727,-187.499142857143,3.85252380952381
"3327",332.6,26.4414576119403,-187.444703296703,3.852
"3328",332.7,26.433226,-187.37686,3.852
"3329",332.8,26.43266,-187.34202,3.85254
"3330",332.9,26.4422134328358,-187.36744,3.853
"3331",333,26.4599618181818,-187.394285714286,3.853
"3332",333.1,26.4683947058824,-187.356042553192,3.853
"3333",333.2,26.4674445112782,-187.258089108911,3.85245544554455
"3334",333.3,26.4859958208955,-187.279,3.85254545454545
"3335",333.4,26.4577821782178,-187.335089108911,3.853
"3336",333.5,26.473659469697,-187.288612244898,3.85189795918367
"3337",333.6,26.4606691176471,-187.274074766355,3.851
"3338",333.7,26.4526731060606,-187.226740384615,3.85194230769231
"3339",333.8,26.4490980597015,-187.208189189189,3.853
"3340",333.9,26.4500476,-187.291076923077,3.853
"3341",334,26.4411227272727,-187.212431372549,3.853
"3342",334.1,26.4277929411765,-187.177137931034,3.85253448275862
"3343",334.2,26.4479263636364,-187.157517241379,3.8515632183908
"3344",334.3,26.4240634328358,-187.1375,3.85153125
"3345",334.4,26.426945,-187.202252252252,3.8524954954955
"3346",334.5,26.4447077443609,-187.243020408163,3.85389795918367
"3347",334.6,26.4633441176471,-187.239415841584,3.855
"3348",334.7,26.4829509090909,-187.162098901099,3.85351648351648
"3349",334.8,26.4942176470588,-187.1637,3.852
"3350",334.9,26.4904812030075,-187.212981818182,3.85249090909091
"3351",335,26.501041641791,-187.192,3.85251111111111
"3352",335.1,26.4612143564356,-187.155909090909,3.85254545454545
"3353",335.2,26.4357857142857,-187.117757009346,3.85248598130841
"3354",335.3,26.4384158208955,-187.119063829787,3.852
"3355",335.4,26.4458356818182,-187.109545454545,3.852
"3356",335.5,26.4477388059702,-187.061310679612,3.85253398058252
"3357",335.6,26.4673128,-187.087,3.853
"3358",335.7,26.4498972180451,-187.035064516129,3.853
"3359",335.8,26.46555,-186.987841584158,3.853
"3360",335.9,26.4600895488722,-187.038363636364,3.85245454545455
"3361",336,26.457937761194,-187.048111111111,3.852
"3362",336.1,26.5080936363636,-187.048881188119,3.852
"3363",336.2,26.4752213533835,-187.015514851485,3.85254455445545
"3364",336.3,26.4454517647059,-187.035181818182,3.85245454545455
"3365",336.4,26.429795112782,-187.045415841584,3.85254455445545
"3366",336.5,26.4268498507463,-187.019477876106,3.8534778761062
"3367",336.6,26.4842806060606,-187.029164705882,3.85351764705882
"3368",336.7,26.4872296240602,-186.991871287129,3.85244554455446
"3369",336.8,26.4871632835821,-186.97197029703,3.85254455445545
"3370",336.9,26.4895978195489,-186.95784,3.85246
"3371",337,26.4656629411765,-186.956563636364,3.852
"3372",337.1,26.4738772727273,-187.02225,3.85245833333333
"3373",337.2,26.4828128358209,-187.019936170213,3.85248936170213
"3374",337.3,26.4981520588235,-186.91592,3.852
"3375",337.4,26.4624228571429,-186.845785046729,3.85300934579439
"3376",337.5,26.4603680597015,-186.821784482759,3.85278448275862
"3377",337.6,26.4544637121212,-186.853447368421,3.85140789473684
"3378",337.7,26.4571767164179,-186.864990654206,3.852
"3379",337.8,26.4338981818182,-186.821384615385,3.852
"3380",337.9,26.4619463909774,-186.79443373494,3.852
"3381",338,26.477358358209,-186.7915,3.8525
"3382",338.1,26.4878196992481,-186.811391752577,3.853
"3383",338.2,26.4798611940298,-186.848396226415,3.85248113207547
"3384",338.3,26.4765077777778,-186.889734042553,3.852
"3385",338.4,26.4806259701493,-186.98355,3.8531
"3386",338.5,26.4767629850746,-187.02905,3.854
"3387",338.6,26.481804887218,-186.8849,3.8529
"3388",338.7,26.5002594117647,-186.786586538462,3.852
"3389",338.8,26.4996681818182,-186.8135,3.85253125
"3390",338.9,26.4514270588235,-186.895669811321,3.853
"3391",339,26.4656532,-186.845180851064,3.85247872340426
"3392",339.1,26.4951122556391,-186.86625,3.8531
"3393",339.2,26.5105341791045,-186.840475247525,3.85345544554455
"3394",339.3,26.5063968656716,-186.737060869565,3.853
"3395",339.4,26.5035302985075,-186.759678571429,3.853
"3396",339.5,26.4965405050505,-186.759227722772,3.85245544554455
"3397",339.6,26.5083907518797,-186.763,3.852
"3398",339.7,26.5144898507463,-186.730941176471,3.852
"3399",339.8,26.4820272727273,-186.683072164948,3.852
"3400",339.9,26.4863740298507,-186.70985,3.852
"3401",340,26.4706306060606,-186.678722772277,3.85254455445545
"3402",340.1,26.5014671641791,-186.62528,3.853
"3403",340.2,26.4893928358209,-186.679816326531,3.85244897959184
"3404",340.3,26.5124670676692,-186.710137254902,3.852
"3405",340.4,26.5090889552239,-186.70974,3.85146
"3406",340.5,26.518405959596,-186.713578947368,3.85147368421053
"3407",340.6,26.48872,-186.702941176471,3.852
"3408",340.7,26.473996969697,-186.66881981982,3.852
"3409",340.8,26.4811821052632,-186.644865168539,3.852
"3410",340.9,26.4687730882353,-186.649376237624,3.852
"3411",341,26.4898211278195,-186.598327272727,3.85298181818182
"3412",341.1,26.5246553731343,-186.633644444444,3.85302222222222
"3413",341.2,26.501466,-186.639871287129,3.85253465346535
"3414",341.3,26.4905539552239,-186.560292929293,3.85246464646465
"3415",341.4,26.4972019402985,-186.5537,3.85254
"3416",341.5,26.4999054887218,-186.612673267327,3.85246534653465
"3417",341.6,26.5075917910448,-186.64504,3.852
"3418",341.7,26.4883742424242,-186.64431,3.852
"3419",341.8,26.4732761363636,-186.708393939394,3.852
"3420",341.9,26.4932059701493,-186.686702970297,3.852
"3421",342,26.4930957894737,-186.668080808081,3.852
"3422",342.1,26.4851837313433,-186.67068,3.852
"3423",342.2,26.461283,-186.65858,3.852
"3424",342.3,26.4839442105263,-186.63428,3.85254
"3425",342.4,26.5193935820895,-186.59436,3.85354
"3426",342.5,26.4872268421053,-186.61076,3.85292
"3427",342.6,26.5080260294118,-186.62404950495,3.852
"3428",342.7,26.4735962406015,-186.589626262626,3.852
"3429",342.8,26.4692952941176,-186.532026548673,3.852
"3430",342.9,26.4870152,-186.476206896552,3.85152873563218
"3431",343,26.488047593985,-186.42322,3.85208
"3432",343.1,26.4903797014925,-186.488090909091,3.85245454545455
"3433",343.2,26.5043930827068,-186.572461538462,3.852
"3434",343.3,26.4925581818182,-186.500897959184,3.85147959183673
"3435",343.4,26.5129054,-186.468686868687,3.85260606060606
"3436",343.5,26.5242153030303,-186.501942857143,3.85297142857143
"3437",343.6,26.4899719402985,-186.473178947368,3.852
"3438",343.7,26.5355157894737,-186.421757009346,3.852
"3439",343.8,26.5108037313433,-186.407330357143,3.85241964285714
"3440",343.9,26.4848634,-186.417367816092,3.85259770114943
"3441",344,26.4913894736842,-186.417680851064,3.852
"3442",344.1,26.489602238806,-186.38712,3.852
"3443",344.2,26.5014289473684,-186.37344,3.852
"3444",344.3,26.4928911764706,-186.409384615385,3.85292307692308
"3445",344.4,26.4752862,-186.422192771084,3.85310843373494
"3446",344.5,26.5091986466165,-186.365679245283,3.852
"3447",344.6,26.5463290909091,-186.323,3.852
"3448",344.7,26.53561,-186.316294736842,3.852
"3449",344.8,26.5336346268657,-186.3181,3.85146
"3450",344.9,26.4956421052632,-186.280623762376,3.85206930693069
"3451",345,26.4820985074627,-186.26797,3.853
"3452",345.1,26.5306342574257,-186.33128,3.85247
"3453",345.2,26.5304886363636,-186.28909,3.852
"3454",345.3,26.5456455223881,-186.25975,3.85094
"3455",345.4,26.5167668421053,-186.28652,3.85106
"3456",345.5,26.5595897014926,-186.330554545455,3.852
"3457",345.6,26.5166694,-186.367157303371,3.852
"3458",345.7,26.5812418181818,-186.319732673267,3.852
"3459",345.8,26.5719746268657,-186.30766,3.852
"3460",345.9,26.5768568421053,-186.27666,3.85253
"3461",346,26.6007656716418,-186.31102,3.853
"3462",346.1,26.598427,-186.29132,3.85247
"3463",346.2,26.6000078195489,-186.178691666667,3.85244166666667
"3464",346.3,26.6060632352941,-186.1327125,3.853
"3465",346.4,26.6087022727273,-186.19471,3.85247
"3466",346.5,26.592235,-186.209131313131,3.852
"3467",346.6,26.5874731578947,-186.183881188119,3.852
"3468",346.7,26.6072644776119,-186.214161616162,3.85253535353535
"3469",346.8,26.5936469306931,-186.19172,3.85246
"3470",346.9,26.5970312121212,-186.19342,3.852
"3471",347,26.5939473134328,-186.268702970297,3.852
"3472",347.1,26.5979510526316,-186.306070707071,3.85253535353535
"3473",347.2,26.5891076119403,-186.272782178218,3.853
"3474",347.3,26.5843702,-186.285828282828,3.85246464646465
"3475",347.4,26.5830401515151,-186.285574257426,3.852
"3476",347.5,26.5776988235294,-186.257282828283,3.852
"3477",347.6,26.5705118181818,-186.189461538462,3.852
"3478",347.7,26.5381828358209,-186.106,3.852
"3479",347.8,26.5059411,-186.106,3.85253465346535
"3480",347.9,26.5333102255639,-186.14575,3.85247
"3481",348,26.5629305882353,-186.144234234234,3.852
"3482",348.1,26.5436059090909,-186.111078651685,3.85247191011236
"3483",348.2,26.5536825373134,-186.14202020202,3.85192929292929
"3484",348.3,26.5539994,-186.11772,3.85154
"3485",348.4,26.5811021804511,-186.150336134454,3.852
"3486",348.5,26.5457171641791,-186.188333333333,3.852
"3487",348.6,26.5214075,-186.068090909091,3.852
"3488",348.7,26.5207719117647,-186.02923655914,3.852
"3489",348.8,26.5184459398496,-186.127281553398,3.852
"3490",348.9,26.5374691044776,-186.125914893617,3.852
"3491",349,26.5499048514852,-186.07,3.852
"3492",349.1,26.5376401515151,-186.041989247312,3.85150537634409
"3493",349.2,26.5364226865672,-185.97692,3.85153
"3494",349.3,26.556597518797,-185.928414141414,3.852
"3495",349.4,26.5636380597015,-185.84376,3.852
"3496",349.5,26.5424738,-185.813178217822,3.852
"3497",349.6,26.567025,-185.8502,3.852
"3498",349.7,26.5592689705882,-185.85681,3.852
"3499",349.8,26.5576765671642,-185.881868686869,3.85253535353535
"3500",349.9,26.54999,-185.918881188119,3.85246534653465
"3501",350,26.53876,-185.950949152542,3.852
"3502",350.1,26.5400231578947,-185.951160493827,3.85372839506173
"3503",350.2,26.5509235294118,-185.9485,3.8533
"3504",350.3,26.535105,-186.007116504854,3.85152427184466
"3505",350.4,26.5398201470588,-186.026371134021,3.852
"3506",350.5,26.5386152631579,-185.9916,3.852
"3507",350.6,26.5337073134328,-185.95374,3.852
"3508",350.7,26.5243379207921,-185.974828571429,3.852
"3509",350.8,26.5425398484848,-186.028789473684,3.852
"3510",350.9,26.5657985294118,-186.053534653465,3.852
"3511",351,26.5484843939394,-186.012777777778,3.852
"3512",351.1,26.5261447761194,-185.95486,3.852
"3513",351.2,26.5825478,-185.914079207921,3.852
"3514",351.3,26.5631785714286,-185.86903,3.852
"3515",351.4,26.5501043283582,-185.86699009901,3.852
"3516",351.5,26.608757761194,-185.856088495575,3.852
"3517",351.6,26.52931,-185.812282352941,3.852
"3518",351.7,26.5595,-185.77824,3.85254
"3519",351.8,26.5338609022556,-185.762235294118,3.85247058823529
"3520",351.9,26.5397163235294,-185.742888888889,3.852
"3521",352,26.5414660606061,-185.706409638554,3.85157831325301
"3522",352.1,26.53886,-185.663895652174,3.85009565217391
"3523",352.2,26.54548,-185.599011904762,3.85032142857143
"3524",352.3,26.538006119403,-185.51400952381,3.852
"3525",352.4,26.54723,-185.552872340426,3.852
"3526",352.5,26.5477105970149,-185.58122,3.852
"3527",352.6,26.56683,-185.548941176471,3.852
"3528",352.7,26.5761837313433,-185.534060606061,3.852
"3529",352.8,26.56793,-185.48474,3.852
"3530",352.9,26.5118804950495,-185.522282828283,3.852
"3531",353,26.5249418045113,-185.558114285714,3.852
"3532",353.1,26.5307725373134,-185.556049019608,3.85151960784314
"3533",353.2,26.5604671641791,-185.540709677419,3.85150537634409
"3534",353.3,26.5679,-185.537779816514,3.852
"3535",353.4,26.57989,-185.569806122449,3.852
"3536",353.5,26.5718072932331,-185.5905,3.852
"3537",353.6,26.5619670588235,-185.62267,3.85253
"3538",353.7,26.579666119403,-185.65478,3.85247
"3539",353.8,26.56289,-185.700727272727,3.852
"3540",353.9,26.59141,-185.72028,3.852
"3541",354,26.548962238806,-185.659069306931,3.85146534653465
"3542",354.1,26.64941,-185.56,3.85153535353535
"3543",354.2,26.6526656390977,-185.546613861386,3.852
"3544",354.3,26.6594448529412,-185.580069565217,3.852
"3545",354.4,26.6210625,-185.642776470588,3.852
"3546",354.5,26.5799554545455,-185.618,3.852
"3547",354.6,26.64691,-185.552,3.852
"3548",354.7,26.606271641791,-185.548878787879,3.852
"3549",354.8,26.6146,-185.531991150442,3.852
"3550",354.9,26.6067371641791,-185.527977011494,3.85247126436782
"3551",355,26.59317,-185.48732,3.85192
"3552",355.1,26.51353,-185.476150943396,3.85150943396226
"3553",355.2,26.4975523880597,-185.434978723404,3.852
"3554",355.3,26.5037832835821,-185.431100917431,3.852
"3555",355.4,26.5224127067669,-185.430489130435,3.852
"3556",355.5,26.505328989899,-185.386058252427,3.852
"3557",355.6,26.49043,-185.446421052632,3.85305263157895
"3558",355.7,26.4513451515151,-185.4121,3.8529
"3559",355.8,26.54333,-185.3729,3.852
"3560",355.9,26.5144823880597,-185.44575,3.85255
"3561",356,26.52196,-185.4554,3.85245
"3562",356.1,26.5029732089552,-185.4144,3.852
"3563",356.2,26.5162941044776,-185.39065,3.852
"3564",356.3,26.5135511278195,-185.344336633663,3.852
"3565",356.4,26.5406647058823,-185.3363,3.852
"3566",356.5,26.46465,-185.36996,3.852
"3567",356.6,26.4591992537313,-185.387051724138,3.852
"3568",356.7,26.48605,-185.397166666667,3.852
"3569",356.8,26.52693,-185.41018,3.852
"3570",356.9,26.5163926865672,-185.456057142857,3.85302857142857
"3571",357,26.5200798507463,-185.513324074074,3.854
"3572",357.1,26.5495103759398,-185.552276190476,3.85321904761905
"3573",357.2,26.5707203030303,-185.498365853659,3.852
"3574",357.3,26.57469,-185.37276,3.852
"3575",357.4,26.5537754545455,-185.355912621359,3.852
"3576",357.5,26.56573,-185.370765306122,3.85252040816327
"3577",357.6,26.5994552238806,-185.342737373737,3.85246464646465
"3578",357.7,26.5735,-185.353628571429,3.852
"3579",357.8,26.6004028358209,-185.361212389381,3.852
"3580",357.9,26.6046864179105,-185.299222222222,3.85288888888889
"3581",358,26.6168396240602,-185.252423728814,3.85306779661017
"3582",358.1,26.6545476470588,-185.272117021277,3.852
"3583",358.2,26.60668,-185.317943181818,3.852
"3584",358.3,26.5974018045113,-185.29159223301,3.852
"3585",358.4,26.5294950746269,-185.279066666667,3.852
"3586",358.5,26.59151,-185.22247311828,3.85250537634409
"3587",358.6,26.5970933333333,-185.246514285714,3.85248571428571
"3588",358.7,26.6116734586466,-185.329291666667,3.852
"3589",358.8,26.6050193233083,-185.31067,3.85147
"3590",358.9,26.6394821782178,-185.28306,3.84994
"3591",359,26.6207,-185.311242990654,3.84999065420561
"3592",359.1,26.6231158208955,-185.290788461538,3.85144230769231
"3593",359.2,26.62128,-185.193747368421,3.852
"3594",359.3,26.5818194029851,-185.128290322581,3.852
"3595",359.4,26.5927,-185.119693069307,3.85146534653465
"3596",359.5,26.58019,-185.11204,3.85153
"3597",359.6,26.6152877443609,-185.076121212121,3.852
"3598",359.7,26.6362212781955,-185.1714,3.852
"3599",359.8,26.6223490977444,-185.232,3.85411764705882
"3600",359.9,26.643602,-185.191099099099,3.85553153153153
"3601",360,26.6367186466165,-185.178643678161,3.85358620689655
"3602",360.1,26.6215833082707,-185.141247524752,3.852
"3603",360.2,26.624692481203,-185.13962,3.852
"3604",360.3,26.6419282352941,-185.105884615385,3.852
"3605",360.4,26.60559,-185.023333333333,3.852
"3606",360.5,26.6274249253731,-184.999204301075,3.85152688172043
"3607",360.6,26.62741,-185.032581632653,3.85152040816326
"3608",360.7,26.594112970297,-184.992121495327,3.852
"3609",360.8,26.6234407462687,-184.920053763441,3.85249462365591
"3610",360.9,26.61159,-184.9097,3.85194
"3611",361,26.6202614925373,-184.94369,3.85153
"3612",361.1,26.67056,-184.8985,3.852
"3613",361.2,26.64312,-184.859088235294,3.852
"3614",361.3,26.6594626865672,-184.905010989011,3.852
"3615",361.4,26.62,-184.942716981132,3.852
"3616",361.5,26.6545303030303,-184.992631578947,3.852
"3617",361.6,26.65765,-184.956907407407,3.852
"3618",361.7,26.6535351879699,-184.87732967033,3.852
"3619",361.8,26.6380539849624,-184.914366336634,3.85039603960396
"3620",361.9,26.6461560606061,-184.967517241379,3.85037068965517
"3621",362,26.6677621212121,-184.97112631579,3.852
"3622",362.1,26.697264887218,-184.964820224719,3.852
"3623",362.2,26.6727536090226,-184.86315,3.852
"3624",362.3,26.6656512,-184.745212121212,3.852
"3625",362.4,26.6901191666667,-184.675801980198,3.85253465346535
"3626",362.5,26.6760358333333,-184.72508,3.85247
"3627",362.6,26.6503665151515,-184.75137,3.85147
"3628",362.7,26.650018030303,-184.695542372881,3.85144915254237
"3629",362.8,26.6679091089109,-184.660222222222,3.85243209876543
"3630",362.9,26.6476623308271,-184.65,3.85246534653465
"3631",363,26.6473747058823,-184.6447,3.852
"3632",363.1,26.68636,-184.613252336449,3.852
"3633",363.2,26.687306969697,-184.625075268817,3.852
"3634",363.3,26.6463527,-184.65864,3.852
"3635",363.4,26.6760364661654,-184.63498,3.85147
"3636",363.5,26.6476830827068,-184.600690909091,3.85148181818182
"3637",363.6,26.6401617424242,-184.602731182796,3.8515376344086
"3638",363.7,26.6223359848485,-184.6233125,3.85047916666667
"3639",363.8,26.6339872,-184.629158415842,3.85160396039604
"3640",363.9,26.624782481203,-184.656737373737,3.85246464646465
"3641",364,26.6614065413534,-184.664547826087,3.852
"3642",364.1,26.6505863636364,-184.646741176471,3.852
"3643",364.2,26.6379045454545,-184.66508,3.852
"3644",364.3,26.639575112782,-184.665705882353,3.852
"3645",364.4,26.6358307518797,-184.624306122449,3.8514693877551
"3646",364.5,26.6289438613861,-184.58656,3.85154
"3647",364.6,26.654324887218,-184.560470588235,3.852
"3648",364.7,26.67113,-184.526981132075,3.85445283018868
"3649",364.8,26.59588,-184.4875,3.8545
"3650",364.9,26.6367284848485,-184.438972972973,3.852
"3651",365,26.670419,-184.438311111111,3.852
"3652",365.1,26.6484653383459,-184.44779,3.852
"3653",365.2,26.6409991729323,-184.42683,3.852
"3654",365.3,26.6235832575758,-184.48977,3.85147
"3655",365.4,26.6299090151515,-184.52669,3.85153
"3656",365.5,26.5796058,-184.46842,3.852
"3657",365.6,26.5506276119403,-184.49955,3.85147
"3658",365.7,26.5820082089552,-184.53302020202,3.851
"3659",365.8,26.585922556391,-184.454603960396,3.851
"3660",365.9,26.5880503759399,-184.40204040404,3.85153535353535
"3661",366,26.6061252272727,-184.3717,3.852
"3662",366.1,26.6056479545455,-184.460372881356,3.852
"3663",366.2,26.5978143564356,-184.549662650602,3.852
"3664",366.3,26.6106677443609,-184.475407407407,3.852
"3665",366.4,26.622554962406,-184.421695652174,3.852
"3666",366.5,26.6175536363636,-184.423262626263,3.852
"3667",366.6,26.5987354545455,-184.360504950495,3.852
"3668",366.7,26.6267008910891,-184.321455445545,3.85357425742574
"3669",366.8,26.6209736090226,-184.385,3.85340816326531
"3670",366.9,26.6271540601504,-184.379128712871,3.852
"3671",367,26.6272893233083,-184.36566,3.852
"3672",367.1,26.6162216541353,-184.29226,3.852
"3673",367.2,26.6162397979798,-184.2286,3.85147
"3674",367.3,26.6248180451128,-184.21097,3.85153
"3675",367.4,26.6627203007519,-184.215,3.8515
"3676",367.5,26.6844962406015,-184.277870967742,3.85150537634409
"3677",367.6,26.6773082706767,-184.349698113208,3.852
"3678",367.7,26.6805424242424,-184.334606060606,3.8510303030303
"3679",367.8,26.7302037593985,-184.306768518519,3.85090740740741
"3680",367.9,26.732662406015,-184.343659090909,3.852
"3681",368,26.7230342857143,-184.330797979798,3.852
"3682",368.1,26.7111771428571,-184.33498,3.852
"3683",368.2,26.68827,-184.27964,3.852
"3684",368.3,26.69927,-184.289339449541,3.85150458715596
"3685",368.4,26.728113960396,-184.305626373626,3.85149450549451
"3686",368.5,26.6991878947368,-184.28472,3.85146
"3687",368.6,26.7000826315789,-184.23122,3.85154
"3688",368.7,26.7061033333333,-184.24162,3.85146
"3689",368.8,26.7214366666667,-184.176732673267,3.85153465346535
"3690",368.9,26.7168863636364,-184.13532,3.852
"3691",369,26.7511931343284,-184.238333333333,3.852
"3692",369.1,26.7203498507463,-184.24848,3.852
"3693",369.2,26.7142668421053,-184.22298019802,3.852
"3694",369.3,26.7091089473684,-184.242981818182,3.85151818181818
"3695",369.4,26.7124434343434,-184.235280898876,3.85148314606742
"3696",369.5,26.7141997014925,-184.172475247525,3.85146534653465
"3697",369.6,26.7348564179104,-184.13928,3.851
"3698",369.7,26.7288984962406,-184.17252,3.851
"3699",369.8,26.746515037594,-184.14204,3.85153
"3700",369.9,26.7405391729323,-184.110515151515,3.852
"3701",370,26.7319978195489,-184.140207920792,3.852
"3702",370.1,26.7394585,-184.184222222222,3.85146464646465
"3703",370.2,26.758702556391,-184.18203960396,3.85153465346535
"3704",370.3,26.7444544360902,-184.157565656566,3.852
"3705",370.4,26.7228039097744,-184.115764705882,3.852
"3706",370.5,26.7396009022556,-184.052367346939,3.8525306122449
"3707",370.6,26.7807563,-184.07604,3.85084
"3708",370.7,26.7372426119403,-184.098896551724,3.85039655172414
"3709",370.8,26.7349963432836,-184.100380952381,3.85154761904762
"3710",370.9,26.7623454887218,-184.06662,3.851
"3711",371,26.747119924812,-184.02362,3.851
"3712",371.1,26.7545333333333,-184.01042,3.851
"3713",371.2,26.746658880597,-184.016168224299,3.8515046728972
"3714",371.3,26.7536215671642,-183.9435,3.8515
"3715",371.4,26.7246603759399,-183.93091,3.85153
"3716",371.5,26.7120062406015,-183.95071,3.85041
"3717",371.6,26.6955755,-183.93456,3.84953
"3718",371.7,26.6889778947368,-183.9325,3.85053
"3719",371.8,26.7002410526316,-183.89522,3.851
"3720",371.9,26.6880570676692,-183.89201,3.85153
"3721",372,26.6497337593985,-183.85972,3.852
"3722",372.1,26.7000356390977,-183.820110091743,3.852
"3723",372.2,26.6912236090226,-183.873538461538,3.852
"3724",372.3,26.7156539,-183.91751,3.852
"3725",372.4,26.7031030597015,-183.824909090909,3.85146464646465
"3726",372.5,26.7008717164179,-183.779920792079,3.85206930693069
"3727",372.6,26.7153435338346,-183.77705050505,3.85192929292929
"3728",372.7,26.7090202255639,-183.829513513514,3.851
"3729",372.8,26.7018833333333,-183.871179775281,3.851
"3730",372.9,26.7167041044776,-183.802,3.8515
"3731",373,26.7041742537313,-183.794,3.852
"3732",373.1,26.705252481203,-183.845517857143,3.852
"3733",373.2,26.7183351879699,-183.822931818182,3.85152272727273
"3734",373.3,26.7003733,-183.78303960396,3.851
"3735",373.4,26.7364377443609,-183.7917,3.851
"3736",373.5,26.706362556391,-183.785393939394,3.85207070707071
"3737",373.6,26.7039097727273,-183.7678,3.85246
"3738",373.7,26.716235530303,-183.688237623762,3.852
"3739",373.8,26.7311903007519,-183.634198275862,3.85154310344828
"3740",373.9,26.7138669924812,-183.659397590361,3.851
"3741",374,26.703273,-183.652117647059,3.85152941176471
"3742",374.1,26.701315,-183.699509433962,3.852
"3743",374.2,26.7304816666667,-183.716193548387,3.85150537634409
"3744",374.3,26.712784887218,-183.636077669903,3.8515145631068
"3745",374.4,26.7296570676692,-183.645958333333,3.85095833333333
"3746",374.5,26.7214971287129,-183.67448,3.85054
"3747",374.6,26.7175493233083,-183.7313,3.851
"3748",374.7,26.7095267669173,-183.68266,3.851
"3749",374.8,26.7262078195489,-183.641651376147,3.851
"3750",374.9,26.7088018045113,-183.700543478261,3.851
"3751",375,26.7401226,-183.634202020202,3.851
"3752",375.1,26.7438706015038,-183.61038,3.851
"3753",375.2,26.7582239849624,-183.618681415929,3.8514778761062
"3754",375.3,26.7326385714286,-183.565788888889,3.85154444444444
"3755",375.4,26.7253528571429,-183.626757575758,3.851
"3756",375.5,26.7462416,-183.67761682243,3.85002803738318
"3757",375.6,26.7072102255639,-183.629838709677,3.84996774193548
"3758",375.7,26.7144658646617,-183.65394949495,3.851
"3759",375.8,26.7635336363637,-183.699475247525,3.851
"3760",375.9,26.7088745454546,-183.67976,3.85152
"3761",376,26.6963941353383,-183.65056,3.85148
"3762",376.1,26.713747518797,-183.631595959596,3.85152525252525
"3763",376.2,26.7074822772277,-183.61552,3.852
"3764",376.3,26.7307286363636,-183.575348214286,3.85152678571429
"3765",376.4,26.7196831818182,-183.548213483146,3.851
"3766",376.5,26.7092445864662,-183.551646464646,3.851
"3767",376.6,26.7341092481203,-183.53796460177,3.851
"3768",376.7,26.7296244,-183.48632183908,3.851
"3769",376.8,26.7332084962406,-183.427653465347,3.851
"3770",376.9,26.7421709022556,-183.409444444444,3.85152525252525
"3771",377,26.7084938636364,-183.36803960396,3.85147524752475
"3772",377.1,26.7212893181818,-183.33894949495,3.851
"3773",377.2,26.7076624,-183.364762376238,3.85152475247525
"3774",377.3,26.6819248120301,-183.381646464646,3.852
"3775",377.4,26.673045112782,-183.386183486239,3.84859633027523
"3776",377.5,26.6857121212121,-183.42528,3.84764
"3777",377.6,26.6572651515152,-183.442782608696,3.851
"3778",377.7,26.6638065413534,-183.424,3.851
"3779",377.8,26.661220075188,-183.441680412371,3.851
"3780",377.9,26.6696148,-183.46004,3.85152
"3781",378,26.67974,-183.43552,3.852
"3782",378.1,26.68399,-183.3782,3.85148
"3783",378.2,26.7039657575758,-183.35636,3.851
"3784",378.3,26.6993596969697,-183.363631578947,3.85191228070175
"3785",378.4,26.7081421782178,-183.340790697674,3.85211627906977
"3786",378.5,26.7080637593985,-183.327656565657,3.851
"3787",378.6,26.6906577443609,-183.3029,3.851
"3788",378.7,26.7038029545455,-183.301485148515,3.851
"3789",378.8,26.6715681060606,-183.34664,3.851
"3790",378.9,26.6886856,-183.319777777778,3.85144444444444
"3791",379,26.7601153383459,-183.28193902439,3.852
"3792",379.1,26.7544987969925,-183.31101,3.85147
"3793",379.2,26.7771121212121,-183.3614,3.851
"3794",379.3,26.7766651515152,-183.346524752475,3.8520495049505
"3795",379.4,26.749527,-183.286919191919,3.85405050505051
"3796",379.5,26.7383178195489,-183.252872727273,3.85307272727273
"3797",379.6,26.7698742105263,-183.250178947368,3.851
"3798",379.7,26.7519660606061,-183.282557894737,3.851
"3799",379.8,26.7430872727273,-183.31715,3.85153
"3800",379.9,26.7697533834586,-183.309875,3.85152678571429
"3801",380,26.7448210526316,-183.314431578947,3.851
"3802",380.1,26.7781130693069,-183.33635483871,3.85149462365591
"3803",380.2,26.7859239393939,-183.270348214286,3.85152678571429
"3804",380.3,26.7685224242424,-183.186233009709,3.85060194174757
"3805",380.4,26.7581506060606,-183.144847058824,3.85044705882353
"3806",380.5,26.7331657575758,-183.124752475248,3.851
"3807",380.6,26.752203,-183.119111111111,3.851
"3808",380.7,26.7815817293233,-183.164823529412,3.851
"3809",380.8,26.7714163157895,-183.123272727273,3.85150505050505
"3810",380.9,26.7702715151515,-183.058579439252,3.852
"3811",381,26.7835593939394,-183.096652173913,3.85152173913043
"3812",381.1,26.794974,-183.148074074074,3.851
"3813",381.2,26.8358354477612,-183.100615384615,3.851
"3814",381.3,26.8345444029851,-183.06096,3.85047
"3815",381.4,26.7890740601504,-183.046,3.8505
"3816",381.5,26.7945552631579,-183.104063157895,3.851
"3817",381.6,26.8133084848485,-183.14288,3.851
"3818",381.7,26.8090206060606,-183.13272,3.851
"3819",381.8,26.8122398019802,-183.088181818182,3.851
"3820",381.9,26.7937486466165,-183.032358333333,3.85144166666667
"3821",382,26.7899215789474,-182.949592592593,3.85159259259259
"3822",382.1,26.7884673484849,-182.961444444444,3.85152525252525
"3823",382.2,26.7804143181818,-183.004303571429,3.85058035714286
"3824",382.3,26.7678215841584,-182.934123595506,3.85084269662921
"3825",382.4,26.8242788721805,-182.95336,3.85196
"3826",382.5,26.7812563157895,-182.93768,3.851
"3827",382.6,26.8019723308271,-182.89344,3.851
"3828",382.7,26.8072806015038,-182.874422018349,3.851
"3829",382.8,26.8135798989899,-182.887866666667,3.85147777777778
"3830",382.9,26.7903501503759,-182.93641,3.852
"3831",383,26.7865531578947,-182.92069,3.85147
"3832",383.1,26.7960130075188,-182.861439252336,3.851
"3833",383.2,26.7820731578947,-182.875170212766,3.85148936170213
"3834",383.3,26.8231387878788,-182.880696969697,3.8509494949495
"3835",383.4,26.7847398507463,-182.8386,3.85050476190476
"3836",383.5,26.7583368656716,-182.814090909091,3.851
"3837",383.6,26.7424118796992,-182.768752475248,3.851
"3838",383.7,26.7554494736842,-182.8085,3.851
"3839",383.8,26.7563023484849,-182.78524,3.851
"3840",383.9,26.7457493181818,-182.73668,3.851
"3841",384,26.7850235643564,-182.7504,3.85152
"3842",384.1,26.7700856390977,-182.772888888889,3.85155555555556
"3843",384.2,26.7741984210526,-182.788819277108,3.85226506024096
"3844",384.3,26.7696213533835,-182.7576,3.85244
"3845",384.4,26.7674484210526,-182.73032,3.851
"3846",384.5,26.7828319191919,-182.773703703704,3.851
"3847",384.6,26.7692314925373,-182.828913043478,3.851
"3848",384.7,26.7800897014925,-182.73476,3.851
"3849",384.8,26.8086254887218,-182.64088,3.85152
"3850",384.9,26.8005352631579,-182.587607476635,3.85151401869159
"3851",385,26.7913567676768,-182.654234042553,3.851
"3852",385.1,26.7760582089552,-182.768918367347,3.851
"3853",385.2,26.779028358209,-182.7458,3.851
"3854",385.3,26.8052847368421,-182.67983,3.851
"3855",385.4,26.7538636842105,-182.698346534653,3.851
"3856",385.5,26.7401555639098,-182.73584,3.851
"3857",385.6,26.7636668421053,-182.705945945946,3.851
"3858",385.7,26.7675068,-182.658358695652,3.851
"3859",385.8,26.7753037593985,-182.641272727273,3.851
"3860",385.9,26.8000330827068,-182.67975862069,3.851
"3861",386,26.7579880451128,-182.694575757576,3.851
"3862",386.1,26.7782887969925,-182.697472222222,3.851
"3863",386.2,26.7899548,-182.700451612903,3.85051612903226
"3864",386.3,26.7304523880597,-182.65468,3.85052
"3865",386.4,26.7558255223881,-182.65988,3.851
"3866",386.5,26.7640466917293,-182.691868686869,3.851
"3867",386.6,26.7645805263158,-182.712763636364,3.851
"3868",386.7,26.7374462626263,-182.751307692308,3.85052747252747
"3869",386.8,26.761636119403,-182.76644,3.85052
"3870",386.9,26.7649047761194,-182.79832,3.851
"3871",387,26.7584239849624,-182.75508,3.851
"3872",387.1,26.7576570676692,-182.65072,3.84944
"3873",387.2,26.7468272727273,-182.647,3.85008
"3874",387.3,26.7459654477612,-182.63932,3.85148
"3875",387.4,26.7586147014925,-182.57924,3.851
"3876",387.5,26.77231,-182.58648,3.851
"3877",387.6,26.7934528571429,-182.673555555556,3.851
"3878",387.7,26.8310104511278,-182.71722,3.851
"3879",387.8,26.8370179699248,-182.689257425743,3.851
"3880",387.9,26.8406334,-182.64172,3.851
"3881",388,26.8021629323308,-182.574387755102,3.851
"3882",388.1,26.8207118045113,-182.59285,3.851
"3883",388.2,26.8657729323308,-182.68135,3.851
"3884",388.3,26.8413218045113,-182.68028,3.851
"3885",388.4,26.8500138,-182.68032,3.851
"3886",388.5,26.8169478947368,-182.63572,3.851
"3887",388.6,26.8105794736842,-182.584623762376,3.851
"3888",388.7,26.8719228571429,-182.53196969697,3.851
"3889",388.8,26.8686371428571,-182.523526315789,3.851
"3890",388.9,26.8245672,-182.501316831683,3.851
"3891",389,26.8146884210526,-182.439125,3.85303125
"3892",389.1,26.8361621052632,-182.491718446602,3.85391262135922
"3893",389.2,26.8583136363636,-182.492655913979,3.851
"3894",389.3,26.8333742424242,-182.518,3.851
"3895",389.4,26.8218316,-182.521636363636,3.851
"3896",389.5,26.8079539097744,-182.520376237624,3.851
"3897",389.6,26.837352406015,-182.49701010101,3.851
"3898",389.7,26.8251386363636,-182.41272,3.851
"3899",389.8,26.8621159090909,-182.3844,3.851
"3900",389.9,26.8840642105263,-182.4228,3.851
"3901",390,26.853410075188,-182.4644,3.85208
"3902",390.1,26.8259466336634,-182.4164,3.85138
"3903",390.2,26.8605227819549,-182.38332,3.85054
"3904",390.3,26.853402481203,-182.375782178218,3.851
"3905",390.4,26.8163369924812,-182.31602020202,3.851
"3906",390.5,26.8259535338346,-182.35102,3.851
"3907",390.6,26.8426662,-182.3058,3.851
"3908",390.7,26.8617379699248,-182.24136,3.851
"3909",390.8,26.8542041353383,-182.29372,3.851
"3910",390.9,26.841805,-182.32825862069,3.85146551724138
"3911",391,26.8383883333333,-182.329285714286,3.85154761904762
"3912",391.1,26.8391177,-182.303544554455,3.851
"3913",391.2,26.8232431578947,-182.27764,3.851
"3914",391.3,26.8341454135338,-182.27518,3.851
"3915",391.4,26.8370146969697,-182.292168316832,3.851
"3916",391.5,26.8459389393939,-182.297121212121,3.851
"3917",391.6,26.849452631579,-182.331788461538,3.85049038461538
"3918",391.7,26.8684902255639,-182.374578947368,3.85051578947368
"3919",391.8,26.8672763366337,-182.34622,3.851
"3920",391.9,26.8489131818182,-182.308559322034,3.85145762711864
"3921",392,26.8816328787879,-182.322818181818,3.85159090909091
"3922",392.1,26.8547936363636,-182.30070212766,3.851
"3923",392.2,26.8620209090909,-182.2383,3.851
"3924",392.3,26.8565707,-182.27002,3.851
"3925",392.4,26.8279768421053,-182.3044,3.851
"3926",392.5,26.8577888721805,-182.26958,3.85046
"3927",392.6,26.9012504545455,-182.263801980198,3.85053465346535
"3928",392.7,26.881758030303,-182.25104587156,3.851
"3929",392.8,26.8912606,-182.225894736842,3.851
"3930",392.9,26.933732556391,-182.221067961165,3.85147572815534
"3931",393,26.9051084962406,-182.2355,3.8515
"3932",393.1,26.9035745454545,-182.229158415842,3.851
"3933",393.2,26.8954836363636,-182.253636363636,3.851
"3934",393.3,26.8869118181818,-182.292647058824,3.851
"3935",393.4,26.8920178947368,-182.24728,3.851
"3936",393.5,26.9025592481203,-182.216019047619,3.85050476190476
"3937",393.6,26.8562157894737,-182.224951456311,3.85045631067961
"3938",393.7,26.8360127819549,-182.238453608247,3.851
"3939",393.8,26.8426531818182,-182.225642105263,3.851
"3940",393.9,26.8596986363636,-182.232484848485,3.8499494949495
"3941",394,26.8655053465346,-182.251460869565,3.84992173913044
"3942",394.1,26.8508936842105,-182.285581395349,3.851
"3943",394.2,26.8505177443609,-182.236080808081,3.851
"3944",394.3,26.8480018181818,-182.163211009174,3.851
"3945",394.4,26.8543654545455,-182.169648351648,3.85051648351648
"3946",394.5,26.8449714,-182.18991,3.85053
"3947",394.6,26.8244362406015,-182.20617,3.851
"3948",394.7,26.8787069172932,-182.15966,3.851
"3949",394.8,26.86539,-182.10127,3.85206
"3950",394.9,26.8930566666667,-182.102422018349,3.85251376146789
"3951",395,26.9141945454545,-182.108734693878,3.85155102040816
"3952",395.1,26.9068052631579,-182.101855670103,3.851
"3953",395.2,26.9175947368421,-182.157130841121,3.851
"3954",395.3,26.9005915789474,-182.155666666667,3.851
"3955",395.4,26.9126141353383,-182.08596969697,3.851
"3956",395.5,26.9206212878788,-182.068772727273,3.85051818181818
"3957",395.6,26.9260682575758,-182.078778846154,3.85041346153846
"3958",395.7,26.9244706930693,-182.081779069767,3.85054651162791
"3959",395.8,26.9699484210526,-182.03168,3.85106
"3960",395.9,26.9203544360902,-182.021495049505,3.85147524752475
"3961",396,26.9221578947368,-182.054513043478,3.851
"3962",396.1,26.9424135338346,-182.057317647059,3.851
"3963",396.2,26.9631415,-182.040808080808,3.851
"3964",396.3,26.929182761194,-182.01731,3.851
"3965",396.4,26.9429364925373,-182.002415841584,3.851
"3966",396.5,26.9413372932331,-182.00752,3.851
"3967",396.6,26.9362921804511,-181.957656565657,3.851
"3968",396.7,26.95307,-181.954485148515,3.851
"3969",396.8,26.9475274626866,-181.9804,3.85048
"3970",396.9,26.961348358209,-182.0196,3.85
"3971",397,26.9687257894737,-182.03804040404,3.85052525252525
"3972",397.1,26.9879513533835,-182.038891089109,3.851
"3973",397.2,26.9552221212121,-182.037620689655,3.851
"3974",397.3,26.9724732835821,-182.024741176471,3.85057647058824
"3975",397.4,26.9692643283582,-182.065818181818,3.85046363636364
"3976",397.5,26.9593378195489,-182.105744444444,3.85054444444444
"3977",397.6,26.9294355639098,-182.047,3.85051515151515
"3978",397.7,26.9610028358209,-182.01628,3.85048
"3979",397.8,26.9664132835821,-182.047,3.85157575757576
"3980",397.9,26.9723758,-182.043326732673,3.8519504950495
"3981",398,26.9805142105263,-182.026071428571,3.851
"3982",398.1,26.9780029323308,-181.995833333333,3.851
"3983",398.2,26.9508404545455,-181.947626168224,3.851
"3984",398.3,26.955848030303,-181.861340425532,3.851
"3985",398.4,26.9576052525253,-181.85249,3.85057
"3986",398.5,26.9619337313433,-181.904230769231,3.85047252747253
"3987",398.6,26.9511053731343,-181.905666666667,3.851
"3988",398.7,26.9350731578947,-181.94124,3.851
"3989",398.8,26.9598626315789,-181.900396039604,3.851
"3990",398.9,26.9445771717172,-181.868582524272,3.851
"3991",399,26.9559405970149,-181.889628865979,3.851
"3992",399.1,26.9604480597015,-181.946121212121,3.851
"3993",399.2,26.9785433834586,-181.96396039604,3.851
"3994",399.3,26.9654606766917,-181.90552,3.85048
"3995",399.4,26.9584217293233,-181.899281553398,3.85
"3996",399.5,26.9730683458647,-181.941134020619,3.85050515463918
"3997",399.6,26.9341316,-181.957151515152,3.85047474747475
"3998",399.7,26.9328480597015,-181.931138613861,3.85104950495049
"3999",399.8,26.9481988059702,-181.886465346535,3.85148514851485
"4000",399.9,26.9651168421053,-181.92312244898,3.851
"4001",400,26.9739288721805,-181.99208,3.851
"4002",400.1,26.9262402020202,-182.01271,3.851
"4003",400.2,26.9403484210526,-182.01704950495,3.851
"4004",400.3,26.9474536842105,-182.029555555556,3.851
"4005",400.4,26.9566236090226,-182.07200990099,3.851
"4006",400.5,26.9436687218045,-181.9996,3.851
"4007",400.6,26.9466524242424,-181.908626262626,3.85047474747475
"4008",400.7,26.9561174626866,-181.916247524752,3.85209900990099
"4009",400.8,26.9639607462687,-181.900515151515,3.85242424242424
"4010",400.9,26.9526645112782,-181.92281,3.851
"4011",401,26.9392209022556,-181.916965517241,3.851
"4012",401.1,26.9289912,-181.897035294118,3.851
"4013",401.2,26.9510829850746,-181.919717171717,3.85047474747475
"4014",401.3,26.9381202985075,-181.95376,3.85053
"4015",401.4,26.9956547368421,-181.90902,3.851
"4016",401.5,26.9743389473684,-181.80132,3.851
"4017",401.6,26.9914341353383,-181.819603960396,3.8499504950495
"4018",401.7,27.0271108270677,-181.85064,3.84952
"4019",401.8,26.985613,-181.855,3.85043333333333
"4020",401.9,26.9603635820896,-181.8864,3.851
"4021",402,26.9457367164179,-181.85028,3.851
"4022",402.1,26.963964962406,-181.79752,3.851
"4023",402.2,26.9727769924812,-181.743898989899,3.85047474747475
"4024",402.3,26.9778517171717,-181.73104,3.85
"4025",402.4,26.9743836567164,-181.800257425743,3.85
"4026",402.5,26.9798687313433,-181.803535353535,3.85
"4027",402.6,26.9884782706767,-181.83483,3.84841
"4028",402.7,26.9946812781955,-181.82234,3.85018
"4029",402.8,27.0380527272727,-181.75652,3.85194
"4030",402.9,27.0201082835821,-181.76649,3.85047
"4031",403,26.9935336567164,-181.76027,3.85
"4032",403.1,26.9628934586466,-181.785846153846,3.85050961538462
"4033",403.2,26.951487443609,-181.756010416667,3.85048958333333
"4034",403.3,26.9543621804511,-181.628801980198,3.85052475247525
"4035",403.4,26.966497518797,-181.603787878788,3.851
"4036",403.5,26.9486361,-181.670088235294,3.85048039215686
"4037",403.6,26.9679746616541,-181.730327272727,3.84953636363636
"4038",403.7,26.9574709022556,-181.708011235955,3.8494606741573
"4039",403.8,26.9550240601504,-181.63688,3.85
"4040",403.9,26.9680691729323,-181.60744,3.85052
"4041",404,26.9821105,-181.6278,3.85048
"4042",404.1,26.9525652631579,-181.69696,3.85
"4043",404.2,26.9635126315789,-181.61032,3.85104
"4044",404.3,26.9507337593985,-181.507533333333,3.85113333333333
"4045",404.4,26.9735533082707,-181.577518987342,3.85040506329114
"4046",404.5,26.9472504,-181.584861386139,3.851
"4047",404.6,26.959995037594,-181.57803030303,3.84942424242424
"4048",404.7,26.9251830075188,-181.623455445545,3.8490495049505
"4049",404.8,26.9269517293233,-181.590414141414,3.85052525252525
"4050",404.9,26.9387487218045,-181.5765,3.8505
"4051",405,26.9389883,-181.596852631579,3.85
"4052",405.1,26.943032556391,-181.637,3.85
"4053",405.2,26.9589498496241,-181.66516,3.85
"4054",405.3,26.9785534090909,-181.674252525253,3.85
"4055",405.4,26.9862579545455,-181.65800990099,3.85052475247525
"4056",405.5,26.9650527067669,-181.636111111111,3.85051851851852
"4057",405.6,26.9808797744361,-181.653817204301,3.85
"4058",405.7,26.9852899009901,-181.649418367347,3.85
"4059",405.8,26.9582635338346,-181.618227722772,3.85
"4060",405.9,26.9704139097744,-181.635060606061,3.85
"4061",406,26.9877337593985,-181.64387,3.85
"4062",406.1,26.9865533082707,-181.583099009901,3.85052475247525
"4063",406.2,26.9473934,-181.539101010101,3.851
"4064",406.3,26.9506707518797,-181.578782178218,3.85047524752475
"4065",406.4,26.9642346616541,-181.589888888889,3.85
"4066",406.5,26.9564659398496,-181.52236,3.84947
"4067",406.6,26.9812253383459,-181.48365,3.84953
"4068",406.7,26.9469156,-181.48812,3.85
"4069",406.8,26.9648281954887,-181.5165,3.85
"4070",406.9,26.9834748120301,-181.5665,3.85
"4071",407,26.9775018181818,-181.614,3.8505
"4072",407.1,26.9660775757576,-181.5765,3.8505
"4073",407.2,26.9408753383459,-181.549108910891,3.85
"4074",407.3,27.0082287218045,-181.484185185185,3.85
"4075",407.4,26.9958756435644,-181.396472527473,3.85
"4076",407.5,26.9851611363636,-181.408277227723,3.85
"4077",407.6,26.9737293181818,-181.433843478261,3.85
"4078",407.7,26.9485834090909,-181.438172043011,3.85039784946237
"4079",407.8,26.9546212878788,-181.40088172043,3.851
"4080",407.9,26.970776,-181.413515151515,3.85048484848485
"4081",408,26.9861270676692,-181.43099009901,3.85
"4082",408.1,26.9743977443609,-181.39345,3.85102
"4083",408.2,26.9685777272727,-181.446575757576,3.8509696969697
"4084",408.3,26.9397746969697,-181.5086,3.85052
"4085",408.4,26.9360277,-181.408069306931,3.851
"4086",408.5,26.9478932330827,-181.349163265306,3.84995918367347
"4087",408.6,26.9328180451128,-181.32173,3.84953
"4088",408.7,26.9445190909091,-181.296623762376,3.85052475247525
"4089",408.8,26.9417312121212,-181.357303030303,3.85047474747475
"4090",408.9,26.927789,-181.403603448276,3.85
"4091",409,26.9290127067669,-181.482773809524,3.85044047619048
"4092",409.1,26.9278397744361,-181.48541,3.851
"4093",409.2,26.9100077272727,-181.35025,3.85047
"4094",409.3,26.928485,-181.300866666667,3.85
"4095",409.4,26.9564009090909,-181.302157894737,3.85151578947368
"4096",409.5,26.95331,-181.331801801802,3.85156756756757
"4097",409.6,26.9139702970297,-181.328153846154,3.85
"4098",409.7,26.9233293233083,-181.32625,3.85
"4099",409.8,26.977622556391,-181.287243243243,3.85
"4100",409.9,26.9637561363636,-181.203012345679,3.85
"4101",410,26.9511576515151,-181.223939393939,3.8510303030303
"4102",410.1,26.962654,-181.19912,3.85148
"4103",410.2,26.9720362406015,-181.214242424242,3.851
"4104",410.3,26.9799986466165,-181.231411764706,3.851
"4105",410.4,26.9875142424242,-181.191757575758,3.84945454545455
"4106",410.5,26.9667566666667,-181.127841584158,3.848
"4107",410.6,26.994967,-181.15783,3.84902
"4108",410.7,26.983767593985,-181.194151515152,3.85
"4109",410.8,26.9971435338346,-181.166547826087,3.85
"4110",410.9,26.9931172727273,-181.10361627907,3.85
"4111",411,26.99439,-181.026151515152,3.85051515151515
"4112",411.1,26.9620289393939,-181.13292,3.85048
"4113",411.2,26.9722183333333,-181.165956521739,3.85045217391304
"4114",411.3,26.9748336633663,-181.048470588235,3.85056470588235
"4115",411.4,27.0022646616541,-181.039068965517,3.85089655172414
"4116",411.5,27.0169112781955,-181.108571428571,3.85157142857143
"4117",411.6,26.9980909090909,-181.118851485149,3.85048514851485
"4118",411.7,26.9935,-181.116575757576,3.85
"4119",411.8,26.9995104,-181.087703703704,3.85
"4120",411.9,26.9838181203008,-181.042038834951,3.85042718446602
"4121",412,27.0220737593985,-180.988153846154,3.85145054945055
"4122",412.1,27.0453420300752,-180.993530612245,3.85097959183673
"4123",412.2,27.0154623308271,-181.067142857143,3.85046428571429
"4124",412.3,27.018633,-181.064777777778,3.84966666666667
"4125",412.4,27.0266095488722,-181.006,3.849
"4126",412.5,27.009805037594,-180.9725,3.85
"4127",412.6,27.0197170676692,-180.967142857143,3.85
"4128",412.7,27.0469877443609,-180.984095744681,3.85
"4129",412.8,27.0340953535354,-181.00165,3.85
"4130",412.9,27.0180491729323,-180.999192307692,3.85049038461538
"4131",413,27.0230416541353,-180.927157894737,3.85001052631579
"4132",413.1,27.0118537593985,-180.911366336634,3.84951485148515
"4133",413.2,27.000342481203,-180.93272815534,3.85049514563107
"4134",413.3,26.9757141666667,-180.904885714286,3.851
"4135",413.4,26.9969338636364,-180.918695652174,3.85146739130435
"4136",413.5,26.9878058415842,-180.899962616822,3.85104672897196
"4137",413.6,27.0146562406015,-180.841489361702,3.85
"4138",413.7,27.004167518797,-180.840151515151,3.85
"4139",413.8,27.000581969697,-180.868471698113,3.85
"4140",413.9,27.0108016666667,-180.892193548387,3.85048387096774
"4141",414,27.0043385,-180.922594059406,3.85048514851485
"4142",414.1,27.0128372180451,-180.880710526316,3.85
"4143",414.2,26.9901755639098,-180.807151162791,3.85
"4144",414.3,26.9667591666667,-180.822054545455,3.84953636363636
"4145",414.4,26.9573879545455,-180.829692307692,3.85035164835165
"4146",414.5,26.9298508,-180.7755,3.851
"4147",414.6,26.9608163909774,-180.7545,3.85
"4148",414.7,26.9811472180451,-180.83303030303,3.85
"4149",414.8,26.9511939097744,-180.84675,3.85
"4150",414.9,26.9625021804511,-180.74778,3.85
"4151",415,27.0086775,-180.70279,3.85
"4152",415.1,27.0496547727273,-180.730393939394,3.85
"4153",415.2,27.0723079207921,-180.739807017544,3.85
"4154",415.3,27.0284792481203,-180.725204545455,3.85
"4155",415.4,27.0453063157895,-180.704564356436,3.85049504950495
"4156",415.5,27.0458990225564,-180.7325,3.8505
"4157",415.6,27.0529742105263,-180.79301,3.85
"4158",415.7,27.0661664,-180.791537735849,3.85
"4159",415.8,27.124928358209,-180.768416666667,3.85041666666667
"4160",415.9,27.0978313432836,-180.711103174603,3.85070634920635
"4161",416,27.0726016541353,-180.593683333333,3.85
"4162",416.1,27.0856166917293,-180.76549,3.85
"4163",416.2,27.0818524242424,-180.71553,3.85102
"4164",416.3,27.054456641791,-180.71033,3.852
"4165",416.4,27.0689715671642,-180.715827586207,3.85112068965517
"4166",416.5,27.0632479699248,-180.673058823529,3.85
"4167",416.6,27.0816840601504,-180.673,3.85
"4168",416.7,27.0592822222222,-180.688446601942,3.85
"4169",416.8,27.0504967164179,-180.665360824742,3.85
"4170",416.9,27.0738026865672,-180.585306122449,3.85
"4171",417,27.0837793233083,-180.546851485149,3.84948514851485
"4172",417.1,27.0715236842105,-180.529121212121,3.84951515151515
"4173",417.2,27.0605919402985,-180.53936,3.85
"4174",417.3,27.0455247761194,-180.550217821782,3.84948514851485
"4175",417.4,27.0493081,-180.551380530973,3.84945132743363
"4176",417.5,27.0383178947368,-180.507218390805,3.85
"4177",417.6,27.0378442105263,-180.461818181818,3.85
"4178",417.7,27.0263974242424,-180.45628,3.85
"4179",417.8,27.0420716666667,-180.442445544554,3.84948514851485
"4180",417.9,27.0119855555556,-180.442575757576,3.84951515151515
"4181",418,27.0112935820896,-180.451941176471,3.85
"4182",418.1,27.0018234328358,-180.478081632653,3.85
"4183",418.2,27.0273031578947,-180.517524752475,3.85154455445545
"4184",418.3,27.0478294736842,-180.55402970297,3.8519900990099
"4185",418.4,27.0329588888889,-180.582757575758,3.85049494949495
"4186",418.5,27.049762238806,-180.64931,3.85
"4187",418.6,27.0485308955224,-180.66044,3.85
"4188",418.7,27.0461392481203,-180.561297029703,3.85050495049505
"4189",418.8,27.0419663157895,-180.496612244898,3.85048979591837
"4190",418.9,27.0478537593985,-180.54568,3.85
"4191",419,27.0487184210526,-180.571206896552,3.85
"4192",419.1,27.0498006,-180.540294117647,3.85084705882353
"4193",419.2,27.0532853383459,-180.528773584906,3.84959433962264
"4194",419.3,27.049172556391,-180.545531914894,3.84843617021276
"4195",419.4,27.0886171428571,-180.557504950495,3.85
"4196",419.5,27.0979028571429,-180.572141414141,3.85
"4197",419.6,27.112885,-180.55591,3.85
"4198",419.7,27.1472408208955,-180.50303,3.84949
"4199",419.8,27.1337855970149,-180.521727272727,3.8500303030303
"4200",419.9,27.10201,-180.50328,3.85048
"4201",420,27.10801,-180.43856,3.85
"4202",420.1,27.1291734,-180.3994,3.84896
"4203",420.2,27.1309745864662,-180.392136,3.849248
"4204",420.3,27.1154708270677,-180.42584,3.85064
"4205",420.4,27.1379601503759,-180.419090909091,3.85
"4206",420.5,27.1317947368421,-180.41606,3.85
"4207",420.6,27.1318588,-180.469153846154,3.85
"4208",420.7,27.1068815789474,-180.54229,3.85
"4209",420.8,27.1481447368421,-180.572027777778,3.85
"4210",420.9,27.1377715789474,-180.484880434783,3.85
"4211",421,27.1302452631579,-180.4072,3.85051
"4212",421.1,27.1084368421053,-180.41037,3.84896
"4213",421.2,27.1104894736842,-180.416878787879,3.84854545454545
"4214",421.3,27.1356518811881,-180.466333333333,3.85
"4215",421.4,27.1299816541353,-180.472105263158,3.85
"4216",421.5,27.0741621052631,-180.408666666667,3.85
"4217",421.6,27.101674962406,-180.442510204082,3.85
"4218",421.7,27.0992163157895,-180.39800990099,3.85
"4219",421.8,27.0407264,-180.246454545455,3.85
"4220",421.9,27.0641754887218,-180.288049504951,3.85
"4221",422,27.0801378947369,-180.350702702703,3.85045945945946
"4222",422.1,27.0607636363636,-180.296636363636,3.85054545454545
"4223",422.2,27.0284606060606,-180.2446,3.85
"4224",422.3,27.0682744,-180.255851851852,3.85
"4225",422.4,27.0601720300752,-180.322430107527,3.85
"4226",422.5,27.0669389473684,-180.322242424242,3.85
"4227",422.6,27.07144,-180.31128,3.84948
"4228",422.7,27.05544,-180.285111111111,3.84944444444444
"4229",422.8,27.0617890909091,-180.238156626506,3.85
"4230",422.9,27.0345315151515,-180.19316,3.85
"4231",423,27.031,-180.235343434343,3.84894949494949
"4232",423.1,27.065110530303,-180.216036363636,3.84896363636364
"4233",423.2,27.0443453787879,-180.220846153846,3.85
"4234",423.3,27.0383640151515,-180.267363636364,3.85
"4235",423.4,27.0358564393939,-180.231450980392,3.85
"4236",423.5,27.0506889108911,-180.205139130435,3.85
"4237",423.6,27.064969924812,-180.219494117647,3.85
"4238",423.7,27.0816616541353,-180.24417,3.85051
"4239",423.8,27.07113,-180.16935,3.85049
"4240",423.9,27.0897966666667,-180.105513761468,3.85
"4241",424,27.1036636,-180.100266666667,3.85
"4242",424.1,27.1070405263158,-180.0832,3.85
"4243",424.2,27.1074615789474,-180.063504761905,3.85
"4244",424.3,27.0935163636364,-180.059042105263,3.85
"4245",424.4,27.1159027272727,-180.023594059406,3.85
"4246",424.5,27.1022693939394,-180.007952830189,3.85
"4247",424.6,27.0886676691729,-180.025903225806,3.85
"4248",424.7,27.0811112781955,-180.0758,3.85
"4249",424.8,27.1349710606061,-180.11276,3.85
"4250",424.9,27.1494407575758,-180.09192,3.85
"4251",425,27.1125732575758,-180.047535353535,3.85
"4252",425.1,27.113444469697,-180.00728,3.85
"4253",425.2,27.1298822772277,-180.003871287129,3.85
"4254",425.3,27.1099189473684,-180.05884,3.85
"4255",425.4,27.1116031578947,-180.07856,3.85
"4256",425.5,27.1129254545455,-180.027168316832,3.85
"4257",425.6,27.1121375757576,-179.997424242424,3.85
"4258",425.7,27.1006574,-180.01528,3.84948
"4259",425.8,27.0965138345865,-180.05395959596,3.84952525252525
"4260",425.9,27.0982356390977,-180.051534653465,3.85052475247525
"4261",426,27.114495,-179.99036,3.84996
"4262",426.1,27.116995,-179.974636363636,3.84952525252525
"4263",426.2,27.1089027,-179.974358333333,3.85
"4264",426.3,27.1057709022556,-179.939259259259,3.85
"4265",426.4,27.0964701503759,-179.953212121212,3.85
"4266",426.5,27.1202762406015,-179.97706,3.84947
"4267",426.6,27.1198627067669,-180.00003960396,3.84952475247525
"4268",426.7,27.1370111363636,-180.013964285714,3.85
"4269",426.8,27.1319429545455,-179.999688172043,3.85
"4270",426.9,27.0883868316832,-179.989505263158,3.85098947368421
"4271",427,27.0980352631579,-179.960111111111,3.84989898989899
"4272",427.1,27.0820728571429,-179.93241,3.84906
"4273",427.2,27.0773463157895,-179.884321100917,3.85
"4274",427.3,27.0659628571429,-179.87078021978,3.85
"4275",427.4,27.1116674,-179.911623762376,3.85
"4276",427.5,27.0899957894737,-179.912514285714,3.84950476190476
"4277",427.6,27.10468,-179.929528846154,3.84945192307692
"4278",427.7,27.1282598496241,-179.95578021978,3.85
"4279",427.8,27.1286433082707,-179.89708,3.85
"4280",427.9,27.1403781,-179.85304,3.84792
"4281",428,27.1167956716418,-179.859557522124,3.84830088495575
"4282",428.1,27.140377761194,-179.88024137931,3.85055172413793
"4283",428.2,27.1305272180451,-179.864544554455,3.85
"4284",428.3,27.1351212030075,-179.840181818182,3.85
"4285",428.4,27.1108412121212,-179.815048543689,3.84949514563107
"4286",428.5,27.0889111940299,-179.7835,3.8495
"4287",428.6,27.1202768656716,-179.83676,3.85
"4288",428.7,27.1282626315789,-179.87247,3.85
"4289",428.8,27.11321,-179.833368932039,3.84900970873786
"4290",428.9,27.1116166666667,-179.809845360825,3.85047422680412
"4291",429,27.11345,-179.823038461538,3.85152884615385
"4292",429.1,27.0934948514851,-179.7769375,3.85
"4293",429.2,27.1292147368421,-179.698545454545,3.85
"4294",429.3,27.0888914285714,-179.740594059406,3.85
"4295",429.4,27.1034418181818,-179.760886792453,3.85
"4296",429.5,27.1105327272727,-179.70564893617,3.84952127659574
"4297",429.6,27.102466969697,-179.673151515152,3.84951515151515
"4298",429.7,27.0693794029851,-179.62900990099,3.85
"4299",429.8,27.0694465671642,-179.61759,3.84847
"4300",429.9,27.0869584210526,-179.656459459459,3.84837837837838
"4301",430,27.0680185714286,-179.693853932584,3.85
"4302",430.1,27.1063846464647,-179.6339,3.85
"4303",430.2,27.0728935820896,-179.60907,3.85
"4304",430.3,27.0649905970149,-179.65434,3.84949
"4305",430.4,27.0679552631579,-179.678574257426,3.84950495049505
"4306",430.5,27.0814214285714,-179.709529411765,3.85
"4307",430.6,27.09524,-179.727088607595,3.84960759493671
"4308",430.7,27.0839542857143,-179.69437037037,3.84948148148148
"4309",430.8,27.0810668,-179.718913043478,3.85
"4310",430.9,27.0695247368421,-179.75648,3.85
"4311",431,27.0662014285714,-179.67228,3.85
"4312",431.1,27.0945284210526,-179.62152,3.85
"4313",431.2,27.0810171428571,-179.66004,3.85
"4314",431.3,27.0903148484848,-179.6886,3.85
"4315",431.4,27.0887508955224,-179.690448275862,3.85
"4316",431.5,27.0975568656716,-179.642063829787,3.85
"4317",431.6,27.068002631579,-179.644066666667,3.85
"4318",431.7,27.0725214285714,-179.692069306931,3.85
"4319",431.8,27.0439322222222,-179.71217,3.84898
"4320",431.9,27.0438165671642,-179.67105,3.84902
"4321",432,27.039577761194,-179.609787878788,3.85
"4322",432.1,27.0517878947368,-179.665336633663,3.85
"4323",432.2,27.0694871428571,-179.70441,3.85
"4324",432.3,27.0692566,-179.736575757576,3.85
"4325",432.4,27.0670856,-179.751435643564,3.84948514851485
"4326",432.5,27.0390552,-179.653666666667,3.84951515151515
"4327",432.6,27.0216715789474,-179.586647058824,3.85
"4328",432.7,27.0346114285714,-179.587939393939,3.85
"4329",432.8,27.0509826315789,-179.607757575758,3.85154545454545
"4330",432.9,27.0697871428571,-179.625821782178,3.85145544554455
"4331",433,27.0769865656566,-179.58736,3.85
"4332",433.1,27.0471479104478,-179.48715,3.85
"4333",433.2,27.0442673134328,-179.502909090909,3.85
"4334",433.3,27.0539605263158,-179.50252,3.85
"4335",433.4,27.0388928571429,-179.373892857143,3.85
"4336",433.5,27.0484868,-179.384631578947,3.85
"4337",433.6,27.0536221052632,-179.521666666667,3.84958333333333
"4338",433.7,27.0312085714286,-179.529,3.84939784946237
"4339",433.8,27.0336189473684,-179.466849462366,3.85047311827957
"4340",433.9,27.0361452631579,-179.434752475248,3.85049504950495
"4341",434,27.0462706,-179.450517241379,3.85
"4342",434.1,27.0376986,-179.482952380952,3.85
"4343",434.2,27.024711,-179.411090909091,3.84949494949495
"4344",434.3,27.049692631579,-179.39905,3.84951
"4345",434.4,27.0429257142857,-179.403782178218,3.85
"4346",434.5,27.0398415789474,-179.348161616162,3.85
"4347",434.6,27.0233528571429,-179.35223,3.85
"4348",434.7,27.0020972727273,-179.3778,3.85
"4349",434.8,27.0177545454545,-179.33842,3.84949
"4350",434.9,27.0557848484849,-179.274454545455,3.84951515151515
"4351",435,27.0535162406015,-179.285,3.85
"4352",435.1,27.0581177443609,-179.315775510204,3.85
"4353",435.2,27.0912681188119,-179.311595959596,3.85
"4354",435.3,27.1017179699248,-179.249909090909,3.84948484848485
"4355",435.4,27.1123044360902,-179.14868,3.84952
"4356",435.5,27.0769564661654,-179.133475247525,3.85
"4357",435.6,27.1108662406015,-179.17858,3.85
"4358",435.7,27.1094864,-179.23556,3.84847
"4359",435.8,27.1098973684211,-179.224223140496,3.84826446280992
"4360",435.9,27.09895,-179.158625,3.85
"4361",436,27.1009421212121,-179.118303030303,3.85
"4362",436.1,27.0974572727273,-179.1449,3.84949
"4363",436.2,27.098695,-179.141606060606,3.849
"4364",436.3,27.0954435,-179.135613861386,3.84951485148515
"4365",436.4,27.1074513861386,-179.11797029703,3.84949504950495
"4366",436.5,27.0962640909091,-179.116351351351,3.84945045045045
"4367",436.6,27.0916504545455,-179.192742857143,3.85037142857143
"4368",436.7,27.1160499253731,-179.224786516854,3.84947191011236
"4369",436.8,27.120982761194,-179.267990384615,3.84829807692308
"4370",436.9,27.1156154,-179.28268627451,3.84959803921569
"4371",437,27.1251810606061,-179.256965517241,3.84944827586207
"4372",437.1,27.1006886363636,-179.232475247525,3.85
"4373",437.2,27.1246429545455,-179.171696969697,3.84948484848485
"4374",437.3,27.1491959848485,-179.137247524752,3.84951485148515
"4375",437.4,27.16483,-179.094158415842,3.84949504950495
"4376",437.5,27.1568322556391,-179.0505,3.8495
"4377",437.6,27.1514713533835,-179.070797979798,3.8479797979798
"4378",437.7,27.1500411363636,-179.14386,3.84753
"4379",437.8,27.1470487121212,-179.18294,3.84951
"4380",437.9,27.158953,-179.193393939394,3.85
"4381",438,27.1757805,-179.192666666667,3.84955555555556
"4382",438.1,27.1582333663366,-179.151963855422,3.84942168674699
"4383",438.2,27.1430678787879,-179.168940594059,3.84948514851485
"4384",438.3,27.1570527272727,-179.105663461538,3.84949038461538
"4385",438.4,27.1475506060606,-179.001175257732,3.84951546391753
"4386",438.5,27.1661263636364,-179.017940594059,3.84949504950495
"4387",438.6,27.1827175,-179.017528301887,3.84953773584906
"4388",438.7,27.1531843181818,-179.017397849462,3.8494623655914
"4389",438.8,27.1781464393939,-178.990141414141,3.85
"4390",438.9,27.1549122727273,-178.954495049505,3.85
"4391",439,27.1462607575758,-178.998387755102,3.84948979591837
"4392",439.1,27.1711432,-178.981277227723,3.84951485148515
"4393",439.2,27.1672558646617,-179.03771,3.85
"4394",439.3,27.159917518797,-179.110057142857,3.84951428571429
"4395",439.4,27.1097490909091,-179.054476190476,3.849
"4396",439.5,27.0954763636364,-179.049311111111,3.84991111111111
"4397",439.6,27.0709445,-179.05878,3.851
"4398",439.7,27.0533414285714,-179.006272727273,3.85048484848485
"4399",439.8,27.0944842857143,-178.93424,3.85
"4400",439.9,27.06829,-178.986891089109,3.84948514851485
"4401",440,27.0639566666667,-178.99564,3.849
"4402",440.1,27.091303030303,-178.90401,3.84951
"4403",440.2,27.094256,-178.88,3.85
"4404",440.3,27.0959905940594,-178.9216,3.84948
"4405",440.4,27.1319477272727,-178.920745098039,3.84950980392157
"4406",440.5,27.1272659090909,-178.916035714286,3.85044642857143
"4407",440.6,27.1060111363636,-178.977965517241,3.851
"4408",440.7,27.0843520454545,-178.997572815534,3.85000970873786
"4409",440.8,27.0801408,-178.934577319588,3.849
"4410",440.9,27.0495657575758,-178.94022,3.849
"4411",441,27.0966642424243,-178.98011,3.84951
"4412",441.1,27.0793381818182,-179.008909090909,3.85
"4413",441.2,27.1059518181818,-178.93856,3.84948
"4414",441.3,27.1162179,-178.80937037037,3.849
"4415",441.4,27.1334590225564,-178.82037254902,3.84943137254902
"4416",441.5,27.220865037594,-178.855333333333,3.84906666666667
"4417",441.6,27.2174815151515,-178.83056,3.84904
"4418",441.7,27.2346784848485,-178.82936,3.84948
"4419",441.8,27.2321644,-178.83696,3.849
"4420",441.9,27.2244336,-178.866376237624,3.849
"4421",442,27.2207289108911,-178.81493,3.849
"4422",442.1,27.2077327819549,-178.81603,3.84951
"4423",442.2,27.2064846616541,-178.864605263158,3.84955263157895
"4424",442.3,27.2403177272727,-178.810684782609,3.84940217391304
"4425",442.4,27.2259692424242,-178.740157894737,3.85047368421053
"4426",442.5,27.202042,-178.703060606061,3.8499898989899
"4427",442.6,27.2114690225564,-178.725663366337,3.849
"4428",442.7,27.2050254135338,-178.742505050505,3.849
"4429",442.8,27.1777684962406,-178.737445544554,3.849
"4430",442.9,27.1950090977444,-178.749889908257,3.849
"4431",443,27.2007988888889,-178.795876404494,3.8494606741573
"4432",443.1,27.2167529323308,-178.721514851485,3.85
"4433",443.2,27.2395348872181,-178.670188679245,3.84951886792453
"4434",443.3,27.2444412781955,-178.751451612903,3.849
"4435",443.4,27.2176367669173,-178.759702702703,3.85040540540541
"4436",443.5,27.20473,-178.772901098901,3.84974725274725
"4437",443.6,27.195883880597,-178.802282828283,3.8480101010101
"4438",443.7,27.1550331343283,-178.711454545455,3.849
"4439",443.8,27.1334222556391,-178.699544554455,3.849
"4440",443.9,27.1560613533835,-178.78978,3.849
"4441",444,27.1547877777778,-178.84177,3.849
"4442",444.1,27.14178,-178.825207920792,3.849
"4443",444.2,27.117953960396,-178.789534482759,3.849
"4444",444.3,27.1535148120301,-178.766023809524,3.84940476190476
"4445",444.4,27.137544887218,-178.764408163265,3.85
"4446",444.5,27.1459657575758,-178.718745098039,3.84949019607843
"4447",444.6,27.1598142424242,-178.630489795918,3.849
"4448",444.7,27.1687444,-178.623843137255,3.849
"4449",444.8,27.1485901503759,-178.63719047619,3.849
"4450",444.9,27.1602969172932,-178.650234042553,3.849
"4451",445,27.1521285714286,-178.65217,3.849
"4452",445.1,27.1424142857143,-178.65079,3.849
"4453",445.2,27.1668746464646,-178.609363636364,3.849
"4454",445.3,27.1546211940299,-178.56668627451,3.84950980392157
"4455",445.4,27.1400167164179,-178.641841584158,3.84950495049505
"4456",445.5,27.1403776691729,-178.686727272727,3.849
"4457",445.6,27.1504227819549,-178.6765,3.849
"4458",445.7,27.1743621212121,-178.657316831683,3.849
"4459",445.8,27.1998123762376,-178.63284,3.849
"4460",445.9,27.19517,-178.633427272727,3.84855454545455
"4461",446,27.1712057142857,-178.6578,3.84886666666667
"4462",446.1,27.1854914285714,-178.699688679245,3.84953773584906
"4463",446.2,27.168475112782,-178.652612903226,3.849
"4464",446.3,27.2002570676692,-178.639636363636,3.84990909090909
"4465",446.4,27.1633353535354,-178.66578021978,3.84968131868132
"4466",446.5,27.1971657894737,-178.5861,3.84849
"4467",446.6,27.2223763157895,-178.554252525253,3.849
"4468",446.7,27.1788455639098,-178.558,3.849
"4469",446.8,27.1479959398496,-178.5575,3.849
"4470",446.9,27.1451388888889,-178.5085,3.849
"4471",447,27.1283516417911,-178.459796460177,3.849
"4472",447.1,27.1575829850746,-178.46061627907,3.84943023255814
"4473",447.2,27.1887002255639,-178.501227722772,3.85
"4474",447.3,27.1967603759398,-178.564909090909,3.85151515151515
"4475",447.4,27.1740553535354,-178.5065,3.851
"4476",447.5,27.1926469402985,-178.422848484848,3.849
"4477",447.6,27.1819230597015,-178.444,3.849
"4478",447.7,27.1614039097744,-178.449,3.849
"4479",447.8,27.1597798496241,-178.4212,3.849
"4480",447.9,27.177228,-178.453,3.849
"4481",448,27.1875018,-178.5315,3.849
"4482",448.1,27.2047108,-178.607,3.849
"4483",448.2,27.226810075188,-178.62,3.849
"4484",448.3,27.2091634586466,-178.576,3.849
"4485",448.4,27.1903606766917,-178.481782178218,3.849
"4486",448.5,27.2175411278196,-178.4285,3.849
"4487",448.6,27.2109088888889,-178.38781,3.849
"4488",448.7,27.1921389473684,-178.41022,3.849
"4489",448.8,27.1602442105263,-178.40737,3.84851
"4490",448.9,27.1779930075188,-178.345681034483,3.84884482758621
"4491",449,27.1821208270677,-178.390510869565,3.85
"4492",449.1,27.2126032,-178.5001875,3.84957291666667
"4493",449.2,27.2186690977444,-178.439914893617,3.84995744680851
"4494",449.3,27.1943307518797,-178.381891089109,3.8499900990099
"4495",449.4,27.194714887218,-178.36719047619,3.849
"4496",449.5,27.189797593985,-178.372,3.849
"4497",449.6,27.2037598,-178.346,3.849
"4498",449.7,27.2001897,-178.322376237624,3.849
"4499",449.8,27.180582,-178.415181818182,3.849
"4500",449.9,27.1861942857143,-178.418,3.849
"4501",450,27.1723371428571,-178.309707070707,3.84950505050505
"4502",450.1,27.180344962406,-178.28253,3.84949
"4503",450.2,27.1416682706767,-178.28961,3.84951
"4504",450.3,27.1217856,-178.2615,3.85
"4505",450.4,27.1582273484848,-178.28337,3.84951
"4506",450.5,27.1544470454545,-178.36501,3.849
"4507",450.6,27.1541953383459,-178.331595959596,3.849
"4508",450.7,27.1519472180451,-178.286851485149,3.849
"4509",450.8,27.1220854,-178.329938596491,3.849
"4510",450.9,27.1092827067669,-178.367,3.849
"4511",451,27.1222977443609,-178.3185,3.849
"4512",451.1,27.1427246616541,-178.3165,3.849
"4513",451.2,27.1339727819549,-178.3435,3.851
"4514",451.3,27.1289382,-178.323,3.851
"4515",451.4,27.1323447368421,-178.268601941748,3.849
"4516",451.5,27.1306078947368,-178.230896907217,3.849
"4517",451.6,27.1202560902256,-178.285112149533,3.849
"4518",451.7,27.122789924812,-178.260434782609,3.849
"4519",451.8,27.146208,-178.167324324324,3.849
"4520",451.9,27.1577256,-178.189213592233,3.84861165048544
"4521",452,27.1883594059406,-178.24823255814,3.84843023255814
"4522",452.1,27.2045191666667,-178.187889908257,3.84806422018349
"4523",452.2,27.2231025,-178.156434782609,3.84882608695652
"4524",452.3,27.2151859090909,-178.204,3.85
"4525",452.4,27.2278677272727,-178.178788990826,3.849
"4526",452.5,27.2160996,-178.141230769231,3.849
"4527",452.6,27.2113995488722,-178.1935,3.849
"4528",452.7,27.2617303759399,-178.20482300885,3.84944247787611
"4529",452.8,27.2256868181818,-178.241476744186,3.84956976744186
"4530",452.9,27.218558030303,-178.268118811881,3.84950495049505
"4531",453,27.2109416,-178.205247524752,3.84950495049505
"4532",453.1,27.2252714285714,-178.203786407767,3.85042718446602
"4533",453.2,27.2340157894737,-178.23322,3.8497
"4534",453.3,27.2243709022556,-178.199231578947,3.84796842105263
"4535",453.4,27.1947092481203,-178.197,3.849
"4536",453.5,27.215546,-178.242424242424,3.849
"4537",453.6,27.2241724,-178.214141414141,3.849
"4538",453.7,27.2551150495049,-178.13361,3.849
"4539",453.8,27.2475214285714,-178.11931496063,3.849
"4540",453.9,27.2572357142857,-178.162342465753,3.849
"4541",454,27.2041236363636,-178.096871287129,3.849
"4542",454.1,27.1612034,-178.052686868687,3.84748484848485
"4543",454.2,27.1263042574258,-178.09344,3.84804
"4544",454.3,27.1373871428571,-178.081515151515,3.84948484848485
"4545",454.4,27.1289585714286,-178.106633663366,3.849
"4546",454.5,27.1243806818182,-178.142105263158,3.849
"4547",454.6,27.1282670454545,-178.099976470588,3.84943529411765
"4548",454.7,27.1076363636364,-178.126,3.85052
"4549",454.8,27.1298085714286,-178.1324,3.84996
"4550",454.9,27.1357484210526,-178.043925925926,3.849
"4551",455,27.141045,-177.999086956522,3.84852173913043
"4552",455.1,27.1781283333333,-178.05684,3.848
"4553",455.2,27.160341,-178.112326732673,3.84851485148515
"4554",455.3,27.1563884210526,-178.120939393939,3.849
"4555",455.4,27.2075463157895,-178.114881188119,3.849
"4556",455.5,27.2001786363636,-178.0702,3.849
"4557",455.6,27.1878377272727,-177.972787878788,3.849
"4558",455.7,27.17563,-178.01316,3.849
"4559",455.8,27.1847391,-178.107693069307,3.849
"4560",455.9,27.1757634653465,-178.103181818182,3.849
"4561",456,27.1586331818182,-178.038425742574,3.8500297029703
"4562",456.1,27.1794286363636,-178.040575757576,3.85048484848485
"4563",456.2,27.1685681818182,-178.018607843137,3.84949019607843
"4564",456.3,27.203946969697,-177.969707070707,3.849
"4565",456.4,27.1755349,-177.97266,3.849
"4566",456.5,27.1723928571429,-178.00394,3.849
"4567",456.6,27.1698815789474,-178.016,3.849
"4568",456.7,27.161,-178.076673267327,3.84951485148515
"4569",456.8,27.1576842105263,-178.069727272727,3.84948484848485
"4570",456.9,27.1679006060606,-178.021181818182,3.849
"4571",457,27.1805071641791,-177.980153846154,3.85084615384616
"4572",457.1,27.1458429850746,-177.978909090909,3.85093939393939
"4573",457.2,27.1406797014925,-177.99868,3.849
"4574",457.3,27.1448886567164,-177.965210526316,3.849
"4575",457.4,27.1588451515152,-177.993741935484,3.849
"4576",457.5,27.1511905940594,-177.946157894737,3.84947368421053
"4577",457.6,27.1159976,-177.946636363636,3.85
"4578",457.7,27.1176914285714,-177.956333333333,3.84955555555556
"4579",457.8,27.1214057142857,-177.947591836735,3.849
"4580",457.9,27.156591010101,-177.989546218487,3.84943697478992
"4581",458,27.1756428,-177.988666666667,3.84877777777778
"4582",458.1,27.1582808,-177.966262295082,3.84785245901639
"4583",458.2,27.1367513636364,-177.940860759494,3.849
"4584",458.3,27.1444256060606,-177.92927,3.849
"4585",458.4,27.1752942857143,-177.959981651376,3.849
"4586",458.5,27.197632631579,-177.971384615385,3.849
"4587",458.6,27.2015632323232,-177.996970873786,3.849
"4588",458.7,27.1971603007519,-177.939538461538,3.849
"4589",458.8,27.1687618045113,-177.843652173913,3.849
"4590",458.9,27.1957942857143,-177.847920792079,3.8500297029703
"4591",459,27.2133431578947,-177.856363636364,3.8499696969697
"4592",459.1,27.2159045454545,-177.844752475248,3.849
"4593",459.2,27.2059510447761,-177.8326,3.849
"4594",459.3,27.2072197014925,-177.806405172414,3.849
"4595",459.4,27.210477518797,-177.788561797753,3.849
"4596",459.5,27.2242970676692,-177.789978947368,3.84948421052632
"4597",459.6,27.2601363636364,-177.836672727273,3.84953636363636
"4598",459.7,27.2318171287129,-177.868266666667,3.84945555555556
"4599",459.8,27.1974646,-177.928118811881,3.84949504950495
"4600",459.9,27.1842196992481,-177.9305,3.849
"4601",460,27.1791069172932,-177.854189655172,3.84856896551724
"4602",460.1,27.2152731578947,-177.818072289157,3.84840963855422
"4603",460.2,27.2089573684211,-177.84796969697,3.849
"4604",460.3,27.1922097979798,-177.899457142857,3.849
"4605",460.4,27.145837518797,-177.92893877551,3.849
"4606",460.5,27.163875112782,-177.928,3.8495
"4607",460.6,27.2025271428572,-177.89082,3.84949
"4608",460.7,27.1638128571429,-177.86396969697,3.849
"4609",460.8,27.1409234343434,-177.83868,3.84952
"4610",460.9,27.161556119403,-177.84036,3.84896
"4611",461,27.1743471641791,-177.8334,3.84852
"4612",461.1,27.1572745112782,-177.77168,3.849
"4613",461.2,27.1442970676692,-177.73528,3.849
"4614",461.3,27.1518035353535,-177.75396,3.849
"4615",461.4,27.167947029703,-177.757571428571,3.84850476190476
"4616",461.5,27.1741518,-177.787697916667,3.848
"4617",461.6,27.1646485714286,-177.76988,3.848
"4618",461.7,27.1477989473684,-177.69409,3.84851
"4619",461.8,27.1219012,-177.655918181818,3.84853636363636
"4620",461.9,27.155633,-177.613808988764,3.8475393258427
"4621",462,27.1590653535354,-177.625554455446,3.8480297029703
"4622",462.1,27.1732717910448,-177.66918,3.849
"4623",462.2,27.1839807462687,-177.671045454545,3.849
"4624",462.3,27.1881785714286,-177.626054945055,3.849
"4625",462.4,27.1840131578947,-177.63737254902,3.84949019607843
"4626",462.5,27.1724282828283,-177.667102040816,3.84951020408163
"4627",462.6,27.1693104477612,-177.688,3.849
"4628",462.7,27.1718626865672,-177.7075,3.849
"4629",462.8,27.1593255639098,-177.601252525253,3.84950505050505
"4630",462.9,27.1614533834586,-177.516815789474,3.85
"4631",463,27.168115959596,-177.512895348837,3.84956976744186
"4632",463.1,27.1656279850746,-177.578961538462,3.849
"4633",463.2,27.1689041044776,-177.648913461538,3.849
"4634",463.3,27.1600768421053,-177.591063829787,3.849
"4635",463.4,27.1589189473684,-177.536141414141,3.849
"4636",463.5,27.1411460606061,-177.5675,3.849
"4637",463.6,27.1588324752475,-177.6215,3.849
"4638",463.7,27.205682,-177.641,3.849
"4639",463.8,27.1731185714286,-177.621191919192,3.849
"4640",463.9,27.1782614285714,-177.58158974359,3.849
"4641",464,27.1581887218045,-177.521280898876,3.849
"4642",464.1,27.1636323308271,-177.551242718447,3.849
"4643",464.2,27.170924,-177.5307,3.849
"4644",464.3,27.1644263636364,-177.490741935484,3.849
"4645",464.4,27.1698581818182,-177.44295959596,3.84850505050505
"4646",464.5,27.1784263157895,-177.390564356436,3.84849504950495
"4647",464.6,27.1863135338346,-177.43003030303,3.849
"4648",464.7,27.1730545,-177.463057692308,3.84996153846154
"4649",464.8,27.1849942105263,-177.456145833333,3.851
"4650",464.9,27.1874904511278,-177.507,3.85
"4651",465,27.183737368421,-177.5245,3.849
"4652",465.1,27.1799629323308,-177.509259259259,3.849
"4653",465.2,27.17541,-177.5431875,3.849
"4654",465.3,27.182082,-177.570946428571,3.84858928571429
"4655",465.4,27.198142,-177.626578313253,3.84840963855422
"4656",465.5,27.1820221804511,-177.662524752475,3.849
"4657",465.6,27.2083830827068,-177.663484848485,3.849
"4658",465.7,27.230674,-177.673324324324,3.84762162162162
"4659",465.8,27.182488,-177.587165137615,3.84710091743119
"4660",465.9,27.203434,-177.512389473684,3.849
"4661",466,27.2284696969697,-177.638294117647,3.849
"4662",466.1,27.2225681818182,-177.746,3.849
"4663",466.2,27.2049284210526,-177.716080808081,3.849
"4664",466.3,27.2170637593985,-177.738808080808,3.84950505050505
"4665",466.4,27.2408994,-177.729,3.8495
"4666",466.5,27.2493573684211,-177.728101010101,3.84850505050505
"4667",466.6,27.2477257894737,-177.726910891089,3.8489900990099
"4668",466.7,27.2512068421053,-177.65515,3.85049
"4669",466.8,27.2927632330827,-177.560111111111,3.8500101010101
"4670",466.9,27.2744151,-177.522181818182,3.849
"4671",467,27.2743694736842,-177.474242424242,3.849
"4672",467.1,27.2504145864662,-177.480155555556,3.849
"4673",467.2,27.2587390225564,-177.57722,3.849
"4674",467.3,27.2713254887218,-177.554693069307,3.849
"4675",467.4,27.2917273,-177.4845,3.849
"4676",467.5,27.2807263,-177.5535,3.849
"4677",467.6,27.2746978217822,-177.592803571429,3.84810714285714
"4678",467.7,27.2693603030303,-177.5098,3.8482
"4679",467.8,27.2977618181818,-177.42423655914,3.8495376344086
"4680",467.9,27.2559768421053,-177.422059405941,3.849
"4681",468,27.2663903759398,-177.418247706422,3.849
"4682",468.1,27.2772014,-177.44078021978,3.849
"4683",468.2,27.2573845454545,-177.411,3.8485
"4684",468.3,27.2745966666667,-177.385,3.848
"4685",468.4,27.2939652272727,-177.39048,3.84849
"4686",468.5,27.2812758333333,-177.35473,3.849
"4687",468.6,27.288501,-177.34888,3.849
"4688",468.7,27.3183406015038,-177.33442,3.84949
"4689",468.8,27.3509796992481,-177.2995,3.8495
"4690",468.9,27.3312215909091,-177.303,3.849
"4691",469,27.3312291666667,-177.3347,3.849
"4692",469.1,27.3058948,-177.34901010101,3.849
"4693",469.2,27.3251103,-177.394788990826,3.84945871559633
"4694",469.3,27.3330323762376,-177.405395604396,3.84954945054945
"4695",469.4,27.34542,-177.350528301887,3.849
"4696",469.5,27.33817,-177.352340425532,3.849
"4697",469.6,27.347892,-177.3685,3.8485
"4698",469.7,27.3665069,-177.3695,3.8485
"4699",469.8,27.3668835,-177.301,3.849
"4700",469.9,27.3381413636364,-177.3105,3.849
"4701",470,27.3203383333333,-177.32802020202,3.84849494949495
"4702",470.1,27.3239729545455,-177.239,3.8485
"4703",470.2,27.3565108333333,-177.180808695652,3.849
"4704",470.3,27.3204488,-177.221738095238,3.849
"4705",470.4,27.3341136090226,-177.298579439252,3.849
"4706",470.5,27.3269481954887,-177.293021505376,3.849
"4707",470.6,27.2999604545455,-177.319871287129,3.84850495049505
"4708",470.7,27.2995816666667,-177.26195,3.84849
"4709",470.8,27.287632,-177.22181,3.849
"4710",470.9,27.3118393984962,-177.24524,3.849
"4711",471,27.2992003007519,-177.257747474747,3.84850505050505
"4712",471.1,27.31143,-177.2115,3.849
"4713",471.2,27.3000209090909,-177.1955,3.849
"4714",471.3,27.2812402,-177.3,3.8485
"4715",471.4,27.2865008,-177.329582524272,3.849
"4716",471.5,27.261415049505,-177.290386138614,3.849
"4717",471.6,27.28664,-177.256195876289,3.84947422680412
"4718",471.7,27.2840685714286,-177.22975,3.84951
"4719",471.8,27.2874510526316,-177.1575,3.849
"4720",471.9,27.2865036842105,-177.108438202247,3.849
"4721",472,27.2856129,-177.144030927835,3.849
"4722",472.1,27.2678038636364,-177.082425742574,3.849
"4723",472.2,27.2902508333333,-177.0505,3.8485
"4724",472.3,27.278995,-177.107651376147,3.848
"4725",472.4,27.275245,-177.167282608696,3.848
"4726",472.5,27.2823188,-177.149235849057,3.84707547169811
"4727",472.6,27.2653202255639,-177.078430107527,3.84738709677419
"4728",472.7,27.2531472932331,-177.10597979798,3.849
"4729",472.8,27.2687892481203,-177.122578947368,3.849
"4730",472.9,27.2662403759399,-177.072386363636,3.849
"4731",473,27.2337914,-177.058843137255,3.849
"4732",473.1,27.238241,-177.072206185567,3.84851546391753
"4733",473.2,27.2307458415842,-177.0255,3.8485
"4734",473.3,27.2312489473684,-176.996941176471,3.849
"4735",473.4,27.2357677443609,-177.040204081633,3.84802040816327
"4736",473.5,27.2256381818182,-177.089545454545,3.84790909090909
"4737",473.6,27.2406542,-177.135444444444,3.849
"4738",473.7,27.2108578,-177.1255,3.8485
"4739",473.8,27.1719362406015,-177.0985,3.8485
"4740",473.9,27.1811918796992,-177.03,3.849
"4741",474,27.1952361363636,-176.997,3.849
"4742",474.1,27.2307891666667,-176.995166666667,3.849
"4743",474.2,27.1973718,-176.983352941176,3.849
"4744",474.3,27.2051084962406,-177.087684210526,3.849
"4745",474.4,27.2130107518797,-177.101524752475,3.85048514851485
"4746",474.5,27.2307083333333,-177.024186915888,3.85108411214953
"4747",474.6,27.2273825757576,-176.999195652174,3.84954347826087
"4748",474.7,27.2246663,-177.061636363636,3.849
"4749",474.8,27.2346182706767,-177.147111111111,3.849
"4750",474.9,27.2216107518797,-177.165047619048,3.849
"4751",475,27.2513593939394,-177.231263157895,3.849
"4752",475.1,27.2289654545455,-177.254,3.8485
"4753",475.2,27.2683441,-177.168336633663,3.84849504950495
"4754",475.3,27.2868127,-177.134,3.84851485148515
"4755",475.4,27.2434833663366,-177.060714285714,3.84842857142857
"4756",475.5,27.2384503759399,-176.984348837209,3.849
"4757",475.6,27.2602248120301,-177.050752136752,3.849
"4758",475.7,27.2759310526316,-177.05586746988,3.849
"4759",475.8,27.2968408270677,-176.976837837838,3.849
"4760",475.9,27.2789134,-176.958056179775,3.84856179775281
"4761",476,27.2768852631579,-176.932,3.848
"4762",476.1,27.2840055639098,-176.913,3.848
"4763",476.2,27.2961590909091,-176.946818181818,3.848
"4764",476.3,27.2915833333333,-176.961,3.8485
"4765",476.4,27.2879288888889,-176.932616161616,3.8499898989899
"4766",476.5,27.2581141791045,-176.876445544554,3.8500099009901
"4767",476.6,27.2607410447761,-176.83198,3.849
"4768",476.7,27.2551627067669,-176.865808695652,3.849
"4769",476.8,27.242087518797,-176.903928571429,3.84859523809524
"4770",476.9,27.2577233333333,-176.873,3.848
"4771",477,27.2591315841584,-176.912,3.848
"4772",477.1,27.2817298,-176.956783783784,3.848
"4773",477.2,27.2774429850746,-176.9305,3.84843333333333
"4774",477.3,27.2895474626866,-176.947737373737,3.84949494949495
"4775",477.4,27.28346,-176.97102970297,3.8490099009901
"4776",477.5,27.286143960396,-176.9065,3.8485
"4777",477.6,27.3039075757576,-176.8495,3.8485
"4778",477.7,27.3205081954887,-176.861424242424,3.848
"4779",477.8,27.3375909022556,-176.840641791045,3.84837313432836
"4780",477.9,27.3329794736842,-176.822575757576,3.849
"4781",478,27.2854531578947,-176.88152173913,3.8485652173913
"4782",478.1,27.2710160606061,-176.889058823529,3.84841176470588
"4783",478.2,27.2641283458647,-176.934772277228,3.84850495049505
"4784",478.3,27.2251208270677,-176.9105,3.845
"4785",478.4,27.2348742105263,-176.91198019802,3.84553465346535
"4786",478.5,27.2209794736842,-176.856,3.8485
"4787",478.6,27.2111660606061,-176.85301010101,3.84850505050505
"4788",478.7,27.2250202985075,-176.852,3.849
"4789",478.8,27.2449382089552,-176.781696969697,3.84850505050505
"4790",478.9,27.2357345864662,-176.823616161616,3.84850505050505
"4791",479,27.2307120300752,-176.819366336634,3.849
"4792",479.1,27.2294043434343,-176.747919191919,3.849
"4793",479.2,27.2482056435644,-176.749089108911,3.849
"4794",479.3,27.2421321782178,-176.746383838384,3.84849494949495
"4795",479.4,27.2237035338346,-176.747623762376,3.848
"4796",479.5,27.2115832330827,-176.732222222222,3.848
"4797",479.6,27.2154311363636,-176.73662,3.848
"4798",479.7,27.2111508333333,-176.715046728972,3.848
"4799",479.8,27.2314866666667,-176.692170212766,3.84846808510638
"4800",479.9,27.2416032089552,-176.776454545455,3.849
"4801",480,27.2328345522388,-176.775554455446,3.84849504950495
"4802",480.1,27.2247805263158,-176.722919191919,3.84850505050505
"4803",480.2,27.2500436842105,-176.77518,3.84849
"4804",480.3,27.2967967676768,-176.7945,3.848
"4805",480.4,27.277592238806,-176.73052,3.848
"4806",480.5,27.2517265671642,-176.679747474747,3.848
"4807",480.6,27.261245112782,-176.704,3.848
"4808",480.7,27.2604330827068,-176.74,3.848
"4809",480.8,27.2586156565657,-176.702247524753,3.848
"4810",480.9,27.2820448514852,-176.685732673267,3.848
"4811",481,27.3164419,-176.617,3.84842857142857
"4812",481.1,27.309522406015,-176.539505494506,3.8486043956044
"4813",481.2,27.2810111278195,-176.578144329897,3.848
"4814",481.3,27.3017052,-176.588560747664,3.84844859813084
"4815",481.4,27.2976372,-176.576396039604,3.849
"4816",481.5,27.3121618181818,-176.567739130435,3.8485652173913
"4817",481.6,27.323972238806,-176.615303030303,3.848
"4818",481.7,27.2966065671642,-176.593376237624,3.84848514851485
"4819",481.8,27.3081566165413,-176.645424242424,3.849
"4820",481.9,27.3487506015038,-176.657272727273,3.84850505050505
"4821",482,27.3026877777778,-176.594782608696,3.8484347826087
"4822",482.1,27.2871082089552,-176.577372093023,3.849
"4823",482.2,27.2616007462687,-176.49901,3.849
"4824",482.3,27.2872764661654,-176.44752,3.84851
"4825",482.4,27.249652406015,-176.46314,3.848
"4826",482.5,27.2550917171717,-176.50504,3.848
"4827",482.6,27.2781152238806,-176.50888,3.848
"4828",482.7,27.2549286567164,-176.517425742574,3.84848514851485
"4829",482.8,27.2377763636364,-176.6088,3.84852
"4830",482.9,27.2596778787879,-176.661258064516,3.848
"4831",483,27.2804692,-176.600842105263,3.84831578947368
"4832",483.1,27.2592604,-176.589454545455,3.84948484848485
"4833",483.2,27.234702,-176.60649,3.84804
"4834",483.3,27.2277147761194,-176.648782178218,3.8469702970297
"4835",483.4,27.2214013432836,-176.658738317757,3.848
"4836",483.5,27.2352084210526,-176.680795698925,3.848
"4837",483.6,27.2084189473684,-176.63912,3.848
"4838",483.7,27.2275714,-176.56532,3.848
"4839",483.8,27.2409112030075,-176.60348,3.84848
"4840",483.9,27.2246555639098,-176.63928,3.849
"4841",484,27.2566201515151,-176.6386,3.84852
"4842",484.1,27.2499686363636,-176.651636363636,3.84751515151515
"4843",484.2,27.2404544,-176.588747474747,3.84749494949495
"4844",484.3,27.2454147368421,-176.560078431373,3.848
"4845",484.4,27.2643094736842,-176.530303030303,3.84848484848485
"4846",484.5,27.2923,-176.53632,3.84851
"4847",484.6,27.2792166666667,-176.572921568627,3.848
"4848",484.7,27.2868772,-176.533222222222,3.848
"4849",484.8,27.3164459398496,-176.522586206897,3.848
"4850",484.9,27.2946790225564,-176.550904761905,3.84838095238095
"4851",485,27.2760354545455,-176.556212121212,3.84851515151515
"4852",485.1,27.2809748484848,-176.572777777778,3.84750505050505
"4853",485.2,27.2974825,-176.523712871287,3.84749504950495
"4854",485.3,27.301645,-176.498535353535,3.848
"4855",485.4,27.2866575247525,-176.502425742574,3.848
"4856",485.5,27.3049811278195,-176.54185,3.848
"4857",485.6,27.2958608270677,-176.557676767677,3.848
"4858",485.7,27.3146381954887,-176.634554455446,3.84849504950495
"4859",485.8,27.3016306766917,-176.67612,3.84851
"4860",485.9,27.298532,-176.617310344828,3.8484224137931
"4861",486,27.3090853383459,-176.577228915663,3.849
"4862",486.1,27.3196492481203,-176.497227722772,3.849
"4863",486.2,27.3173627272727,-176.452222222222,3.84850505050505
"4864",486.3,27.3131657575758,-176.469108910891,3.848
"4865",486.4,27.311425,-176.5188,3.848
"4866",486.5,27.312847518797,-176.524545454545,3.848
"4867",486.6,27.314877593985,-176.513366666667,3.84843333333333
"4868",486.7,27.2944792424242,-176.465720338983,3.84858474576271
"4869",486.8,27.3106762121212,-176.440373493976,3.848
"4870",486.9,27.2875775,-176.508529411765,3.848
"4871",487,27.2909225,-176.574816326531,3.8475306122449
"4872",487.1,27.2900988118812,-176.580040816327,3.84748979591837
"4873",487.2,27.2860022556391,-176.5125,3.848
"4874",487.3,27.2927616541353,-176.556,3.848
"4875",487.4,27.3001540151515,-176.582326732673,3.848
"4876",487.5,27.2523888636363,-176.54405050505,3.84849494949495
"4877",487.6,27.278372,-176.537,3.8485
"4878",487.7,27.2736978947368,-176.4945,3.848
"4879",487.8,27.2358557894737,-176.490363636364,3.848
"4880",487.9,27.2640345454545,-176.52039,3.84749
"4881",488,27.2606784848485,-176.48236,3.84751
"4882",488.1,27.2946225,-176.436356435644,3.848
"4883",488.2,27.2969604511278,-176.423,3.848
"4884",488.3,27.3116822556391,-176.440161616162,3.848
"4885",488.4,27.3006222727273,-176.467142857143,3.848
"4886",488.5,27.2860313636364,-176.441813953488,3.84762790697674
"4887",488.6,27.2885875,-176.388701030928,3.84747422680412
"4888",488.7,27.2831845864662,-176.41333,3.848
"4889",488.8,27.2905229323308,-176.3855,3.848
"4890",488.9,27.2921406818182,-176.338706422018,3.848
"4891",489,27.3186634090909,-176.349129032258,3.84574193548387
"4892",489.1,27.3262075757576,-176.362636363636,3.84547474747475
"4893",489.2,27.2872418,-176.356,3.848
"4894",489.3,27.2934374257426,-176.352919354839,3.848
"4895",489.4,27.2851893984962,-176.333210526316,3.84834210526316
"4896",489.5,27.2612269924812,-176.3365,3.849
"4897",489.6,27.2844045454545,-176.319615384615,3.849
"4898",489.7,27.2797984848485,-176.314811881188,3.84849504950495
"4899",489.8,27.2743,-176.319,3.848
"4900",489.9,27.2949019548872,-176.34604040404,3.84749494949495
"4901",490,27.2970297744361,-176.34699009901,3.8480099009901
"4902",490.1,27.2775992424242,-176.34296969697,3.84849494949495
"4903",490.2,27.2817962121212,-176.387714285714,3.848
"4904",490.3,27.2890812,-176.339382716049,3.848
"4905",490.4,27.2886290977444,-176.236756756757,3.848
"4906",490.5,27.3007794736842,-176.28967032967,3.84843956043956
"4907",490.6,27.3141357142857,-176.36235,3.849
"4908",490.7,27.31085,-176.34693,3.84851
"4909",490.8,27.3339802020202,-176.383919191919,3.848
"4910",490.9,27.334053,-176.387,3.8485
"4911",491,27.3341620792079,-176.352297029703,3.849
"4912",491.1,27.3392327819549,-176.33817,3.84851
"4913",491.2,27.3586839097744,-176.331,3.848
"4914",491.3,27.3670009090909,-176.303043103448,3.848
"4915",491.4,27.3373796969697,-176.303764705882,3.848
"4916",491.5,27.3564057575758,-176.4215,3.848
"4917",491.6,27.350731119403,-176.372517857143,3.848
"4918",491.7,27.3123355970149,-176.197775280899,3.848
"4919",491.8,27.339082556391,-176.254348837209,3.848
"4920",491.9,27.3441727819549,-176.275285714286,3.84742857142857
"4921",492,27.3404414141414,-176.2115,3.847
"4922",492.1,27.3312565671642,-176.2115,3.848
"4923",492.2,27.3569356716418,-176.221,3.848
"4924",492.3,27.3266920300752,-176.199008849558,3.848
"4925",492.4,27.3283536842105,-176.187354166667,3.84838541666667
"4926",492.5,27.3678042424242,-176.213641304348,3.849
"4927",492.6,27.3576423880597,-176.1481,3.84851
"4928",492.7,27.339343880597,-176.11214953271,3.84845794392523
"4929",492.8,27.3361718796993,-176.14864516129,3.84854838709677
"4930",492.9,27.3201793984962,-176.108495575221,3.84843362831858
"4931",493,27.3147804040404,-176.072,3.84857647058824
"4932",493.1,27.2928518811881,-176.111910891089,3.848
"4933",493.2,27.296087979798,-176.023,3.848
"4934",493.3,27.3052477443609,-175.9905,3.848
"4935",493.4,27.3086236842105,-176.0045,3.8475
"4936",493.5,27.3304978947368,-175.9835,3.8475
"4937",493.6,27.3321294736842,-176.013326732673,3.848
"4938",493.7,27.3100454545455,-176.052282828283,3.848
"4939",493.8,27.3319918796992,-176.058210526316,3.84887719298246
"4940",493.9,27.3333452631579,-176.042040816327,3.84926530612245
"4941",494,27.3065723308271,-176.076752808989,3.848
"4942",494.1,27.3238505263158,-176.086777777778,3.848
"4943",494.2,27.3254937373737,-176.0325,3.848
"4944",494.3,27.3195274626866,-175.963575757576,3.84850505050505
"4945",494.4,27.3382588059701,-175.991178217822,3.84849504950495
"4946",494.5,27.3478712781955,-176.0975,3.848
"4947",494.6,27.3436908270677,-176.086934579439,3.848
"4948",494.7,27.3495171717172,-176.040509615385,3.848
"4949",494.8,27.3493172277228,-176.066707865169,3.84843820224719
"4950",494.9,27.344176,-176.0505,3.8485
"4951",495,27.3559591044776,-175.9985,3.848
"4952",495.1,27.3995710447761,-175.984555555556,3.848
"4953",495.2,27.3547546616541,-175.971,3.848
"4954",495.3,27.3532133082707,-175.94416,3.84849
"4955",495.4,27.3644106060606,-175.922842592593,3.8485462962963
"4956",495.5,27.3453789552239,-175.889879120879,3.84845054945055
"4957",495.6,27.3312595522388,-175.829,3.8485
"4958",495.7,27.3307144360902,-175.847,3.848
"4959",495.8,27.3613084210526,-175.912936507937,3.848
"4960",495.9,27.3627145454545,-175.90516,3.848
"4961",496,27.3738761940298,-175.877,3.848
"4962",496.1,27.3709732089552,-175.950584158416,3.848
"4963",496.2,27.3639668421053,-175.938797979798,3.848
"4964",496.3,27.3571773684211,-175.87663,3.84902
"4965",496.4,27.3512832,-175.9315,3.849
"4966",496.5,27.3358809022556,-175.97412,3.848
"4967",496.6,27.3497305263158,-175.961070707071,3.84750505050505
"4968",496.7,27.3334228358209,-175.947,3.849
"4969",496.8,27.3478407462687,-175.8935,3.8495
"4970",496.9,27.3632192,-175.847,3.848
"4971",497,27.3642938,-175.860043478261,3.848
"4972",497.1,27.3640984,-175.886470588235,3.848
"4973",497.2,27.3862809774436,-175.8795,3.848
"4974",497.3,27.3937847368421,-175.799909090909,3.84850505050505
"4975",497.4,27.3711716541353,-175.7865,3.8485
"4976",497.5,27.4045626315789,-175.896333333333,3.848
"4977",497.6,27.3970970707071,-175.92788,3.848
"4978",497.7,27.408361641791,-175.880489361702,3.84659574468085
"4979",497.8,27.3971825373134,-175.9325,3.8465
"4980",497.9,27.4013203759398,-175.9105,3.848
"4981",498,27.4319143609023,-175.813181818182,3.848
"4982",498.1,27.3960241,-175.799871794872,3.848
"4983",498.2,27.4012509701493,-175.791023809524,3.84840476190476
"4984",498.3,27.3967360447761,-175.708035087719,3.84812280701754
"4985",498.4,27.4097254887218,-175.693862068966,3.84741379310345
"4986",498.5,27.4075976691729,-175.807797979798,3.848
"4987",498.6,27.3959162,-175.854470588235,3.84750980392157
"4988",498.7,27.3894958585859,-175.80012244898,3.84651020408163
"4989",498.8,27.3718562,-175.79,3.847
"4990",498.9,27.3807079850746,-175.800622641509,3.848
"4991",499,27.3187005223881,-175.826978947368,3.848
"4992",499.1,27.302957593985,-175.79211,3.848
"4993",499.2,27.2730252631579,-175.72176,3.84849
"4994",499.3,27.3330372,-175.70198019802,3.84851485148515
"4995",499.4,27.3338460902256,-175.647711340206,3.848
"4996",499.5,27.3548310526316,-175.655,3.8475
"4997",499.6,27.3402692481203,-175.647663461538,3.84794230769231
"4998",499.7,27.3200812781955,-175.625628865979,3.849
"4999",499.8,27.3245364,-175.652787878788,3.84851515151515
"5000",499.9,27.3446918796992,-175.615851485149,3.848
"5001",500,27.3346618045113,-175.633484848485,3.848
"5002",500.1,27.3458947368421,-175.66175,3.848
"5003",500.2,27.3440902255639,-175.617085106383,3.848
"5004",500.3,27.3204651,-175.615326315789,3.848
"5005",500.4,27.316037593985,-175.63888,3.848
"5006",500.5,27.3344360902256,-175.64692,3.848
"5007",500.6,27.3490302272727,-175.65128,3.84704
"5008",500.7,27.3637347727273,-175.71952,3.84696
"5009",500.8,27.3401664,-175.699642201835,3.848
"5010",500.9,27.3358824,-175.643677419355,3.848
"5011",501,27.3226140594059,-175.688130841122,3.848
"5012",501.1,27.3332503759398,-175.724933333333,3.84886666666667
"5013",501.2,27.3518443609023,-175.670405940594,3.8490297029703
"5014",501.3,27.3391494736842,-175.631727272727,3.848
"5015",501.4,27.3725178947369,-175.646801980198,3.848
"5016",501.5,27.3508067,-175.627844036697,3.84755963302752
"5017",501.6,27.3444651879699,-175.619053191489,3.84617021276596
"5018",501.7,27.3582621804511,-175.64884375,3.84640625
"5019",501.8,27.3677468421053,-175.61978,3.848
"5020",501.9,27.3589498496241,-175.62953,3.848
"5021",502,27.3558708,-175.649831683168,3.848
"5022",502.1,27.3336868421053,-175.648272727273,3.84848484848485
"5023",502.2,27.3248898496241,-175.69746,3.84851
"5024",502.3,27.3214375757576,-175.75493,3.848
"5025",502.4,27.3447860606061,-175.656346534653,3.848
"5026",502.5,27.3378372,-175.63647368421,3.84884210526316
"5027",502.6,27.341108,-175.735571428571,3.84925274725275
"5028",502.7,27.3337718811881,-175.75001010101,3.848
"5029",502.8,27.3109779699248,-175.694281553398,3.848
"5030",502.9,27.3519704511278,-175.651260869565,3.848
"5031",503,27.3384279699248,-175.664148514851,3.848
"5032",503.1,27.3694204511278,-175.597788990826,3.84844036697248
"5033",503.2,27.3569433,-175.5499,3.84856666666667
"5034",503.3,27.3534462406015,-175.61203,3.848
"5035",503.4,27.3735063909774,-175.65103960396,3.848
"5036",503.5,27.3544429545454,-175.622393939394,3.84993939393939
"5037",503.6,27.2999353787879,-175.554212121212,3.8500202020202
"5038",503.7,27.2824736,-175.567803921569,3.848
"5039",503.8,27.2766494736842,-175.564242424242,3.848
"5040",503.9,27.2934690225564,-175.52837,3.848
"5041",504,27.29327,-175.51491,3.84751
"5042",504.1,27.29702,-175.50968,3.84798
"5043",504.2,27.3252748,-175.53629,3.84802
"5044",504.3,27.3418868421053,-175.56856,3.84749
"5045",504.4,27.3120898496241,-175.55964,3.848
"5046",504.5,27.2973993939394,-175.565111111111,3.8489898989899
"5047",504.6,27.2881115151515,-175.595304347826,3.84913043478261
"5048",504.7,27.3260248484848,-175.584804597701,3.848
"5049",504.8,27.2753185,-175.615387755102,3.848
"5050",504.9,27.2749098019802,-175.66462745098,3.848
"5051",505,27.309797368421,-175.661469387755,3.848
"5052",505.1,27.3036093984962,-175.643445544554,3.84849504950495
"5053",505.2,27.3259872727273,-175.68134,3.84851
"5054",505.3,27.3148660606061,-175.66012,3.848
"5055",505.4,27.3045984,-175.577287128713,3.84945544554455
"5056",505.5,27.3197221052632,-175.54376,3.84956
"5057",505.6,27.340872481203,-175.48756,3.848
"5058",505.7,27.3322948484848,-175.45848,3.848
"5059",505.8,27.3300978787879,-175.544265306122,3.848
"5060",505.9,27.3242176,-175.603058823529,3.848
"5061",506,27.3526712781955,-175.531636363636,3.848
"5062",506.1,27.3346412030075,-175.560464646465,3.84750505050505
"5063",506.2,27.3258412121212,-175.572,3.8475
"5064",506.3,27.3418109090909,-175.498965517241,3.848
"5065",506.4,27.3372562,-175.545348837209,3.84839534883721
"5066",506.5,27.3428797,-175.59096,3.84852
"5067",506.6,27.3547071287129,-175.592878787879,3.848
"5068",506.7,27.3454031578947,-175.603757575758,3.848
"5069",506.8,27.3327715789474,-175.636910891089,3.848
"5070",506.9,27.3243877272727,-175.66021,3.84849
"5071",507,27.3430089393939,-175.623089108911,3.84851485148515
"5072",507.1,27.3208856,-175.502545454545,3.848
"5073",507.2,27.3257652631579,-175.41536,3.848
"5074",507.3,27.3341412030075,-175.430574074074,3.848
"5075",507.4,27.3711047368421,-175.420936842105,3.848
"5076",507.5,27.3925859398496,-175.380134020619,3.848
"5077",507.6,27.3728776767677,-175.401815533981,3.848
"5078",507.7,27.3887764661654,-175.439103092784,3.848
"5079",507.8,27.401212556391,-175.54827,3.848
"5080",507.9,27.389785037594,-175.619909090909,3.848
"5081",508,27.3980782706767,-175.585603773585,3.84847169811321
"5082",508.1,27.3845980808081,-175.492063829787,3.84806382978723
"5083",508.2,27.402262761194,-175.480108910891,3.847
"5084",508.3,27.4284791791045,-175.55871,3.84896
"5085",508.4,27.4102630075188,-175.58396039604,3.85051485148515
"5086",508.5,27.4157216541353,-175.561212121212,3.8490303030303
"5087",508.6,27.4036706060606,-175.55498,3.848
"5088",508.7,27.415008,-175.58589,3.848
"5089",508.8,27.4009254455446,-175.587771929825,3.848
"5090",508.9,27.3826804511278,-175.554229885057,3.848
"5091",509,27.3641992481203,-175.55768,3.848
"5092",509.1,27.3740851515152,-175.54196,3.848
"5093",509.2,27.3702821212121,-175.492181818182,3.848
"5094",509.3,27.3569098,-175.514584158416,3.84945544554455
"5095",509.4,27.3650012030075,-175.49028,3.84908
"5096",509.5,27.3913846616541,-175.42224,3.84748
"5097",509.6,27.3910250757576,-175.434857142857,3.848
"5098",509.7,27.3438356818182,-175.438681818182,3.848
"5099",509.8,27.3719595,-175.48012,3.84752
"5100",509.9,27.4011391729323,-175.541484848485,3.84748484848485
"5101",510,27.3926880451128,-175.55071,3.84751
"5102",510.1,27.3660169172932,-175.51105,3.84749
"5103",510.2,27.3689718045113,-175.54576,3.84849
"5104",510.3,27.3827126262626,-175.57613,3.84704
"5105",510.4,27.3850995049505,-175.543905982906,3.84625641025641
"5106",510.5,27.3567512,-175.491891566265,3.848
"5107",510.6,27.3214767669173,-175.510203703704,3.848
"5108",510.7,27.3362587218045,-175.475702970297,3.848
"5109",510.8,27.3466376691729,-175.420222222222,3.84755555555556
"5110",510.9,27.3424572180451,-175.407117647059,3.84749019607843
"5111",511,27.3664021212121,-175.41452,3.848
"5112",511.1,27.3629482089552,-175.35924,3.848
"5113",511.2,27.359142238806,-175.37016,3.84656
"5114",511.3,27.3771403759398,-175.39596,3.84644
"5115",511.4,27.3720727067669,-175.32056,3.848
"5116",511.5,27.3704492929293,-175.296842105263,3.84757894736842
"5117",511.6,27.3813385820896,-175.324652631579,3.84735789473684
"5118",511.7,27.3680923134328,-175.298727272727,3.848
"5119",511.8,27.346317443609,-175.258075471698,3.84762264150943
"5120",511.9,27.356377593985,-175.2452,3.8474
"5121",512,27.365275050505,-175.19208,3.848
"5122",512.1,27.36637,-175.226326732673,3.848
"5123",512.2,27.36837,-175.272724770642,3.848
"5124",512.3,27.3526484210526,-175.274857142857,3.84842857142857
"5125",512.4,27.3555431578947,-175.229212121212,3.84851515151515
"5126",512.5,27.359333,-175.22965,3.848
"5127",512.6,27.3776,-175.27888,3.84751
"5128",512.7,27.3857018811881,-175.19827,3.84749
"5129",512.8,27.3506762686567,-175.0688,3.84702
"5130",512.9,27.3448702985075,-175.09072,3.84698
"5131",513,27.3770705263158,-175.18491,3.848
"5132",513.1,27.3795366917293,-175.23166,3.848
"5133",513.2,27.3533387755102,-175.252881188119,3.8489702970297
"5134",513.3,27.3497623134328,-175.221121212121,3.8490303030303
"5135",513.4,27.3483220149254,-175.235843137255,3.848
"5136",513.5,27.3712481954887,-175.320535353535,3.848
"5137",513.6,27.3921730075188,-175.28236,3.84752
"5138",513.7,27.3916866666667,-175.16912,3.847
"5139",513.8,27.4060602985075,-175.181580645161,3.847
"5140",513.9,27.3971946268657,-175.243368421053,3.84731578947368
"5141",514,27.3890883458647,-175.18328,3.848
"5142",514.1,27.4092161654135,-175.13387755102,3.84897959183674
"5143",514.2,27.414071,-175.148,3.848
"5144",514.3,27.373808,-175.155099099099,3.8469009009009
"5145",514.4,27.3742620792079,-175.100366666667,3.848
"5146",514.5,27.4029992424242,-175.12617,3.84751
"5147",514.6,27.4278931818182,-175.109524752475,3.847
"5148",514.7,27.396889,-175.10472,3.84748
"5149",514.8,27.379133,-175.218484848485,3.848
"5150",514.9,27.380159,-175.17856,3.848
"5151",515,27.4018360150376,-175.07985,3.848
"5152",515.1,27.4051893984962,-175.081778761062,3.84843362831858
"5153",515.2,27.409025037594,-175.059620689655,3.8481724137931
"5154",515.3,27.4524084962406,-175.003733944954,3.847
"5155",515.4,27.4652953,-174.943,3.84743956043956
"5156",515.5,27.4458413533835,-175.0136,3.848
"5157",515.6,27.3993977443609,-175.042247524752,3.848
"5158",515.7,27.4626003030303,-174.974485148515,3.848
"5159",515.8,27.5048427272727,-174.930935483871,3.84762096774194
"5160",515.9,27.514415,-174.98696,3.84730666666667
"5161",516,27.4999234586466,-174.950313043478,3.848
"5162",516.1,27.5292016541354,-174.941857142857,3.84564285714285
"5163",516.2,27.4937227272727,-174.918931372549,3.84488235294118
"5164",516.3,27.5097984848485,-174.888263636364,3.84757272727273
"5165",516.4,27.4788745,-174.899968085106,3.847
"5166",516.5,27.5024502,-174.899065359477,3.84728104575163
"5167",516.6,27.5108226732673,-174.88991503268,3.84793464052288
"5168",516.7,27.4835245864662,-174.899214285714,3.847
"5169",516.8,27.4823065413534,-174.934928571429,3.847
"5170",516.9,27.5121845112782,-174.959137931034,3.84746551724138
"5171",517,27.5141995488722,-174.977589041096,3.848
"5172",517.1,27.5097524,-175.011608247423,3.84846391752577
"5173",517.2,27.5219743609023,-174.94904,3.84852
"5174",517.3,27.5039893984962,-174.87964,3.848
"5175",517.4,27.5420122727273,-174.91344,3.84752
"5176",517.5,27.5103304545454,-174.947821782178,3.847
"5177",517.6,27.501336,-174.885929292929,3.84747474747475
"5178",517.7,27.4986093233083,-174.782227722772,3.848
"5179",517.8,27.5177070676692,-174.822922413793,3.848
"5180",517.9,27.505145,-174.932071428571,3.84763095238095
"5181",518,27.492395,-174.92526,3.84559
"5182",518.1,27.5245109090909,-174.93814,3.84541
"5183",518.2,27.5009915841584,-174.975444444444,3.847
"5184",518.3,27.4930698019802,-174.95298019802,3.847
"5185",518.4,27.490834469697,-174.96939,3.847
"5186",518.5,27.5131602272727,-175.12273,3.847
"5187",518.6,27.5177955555556,-175.15212,3.847
"5188",518.7,27.5224884848485,-175.05459,3.84747
"5189",518.8,27.5082781,-174.922853211009,3.848
"5190",518.9,27.4850218796993,-174.919913043478,3.848
"5191",519,27.4533827819549,-174.965299065421,3.848
"5192",519.1,27.4510718181818,-174.981051546392,3.848
"5193",519.2,27.4400112121212,-175.024903225806,3.84754838709677
"5194",519.3,27.459498,-174.978333333333,3.847
"5195",519.4,27.4501430827068,-174.929242718447,3.847
"5196",519.5,27.4255866917293,-174.987340206186,3.847
"5197",519.6,27.4115077272727,-174.968717171717,3.84747474747475
"5198",519.7,27.4228334848485,-175.00164,3.848
"5199",519.8,27.4053681818182,-175.07792,3.84752
"5200",519.9,27.418157443609,-175.043405940594,3.84795049504951
"5201",520,27.4088266165414,-175.07895959596,3.84852525252525
"5202",520.1,27.385154469697,-175.123854368932,3.84753398058252
"5203",520.2,27.4045559848485,-175.095363636364,3.847
"5204",520.3,27.4081651515152,-175.076113402062,3.847
"5205",520.4,27.4036404,-175.068991150442,3.847
"5206",520.5,27.4194142574257,-175.136454545455,3.847
"5207",520.6,27.4024065413534,-175.15496,3.847
"5208",520.7,27.419782481203,-175.18908,3.84748
"5209",520.8,27.3957772727273,-175.242082568807,3.84755963302752
"5210",520.9,27.4088681818182,-175.193419642857,3.84665178571429
"5211",521,27.477139,-175.070769230769,3.846
"5212",521.1,27.5318677443609,-175.00442,3.84649
"5213",521.2,27.5198602255639,-174.956316831683,3.847
"5214",521.3,27.5349327272727,-174.926666666667,3.847
"5215",521.4,27.5405084848485,-174.917967032967,3.847
"5216",521.5,27.5227142424242,-174.908039215686,3.847
"5217",521.6,27.5424567669173,-174.975102040816,3.847
"5218",521.7,27.5651560150376,-175.083256637168,3.847
"5219",521.8,27.5339982706767,-175.055181818182,3.84740909090909
"5220",521.9,27.5021862406015,-174.971663716814,3.848
"5221",522,27.5500891919192,-174.982058823529,3.84758823529412
"5222",522.1,27.529251980198,-174.8855,3.847
"5223",522.2,27.5470843,-174.829333333333,3.847
"5224",522.3,27.5625540601504,-174.867684210526,3.847
"5225",522.4,27.5333736090225,-174.869247524752,3.847
"5226",522.5,27.5358373737374,-174.865831683168,3.847
"5227",522.6,27.5707946534653,-174.967545454546,3.847
"5228",522.7,27.5473246464647,-175.02287037037,3.8474537037037
"5229",522.8,27.5273063157895,-174.937419354839,3.84755913978495
"5230",522.9,27.5212010526316,-174.847510204082,3.84602040816326
"5231",523,27.5468776691729,-174.826411764706,3.84598039215686
"5232",523.1,27.5188701503759,-174.820846153846,3.847
"5233",523.2,27.4952490909091,-174.839568421053,3.847
"5234",523.3,27.5028221641791,-174.90587,3.847
"5235",523.4,27.5086355970149,-174.88997029703,3.847
"5236",523.5,27.4568451879699,-174.791,3.84747524752475
"5237",523.6,27.4522812781955,-174.797597938144,3.84751546391753
"5238",523.7,27.4806196969697,-174.931833333333,3.847
"5239",523.8,27.4816434328358,-175.023125,3.8485
"5240",523.9,27.4837479104478,-174.929711538462,3.84907692307692
"5241",524,27.4935039849624,-174.812175257732,3.847
"5242",524.1,27.4909851879699,-174.897831683169,3.847
"5243",524.2,27.4852659595959,-174.99812,3.847
"5244",524.3,27.5201403,-174.856841584158,3.847
"5245",524.4,27.528274950495,-174.79833,3.847
"5246",524.5,27.5187736090226,-174.885256410256,3.847
"5247",524.6,27.518284887218,-174.85554054054,3.847
"5248",524.7,27.5221938636364,-174.753474747475,3.84719191919192
"5249",524.8,27.5276256818182,-174.895189189189,3.84745945945946
"5250",524.9,27.5103744,-174.875408163265,3.8469387755102
"5251",525,27.5181537313433,-174.81204,3.84752
"5252",525.1,27.5160044776119,-174.814158415842,3.847
"5253",525.2,27.5676195488722,-174.825828282828,3.847
"5254",525.3,27.5759729323308,-174.8358,3.847
"5255",525.4,27.5890123232323,-174.866235294118,3.84747058823529
"5256",525.5,27.556316119403,-174.883484848485,3.84765151515151
"5257",525.6,27.5567414925373,-174.889014084507,3.847
"5258",525.7,27.574789924812,-174.829010416667,3.84744791666667
"5259",525.8,27.5491959398496,-174.76763099631,3.84747970479705
"5260",525.9,27.5506876,-174.783867158672,3.84637269372694
"5261",526,27.5390072,-174.800103321033,3.84526568265683
"5262",526.1,27.544278,-174.777214285714,3.847
"5263",526.2,27.5426323308271,-174.778367088608,3.847
"5264",526.3,27.5350458646617,-174.8172,3.847
"5265",526.4,27.5689092,-174.837010309278,3.848
"5266",526.5,27.5647344,-174.815405940594,3.84751485148515
"5267",526.6,27.5541733333333,-174.798128440367,3.847
"5268",526.7,27.5643046268657,-174.771666666667,3.847
"5269",526.8,27.5753792537313,-174.781276422764,3.84859349593496
"5270",526.9,27.5571912781955,-174.759651162791,3.84979069767442
"5271",527,27.5462890225564,-174.826739130435,3.847
"5272",527.1,27.5523358585859,-174.909058823529,3.847
"5273",527.2,27.5513511940299,-174.864040816327,3.847
"5274",527.3,27.5326049253731,-174.736204081633,3.847
"5275",527.4,27.5338930075188,-174.656582524272,3.847
"5276",527.5,27.568652406015,-174.66903960396,3.847
"5277",527.6,27.55854,-174.750578947368,3.847
"5278",527.7,27.5400681954887,-174.816542168675,3.84738554216867
"5279",527.8,27.532812556391,-174.8238125,3.8475625
"5280",527.9,27.5565817293233,-174.795134615385,3.847
"5282",528.1,27.5629975,-174.753051948052,3.847
"5283",528.2,27.5468099,-174.737773195876,3.847
"5284",528.3,27.5380972,-174.656554455446,3.847
"5285",528.4,27.5266952238806,-174.6301875,3.847
"5286",528.5,27.5046504477612,-174.723460674157,3.847
"5287",528.6,27.5405096992481,-174.795339805825,3.84746601941748
"5288",528.7,27.5181337593985,-174.724587628866,3.84660824742268
"5289",528.8,27.5470915151515,-174.662575757576,3.84548484848485
"5290",528.9,27.5437262686567,-174.644584615385,3.84637692307692
"5291",529,27.5238083582089,-174.620169014084,3.847
"5292",529.1,27.5228269924812,-174.763207920792,3.847
"5293",529.2,27.5630675939849,-174.808540816327,3.847
"5294",529.3,27.579354,-174.75848,3.84749
"5295",529.4,27.5672377443609,-174.765467889908,3.8475504587156
"5296",529.5,27.5794181954887,-174.759268817204,3.847
"5297",529.6,27.5659942424242,-174.74935,3.847
"5299",529.8,27.5618399,-174.724424242424,3.84751515151515
"5300",529.9,27.5453598,-174.683336633663,3.847
"5301",530,27.5574834653465,-174.630793103448,3.847
"5302",530.1,27.5535257575758,-174.595885057471,3.847
"5304",530.3,27.5883346,-174.596636363636,3.84651515151515
"5305",530.4,27.567547,-174.605544554455,3.84648514851485
"5306",530.5,27.5682997,-174.60656,3.847
"5307",530.6,27.5556072932331,-174.558522123894,3.847
"5309",530.8,27.5486003759398,-174.499363636364,3.84648484848485
"5311",531,27.5690316,-174.435,3.847
"5312",531.1,27.5808029323308,-174.398628318584,3.847
"5313",531.2,27.5689683458647,-174.435511363636,3.847
"5314",531.3,27.5787678195489,-174.471704081633,3.84747959183673
"5316",531.5,27.5803886,-174.436252336449,3.84741121495327
"5317",531.6,27.5911264661654,-174.522254385965,3.848
"5319",531.8,27.5697757575758,-174.43672,3.84648
"5321",532,27.5770159,-174.449068493151,3.847
"5322",532.1,27.6107097,-174.43928,3.847
"5323",532.2,27.5997783168317,-174.458,3.84748
"5324",532.3,27.5826184210526,-174.437428571429,3.84757142857143
"5325",532.4,27.5911447368421,-174.3905,3.847
"5326",532.5,27.6029135338346,-174.364086956522,3.847
"5327",532.6,27.5698308270677,-174.366375,3.846625
"5328",532.7,27.584133030303,-174.377555555556,3.84627777777778
"5329",532.8,27.5805854135338,-174.407452830189,3.847
"5331",533,27.57973,-174.333704081633,3.847
"5332",533.1,27.6055175,-174.357235849057,3.847
"5333",533.2,27.6010338,-174.37175,3.84655208333333
"5334",533.3,27.5902372932331,-174.378472222222,3.846
"5336",533.5,27.6288575,-174.4002,3.847
"5337",533.6,27.6344820588235,-174.444766990291,3.84793203883495
"5338",533.7,27.5819333333334,-174.372454545455,3.84809090909091
"5339",533.8,27.5679708,-174.272714285714,3.847
"5340",533.9,27.5710762376238,-174.291198019802,3.847
"5341",534,27.5541675,-174.261838383838,3.847
"5342",534.1,27.5494810294117,-174.261564356436,3.847
"5343",534.2,27.5302603,-174.254494949495,3.847
"5344",534.3,27.5502541,-174.283690909091,3.847
"5345",534.4,27.5290289,-174.34910989011,3.847
"5346",534.5,27.5152198496241,-174.360949494949,3.84937373737374
"5348",534.7,27.5445026717557,-174.311043478261,3.84586956521739
"5349",534.8,27.5393991176471,-174.31284,3.847
"5350",534.9,27.5434208,-174.326089108911,3.847
"5351",535,27.5596190225564,-174.28854,3.847
"5353",535.2,27.525265,-174.541146788991,3.84755963302752
"5354",535.3,27.5410204477612,-174.407714285714,3.847
"5355",535.4,27.5408184,-174.327818181818,3.847
"5356",535.5,27.5379483458647,-174.345343137255,3.84892156862745
"5357",535.6,27.5273547761194,-174.41454,3.84912
"5358",535.7,27.5426692424242,-174.421542056075,3.847
"5359",535.8,27.5514749253731,-174.306304347826,3.847
"5360",535.9,27.5493555,-174.24916,3.847
"5361",536,27.560531,-174.308,3.847
"5362",536.1,27.5641801980198,-174.334484848485,3.84748484848485
"5363",536.2,27.5568484210526,-174.305317307692,3.84752884615385
"5364",536.3,27.5557716176471,-174.286234693878,3.847
"5365",536.4,27.5674,-174.34003030303,3.847
"5366",536.5,27.5777319402985,-174.350108910891,3.84557425742574
"5367",536.6,27.5734594,-174.34495959596,3.84542424242424
"5368",536.7,27.5859940601504,-174.392724137931,3.847
"5369",536.8,27.6054419402985,-174.372714285714,3.847
"5370",536.9,27.5522081818182,-174.28288,3.847
"5371",537,27.5694294117648,-174.261425742574,3.847
"5372",537.1,27.6082248,-174.2019,3.847
"5373",537.2,27.5766033834586,-174.185554545454,3.847
"5374",537.3,27.5857956716418,-174.215711111111,3.847
"5375",537.4,27.5870263909774,-174.16364,3.84747
"5376",537.5,27.6221144776119,-174.158606060606,3.84657575757576
"5377",537.6,27.6150178787879,-174.123663366337,3.8459504950495
"5378",537.7,27.6042502970297,-174.119274509804,3.847
"5379",537.8,27.5786534653465,-174.152278350515,3.847
"5380",537.9,27.5567830075188,-174.132584158416,3.847
"5382",538.1,27.55725,-174.080326732673,3.84652475247525
"5383",538.2,27.546102,-174.111669354839,3.84637903225806
"5384",538.3,27.5422001010101,-174.176574468085,3.84675531914894
"5385",538.4,27.5411610526316,-174.209768292683,3.84564634146341
"5386",538.5,27.5441552941176,-174.103505050505,3.8459494949495
"5387",538.6,27.5409572932331,-174.061697247706,3.847
"5388",538.7,27.5458665671642,-174.07279661017,3.847
"5389",538.8,27.5663248,-174.058109589041,3.847
"5390",538.9,27.5597690225564,-174.05672,3.84652
"5391",539,27.5430065671642,-174.01392,3.84696
"5392",539.1,27.5360815037594,-174.018376237624,3.84752475247525
"5393",539.2,27.5418105970149,-174.026081081081,3.847
"5394",539.3,27.5474322222222,-174.030136363636,3.84659090909091
"5395",539.4,27.5370942105263,-174.035504950495,3.84647524752475
"5396",539.5,27.5670708955224,-174.058901960784,3.847
"5397",539.6,27.5778815789474,-174.100217391304,3.847
"5398",539.7,27.5631297014926,-174.089181818182,3.847
"5399",539.8,27.5400306060606,-173.9666875,3.847
"5400",539.9,27.59357,-173.924084033613,3.847
"5401",540,27.6403422772277,-173.921426829268,3.84667073170732
"5402",540.1,27.6541042105263,-174.010166666667,3.84641666666667
"5403",540.2,27.6432717647059,-174.062736263736,3.847
"5404",540.3,27.6305498484848,-174.02405982906,3.847
"5405",540.4,27.6485279104477,-173.996048780488,3.84735365853659
"5406",540.5,27.646666,-174.008438596491,3.84758771929825
"5407",540.6,27.6122420149254,-174.000197802198,3.847
"5408",540.7,27.6264084848485,-173.954871287129,3.847
"5409",540.8,27.6001205263158,-173.98220212766,3.847
"5410",540.9,27.5845247058824,-173.962232323232,3.847
"5411",541,27.5575126262626,-173.923712871287,3.847
"5412",541.1,27.5403541044776,-173.872485714286,3.84655238095238
"5413",541.2,27.5477186363636,-173.847631578947,3.84644210526316
"5414",541.3,27.5466089473684,-173.926737373737,3.84605050505051
"5415",541.4,27.5451607462686,-173.917971962617,3.84544859813084
"5416",541.5,27.592356969697,-173.811,3.84643617021277
"5417",541.6,27.581802970297,-173.80583,3.847
"5418",541.7,27.558153,-173.77791,3.847
"5419",541.8,27.5527273684211,-173.706465346535,3.847
"5420",541.9,27.5382841791045,-173.703224489796,3.8465306122449
"5421",542,27.5393205,-173.755247524752,3.84647524752475
"5422",542.1,27.5455355,-173.7171,3.84653
"5423",542.2,27.5552441414141,-173.676774509804,3.84646078431372
"5424",542.3,27.5592359701493,-173.689989795918,3.84745918367347
"5425",542.4,27.5526649253731,-173.713357142857,3.84704081632653
"5426",542.5,27.5485842105263,-173.710207920792,3.84648514851485
"5427",542.6,27.5334520588236,-173.716782178218,3.847
"5428",542.7,27.5650245454546,-173.753363636364,3.847
"5429",542.8,27.5384841791045,-173.677673267327,3.84747524752475
"5430",542.9,27.5234431818182,-173.6385,3.84753
"5431",543,27.5513868421053,-173.687141414141,3.847
"5432",543.1,27.5957625373135,-173.6534,3.8466
"5433",543.2,27.6440245,-173.677506172839,3.84634567901234
"5434",543.3,27.6572531578947,-173.682765217391,3.84781739130435
"5435",543.4,27.6603415151516,-173.637534883721,3.84825581395349
"5436",543.5,27.6224011278196,-173.674191919192,3.847
"5437",543.6,27.6422402985074,-173.703754716981,3.847
"5438",543.7,27.6157992,-173.757872340426,3.847
"5439",543.8,27.6237516,-173.808742574257,3.84653465346535
"5440",543.9,27.6408552,-173.776367346939,3.846
"5441",544,27.6335549253731,-173.714059405941,3.84647524752475
"5442",544.1,27.6437620895522,-173.69322,3.847
"5443",544.2,27.6077457894737,-173.71546,3.84794
"5444",544.3,27.6126705970149,-173.682904347826,3.84695652173913
"5445",544.4,27.6364268686869,-173.638898876405,3.84507865168539
"5446",544.5,27.6517856716418,-173.680315789474,3.847
"5447",544.6,27.6403490909091,-173.684213592233,3.847
"5448",544.7,27.6418965413534,-173.718927835052,3.847
"5449",544.8,27.629439117647,-173.7372,3.8466
"5450",544.9,27.644823,-173.70262962963,3.84634567901235
"5451",545,27.6528263157895,-173.689479591837,3.847
"5452",545.1,27.6550063636363,-173.613609090909,3.84655454545454
"5453",545.2,27.6065348120301,-173.585033333333,3.84643333333333
"5454",545.3,27.5598343283582,-173.604570093458,3.847
"5455",545.4,27.5538488,-173.613273684211,3.847
"5456",545.5,27.5559884,-173.690811881188,3.847
"5457",545.6,27.5676814851485,-173.721917525773,3.847
"5458",545.7,27.5586648484848,-173.662607476636,3.847
"5459",545.8,27.5727008955224,-173.758816793893,3.847
"5460",545.9,27.5528536,-173.895285714286,3.847
"5461",546,27.5546092,-173.784881188119,3.847
"5462",546.1,27.5856136,-173.806387755102,3.84747959183674
"5463",546.2,27.6052256716418,-173.798683333333,3.84555
"5464",546.3,27.5830595522388,-173.701831325301,3.84374698795181
"5465",546.4,27.5865857894737,-173.706202020202,3.847
"5466",546.5,27.5737352941176,-173.695595959596,3.847
"5467",546.6,27.5670314,-173.72272,3.847
"5468",546.7,27.5506361616162,-173.743,3.84652
"5469",546.8,27.5505932673267,-173.674971223022,3.84634532374101
"5470",546.9,27.5675063636364,-173.553258064516,3.847
"5471",547,27.5707588059701,-173.6161953125,3.8466328125
"5472",547.1,27.5524095,-173.652341176471,3.84622352941177
"5473",547.2,27.5733240909091,-173.62993877551,3.847
"5474",547.3,27.591908358209,-173.571867924528,3.847
"5475",547.4,27.5993254545455,-173.549071428571,3.847
"5476",547.5,27.6080841176471,-173.543222222222,3.847
"5477",547.6,27.6094881818182,-173.61798,3.847
"5478",547.7,27.6079836,-173.622752380952,3.84655238095238
"5479",547.8,27.5965828712872,-173.5939375,3.8464375
"5480",547.9,27.5751653383459,-173.627816513761,3.847
"5481",548,27.5973472058823,-173.577782608696,3.847
"5482",548.1,27.5899552272727,-173.573459183673,3.84654081632653
"5483",548.2,27.5996559701492,-173.63557,3.846
"5484",548.3,27.6105412,-173.649413461538,3.84645192307692
"5485",548.4,27.6048457894737,-173.591505263158,3.847
"5486",548.5,27.5982107462687,-173.597206896552,3.847
"5487",548.6,27.5985590909091,-173.5954,3.847
"5488",548.7,27.6026823529412,-173.6201,3.84653
"5489",548.8,27.6195404,-173.610405940594,3.846
"5490",548.9,27.6359236,-173.654414141414,3.846
"5491",549,27.624909009901,-173.71362,3.84694
"5492",549.1,27.6104607575758,-173.700970873786,3.84708737864078
"5493",549.2,27.6038507352941,-173.676916666667,3.84645833333333
"5494",549.3,27.594601010101,-173.570396039604,3.847
"5495",549.4,27.5786212,-173.499227722772,3.847
"5496",549.5,27.5861312,-173.461515151515,3.847
"5497",549.6,27.5921272727273,-173.42912,3.847
"5498",549.7,27.5489717647058,-173.49656,3.847
"5499",549.8,27.5874,-173.57171,3.847
"5500",549.9,27.6051018,-173.65119,3.847
"5501",550,27.5988304,-173.674101694915,3.84859322033898
"5502",550.1,27.5985142857143,-173.589987804878,3.84993902439024
"5503",550.2,27.616775882353,-173.61085,3.84706
"5504",550.3,27.6059590909091,-173.60392,3.84647
"5505",550.4,27.6051911764706,-173.653693877551,3.847
"5506",550.5,27.6112956,-173.630287037037,3.847
"5507",550.6,27.6243996240601,-173.561127659574,3.847
"5508",550.7,27.6112994029851,-173.589782178218,3.847
"5509",550.8,27.6296954545454,-173.59732,3.847
"5510",550.9,27.6408682352941,-173.603238095238,3.847
"5511",551,27.6385236363636,-173.593861702128,3.847
"5512",551.1,27.6270348,-173.573646464647,3.84652525252525
"5513",551.2,27.6155318811881,-173.617316831683,3.846
"5514",551.3,27.5928472727273,-173.628851485149,3.846
"5515",551.4,27.5725111764706,-173.62075862069,3.84639655172414
"5516",551.5,27.5942645454545,-173.562642857143,3.84664285714286
"5517",551.6,27.5889692,-173.515018867924,3.846
"5518",551.7,27.5933553,-173.487591397849,3.846
"5519",551.8,27.5933569924812,-173.5527,3.846
"5520",551.9,27.5679782352941,-173.534694214876,3.84638842975207
"5521",552,27.5988245454545,-173.515333333333,3.84666666666667
"5522",552.1,27.5970105882353,-173.5524,3.84648
"5523",552.2,27.5558381818182,-173.507,3.84652941176471
"5524",552.3,27.5704655970149,-173.37664,3.84646
"5525",552.4,27.5713127272727,-173.346553571429,3.847
"5526",552.5,27.5680065413534,-173.409204545455,3.84661363636364
"5527",552.6,27.5779535294118,-173.395303030303,3.84692929292929
"5528",552.7,27.5756318181818,-173.401455445545,3.84706930693069
"5529",552.8,27.5648434,-173.384359223301,3.846
"5530",552.9,27.5340797029703,-173.373556603774,3.846
"5531",553,27.5395360150376,-173.380888888889,3.846
"5532",553.1,27.5559211940298,-173.43928,3.846
"5533",553.2,27.5585818181818,-173.42304040404,3.84647474747475
"5534",553.3,27.5631479,-173.394326732673,3.847
"5535",553.4,27.5642638,-173.378834951456,3.847
"5536",553.5,27.5930260902256,-173.369469387755,3.84610204081633
"5537",553.6,27.5972568656716,-173.420848484849,3.84592929292929
"5538",553.7,27.5890265,-173.40319,3.847
"5539",553.8,27.5876871287129,-173.357464646465,3.847
"5540",553.9,27.5859090909091,-173.364553398058,3.8451359223301
"5541",554,27.5787437593985,-173.368663265306,3.84483673469388
"5542",554.1,27.5553858823529,-173.347898989899,3.84652525252525
"5543",554.2,27.5569072727273,-173.354941176471,3.846
"5544",554.3,27.5631853731343,-173.376285714286,3.846
"5545",554.4,27.5470523,-173.308097560976,3.846
"5546",554.5,27.567587593985,-173.284911392405,3.8463164556962
"5547",554.6,27.56843,-173.28790990991,3.84658558558559
"5548",554.7,27.5704617293233,-173.345159090909,3.84639772727273
"5549",554.8,27.5319037313433,-173.428292929293,3.84605050505051
"5550",554.9,27.585144040404,-173.361113207547,3.845
"5551",555,27.574511,-173.3263125,3.8454375
"5552",555.1,27.5569456435644,-173.327192982456,3.846
"5553",555.2,27.5420205263158,-173.321162790698,3.846
"5554",555.3,27.5386768656716,-173.28448,3.846
"5555",555.4,27.534368989899,-173.285834951456,3.84644660194175
"5556",555.5,27.5714753465347,-173.242113402062,3.84655670103093
"5557",555.6,27.5942794949495,-173.135787878788,3.846
"5558",555.7,27.6120689552239,-173.19446,3.846
"5559",555.8,27.6180928358209,-173.21996969697,3.846
"5560",555.9,27.6390647368421,-173.193037735849,3.84735849056604
"5561",556,27.6566846268657,-173.1658125,3.8476875
"5562",556.1,27.6416882828283,-173.203346938776,3.846
"5563",556.2,27.6424855223881,-173.23224,3.846
"5564",556.3,27.6348287878788,-173.1672,3.846
"5565",556.4,27.6458385714286,-173.132988372093,3.846
"5566",556.5,27.6020320588235,-173.063291262136,3.84645631067961
"5567",556.6,27.6157438383838,-173.093824742268,3.84654639175258
"5568",556.7,27.6198968627451,-173.08859,3.84647
"5569",556.8,27.6335308,-173.119757575758,3.84652525252525
"5570",556.9,27.6275337593985,-173.1632,3.84648
"5571",557,27.6452249253731,-173.127277227723,3.84652475247525
"5572",557.1,27.6428027272727,-173.122353448276,3.846
"5573",557.2,27.6273121,-173.211095238095,3.846
"5574",557.3,27.631635959596,-173.181363636364,3.846
"5575",557.4,27.6374114285714,-173.141396039604,3.846
"5576",557.5,27.6251997014925,-173.137138613861,3.846
"5577",557.6,27.5991238,-173.085509803922,3.84645098039216
"5578",557.7,27.5829034,-173.116666666667,3.84654166666667
"5579",557.8,27.5639856565657,-173.118764705882,3.84680672268908
"5580",557.9,27.5556252238806,-173.070913580247,3.84728395061728
"5581",558,27.5848670149254,-173.065028571429,3.846
"5582",558.1,27.58691,-173.084298969072,3.846
"5583",558.2,27.5894129411765,-173.101474226804,3.846
"5584",558.3,27.5811677777778,-173.072215686274,3.84648039215686
"5585",558.4,27.5889071641791,-173.051393939394,3.84652525252525
"5586",558.5,27.5819484848485,-173.076330275229,3.84644036697248
"5587",558.6,27.5758228571429,-173.0725,3.847
"5588",558.7,27.569851641791,-173.01686,3.84794
"5589",558.8,27.5821828282828,-173.009514285714,3.84720952380952
"5590",558.9,27.5922052475248,-173.00614893617,3.84544680851064
"5591",559,27.5884148,-172.942490909091,3.846
"5592",559.1,27.5844042857143,-172.958175824176,3.846
"5593",559.2,27.5735325373134,-173.011724489796,3.846
"5594",559.3,27.562014,-173.022333333333,3.84648039215686
"5595",559.4,27.5707228,-173.01368,3.847
"5596",559.5,27.5832256565657,-173.023769230769,3.84654807692308
"5597",559.6,27.579545,-173.0746875,3.846
"5598",559.7,27.5806095522388,-173.09398,3.84694
"5599",559.8,27.5948542857143,-173.10777,3.84706
"5600",559.9,27.6091235820896,-173.052672566372,3.846
"5601",560,27.5704844,-172.985675675676,3.846
"5602",560.1,27.5659685714286,-172.988825,3.846
"5603",560.2,27.5590112121212,-172.970941176471,3.846
"5604",560.3,27.5761365413534,-172.976344086021,3.84644086021505
"5605",560.4,27.5652364705882,-172.980118811881,3.84652475247525
"5606",560.5,27.586224,-172.956900826446,3.846
"5607",560.6,27.569786,-172.96864556962,3.84632911392405
"5608",560.7,27.539058,-173.064404040404,3.84605050505051
"5609",560.8,27.5645628571429,-173.03648,3.84548
"5610",560.9,27.5724991044776,-172.945217821782,3.846
"5611",561,27.5939774,-172.99681372549,3.846
"5612",561.1,27.5846798,-173.06145631068,3.846
"5613",561.2,27.5668886868687,-173.122191489362,3.84644680851064
"5614",561.3,27.5643551879699,-173.105757281553,3.84653398058252
"5615",561.4,27.5599713432836,-173.006909090909,3.846
"5616",561.5,27.5517159,-173.031247524752,3.846
"5617",561.6,27.5741148,-173.0385,3.84645918367347
"5618",561.7,27.6245749,-173.031177570094,3.847
"5619",561.8,27.6827220300752,-172.996260869565,3.8465652173913
"5620",561.9,27.6883610447761,-172.96802970297,3.846
"5621",562,27.7167660902256,-172.907660194175,3.846
"5622",562.1,27.7306035294117,-172.842546391753,3.846
"5623",562.2,27.6997672,-172.853090909091,3.846
"5624",562.3,27.7031157142857,-172.94464,3.846
"5625",562.4,27.6941481818182,-173.007,3.846
"5626",562.5,27.6898154887218,-173.023137254902,3.846
"5627",562.6,27.6909537313433,-172.998541666667,3.84645833333333
"5628",562.7,27.6977792,-172.980584158416,3.84652475247525
"5629",562.8,27.6772616,-172.920888888889,3.846
"5630",562.9,27.6155353,-172.925962264151,3.846
"5631",563,27.5843462406015,-172.934857142857,3.846
"5632",563.1,27.5931929850747,-172.868166666667,3.846
"5633",563.2,27.5983332,-172.87792,3.84648
"5634",563.3,27.5806639,-172.91995049505,3.84652475247525
"5635",563.4,27.6087375,-172.895871287129,3.846
"5636",563.5,27.6315571428571,-172.882333333333,3.84646464646465
"5637",563.6,27.6273791044777,-172.85864,3.847
"5638",563.7,27.6446803007519,-172.81576,3.84653
"5639",563.8,27.6141155223881,-172.81577,3.846
"5640",563.9,27.6188333,-172.8251,3.846
"5641",564,27.6171684210526,-172.8685390625,3.846
"5642",564.1,27.5866071641791,-172.884597222222,3.84573611111111
"5643",564.2,27.6032745454545,-172.8017,3.84547
"5644",564.3,27.6252735294118,-172.816224299065,3.846
"5645",564.4,27.6003781,-172.848,3.846
"5646",564.5,27.5923472,-172.828376237624,3.846
"5647",564.6,27.5984579207921,-172.7639,3.84506
"5648",564.7,27.6345089393939,-172.78748,3.84494
"5649",564.8,27.6321641791045,-172.828676767677,3.846
"5650",564.9,27.5929628,-172.864857142857,3.846
"5651",565,27.5872233,-172.885306122449,3.846
"5652",565.1,27.5790487,-172.867,3.84640860215054
"5653",565.2,27.5783056818182,-172.83340625,3.84653125
"5654",565.3,27.571751641791,-172.762784313725,3.846
"5655",565.4,27.567808,-172.748,3.846
"5656",565.5,27.56488,-172.73495,3.846
"5657",565.6,27.566518,-172.798887850467,3.84643925233645
"5658",565.7,27.5741812781955,-172.831080808081,3.84659595959596
"5659",565.8,27.6061289705882,-172.79847311828,3.846
"5660",565.9,27.6004663636364,-172.819465346535,3.846
"5661",566,27.5867920588235,-172.815747474747,3.846
"5662",566.1,27.6164047,-172.740362831858,3.84557522123894
"5663",566.2,27.6336469924812,-172.7560625,3.8453125
"5664",566.3,27.6060276119403,-172.721302631579,3.846
"5665",566.4,27.617145,-172.75819,3.84553
"5666",566.5,27.6167389552239,-172.76308490566,3.84677358490566
"5667",566.6,27.589754,-172.742092783505,3.84773195876288
"5668",566.7,27.591078,-172.812960784314,3.846
"5669",566.8,27.6017793069307,-172.870595744681,3.846
"5670",566.9,27.5901752272727,-172.855771428571,3.846
"5671",567,27.5649480597015,-172.815231578947,3.846
"5672",567.1,27.625604,-172.789292682927,3.84639024390244
"5673",567.2,27.653658,-172.760473684211,3.84667105263158
"5674",567.3,27.635128,-172.762086538462,3.846
"5675",567.4,27.6071573684211,-172.833459183673,3.846
"5676",567.5,27.6091852941177,-172.86209,3.84647
"5677",567.6,27.6420359090909,-172.77392173913,3.84659130434783
"5678",567.7,27.643086119403,-172.704694117647,3.846
"5679",567.8,27.61879,-172.783061403509,3.846
"5680",567.9,27.6277994736842,-172.842528846154,3.846
"5681",568,27.624356119403,-172.829567010309,3.846
"5682",568.1,27.6196921212121,-172.837676190476,3.846
"5683",568.2,27.6320970588235,-172.8336875,3.846
"5684",568.3,27.640994,-172.867981981982,3.846
"5685",568.4,27.623398,-172.7804,3.8452
"5686",568.5,27.6117824752475,-172.738141414141,3.84539393939394
"5687",568.6,27.6365396240602,-172.77387826087,3.84659130434783
"5688",568.7,27.6625395522388,-172.756141176471,3.846
"5689",568.8,27.6360627272727,-172.78556,3.846
"5690",568.9,27.634882,-172.84719,3.846
"5691",569,27.63112,-172.85322,3.846
"5692",569.1,27.6657658646617,-172.811740384615,3.846
"5693",569.2,27.7200653731344,-172.809826923077,3.846
"5694",569.3,27.7015036363636,-172.776612903226,3.84641935483871
"5695",569.4,27.7052046,-172.74142,3.847
"5696",569.5,27.6846307,-172.760728971963,3.84657009345794
"5697",569.6,27.6978784210527,-172.7826,3.846
"5698",569.7,27.7414300000001,-172.800709677419,3.846
"5699",569.8,27.6938239393939,-172.73956,3.846
"5700",569.9,27.7016023529412,-172.688222222222,3.84646464646465
"5701",570,27.677512,-172.719079207921,3.84653465346535
"5702",570.1,27.671907518797,-172.750769911504,3.846
"5703",570.2,27.6534365671642,-172.75015,3.846
"5704",570.3,27.678746969697,-172.705757894737,3.84565263157895
"5705",570.4,27.7041223529412,-172.68147826087,3.84541304347826
"5706",570.5,27.6994223232323,-172.71628,3.846
"5707",570.6,27.7256297,-172.72586,3.846
"5708",570.7,27.7157448039216,-172.702828282828,3.846
"5709",570.8,27.7055640909091,-172.68151,3.84647
"5710",570.9,27.7077213235294,-172.690626262626,3.84652525252525
"5711",571,27.7077545454545,-172.731058823529,3.846
"5712",571.1,27.710788,-172.684292929293,3.846
"5713",571.2,27.6980806060606,-172.689878504673,3.846
"5714",571.3,27.6916078947368,-172.776957446808,3.84557446808511
"5715",571.4,27.6920344776119,-172.794551724138,3.84579310344828
"5716",571.5,27.6808052631579,-172.737638554217,3.84663855421687
"5717",571.6,27.6669035820895,-172.720297029703,3.846
"5718",571.7,27.6637448484848,-172.717366336634,3.846
"5719",571.8,27.6572805970149,-172.675020408163,3.846
"5720",571.9,27.6351211940299,-172.70398,3.846
"5721",572,27.6655622556391,-172.715869565217,3.846
"5722",572.1,27.6941458823529,-172.725447058824,3.846
"5723",572.2,27.6681798989899,-172.74297029703,3.84646534653465
"5724",572.3,27.6625788,-172.776254901961,3.84654901960784
"5725",572.4,27.6666323762376,-172.757326530612,3.846
"5726",572.5,27.6620263909774,-172.643414141414,3.846
"5727",572.6,27.6562204477612,-172.58158,3.846
"5728",572.7,27.671615050505,-172.536895238095,3.846
"5729",572.8,27.6767296039604,-172.4894375,3.846
"5730",572.9,27.6704011111111,-172.47904040404,3.846
"5731",573,27.6532969172932,-172.52819,3.84647
"5732",573.1,27.6281586567164,-172.50237,3.84653
"5733",573.2,27.6286012,-172.482504347826,3.84640869565217
"5734",573.3,27.6405177,-172.512465116279,3.84774418604651
"5735",573.4,27.6550142,-172.536198019802,3.84763366336634
"5736",573.5,27.6616235338346,-172.558894736842,3.846
"5737",573.6,27.6666476470588,-172.628309523809,3.846
"5738",573.7,27.6713421212121,-172.583304347826,3.846
"5739",573.8,27.701575522388,-172.557317647059,3.84562352941177
"5740",573.9,27.7154547,-172.476277227723,3.84546534653465
"5741",574,27.7109569172932,-172.484545454545,3.846
"5742",574.1,27.68831,-172.487366336634,3.846
"5743",574.2,27.660850150376,-172.469984126984,3.84636507936508
"5744",574.3,27.6414741791045,-172.463810810811,3.84672972972973
"5745",574.4,27.6761876767677,-172.47934,3.846
"5746",574.5,27.698267,-172.477343434343,3.846
"5747",574.6,27.6903696039604,-172.493297029703,3.846
"5748",574.7,27.6838753383459,-172.501619469027,3.846
"5749",574.8,27.6909137313433,-172.451848837209,3.846
"5750",574.9,27.6972535353535,-172.41193,3.846
"5751",575,27.7066421782178,-172.407681415929,3.846
"5752",575.1,27.6978219191919,-172.438270833333,3.84635416666667
"5753",575.2,27.6791573684211,-172.398007194245,3.84727338129496
"5754",575.3,27.6577667164179,-172.405920863309,3.8479928057554
"5755",575.4,27.663257368421,-172.48255,3.846
"5756",575.5,27.644613880597,-172.408188034188,3.846
"5757",575.6,27.647546969697,-172.406891566265,3.846
"5758",575.7,27.648497761194,-172.370990196078,3.846
"5759",575.8,27.637526119403,-172.343454545455,3.84554545454545
"5760",575.9,27.6324552631579,-172.382404040404,3.84546464646465
"5761",576,27.6158925,-172.425059405941,3.846
"5762",576.1,27.6476642424242,-172.42602,3.84646
"5763",576.2,27.6674964705882,-172.381602739726,3.847
"5765",576.4,27.6453452631579,-172.318647058824,3.846
"5766",576.5,27.6135035820896,-172.274974358974,3.846
"5767",576.6,27.6470967676768,-172.33378313253,3.846
"5768",576.7,27.6654127,-172.404247619048,3.846
"5769",576.8,27.6605574747475,-172.369114583333,3.846
"5770",576.9,27.6512805263158,-172.298636363636,3.846
"5771",577,27.6415841791045,-172.281574257426,3.846
"5772",577.1,27.6487326,-172.29765,3.84555
"5773",577.2,27.623639,-172.277360946746,3.84526627218935
"5774",577.3,27.632277,-172.235940828402,3.84585798816568
"5775",577.4,27.64641,-172.281818181818,3.846
"5776",577.5,27.6473897014925,-172.242,3.846
"5777",577.6,27.6783731578947,-172.240980392157,3.846
"5778",577.7,27.6797523529413,-172.273247524752,3.84556435643564
"5779",577.8,27.6193962,-172.2741875,3.84538392857143
"5780",577.9,27.62305,-172.236790697674,3.846
"5781",578,27.6491348484849,-172.255633663366,3.846
"5782",578.1,27.6636621052632,-172.272794392523,3.846
"5783",578.2,27.6468223880597,-172.191404255319,3.846
"5784",578.3,27.6389074,-172.1408,3.846
"5785",578.4,27.6154876,-172.178602409639,3.846
"5786",578.5,27.6101864356436,-172.168891089109,3.846
"5787",578.6,27.6274328030303,-172.1756,3.8456
"5788",578.7,27.6330871641791,-172.174449438202,3.84538202247191
"5789",578.8,27.6379974,-172.161064220183,3.846
"5790",578.9,27.6471374,-172.222153846154,3.846
"5791",579,27.6454772,-172.290059405941,3.84555445544554
"5792",579.1,27.6469622727273,-172.214772277228,3.84587128712871
"5793",579.2,27.6352394117647,-172.127545454545,3.84656565656566
"5794",579.3,27.6499051515151,-172.137691729323,3.846
"5795",579.4,27.6640153,-172.206166666667,3.846
"5796",579.5,27.6886142,-172.1487,3.84555
"5797",579.6,27.7287530827068,-172.13804950495,3.84544554455446
"5798",579.7,27.7458317647059,-172.154111111111,3.84555555555556
"5799",579.8,27.7296536363636,-172.180735849057,3.84542452830189
"5800",579.9,27.7129752941176,-172.142735294118,3.84561764705882
"5801",580,27.7076388,-172.164869565217,3.84459782608696
"5802",580.1,27.699063,-172.108702970297,3.84444554455446
"5803",580.2,27.692430990099,-172.02644,3.84544
"5804",580.3,27.6895416666666,-172.045597014925,3.846
"5805",580.4,27.7267989552239,-172.056176470588,3.846
"5806",580.5,27.7564918,-172.0485625,3.846
"5807",580.6,27.7548186,-172.009804878049,3.84637398373984
"5808",580.7,27.7138416,-171.998092105263,3.84639473684211
"5809",580.8,27.6978909090909,-172.034217741935,3.84537903225806
"5810",580.9,27.7131082089552,-172.000493333333,3.846
"5811",581,27.7262014,-171.985653465347,3.84552475247525
"5812",581.1,27.7437535,-171.97749,3.84547
"5813",581.2,27.7309666,-172.02674,3.846
"5814",581.3,27.7168230075188,-172.001285714286,3.846
"5815",581.4,27.7141767164179,-171.936319587629,3.846
"5816",581.5,27.7132992481203,-172.022265306122,3.846
"5817",581.6,27.7053014705882,-171.98265,3.846
"5818",581.7,27.701799,-171.953111111111,3.846
"5819",581.8,27.7152905263158,-171.943684210526,3.84557894736842
"5820",581.9,27.7043491044776,-171.927735632184,3.8461724137931
"5821",582,27.70905,-172.010594059406,3.848
"5822",582.1,27.6754955882353,-172.0906,3.84708
"5823",582.2,27.6758351515151,-172.10354,3.846
"5824",582.3,27.6739606,-172.073614035088,3.846
"5825",582.4,27.680726039604,-172.126744186047,3.84562790697674
"5826",582.5,27.6946963636364,-172.22696039604,3.84545544554455
"5827",582.6,27.6792305882353,-172.304363636364,3.846
"5828",582.7,27.6688566666667,-172.281454545455,3.846
"5829",582.8,27.6577681,-172.240142857143,3.84568027210884
"5831",583,27.6675972180451,-172.167371428571,3.84710476190476
"5832",583.1,27.6560786567164,-172.098757894737,3.846
"5833",583.2,27.6594501010101,-172.11131,3.846
"5834",583.3,27.6694204,-172.140536912752,3.846
"5835",583.4,27.6614484,-172.120402684564,3.846
"5836",583.5,27.6786196240602,-172.192183673469,3.846
"5837",583.6,27.70429,-172.178232323232,3.846
"5838",583.7,27.716986969697,-172.17315,3.846
"5839",583.8,27.7262016176471,-172.175240740741,3.84512962962963
"5840",583.9,27.7200533,-172.112047169811,3.8443679245283
"5841",584,27.7299847,-171.999046511628,3.84538372093023
"5842",584.1,27.7314194059406,-171.942551401869,3.846
"5843",584.2,27.7219863157895,-171.992861386139,3.846
"5844",584.3,27.7471319402985,-172.022495049505,3.846
"5845",584.4,27.7162163636364,-172.024434782609,3.84558695652174
"5846",584.5,27.7267752,-172.01812,3.84546
"5847",584.6,27.7291324,-171.990505050505,3.846
"5848",584.7,27.7276118045113,-171.94923,3.846
"5849",584.8,27.7246646268657,-172.009338709677,3.84562096774194
"5850",584.9,27.6937919191919,-172.083571428571,3.8441038961039
"5851",585,27.6985672,-172.045455445545,3.84382178217822
"5852",585.1,27.7162288,-172.016153061224,3.846
"5853",585.2,27.7177990977444,-171.992168316832,3.846
"5854",585.3,27.7267104411765,-172.018398058252,3.846
"5855",585.4,27.7090625757576,-172.016381443299,3.846
"5856",585.5,27.7324414705882,-171.964097345133,3.846
"5857",585.6,27.719011,-171.948325842697,3.846
"5858",585.7,27.7024063157895,-171.994795918367,3.84555102040816
"5859",585.8,27.7076202985075,-171.98197029703,3.84591089108911
"5860",585.9,27.7026337593985,-171.97075,3.8461
"5861",586,27.689453880597,-172.01905,3.84545
"5862",586.1,27.6978391919192,-172.0032,3.846
"5863",586.2,27.7017592,-171.9285,3.846
"5864",586.3,27.7010251485149,-171.9844,3.846
"5865",586.4,27.7169185714286,-172.054333333333,3.84558333333333
"5866",586.5,27.7312825373134,-172.065186813187,3.84540659340659
"5867",586.6,27.7296122222222,-172.069551724138,3.846
"5868",586.7,27.7149004950495,-172.055951807229,3.846
"5869",586.8,27.6877011111111,-171.99491,3.846
"5870",586.9,27.680813880597,-171.966550458716,3.846
"5871",587,27.7007855223881,-171.950434782609,3.846
"5872",587.1,27.7131137,-171.94642,3.846
"5873",587.2,27.713223,-171.92512,3.84554
"5874",587.3,27.7239187878788,-171.9428,3.84454
"5875",587.4,27.7222017910448,-171.961612612613,3.84482882882883
"5876",587.5,27.7021781818182,-171.845173913043,3.84569565217391
"5877",587.6,27.7143729323308,-171.805266666667,3.84526666666667
"5878",587.7,27.7088857352941,-171.954181818182,3.846
"5879",587.8,27.6947975757576,-171.956316831683,3.84554455445545
"5880",587.9,27.6784289108911,-171.966421052632,3.84533834586466
"5881",588,27.6909532,-171.930676923077,3.846
"5882",588.1,27.703075112782,-171.92399,3.846
"5883",588.2,27.7131359701493,-171.91185,3.846
"5884",588.3,27.6849237373737,-171.910336633663,3.84553465346535
"5885",588.4,27.6825595049505,-171.923894736842,3.84534586466166
"5886",588.5,27.704067979798,-171.899621212121,3.84580303030303
"5887",588.6,27.7102594736842,-171.87399009901,3.845
"5888",588.7,27.7066744117647,-171.85514,3.84546
"5889",588.8,27.7102713,-171.870475247525,3.846
"5890",588.9,27.7072825,-171.839298076923,3.846
"5891",589,27.7100408080808,-171.77414893617,3.846
"5892",589.1,27.7131567164179,-171.764758064516,3.846
"5893",589.2,27.7200544776119,-171.800802631579,3.846
"5894",589.3,27.6997882575758,-171.85837037037,3.84643518518519
"5895",589.4,27.7053416176471,-171.797378378378,3.84647297297297
"5896",589.5,27.7164963636364,-171.716297297297,3.84512162162162
"5897",589.6,27.7130283582089,-171.768329787234,3.84512765957447
"5898",589.7,27.6986545454545,-171.7375,3.844
"5899",589.8,27.7012294736842,-171.706346534653,3.84446534653465
"5900",589.9,27.6952792537313,-171.708447619048,3.8454380952381
"5901",590,27.6965272,-171.684146788991,3.84562385321101
"5902",590.1,27.692302,-171.674139534884,3.84537209302326
"5903",590.2,27.6994584,-171.729657142857,3.84556190476191
"5904",590.3,27.6898346268657,-171.71670212766,3.845
"5905",590.4,27.6744570149254,-171.739326732673,3.84546534653465
"5906",590.5,27.7007155,-171.70658,3.84554
"5907",590.6,27.7162381,-171.75095959596,3.845
"5908",590.7,27.6840116161616,-171.871790909091,3.84585454545454
"5909",590.8,27.6719870149254,-171.8862,3.84658888888889
"5910",590.9,27.6916460606061,-171.84770754717,3.846
"5911",591,27.6906492,-171.802694736842,3.846
"5912",591.1,27.6876124,-171.765365384615,3.84555769230769
"5913",591.2,27.6734924,-171.759058823529,3.84541176470588
"5914",591.3,27.6609884962406,-171.777319148936,3.846
"5915",591.4,27.669695,-171.773050847458,3.84574011299435
"5916",591.5,27.7012703759399,-171.718813559322,3.84517514124294
"5917",591.6,27.7031764705882,-171.670424657534,3.84621917808219
"5918",591.7,27.6764508,-171.6761,3.84492
"5919",591.8,27.6774432,-171.65604,3.84554
"5920",591.9,27.6915432,-171.656918918919,3.84541441441441
"5921",592,27.6994852631579,-171.656764044944,3.84560674157303
"5922",592.1,27.6928941791044,-171.629551724138,3.84539655172414
"5923",592.2,27.6642628,-171.638,3.846
"5924",592.3,27.700418,-171.63616,3.84554
"5925",592.4,27.7326228,-171.659555555556,3.845
"5926",592.5,27.7402969172932,-171.694222222222,3.84543518518519
"5927",592.6,27.7276497014926,-171.701419354839,3.84474193548387
"5928",592.7,27.7538696,-171.674585858586,3.84392929292929
"5929",592.8,27.7672968,-171.6007,3.84547
"5930",592.9,27.7565468,-171.6,3.84553
"5931",593,27.7428851879699,-171.63997029703,3.845
"5932",593.1,27.7339016666667,-171.654737373737,3.845
"5933",593.2,27.7398592481203,-171.652102803738,3.845
"5934",593.3,27.7248053731344,-171.628505154639,3.84541237113402
"5935",593.4,27.7043785,-171.662,3.84555670103093
"5936",593.5,27.7088009774436,-171.700333333333,3.84590196078431
"5937",593.6,27.7092708955224,-171.752892857143,3.84582142857143
"5938",593.7,27.7304613636364,-171.689813953489,3.84474418604651
"5939",593.8,27.7682111764706,-171.5866875,3.846
"5940",593.9,27.7649295,-171.632,3.84575
"5941",594,27.731205,-171.626865384615,3.845
"5942",594.1,27.7418136633664,-171.6130625,3.845
"5943",594.2,27.7505457142857,-171.683436893204,3.84544660194175
"5944",594.3,27.7122470149254,-171.674092783505,3.84555670103093
"5945",594.4,27.7188804,-171.627710280374,3.845
"5946",594.5,27.7049064,-171.588608247423,3.84580412371134
"5947",594.6,27.69801,-171.570757575758,3.847
"5948",594.7,27.6942663909774,-171.618416666667,3.84610416666667
"5949",594.8,27.7014713432836,-171.557227722772,3.845
"5950",594.9,27.7125044444444,-171.548222222222,3.845
"5951",595,27.711551,-171.617017094017,3.84540170940171
"5952",595.1,27.6983215,-171.662397590362,3.84563855421687
"5953",595.2,27.6892761654135,-171.69722,3.84547
"5954",595.3,27.6763688059701,-171.624557692308,3.84554807692308
"5955",595.4,27.6690436363636,-171.622579439252,3.845
"5956",595.5,27.6595076470588,-171.66779661017,3.84438983050847
"5957",595.6,27.680771,-171.623014084507,3.84376056338028
"5958",595.7,27.692959,-171.567470588235,3.84553921568628
"5959",595.8,27.6726602970297,-171.560608695652,3.845
"5960",595.9,27.6776,-171.536428571429,3.845
"5961",596,27.6975352238806,-171.549117117117,3.84541441441442
"5962",596.1,27.706468,-171.551887640449,3.84639325842697
"5963",596.2,27.7038145,-171.45762,3.84608
"5964",596.3,27.6905115,-171.53268,3.845
"5965",596.4,27.6817368421053,-171.59606,3.845
"5966",596.5,27.6794597014925,-171.601106796116,3.84544660194175
"5967",596.6,27.686956,-171.581571428571,3.84561607142857
"5968",596.7,27.6912305,-171.58669047619,3.845
"5969",596.8,27.6978,-171.55717,3.845
"5970",596.9,27.7051594736842,-171.47204,3.845
"5971",597,27.6905073134328,-171.493476190476,3.84537301587302
"5972",597.1,27.6955052272727,-171.533635135135,3.84571621621622
"5973",597.2,27.6884535820895,-171.50931,3.84547
"5974",597.3,27.6967642,-171.449055555556,3.84556481481482
"5975",597.4,27.6784342857143,-171.491391304348,3.84584782608696
"5976",597.5,27.6863962686567,-171.428086538462,3.847
"5977",597.6,27.7036098484848,-171.409556701031,3.84611340206186
"5978",597.7,27.6987352941176,-171.39566,3.845
"5979",597.8,27.6958546,-171.408307692308,3.845
"5980",597.9,27.7031384,-171.432227272727,3.845
"5981",598,27.6954581188119,-171.433845360825,3.84542268041237
"5982",598.1,27.6828906766917,-171.471961538462,3.846
"5983",598.2,27.6914505882353,-171.467359223301,3.84561165048544
"5984",598.3,27.6952244444444,-171.486611111111,3.845
"5985",598.4,27.7154765,-171.534405940594,3.84593069306931
"5986",598.5,27.73511,-171.613867924528,3.8461320754717
"5987",598.6,27.731807518797,-171.537553191489,3.845
"5988",598.7,27.7551641791045,-171.441363636364,3.845
"5989",598.8,27.7461909090909,-171.42092,3.845
"5990",598.9,27.7273672,-171.40439,3.84547
"5991",599,27.7232234,-171.401955752212,3.846
"5992",599.1,27.724512406015,-171.419850574713,3.8456091954023
"5993",599.2,27.7134130882353,-171.51433,3.84547
"5994",599.3,27.7386495488722,-171.50727,3.846
"5995",599.4,27.7359446268657,-171.49668,3.84506
"5996",599.5,27.729738,-171.479514851485,3.84446534653465
"5997",599.6,27.7519715,-171.46658,3.845
"5998",599.7,27.7544845,-171.52118,3.845
"5999",599.8,27.7377242105263,-171.505545454545,3.845
"6000",599.9,27.7007528358209,-171.480775862069,3.845
"6001",600,27.7074427272727,-171.569693181818,3.84570454545455
"6002",600.1,27.7088548,-171.565670103093,3.84611340206186
"6003",600.2,27.7244576,-171.3744,3.845
"6004",600.3,27.7263072932331,-171.34338,3.845
"6005",600.4,27.6958879411765,-171.370504950495,3.84454455445545
"6006",600.5,27.6945327272727,-171.337632653061,3.84445918367347
"6007",600.6,27.6721148,-171.284959016393,3.845
"6008",600.7,27.6566888,-171.30782051282,3.845
"6009",600.8,27.6640652631579,-171.311782178218,3.845
"6010",600.9,27.6673946268657,-171.397111111111,3.84546464646465
"6011",601,27.661275,-171.4184,3.846
"6012",601.1,27.672241641791,-171.399951923077,3.84554807692308
"6013",601.2,27.6905289,-171.437865979381,3.84544329896907
"6014",601.3,27.6723954887218,-171.449929292929,3.84507070707071
"6015",601.4,27.6481355223881,-171.43831,3.84447
"6016",601.5,27.6749630075188,-171.43293,3.845
"6017",601.6,27.7019226470588,-171.428136752137,3.845
"6018",601.7,27.7061992929293,-171.408857142857,3.845
"6019",601.8,27.7168454,-171.4002,3.84546
"6020",601.9,27.7213346534653,-171.36284,3.846
"6021",602,27.7222792481203,-171.38446,3.846
"6022",602.1,27.7157152941177,-171.40228440367,3.84557798165138
"6023",602.2,27.7244618181818,-171.31637037037,3.845
"6024",602.3,27.7132855445545,-171.277353658537,3.84570731707317
"6025",602.4,27.7088172727273,-171.39257,3.84653
"6026",602.5,27.7237880597015,-171.418722772277,3.84553465346535
"6027",602.6,27.7650181818182,-171.319933333333,3.845
"6028",602.7,27.791608,-171.268221052632,3.845
"6029",602.8,27.7775846,-171.281141414141,3.845
"6030",602.9,27.758147979798,-171.247821782178,3.84546534653465
"6031",603,27.7604076119403,-171.205866666667,3.8455619047619
"6032",603.1,27.7863828787879,-171.180084033613,3.845
"6033",603.2,27.7774404511278,-171.197526315789,3.84528947368421
"6034",603.3,27.7784926470588,-171.280603773585,3.84643396226415
"6035",603.4,27.7854718181818,-171.27759223301,3.84622330097087
"6036",603.5,27.7819227722772,-171.319307692308,3.845
"6037",603.6,27.7958164,-171.259775862069,3.845
"6038",603.7,27.8254481203008,-171.282928571429,3.845
"6039",603.8,27.8104674626866,-171.29216,3.845
"6040",603.9,27.7974094949495,-171.262089108911,3.84545544554455
"6041",604,27.804634950495,-171.229636363636,3.84509090909091
"6042",604.1,27.8061908080808,-171.189390070922,3.84432624113475
"6043",604.2,27.8039876119403,-171.186372881356,3.845
"6044",604.3,27.7839840298507,-171.2005,3.845
"6045",604.4,27.7763938,-171.21276,3.845
"6046",604.5,27.798528,-171.254404958678,3.845
"6047",604.6,27.8153818181818,-171.247695121951,3.845
"6048",604.7,27.8169764925373,-171.19747826087,3.845
"6049",604.8,27.8014177272727,-171.216746987952,3.845
"6050",604.9,27.8096253383459,-171.2875,3.845
"6051",605,27.830697761194,-171.337434782609,3.845
"6052",605.1,27.8247598989899,-171.296368932039,3.845
"6053",605.2,27.8198488059701,-171.309528301887,3.84381132075472
"6054",605.3,27.8208772727273,-171.279857142857,3.84279120879121
"6055",605.4,27.7995194736842,-171.215663366337,3.84444554455446
"6056",605.5,27.7922770588235,-171.247777777778,3.845
"6057",605.6,27.8011491,-171.30808411215,3.845
"6058",605.7,27.8186183,-171.3045,3.845
"6059",605.8,27.8048217,-171.261494382022,3.84461797752809
"6060",605.9,27.7720652985075,-171.29135,3.84445
"6061",606,27.762148358209,-171.34425,3.845
"6062",606.1,27.7890334,-171.351822429906,3.845
"6063",606.2,27.7943038,-171.331173913043,3.84458695652174
"6064",606.3,27.8114107070707,-171.34182,3.84446
"6065",606.4,27.8161664925373,-171.323089108911,3.845
"6066",606.5,27.8183503030303,-171.33595,3.845
"6067",606.6,27.8162867,-171.33275,3.845
"6068",606.7,27.7991759,-171.348,3.84454545454545
"6069",606.8,27.8043222,-171.35138,3.84492
"6070",606.9,27.8204736842105,-171.317217821782,3.84554455445545
"6071",607,27.8255806060606,-171.3309,3.845
"6072",607.1,27.8187458646617,-171.278596153846,3.845
"6073",607.2,27.824625,-171.238831683168,3.84540594059406
"6074",607.3,27.8078121,-171.222,3.84557894736842
"6075",607.4,27.7936722,-171.191230769231,3.845
"6076",607.5,27.8095752,-171.259252631579,3.845
"6077",607.6,27.8176689473684,-171.290148514851,3.845
"6078",607.7,27.8049852238806,-171.280485436893,3.845
"6079",607.8,27.8137826,-171.231428571429,3.845
"6080",607.9,27.8072847,-171.177632653061,3.845
"6081",608,27.7854606,-171.214455445545,3.845
"6082",608.1,27.7806458646617,-171.243181818182,3.84454545454545
"6083",608.2,27.7944910447761,-171.221621359223,3.84489320388349
"6084",608.3,27.7763821,-171.131278350515,3.84555670103093
"6085",608.4,27.7803281,-171.126098039216,3.845
"6086",608.5,27.8117912,-171.180387755102,3.845
"6087",608.6,27.8224332330827,-171.199425742574,3.845
"6088",608.7,27.8177982089552,-171.154307692308,3.84468531468532
"6089",608.8,27.8135020454545,-171.097035714286,3.84403571428571
"6090",608.9,27.8087719402985,-171.136643564356,3.845
"6091",609,27.8150496,-171.106,3.845
"6092",609.1,27.8221006766917,-171.11988,3.84362
"6093",609.2,27.850082238806,-171.089362068966,3.84318965517241
"6094",609.3,27.8556863636364,-171.059514851485,3.845
"6095",609.4,27.8493923529412,-171.051056818182,3.845
"6096",609.5,27.853756,-171.040568421053,3.845
"6097",609.6,27.8401956,-171.1021,3.84546
"6098",609.7,27.8213343564356,-171.082185840708,3.84559292035398
"6099",609.8,27.8396008270677,-170.995,3.845
"6100",609.9,27.8743561764706,-171.085454545455,3.845
"6101",610,27.8577672727273,-171.049722772277,3.845
"6102",610.1,27.8424346,-170.99515,3.84545
"6103",610.2,27.8268201,-170.966385321101,3.8455871559633
"6104",610.3,27.8416941353383,-170.9604,3.845
"6105",610.4,27.8471194029851,-171.038097345133,3.845
"6106",610.5,27.8595536363636,-171.037875,3.845
"6107",610.6,27.8676828,-171.003272727273,3.84545454545455
"6108",610.7,27.86573,-171.035570247934,3.84561983471074
"6109",610.8,27.8676254887218,-171.047417721519,3.845
"6110",610.9,27.8619889552239,-170.98908,3.845
"6111",611,27.8700963636364,-170.96546,3.84546
"6112",611.1,27.8516894117647,-170.915,3.8456
"6113",611.2,27.832972,-170.894357798165,3.845
"6114",611.3,27.8330732,-170.946026315789,3.845
"6115",611.4,27.8464797029703,-170.966925925926,3.845
"6116",611.5,27.8530859848485,-170.975956521739,3.845
"6117",611.6,27.838305882353,-170.954891089109,3.845
"6118",611.7,27.8413788888889,-170.967203883495,3.845
"6119",611.8,27.8327588,-171.062,3.845
"6120",611.9,27.8340392,-171.074204081633,3.84544897959184
"6121",612,27.8349781954887,-171.083228571429,3.8455619047619
"6122",612.1,27.834955882353,-171.044635416667,3.84457291666667
"6123",612.2,27.8420197979798,-171.003993288591,3.84430201342282
"6124",612.3,27.8369792,-170.968422818792,3.84497315436242
"6125",612.4,27.8387476,-171.01735,3.845
"6126",612.5,27.847982481203,-170.9826,3.84455
"6127",612.6,27.8598407462687,-170.99335,3.84445
"6128",612.7,27.8408190909091,-171.051318181818,3.845
"6129",612.8,27.8030388235294,-171.045625,3.845
"6130",612.9,27.8307490909091,-171.018904255319,3.84458510638298
"6131",613,27.8287937313433,-171.04425,3.84445
"6132",613.1,27.8135354545455,-171.026181818182,3.845
"6133",613.2,27.8377057894737,-171.049941176471,3.845
"6134",613.3,27.8303241176471,-170.986777777778,3.845
"6135",613.4,27.8462139393939,-170.90905,3.845
"6136",613.5,27.8507633,-170.898909090909,3.84545454545455
"6137",613.6,27.8064818811881,-170.87146,3.84508
"6138",613.7,27.7905304511278,-170.850387387387,3.84441441441441
"6139",613.8,27.8022088235294,-170.86704494382,3.845
"6140",613.9,27.7977888888889,-170.91182,3.84454
"6141",614,27.796836,-170.972138613861,3.84445544554455
"6142",614.1,27.810522,-170.99385046729,3.845
"6143",614.2,27.8370659398496,-170.961695652174,3.845
"6144",614.3,27.8515064179104,-170.900396039604,3.845
"6145",614.4,27.8715851515151,-170.8479,3.845
"6146",614.5,27.8763336633663,-170.820181818182,3.84454545454545
"6147",614.6,27.8834466666667,-170.812,3.84445544554455
"6148",614.7,27.8930984210526,-170.84665,3.845
"6149",614.8,27.8973228358209,-170.915287128713,3.845
"6150",614.9,27.9114242105263,-170.930040816327,3.84410204081633
"6151",615,27.8950158208955,-170.88546,3.84346
"6152",615.1,27.8930752,-170.92595049505,3.84445544554455
"6153",615.2,27.9007538,-170.9907,3.845
"6154",615.3,27.8937148514851,-170.952588235294,3.845
"6155",615.4,27.899790075188,-170.90908,3.845
"6156",615.5,27.9031435820895,-170.885329896907,3.845
"6157",615.6,27.8973327272727,-170.9146,3.845
"6158",615.7,27.8840545,-170.91434,3.845
"6159",615.8,27.874743,-170.846967213115,3.84537704918033
"6160",615.9,27.8721557894737,-170.784417721519,3.84508860759494
"6161",616,27.8885552941176,-170.80455,3.8439
"6162",616.1,27.8744115151515,-170.83275862069,3.845
"6163",616.2,27.8475814,-170.771903614458,3.845
"6164",616.3,27.840627,-170.771256637168,3.845
"6165",616.4,27.8516199253731,-170.771875,3.844625
"6166",616.5,27.8526072727273,-170.72619266055,3.8444128440367
"6167",616.6,27.8392878947368,-170.720188118812,3.845
"6168",616.7,27.8226004477612,-170.783831460674,3.845
"6169",616.8,27.8305109090909,-170.778733333333,3.84412380952381
"6170",616.9,27.8163976119403,-170.78996875,3.84428125
"6171",617,27.8207806060607,-170.738363636364,3.84554545454545
"6172",617.1,27.8369906766917,-170.722534653465,3.845
"6173",617.2,27.8225599999999,-170.698,3.845
"6174",617.3,27.8632072727273,-170.699719626168,3.845
"6175",617.4,27.8379007920792,-170.720142857143,3.8447012987013
"6176",617.5,27.8381116,-170.634544554455,3.844
"6177",617.6,27.8430224626866,-170.73175,3.84445
"6178",617.7,27.8475026865672,-170.749922330097,3.845
"6179",617.8,27.8589776,-170.713069306931,3.845
"6180",617.9,27.8550468,-170.719846153846,3.845
"6181",618,27.8567584848485,-170.694086956522,3.845
"6182",618.1,27.8806967164179,-170.68055,3.845
"6183",618.2,27.9006127272727,-170.6723,3.845
"6184",618.3,27.8801566,-170.697826086956,3.845
"6185",618.4,27.8840494,-170.814,3.845
"6186",618.5,27.9163993939394,-170.758,3.84457009345794
"6187",618.6,27.9199562686567,-170.684127659575,3.84441489361702
"6188",618.7,27.9139112121212,-170.7295,3.84545
"6189",618.8,27.9023069172932,-170.702714285714,3.84564285714286
"6190",618.9,27.86502,-170.672932432432,3.845
"6191",619,27.8773838383838,-170.565,3.845
"6192",619.1,27.8812798507463,-170.548909090909,3.845
"6193",619.2,27.8845451515151,-170.553722772277,3.845
"6194",619.3,27.8955769924812,-170.556366972477,3.8445871559633
"6195",619.4,27.8935998507463,-170.638739130435,3.84439130434783
"6196",619.5,27.8763174747475,-170.740183673469,3.845
"6197",619.6,27.8875222772277,-170.672166666667,3.845
"6198",619.7,27.90954,-170.640649484536,3.84617525773196
"6199",619.8,27.8987516417911,-170.664395833333,3.84671875
"6200",619.9,27.8649023880597,-170.595157894737,3.845
"6201",620,27.8997844,-170.543058823529,3.845
"6202",620.1,27.8908407999999,-170.52814,3.845
"6203",620.2,27.8515104040404,-170.51966,3.845
"6204",620.3,27.8557498507463,-170.49112,3.845
"6205",620.4,27.8707981818182,-170.413409836066,3.845
"6206",620.5,27.901275112782,-170.357733333333,3.845
"6207",620.6,27.9216104477612,-170.50504494382,3.845
"6208",620.7,27.9449079207921,-170.482179245283,3.84457547169811
"6209",620.8,27.9484,-170.417244680851,3.844
"6210",620.9,27.9345260606061,-170.449566037736,3.84442452830189
"6211",621,27.8945215037594,-170.472744680851,3.845
"6212",621.1,27.89342,-170.459972972973,3.845
"6213",621.2,27.9125279,-170.477454545455,3.845
"6214",621.3,27.9018227,-170.486386138614,3.84454455445545
"6215",621.4,27.8993667,-170.483669354839,3.84436290322581
"6216",621.5,27.8891896268657,-170.469,3.845
"6217",621.6,27.8812982089553,-170.492702970297,3.84454455445545
"6218",621.7,27.8995,-170.49015,3.844
"6219",621.8,27.8758395,-170.5302,3.84445
"6220",621.9,27.8678736,-170.490852941177,3.845
"6221",622,27.8806068421053,-170.476153061225,3.845
"6222",622.1,27.8851851515152,-170.5332,3.845
"6223",622.2,27.88875,-170.469307692308,3.845
"6224",622.3,27.89239,-170.451120481928,3.84533734939759
"6225",622.4,27.879675,-170.450508928571,3.84559821428571
"6226",622.5,27.8788323308271,-170.426947368421,3.845
"6227",622.6,27.9016077272727,-170.456493150685,3.8452602739726
"6228",622.7,27.9058768421053,-170.479247524753,3.84554455445545
"6229",622.8,27.9126426470588,-170.456754237288,3.845
"6230",622.9,27.895195,-170.438968085106,3.845
"6231",623,27.8796986466165,-170.460413793103,3.845
"6232",623.1,27.8620959090909,-170.49516,3.845
"6233",623.2,27.8918487969925,-170.447782178218,3.84454455445545
"6234",623.3,27.9057768656716,-170.458083333333,3.844
"6235",623.4,27.8859348,-170.497141666667,3.84430833333333
"6236",623.5,27.8978829,-170.460246575342,3.845
"6237",623.6,27.8885961,-170.383777777778,3.845
"6238",623.7,27.8821126865672,-170.37007079646,3.8446017699115
"6239",623.8,27.8904401492537,-170.323931034483,3.84436781609195
"6240",623.9,27.90513,-170.261347826087,3.84460869565217
"6241",624,27.89959,-170.300294117647,3.84435294117647
"6242",624.1,27.878425,-170.476285714286,3.84457142857143
"6243",624.2,27.8737043609023,-170.477319148936,3.84442553191489
"6244",624.3,27.8870898507462,-170.420643564356,3.845
"6245",624.4,27.901988030303,-170.44,3.845
"6246",624.5,27.8749804477612,-170.45328125,3.84484375
"6247",624.6,27.8467131,-170.38278,3.84446
"6248",624.7,27.8180014285714,-170.39404,3.845
"6249",624.8,27.7840688059702,-170.401861386139,3.845
"6250",624.9,27.7974625,-170.476185840708,3.845
"6251",625,27.7927189705882,-170.524813953488,3.84462790697674
"6252",625.1,27.7962055,-170.489465346535,3.84445544554455
"6253",625.2,27.8151354,-170.448692307692,3.845
"6254",625.3,27.8237416831683,-170.391891566265,3.84466265060241
"6255",625.4,27.8311468421053,-170.438512195122,3.844
"6256",625.5,27.8372935820895,-170.438210526316,3.84457894736842
"6257",625.6,27.82023,-170.379693069307,3.84508910891089
"6258",625.7,27.834145,-170.36665,3.84445
"6259",625.8,27.826095,-170.368727272727,3.84454545454545
"6260",625.9,27.8286169172932,-170.325611650485,3.84444660194175
"6261",626,27.8314731343283,-170.267642857143,3.8445612244898
"6262",626.1,27.8263121212121,-170.275,3.844
"6263",626.2,27.8331285148515,-170.29855,3.84445
"6264",626.3,27.82911,-170.2987,3.845
"6265",626.4,27.8270896240602,-170.34537804878,3.845
"6266",626.5,27.8301052238806,-170.417329268293,3.845
"6267",626.6,27.8334909090909,-170.313836956522,3.84466304347826
"6268",626.7,27.8176807462687,-170.351709677419,3.84441935483871
"6269",626.8,27.7874634,-170.3334,3.845
"6270",626.9,27.7707769924812,-170.323557692308,3.845
"6271",627,27.7875728358209,-170.313030927835,3.84456701030928
"6272",627.1,27.7994070454545,-170.286090909091,3.84445454545455
"6273",627.2,27.8035508955224,-170.27498,3.845
"6274",627.3,27.8179788,-170.20178,3.845
"6275",627.4,27.8177236,-170.182386138614,3.845
"6276",627.5,27.8225846534654,-170.214,3.84545
"6277",627.6,27.829269924812,-170.261,3.84554545454545
"6278",627.7,27.8253943283582,-170.25144,3.845
"6279",627.8,27.8509288,-170.19028,3.845
"6280",627.9,27.8244836633663,-170.182564356436,3.84454455445545
"6281",628,27.819405,-170.185160714286,3.84440178571429
"6282",628.1,27.8451930827068,-170.190711340206,3.84465979381443
"6283",628.2,27.8399364179105,-170.202076923077,3.844
"6284",628.3,27.8231518181818,-170.13745,3.84445
"6285",628.4,27.8154874626866,-170.161886792453,3.845
"6286",628.5,27.8238188,-170.242694736842,3.84623157894737
"6287",628.6,27.8247232330827,-170.232734693878,3.84665306122449
"6288",628.7,27.8112989552239,-170.253623762376,3.845
"6289",628.8,27.7861838636364,-170.276607476636,3.84457943925234
"6290",628.9,27.7673116176471,-170.240139784946,3.844
"6291",629,27.7705115151515,-170.238205882353,3.844
"6292",629.1,27.7831268,-170.208960784314,3.84442156862745
"6293",629.2,27.7806618811881,-170.231463157895,3.845
"6294",629.3,27.7767260902256,-170.31716,3.84454
"6295",629.4,27.7802211764706,-170.353712871287,3.84445544554455
"6296",629.5,27.7494491919192,-170.379357798165,3.845
"6297",629.6,27.7444853,-170.302494845361,3.845
"6298",629.7,27.7512524,-170.212872340426,3.84458510638298
"6299",629.8,27.7677521052631,-170.176818181818,3.844
"6300",629.9,27.781018358209,-170.107554455445,3.844
"6301",630,27.7672775757576,-170.095125,3.844375
"6302",630.1,27.7935465346535,-170.12825,3.845
"6303",630.2,27.8124249,-170.073636363636,3.845
"6304",630.3,27.7823136842105,-170.118158415842,3.84454455445545
"6305",630.4,27.7619056716418,-170.138090909091,3.84536363636364
"6306",630.5,27.7755279545454,-170.103876033058,3.84585950413223
"6307",630.6,27.7526007352941,-170.1074375,3.844
"6308",630.7,27.7905948484848,-170.178454545455,3.84445454545454
"6309",630.8,27.8407078947368,-170.19982,3.84454
"6310",630.9,27.8678013432836,-170.17694,3.84446
"6311",631,27.8887242424243,-170.161,3.845
"6312",631.1,27.9241411764706,-170.143837209302,3.845
"6313",631.2,27.9113066666667,-170.155,3.84454545454545
"6314",631.3,27.9245012,-170.171178217822,3.84445544554455
"6315",631.4,27.9506724752475,-170.179909090909,3.845
"6316",631.5,27.9488520300752,-170.203803030303,3.845
"6317",631.6,27.9400407352941,-170.215292682927,3.845
"6318",631.7,27.9316812121212,-170.176310344828,3.84463218390805
"6319",631.8,27.9284178217822,-170.171875,3.844
"6320",631.9,27.9273513,-170.154278846154,3.84424038461538
"6321",632,27.9298012030075,-170.18590625,3.845
"6322",632.1,27.9598417910448,-170.258875,3.845
"6323",632.2,27.9578706818182,-170.1548,3.845
"6324",632.3,27.9329163235294,-170.139,3.84455
"6325",632.4,27.9584633333333,-170.1188,3.844
"6326",632.5,27.9494717910448,-170.136902255639,3.844
"6327",632.6,27.9298872727273,-170.155117647059,3.844
"6328",632.7,27.9488508270677,-170.110555555556,3.844
"6329",632.8,27.956198358209,-170.0445,3.84445
"6330",632.9,27.9114102020202,-170.00435,3.845
"6331",633,27.9026117821782,-170.122705882353,3.845
"6332",633.1,27.8963728,-170.1515,3.8445612244898
"6333",633.2,27.8898773134328,-170.129,3.844
"6334",633.3,27.8886604477612,-170.08394,3.84446
"6335",633.4,27.9189812121212,-170.050108108108,3.84417117117117
"6336",633.5,27.9380287128713,-170.089210526316,3.84336842105263
"6337",633.6,27.9235972727273,-170.100157894737,3.844
"6338",633.7,27.9129729850746,-170.10145,3.84445
"6339",633.8,27.9139581818182,-170.0505,3.84455
"6340",633.9,27.9163772,-170.027590909091,3.84440909090909
"6341",634,27.9106185148515,-170.054709677419,3.84462365591398
"6342",634.1,27.9113339393939,-170.007422680412,3.84443298969072
"6343",634.2,27.9135471641791,-169.945454545455,3.84454545454545
"6344",634.3,27.8997145454545,-169.936950495049,3.844
"6345",634.4,27.8942269172932,-169.9476,3.84355
"6346",634.5,27.9223705970149,-169.946875,3.84343269230769
"6347",634.6,27.912831010101,-169.997655913979,3.844
"6348",634.7,27.9143920149254,-170.011631067961,3.844
"6349",634.8,27.8906909090909,-169.944181818182,3.844
"6350",634.9,27.9054945112782,-169.89446,3.844
"6351",635,27.9035407462687,-169.931891089109,3.844
"6352",635.1,27.9003158585859,-169.966909090909,3.84445454545455
"6353",635.2,27.9110936,-169.938693069307,3.84454455445545
"6354",635.3,27.8942515841584,-169.87795,3.84625
"6355",635.4,27.9085358646616,-169.91765,3.84675
"6356",635.5,27.9458576470588,-169.967121495327,3.84442056074766
"6357",635.6,27.9276870707071,-169.931125,3.84460416666667
"6358",635.7,27.9180431372549,-169.984,3.844
"6359",635.8,27.9324593,-169.932652173913,3.844
"6360",635.9,27.9397068656716,-169.912,3.844
"6361",636,27.9295356060606,-169.9889,3.844
"6362",636.1,27.921224962406,-170.04134,3.84446
"6363",636.2,27.9325154545455,-169.994644628099,3.84614049586777
"6364",636.3,27.9310083838384,-169.924962962963,3.84769135802469
"6365",636.4,27.9287490298507,-169.89536,3.84568
"6366",636.5,27.9353828787879,-169.884888888889,3.844
"6367",636.6,27.9774983458647,-169.893475728155,3.844
"6368",636.7,27.9724129411765,-169.902,3.844
"6369",636.8,27.9377368,-169.91666,3.84446
"6370",636.9,27.9356708,-169.919930693069,3.845
"6371",637,27.9381212,-169.895272727273,3.84454545454545
"6372",637.1,27.9496302985075,-169.903048543689,3.84444660194175
"6373",637.2,27.9480618181818,-169.932193877551,3.8445612244898
"6374",637.3,27.9042168,-169.938513513514,3.84359459459459
"6375",637.4,27.9199336,-169.845244444444,3.84337777777778
"6376",637.5,27.9340014141414,-169.848326530612,3.844
"6377",637.6,27.9311864925373,-169.831384615385,3.844
"6378",637.7,27.95603,-169.830577319588,3.844
"6379",637.8,27.9481747,-169.908,3.844
"6380",637.9,27.9273928712871,-169.902662790698,3.844
"6381",638,27.9351438383838,-169.9165,3.84441666666667
"6382",638.1,27.9436097014925,-169.872744897959,3.84462244897959
"6383",638.2,27.932013880597,-169.863578947368,3.84605263157895
"6384",638.3,27.9290690977444,-169.860444444444,3.84677777777778
"6385",638.4,27.9325141791045,-169.826693069307,3.844
"6386",638.5,27.9134652,-169.860888888889,3.844
"6387",638.6,27.9209148120301,-169.911230769231,3.844
"6388",638.7,27.9179733333333,-169.89312371134,3.84442268041237
"6389",638.8,27.9244442424242,-169.81928,3.84456
"6390",638.9,27.9440632835821,-169.79,3.84444
"6391",639,27.9219354,-169.797111111111,3.84455555555556
"6392",639.1,27.9159186,-169.850069767442,3.844
"6393",639.2,27.9364615841584,-169.861222222222,3.84422222222222
"6394",639.3,27.9183063909774,-169.838495934959,3.84464227642276
"6395",639.4,27.89215,-169.828346153846,3.844
"6396",639.5,27.8837628,-169.811262626263,3.844
"6397",639.6,27.8675356435644,-169.792123287671,3.844
"6398",639.7,27.8658012,-169.753767123288,3.844
"6399",639.8,27.8716197744361,-169.767333333333,3.84455555555556
"6400",639.9,27.8838786567164,-169.78835,3.844
"6401",640,27.8904641414141,-169.85295,3.844
"6402",640.1,27.8844983,-169.855352941176,3.84300735294118
"6403",640.2,27.8828591,-169.766460526316,3.84171052631578
"6404",640.3,27.8954694736842,-169.817125,3.845875
"6405",640.4,27.9100531343284,-169.814318181818,3.844
"6406",640.5,27.8819346969697,-169.833413043478,3.844
"6407",640.6,27.858697761194,-169.85286,3.844
"6408",640.7,27.8677,-169.82347,3.844
"6409",640.8,27.8594934,-169.815908163265,3.844
"6410",640.9,27.8722726732673,-169.837504950495,3.844
"6411",641,27.8906762878788,-169.82347826087,3.844
"6412",641.1,27.8876582089552,-169.814,3.84433333333333
"6413",641.2,27.8649428,-169.799575757576,3.84457575757576
"6414",641.3,27.8707148,-169.891336633663,3.844
"6415",641.4,27.8813978,-169.885545454545,3.844
"6416",641.5,27.8926809774436,-169.765612244898,3.844
"6417",641.6,27.9184864705882,-169.758300970874,3.84443689320388
"6418",641.7,27.9063462626263,-169.860428571429,3.84457142857143
"6419",641.8,27.9013726732673,-169.84736,3.844
"6420",641.9,27.9162783,-169.750990825688,3.844
"6421",642,27.9261536842105,-169.712722222222,3.84361111111111
"6422",642.1,27.9171307462687,-169.705117647059,3.84388235294118
"6423",642.2,27.9095364661654,-169.72077,3.84457
"6424",642.3,27.9074485074627,-169.76537755102,3.844
"6425",642.4,27.9151671,-169.765485148515,3.844
"6426",642.5,27.908172556391,-169.732613861386,3.844
"6427",642.6,27.9025470149254,-169.707471153846,3.844
"6428",642.7,27.9144945801527,-169.647705263158,3.84441052631579
"6429",642.8,27.9213552941177,-169.634666666667,3.845
"6430",642.9,27.8706481818182,-169.641415841584,3.84455445544554
"6431",643,27.874439,-169.67716,3.84444
"6432",643.1,27.8741342574257,-169.722267326733,3.84456435643564
"6433",643.2,27.8756336842105,-169.690540816327,3.844
"6434",643.3,27.8971207352941,-169.651594059406,3.844
"6435",643.4,27.8739191919192,-169.62336,3.844
"6436",643.5,27.8466463366337,-169.652222222222,3.844
"6437",643.6,27.8348285,-169.62752293578,3.844
"6438",643.7,27.8448415037594,-169.587483870968,3.844
"6439",643.8,27.8671414925373,-169.617397959184,3.844
"6440",643.9,27.8688597979798,-169.600891089109,3.844
"6441",644,27.8437033663366,-169.632991304348,3.84438260869565
"6442",644.1,27.8266826262626,-169.665802325581,3.845
"6443",644.2,27.8143105263158,-169.622757009346,3.84459813084112
"6444",644.3,27.7917056716418,-169.596086956522,3.844
"6445",644.4,27.8203381954887,-169.581777777778,3.844
"6446",644.5,27.8380970149253,-169.591673267327,3.844
"6447",644.6,27.82878,-169.596777777778,3.844
"6448",644.7,27.8369495,-169.622571428571,3.844
"6449",644.8,27.8331853465347,-169.622,3.844
"6450",644.9,27.8388673684211,-169.59105,3.84355
"6451",645,27.8505791044776,-169.618029411765,3.84432352941177
"6452",645.1,27.8587727272727,-169.614010204082,3.84512244897959
"6453",645.2,27.8723356435643,-169.533205882353,3.844
"6454",645.3,27.863219,-169.484571428571,3.844
"6455",645.4,27.8530890977444,-169.510264705882,3.844
"6456",645.5,27.8555555882353,-169.513424242424,3.844
"6457",645.6,27.8376208080808,-169.4885,3.844
"6458",645.7,27.8560843564356,-169.483692307692,3.844
"6459",645.8,27.8708933333333,-169.550505494506,3.844
"6460",645.9,27.8527052631579,-169.501247524753,3.84310891089109
"6461",646,27.8318285074627,-169.469555555556,3.84288888888889
"6462",646.1,27.8380627272727,-169.49435,3.844
"6463",646.2,27.8340920588235,-169.458603773585,3.844
"6464",646.3,27.8405945454545,-169.434166666667,3.844
"6465",646.4,27.8505230827068,-169.489738636364,3.844
"6466",646.5,27.8554267164179,-169.450616161616,3.844
"6467",646.6,27.8673846616541,-169.482333333333,3.84444444444444
"6468",646.7,27.878996119403,-169.490463414634,3.84463414634146
"6469",646.8,27.8833088888889,-169.423,3.844
"6470",646.9,27.8702168,-169.453485436893,3.84487378640777
"6471",647,27.8478582178218,-169.419371134021,3.84556701030928
"6472",647.1,27.8526578195489,-169.42340776699,3.84456310679612
"6473",647.2,27.8813408823529,-169.48842,3.844
"6474",647.3,27.8985309090909,-169.448428571429,3.844
"6475",647.4,27.8914508910891,-169.404683168317,3.844
"6476",647.5,27.87035,-169.354913043478,3.844
"6477",647.6,27.8766531343284,-169.356,3.844
"6478",647.7,27.9170557575757,-169.397643564356,3.844
"6479",647.8,27.9576754,-169.390262626263,3.844
"6480",647.9,27.9640758,-169.399,3.84268
"6481",648,27.9772472727273,-169.422638095238,3.84225714285714
"6482",648.1,27.9939535820896,-169.461723404255,3.844
"6483",648.2,28.0101904545455,-169.488735294118,3.844
"6484",648.3,28.000997443609,-169.450939393939,3.844
"6485",648.4,27.9800719402985,-169.379666666667,3.844
"6486",648.5,27.9992211111111,-169.390916666667,3.844
"6487",648.6,27.9868260396039,-169.446935483871,3.844
"6488",648.7,27.977693,-169.44332,3.84356
"6489",648.8,28.0102704511278,-169.473930693069,3.84474257425742
"6490",648.9,28.0281141791045,-169.423555555556,3.84569696969697
"6491",649,28.0170145,-169.38352,3.844
"6492",649.1,28.018615,-169.36556,3.844
"6493",649.2,28.0142011111111,-169.34668,3.844
"6494",649.3,28.0000392537314,-169.376777777778,3.844
"6495",649.4,27.9979985074627,-169.39220754717,3.84357547169811
"6496",649.5,28.0277675,-169.353957446809,3.84382978723404
"6497",649.6,28.0258188118812,-169.325352941177,3.84455882352941
"6498",649.7,28.0095454545455,-169.341,3.844
"6499",649.8,27.990575,-169.304823529412,3.84488235294118
"6500",649.9,27.9714136363636,-169.31576,3.84471
"6501",650,27.9832560150376,-169.349303030303,3.84343434343434
"6502",650.1,28.0074986567164,-169.339,3.844
"6503",650.2,27.9685966666667,-169.357222222222,3.844
"6504",650.3,27.9554147761194,-169.319519230769,3.844
"6505",650.4,27.9469933333333,-169.282458333333,3.844
"6506",650.5,27.9462431578947,-169.27585,3.844
"6507",650.6,27.9419404477612,-169.386433628319,3.844
"6508",650.7,27.9529308,-169.433909090909,3.844
"6509",650.8,27.9427196,-169.421555555556,3.844
"6510",650.9,27.930634,-169.380108910891,3.844
"6511",651,27.9263186567164,-169.338683168317,3.844
"6512",651.1,27.9377149253732,-169.380282828283,3.844
"6513",651.2,27.9766565,-169.44,3.844
"6514",651.3,27.9677151485149,-169.481551724138,3.844
"6515",651.4,27.9612881818182,-169.479279069767,3.844
"6517",651.6,27.9605081818182,-169.459777777778,3.844
"6518",651.7,27.989556,-169.434673267327,3.844
"6519",651.8,28.0339815,-169.382846153846,3.844
"6520",651.9,28.0499025,-169.372210526316,3.844
"6521",652,28.0552915037594,-169.37445,3.844
"6522",652.1,28.0647466666667,-169.376264705882,3.844
"6523",652.2,28.0590705263158,-169.324551020408,3.844
"6524",652.3,28.0408789552239,-169.254875,3.844
"6525",652.4,28.0512308,-169.23775308642,3.84369135802469
"6526",652.5,28.0697296,-169.379333333333,3.84344444444444
"6527",652.6,28.068846,-169.393692307692,3.844
"6528",652.7,28.0823331578947,-169.394232558139,3.84367441860465
"6529",652.8,28.100962238806,-169.458377358491,3.84379245283019
"6530",652.9,28.0960276,-169.353086956522,3.84460869565217
"6531",653,28.0986956,-169.299775510204,3.844
"6532",653.1,28.0763372,-169.240782178218,3.844
"6533",653.2,28.0671689473684,-169.258583333333,3.844
"6534",653.3,28.0856186567164,-169.320621052632,3.844
"6535",653.4,28.0739508,-169.344575757576,3.844
"6536",653.5,28.0914128712871,-169.377582608696,3.844
"6537",653.6,28.0999555,-169.389024390244,3.844
"6538",653.7,28.0813742857143,-169.338495049505,3.84308910891089
"6539",653.8,28.0829033333333,-169.304707317073,3.84273170731707
"6540",653.9,28.1135963157895,-169.285479166667,3.844
"6541",654,28.1176462686567,-169.264375,3.844
"6542",654.1,28.105628,-169.300881188119,3.844
"6543",654.2,28.0924431578947,-169.2408,3.844
"6544",654.3,28.0962783333333,-169.222852941176,3.844
"6545",654.4,28.1053357142857,-169.271387755102,3.844
"6546",654.5,28.112113880597,-169.3103,3.844
"6547",654.6,28.1115572,-169.361693069307,3.844
"6548",654.7,28.1021945,-169.339444444444,3.84355555555556
"6549",654.8,28.0742548514851,-169.293663366337,3.84344554455445
"6550",654.9,28.0706578947368,-169.368444444444,3.844
"6551",655,28.0956071641791,-169.406727272727,3.844
"6552",655.1,28.1082288,-169.29411235955,3.844
"6553",655.2,28.0949475247525,-169.28894,3.844
"6554",655.3,28.0835915,-169.292821782178,3.844
"6555",655.4,28.0902104511278,-169.25125,3.844
"6556",655.5,28.0952228358209,-169.250297029703,3.844
"6557",655.6,28.0729955555556,-169.26104,3.844
"6558",655.7,28.0748408,-169.286185185185,3.844
"6559",655.8,28.0940908,-169.235739130435,3.844
"6560",655.9,28.0929221052632,-169.217544554455,3.844
"6561",656,28.0837756716418,-169.219919642857,3.844
"6562",656.1,28.0882354545454,-169.177873563218,3.844
"6563",656.2,28.089747761194,-169.253888888889,3.844
"6564",656.3,28.124906,-169.358,3.84355
"6565",656.4,28.1120785,-169.336486486487,3.8434054054054
"6566",656.5,28.1360313861386,-169.218066666667,3.844
"6567",656.6,28.1402051515151,-169.22712,3.84268
"6568",656.7,28.1047774626866,-169.272,3.84277777777778
"6569",656.8,28.1182945,-169.332099009901,3.84455445544554
"6570",656.9,28.1406386,-169.288972477064,3.844
"6571",657,28.141975,-169.308055555556,3.844
"6572",657.1,28.11538,-169.314,3.844
"6573",657.2,28.0903543283582,-169.331333333333,3.844
"6574",657.3,28.0889137,-169.281111111111,3.844
"6575",657.4,28.0787331683168,-169.278633093525,3.844
"6576",657.5,28.0541212,-169.331047619048,3.844
"6577",657.6,28.0523463157895,-169.353919191919,3.84530303030303
"6578",657.7,28.066137761194,-169.307296296296,3.84577777777778
"6579",657.8,28.0594596969697,-169.219304347826,3.844
"6580",657.9,28.0505634328358,-169.181647058824,3.844
"6581",658,28.0570693,-169.228285714286,3.844
"6582",658.1,28.0653971428571,-169.2436,3.844
"6583",658.2,28.0527023880597,-169.19944,3.844
"6584",658.3,28.0497502272727,-169.236448275862,3.84362068965517
"6585",658.4,28.0426208823529,-169.332835294118,3.84332941176471
"6586",658.5,28.0466436363636,-169.319737373737,3.84313131313131
"6587",658.6,28.0511004,-169.26512,3.84288
"6588",658.7,28.0574718811881,-169.23716,3.844
"6589",658.8,28.0759728571429,-169.1854,3.844
"6590",658.9,28.0760970588235,-169.218326732673,3.844
"6591",659,28.0551874747475,-169.205303030303,3.844
"6592",659.1,28.0802194059406,-169.13284,3.844
"6593",659.2,28.089984,-169.10092,3.844
"6594",659.3,28.0977442105263,-169.04564,3.844
"6595",659.4,28.1138823880597,-169.126782178218,3.844
"6596",659.5,28.1222355555556,-169.1335,3.84224489795918
"6597",659.6,28.1139475247525,-169.12895,3.8418
"6598",659.7,28.1204539393939,-169.17303960396,3.844
"6599",659.8,28.13062,-169.22688,3.844
"6600",659.9,28.1199555223881,-169.26692,3.844
"6601",660,28.1193786363636,-169.244793103448,3.844
"6602",660.1,28.1308422058823,-169.220666666667,3.844
"6603",660.2,28.1031145454546,-169.198666666667,3.844
"6604",660.3,28.0932406,-169.154857142857,3.844
"6605",660.4,28.1096593069307,-169.197714285714,3.844
"6606",660.5,28.1155528571429,-169.224571428571,3.84571428571429
"6607",660.6,28.1077473134328,-169.133777777778,3.84622222222222
"6608",660.7,28.098806969697,-169.02975,3.844
"6609",660.8,28.097339,-169.013574257426,3.844
"6610",660.9,28.1089202,-169.08208,3.844
"6611",661,28.1301803759399,-169.07368,3.84356
"6612",661.1,28.1391844117647,-169.09,3.84344444444444
"6613",661.2,28.0933221,-169.14215,3.844
"6614",661.3,28.0590967326733,-169.112,3.844
"6615",661.4,28.069778,-169.043633663366,3.844
"6616",661.5,28.0709857894737,-169.015784313725,3.84313725490196
"6617",661.6,28.0401025373134,-169.009659793814,3.84243298969072
"6618",661.7,28.0359193129771,-169.0219,3.84345
"6619",661.8,28.0401476470588,-169.03605,3.84355
"6620",661.9,28.0369248484848,-169.016,3.84345
"6621",662,28.059430075188,-168.957646551724,3.844
"6622",662.1,28.067597761194,-168.953988095238,3.844
"6623",662.2,28.0759394736842,-169.016181818182,3.844
"6624",662.3,28.0919634328358,-169.047777777778,3.84361111111111
"6625",662.4,28.106895050505,-168.990772277228,3.84255445544555
"6626",662.5,28.1001266,-168.918018691589,3.84282242990654
"6627",662.6,28.092425049505,-168.905161290323,3.844
"6628",662.7,28.091822481203,-168.90452173913,3.844
"6629",662.8,28.0904329411765,-168.924321428571,3.844
"6630",662.9,28.0892109090909,-168.98129245283,3.844
"6631",663,28.0846695049505,-168.936676470588,3.84361764705882
"6632",663.1,28.0814172727273,-168.899,3.843
"6633",663.2,28.0604317910448,-168.96324,3.84344
"6634",663.3,28.0267572727273,-168.98384,3.844
"6635",663.4,28.026972,-168.90688,3.84356
"6636",663.5,28.0347955445545,-168.903152542373,3.84337288135593
"6637",663.6,28.0247027272727,-168.908317073171,3.844
"6638",663.7,28.0245199009901,-168.94976,3.844
"6639",663.8,28.0130842,-168.926,3.844
"6640",663.9,28.0106271428571,-168.888920792079,3.844
"6641",664,28.0290541791045,-168.902743589744,3.844
"6642",664.1,28.0409957575758,-168.916300970874,3.84373786407767
"6643",664.2,28.0399683168317,-168.959,3.8433
"6644",664.3,28.0464187878788,-168.89044,3.844
"6645",664.4,28.0412702255639,-168.84432,3.84444
"6646",664.5,28.0158068656717,-168.84891588785,3.84458878504673
"6647",664.6,27.9910204040404,-168.80393877551,3.84362244897959
"6648",664.7,27.9949975247525,-168.787768421053,3.84341052631579
"6649",664.8,28.0153954545454,-168.797,3.844
"6650",664.9,28.0151362686567,-168.83652,3.84356
"6651",665,28.0128676119403,-168.752626168224,3.84341121495327
"6652",665.1,28.0249209090909,-168.688247311828,3.84360215053763
"6653",665.2,28.014503592233,-168.834698113208,3.84341509433962
"6654",665.3,28.0288245454545,-168.816462365591,3.844
"6655",665.4,28.0356696,-168.808298076923,3.84226923076923
"6656",665.5,28.0260248514851,-168.83032173913,3.84142608695652
"6657",665.6,28.0228868421053,-168.858741176471,3.844
"6658",665.7,28.0201772727273,-168.856229166667,3.844
"6659",665.8,28.012116969697,-168.857504950495,3.84355445544554
"6660",665.9,28.0075209022556,-168.846666666667,3.84344444444444
"6661",666,27.9933607575758,-168.809852941176,3.844
"6662",666.1,27.9920691729323,-168.797479591837,3.844
"6663",666.2,28.0233904477612,-168.8494,3.844
"6664",666.3,28.0210575,-168.803215517241,3.84438793103448
"6665",666.4,28.0139904,-168.764010204082,3.84440816326531
"6666",666.5,28.0371556,-168.773213483146,3.843
"6667",666.6,28.0518820895522,-168.838303030303,3.84342424242424
"6668",666.7,28.0397253731343,-168.850656565657,3.844
"6669",666.8,28.038746,-168.81684,3.844
"6670",666.9,28.0457934,-168.799666666667,3.84355555555555
"6671",667,28.0469263636364,-168.824730769231,3.84343269230769
"6672",667.1,28.0354943283582,-168.810442307692,3.844
"6673",667.2,28.0170683333333,-168.831946236559,3.844
"6674",667.3,28.0184358,-168.85768,3.84312
"6675",667.4,28.0184512871287,-168.799111111111,3.84244444444444
"6676",667.5,28.021258,-168.786857142857,3.843
"6677",667.6,28.0301962406015,-168.762,3.843
"6678",667.7,28.0398590909091,-168.752444444444,3.843
"6679",667.8,28.0507205263158,-168.742139344262,3.84336885245902
"6680",667.9,28.0612962686567,-168.732759493671,3.84370886075949
"6681",668,28.0560955,-168.803555555556,3.843
"6682",668.1,28.0353729,-168.848247524752,3.843
"6683",668.2,28.0307349,-168.855666666667,3.84344444444444
"6684",668.3,28.0359609022556,-168.820764705882,3.84223529411765
"6685",668.4,28.0293510447761,-168.777102040816,3.84131632653061
"6686",668.5,28.0289314,-168.756411764706,3.843
"6687",668.6,28.033412,-168.717808080808,3.843
"6688",668.7,28.0267755555556,-168.739222222222,3.843
"6689",668.8,28.021143880597,-168.79485,3.84345
"6690",668.9,28.0168434328358,-168.7674,3.844
"6691",669,28.002599,-168.742643564356,3.844
"6692",669.1,28.0231706930693,-168.727950495049,3.844
"6693",669.2,28.0403852,-168.724,3.84312244897959
"6694",669.3,28.051381,-168.742267326733,3.84244554455446
"6695",669.4,28.053184,-168.74212,3.843
"6696",669.5,28.0534289473684,-168.703052173913,3.84338260869565
"6697",669.6,28.0573910447761,-168.70493814433,3.84370103092783
"6698",669.7,28.059858,-168.75067816092,3.84336781609195
"6699",669.8,28.0736226,-168.762346534653,3.84310891089109
"6700",669.9,28.0776427272727,-168.74964,3.84244
"6701",670,28.0721717293233,-168.732025210084,3.843
"6702",670.1,28.0505014925373,-168.717888888889,3.843
"6703",670.2,28.0419632,-168.615729166667,3.843
"6704",670.3,28.0319102,-168.609521276596,3.843
"6705",670.4,28.0328544,-168.703,3.843
"6706",670.5,28.0368586466165,-168.734801980198,3.843
"6707",670.6,28.023565,-168.708789473684,3.843
"6708",670.7,28.0381738383838,-168.657529411765,3.843
"6709",670.8,28.0440536,-168.6264,3.84255
"6710",670.9,28.0276717,-168.627594059406,3.84244554455446
"6711",671,28.0260063909774,-168.69816,3.843
"6712",671.1,28.0345962686567,-168.683698113208,3.84424528301887
"6713",671.2,28.0395014141414,-168.701419354839,3.84436559139785
"6714",671.3,28.024154059406,-168.645,3.84245
"6715",671.4,28.0137674,-168.625138613861,3.843
"6716",671.5,28.0341711,-168.724777777778,3.843
"6717",671.6,28.0342207920792,-168.6965703125,3.8433515625
"6718",671.7,28.0337277272727,-168.690833333333,3.844
"6719",671.8,28.031910597015,-168.680689655172,3.84361206896552
"6720",671.9,28.0164187,-168.759945054945,3.84331868131868
"6721",672,28.0241539,-168.790204301075,3.84359139784946
"6722",672.1,28.0129825,-168.801883495146,3.84168932038835
"6723",672.2,28.0190045454545,-168.772329896907,3.84129896907216
"6724",672.3,28.0437095588235,-168.67115,3.843
"6725",672.4,28.0461417171717,-168.681116504854,3.843
"6726",672.5,28.049466,-168.661288659794,3.843
"6727",672.6,28.0381,-168.637584745763,3.8433813559322
"6728",672.7,28.0302484210526,-168.64882,3.844
"6729",672.8,28.0230441176471,-168.636361445783,3.84367469879518
"6730",672.9,28.0030502020202,-168.70336,3.843
"6731",673,28.0062735643564,-168.719764705882,3.84343137254902
"6732",673.1,28.0254818,-168.685125,3.844375
"6733",673.2,28.0503218,-168.730793103448,3.84465517241379
"6734",673.3,28.0337251485149,-168.75536,3.84357
"6735",673.4,28.0213327272727,-168.70091,3.843
"6736",673.5,28.02993,-168.62114,3.843
"6737",673.6,28.0322414141414,-168.587388059702,3.843
"6738",673.7,28.0278722,-168.635863636364,3.84313636363636
"6739",673.8,28.0106111,-168.613871287129,3.84357425742574
"6740",673.9,28.0106912030075,-168.620857142857,3.843
"6741",674,28.0246004477612,-168.654183486239,3.84340366972477
"6742",674.1,28.0463572727273,-168.656666666667,3.84433333333333
"6743",674.2,28.061524,-168.637930232558,3.8443023255814
"6744",674.3,28.040982,-168.68784,3.843
"6745",674.4,28.0306012781955,-168.64664,3.843
"6746",674.5,28.0266280882353,-168.644605504587,3.84340366972477
"6747",674.6,28.0023491919192,-168.667946808511,3.84362765957447
"6748",674.7,28.0157626732673,-168.634117647059,3.843
"6749",674.8,28.028196969697,-168.632721649485,3.843
"6750",674.9,28.0067872180451,-168.711285714286,3.843
"6751",675,27.9846992537313,-168.781198019802,3.84343564356436
"6752",675.1,28.0094409090909,-168.738642857143,3.84438392857143
"6753",675.2,28.024130990099,-168.690609195402,3.84428735632184
"6754",675.3,28.000826,-168.739592592593,3.843
"6755",675.4,28.001952,-168.6694,3.843
"6756",675.5,28.0038540594059,-168.608479591837,3.843
"6757",675.6,27.9899615789474,-168.57343,3.843
"6758",675.7,27.9914959701492,-168.596138613861,3.843
"6759",675.8,28.0269383838384,-168.659857142857,3.84342857142857
"6760",675.9,28.046082,-168.77936,3.84356
"6761",676,28.025954,-168.772059405941,3.84387128712871
"6762",676.1,28.0006190225564,-168.626535353535,3.84413131313131
"6763",676.2,27.9876408955224,-168.578423728814,3.843
"6764",676.3,27.9711654545455,-168.54443902439,3.843
"6765",676.4,27.9813483,-168.609445544554,3.843
"6766",676.5,27.9941027,-168.622656862745,3.84342156862745
"6767",676.6,27.9882136090226,-168.539285714286,3.844
"6768",676.7,27.9921388235294,-168.451268518519,3.84360185185185
"6769",676.8,28.0046103030303,-168.42747826087,3.843
"6770",676.9,28.018328019802,-168.45037,3.84386
"6771",677,28.027922,-168.4705625,3.84538392857143
"6772",677.1,28.030988,-168.502448275862,3.84493103448276
"6773",677.2,28.036182970297,-168.579156862745,3.843
"6774",677.3,28.0236836842105,-168.572939393939,3.843
"6775",677.4,28.0129971641791,-168.582626262626,3.843
"6776",677.5,28.0354201010101,-168.588316831683,3.84343564356436
"6777",677.6,28.052446,-168.60200990099,3.84357425742574
"6778",677.7,28.049258,-168.561117647059,3.843
"6779",677.8,28.0466214285714,-168.539079207921,3.843
"6780",677.9,28.0491628358209,-168.541368421053,3.84382105263158
"6781",678,28.0588572727273,-168.569764705882,3.84456862745098
"6782",678.1,28.0661213861386,-168.5552,3.8436
"6783",678.2,28.0632175757576,-168.520670103093,3.843
"6784",678.3,28.0573579850746,-168.53324742268,3.843
"6785",678.4,28.0505425373134,-168.51533,3.843
"6786",678.5,28.048622,-168.469076271186,3.84336440677966
"6787",678.6,28.041856,-168.512792682927,3.84369512195122
"6788",678.7,28.0403496969697,-168.629836363636,3.843
"6789",678.8,28.0380352985075,-168.5854,3.843
"6790",678.9,28.02893,-168.493851485149,3.84257425742574
"6791",679,28.008883,-168.468592920354,3.84237168141593
"6792",679.1,28.0002137623762,-168.490639534884,3.843
"6793",679.2,27.9993233333333,-168.408126213592,3.843
"6794",679.3,27.9830506930693,-168.386835051546,3.843
"6795",679.4,27.966008,-168.396722772277,3.843
"6796",679.5,27.9770045112782,-168.34376,3.843
"6797",679.6,27.9900580597015,-168.312454545455,3.843
"6798",679.7,27.999576,-168.376539215686,3.843
"6799",679.8,28.004202,-168.410244897959,3.843
"6800",679.9,28.0063863636364,-168.459311320755,3.843
"6801",680,27.9971930075188,-168.4735,3.843
"6802",680.1,27.9886425373134,-168.440615384615,3.843
"6803",680.2,27.9799685,-168.411098039216,3.843
"6804",680.3,27.956206,-168.39484,3.843
"6805",680.4,27.9668185858586,-168.473787878788,3.843
"6806",680.5,27.9576482089552,-168.488317307692,3.84341346153846
"6807",680.6,27.9399849253731,-168.471652631579,3.84358947368421
"6808",680.7,27.9443946,-168.492607843137,3.843
"6809",680.8,27.9540550495049,-168.435909090909,3.843
"6810",680.9,27.9740448484848,-168.47216,3.84386
"6811",681,27.9705093069307,-168.44116,3.84414
"6812",681.1,27.982288,-168.373083333333,3.843
"6813",681.2,28.0006192481203,-168.343393617021,3.843
"6814",681.3,28.0180092537313,-168.309295918367,3.843
"6815",681.4,28.03791,-168.24564,3.84257
"6816",681.5,28.030014,-168.263174757282,3.84241747572816
"6817",681.6,28.0111560606061,-168.306916666667,3.843
"6818",681.7,28.0070169924812,-168.28601980198,3.843
"6819",681.8,28.0160862686567,-168.28567,3.84429
"6820",681.9,28.0059132,-168.276686868687,3.84513131313131
"6821",682,27.9950827,-168.3232,3.84356
"6822",682.1,27.9947806,-168.364549019608,3.843
"6823",682.2,27.9940930075188,-168.323939393939,3.843
"6824",682.3,28.0009604477612,-168.29005,3.843
"6825",682.4,28.0102913,-168.275543209877,3.843
"6826",682.5,28.0126656,-168.202818181818,3.843
"6827",682.6,28.018992,-168.277137931035,3.843
"6828",682.7,28.0324681203007,-168.315036144578,3.84267469879518
"6829",682.8,28.0340296969697,-168.320528301887,3.84283018867924
"6830",682.9,27.9997408,-168.3524,3.8436
"6831",683,28.0144740594059,-168.297573913043,3.843
"6832",683.1,28.0158973,-168.295923076923,3.843
"6833",683.2,28.0081757,-168.343440860215,3.843
"6834",683.3,27.9952343,-168.309544554455,3.843
"6835",683.4,27.9935592481203,-168.34225,3.843
"6836",683.5,27.9958247761194,-168.286737373737,3.843
"6837",683.6,27.9769839,-168.281745098039,3.843
"6838",683.7,27.9905894,-168.316560747664,3.843
"6839",683.8,27.9817165,-168.231483870968,3.84375268817204
"6840",683.9,27.9704670454545,-168.179575757576,3.84415151515151
"6841",684,27.9820637313433,-168.23885,3.843
"6842",684.1,27.9951446,-168.269545454545,3.843
"6843",684.2,27.9776386,-168.231158415842,3.843
"6844",684.3,27.9875036,-168.213456140351,3.84337719298246
"6845",684.4,27.997224887218,-168.23,3.84366279069767
"6846",684.5,27.9792776119403,-168.24704040404,3.843
"6847",684.6,27.9792766,-168.19544,3.843
"6848",684.7,27.9784402970297,-168.161584158416,3.84256435643564
"6849",684.8,27.984912,-168.115377358491,3.84240566037736
"6850",684.9,27.9919165,-168.129138297872,3.843
"6851",685,28.0055184,-168.205686868687,3.843
"6852",685.1,28.0084638345865,-168.257316831683,3.843
"6853",685.2,27.9976350746269,-168.25119,3.843
"6854",685.3,27.9953808,-168.22103960396,3.843
"6855",685.4,28.0318631,-168.189363636364,3.843
"6856",685.5,28.0287378,-168.21063,3.843
"6857",685.6,28.0222578787879,-168.194808080808,3.843
"6858",685.7,28.0227017647059,-168.209555555556,3.84344444444444
"6859",685.8,28.0149990909091,-168.224550847458,3.8436186440678
"6860",685.9,28.0294782,-168.286493975904,3.843
"6861",686,28.041118,-168.31184,3.843
"6862",686.1,28.0457819548872,-168.24732,3.843
"6863",686.2,28.0533997058823,-168.24976,3.843
"6864",686.3,28.0422054545455,-168.297411764706,3.843
"6865",686.4,28.0441106,-168.268393939394,3.843
"6866",686.5,28.047595,-168.27687,3.843
"6867",686.6,28.0302652631579,-168.23987755102,3.843
"6868",686.7,28.0159188059701,-168.21475,3.84383333333333
"6869",686.8,28.0021121212121,-168.297616071428,3.84433928571429
"6870",686.9,27.9844457425743,-168.380084337349,3.843
"6871",687,27.9872054,-168.340666666667,3.843
"6872",687.1,28.010027,-168.249760869565,3.843
"6873",687.2,28.0273431683168,-168.239428571428,3.843
"6874",687.3,28.0392932575757,-168.286704761905,3.843
"6875",687.4,28.042786119403,-168.243125,3.843
"6876",687.5,28.0089604,-168.281929292929,3.843
"6877",687.6,27.999511,-168.3082,3.8426
"6878",687.7,28.0243644,-168.324797752809,3.84238202247191
"6879",687.8,28.0287746969697,-168.362514563107,3.843
"6880",687.9,28.0245402941176,-168.333727272727,3.843
"6881",688,28.0259670707071,-168.307295918367,3.843
"6882",688.1,28.0067205,-168.296881188119,3.843
"6883",688.2,28.0300782,-168.321752475248,3.843
"6884",688.3,28.0191015789474,-168.347165137615,3.843
"6885",688.4,27.9906008823529,-168.323711111111,3.843
"6886",688.5,28.044721010101,-168.34272,3.84344
"6887",688.6,28.050353960396,-168.3054,3.84224
"6888",688.7,28.003223,-168.207772277228,3.84130693069307
"6889",688.8,28.0047676691729,-168.232272727273,3.843
"6890",688.9,28.0285849253731,-168.267545454545,3.843
"6891",689,28.0228856060606,-168.2692125,3.843
"6892",689.1,28.0233264705882,-168.295262626263,3.843
"6893",689.2,28.0131195959596,-168.288207920792,3.843
"6894",689.3,28.0132395,-168.274181818182,3.843
"6895",689.4,28.0382106930693,-168.249623762376,3.843
"6896",689.5,28.0492718796992,-168.269612244898,3.843
"6897",689.6,28.0566195522388,-168.328356435644,3.843
"6898",689.7,28.0673607070707,-168.32064,3.843
"6899",689.8,28.0781603,-168.32284,3.843
"6900",689.9,28.0752639,-168.34336,3.843
"6901",690,28.0832678947368,-168.327333333333,3.843
"6902",690.1,28.1103261764706,-168.265116071429,3.843
"6903",690.2,28.0983634343435,-168.21125,3.843
"6904",690.3,28.0726834653465,-168.278237113402,3.843
"6905",690.4,28.0650471717172,-168.27540776699,3.84257281553398
"6906",690.5,28.0789457894737,-168.253989690722,3.842
"6907",690.6,28.0926225373134,-168.21432,3.842
"6908",690.7,28.06366,-168.1612,3.8424
"6909",690.8,28.0662441584158,-168.127945054945,3.843
"6910",690.9,28.0624068,-168.232296296296,3.843
"6911",691,28.1046173,-168.243307692308,3.843
"6912",691.1,28.0892801980198,-168.2326,3.8434
"6913",691.2,28.0741132330827,-168.240362637363,3.84362637362637
"6914",691.3,28.0795207462687,-168.189774774775,3.843
"6915",691.4,28.0806201010101,-168.2102,3.84367368421053
"6916",691.5,28.0712622,-168.273191489362,3.84421276595745
"6917",691.6,28.0608577,-168.25453271028,3.843
"6918",691.7,28.06653,-168.179451612903,3.843
"6919",691.8,28.0869508955224,-168.20718,3.843
"6920",691.9,28.1074854545455,-168.233217391304,3.843
"6921",692,28.0983688,-168.262285714286,3.84328571428571
"6922",692.1,28.0775184,-168.348,3.84365517241379
"6923",692.2,28.0746817293233,-168.44136,3.84257
"6924",692.3,28.0725341176471,-168.351454545455,3.84243434343434
"6925",692.4,28.0875081818182,-168.253076923077,3.84215384615385
"6926",692.5,28.1046436633663,-168.202083333333,3.84141666666667
"6927",692.6,28.094583,-168.158254901961,3.84243137254902
"6928",692.7,28.0983710526316,-168.161428571429,3.843
"6929",692.8,28.0999753731343,-168.176588235294,3.843
"6930",692.9,28.0866447368421,-168.156955752212,3.843
"6931",693,28.0910067164179,-168.1325,3.84266279069767
"6932",693.1,28.0773863636363,-168.15326,3.84243
"6933",693.2,28.0730359405941,-168.17568,3.84257
"6934",693.3,28.0588771,-168.237676767677,3.84243434343434
"6935",693.4,28.0655468421053,-168.265046153846,3.84401538461538
"6936",693.5,28.0957532835821,-168.248915492958,3.84521126760563
"6937",693.6,28.0863727272727,-168.17835,3.84243
"6938",693.7,28.0715556862745,-168.214366071429,3.843
"6939",693.8,28.0558090909091,-168.232393258427,3.843
"6940",693.9,28.0510309701493,-168.181356435644,3.843
"6941",694,28.0444940298507,-168.100202020202,3.84341414141414
"6942",694.1,28.0396238,-168.144315789474,3.84363157894737
"6943",694.2,28.0466122222222,-168.204390804598,3.843
"6944",694.3,28.0440054545455,-168.135659793814,3.843
"6945",694.4,28.0469113432836,-168.142230769231,3.843
"6946",694.5,28.05148,-168.133833333333,3.843
"6947",694.6,28.0594104,-168.046411764706,3.843
"6948",694.7,28.063708019802,-168.01986,3.843
"6949",694.8,28.0632709090909,-168.058666666667,3.843
"6950",694.9,28.0580302970297,-168.069933962264,3.84340566037736
"6951",695,28.0702697,-168.122712765957,3.84321276595745
"6952",695.1,28.0737205263158,-168.123632075472,3.84240566037736
"6953",695.2,28.0665801492537,-168.070978947368,3.843
"6954",695.3,28.0594132,-168.060454545455,3.84427272727273
"6955",695.4,28.0717,-168.062738317757,3.84439252336449
"6956",695.5,28.05918,-168.001058252427,3.84234951456311
"6957",695.6,28.0365,-167.957112359551,3.843
"6958",695.7,28.0442358208955,-168.033732673267,3.843
"6959",695.8,28.0635632,-168.058,3.843
"6960",695.9,28.0757316,-168.018227272727,3.84331818181818
"6961",696,28.0739086868687,-167.934911764706,3.84385294117647
"6962",696.1,28.0728049253731,-167.978242424242,3.843
"6963",696.2,28.1040298507462,-168.04739047619,3.84259047619048
"6964",696.3,28.1090848,-168.123212765957,3.8436170212766
"6965",696.4,28.1251587128713,-168.135693069307,3.84469306930693
"6966",696.5,28.1304081818182,-168.087643564356,3.843
"6967",696.6,28.115798358209,-168.117087378641,3.843
"6968",696.7,28.1147427272727,-168.106978947368,3.843
"6969",696.8,28.1170369172932,-168.066663366337,3.84343564356436
"6970",696.9,28.1022074626866,-168.11829,3.84357
"6971",697,28.0884008,-168.12024,3.843
"6972",697.1,28.0697104,-168.049637254902,3.843
"6973",697.2,28.0808028712871,-168.077979381443,3.84215463917526
"6974",697.3,28.0856647368421,-168.093623762376,3.841
"6975",697.4,28.0834073134328,-168.04877,3.84186
"6976",697.5,28.0996605,-168.035291262136,3.843
"6977",697.6,28.089338,-168.1225,3.843
"6978",697.7,28.0852154545454,-168.1546,3.843
"6979",697.8,28.0818396240602,-168.163574257426,3.843
"6980",697.9,28.0782026865672,-168.240524752475,3.843
"6981",698,28.0989592,-168.184764705882,3.843
"6982",698.1,28.1252716,-168.129326530612,3.84259183673469
"6983",698.2,28.1275064,-168.099142857143,3.84328571428571
"6984",698.3,28.1101258646617,-168.035069306931,3.84369306930693
"6985",698.4,28.093735,-167.9735,3.84242156862745
"6986",698.5,28.1011645,-167.947582524272,3.843
"6987",698.6,28.1249825742574,-167.952595744681,3.843
"6988",698.7,28.1149330693069,-167.986851485149,3.843
"6989",698.8,28.1076556,-168.061101010101,3.84256565656566
"6990",698.9,28.1012432,-168.083752475248,3.84243564356436
"6991",699,28.0985731578947,-168.037596491228,3.843
"6992",699.1,28.1051234328358,-167.952523255814,3.84266279069767
"6993",699.2,28.1113872727273,-167.901653465347,3.842
"6994",699.3,28.129572,-167.885303030303,3.84242424242424
"6995",699.4,28.1294842424242,-167.845316831683,3.843
"6996",699.5,28.1049287969925,-167.882885245902,3.843
"6997",699.6,28.0998929850746,-167.841526315789,3.843
"6998",699.7,28.113881,-167.852405940594,3.84256435643564
"6999",699.8,28.0848335,-167.87084,3.84243
"7000",699.9,28.0450835,-167.823505050505,3.843
"7001",700,28.0267690225564,-167.871485436893,3.843
"7002",700.1,28.0369170149254,-167.874367346939,3.84341836734694
"7003",700.2,28.04626,-167.86942,3.84357
"7004",700.3,28.0200155445545,-167.896939393939,3.843
"7005",700.4,28.010634,-167.83903960396,3.843
"7006",700.5,28.0237330075188,-167.870419354839,3.843
"7007",700.6,28.0323124242424,-167.96976,3.84274666666667
"7008",700.7,28.0347606015038,-167.902059405941,3.84287128712871
"7009",700.8,28.0397444776119,-167.92313,3.84314
"7010",700.9,28.0326325,-167.944754237288,3.84236440677966
"7011",701,28.04156,-167.918506024096,3.84269879518072
"7012",701.1,28.0295578217822,-167.958142857143,3.84157142857143
"7013",701.2,28.0274431578947,-167.959059405941,3.84143564356436
"7014",701.3,28.0363044776119,-167.965217821782,3.84242574257426
"7015",701.4,28.0567984,-167.8937,3.843
"7016",701.5,28.0751104,-167.883504424779,3.843
"7017",701.6,28.0770168,-167.945848837209,3.84333720930233
"7018",701.7,28.0690954135338,-168.00065,3.84314
"7019",701.8,28.0629498507463,-167.979878787879,3.84243434343434
"7020",701.9,28.0629882828283,-167.961176470588,3.843
"7021",702,28.083164,-167.97224,3.84342
"7022",702.1,28.099997,-167.923941176471,3.84482352941177
"7023",702.2,28.097365037594,-167.969571428571,3.84477551020408
"7024",702.3,28.0994031343284,-167.960787878788,3.84257575757576
"7025",702.4,28.1230365656566,-167.95006,3.84243
"7026",702.5,28.120398019802,-167.977794117647,3.84257843137255
"7027",702.6,28.1145185,-167.922097087379,3.84239805825243
"7028",702.7,28.1084705,-167.89294949495,3.84261616161616
"7029",702.8,28.0914476237624,-167.950125,3.84240625
"7030",702.9,28.0874560150376,-167.91495049505,3.84257425742574
"7031",703,28.0843410294117,-167.90276,3.84284
"7032",703.1,28.0992727272728,-167.826428571429,3.84271428571428
"7033",703.2,28.1037888,-167.832940594059,3.84187128712871
"7034",703.3,28.100474,-167.873585858586,3.84256565656566
"7035",703.4,28.0955239393939,-167.929138613861,3.842
"7036",703.5,28.103598358209,-167.920834951456,3.842
"7037",703.6,28.098817979798,-167.844307692308,3.842
"7038",703.7,28.081619,-167.81485106383,3.8423829787234
"7039",703.8,28.0838074,-167.824142857143,3.843
"7040",703.9,28.09458,-167.841588235294,3.843
"7041",704,28.1009069117647,-167.7988,3.843
"7042",704.1,28.0951177777778,-167.774688073395,3.84222935779816
"7043",704.2,28.0873025742574,-167.835461538462,3.84172527472527
"7044",704.3,28.0747895,-167.793285714286,3.843
"7045",704.4,28.0554779699248,-167.777941176471,3.843
"7046",704.5,28.0590123880597,-167.776909090909,3.843
"7047",704.6,28.0621021212121,-167.768817307692,3.84258653846154
"7048",704.7,28.0250844554456,-167.859659793814,3.84240206185567
"7049",704.8,28.0270865656566,-167.86818,3.843
"7050",704.9,28.0462194,-167.82217699115,3.84225663716814
"7051",705,28.0229831683168,-167.799395348837,3.8423488372093
"7052",705.1,28.0313917293233,-167.857815533981,3.84374757281553
"7053",705.2,28.0514472463768,-167.843762886598,3.842
"7054",705.3,28.0471972727273,-167.829714285714,3.842
"7055",705.4,28.0494988,-167.774404255319,3.842
"7056",705.5,28.0355352,-167.70008,3.842
"7057",705.6,28.0394347368421,-167.702545454545,3.84236363636364
"7058",705.7,28.0540051515151,-167.7435375,3.843
"7059",705.8,28.0565843877551,-167.730851485148,3.843
"7060",705.9,28.068597,-167.735818181818,3.84342424242424
"7061",706,28.0805983,-167.72423,3.84271
"7062",706.1,28.0820222556391,-167.670148148148,3.8417962962963
"7063",706.2,28.07875,-167.648630434783,3.843
"7064",706.3,28.1014466666667,-167.68641,3.84257
"7065",706.4,28.101059009901,-167.68496039604,3.842
"7066",706.5,28.1039334,-167.674757575758,3.84242424242424
"7067",706.6,28.106446,-167.669936363636,3.84260909090909
"7068",706.7,28.0951351485149,-167.679733333333,3.842
"7069",706.8,28.0949109022556,-167.678181818182,3.84156565656566
"7070",706.9,28.1073311764706,-167.743411764706,3.84143137254902
"7071",707,28.0855314141414,-167.760090909091,3.84242424242424
"7072",707.1,28.0858,-167.751339805825,3.843
"7073",707.2,28.1148914851485,-167.757666666667,3.84258333333333
"7074",707.3,28.1376192481203,-167.738653465347,3.84243564356436
"7075",707.4,28.1356889552239,-167.68391,3.84257
"7076",707.5,28.1090315151515,-167.67939,3.84243
"7077",707.6,28.1442895,-167.761445544554,3.843
"7078",707.7,28.1392776767677,-167.750666666667,3.843
"7079",707.8,28.1342612781955,-167.68952,3.84257
"7080",707.9,28.1339837313433,-167.72686,3.84329
"7081",708,28.12089,-167.736514851485,3.84372277227723
"7082",708.1,28.1218246078431,-167.731782178218,3.84241584158416
"7083",708.2,28.1162138383838,-167.748757575758,3.84258585858586
"7084",708.3,28.1094670149254,-167.807121212121,3.842
"7085",708.4,28.0890384848485,-167.828549019608,3.84242156862745
"7086",708.5,28.098648,-167.83924,3.84218
"7087",708.6,28.108641,-167.780831775701,3.84138317757009
"7088",708.7,28.1322933333333,-167.743791208791,3.842
"7089",708.8,28.1231200990099,-167.803712871287,3.84370297029703
"7090",708.9,28.1199684,-167.80948,3.84558
"7091",709,28.1156829850746,-167.801606060606,3.84372727272727
"7092",709.1,28.1154385074627,-167.860715686275,3.842
"7093",709.2,28.095636969697,-167.85377,3.84241
"7094",709.3,28.0931695049505,-167.793414141414,3.84258585858586
"7095",709.4,28.081266969697,-167.766138613861,3.842
"7096",709.5,28.0706825373134,-167.748121212121,3.842
"7097",709.6,28.0663439393939,-167.781705882353,3.842
"7098",709.7,28.0608887128713,-167.790673469388,3.84281632653061
"7099",709.8,28.08323,-167.83338,3.84442
"7100",709.9,28.1008877777778,-167.914696969697,3.84415151515151
"7101",710,28.1008758208955,-167.903485148515,3.84257425742574
"7102",710.1,28.0934648484848,-167.87726,3.842
"7103",710.2,28.0853933333333,-167.914544554456,3.842
"7104",710.3,28.0994091089109,-167.841163265306,3.842
"7105",710.4,28.1546733333333,-167.826,3.842
"7106",710.5,28.1603727722772,-167.900121212121,3.84242424242424
"7107",710.6,28.1699214,-167.902415841584,3.84257425742574
"7108",710.7,28.1680195522388,-167.865805825243,3.84322330097087
"7109",710.8,28.1733917910448,-167.803026548673,3.84361946902655
"7110",710.9,28.172946969697,-167.709456521739,3.84128260869565
"7111",711,28.1726378,-167.724804347826,3.842
"7112",711.1,28.203651,-167.744118811881,3.842
"7113",711.2,28.2141021804511,-167.688345794393,3.842
"7114",711.3,28.1984686764706,-167.621451612903,3.84236559139785
"7115",711.4,28.2177632323232,-167.57665,3.843
"7116",711.5,28.2376964356436,-167.536121212121,3.84258585858586
"7117",711.6,28.189487979798,-167.58192,3.842
"7118",711.7,28.1817286567164,-167.692732673267,3.84158415841584
"7119",711.8,28.1911236363636,-167.654795918367,3.84183673469388
"7120",711.9,28.1811004,-167.559455445545,3.84257425742574
"7121",712,28.1738657425743,-167.60574137931,3.842
"7122",712.1,28.1733425252525,-167.70219047619,3.84230952380952
"7123",712.2,28.1833572180451,-167.63696,3.84258
"7124",712.3,28.19391,-167.625636363636,3.842
"7125",712.4,28.169652,-167.577613861386,3.842
"7126",712.5,28.1622646,-167.579909090909,3.842
"7127",712.6,28.1659479,-167.56545,3.84243
"7128",712.7,28.1589697,-167.623110091743,3.84260550458716
"7129",712.8,28.1708741,-167.572195652174,3.842
"7130",712.9,28.167135,-167.54758,3.842
"7131",713,28.1652704477612,-167.60374,3.842
"7132",713.1,28.153518,-167.602807692308,3.842
"7133",713.2,28.1416695145631,-167.612226804124,3.84239175257732
"7134",713.3,28.15449,-167.684636363636,3.843
"7135",713.4,28.1509863157895,-167.727,3.84258415841584
"7136",713.5,28.1379674626866,-167.69812244898,3.842
"7137",713.6,28.1504436363637,-167.721267326733,3.842
"7138",713.7,28.1766028282828,-167.68172,3.84158
"7139",713.8,28.1580427272727,-167.609393939394,3.84142424242424
"7140",713.9,28.1643233834587,-167.542777777778,3.842
"7141",714,28.1664853731343,-167.553166666667,3.842
"7142",714.1,28.16338,-167.582118811881,3.842
"7143",714.2,28.1768884313725,-167.58566,3.842
"7144",714.3,28.1954025,-167.588383838384,3.842
"7145",714.4,28.183784,-167.6624,3.842
"7146",714.5,28.1628932673267,-167.6635,3.842
"7147",714.6,28.149756969697,-167.648658536585,3.842
"7148",714.7,28.1463206060606,-167.646025974026,3.84249350649351
"7149",714.8,28.126711,-167.628772277228,3.84316831683168
"7150",714.9,28.0999362,-167.56703030303,3.842
"7151",715,28.1119418,-167.54862,3.842
"7152",715.1,28.0965568421053,-167.605,3.842
"7153",715.2,28.0720714925373,-167.56118,3.84163
"7154",715.3,28.0974134,-167.526567307692,3.84135576923077
"7155",715.4,28.1021574,-167.592489130435,3.842
"7156",715.5,28.0813338,-167.622565656566,3.84241414141414
"7157",715.6,28.0842321804511,-167.53046,3.84384
"7158",715.7,28.1153074626865,-167.467085106383,3.84410638297873
"7159",715.8,28.13636,-167.505627118644,3.842
"7160",715.9,28.13694,-167.51103030303,3.842
"7161",716,28.13694,-167.44793,3.842
"7162",716.1,28.13694,-167.42086,3.842
"7163",716.2,28.13694,-167.486708737864,3.84241747572815
"7164",716.3,28.13694,-167.51812,3.843
"7165",716.4,28.13694,-167.392391891892,3.843
"7166",716.5,28.13694,-167.378818181818,3.843
"7167",716.6,28.13694,-167.368727272727,3.84338181818182
"7168",716.7,28.13694,-167.3716,3.84328888888889
"7169",716.8,28.13694,-167.40536,3.842
"7170",716.9,28.13694,-167.505757575758,3.842
"7171",717,28.13694,-167.54539,3.842
"7172",717.1,28.13694,-167.466564356436,3.84157425742574
"7173",717.2,28.13694,-167.39864,3.84142
"7174",717.3,28.13694,-167.45324,3.842
"7175",717.4,28.13694,-167.51196969697,3.842
"7176",717.5,28.13694,-167.51221,3.84114
"7177",717.6,28.13694,-167.492336538462,3.84041346153846
"7178",717.7,28.13694,-167.436237113402,3.84140206185567
"7179",717.8,28.1877340601504,-167.35998,3.842
"7180",717.9,28.2386073134328,-167.4063,3.842
"7181",718,28.2330448484848,-167.42235,3.842
"7182",718.1,28.2358372277228,-167.441225,3.842
"7183",718.2,28.2271795,-167.461524271845,3.84240776699029
"7184",718.3,28.2240526,-167.488908163265,3.84260204081633
"7185",718.4,28.2186530693069,-167.570252525253,3.842
"7186",718.5,28.22538,-167.634696969697,3.842
"7187",718.6,28.20556,-167.63502970297,3.84157425742574
"7188",718.7,28.2118266666666,-167.5929,3.84142
"7189",718.8,28.2332298,-167.569606060606,3.842
"7190",718.9,28.2340895,-167.621257425743,3.842
"7191",719,28.23706,-167.5165,3.84242
"7192",719.1,28.23837,-167.460545454545,3.843
"7193",719.2,28.2833333333333,-167.507779661017,3.84263559322034
"7194",719.3,28.2741877,-167.539953488372,3.842
"7195",719.4,28.2913587,-167.549989690722,3.842
"7196",719.5,28.299700075188,-167.542212121212,3.842
"7197",719.6,28.2999449253731,-167.488584070796,3.842
"7198",719.7,28.3165158585859,-167.502413793103,3.842
"7199",719.8,28.311305049505,-167.43398019802,3.842
"7200",719.9,28.295313,-167.440545454545,3.842
"7201",720,28.29769,-167.42594,3.842
"7202",720.1,28.29635,-167.42565,3.84157
"7203",720.2,28.2851207,-167.458194444444,3.84139814814815
"7204",720.3,28.3033955,-167.472554347826,3.84238043478261
"7205",720.4,28.2963774747475,-167.477823529412,3.84257843137255
"7206",720.5,28.3022042574257,-167.46438,3.84159
"7207",720.6,28.2940631,-167.451153061224,3.84141836734694
"7208",720.7,28.27933,-167.4266,3.842
"7209",720.8,28.2920986567164,-167.438851485149,3.842
"7210",720.9,28.3018966666667,-167.451948275862,3.842
"7211",721,28.3160554455446,-167.497097560976,3.842
"7212",721.1,28.29628,-167.582108910891,3.842
"7213",721.2,28.263335,-167.60565,3.842
"7214",721.3,28.261365,-167.6058,3.842
"7215",721.4,28.2778419,-167.608638297872,3.84159574468085
"7216",721.5,28.2609249,-167.49904,3.841
"7217",721.6,28.2671993939394,-167.42092,3.84144
"7218",721.7,28.2769501492537,-167.409594059406,3.842
"7219",721.8,28.2707754545455,-167.421086538462,3.842
