"","time_point","temperature","load","voltage"
"1",0,22.4158015841584,2.02376785714286,3.554
"2",0.1,22.4173725,1.90911320754717,3.554
"3",0.2,22.4064307,1.93014285714286,3.554
"4",0.3,22.3789038613861,1.85922222222222,3.55488888888889
"5",0.4,22.4149202,1.91030434782609,3.55565217391304
"6",0.5,22.408268,1.9218085106383,3.554
"7",0.6,22.4178536,1.86581481481481,3.554
"8",0.7,22.4121382,1.94675471698113,3.554
"9",0.8,22.4118072727273,2.03088235294118,3.55419607843137
"10",0.9,22.4239923,2.10241007194245,3.55611510791367
"11",1,22.4303846,2.00143859649123,3.554
"12",1.1,22.4361347,1.92336842105263,3.554
"13",1.2,22.4395026,2.05033333333333,3.554
"14",1.3,22.4386114851485,1.9386,3.554
"15",1.4,22.427845,1.93195833333333,3.554
"16",1.5,22.4257572,1.92688888888889,3.55448888888889
"17",1.6,22.4073618,1.843,3.55381632653061
"18",1.7,22.4011498,1.91229411764706,3.554
"19",1.8,22.4047936363636,2.08367391304348,3.554
"20",1.9,22.4160636363636,1.77666666666667,3.554
"21",2,22.4304124,1.37993333333333,3.554
"22",2.1,22.4501911881188,0.396139999999998,3.554
"23",2.2,22.4678112,0.0666222222222224,3.554
"24",2.3,22.4401363366337,-0.0671666666666668,3.554
"25",2.4,22.4219558585859,0.130412698412698,3.554
"26",2.5,22.4179666,0.0399636363636363,3.554
"27",2.6,22.4372391,0.416640625000001,3.553265625
"28",2.7,22.4576847,1.811,3.554
"29",2.8,22.4603362,2.10130769230769,3.554
"30",2.9,22.4363655,1.7861320754717,3.554
"31",3,22.4287222,1.26046666666666,3.554
"32",3.1,22.438064950495,0.348019999999999,3.554
"33",3.2,22.4656375757576,0.0825454545454555,3.55372727272727
"34",3.3,22.4331688,-0.0664999999999995,3.554
"35",3.4,22.4525043,0.0909130434782613,3.554
"36",3.5,22.4214281,0.0526666666666668,3.554
"37",3.6,22.4568114,-0.134438596491228,3.554
"38",3.7,22.4319951515152,-0.2182,3.55465
"39",3.8,22.4337659405941,-0.349847826086956,3.554
"40",3.9,22.4492203,-0.315960784313726,3.554
"41",4,22.4416267326733,-0.415809523809523,3.554
"42",4.1,22.4158172,-0.521150943396226,3.55509433962264
"43",4.2,22.4531670707071,-0.581333333333334,3.554
"44",4.3,22.4660321782178,-0.583622222222225,3.554
"45",4.4,22.4945441414141,-0.86584,3.554
"46",4.5,22.4799371,-0.954913043478261,3.554
"47",4.6,22.486983,-1.18075,3.554
"48",4.7,22.4778212121212,0.105723404255316,3.554
"49",4.8,22.4921475247525,-0.373,3.554
"50",4.9,22.4974445454545,-0.243333333333334,3.554
"51",5,22.505584,-0.400666666666667,3.554
"52",5.1,22.4974568,-0.499782608695652,3.55469565217391
"53",5.2,22.4892252,-0.55955737704918,3.55468852459016
"54",5.3,22.4669789108911,-0.548862068965517,3.554
"55",5.4,22.4829884848485,-0.82716393442623,3.554
"56",5.5,22.474822,-0.858212765957446,3.554
"57",5.6,22.441876,-1.175625,3.554
"58",5.7,22.4556512,-1.08114285714286,3.55485714285714
"59",5.8,22.4387912871287,-1.10911111111111,3.554
"60",5.9,22.4776445454545,-0.88796,3.554
"61",6,22.485671980198,-0.157959183673472,3.554
"62",6.1,22.4745433,0.0140999999999999,3.55356
"63",6.2,22.4586789108911,0.0512765957446803,3.55391489361702
"64",6.3,22.4756887878788,0.141272727272727,3.554
"65",6.4,22.4787848,0.347384615384615,3.554
"66",6.5,22.486596039604,0.256684210526316,3.554
"67",6.6,22.4832470707071,0.1975,3.55494230769231
"68",6.7,22.4855126,0.00568750000000323,3.55485416666667
"69",6.8,22.4844958,-0.374520833333337,3.555
"70",6.9,22.4708927,-0.885,3.554
"71",7,22.5063542,-0.446395833333335,3.554
"72",7.1,22.5207048484849,0.0173617021276596,3.554
"73",7.2,22.5111788118812,0.0194310344827583,3.55320689655172
"74",7.3,22.5395090909091,0.115586206896552,3.5531724137931
"75",7.4,22.5153812,0.112225352112676,3.554
"76",7.5,22.5057956,0.278468085106385,3.554
"77",7.6,22.5178164646465,0.264962264150944,3.554
"78",7.7,22.5368641176471,0.224224489795918,3.55438775510204
"79",7.8,22.5164857575758,-0.00787234042553123,3.555
"80",7.9,22.520336,0.109319148936169,3.55491489361702
"81",8,22.5300532,-0.131438596491226,3.554
"82",8.1,22.4959081818182,-0.452105263157897,3.554
"83",8.2,22.5207518811881,-0.202,3.5525
"84",8.3,22.5142086868687,-0.901767857142858,3.55255357142857
"85",8.4,22.4888063366337,-1.29095744680851,3.554
"86",8.5,22.461052,-1.24170212765958,3.554
"87",8.6,22.4330756,-0.889340425531913,3.554
"88",8.7,22.4456765346535,-0.889631578947367,3.554
"89",8.8,22.4396887878788,-0.837851063829787,3.55312765957447
"90",8.9,22.4444468316832,-0.610673469387756,3.55324489795918
"91",9,22.4365748484849,-0.544153846153846,3.554
"92",9.1,22.4355664,-0.525826086956525,3.554
"93",9.2,22.437964,-0.173400000000001,3.5536
"94",9.3,22.4279892929293,-0.662695652173917,3.55213043478261
"95",9.4,22.4152233663366,-1.28542105263158,3.554
"96",9.5,22.3851365656566,-1.33833333333334,3.554
"97",9.6,22.3951585,-0.883260869565216,3.554
"98",9.7,22.415912,-0.880396226415093,3.554
"99",9.8,22.4191536363636,-0.836065217391304,3.55332608695652
"100",9.9,22.3873670588235,-0.626148936170212,3.55334042553191
"101",10,22.4018096969697,-0.536608695652173,3.554
"102",10.1,22.4182746534653,-0.599654761904762,3.554
"103",10.2,22.4017528,-0.511956521739135,3.554
"104",10.3,22.403724,-0.304981481481481,3.55335185185185
"105",10.4,22.398202970297,-0.362478260869565,3.55480434782609
"106",10.5,22.4139103030303,-0.421673913043478,3.554
"107",10.6,22.4340198019802,-0.0213207547169797,3.554
"108",10.7,22.4553103030303,-0.323869565217393,3.5535652173913
"109",10.8,22.437428,0.600108695652186,3.554
"110",10.9,22.4162484,0.964173913043479,3.55347826086957
"111",11,22.4450051515152,1.08045454545455,3.554
"112",11.1,22.4500711881188,1.17,3.554
"113",11.2,22.4402041414141,0.136304347826058,3.554
"114",11.3,22.4414593069307,-0.317217391304348,3.55321739130435
"115",11.4,22.4229564,-0.354169014084508,3.5549014084507
"116",11.5,22.4307432,-0.401877551020407,3.554
"117",11.6,22.4288124752475,-0.0804716981132148,3.554
"118",11.7,22.4095303030303,-0.244000000000007,3.5531875
"119",11.8,22.41928,0.205586956521746,3.554
"120",11.9,22.4221454545455,0.937943396226413,3.554
"121",12,22.4111865,1.087,3.554
"122",12.1,22.425256,1.25453846153846,3.554
"123",12.2,22.4090285,1.42605172413794,3.554
"124",12.3,22.4168833663366,1.574,3.552
"125",12.4,22.4303028282828,1.85105882352941,3.55362745098039
"126",12.5,22.4456838613861,2.12143478260869,3.554
"127",12.6,22.4294668,2.14152,3.554
"128",12.7,22.425876,2.68932653061225,3.55489795918367
"129",12.8,22.433374,2.6962962962963,3.55492592592593
"130",12.9,22.4245374747475,2.79867857142857,3.55496428571429
"131",13,22.4010672277228,3.04474468085106,3.554
"132",13.1,22.4117261616162,3.22276,3.554
"133",13.2,22.402068,2.58462962962962,3.554
"134",13.3,22.4097615,1.591,3.552
"135",13.4,22.4094075,1.8455,3.55358333333333
"136",13.5,22.4234215,2.07722222222222,3.554
"137",13.6,22.4174062626263,2.18552830188679,3.554
"138",13.7,22.438122,2.53652083333334,3.55435416666667
"139",13.8,22.41712,2.65880701754386,3.555
"140",13.9,22.430613,2.76733333333333,3.55366666666667
"141",14,22.4153646534653,3.03821739130435,3.554
"142",14.1,22.39875,3.16504347826087,3.554
"143",14.2,22.3989364,3.34444680851064,3.554
"144",14.3,22.4036196,1.98361538461538,3.55473076923077
"145",14.4,22.4082304,2.00891304347826,3.55478260869565
"146",14.5,22.3989992,2.23211764705882,3.554
"147",14.6,22.4203516,1.95062264150943,3.554
"148",14.7,22.44936,2.00019230769231,3.554
"149",14.8,22.4479858585859,2.25548,3.55448
"150",14.9,22.4551045,2.06604347826087,3.554
"151",15,22.4527475,2.06765625,3.554
"152",15.1,22.4605775,2.07994545454545,3.554
"153",15.2,22.4630555,2.4466,3.554
"154",15.3,22.477414,2.02422222222222,3.55411111111111
"155",15.4,22.4562421212121,1.9345,3.555
"156",15.5,22.4645781188119,2.11138461538461,3.554
"157",15.6,22.473424,2.15389285714286,3.554
"158",15.7,22.464657,1.927,3.554
"159",15.8,22.4659025,2.05282608695652,3.55426086956522
"160",15.9,22.4588367676768,2.32920408163265,3.554
"161",16,22.470162,2.05336363636364,3.554
"162",16.1,22.4486794,2.077,3.554
"163",16.2,22.454592970297,2.24290384615384,3.554
"164",16.3,22.444073,2.04769565217391,3.55182608695652
"165",16.4,22.4412385,2.089,3.554
"166",16.5,22.4294455,2.32207547169811,3.554
"167",16.6,22.426625,2.53915384615384,3.554
"168",16.7,22.433758,2.78659259259259,3.554
"169",16.8,22.3913687128713,2.95189090909091,3.55203636363636
"170",16.9,22.4061804,2.8855593220339,3.55322033898305
"171",17,22.4023588888889,2.61804225352113,3.554
"172",17.1,22.3912575,1.93352631578949,3.554
"173",17.2,22.3941145,1.51724137931034,3.554
"174",17.3,22.4167802020202,1.59080952380952,3.55461904761905
"175",17.4,22.4165698,1.6515,3.55325
"176",17.5,22.4190434,1.71618181818182,3.554
"177",17.6,22.3739533333333,2.13249019607842,3.554
"178",17.7,22.4039076237624,2.48914285714286,3.554
"179",17.8,22.387405,2.7585,3.554
"180",17.9,22.3919592079208,2.91927659574468,3.55251063829787
"181",18,22.385988,2.88105882352941,3.55329411764706
"182",18.1,22.388547,2.65020408163265,3.554
"183",18.2,22.4158547524752,1.48741176470587,3.554
"184",18.3,22.4083207070707,1.578,3.55434042553191
"185",18.4,22.400733,1.65833333333333,3.55366666666667
"186",18.5,22.403266,1.66825,3.554
"187",18.6,22.369028,1.7559649122807,3.554
"188",18.7,22.403376,2.1295652173913,3.554
"189",18.8,22.4277544444444,2.19926,3.554
"190",18.9,22.482141,2.27623404255319,3.553
"191",19,22.5111754,1.54284905660376,3.55494339622641
"192",19.1,22.51173,-0.574132075471698,3.554
"193",19.2,22.5122538,-0.53709433962264,3.554
"194",19.3,22.5210242424242,-0.563000000000004,3.554
"195",19.4,22.5296896039604,-0.426692307692312,3.55492307692308
"196",19.5,22.5293084,-0.891565217391308,3.554
"197",19.6,22.539761,-1.04826086956521,3.554
"198",19.7,22.5312264,0.257089285714281,3.554
"199",19.8,22.5177872727273,2.22478260869564,3.554
"200",19.9,22.5191589108911,2.28263636363636,3.55307575757576
"201",20,22.48731,1.76828260869562,3.55484782608696
"202",20.1,22.504659009901,-0.571959183673469,3.554
"203",20.2,22.4893618,-0.544222222222222,3.554
"204",20.3,22.5125756,-0.611519230769236,3.554
"205",20.4,22.5079612871287,-0.489618181818185,3.55450909090909
"206",20.5,22.5145066666667,-0.830260869565218,3.554
"207",20.6,22.5436778,-1.00893617021276,3.554
"208",20.7,22.5204434,-0.837212765957448,3.554
"209",20.8,22.453414,-0.567695652173906,3.554
"210",20.9,22.4053762,-1.53276086956519,3.55469565217391
"211",21,22.3916142424242,-1.54056,3.55416
"212",21.1,22.4069188,-1.2486,3.554
"213",21.2,22.4017765,-1.30297872340426,3.554
"214",21.3,22.4334239,-1.12,3.554
"215",21.4,22.4219275,-0.943101694915255,3.55310169491525
"216",21.5,22.4196,-0.910631578947369,3.55349122807018
"217",21.6,22.40944,-1.055,3.554
"218",21.7,22.4006672727273,-0.90412765957446,3.554
"219",21.8,22.4384398019802,-0.586196428571427,3.554
"220",21.9,22.4236596,-1.18160377358491,3.55405660377359
"221",22,22.4205168,-1.51534782608696,3.55439130434783
"222",22.1,22.4052897029703,-1.24789361702128,3.554
"223",22.2,22.3988665656566,-1.25825925925926,3.554
"224",22.3,22.4122878217822,-1.13121739130435,3.554
"225",22.4,22.4142644444444,-0.929208333333334,3.55308333333333
"226",22.5,22.4114836,-0.929021276595747,3.55314893617021
"227",22.6,22.427551,-1.07824,3.554
"228",22.7,22.4151815151515,-1.02978723404255,3.5543829787234
"229",22.8,22.4429785148515,-0.836440000000016,3.55356
"230",22.9,22.4247675757576,-0.856468085106383,3.55453191489362
"231",23,22.3957212,-0.700765957446809,3.554
"232",23.1,22.4082695,-0.768229166666664,3.554
"233",23.2,22.3871757575758,-0.814962962962964,3.554
"234",23.3,22.3821419607843,-1.37858064516129,3.55453225806452
"235",23.4,22.3979787878788,-1.25141304347826,3.55332608695652
"236",23.5,22.3763332,-1.08967346938776,3.554
"237",23.6,22.3666223,-0.990156862745096,3.554
"238",23.7,22.3886335353535,-1.58420895522389,3.554
"239",23.8,22.3858748514851,-1.15561971830986,3.55461971830986
"240",23.9,22.3841543434343,-0.638319148936171,3.55312765957447
"241",24,22.3694095049505,-0.806537313432836,3.5549552238806
"242",24.1,22.379987,-0.707617021276596,3.554
"243",24.2,22.3709837,-0.798042553191492,3.554
"244",24.3,22.3739727722772,-0.82117857142857,3.554
"245",24.4,22.3779821212121,-1.37358823529412,3.55425490196078
"246",24.5,22.3824003960396,-1.25008510638298,3.55344680851064
"247",24.6,22.3960254545455,-1.1195,3.554
"248",24.7,22.3737661,-1.00483018867925,3.554
"249",24.8,22.3961615,-2.25348148148148,3.55364814814815
"250",24.9,22.3711754545455,-2.12568085106383,3.55363829787234
"251",25,22.3927195049505,-1.97295744680851,3.55448936170213
"252",25.1,22.4053907070707,-1.92941379310345,3.554
"253",25.2,22.4232872,-1.62167307692308,3.554
"254",25.3,22.4176228,-1.30400000000001,3.554
"255",25.4,22.419368,-1.26264,3.55470666666667
"256",25.5,22.4114183168317,-1.23178723404255,3.55355319148936
"257",25.6,22.4421582828283,-1.12774074074074,3.554
"258",25.7,22.4222412871287,-0.902754716981132,3.554
"259",25.8,22.4110206,-0.990531914893621,3.554
"260",25.9,22.4131917,-1.20015094339623,3.55488679245283
"261",26,22.4349503960396,-0.536,3.553
"262",26.1,22.4352536363636,-1.85755319148936,3.55474468085106
"263",26.2,22.4237446534653,-1.8636037735849,3.554
"264",26.3,22.4312487878788,-1.57748936170213,3.554
"265",26.4,22.4348468316832,-1.22645283018868,3.554
"266",26.5,22.3881645454545,-1.29541538461538,3.55404615384615
"267",26.6,22.3955038,-1.17757446808511,3.554
"268",26.7,22.3924755,-1.01223076923076,3.554
"269",26.8,22.4080890909091,-0.987744680851063,3.554
"270",26.9,22.3857099009901,-0.886939999999996,3.554
"271",27,22.3908337373737,-0.364653061224383,3.55383673469388
"272",27.1,22.4029184,1.2226170212766,3.55374468085106
"273",27.2,22.4189583168317,1.22452830188679,3.554
"274",27.3,22.4396612121212,0.78374468085107,3.554
"275",27.4,22.4703411881188,0.629595744680851,3.554
"276",27.5,22.4493472727273,0.90670212765958,3.55370212765957
"277",27.6,22.4482136,1.23976363636364,3.55383636363636
"278",27.7,22.447912,1.31782978723404,3.554
"279",27.8,22.4514664,1.44169642857143,3.554
"280",27.9,22.4611063366337,1.74205357142857,3.554
"281",28,22.4536815151515,1.98685714285715,3.555
"282",28.1,22.4415756,1.58830769230771,3.55326923076923
"283",28.2,22.4518059405941,1.25491489361702,3.554
"284",28.3,22.4515245,0.92440000000002,3.554
"285",28.4,22.4426878,0.621404255319147,3.554
"286",28.5,22.4691472727273,0.824527272727275,3.554
"287",28.6,22.4682464,1.18110638297872,3.55376595744681
"288",28.7,22.468946,1.3054,3.55384
"289",28.8,22.4528056,1.36889361702127,3.554
"290",28.9,22.4586728,1.74205882352941,3.554
"291",29,22.4651348484848,1.97140384615385,3.555
"292",29.1,22.4684982178218,1.94993617021276,3.55410638297872
"293",29.2,22.4359280808081,2.36839285714286,3.554
"294",29.3,22.4189958,2.60413207547169,3.554
"295",29.4,22.3931978217822,2.61759649122807,3.5539298245614
"296",29.5,22.3825944,2.87598275862069,3.55381034482759
"297",29.6,22.36556,1.5984,3.55361818181818
"298",29.7,22.3783977777778,1.56188461538461,3.55348076923077
"299",29.8,22.3678824,1.49852830188679,3.554
"300",29.9,22.4138016,1.36025,3.554
"301",30,22.397698,1.42023287671233,3.55468493150685
"302",30.1,22.37921,1.32451020408163,3.555
"303",30.2,22.3819636,1.36693617021276,3.554
"304",30.3,22.3777192,2.14687234042552,3.554
"305",30.4,22.3889116,2.65070909090909,3.554
"306",30.5,22.3692836,2.7445625,3.5531875
"307",30.6,22.3650172,1.62354166666667,3.55329166666667
"308",30.7,22.3600528,1.58931914893617,3.55329787234043
"309",30.8,22.3695672,1.43825,3.554
"310",30.9,22.3580216161616,1.35144680851064,3.554
"311",31,22.3842915,1.42008,3.55468
"312",31.1,22.3751959405941,1.30495744680851,3.555
"313",31.2,22.388958,1.31798214285714,3.554
"314",31.3,22.37075,1.4614776119403,3.554
"315",31.4,22.3783084,1.34565384615385,3.554
"316",31.5,22.3931942424242,1.49227397260274,3.55439726027397
"317",31.6,22.4180551,1.49757142857143,3.554
"318",31.7,22.4341989,1.68410769230769,3.55470769230769
"319",31.8,22.410130990099,1.71514285714286,3.554
"320",31.9,22.4142884,1.85855319148936,3.554
"321",32,22.424468,1.7938085106383,3.55331914893617
"322",32.1,22.4109288,2.47495744680854,3.5556170212766
"323",32.2,22.3970464,3.33844680851065,3.554
"324",32.3,22.3971136,2.37124000000001,3.554
"325",32.4,22.391098,1.92931914893618,3.554
"326",32.5,22.3858368,1.49519718309859,3.554
"327",32.6,22.410242020202,1.51270833333333,3.55479166666667
"328",32.7,22.3921027,1.57025,3.554
"329",32.8,22.3622735,1.72166666666667,3.55416666666667
"330",32.9,22.3831122,1.8328085106383,3.554
"331",33,22.3913735,1.83135185185185,3.554
"332",33.1,22.4040062,1.70653125,3.5539375
"333",33.2,22.3905381818182,3.14367924528301,3.55543396226415
"334",33.3,22.3749427722772,3.12184848484851,3.554
"335",33.4,22.3975147,2.25751063829787,3.554
"336",33.5,22.4018335643564,2.15540425531915,3.554
"337",33.6,22.3942196,2.05217021276595,3.55478723404255
"338",33.7,22.4205488888889,1.52266666666667,3.5535
"339",33.8,22.3951730693069,1.20534042553193,3.554
"340",33.9,22.3782953535354,1.4331836734694,3.554
"341",34,22.3991532,0.774,3.554
"342",34.1,22.4147981,0.817765957446817,3.55397872340426
"343",34.2,22.4099468,1.22889090909088,3.55398181818182
"344",34.3,22.3869954455446,1.65142553191496,3.55302127659574
"345",34.4,22.3825484848485,-1.54401818181826,3.554
"346",34.5,22.4105566,-1.61662264150942,3.554
"347",34.6,22.4131894,0.264462962963089,3.554
"348",34.7,22.4236947,1.516625,3.55330357142857
"349",34.8,22.4247792,1.27425,3.554
"350",34.9,22.4472518181818,1.06426315789474,3.554
"351",35,22.4534581188119,1.07616129032256,3.554
"352",35.1,22.4408577,0.929320754716995,3.554
"353",35.2,22.4251697,0.87026923076923,3.55334615384615
"354",35.3,22.4275519,1.37521052631579,3.55447368421053
"355",35.4,22.4260690909091,1.6728918918919,3.55310810810811
"356",35.5,22.3869520792079,-1.5047058823531,3.554
"357",35.6,22.4068472727273,-1.7603,3.554
"358",35.7,22.4064932673267,-1.31689361702128,3.55344680851064
"359",35.8,22.4071781,-1.15542553191489,3.55446808510638
"360",35.9,22.3966921,-1.16944680851064,3.55440425531915
"361",36,22.3816931683168,-1.06352,3.554
"362",36.1,22.3814095959596,-1.26228,3.554
"363",36.2,22.3952653,-1.39099999999999,3.55286666666667
"364",36.3,22.3838528,-1.64988888888889,3.55444444444444
"365",36.4,22.3876116,-1.63465517241379,3.554
"366",36.5,22.3991694,-1.76563157894737,3.554
"367",36.6,22.4012909090909,-1.79361702127661,3.554
"368",36.7,22.37975,-2.23799999999997,3.555
"369",36.8,22.37695,-2.61458823529412,3.55752941176471
"370",36.9,22.380799,-1.48196428571427,3.55496428571429
"371",37,22.385342,-1.11725490196078,3.554
"372",37.1,22.3724938383838,-1.26587234042553,3.554
"373",37.2,22.3963374509804,-1.287,3.554
"374",37.3,22.3836436363636,-1.62696078431373,3.55423529411765
"375",37.4,22.4074225742574,-1.6215,3.55383333333333
"376",37.5,22.4064284,-1.74055319148936,3.554
"377",37.6,22.4019245454545,-1.74849090909091,3.554
"378",37.7,22.4052620792079,-1.97637499999999,3.554125
"379",37.8,22.4135727272727,-2.52385106382978,3.55525531914894
"380",37.9,22.4320277227723,-1.80415789473683,3.554
"381",38,22.4167563636364,-1.241,3.554
"382",38.1,22.414939,-1.502375,3.554
"383",38.2,22.4024288118812,-1.46466666666666,3.554
"384",38.3,22.3944536363636,-1.24551923076923,3.55378846153846
"385",38.4,22.4041632673267,-1.31915789473684,3.55252631578947
"386",38.5,22.4062163636364,-1.36102127659574,3.554
"387",38.6,22.412087,-1.470375,3.554
"388",38.7,22.422749,-1.71118181818182,3.554
"389",38.8,22.4299228282828,-1.81208510638298,3.55482978723404
"390",38.9,22.434827254902,-1.78828301886792,3.55524528301887
"391",39,22.4116172727273,-1.55088235294118,3.554
"392",39.1,22.425072,-1.48542647058824,3.554
"393",39.2,22.43562,-1.44183720930232,3.554
"394",39.3,22.4270039393939,-1.33355319148936,3.55327659574468
"395",39.4,22.4263842574257,-1.18433333333334,3.554
"396",39.5,22.4007928282828,-1.41711111111111,3.55311111111111
"397",39.6,22.4111887128713,-1.43492307692309,3.554
"398",39.7,22.432309,-1.48732653061224,3.554
"399",39.8,22.437488,-1.78495744680851,3.55591489361702
"400",39.9,22.4541002970297,-1.77687234042553,3.554
"401",40,22.4375127272727,-1.76951470588235,3.55502941176471
"402",40.1,22.4288667326733,-1.61785106382979,3.554
"403",40.2,22.4297263636364,-2.80267307692308,3.553
"404",40.3,22.451702,-3.08829032258064,3.55382258064516
"405",40.4,22.431782,-2.84557894736842,3.55184210526316
"406",40.5,22.4488714141414,-2.34741176470588,3.554
"407",40.6,22.4751131683168,-2.18691489361702,3.554
"408",40.7,22.4756885858586,-2.16934042553191,3.554
"409",40.8,22.4754422,-2.02627659574468,3.554
"410",40.9,22.4679485,-2.03190277777778,3.55568055555556
"411",41,22.4536966666667,-1.89644680851063,3.55376595744681
"412",41.1,22.4228358823529,-1.93678723404255,3.554
"413",41.2,22.4270274747475,-1.73838297872341,3.554
"414",41.3,22.4493854455446,-1.92772340425532,3.554
"415",41.4,22.437666,-2.78089361702126,3.55308510638298
"416",41.5,22.421064,-2.698,3.5515625
"417",41.6,22.424145,-2.29365957446808,3.554
"418",41.7,22.4373092929293,-2.15401851851852,3.554
"419",41.8,22.4318511881188,-2.14095744680852,3.554
"420",41.9,22.4192922222222,-2.01458064516129,3.55525806451613
"421",42,22.4022816,-1.91885507246377,3.55389855072464
"422",42.1,22.4215331683168,-1.90768085106383,3.5538085106383
"423",42.2,22.425137,-1.89526086956522,3.554
"424",42.3,22.4537269306931,-1.78221739130435,3.554
"425",42.4,22.46017,-1.80497872340425,3.554
"426",42.5,22.4500175247525,-1.77822077922078,3.55368831168831
"427",42.6,22.4388409090909,-2.32634042553192,3.55423404255319
"428",42.7,22.430785,-1.33064583333346,3.554
"429",42.8,22.420883,-0.218549618320648,3.554
"430",42.9,22.427994,0.945617021276592,3.554
"431",43,22.442615,0.171811764705872,3.554
"432",43.1,22.4233371717172,-0.0294666666666743,3.554
"433",43.2,22.4223296,-0.164500000000001,3.5505
"434",43.3,22.4046499,-0.115016666666664,3.55339166666667
"435",43.4,22.3967276,-0.185938144329896,3.55372164948454
"436",43.5,22.4053230693069,-0.0712352941176445,3.55329411764706
"437",43.6,22.4144633333333,-0.0825384615384519,3.554
"438",43.7,22.3987410891089,0.359,3.554
"439",43.8,22.398925,0.378261538461537,3.554
"440",43.9,22.398343,0.616719298245618,3.55324561403509
"441",44,22.376016,0.779,3.555
"442",44.1,22.349732,0.906826086956521,3.55413043478261
"443",44.2,22.347985,0.906280000000001,3.55332
"444",44.3,22.3363125252525,1.08696969696969,3.554
"445",44.4,22.3310626,1.50636619718309,3.554
"446",44.5,22.3360998019802,1.7716811594203,3.554
"447",44.6,22.342447,2.39615151515152,3.55306060606061
"448",44.7,22.334866,2.36946875,3.55340625
"449",44.8,22.343201,1.03906666666667,3.5537
"450",44.9,22.352414949495,0.878166666666668,3.554
"451",45,22.3563226,0.874625,3.554
"452",45.1,22.3658013,0.646849056603753,3.554
"453",45.2,22.359482970297,0.507571428571422,3.55371428571429
"454",45.3,22.365239,0.793,3.55490476190476
"455",45.4,22.3466336363636,0.900551020408163,3.55312244897959
"456",45.5,22.3456212,1.274625,3.554
"457",45.6,22.3532323,1.67861290322581,3.554
"458",45.7,22.3439564,2.32963829787231,3.55317021276596
"459",45.8,22.3486838,1.33633333333332,3.55825
"460",45.9,22.3504188,0.928,3.552
"461",46,22.3621401,0.940166666666663,3.554
"462",46.1,22.3811632,0.786,3.554
"463",46.2,22.4117242574257,0.647333333333333,3.554
"464",46.3,22.39706,0.521354166666662,3.55370833333333
"465",46.4,22.382549,0.55816666666667,3.55454166666667
"466",46.5,22.385052,0.635893617021276,3.55363829787234
"467",46.6,22.3520195959596,0.499604166666648,3.554
"468",46.7,22.3623465,0.648419999999999,3.554
"469",46.8,22.3700499,0.610479166666669,3.55452083333333
"470",46.9,22.3744589,0.65415789473684,3.553
"471",47,22.3782435,0.373333333333333,3.554
"472",47.1,22.35866,1.14968085106396,3.55370212765957
"473",47.2,22.357882,2.33495744680853,3.55442553191489
"474",47.3,22.3460884,0.773695652173926,3.55275362318841
"475",47.4,22.3584785148515,0.525769230769231,3.55411538461538
"476",47.5,22.3639423,0.621075471698114,3.55383018867925
"477",47.6,22.3425276,0.609749999999996,3.554
"478",47.7,22.3514565,0.566461538461515,3.554
"479",47.8,22.3680167,0.646125,3.554
"480",47.9,22.3921498019802,0.645,3.55366666666667
"481",48,22.385929,0.539372881355927,3.5534406779661
"482",48.1,22.389183,0.403046875000034,3.554
"483",48.2,22.416337,2.28233333333331,3.55316666666667
"484",48.3,22.3969492929293,2.65263636363636,3.55490909090909
"485",48.4,22.4017238,1.56827083333332,3.55329166666667
"486",48.5,22.4026877,0.985807692307684,3.554
"487",48.6,22.4075288,0.440936170212746,3.554
"488",48.7,22.4164924,0.159345454545458,3.554
"489",48.8,22.4080644444444,-0.213622641509431,3.554
"490",48.9,22.4005411881188,-0.493185185185173,3.55348148148148
"491",49,22.4167466666667,-0.760382978723415,3.55382978723404
"492",49.1,22.4343291089109,-0.866583333333335,3.554
"493",49.2,22.3977528,-0.951603773584915,3.554
"494",49.3,22.4129866666667,-0.982396825396827,3.555
"495",49.4,22.4079774257426,-0.415574468085119,3.55555319148936
"496",49.5,22.3919511111111,0.9434375,3.554
"497",49.6,22.4048928,0.499021276595741,3.554
"498",49.7,22.3836124,0.177872340425535,3.554
"499",49.8,22.3673896,-0.178549019607842,3.554
"500",49.9,22.3730736633663,-0.423886792452836,3.55298113207547
"501",50,22.3756266666667,-0.699718309859154,3.55335211267606
"502",50.1,22.3670768316832,-0.8162972972973,3.554
"503",50.2,22.3942273,-1.01978723404255,3.554
"504",50.3,22.3832477,-0.969181818181813,3.55452727272727
"505",50.4,22.3993938,-0.81316363636363,3.55549090909091
"506",50.5,22.3986155555556,-0.521249999999991,3.55435714285714
"507",50.6,22.38826,-0.132799999999973,3.554
"508",50.7,22.3879366666667,-0.416874999999877,3.554
"509",50.8,22.3851388,-2.75642553191489,3.55346808510638
"510",50.9,22.3830308,-4.03638181818182,3.55449090909091
"511",51,22.3792124242424,-3.80989583333332,3.55558333333333
"512",51.1,22.3829100990099,-3.46066037735848,3.554
"513",51.2,22.3940096969697,-3.58463829787234,3.554
"514",51.3,22.3888496039604,-3.66412499999999,3.55377083333333
"515",51.4,22.3610756,-3.82721276595745,3.55331914893617
"516",51.5,22.3850328,-3.49746808510635,3.5533829787234
"517",51.6,22.3595710891089,-0.421117647058755,3.554
"518",51.7,22.3467455555556,-0.649749999999877,3.554
"519",51.8,22.3523983168317,-2.59724999999997,3.553375
"520",51.9,22.3359244444444,-4.01252,3.55414
"521",52,22.3589516,-3.86429166666667,3.55616666666667
"522",52.1,22.3475312,-3.4613125,3.554
"523",52.2,22.3395303030303,-3.57709433962265,3.554
"524",52.3,22.3686248039216,-3.65012765957446,3.55389361702128
"525",52.4,22.3521211111111,-3.79236170212767,3.55304255319149
"526",52.5,22.3377808,-4.14715686274509,3.554
"527",52.6,22.3358488,-3.755,3.554
"528",52.7,22.3429327272727,-3.80722222222221,3.554
"529",52.8,22.3585341584158,-3.83675,3.554
"530",52.9,22.3422954545455,-4.12870588235294,3.553
"531",53,22.3411117821782,-4.34985185185186,3.55357407407407
"532",53.1,22.3558316,-4.47226470588236,3.554
"533",53.2,22.34203,-4.44423076923076,3.554
"534",53.3,22.327468,-4.91166666666665,3.554
"535",53.4,22.35952,-5.73803773584904,3.55332075471698
"536",53.5,22.3808908910891,-6.31514583333334,3.5541875
"537",53.6,22.3619836363636,-4.8356875,3.5538125
"538",53.7,22.3592641,-4.41791666666673,3.554
"539",53.8,22.37194,-3.76112765957446,3.554
"540",53.9,22.3717278787879,-4.08268085106383,3.553
"541",54,22.3663269607843,-4.30385454545455,3.55385454545455
"542",54.1,22.3438311111111,-4.45845454545455,3.55396363636364
"543",54.2,22.3711032,-4.42679245283017,3.554
"544",54.3,22.3430068,-4.90436538461538,3.554
"545",54.4,22.3696954545455,-5.83423404255316,3.55317021276596
"546",54.5,22.3675348514851,-6.3211875,3.5548125
"547",54.6,22.3776745454545,-4.84179629629626,3.5537962962963
"548",54.7,22.3796688,-5.18268627450979,3.554
"549",54.8,22.373414,-5.63569811320754,3.554
"550",54.9,22.4039562,-6.15882978723405,3.55342553191489
"551",55,22.4113325,-6.63238356164384,3.55341095890411
"552",55.1,22.4081278787879,-7.38269387755101,3.554
"553",55.2,22.3961114851485,-7.42975471698112,3.554
"554",55.3,22.3945277,-7.47066666666666,3.554
"555",55.4,22.421335,-7.3316734693877,3.55504081632653
"556",55.5,22.423554950495,-9.548,3.553
"557",55.6,22.4193118181818,-9.23164912280698,3.55424561403509
"558",55.7,22.4314392079208,-8.29878723404256,3.554
"559",55.8,22.4475393939394,-7.56109090909097,3.554
"560",55.9,22.4444738,-5.92488,3.55464
"561",56,22.4309321,-6.63385416666669,3.55372916666667
"562",56.1,22.4342978,-7.31012765957452,3.55385106382979
"563",56.2,22.4467857425743,-7.36325,3.554
"564",56.3,22.4272193939394,-7.47037037037037,3.554
"565",56.4,22.439551980198,-7.23076363636362,3.554
"566",56.5,22.4154675757576,-9.24761702127662,3.55327659574468
"567",56.6,22.4364923,-9.26526315789474,3.55431578947368
"568",56.7,22.4137301,-8.31148076923077,3.554
"569",56.8,22.4001057,-8.15120833333333,3.554
"570",56.9,22.4217137623762,-8.00132727272727,3.554
"571",57,22.4277142424242,-7.95694736842105,3.554
"572",57.1,22.4307133,-7.94278181818182,3.554
"573",57.2,22.4329261,-7.82224675324676,3.554
"574",57.3,22.4498076,-7.81782051282051,3.554
"575",57.4,22.4387972,-7.92401923076923,3.554
"576",57.5,22.4236823232323,-7.85242105263158,3.5521052631579
"577",57.6,22.4103967326733,-8.20368421052632,3.554
"578",57.7,22.4276267,-8.13568965517242,3.55362068965517
"579",57.8,22.4225804,-8.787,3.554
"580",57.9,22.4247798019802,-9.047625,3.554
"581",58,22.4169684,-6.68142857142855,3.55367857142857
"582",58.1,22.4258016,-7.3631034482759,3.55324137931035
"583",58.2,22.4163860606061,-7.92506382978723,3.554
"584",58.3,22.399449,-7.8434680851064,3.554
"585",58.4,22.4219924,-7.89173134328358,3.554
"586",58.5,22.4351551,-7.86187499999999,3.554
"587",58.6,22.422757,-8.13033962264151,3.55388679245283
"588",58.7,22.4322878787879,-8.15265957446809,3.55310638297872
"589",58.8,22.438115,-8.60783333333329,3.554
"590",58.9,22.439627,-8.997375,3.554
"591",59,22.4568538,-7.01041071428563,3.554
"592",59.1,22.4460064356436,-5.4408620689655,3.55393103448276
"593",59.2,22.4265480808081,-6.87470833333325,3.55395833333333
"594",59.3,22.4141411881188,-6.6774,3.554
"595",59.4,22.4194269,-7.09154838709676,3.554
"596",59.5,22.4446179,-7.25168085106381,3.55442553191489
"597",59.6,22.4426913,-7.26950943396229,3.554
"598",59.7,22.4359288,-7.738350877193,3.55245614035088
"599",59.8,22.4320512,-7.24166,3.554
"600",59.9,22.4372219191919,-7.78651063829788,3.554
"601",60,22.4389866,-7.31677083333333,3.55345833333333
"602",60.1,22.4251221782178,-7.45899999999998,3.553
"603",60.2,22.4252213,-6.17233333333328,3.55333333333333
"604",60.3,22.4185401980198,-6.69815094339623,3.554
"605",60.4,22.4163151515152,-6.76203508771933,3.554
"606",60.5,22.42962,-7.37636170212767,3.55485106382979
"607",60.6,22.4302258,-7.27222916666671,3.554
"608",60.7,22.4296611,-7.70039583333336,3.55270833333333
"609",60.8,22.3999603,-7.19629166666667,3.554
"610",60.9,22.4066222,-7.70225531914894,3.554
"611",61,22.400443030303,-7.3256862745098,3.55274509803922
"612",61.1,22.4198754,-7.51231249999999,3.553
"613",61.2,22.4022658,-7.09258333333334,3.554
"614",61.3,22.419159,-6.89983333333335,3.554
"615",61.4,22.4120674,-6.52695744680851,3.554
"616",61.5,22.4138434,-7.49959649122815,3.554
"617",61.6,22.4252618,-8.43040425531914,3.55589361702128
"618",61.7,22.4100548,-8.38151063829783,3.554
"619",61.8,22.4101336633663,-8.76780392156863,3.554
"620",61.9,22.3791404,-8.33634042553191,3.554
"621",62,22.3743276,-9.18728571428572,3.55435714285714
"622",62.1,22.3610141,-8.98987692307691,3.55401538461538
"623",62.2,22.3753734343434,-8.28189473684212,3.554
"624",62.3,22.3859388,-7.15958333333334,3.554
"625",62.4,22.3857746,-6.57533333333333,3.554
"626",62.5,22.4011806,-6.5785,3.554
"627",62.6,22.3728734,-8.52248936170212,3.55478723404255
"628",62.7,22.3925084848485,-8.13875,3.55451923076923
"629",62.8,22.391408,-8.84836170212767,3.554
"630",62.9,22.39828,-8.43546808510639,3.554
"631",63,22.3923314851485,-9.038125,3.554
"632",63.1,22.3921762,-9.007875,3.5540625
"633",63.2,22.3917412,-8.80158333333332,3.554
"634",63.3,22.3928028,-10.2152448979592,3.554
"635",63.4,22.3774438,-9.79474468085105,3.554
"636",63.5,22.3783772,-10.0524893617021,3.55493617021277
"637",63.6,22.3958488,-10.2557735849057,3.55447169811321
"638",63.7,22.3898102,-10.129,3.554
"639",63.8,22.3741888,-10.23975,3.554
"640",63.9,22.3765734343434,-11.9315,3.554
"641",64,22.3961577227723,-12.2797872340426,3.55436170212766
"642",64.1,22.4110058,-11.7995957446809,3.554
"643",64.2,22.4261042,-11.3948703703704,3.554
"644",64.3,22.4127992,-10.7623333333332,3.554
"645",64.4,22.4395449494949,-9.78655319148935,3.554
"646",64.5,22.4240782178218,-10.078829787234,3.55497872340425
"647",64.6,22.4134155555556,-10.2518979591837,3.55440816326531
"648",64.7,22.4038901980198,-10.1333404255319,3.554
"649",64.8,22.4263026,-10.264962962963,3.554
"650",64.9,22.4219870707071,-12.4710416666666,3.554
"651",65,22.4125379207921,-12.2582,3.55486666666667
"652",65.1,22.4224584848485,-11.8536875,3.554
"653",65.2,22.4260135,-11.6859574468085,3.554
"654",65.3,22.415558,-14.4449130434783,3.554
"655",65.4,22.436268,-14.4011276595745,3.554
"656",65.5,22.4439300990099,-13.8341041666667,3.5569375
"657",65.6,22.4399680808081,-13.6135384615385,3.55498076923077
"658",65.7,22.427556039604,-15.8178823529408,3.554
"659",65.8,22.4421138,-14.8323333333333,3.554
"660",65.9,22.4358694,-14.2569242424242,3.555
"661",66,22.4108798,-13.8667346938776,3.554
"662",66.1,22.4158245454545,-17.2494423076928,3.55426923076923
"663",66.2,22.4057140594059,-18.1078518518519,3.554
"664",66.3,22.402157979798,-17.5542207792207,3.554
"665",66.4,22.400523,-16.354,3.554
"666",66.5,22.3897975,-14.3797692307693,3.554
"667",66.6,22.3688860606061,-13.7976842105263,3.55573684210526
"668",66.7,22.3826011881188,-13.7693333333333,3.55466666666667
"669",66.8,22.360078,-15.7442978723403,3.554
"670",66.9,22.3838697029703,-14.7436382978724,3.55423404255319
"671",67,22.3747876,-14.0433333333334,3.55466666666667
"672",67.1,22.3739608,-13.99525,3.55375
"673",67.2,22.3918851485149,-18.631568627451,3.55472549019608
"674",67.3,22.3846330612245,-17.9848571428571,3.554
"675",67.4,22.3980700990099,-17.5318412698413,3.554
"676",67.5,22.3688016161616,-17.3619,3.554
"677",67.6,22.3588885,-17.2155,3.554
"678",67.7,22.372265,-19.1507291666666,3.55379166666667
"679",67.8,22.380068,-19.2947708333333,3.55327083333333
"680",67.9,22.3736,-18.9102631578947,3.554
"681",68,22.3586503030303,-18.6509333333333,3.554
"682",68.1,22.3754298,-18.282,3.554
"683",68.2,22.381296,-20.7112083333334,3.554
"684",68.3,22.3954985714286,-20.5557083333332,3.55241666666667
"685",68.4,22.3902767326733,-20.0219183673469,3.554
"686",68.5,22.3744257575758,-19.9745957446809,3.554
"687",68.6,22.3837874257426,-19.7904918032787,3.5547868852459
"688",68.7,22.393381,-21.192,3.554
"689",68.8,22.392129,-19.5913333333332,3.55381481481481
"690",68.9,22.4050335,-19.0594915254237,3.554
"691",69,22.3947018181818,-18.7585531914894,3.554
"692",69.1,22.4129100990099,-18.3845283018868,3.554
"693",69.2,22.4040412121212,-19.0034468085107,3.554
"694",69.3,22.4017328,-20.8615094339623,3.55354716981132
"695",69.4,22.3998974257426,-20.1062083333333,3.554
"696",69.5,22.3708809090909,-20.0943636363636,3.554
"697",69.6,22.3698849019608,-19.8618125,3.554
"698",69.7,22.3920431313131,-19.778085106383,3.55442553191489
"699",69.8,22.3665681188119,-22.1703962264151,3.55354716981132
"700",69.9,22.3765184,-21.5275555555556,3.554
"701",70,22.4006670707071,-21.041875,3.554
"702",70.1,22.4035243564356,-20.7843939393939,3.554
"703",70.2,22.434856969697,-20.5976470588235,3.55342647058824
"704",70.3,22.4381827272727,-20.9387659574475,3.55582978723404
"705",70.4,22.4397068,-23.48225,3.554
"706",70.5,22.4482137373737,-23.376,3.554
"707",70.6,22.4248789108911,-22.7985438596491,3.554
"708",70.7,22.4310568686869,-22.4799818181818,3.554
"709",70.8,22.4385874257426,-22.414,3.5528125
"710",70.9,22.4532516,-27.2843061224489,3.55489795918367
"711",71,22.4447492,-24.6573125000001,3.554
"712",71.1,22.423680990099,-20.97275,3.554
"713",71.2,22.4248057575758,-20.6982727272727,3.554
"714",71.3,22.4168355445545,-20.4463541666666,3.5551875
"715",71.4,22.4118612121212,-23.758962962963,3.55351851851852
"716",71.5,22.39938,-23.3917636363636,3.554
"717",71.6,22.388932,-22.8465416666667,3.554
"718",71.7,22.3675612,-22.5567894736842,3.554
"719",71.8,22.382652970297,-22.3184444444445,3.55231481481481
"720",71.9,22.3871757575758,-27.7055555555555,3.55418518518518
"721",72,22.3754217821782,-26.7786875,3.554
"722",72.1,22.3931151515152,-26.42175,3.554
"723",72.2,22.3782592,-26.0965098039216,3.55409803921569
"724",72.3,22.4204448,-25.9744285714285,3.55404081632653
"725",72.4,22.4447927272727,-28.0792727272728,3.554
"726",72.5,22.4108078217822,-27.1573731343284,3.554
"727",72.6,22.4171370707071,-26.4754150943396,3.554
"728",72.7,22.401001,-26.177,3.554
"729",72.8,22.4293845,-25.9190416666667,3.55327083333333
"730",72.9,22.4180969,-30.1439591836735,3.55418367346939
"731",73,22.4247721782178,-29.4055000000001,3.5537962962963
"732",73.1,22.4288756565657,-27.74,3.554
"733",73.2,22.4396201980198,-26.1439245283019,3.554
"734",73.3,22.432352,-25.9831276595745,3.55421276595745
"735",73.4,22.4067144,-27.8173191489361,3.55412765957447
"736",73.5,22.4038928712871,-27.1950684931507,3.554
"737",73.6,22.3965512121212,-26.5129574468085,3.554
"738",73.7,22.409468019802,-26.1813269230769,3.554
"739",73.8,22.4005093939394,-25.9099666666667,3.55368333333333
"740",73.9,22.3767444,-27.3332368421052,3.5540350877193
"741",74,22.375928,-30.4029148936166,3.55404255319149
"742",74.1,22.3975804,-29.3386304347826,3.554
"743",74.2,22.3832044,-29.01559375,3.554
"744",74.3,22.375236969697,-28.4314255319148,3.554
"745",74.4,22.3906553,-28.4886666666667,3.55366666666667
"746",74.5,22.3825286,-29.3523333333335,3.55328787878788
"747",74.6,22.3794434,-28.4785915492958,3.554
"748",74.7,22.3646793069307,-28.0878072289157,3.554
"749",74.8,22.3787028,-27.6472089552239,3.554
"750",74.9,22.3826672,-28.3291758241758,3.554
"751",75,22.37721,-30.772978723404,3.554
"752",75.1,22.3714732,-29.8346896551724,3.554
"753",75.2,22.358934,-29.530085106383,3.554
"754",75.3,22.3698172,-32.4446153846159,3.55384615384615
"755",75.4,22.3673944,-31.09175,3.554
"756",75.5,22.36411,-30.5917272727273,3.55342424242424
"757",75.6,22.362996969697,-30.6944117647059,3.55039215686275
"758",75.7,22.3793156435644,-32.0257021276591,3.55612765957447
"759",75.8,22.377304,-28.964,3.554
"760",75.9,22.3848516,-27.72322,3.554
"761",76,22.3711432,-28.6214255319146,3.554
"762",76.1,22.3575714141414,-30.4981818181818,3.55298181818182
"763",76.2,22.3419475,-29.6859574468086,3.554
"764",76.3,22.3531727,-29.498,3.55304615384615
"765",76.4,22.3714303,-32.338,3.554
"766",76.5,22.3629395,-30.9243636363637,3.554
"767",76.6,22.3506625252525,-30.3973404255319,3.55217021276596
"768",76.7,22.3652712,-31.1781489361702,3.55176595744681
"769",76.8,22.3600856,-30.3119999999999,3.55464583333333
"770",76.9,22.3523123762376,-29.8141666666667,3.554
"771",77,22.3460208,-31.0946792452828,3.554
"772",77.1,22.3476942,-33.5833333333333,3.55566666666667
"773",77.2,22.3357105940594,-32.96725,3.55325
"774",77.3,22.343875050505,-33.4383064516132,3.5546935483871
"775",77.4,22.3642207920792,-34.8213191489361,3.554
"776",77.5,22.3892616,-34.2635882352942,3.554
"777",77.6,22.3743128,-35.137076923077,3.55376923076923
"778",77.7,22.3796544,-35.5083859649123,3.55554385964912
"779",77.8,22.3741762626263,-34.9680208333332,3.55570833333333
"780",77.9,22.3767619,-32.3640925925923,3.554
"781",78,22.3936402,-30.101214285714,3.554
"782",78.1,22.4054941,-33.7459444444444,3.55581481481481
"783",78.2,22.4137968,-33.0849387755103,3.5520612244898
"784",78.3,22.3908905050505,-32.8155833333336,3.55491666666667
"785",78.4,22.3938976237624,-34.818275862069,3.554
"786",78.5,22.4054776767677,-34.3043571428572,3.554
"787",78.6,22.4267969306931,-34.7881666666667,3.554
"788",78.7,22.4220404,-35.7374181818182,3.55529090909091
"789",78.8,22.3929437,-35.1736444444444,3.55471111111111
"790",78.9,22.376901980198,-35.3305882352941,3.55435294117647
"791",79,22.3850272727273,-36.9819629629631,3.554
"792",79.1,22.4043728,-36.196962264151,3.554
"793",79.2,22.4008345,-37.413125,3.553625
"794",79.3,22.3901419,-37.9702363636363,3.55349090909091
"795",79.4,22.398735,-37.364163265306,3.554
"796",79.5,22.3973308080808,-37.4112765957447,3.554
"797",79.6,22.40529,-37.4421276595746,3.5538085106383
"798",79.7,22.4090265656566,-40.8179649122807,3.554
"799",79.8,22.4151399,-40.1093750000001,3.554
"800",79.9,22.4342617,-42.402918367347,3.554
"801",80,22.4271601010101,-42.0126060606059,3.554
"802",80.1,22.4196442574257,-41.1972765957444,3.554
"803",80.2,22.4107970707071,-36.0526190476191,3.55336507936508
"804",80.3,22.3949912,-38.2749285714286,3.554
"805",80.4,22.3934776,-37.5291666666667,3.55347916666667
"806",80.5,22.3999645454545,-38.0694680851065,3.554
"807",80.6,22.3866733663366,-36.7270638297872,3.554
"808",80.7,22.4072772727273,-40.8935510204082,3.55369387755102
"809",80.8,22.4059940196078,-40.0177083333332,3.554
"810",80.9,22.4063533,-42.6486875,3.554
"811",81,22.412187,-41.9306111111111,3.554
"812",81.1,22.4014943564356,-43.5859583333332,3.554
"813",81.2,22.4186293939394,-44.9616153846152,3.55219230769231
"814",81.3,22.4196969306931,-44.3235172413792,3.554
"815",81.4,22.4075996969697,-45.1273541666667,3.55464583333333
"816",81.5,22.4034753,-45.052375,3.554
"817",81.6,22.394655,-45.5899166666667,3.554
"818",81.7,22.3907488888889,-48.457,3.5535
"819",81.8,22.3899708910891,-49.9244583333333,3.55452083333333
"820",81.9,22.4052482828283,-49.9474339622641,3.554
"821",82,22.3892594,-50.274298245614,3.554
"822",82.1,22.389388,-50.1723898305085,3.554
"823",82.2,22.38307,-45.4316041666667,3.55277083333333
"824",82.3,22.3894167326733,-44.752723076923,3.55393846153846
"825",82.4,22.3805790909091,-45.2792592592593,3.55496296296296
"826",82.5,22.3749691089109,-44.6103076923077,3.554
"827",82.6,22.3755444,-44.8089259259258,3.554
"828",82.7,22.3745512,-47.8409166666666,3.55320833333333
"829",82.8,22.373677029703,-49.9435,3.554875
"830",82.9,22.4004982828283,-49.8870769230769,3.554
"831",83,22.3957137623762,-50.1095849056604,3.554
"832",83.1,22.3726888888889,-50.37525,3.554
"833",83.2,22.3692244,-51.1253265306122,3.554
"834",83.3,22.3749144,-51.6301428571429,3.55485714285714
"835",83.4,22.376192,-52.4335352112676,3.55452112676056
"836",83.5,22.391880990099,-52.901125,3.554
"837",83.6,22.381886969697,-53.5422291666667,3.554
"838",83.7,22.3619308,-54.1822203389831,3.55535593220339
"839",83.8,22.3872364,-54.8264375,3.554
"840",83.9,22.4040092,-55.4285,3.554
"841",84,22.44127,-56.2039791666666,3.554
"842",84.1,22.4360809090909,-57.170875,3.5536875
"843",84.2,22.4094416831683,-56.3542083333335,3.554
"844",84.3,22.4011234,-52.19725,3.55525
"845",84.4,22.4277738,-52.426,3.55445833333333
"846",84.5,22.4313796,-52.9402916666666,3.554
"847",84.6,22.4392063636364,-53.5596041666667,3.554
"848",84.7,22.3970556435644,-54.19,3.555375
"849",84.8,22.4244309090909,-54.8980416666667,3.554
"850",84.9,22.4257018,-55.4628163265306,3.554
"851",85,22.439955049505,-56.1555625,3.554
"852",85.1,22.4311036363636,-57.1714489795918,3.55359183673469
"853",85.2,22.4182200980392,-56.8573571428572,3.55441071428571
"854",85.3,22.4252797979798,-56.2659516129033,3.55461290322581
"855",85.4,22.4269992,-57.028,3.55525
"856",85.5,22.4157944,-57.9854166666666,3.554
"857",85.6,22.4175509090909,-58.7040357142858,3.554
"858",85.7,22.4134682178218,-59.4,3.55314814814815
"859",85.8,22.4306281818182,-60.2267500000001,3.55341666666667
"860",85.9,22.447044,-60.7155319148936,3.55295744680851
"861",86,22.4431862,-61.2429361702127,3.554
"862",86.1,22.4498356,-62.273,3.554
"863",86.2,22.4530844,-62.6691707317073,3.554
"864",86.3,22.4519702020202,-63.2610204081633,3.55326530612245
"865",86.4,22.4622950980392,-61.3417500000002,3.55325
"866",86.5,22.4479427272727,-57.6927586206896,3.55436206896552
"867",86.6,22.4407876,-58.2756666666667,3.554
"868",86.7,22.4629342574257,-59.1587959183673,3.554
"869",86.8,22.4745422,-59.9660588235294,3.55276470588235
"870",86.9,22.4883598,-60.6044285714286,3.55257142857143
"871",87,22.4749454545455,-60.8895744680851,3.55440425531915
"872",87.1,22.4685895049505,-62.0877307692308,3.554
"873",87.2,22.4819818181818,-62.5835,3.554
"874",87.3,22.4587834,-63.1563125,3.55360416666667
"875",87.4,22.477098019802,-63.5503968253968,3.554
"876",87.5,22.452139,-63.4381041666664,3.554
"877",87.6,22.4692913861386,-65.4219583333335,3.554
"878",87.7,22.4621005050505,-66.581914893617,3.55368085106383
"879",87.8,22.4440854,-66.2753636363636,3.55372727272727
"880",87.9,22.4603502,-66.4744285714286,3.55385714285714
"881",88,22.418222,-66.9067142857142,3.554
"882",88.1,22.37427,-67.246,3.554
"883",88.2,22.3735281818182,-68.07725,3.554
"884",88.3,22.366314,-68.5066041666667,3.55229166666667
"885",88.4,22.3537762,-68.8621250000001,3.555
"886",88.5,22.3697744,-65.4146458333335,3.554
"887",88.6,22.3656402,-65.2305964912282,3.554
"888",88.7,22.3705836363636,-66.6751999999999,3.554
"889",88.8,22.3868813861386,-66.2697962962963,3.553
"890",88.9,22.3775975,-66.3560612244898,3.55459183673469
"891",89,22.3785269,-66.6260925925926,3.55342592592593
"892",89.1,22.3616191089109,-67.1374285714286,3.554
"893",89.2,22.3507445454545,-67.8225,3.554
"894",89.3,22.3585484158416,-68.3491764705883,3.55317647058823
"895",89.4,22.3718881818182,-68.5550967741936,3.55393548387097
"896",89.5,22.3628946,-69.5208749999999,3.555
"897",89.6,22.3583448,-70.212,3.554
"898",89.7,22.3605212121212,-71.09,3.554
"899",89.8,22.3794862745098,-72.1481224489798,3.56116326530612
"900",89.9,22.3653745454545,-73.042,3.553
"901",90,22.3928237,-72.6478939393942,3.55434848484848
"902",90.1,22.460097,-70.7993529411765,3.554
"903",90.2,22.4733,-71.9320566037736,3.554
"904",90.3,22.4765091,-72.9116666666668,3.55360416666667
"905",90.4,22.4889721,-73.5704821428572,3.555
"906",90.5,22.484445,-74.40528,3.55352
"907",90.6,22.4929211,-74.2389999999999,3.554
"908",90.7,22.5165254,-71.1423333333334,3.554
"909",90.8,22.5136363,-71.7189375000001,3.554
"910",90.9,22.5082942,-72.5312075471698,3.55122641509434
"911",91,22.5013684,-73.618,3.555
"912",91.1,22.4929456565657,-70.850625,3.554
"913",91.2,22.496246,-71.6663191489361,3.554
"914",91.3,22.4943555445545,-72.4502407407408,3.55324074074074
"915",91.4,22.5014994,-73.2592083333334,3.55439583333333
"916",91.5,22.4986659405941,-73.9424583333332,3.55408333333333
"917",91.6,22.4960822,-74.6495,3.554
"918",91.7,22.5129445454545,-75.6889999999999,3.554
"919",91.8,22.5100487,-76.209462962963,3.554
"920",91.9,22.4882964,-77.1431551724137,3.5548275862069
"921",92,22.4919029,-77.9890208333333,3.553
"922",92.1,22.4485887,-78.3889375,3.554
"923",92.2,22.4121715151515,-78.1010625,3.554
"924",92.3,22.414596,-77.476625,3.55575
"925",92.4,22.426708,-78.5814912280703,3.55282456140351
"926",92.5,22.397808,-80.2182653061224,3.55220408163265
"927",92.6,22.3914,-80.6686551724138,3.554
"928",92.7,22.383478,-81.3173333333333,3.554
"929",92.8,22.394786,-79.0788333333328,3.554
"930",92.9,22.39991,-77.23475,3.554625
"931",93,22.4178589108911,-77.9293333333333,3.553
"932",93.1,22.4180487,-78.3273846153846,3.55432692307692
"933",93.2,22.4221545,-78.1681923076923,3.554
"934",93.3,22.3804684,-77.4925208333333,3.55545833333333
"935",93.4,22.3553376767677,-78.2310161290323,3.55337096774194
"936",93.5,22.339884,-79.6927857142857,3.552
"937",93.6,22.350374,-80.42275,3.554
"938",93.7,22.3484802970297,-81.0865416666666,3.554
"939",93.8,22.3603631,-81.7792,3.554
"940",93.9,22.3641975757576,-82.2465,3.554
"941",94,22.366692,-83.0187272727272,3.55354545454545
"942",94.1,22.358418,-83.5130864197531,3.55354320987654
"943",94.2,22.357602,-83.9950625,3.554
"944",94.3,22.371354,-84.678701754386,3.554
"945",94.4,22.3579578787879,-85.2149642857143,3.55489285714286
"946",94.5,22.3559157425743,-85.9390204081632,3.55410204081633
"947",94.6,22.3447081818182,-86.5663333333334,3.554
"948",94.7,22.3648857,-87.4336727272727,3.554
"949",94.8,22.3641965,-87.9691296296297,3.554
"950",94.9,22.3750135,-88.7079375,3.5534375
"951",95,22.3623404950495,-87.454892857143,3.55353571428571
"952",95.1,22.37019,-83.7146153846154,3.554
"953",95.2,22.3762467326733,-83.7727916666666,3.55345833333333
"954",95.3,22.401886,-84.4691250000001,3.554
"955",95.4,22.4135321782178,-84.940325,3.554
"956",95.5,22.4224512,-85.5905283018867,3.55115094339623
"957",95.6,22.4380628282828,-86.3743928571429,3.55410714285714
"958",95.7,22.4431423762376,-86.9996226415095,3.554
"959",95.8,22.4407286868687,-87.792125,3.554
"960",95.9,22.441852,-88.333875,3.554
"961",96,22.416686,-88.6197500000001,3.55370833333333
"962",96.1,22.4263176767677,-87.23575,3.55325
"963",96.2,22.4531243564356,-88.5711153846153,3.55357692307692
"964",96.3,22.441506,-90.1957446808511,3.554
"965",96.4,22.456766,-91.5529999999999,3.554
"966",96.5,22.463394,-93.2123333333332,3.555
"967",96.6,22.446392,-94.8671538461539,3.55273846153846
"968",96.7,22.4418712871287,-95.6564912280702,3.554
"969",96.8,22.4315934693878,-96.1965263157895,3.554
"970",96.9,22.4188183168317,-96.5074791666667,3.554
"971",97,22.419954,-96.859693877551,3.554
"972",97.1,22.414016,-97.0679999999999,3.554
"973",97.2,22.425548,-91.3318333333337,3.554
"974",97.3,22.4238288888889,-90.0141666666667,3.554
"975",97.4,22.3840356,-91.24925,3.554
"976",97.5,22.3690426,-92.9436666666665,3.555
"977",97.6,22.3835089108911,-94.7444642857144,3.55239285714286
"978",97.7,22.368328,-95.61488,3.554
"979",97.8,22.3807167676768,-95.6956666666667,3.554
"980",97.9,22.3505678217822,-96.504,3.554
"981",98,22.3614833333333,-96.8415454545454,3.554
"982",98.1,22.3788651,-97.2058275862069,3.554
"983",98.2,22.3872224,-97.2903333333333,3.554
"984",98.3,22.3738978787879,-97.3690833333333,3.554
"985",98.4,22.3841173267327,-97.3063333333333,3.554
"986",98.5,22.3723484848485,-97.4456,3.552
"987",98.6,22.3764011881188,-99.0953333333335,3.555
"988",98.7,22.3750484848485,-102.047446428571,3.55348214285714
"989",98.8,22.3687878,-102.5099375,3.554
"990",98.9,22.3796375247525,-102.936294117647,3.554
"991",99,22.3682503030303,-103.480103448276,3.553
"992",99.1,22.3691076470588,-104.3273125,3.55427083333333
"993",99.2,22.3835253535354,-104.494625,3.554
"994",99.3,22.3642237623762,-98.5771041666663,3.554
"995",99.4,22.398164,-97.3275394736842,3.554
"996",99.5,22.4109412121212,-97.4161875,3.552125
"997",99.6,22.4397494059406,-97.7300333333334,3.55281666666667
"998",99.7,22.42529,-101.272541666666,3.5534375
"999",99.8,22.4198122772277,-102.5536875,3.554
"1000",99.9,22.4335107070707,-102.683903846154,3.554
"1001",100,22.4504296969697,-103.258673469388,3.55324489795918
"1002",100.1,22.4453972277228,-104.084833333333,3.55383333333333
"1003",100.2,22.4404115151515,-104.958875,3.5541875
"1004",100.3,22.4475196039604,-104.941375,3.554
"1005",100.4,22.4281078787879,-106.456375,3.554
"1006",100.5,22.4246582,-107.2936875,3.554
"1007",100.6,22.4378250495049,-108.240106060606,3.55334848484848
"1008",100.7,22.436043030303,-108.751352941176,3.55241176470588
"1009",100.8,22.4585196078431,-109.855833333333,3.554
"1010",100.9,22.4513808080808,-110.783354166667,3.554
"1011",101,22.4442343,-111.479666666667,3.55531818181818
"1012",101.1,22.449575,-112.47425,3.5540625
"1013",101.2,22.4540687878788,-113.585458333333,3.554
"1014",101.3,22.4630276237624,-111.132145833333,3.554
"1015",101.4,22.4646033333333,-106.7558,3.554
"1016",101.5,22.4382610891089,-106.991448275862,3.554
"1017",101.6,22.4395406,-108.123333333333,3.55366666666667
"1018",101.7,22.4164881818182,-108.720543859649,3.55235087719298
"1019",101.8,22.4015412871287,-109.7345,3.554
"1020",101.9,22.4178478787879,-110.586428571429,3.554
"1021",102,22.40224,-111.495679245283,3.55422641509434
"1022",102.1,22.40014,-112.218145454546,3.55514545454545
"1023",102.2,22.394386,-113.586727272727,3.55374545454545
"1024",102.3,22.4022846,-112.7095,3.554
"1025",102.4,22.4080655555556,-112.9576,3.554
"1026",102.5,22.4191067326733,-114.53275,3.55335416666667
"1027",102.6,22.4136355555556,-115.5566875,3.55475
"1028",102.7,22.411302970297,-116.360310344828,3.55544827586207
"1029",102.8,22.4172244,-117.657461538462,3.55461538461538
"1030",102.9,22.405935,-119.108777777778,3.554
"1031",103,22.4041888118812,-120.134,3.55375
"1032",103.1,22.4045509090909,-122.083538461538,3.555
"1033",103.2,22.4100912871287,-121.95075,3.5556875
"1034",103.3,22.4021288,-122.241729166667,3.554
"1035",103.4,22.3814857,-123.711875,3.554
"1036",103.5,22.3751447,-117.501437500001,3.55495833333333
"1037",103.6,22.3871948484848,-114.775803571429,3.55678571428571
"1038",103.7,22.3829923762376,-115.631520833333,3.55502083333333
"1039",103.8,22.4001763636364,-116.666916666667,3.55489583333333
"1040",103.9,22.4162264,-118.639,3.554
"1041",104,22.4443234,-120.482833333333,3.55320833333333
"1042",104.1,22.45823,-122.210333333333,3.555
"1043",104.2,22.438909009901,-121.351636363636,3.55587878787879
"1044",104.3,22.4348677777778,-122.93025,3.55425
"1045",104.4,22.4419601,-122.7417,3.554
"1046",104.5,22.4541867326733,-122.67525,3.554125
"1047",104.6,22.4192728,-126.870945454545,3.55507272727273
"1048",104.7,22.4363100990099,-126.0415,3.553375
"1049",104.8,22.4443424242424,-123.51175,3.554
"1050",104.9,22.448508,-127.318,3.554
"1051",105,22.4522196,-125.4724375,3.554
"1052",105.1,22.4531888,-127.494469387755,3.55483673469388
"1053",105.2,22.4719522,-127.365849056604,3.55533962264151
"1054",105.3,22.47311,-128.134,3.55345833333333
"1055",105.4,22.4853776470588,-129.793489795918,3.554
"1056",105.5,22.4756836363636,-131.23125,3.554
"1057",105.6,22.458598,-130.179127272727,3.55238181818182
"1058",105.7,22.4559404,-126.47725,3.554125
"1059",105.8,22.4204204,-125.812,3.553
"1060",105.9,22.4262426,-126.176125,3.554
"1061",106,22.4263042,-125.801875,3.554
"1062",106.1,22.4116933333333,-127.335530612245,3.55416326530612
"1063",106.2,22.4203761,-126.774962264151,3.55658490566038
"1064",106.3,22.4409853,-128.5176,3.5546
"1065",106.4,22.4525509,-130.4678,3.554
"1066",106.5,22.4254737,-132.557757575758,3.55451515151515
"1067",106.6,22.4495867,-130.882,3.553
"1068",106.7,22.4305947,-132.801,3.554
"1069",106.8,22.4409228,-132.725395833333,3.555
"1070",106.9,22.4347427722772,-132.828517857143,3.554
"1071",107,22.4432846,-135.238854166666,3.554
"1072",107.1,22.4365573267327,-134.209375,3.5531875
"1073",107.2,22.4269794,-132.177857142857,3.55314285714286
"1074",107.3,22.4407939393939,-132.378142857143,3.55428571428571
"1075",107.4,22.4480628,-133.367981132075,3.554
"1076",107.5,22.4482694,-136.810588235294,3.554
"1077",107.6,22.4447004,-134.74,3.554
"1078",107.7,22.4426666,-135.429515151515,3.554
"1079",107.8,22.4247666666667,-135.275416666666,3.55479166666667
"1080",107.9,22.4073996,-133.4375,3.55416666666667
"1081",108,22.3973198,-133.000574074074,3.554
"1082",108.1,22.3950106,-134.686229166667,3.554
"1083",108.2,22.405256,-133.293823529412,3.55370588235294
"1084",108.3,22.3873282,-132.610583333333,3.55416666666667
"1085",108.4,22.3804913,-132.471,3.554
"1086",108.5,22.3880648,-133.760333333333,3.554
"1087",108.6,22.3932685148515,-133.883888888889,3.5522962962963
"1088",108.7,22.4018342,-135.745,3.556
"1089",108.8,22.3872104,-137.159833333333,3.554
"1090",108.9,22.3918776,-137.311759259259,3.55498148148148
"1091",109,22.39285,-138.509444444444,3.554
"1092",109.1,22.3919882,-138.889875,3.554
"1093",109.2,22.3828743,-139.0103125,3.5530625
"1094",109.3,22.3836155445545,-138.754859649123,3.55456140350877
"1095",109.4,22.3860046,-139.425738461538,3.55303076923077
"1096",109.5,22.3799688888889,-139.311375,3.554
"1097",109.6,22.3788473267327,-139.353642857143,3.554
"1098",109.7,22.3776355555556,-140.858375,3.5540625
"1099",109.8,22.3804573,-141.239104166667,3.5534375
"1100",109.9,22.3768316,-144.678428571428,3.55638775510204
"1101",110,22.3793749494949,-139.521291666667,3.554
"1102",110.1,22.3944221782178,-138.531020833333,3.554
"1103",110.2,22.3877107070707,-138.8734375,3.5536875
"1104",110.3,22.4018024,-138.941040816326,3.55718367346939
"1105",110.4,22.3966252,-139.25625,3.55175
"1106",110.5,22.4097048,-139.379320754717,3.554
"1107",110.6,22.3996017821782,-139.340338983051,3.554
"1108",110.7,22.410894949495,-140.816884615385,3.554
"1109",110.8,22.4121251485149,-141.135358490566,3.55307547169811
"1110",110.9,22.3977344,-143.750499999999,3.554
"1111",111,22.3802902970297,-146.263,3.554
"1112",111.1,22.3963046,-146.97943137255,3.554
"1113",111.2,22.3902611111111,-150.755827586207,3.554
"1114",111.3,22.3990635643564,-152.043222222223,3.55225925925926
"1115",111.4,22.3949222222222,-152.627206896552,3.55248275862069
"1116",111.5,22.3877438,-153.358333333333,3.554
"1117",111.6,22.3985703,-155.47075,3.554
"1118",111.7,22.386498989899,-153.276072727273,3.55483636363636
"1119",111.8,22.382619009901,-154.919408163265,3.553
"1120",111.9,22.3919531313131,-158.05725,3.555
"1121",112,22.398604,-152.238947368421,3.554
"1122",112.1,22.3831756,-146.636,3.554
"1123",112.2,22.377212,-151.029,3.554
"1124",112.3,22.3986873267327,-152.063040816327,3.55224489795918
"1125",112.4,22.4006160606061,-152.3358125,3.552125
"1126",112.5,22.4003731683168,-153.623509090909,3.554
"1127",112.6,22.4181486,-155.428551020408,3.554
"1128",112.7,22.4204864,-153.1616875,3.55497916666667
"1129",112.8,22.4093294059406,-155.116944444444,3.553
"1130",112.9,22.4013988888889,-157.66175,3.554
"1131",113,22.4207556435644,-155.468,3.554
"1132",113.1,22.4265133333333,-154.007982758621,3.554
"1133",113.2,22.4495876237624,-163.771604166666,3.55322916666667
"1134",113.3,22.4583588888889,-162.106520833333,3.554
"1135",113.4,22.4728957575758,-160.37,3.5545
"1136",113.5,22.4730807920792,-165.450636363636,3.55349090909091
"1137",113.6,22.4813403030303,-166.441208333333,3.554
"1138",113.7,22.492788019802,-164.4051875,3.5534375
"1139",113.8,22.4942213131313,-163.101,3.5555625
"1140",113.9,22.4930772,-167.40775,3.554
"1141",114,22.4823908,-164.145395833334,3.554
"1142",114.1,22.4813466666667,-154.944244897959,3.554
"1143",114.2,22.4959671287129,-162.759020408163,3.55340816326531
"1144",114.3,22.5086618181818,-162.377625,3.554
"1145",114.4,22.5044475,-160.199583333333,3.55429166666667
"1146",114.5,22.4934712871287,-166.910407407407,3.5537037037037
"1147",114.6,22.5033648484848,-166.525942857143,3.554
"1148",114.7,22.4838726470588,-164.613428571429,3.55379591836735
"1149",114.8,22.4951205050505,-163.340684210526,3.55578947368421
"1150",114.9,22.4960200990099,-167.1484,3.554
"1151",115,22.4763082,-166.387333333334,3.554
"1152",115.1,22.4735308080808,-164.451333333333,3.554
"1153",115.2,22.4716452475248,-163.153655172413,3.55593103448276
"1154",115.3,22.4632239393939,-171.646958333334,3.55404166666667
"1155",115.4,22.4817131683168,-169.906333333333,3.554
"1156",115.5,22.4735631313131,-168.804071428572,3.554
"1157",115.6,22.469766,-173.235791666668,3.554
"1158",115.7,22.47372,-175.9154375,3.55375
"1159",115.8,22.4758960606061,-173.734056603774,3.55409433962264
"1160",115.9,22.4832974257426,-172.919526315789,3.55408771929825
"1161",116,22.4959248484848,-175.706958333333,3.554
"1162",116.1,22.488005,-170.236416666665,3.554
"1163",116.2,22.4752544554455,-163.016392857143,3.55592857142857
"1164",116.3,22.4597728,-170.788980769231,3.55417307692308
"1165",116.4,22.4683155445545,-170.144,3.55375
"1166",116.5,22.4632839393939,-168.892333333333,3.554
"1167",116.6,22.4636172,-172.238833333334,3.554
"1168",116.7,22.4479584,-176.106166666667,3.554
"1169",116.8,22.4486993939394,-173.875660377358,3.55362264150943
"1170",116.9,22.4468194059406,-172.9546,3.55416363636364
"1171",117,22.4435696969697,-174.830708333333,3.554
"1172",117.1,22.4458004950495,-179.629081632653,3.554
"1173",117.2,22.4391956,-177.5372,3.5552
"1174",117.3,22.4321868,-176.34375,3.5558125
"1175",117.4,22.4335356,-175.6085,3.554875
"1176",117.5,22.4219648484848,-180.717846153846,3.554
"1177",117.6,22.421130990099,-179.073729166667,3.554
"1178",117.7,22.4337706060606,-177.781448979592,3.55377551020408
"1179",117.8,22.423215,-180.382125,3.55458333333333
"1180",117.9,22.4224875,-180.193,3.55266666666667
"1181",118,22.447535,-178.905333333333,3.554
"1182",118.1,22.4371925,-178.405529411765,3.55362745098039
"1183",118.2,22.4396293939394,-178.499166666667,3.55525
"1184",118.3,22.4298781188119,-176.38275,3.5560625
"1185",118.4,22.44171,-175.782363636364,3.55452727272727
"1186",118.5,22.444915,-180.743775510204,3.554
"1187",118.6,22.4457831683168,-179.068384615385,3.554
"1188",118.7,22.4454054545455,-177.809666666667,3.55383333333333
"1189",118.8,22.44111,-180.216631578948,3.55438596491228
"1190",118.9,22.4425660606061,-180.385823529412,3.55223529411765
"1191",119,22.4381768,-179.012583333333,3.554
"1192",119.1,22.438894,-178.609215686275,3.55378431372549
"1193",119.2,22.4291332,-184.53025,3.55525
"1194",119.3,22.4163164,-182.497,3.553
"1195",119.4,22.3886957575758,-181.47209090909,3.5549696969697
"1196",119.5,22.3617425,-187.61825,3.554
"1197",119.6,22.3621775,-185.962761904762,3.554
"1198",119.7,22.3451225,-190.853119999999,3.55444
"1199",119.8,22.3628722772277,-192.7526875,3.5523125
"1200",119.9,22.3681739393939,-190.343807692308,3.55448076923077
"1201",120,22.366405,-199.207181818182,3.55454545454545
"1202",120.1,22.3670101980198,-197.127131147541,3.554
"1203",120.2,22.3622668,-195.914734693877,3.5554693877551
"1204",120.3,22.3727044,-187.8273125,3.5538125
"1205",120.4,22.3797403030303,-181.71575,3.553375
"1206",120.5,22.344662970297,-187.683358490566,3.554
"1207",120.6,22.3552303030303,-186.28725,3.554
"1208",120.7,22.3655325,-187.932125,3.554125
"1209",120.8,22.3690275,-193.065041666667,3.551625
"1210",120.9,22.3744175,-190.602,3.55414545454545
"1211",121,22.3705307920792,-199.016636363635,3.555
"1212",121.1,22.3555324242424,-197.433041666666,3.554
"1213",121.2,22.3583875,-195.555745454546,3.55596363636364
"1214",121.3,22.40486,-199.352833333333,3.55591666666667
"1215",121.4,22.4652975,-197.301409836066,3.55311475409836
"1216",121.5,22.4632575,-202.466666666666,3.554
"1217",121.6,22.4714125,-195.160750000001,3.55508333333333
"1218",121.7,22.4728816161616,-206.074833333333,3.55191666666667
"1219",121.8,22.4739978,-202.979,3.554
"1220",121.9,22.46198,-202.28775,3.554
"1221",122,22.4680514,-203.799285714286,3.554
"1222",122.1,22.4796266,-205.515333333333,3.554
"1223",122.2,22.4801294,-205.463333333333,3.5565
"1224",122.3,22.4665468,-201.075653061224,3.55626530612245
"1225",122.4,22.4693562,-197.371583333334,3.55308333333333
"1226",122.5,22.4894581188119,-203.028859649122,3.554
"1227",122.6,22.485965,-200.179041666667,3.554
"1228",122.7,22.4737727722772,-203.029581818182,3.553
"1229",122.8,22.4672268,-202.958109090909,3.55401818181818
"1230",122.9,22.4824109090909,-202.029020408163,3.5540612244898
"1231",123,22.5012425,-204.116833333334,3.554
"1232",123.1,22.492805,-205.188833333334,3.554
"1233",123.2,22.4875675,-205.739714285715,3.55687755102041
"1234",123.3,22.4830575,-207.719041666666,3.55395833333333
"1235",123.4,22.47488,-205.440586206897,3.55393103448276
"1236",123.5,22.4661176,-204.7385,3.554
"1237",123.6,22.4646632,-205.85,3.554
"1238",123.7,22.47156,-207.729075471698,3.554
"1239",123.8,22.4676236,-209.380102040816,3.554
"1240",123.9,22.4526344,-210.7395,3.554125
"1241",124,22.4488254,-211.6915,3.55425
"1242",124.1,22.4610788,-213.183333333333,3.554
"1243",124.2,22.4337736,-212.893583333333,3.55133333333333
"1244",124.3,22.4207232,-210.441020833333,3.55320833333333
"1245",124.4,22.4341464,-205.481,3.554
"1246",124.5,22.4373238,-204.731,3.554
"1247",124.6,22.4241157575758,-205.854,3.554
"1248",124.7,22.4503920792079,-207.7180625,3.554
"1249",124.8,22.4502112871287,-209.4903125,3.5540625
"1250",124.9,22.44834,-210.725125,3.5540625
"1251",125,22.4318328,-211.859854166666,3.554
"1252",125.1,22.4546952,-213.190835820896,3.55416417910448
"1253",125.2,22.4600756,-212.913333333333,3.55233333333333
"1254",125.3,22.4458448484848,-213.330793103448,3.555
"1255",125.4,22.4396725,-214.377818181818,3.554
"1256",125.5,22.4363225,-215.505375,3.554
"1257",125.6,22.4264225,-215.5678,3.554
"1258",125.7,22.4176825,-215.908959183673,3.554
"1259",125.8,22.4243732323232,-215.9635,3.555875
"1260",125.9,22.4249772,-219.341770833333,3.554
"1261",126,22.4329752,-219.540377358491,3.554
"1262",126.1,22.4285372,-219.798,3.554
"1263",126.2,22.4464108,-220.389081632653,3.55324489795918
"1264",126.3,22.4498895959596,-220.651958333333,3.55354166666667
"1265",126.4,22.4519579207921,-216.063547169811,3.554
"1266",126.5,22.4527276,-215.479979591837,3.554
"1267",126.6,22.4482501980198,-215.5895,3.554
"1268",126.7,22.4466625,-215.92306122449,3.55432653061224
"1269",126.8,22.4550319191919,-216.128081632653,3.55555102040816
"1270",126.9,22.4777908910891,-219.309632653061,3.554
"1271",127,22.4753345454545,-219.550530612245,3.554
"1272",127.1,22.4726452,-219.81725,3.554
"1273",127.2,22.46748,-220.388537037037,3.55324074074074
"1274",127.3,22.4632394,-220.939315789474,3.55373684210526
"1275",127.4,22.4537185148515,-221.751260869565,3.55308695652174
"1276",127.5,22.4559235353535,-222.102875,3.554
"1277",127.6,22.4400842,-222.4835,3.554
"1278",127.7,22.4176068,-223.073326530612,3.554
"1279",127.8,22.3555084,-223.333854166667,3.555
"1280",127.9,22.3453642,-223.046,3.555
"1281",128,22.3333918181818,-223.347416666667,3.554
"1282",128.1,22.3172441,-224.689157894737,3.554
"1283",128.2,22.3299893,-226.622538461539,3.554
"1284",128.3,22.3265682,-229.785666666667,3.55416666666667
"1285",128.4,22.3296541,-232.625818181818,3.54954545454545
"1286",128.5,22.32403,-226.839812500002,3.5540625
"1287",128.6,22.3130723529412,-222.560625,3.554
"1288",128.7,22.3172704040404,-222.854520833333,3.554
"1289",128.8,22.3142637623762,-223.363679245283,3.55488679245283
"1290",128.9,22.3101658,-222.883632653061,3.554
"1291",129,22.310525,-223.202,3.554
"1292",129.1,22.3133974257426,-224.60275,3.554
"1293",129.2,22.3314152525253,-226.368666666667,3.554
"1294",129.3,22.3234486138614,-228.923500000001,3.554
"1295",129.4,22.3124716161616,-232.621854166667,3.549625
"1296",129.5,22.3049658,-231.259204081633,3.55404081632653
"1297",129.6,22.2891684,-242.241875,3.554
"1298",129.7,22.3075898989899,-240.241379310345,3.554
"1299",129.8,22.3687970588235,-239.832448979592,3.55361224489796
"1300",129.9,22.4118873737374,-243.623275862069,3.55444827586207
"1301",130,22.4261656,-244.505258064516,3.554
"1302",130.1,22.4434638,-246.105306122449,3.554
"1303",130.2,22.446403030303,-245.34575,3.554
"1304",130.3,22.4288258415842,-244.302846153846,3.55230769230769
"1305",130.4,22.436692020202,-245.979979591837,3.55491836734694
"1306",130.5,22.4223365346535,-249.888857142857,3.554
"1307",130.6,22.4408408,-245.956416666668,3.554
"1308",130.7,22.4395891919192,-241.714921568627,3.554
"1309",130.8,22.4311327722772,-239.621428571428,3.55320408163265
"1310",130.9,22.4233376767677,-241.754749999999,3.55458333333333
"1311",131,22.427092970297,-244.144183673469,3.554
"1312",131.1,22.4182453535354,-245.603416666666,3.554
"1313",131.2,22.4200657,-245.746982142857,3.554
"1314",131.3,22.4226244554455,-244.594125,3.55320833333333
"1315",131.4,22.4202152525253,-244.894836734694,3.55434693877551
"1316",131.5,22.4467834653465,-249.589333333333,3.554
"1317",131.6,22.44213,-249.952142857143,3.554
"1318",131.7,22.4420374,-250.503916666667,3.554
"1319",131.8,22.4217368,-250.585526315789,3.557
"1320",131.9,22.4270836363636,-251.808673469388,3.55334693877551
"1321",132,22.4511877227723,-252.27875,3.554
"1322",132.1,22.4608054545455,-252.555375,3.554
"1323",132.2,22.4363096,-255.241265306123,3.55444897959184
"1324",132.3,22.4438348,-256.633729166667,3.55552083333333
"1325",132.4,22.4428332,-257.503053571429,3.55451785714286
"1326",132.5,22.4358375247525,-258.465708333333,3.554
"1327",132.6,22.43836,-257.670530612245,3.554
"1328",132.7,22.4364221782178,-251.4045,3.554
"1329",132.8,22.4371885,-250.666666666667,3.557
"1330",132.9,22.45292,-251.997816326531,3.55363265306122
"1331",133,22.4563444554455,-252.2991875,3.554
"1332",133.1,22.4576253535354,-252.6444375,3.554
"1333",133.2,22.4406308910891,-255.303346938776,3.55451020408163
"1334",133.3,22.4519842424242,-256.643416666667,3.55558333333333
"1335",133.4,22.441258,-257.306293103448,3.55425862068965
"1336",133.5,22.4475041,-258.316576923077,3.554
"1337",133.6,22.4459415,-258.78875,3.554
"1338",133.7,22.4283227,-259.587408163265,3.554
"1339",133.8,22.4289390909091,-260.759,3.553625
"1340",133.9,22.4435440594059,-262.2629,3.55474
"1341",134,22.4517054545455,-262.135285714286,3.554
"1342",134.1,22.4773104,-261.409320754717,3.554
"1343",134.2,22.4767683168317,-262.469666666667,3.55533333333333
"1344",134.3,22.4814554545455,-263.5196,3.55332
"1345",134.4,22.4841939215686,-264.517462962963,3.55231481481481
"1346",134.5,22.4809631313131,-265.056481481481,3.554
"1347",134.6,22.4840661,-266.379345454546,3.554
"1348",134.7,22.4810564,-261.752618181818,3.554
"1349",134.8,22.4889616,-260.956571428572,3.54964285714286
"1350",134.9,22.4925664,-262.103,3.555
"1351",135,22.4912436363636,-262.484826923077,3.554
"1352",135.1,22.4789608,-261.270807692308,3.554
"1353",135.2,22.4783922772277,-261.892240740741,3.55431481481482
"1354",135.3,22.500929,-262.924408163265,3.55508163265306
"1355",135.4,22.489813,-264.2423125,3.55329166666667
"1356",135.5,22.4866909090909,-264.515545454545,3.55309090909091
"1357",135.6,22.475492,-265.757037735849,3.554
"1358",135.7,22.484902,-266.762909090909,3.554
"1359",135.8,22.4910948,-267.980291666667,3.55464583333333
"1360",135.9,22.4849216,-269.957244897959,3.55565306122449
"1361",136,22.464758989899,-272.1235,3.55475
"1362",136.1,22.4472878217822,-272.39579245283,3.554
"1363",136.2,22.4112922222222,-273.486882352941,3.554
"1364",136.3,22.4046141,-274.535666666667,3.556
"1365",136.4,22.428462970297,-276.088541666667,3.55358333333333
"1366",136.5,22.441126,-278.43125,3.554125
"1367",136.6,22.4545355445545,-279.094583333333,3.554
"1368",136.7,22.4377815,-280.323333333333,3.554
"1369",136.8,22.4248823,-275.579265306122,3.55136734693878
"1370",136.9,22.4375701,-270.073444444444,3.55544444444444
"1371",137,22.4549446,-272.1235,3.55475
"1372",137.1,22.4714383,-272.399612244898,3.554
"1373",137.2,22.4904839,-273.559395833333,3.554
"1374",137.3,22.493337,-273.453000000001,3.55
"1375",137.4,22.4839095,-276.395,3.554
"1376",137.5,22.47685,-278.436306122449,3.554
"1377",137.6,22.477964,-279.173169491525,3.554
"1378",137.7,22.4868104,-280.370333333334,3.554
"1379",137.8,22.48262,-281.666,3.55233333333333
"1380",137.9,22.4862068,-282.643156862745,3.5536862745098
"1381",138,22.4824198989899,-284.945478873239,3.554
"1382",138.1,22.4522725742574,-286.851,3.554
"1383",138.2,22.4601448,-289.582416666667,3.554
"1384",138.3,22.4694136,-290.54408,3.5523
"1385",138.4,22.483296,-290.7795625,3.554
"1386",138.5,22.4807802020202,-288.157530612246,3.554
"1387",138.6,22.5026375,-287.9705625,3.554
"1388",138.7,22.4975615,-289.434285714286,3.55467346938776
"1389",138.8,22.4996063366337,-287.378959183674,3.55573469387755
"1390",138.9,22.5089712,-282.6265,3.55334482758621
"1391",139,22.4901168,-284.995326530612,3.554
"1392",139.1,22.4681324,-286.994857142857,3.554
"1393",139.2,22.474374,-289.885244897959,3.554
"1394",139.3,22.4926284,-290.430958333333,3.55135416666667
"1395",139.4,22.506296,-290.808,3.554
"1396",139.5,22.5004568,-288.175,3.554
"1397",139.6,22.5037832,-287.95675,3.554
"1398",139.7,22.4988321212121,-289.429666666667,3.55466666666667
"1399",139.8,22.5059288118812,-290.071705882353,3.555
"1400",139.9,22.5165017171717,-290.883321428571,3.55189285714286
"1401",140,22.5029433,-292.827431034483,3.554
"1402",140.1,22.4951039,-293.864657894737,3.554
"1403",140.2,22.4910302020202,-294.134625,3.554
"1404",140.3,22.4878511764706,-294.74875,3.55554166666667
"1405",140.4,22.5118417171717,-296.938647058824,3.554
"1406",140.5,22.4951427722772,-298.107183673469,3.554
"1407",140.6,22.4824544,-298.363416666667,3.554
"1408",140.7,22.4913748,-297.292333333333,3.554
"1409",140.8,22.4858517821782,-296.534307692308,3.556
"1410",140.9,22.4797654545455,-295.144549019608,3.554
"1411",141,22.4816224,-292.135530612245,3.55302040816326
"1412",141.1,22.4781256,-293.678375,3.554
"1413",141.2,22.4599064,-294.135875,3.554
"1414",141.3,22.439752,-294.74875,3.55554166666667
"1415",141.4,22.437722020202,-296.979204081632,3.554
"1416",141.5,22.4230605,-298.121214285714,3.554
"1417",141.6,22.41273,-298.369166666667,3.554
"1418",141.7,22.4164449,-297.14556,3.554
"1419",141.8,22.4321288,-296.51,3.556
"1420",141.9,22.438192020202,-296.731222222222,3.55455555555556
"1421",142,22.4111488235294,-298.596083333333,3.554
"1422",142.1,22.4070419191919,-298.905703703704,3.554
"1423",142.2,22.4155024,-299.343321428571,3.554
"1424",142.3,22.4193533,-300.089277777778,3.55359259259259
"1425",142.4,22.4240031313131,-301.480166666667,3.554
"1426",142.5,22.4398622772277,-303.454541666667,3.554
"1427",142.6,22.4275724242424,-304.650333333333,3.554
"1428",142.7,22.4221101980198,-305.589905660377,3.554
"1429",142.8,22.4251053,-306.608293103448,3.55446551724138
"1430",142.9,22.431564,-307.995111111111,3.55227777777778
"1431",143,22.4238904950495,-303.971250000002,3.55416666666667
"1432",143.1,22.435542020202,-298.841333333333,3.554
"1433",143.2,22.4478148514851,-299.15906122449,3.554
"1434",143.3,22.4318870707071,-299.859040816327,3.55495918367347
"1435",143.4,22.4343863,-301.354814814815,3.554
"1436",143.5,22.4568263,-303.171818181818,3.554
"1437",143.6,22.46633,-304.407291666666,3.554
"1438",143.7,22.4627874257426,-305.288849056604,3.554
"1439",143.8,22.4723350505051,-306.303125,3.554
"1440",143.9,22.470563,-307.848285714286,3.55332653061225
"1441",144,22.456472,-309.1003125,3.5541875
"1442",144.1,22.459913,-309.446125,3.554
"1443",144.2,22.478389009901,-309.03075,3.554
"1444",144.3,22.4742297979798,-309.981333333333,3.55316666666667
"1445",144.4,22.4797193069307,-307.454291666667,3.55320833333333
"1446",144.5,22.4794571,-306.529,3.55361538461538
"1447",144.6,22.4598655,-307.821428571428,3.554
"1448",144.7,22.47971,-308.6358125,3.554
"1449",144.8,22.4834970707071,-309.8113125,3.5558125
"1450",144.9,22.491426039604,-314.70818367347,3.55495918367347
"1451",145,22.4887548484848,-313.147456140351,3.55391228070175
"1452",145.1,22.4869462,-309.444354166667,3.554
"1453",145.2,22.4797177,-309.051181818182,3.554
"1454",145.3,22.5002018181818,-309.951346938775,3.55326530612245
"1455",145.4,22.4984071287129,-307.83596226415,3.55356603773585
"1456",145.5,22.4546145454545,-306.532,3.5535
"1457",145.6,22.417796,-307.7765625,3.554
"1458",145.7,22.404575,-308.61425,3.554
"1459",145.8,22.4026633333333,-309.764612244898,3.55563265306122
"1460",145.9,22.3841174509804,-314.569624999999,3.55495833333333
"1461",146,22.3979127272727,-317.254054545454,3.554
"1462",146.1,22.411506,-319.912583333333,3.554
"1463",146.2,22.422863,-319.889285714286,3.554
"1464",146.3,22.4128518181818,-320.765645833333,3.55577083333333
"1465",146.4,22.4048337623762,-321.0826875,3.5531875
"1466",146.5,22.421606969697,-320.613458333333,3.55379166666667
"1467",146.6,22.4389036633663,-320.398666666667,3.554
"1468",146.7,22.435566,-324.081142857143,3.55591836734694
"1469",146.8,22.439113,-325.160428571428,3.555
"1470",146.9,22.4429079207921,-326.899846153847,3.554
"1471",147,22.4380272727273,-320.946,3.554
"1472",147.1,22.4232792079208,-320.132204081633,3.554
"1473",147.2,22.4103126262626,-319.813285714286,3.55404081632653
"1474",147.3,22.417329,-320.9644,3.55586666666667
"1475",147.4,22.412383,-321.045083333333,3.55308333333333
"1476",147.5,22.396474,-320.614413793103,3.55365517241379
"1477",147.6,22.367797,-320.427666666667,3.554
"1478",147.7,22.3537963636364,-323.313375000001,3.5554375
"1479",147.8,22.3396744117647,-325.782285714286,3.55473469387755
"1480",147.9,22.3424924242424,-324.812958333333,3.555
"1481",148,22.338423,-325.4498,3.554
"1482",148.1,22.3406352475248,-328.815642857143,3.554
"1483",148.2,22.3468529292929,-328.271791666667,3.554
"1484",148.3,22.3605154455446,-329.613395833333,3.55295833333333
"1485",148.4,22.3574795959596,-330.049875,3.554375
"1486",148.5,22.3535041584158,-331.62904,3.55342
"1487",148.6,22.357795,-331.420965517241,3.554
"1488",148.7,22.3582529,-331.548625,3.554
"1489",148.8,22.3544732,-331.090745098039,3.55309803921569
"1490",148.9,22.3539544444444,-331.053265306122,3.55318367346939
"1491",149,22.3500377227723,-333.3075,3.554
"1492",149.1,22.3607926262626,-329.776333333334,3.554
"1493",149.2,22.363254,-328.222693877551,3.554
"1494",149.3,22.365063,-329.606,3.55289795918367
"1495",149.4,22.3617351515152,-330.1378125,3.5545625
"1496",149.5,22.3579105940594,-331.582,3.55358333333333
"1497",149.6,22.3844154545455,-331.476265306122,3.554
"1498",149.7,22.4620697,-331.473263157895,3.554
"1499",149.8,22.4794362376238,-331.042958333333,3.55408333333333
"1500",149.9,22.486872,-331.504875,3.55360416666667
"1501",150,22.496881,-333.623,3.554
"1502",150.1,22.484773030303,-333.708458333333,3.554
"1503",150.2,22.4772947,-333.890583333333,3.553
"1504",150.3,22.4920723,-332.913816326531,3.55422448979592
"1505",150.4,22.4949448,-332.487714285714,3.55171428571429
"1506",150.5,22.4986531683168,-333.588333333333,3.554
"1507",150.6,22.4969639393939,-333.349326530612,3.5540612244898
"1508",150.7,22.4940355,-333.675736842105,3.554
"1509",150.8,22.5095286138614,-338.330775510204,3.55302040816327
"1510",150.9,22.522849,-343.556345454546,3.553
"1511",151,22.525347,-340.523588235295,3.55394117647059
"1512",151.1,22.4986554545455,-336.908346938777,3.554
"1513",151.2,22.499202970297,-333.857137931035,3.55310344827586
"1514",151.3,22.490403030303,-333.593307692308,3.55438461538462
"1515",151.4,22.4954914,-332.241666666667,3.551
"1516",151.5,22.4837091,-333.166470588235,3.554
"1517",151.6,22.4766338,-333.564388888889,3.554
"1518",151.7,22.4791033,-333.112583333333,3.55464583333333
"1519",151.8,22.4722556,-337.931090909091,3.55363636363636
"1520",151.9,22.4589767676768,-338.93232,3.55378
"1521",152,22.4348271287129,-341.512666666667,3.55322807017544
"1522",152.1,22.4322513,-342.963208333334,3.554
"1523",152.2,22.4374733663366,-343.123920000001,3.554
"1524",152.3,22.423043,-342.405208333333,3.55545833333333
"1525",152.4,22.4023,-345.019041666667,3.55329166666667
"1526",152.5,22.398689,-343.156274509804,3.554
"1527",152.6,22.411451,-347.189854545455,3.554
"1528",152.7,22.418208,-345.001877551021,3.554
"1529",152.8,22.432014,-347.063458333334,3.55410416666667
"1530",152.9,22.42048,-347.0041875,3.5548125
"1531",153,22.4323751515152,-347.738204081633,3.554
"1532",153.1,22.4445537,-352.777312500001,3.554
"1533",153.2,22.434785,-345.4065,3.554
"1534",153.3,22.4335885,-342.465791666667,3.55554166666667
"1535",153.4,22.4295211,-344.783083333333,3.55358333333333
"1536",153.5,22.4447447474747,-343.479763636364,3.554
"1537",153.6,22.4604268,-347.107818181819,3.554
"1538",153.7,22.4575298019802,-345.575,3.554
"1539",153.8,22.4419756,-346.891130434782,3.55421739130435
"1540",153.9,22.4360133,-346.498291666667,3.555
"1541",154,22.4412618,-347.963857142857,3.554
"1542",154.1,22.463474040404,-351.756964285713,3.554
"1543",154.2,22.4703884,-350.606882352941,3.554
"1544",154.3,22.4842284,-352.453142857143,3.555
"1545",154.4,22.4735877227723,-350.271916666667,3.554
"1546",154.5,22.47796,-353.051285714286,3.554
"1547",154.6,22.4734495,-350.7795,3.554
"1548",154.7,22.4643121,-352.286306122449,3.5554693877551
"1549",154.8,22.4755239,-352.19618367347,3.55212244897959
"1550",154.9,22.4961898,-352.461666666666,3.55333333333333
"1551",155,22.4848596,-350.301224489796,3.554
"1552",155.1,22.4591096,-351.182708333332,3.554
"1553",155.2,22.4656853,-350.565125,3.554875
"1554",155.3,22.4787216161616,-352.442166666667,3.555
"1555",155.4,22.4798656,-350.142979591837,3.554
"1556",155.5,22.4821988,-352.963875,3.554
"1557",155.6,22.4834156,-350.6045,3.554
"1558",155.7,22.473116,-351.99581632653,3.55591836734694
"1559",155.8,22.4546137373737,-351.971583333334,3.55277083333333
"1560",155.9,22.4572185294118,-352.390104166667,3.55327083333333
"1561",156,22.4578051515152,-350.468950819672,3.554
"1562",156.1,22.4600864356436,-350.46698076923,3.554
"1563",156.2,22.4527402,-351.322346938775,3.5544693877551
"1564",156.3,22.4541442,-355.126925925926,3.55335185185185
"1565",156.4,22.4561925742574,-353.621754385965,3.55370175438597
"1566",156.5,22.4464560606061,-353.427249999997,3.554
"1567",156.6,22.4402413,-362.860842857142,3.554
"1568",156.7,22.4430351,-359.80337037037,3.554
"1569",156.8,22.4247761,-358.633241379311,3.55486206896552
"1570",156.9,22.4376544,-363.035666666667,3.55366666666667
"1571",157,22.4398108080808,-359.18320754717,3.554
"1572",157.1,22.4403412,-356.817791666667,3.554
"1573",157.2,22.4477068,-361.894723076923,3.554
"1574",157.3,22.4468844,-359.112183673469,3.554
"1575",157.4,22.440224,-355.888375,3.552125
"1576",157.5,22.430405050505,-352.581890909091,3.55301818181818
"1577",157.6,22.4355933663366,-360.732653061222,3.554
"1578",157.7,22.4258868,-361.064,3.554
"1579",157.8,22.4422536,-357.643842105263,3.55557894736842
"1580",157.9,22.4497088,-362.85825,3.5536875
"1581",158,22.440453030303,-360.154408163265,3.55375510204082
"1582",158.1,22.4322943564356,-357.247102040817,3.554
"1583",158.2,22.433035050505,-360.082734375001,3.554
"1584",158.3,22.420979009901,-359.544734693877,3.554
"1585",158.4,22.4152912,-356.8764375,3.5544375
"1586",158.5,22.4226568,-359.523777777778,3.55411111111111
"1587",158.6,22.4223851485148,-362.944916666667,3.554
"1588",158.7,22.4137992929293,-360.310708333333,3.554
"1589",158.8,22.399166,-359.342571428571,3.554
"1590",158.9,22.4181356,-368.23312,3.554
"1591",159,22.4156208,-365.10575,3.554
"1592",159.1,22.402062,-362.661375,3.554
"1593",159.2,22.4023038383838,-369.431303030304,3.554
"1594",159.3,22.4241904950495,-369.663469387755,3.55410204081633
"1595",159.4,22.4200343434343,-365.499857142857,3.55385714285714
"1596",159.5,22.4148428,-359.822571428571,3.555
"1597",159.6,22.4251148,-363.3628125,3.554
"1598",159.7,22.4315666666667,-360.684372881356,3.554
"1599",159.8,22.42263,-358.991830508475,3.554
"1600",159.9,22.4262576767677,-369.230142857143,3.554
"1601",160,22.450076039604,-365.750857142857,3.554
"1602",160.1,22.4788656,-363.203321428572,3.554
"1603",160.2,22.5238356,-366.2218,3.554
"1604",160.3,22.5550887128713,-370.402346938775,3.5549387755102
"1605",160.4,22.5637315151515,-367.210469387755,3.55091836734694
"1606",160.5,22.5559855445545,-365.037,3.555
"1607",160.6,22.5575236363636,-372.965125000001,3.5539375
"1608",160.7,22.5653824,-369.547172413793,3.55394827586207
"1609",160.8,22.5738072,-367.318379310345,3.554
"1610",160.9,22.5833,-365.189979591837,3.55469387755102
"1611",161,22.5739848514852,-373.942538461539,3.55453846153846
"1612",161.1,22.5498994949495,-376.100367346939,3.554
"1613",161.2,22.5392772,-372.487403846153,3.554
"1614",161.3,22.5417637,-370.018573770492,3.5542131147541
"1615",161.4,22.5452866666667,-369.718898305085,3.554
"1616",161.5,22.53656,-385.608267857143,3.554
"1617",161.6,22.5309543434343,-377.736571428572,3.554
"1618",161.7,22.5213187,-371.608310344827,3.55322413793103
"1619",161.8,22.5056945,-368.65138,3.554
"1620",161.9,22.5084233333333,-366.294333333333,3.554
"1621",162,22.5072595049505,-366.213567164179,3.555
"1622",162.1,22.51289,-379.494135593221,3.554
"1623",162.2,22.5160925742574,-375.593796610169,3.554
"1624",162.3,22.5096639,-371.967775510204,3.554
"1625",162.4,22.5209883,-369.532703703704,3.55351851851852
"1626",162.5,22.4999368316832,-381.485734693877,3.554
"1627",162.6,22.5120232323232,-383.749208333335,3.554
"1628",162.7,22.5068493069307,-379.414367346938,3.554
"1629",162.8,22.5086644444444,-376.528323529412,3.554
"1630",162.9,22.5095565,-379.772458333334,3.55552083333333
"1631",163,22.510624,-387.559795918368,3.55410204081633
"1632",163.1,22.4950433333333,-383.708142857143,3.554
"1633",163.2,22.4966624752475,-381.108218181818,3.554
"1634",163.3,22.5123066666667,-378.784333333333,3.554
"1635",163.4,22.5197184158416,-385.575551020408,3.5530612244898
"1636",163.5,22.5301566666667,-383.3625625,3.554
"1637",163.6,22.5245094,-381.1,3.55348979591837
"1638",163.7,22.5112273267327,-378.937346938775,3.554
"1639",163.8,22.52007,-385.00037,3.55373
"1640",163.9,22.5064933333333,-388.799514018692,3.5524953271028
"1641",164,22.5020450505051,-387.1668,3.5522
"1642",164.1,22.4936251,-385.79714893617,3.55636170212766
"1643",164.2,22.5132038,-384.500317757009,3.55424299065421
"1644",164.3,22.5324537,-383.250565217391,3.555
"1645",164.4,22.5258272,-382.16601,3.55473
"1646",164.5,22.5033833333333,-384.44317821782,3.554
"1647",164.6,22.5146832,-392.918156862745,3.554
"1648",164.7,22.5267363366337,-393.521504950495,3.554
"1649",164.8,22.5304639,-391.643375,3.554
"1650",164.9,22.5099488118812,-389.889707964602,3.55328318584071
"1651",165,22.5174231313131,-388.602818181818,3.55147727272727
"1652",165.1,22.5318446,-387.254101694915,3.554
"1653",165.2,22.5439339,-386.344320987654,3.5540987654321
"1654",165.3,22.5473354455446,-388.724000000001,3.55475454545455
"1655",165.4,22.557448,-395.484563829787,3.554
"1656",165.5,22.5497009090909,-393.351278350515,3.554
"1657",165.6,22.538575,-391.613104761905,3.554
"1658",165.7,22.5650462,-390.20373,3.55379
"1659",165.8,22.5664266666667,-388.936427184466,3.55320388349515
"1660",165.9,22.5592694,-387.718461538462,3.554
"1661",166,22.5643873737374,-386.419294117647,3.55426470588235
"1662",166.1,22.5692905940594,-385.270261261261,3.55477477477478
"1663",166.2,22.562658,-386.044056179776,3.55384269662921
"1664",166.3,22.5652872,-395.394555555556,3.55325252525253
"1665",166.4,22.5779769306931,-397.179455445544,3.554
"1666",166.5,22.56061,-395.047897196262,3.554
"1667",166.6,22.5687533333333,-393.438,3.554
"1668",166.7,22.5793963636364,-391.855494736842,3.554
"1669",166.8,22.5723848,-390.391547368421,3.55377894736842
"1670",166.9,22.5942312,-388.82154,3.553
"1671",167,22.6180078,-390.888685714284,3.553
"1672",167.1,22.6177864,-400.692611650485,3.55320388349515
"1673",167.2,22.6238133333333,-403.258705882353,3.55417647058824
"1674",167.3,22.6249162376238,-400.633934065934,3.55482417582418
"1675",167.4,22.6212833333333,-398.242545454545,3.554
"1676",167.5,22.636225,-396.6615,3.554
"1677",167.6,22.6439012,-394.771638888889,3.55376851851852
"1678",167.7,22.6549824,-393.268358695652,3.5531847826087
"1679",167.8,22.6618944554455,-394.153111111112,3.55425252525253
"1680",167.9,22.6819328,-401.093941747573,3.55449514563107
"1681",168,22.6908466666667,-402.464,3.553
"1682",168.1,22.7081094,-400.457077777778,3.553
"1683",168.2,22.7046988,-398.41325,3.5531847826087
"1684",168.3,22.7026426,-396.744871287129,3.554
"1685",168.4,22.7163702,-395.384461538462,3.554
"1686",168.5,22.7145342,-395.978871287127,3.55380198019802
"1687",168.6,22.7256256,-402.512447916667,3.55319791666667
"1688",168.7,22.7442472,-400.430278350515,3.55423711340206
"1689",168.8,22.7689863366337,-398.506207920792,3.55525742574257
"1690",168.9,22.7869113,-396.743101694915,3.55515254237288
"1691",169,22.7797557,-395.465012048193,3.5520843373494
"1692",169.1,22.7846483,-398.230188679245,3.55322641509434
"1693",169.2,22.80662,-404.975774193548,3.5538064516129
"1694",169.3,22.8156836,-401.916626262626,3.553
"1695",169.4,22.8380616,-399.613221238938,3.553
"1696",169.5,22.8554916,-397.70685106383,3.553
"1697",169.6,22.8720696,-395.765252525253,3.553
"1698",169.7,22.8923092929293,-396.521473684212,3.55342105263158
"1699",169.8,22.917428019802,-404.032504587156,3.55454128440367
"1700",169.9,22.9252215151515,-403.544626373627,3.55317582417582
"1701",170,22.9602586138614,-400.54725,3.55375
"1702",170.1,22.9838788,-398.284582089553,3.553
"1703",170.2,22.9666342,-396.718910447761,3.553
"1704",170.3,22.9800705940594,-396.058180000001,3.553
"1705",170.4,22.9964533333333,-398.86306,3.553
"1706",170.5,23.019060990099,-396.440677966102,3.5534406779661
"1707",170.6,23.0343746,-394.379512195122,3.55509756097561
"1708",170.7,23.0660707,-391.989403361344,3.55534453781513
"1709",170.8,23.0816309,-390.650012345679,3.55308641975309
"1710",170.9,23.0912366666667,-390.5022,3.55374
"1711",171,23.1259973267327,-388.23228,3.553208
"1712",171.1,23.1381366666667,-386.570228915663,3.55398795180723
"1713",171.2,23.162483,-387.359521739131,3.553
"1714",171.3,23.1991268,-391.99338,3.553
"1715",171.4,23.2257476767677,-388.6258,3.553
"1716",171.5,23.2369334653465,-385.60062,3.553
"1717",171.6,23.2552949494949,-384.971874999999,3.55276785714286
"1718",171.7,23.2669589108911,-388.918431818182,3.55152272727273
"1719",171.8,23.2821544,-385.936106796116,3.55026213592233
"1720",171.9,23.3098003030303,-382.583121495327,3.55357009345794
"1721",172,23.3259269306931,-381.222977777778,3.552
"1722",172.1,23.3502432323232,-379.135440000001,3.55226
"1723",172.2,23.3643895,-376.163216216216,3.55276576576577
"1724",172.3,23.364778,-375.061833333333,3.552
"1725",172.4,23.3897345,-372.494838383838,3.55225252525253
"1726",172.5,23.3991796039604,-370.133316831683,3.55274257425743
"1727",172.6,23.4271668686869,-369.346565656566,3.55149494949495
"1728",172.7,23.4689304950495,-366.149326732673,3.55180198019802
"1729",172.8,23.5161178,-364.8195,3.55627536231884
"1730",172.9,23.5242572,-364.1695,3.5533768115942
"1731",173,23.5340814,-359.933416666667,3.552
"1732",173.1,23.5507298989899,-358.335833333333,3.552
"1733",173.2,23.5746781188119,-355.49,3.552
"1734",173.3,23.6044996969697,-352.3798,3.552
"1735",173.4,23.640316,-349.973646017699,3.552
"1736",173.5,23.652944,-348.175425287356,3.55214942528736
"1737",173.6,23.6483613131313,-346.849937007874,3.5525905511811
"1738",173.7,23.6599436633663,-344.172771653543,3.5510157480315
"1739",173.8,23.6297716161616,-346.880641509434,3.5528679245283
"1740",173.9,23.597550990099,-343.07,3.55125
"1741",174,23.6319335,-341.658974137931,3.552
"1742",174.1,23.6548005,-338.951892857143,3.552
"1743",174.2,23.6576508910891,-338.397638655462,3.552
"1744",174.3,23.6693951515152,-336.1306,3.551925
"1745",174.4,23.6754500980392,-331.035545454545,3.55121487603306
"1746",174.5,23.6632166666667,-328.920113924051,3.55193670886076
"1747",174.6,23.6597276,-323.358009174312,3.55171559633027
"1748",174.7,23.6913848,-322.114054347825,3.55289130434782
"1749",174.8,23.7282042,-317.415111111111,3.5490101010101
"1750",174.9,23.7403413861386,-315.291386138613,3.55148514851485
"1751",175,23.7453333333333,-310.4495,3.55025
"1752",175.1,23.7538714,-307.245195121952,3.551
"1753",175.2,23.766971,-303.512701149425,3.551
"1754",175.3,23.7703416161616,-300.531285714285,3.551
"1755",175.4,23.771471,-296.6265,3.551
"1756",175.5,23.8134475757576,-293.604336633664,3.55125742574257
"1757",175.6,23.8261074257426,-292.265064220184,3.552
"1758",175.7,23.8395765,-289.896378947368,3.55216842105263
"1759",175.8,23.844747,-287.081305263158,3.55255789473684
"1760",175.9,23.8405887128713,-284.100772277227,3.55125742574257
"1761",176,23.8293826262626,-281.62425,3.55175
"1762",176.1,23.8411581188119,-280.519896551724,3.551
"1763",176.2,23.8573213131313,-278.796172413793,3.551
"1764",176.3,23.8595591919192,-276.659081632653,3.551
"1765",176.4,23.8741120792079,-274.807163265306,3.551
"1766",176.5,23.8951149494949,-273.02828,3.551
"1767",176.6,23.8980105882353,-272.4921,3.55178
"1768",176.7,23.9035531313131,-272.470425925926,3.55327777777778
"1769",176.8,23.935882,-271.106782608695,3.551
"1770",176.9,23.9277615,-266.24038317757,3.55075700934579
"1771",177,23.9111808080808,-263.331225806452,3.55020430107527
"1772",177.1,23.9277241584158,-261.263320000001,3.551
"1773",177.2,23.948637979798,-257.85676,3.551
"1774",177.3,23.962176,-254.734,3.551
"1775",177.4,23.9795776,-252.27634883721,3.55131395348837
"1776",177.5,24.0021912,-249.435489795919,3.5530612244898
"1777",177.6,24.0072264,-247.1675,3.55025
"1778",177.7,24.0205254545455,-245.73375,3.55075
"1779",177.8,24.0068711764706,-245.24,3.55025
"1780",177.9,24.0025505,-244.528740740741,3.551
"1781",178,24.0156045,-243.770967032967,3.551
"1782",178.1,24.0244537623762,-242.505504950495,3.551
"1783",178.2,24.0148536363636,-241.40075,3.551
"1784",178.3,24.0202236633663,-240.341542056075,3.55123364485981
"1785",178.4,24.0315043434343,-239.957516129032,3.5518064516129
"1786",178.5,24.036847,-239.044327433628,3.551
"1787",178.6,24.0518765,-238.052488372093,3.551
"1788",178.7,24.0694405,-237.116217821782,3.551
"1789",178.8,24.0858695,-236.408338983051,3.55121186440678
"1790",178.9,24.0915749494949,-236.139455555556,3.55192222222222
"1791",179,24.0750665346535,-236.535032608696,3.551
"1792",179.1,24.0863806060606,-236.784404040404,3.551
"1793",179.2,24.1104672,-236.599099099099,3.551
"1794",179.3,24.0796036,-236.331348314606,3.551
"1795",179.4,24.0844524,-234.913933333333,3.551
"1796",179.5,24.1056795049505,-234.045310344828,3.55134482758621
"1797",179.6,24.1159981818182,-234.091978494624,3.55497849462366
"1798",179.7,24.0829212,-234.227881188119,3.55151485148515
"1799",179.8,24.1029096,-233.911982142857,3.55255357142857
"1800",179.9,24.1176784,-233.56918556701,3.551
"1801",180,24.1201872,-233.050538461539,3.551
"1802",180.1,24.1569054545455,-232.566,3.551
"1803",180.2,24.1716903960396,-232.268,3.551
"1804",180.3,24.153508,-232.058385542169,3.551
"1805",180.4,24.168926,-231.206495412844,3.551
"1806",180.5,24.1999923762376,-230.373037037037,3.55085185185185
"1807",180.6,24.1997032323232,-228.893268292683,3.55019512195122
"1808",180.7,24.2038077227723,-226.918150943396,3.55175471698113
"1809",180.8,24.2187406060606,-225.529531914893,3.551
"1810",180.9,24.2365968,-224.229018867925,3.551
"1811",181,24.2220516,-223.248340425532,3.551
"1812",181.1,24.2096972727273,-222.220926605505,3.551
"1813",181.2,24.2134738613861,-221.36325,3.551
"1814",181.3,24.2192709090909,-220.514743362832,3.551
"1815",181.4,24.23603,-219.759517241379,3.551
"1816",181.5,24.2417727,-219.064454545455,3.55125252525253
"1817",181.6,24.2445035,-218.284392156863,3.55072549019608
"1818",181.7,24.2435869306931,-217.630244897959,3.54797959183673
"1819",181.8,24.2484363636364,-216.9985,3.551
"1820",181.9,24.2507469306931,-216.357271028037,3.551
"1821",182,24.272404,-215.929597826087,3.551
"1822",182.1,24.3044276,-215.418864864865,3.551
"1823",182.2,24.3167775247525,-214.966853932584,3.5511797752809
"1824",182.3,24.2999685,-214.487105263158,3.55176315789474
"1825",182.4,24.295905,-213.970516129032,3.551
"1826",182.5,24.3074662626263,-213.396107526882,3.55121505376344
"1827",182.6,24.3021544,-212.901168316832,3.55253465346535
"1828",182.7,24.319808,-212.493920792079,3.55322772277228
"1829",182.8,24.3185292,-211.958727272727,3.551
"1830",182.9,24.317794,-211.583405940594,3.551
"1831",183,24.3285227272727,-211.275869158878,3.551
"1832",183.1,24.3290199,-210.891367346939,3.551
"1833",183.2,24.2869348,-210.582787234043,3.551
"1834",183.3,24.2743819,-210.31602970297,3.551
"1835",183.4,24.2716030693069,-209.798797979798,3.55125252525253
"1836",183.5,24.2660708,-209.49893442623,3.5524262295082
"1837",183.6,24.2676718181818,-209.144282051282,3.55384615384615
"1838",183.7,24.2335226,-208.795887096774,3.551
"1839",183.8,24.2130282,-208.501627906977,3.551
"1840",183.9,24.2279134,-208.14821978022,3.551
"1841",184,24.2480638,-207.883404040404,3.551
"1842",184.1,24.2669375,-207.606603960396,3.551
"1843",184.2,24.2569287,-207.317757575758,3.551
"1844",184.3,24.2699693,-207.277690909091,3.551
"1845",184.4,24.2905168316832,-207.067755555556,3.551
"1846",184.5,24.2819624,-206.656909090909,3.55052727272727
"1847",184.6,24.2720404,-206.367919191919,3.54948484848485
"1848",184.7,24.24729,-206.060739130435,3.5518152173913
"1849",184.8,24.2551765,-205.884138888889,3.551
"1850",184.9,24.2553566,-205.52706185567,3.551
"1851",185,24.2412471,-205.43152631579,3.55121052631579
"1852",185.1,24.2652552,-205.171301724138,3.552
"1853",185.2,24.3037132,-204.936321428571,3.55189285714286
"1854",185.3,24.3101839393939,-204.764877192982,3.551
"1855",185.4,24.3285846,-204.653802325581,3.551
"1856",185.5,24.3690124,-204.425,3.55025
"1857",185.6,24.3902510891089,-204.187944954128,3.5486880733945
"1858",185.7,24.3791042,-203.941,3.551
"1859",185.8,24.3630817,-203.819368421053,3.551
"1860",185.9,24.3990243564356,-203.751247787611,3.551
"1861",186,24.4068418181818,-203.430368421053,3.551
"1862",186.1,24.4027861,-203.162989010989,3.55118681318681
"1863",186.2,24.4167186,-203.010099009901,3.55174257425743
"1864",186.3,24.4054118,-202.719,3.55075
"1865",186.4,24.3939447,-202.588587719298,3.55065789473684
"1866",186.5,24.4019084848485,-202.382391304348,3.55252173913044
"1867",186.6,24.4305192079208,-202.209602150538,3.54940860215054
"1868",186.7,24.4450042,-202.054358490566,3.551
"1869",186.8,24.4331552,-201.867105263158,3.551
"1870",186.9,24.4093295,-201.645714285714,3.551
"1871",187,24.4142790909091,-201.498692307692,3.55119230769231
"1872",187.1,24.4308945544554,-201.32002020202,3.55183838383838
"1873",187.2,24.428343030303,-201.176804347826,3.551
"1874",187.3,24.4588285148515,-200.981114035088,3.551
"1875",187.4,24.4903172,-200.732694736842,3.55123157894737
"1876",187.5,24.5145405050505,-200.649621052632,3.55249473684211
"1877",187.6,24.5285272277228,-200.563010526316,3.55022105263158
"1878",187.7,24.5482939393939,-200.267841584158,3.551
"1879",187.8,24.5201332,-200.062,3.551
"1880",187.9,24.519259,-199.963634615385,3.551
"1881",188,24.5356972,-199.773125,3.551
"1882",188.1,24.5420193069307,-199.617857142857,3.5507619047619
"1883",188.2,24.5393844444444,-199.348234042553,3.55021276595745
"1884",188.3,24.5466336633663,-199.2484,3.55050476190476
"1885",188.4,24.5550367,-199.173589473684,3.549
"1886",188.5,24.5566264,-199.06088,3.54952
"1887",188.6,24.5342619,-198.954333333333,3.551
"1888",188.7,24.5012558585859,-198.733554216867,3.551
"1889",188.8,24.5161492079208,-198.685193877551,3.551
"1890",188.9,24.5692741,-198.555821782178,3.551
"1891",189,24.5502194,-198.401515151515,3.55124242424242
"1892",189.1,24.521217,-198.222087378641,3.5517572815534
"1893",189.2,24.5173636363636,-198.14658490566,3.551
"1894",189.3,24.5110622,-197.872076923077,3.55082417582418
"1895",189.4,24.4989160606061,-197.7525,3.54975
"1896",189.5,24.4591323762376,-197.67025,3.5495
"1897",189.6,24.4618832,-197.5405,3.551
"1898",189.7,24.4485242,-197.28125,3.551
"1899",189.8,24.4347747058824,-197.214727272727,3.551
"1900",189.9,24.4344463636364,-197.149705882353,3.55125490196078
"1901",190,24.4536127,-196.813264150943,3.55177358490566
"1902",190.1,24.4449217,-196.950747572816,3.551
"1903",190.2,24.4357694,-196.7725,3.551
"1904",190.3,24.4448551515152,-196.651616161616,3.551
"1905",190.4,24.4395416161616,-196.493460869565,3.551
"1906",190.5,24.4185876470588,-196.331571428571,3.551
"1907",190.6,24.4229361616162,-196.249159090909,3.551
"1908",190.7,24.4452656,-196.200176470588,3.551
"1909",190.8,24.4655344,-196.069088888889,3.551
"1910",190.9,24.4697781818182,-195.952278688525,3.5512131147541
"1911",191,24.4575876237624,-195.853636363636,3.55195454545455
"1912",191.1,24.450433030303,-195.692217391304,3.551
"1913",191.2,24.4449731683168,-195.641632653061,3.55124489795918
"1914",191.3,24.4637372,-195.53402970297,3.55174257425743
"1915",191.4,24.4655748484848,-195.3405,3.55125
"1916",191.5,24.4469131683168,-195.209043478261,3.55178260869565
"1917",191.6,24.4398655555556,-195.203333333333,3.551
"1918",191.7,24.4216238613861,-194.917,3.551
"1919",191.8,24.4226580808081,-194.868961165049,3.55119417475728
"1920",191.9,24.4147591,-194.801656565657,3.552
"1921",192,24.4293311881188,-194.696330097087,3.552
"1922",192.1,24.4396673737374,-194.59,3.55183333333333
"1923",192.2,24.4461735294118,-194.52425,3.55075
"1924",192.3,24.461283030303,-194.38025,3.55
"1925",192.4,24.4374416,-194.320087719298,3.55
"1926",192.5,24.4221504,-194.15916091954,3.55012643678161
"1927",192.6,24.4247941414141,-193.99887755102,3.551
"1928",192.7,24.4200203960396,-193.89144,3.551
"1929",192.8,24.4287482828283,-193.802118811881,3.551
"1930",192.9,24.4321132,-193.688772727273,3.55054545454545
"1931",193,24.4408212,-193.736235294118,3.54929411764706
"1932",193.1,24.4537096969697,-193.516352272727,3.551
"1933",193.2,24.4473241584158,-193.439,3.5505
"1934",193.3,24.4458596969697,-193.323262626263,3.549
"1935",193.4,24.4464305940594,-193.270555555556,3.54944444444444
"1936",193.5,24.4681303,-193.06378313253,3.551
"1937",193.6,24.5123993,-192.974880733945,3.551
"1938",193.7,24.5257468316832,-192.893275510204,3.551
"1939",193.8,24.552451010101,-192.688,3.5508
"1940",193.9,24.554144950495,-192.61632,3.55024
"1941",194,24.5767781818182,-192.566040816327,3.551
"1942",194.1,24.5993812,-192.469904761905,3.551
"1943",194.2,24.5936011,-192.38271875,3.55078125
"1944",194.3,24.5846649,-192.2365,3.55025
"1945",194.4,24.5923672277228,-192.209179245283,3.551
"1946",194.5,24.5987538383838,-192.192161290323,3.551
"1947",194.6,24.5971833,-192.1201,3.551
"1948",194.7,24.5936842,-192.109743119266,3.551
"1949",194.8,24.5670104,-191.990242105263,3.55082105263158
"1950",194.9,24.5645002,-191.950564356436,3.55
"1951",195,24.595593030303,-191.853117647059,3.55020588235294
"1952",195.1,24.6007751485148,-191.75929787234,3.551
"1953",195.2,24.6024791,-191.6275,3.55125
"1954",195.3,24.6079443,-191.545577235772,3.55179674796748
"1955",195.4,24.5997558,-191.438597402597,3.551
"1956",195.5,24.6010639393939,-191.301841584158,3.551
"1957",195.6,24.6254581188119,-191.246036697248,3.551
"1958",195.7,24.5851690909091,-191.146833333333,3.551
"1959",195.8,24.5588005940594,-191.090902912621,3.551
"1960",195.9,24.5583501980198,-190.93506,3.551
"1961",196,24.5549013131313,-190.962288659794,3.551
"1962",196.1,24.5684179411765,-190.83701010101,3.55125252525252
"1963",196.2,24.5877865656566,-190.77536,3.5507
"1964",196.3,24.5778576767677,-190.756440366972,3.54795412844037
"1965",196.4,24.5595493,-190.587087912088,3.551
"1966",196.5,24.5753251515152,-190.483728971963,3.551
"1967",196.6,24.5492496039604,-190.479531914894,3.551
"1968",196.7,24.5395145454545,-190.454757575758,3.55074747474747
"1969",196.8,24.543396,-190.41956,3.55026
"1970",196.9,24.549948,-190.3091,3.551
"1971",197,24.554776,-190.286930693069,3.55125742574257
"1972",197.1,24.559268,-190.206680672269,3.55242016806723
"1973",197.2,24.5547603030303,-190.020046511628,3.55393023255814
"1974",197.3,24.5473000980392,-189.901291666667,3.55258333333333
"1975",197.4,24.5497306060606,-189.71564,3.551
"1976",197.5,24.566194,-189.754991150442,3.551
"1977",197.6,24.5604225742574,-189.728873563218,3.551
"1978",197.7,24.5381927,-189.693056,3.550808
"1979",197.8,24.533791,-189.547456,3.550008
"1980",197.9,24.5276615151515,-189.558294736842,3.551
"1981",198,24.5205040594059,-189.370615384615,3.551
"1982",198.1,24.5346436363636,-189.39991509434,3.5507641509434
"1983",198.2,24.533712,-189.3528,3.55
"1984",198.3,24.5050461386139,-189.29408,3.55024
"1985",198.4,24.4857336,-189.241757575758,3.551
"1986",198.5,24.4906894,-189.1956875,3.551
"1987",198.6,24.4917960606061,-189.126344827586,3.55114942528736
"1988",198.7,24.483118,-189.10462,3.55174
"1989",198.8,24.495686,-188.991653465347,3.551
"1990",198.9,24.510966,-188.905267326733,3.551
"1991",199,24.5059637623762,-188.868727272727,3.55124242424242
"1992",199.1,24.4902354545455,-188.731569105691,3.55159349593496
"1993",199.2,24.493538,-188.579116504854,3.55001941747573
"1994",199.3,24.496358,-188.684941747573,3.55099029126214
"1995",199.4,24.50076,-188.5995,3.551
"1996",199.5,24.487734,-188.604631578947,3.551
"1997",199.6,24.497372,-188.441372093023,3.551
"1998",199.7,24.507522,-188.48275,3.5505
"1999",199.8,24.513592,-188.46625,3.5495
"2000",199.9,24.513624,-188.359643564356,3.55124752475248
"2001",200,24.493640990099,-188.268615384615,3.55179487179487
"2002",200.1,24.5014013,-188.088093023256,3.55091860465116
"2003",200.2,24.5120011881188,-188.124989473684,3.55022105263158
"2004",200.3,24.503381010101,-188.12316,3.551
"2005",200.4,24.5104701,-188.099238095238,3.551
"2006",200.5,24.5104035,-188.087653846154,3.551
"2007",200.6,24.5069964,-187.977120879121,3.551
"2008",200.7,24.5161215151515,-187.776732673267,3.551
"2009",200.8,24.525502,-187.80775862069,3.55078448275862
"2010",200.9,24.5208080808081,-187.738117647059,3.55021176470588
"2011",201,24.5119324752475,-187.688666666667,3.55177777777778
"2012",201.1,24.4915274747475,-187.706304347826,3.551
"2013",201.2,24.4750369306931,-187.597766990291,3.551
"2014",201.3,24.485566,-187.432972222222,3.551
"2015",201.4,24.5038,-187.397022222222,3.551
"2016",201.5,24.4995254455446,-187.32694,3.55077
"2017",201.6,24.5114615151515,-187.318038834951,3.55044660194175
"2018",201.7,24.518186,-187.30500990099,3.552
"2019",201.8,24.496236,-187.146873873874,3.55165765765766
"2020",201.9,24.515222,-187.172904761905,3.54980952380952
"2021",202,24.51337,-187.035663366337,3.54776237623762
"2022",202.1,24.527173030303,-186.991693877551,3.54770408163265
"2023",202.2,24.5253628712871,-187.0005,3.55025
"2024",202.3,24.51805,-186.83298019802,3.551
"2025",202.4,24.4977341584158,-187.010333333333,3.551
"2026",202.5,24.4885619,-186.782851485149,3.55084158415842
"2027",202.6,24.4958454545455,-186.621181818182,3.55015151515151
"2028",202.7,24.49436,-186.596565217391,3.55082608695652
"2029",202.8,24.488818,-186.627486486487,3.55043243243243
"2030",202.9,24.465828,-186.501377777778,3.55171111111111
"2031",203,24.464458,-186.473549019608,3.54954901960784
"2032",203.1,24.4887584848485,-186.433428571429,3.54864285714286
"2033",203.2,24.4998765346535,-186.284771428571,3.551
"2034",203.3,24.4966734343434,-186.271193548387,3.551
"2035",203.4,24.4933101,-186.287384615385,3.551
"2036",203.5,24.4918342,-186.151011235955,3.551
"2037",203.6,24.5021805,-186.086009708738,3.55081553398058
"2038",203.7,24.4910934653465,-186.20468,3.55016
"2039",203.8,24.4905187878788,-186.188387096774,3.55117204301075
"2040",203.9,24.4940085148515,-185.982933962264,3.55221698113208
"2041",204,24.50418,-185.85764893617,3.55281914893617
"2042",204.1,24.513764950495,-185.857836538462,3.55177884615385
"2043",204.2,24.5033002,-185.872838095238,3.551
"2044",204.3,24.5095621212121,-185.767844444444,3.551
"2045",204.4,24.5342965346535,-185.740090909091,3.551
"2046",204.5,24.5319560606061,-185.6895,3.551
"2047",204.6,24.530222,-185.743348214286,3.55077678571429
"2048",204.7,24.538318,-185.567142857143,3.55014285714286
"2049",204.8,24.5268247474747,-185.445216494845,3.55077319587629
"2050",204.9,24.5498914851485,-185.290722772277,3.55074257425743
"2051",205,24.5586258585859,-185.234168316832,3.55276237623762
"2052",205.1,24.5355737623762,-185.258611650485,3.55177669902913
"2053",205.2,24.503246969697,-185.198368421053,3.551
"2054",205.3,24.4743508,-185.0825,3.551
"2055",205.4,24.4747078217822,-184.959792792793,3.551
"2056",205.5,24.4752778787879,-184.923177777778,3.55115555555556
"2057",205.6,24.4936130693069,-184.846663551402,3.55155140186916
"2058",205.7,24.4982876767677,-184.824777777778,3.55017171717172
"2059",205.8,24.4642807,-184.899469387755,3.55118367346939
"2060",205.9,24.4506717,-184.780141414141,3.55240404040404
"2061",206,24.4739684848485,-184.74566,3.55337
"2062",206.1,24.4697611764706,-184.715283018868,3.551
"2063",206.2,24.461518989899,-184.732857142857,3.551
"2064",206.3,24.4703831683168,-184.577793814433,3.551
"2065",206.4,24.482308,-184.610268041237,3.551
"2066",206.5,24.4743654545455,-184.558918367347,3.551
"2067",206.6,24.4699803960396,-184.427764705882,3.55264705882353
"2068",206.7,24.473323030303,-184.422434782609,3.551
"2069",206.8,24.4773857425743,-184.445016806723,3.551
"2070",206.9,24.4922347474747,-184.267896907217,3.5508969072165
"2071",207,24.4909575757576,-184.346380952381,3.54919047619048
"2072",207.1,24.4825057425743,-184.2288,3.551
"2073",207.2,24.514105050505,-184.23744,3.551
"2074",207.3,24.5044706930693,-184.283352941176,3.551
"2075",207.4,24.5036666666667,-184.100873873874,3.5511981981982
"2076",207.5,24.5123568,-184.090229166667,3.55188541666667
"2077",207.6,24.5072259405941,-184.224826086957,3.551
"2078",207.7,24.5214409090909,-184.000710526316,3.55120175438597
"2079",207.8,24.5144988235294,-183.862739130435,3.552
"2080",207.9,24.4975117171717,-183.786692307692,3.55183653846154
"2081",208,24.4624797,-183.688621052632,3.551
"2082",208.1,24.4419087,-183.669839285714,3.551
"2083",208.2,24.4709148484848,-183.70743902439,3.551
"2084",208.3,24.4746852475248,-183.59516,3.55076
"2085",208.4,24.4691371717172,-183.577971428571,3.54977142857143
"2086",208.5,24.4499748514852,-183.571577319588,3.54939175257732
"2087",208.6,24.4581293,-183.601224299065,3.551
"2088",208.7,24.4628391,-183.55513592233,3.551
"2089",208.8,24.4812991,-183.575206896552,3.55058620689655
"2090",208.9,24.4883047474747,-183.43275,3.54872115384615
"2091",209,24.4700501980198,-183.41426,3.551
"2092",209.1,24.4567333333333,-183.449092783505,3.551
"2093",209.2,24.4714708910891,-183.5292,3.551
"2094",209.3,24.4716523,-183.438275229358,3.551
"2095",209.4,24.4583617,-183.457425287356,3.55111494252874
"2096",209.5,24.4582547,-183.361131313131,3.55176767676768
"2097",209.6,24.4899121212121,-183.29496,3.551
"2098",209.7,24.510898019802,-183.211392523365,3.551
"2099",209.8,24.4931602020202,-183.115514018692,3.55068224299065
"2100",209.9,24.4753902,-183.144315789474,3.54921052631579
"2101",210,24.4965327722772,-183.103285714286,3.551
"2102",210.1,24.5250216161616,-183.131942528736,3.551
"2103",210.2,24.5156817647059,-183.016464646465,3.551
"2104",210.3,24.5057235353535,-182.978316831683,3.55076237623762
"2105",210.4,24.4952387,-182.81926,3.55
"2106",210.5,24.4789204,-182.76294949495,3.55023232323232
"2107",210.6,24.4893263636364,-182.912484848485,3.55075757575758
"2108",210.7,24.495471980198,-182.823523809524,3.55
"2109",210.8,24.4928651515152,-182.661619047619,3.55
"2110",210.9,24.5179444,-182.637071428571,3.551
"2111",211,24.5207294,-182.563905660377,3.551
"2112",211.1,24.5310956,-182.481956521739,3.551
"2113",211.2,24.509358,-182.530820224719,3.551
"2114",211.3,24.4915860606061,-182.426851485149,3.55075247524752
"2115",211.4,24.4744898,-182.44392,3.55024
"2116",211.5,24.45238,-182.341378378378,3.55078378378378
"2117",211.6,24.4528578,-182.276032608696,3.55
"2118",211.7,24.487390990099,-182.195058823529,3.55061764705882
"2119",211.8,24.4846312121212,-182.26164893617,3.55259574468085
"2120",211.9,24.4741917821782,-182.270654205607,3.551
"2121",212,24.4690798989899,-182.222580645161,3.551
"2122",212.1,24.4459892,-182.140677966102,3.551
"2123",212.2,24.4465028,-182.107265060241,3.551
"2124",212.3,24.464663,-182.086846153846,3.55076923076923
"2125",212.4,24.4790031683168,-181.993210526316,3.55021052631579
"2126",212.5,24.4813677777778,-182.050991525424,3.55078813559322
"2127",212.6,24.4872736,-181.973093023256,3.54991860465116
"2128",212.7,24.4700046,-181.844225,3.549525
"2129",212.8,24.4617264,-181.816934782609,3.55198913043478
"2130",212.9,24.4712106,-181.798505882353,3.551
"2131",213,24.4714562,-181.688289719626,3.551
"2132",213.1,24.4865234,-181.643425531915,3.551
"2133",213.2,24.4806726,-181.527886792453,3.55078301886792
"2134",213.3,24.4686794,-181.576903225806,3.55018279569892
"2135",213.4,24.4781588,-181.582714285714,3.55078571428571
"2136",213.5,24.48165,-181.602772727273,3.55
"2137",213.6,24.4886022,-181.47836,3.55024
"2138",213.7,24.4680981818182,-181.47768,3.55148
"2139",213.8,24.4677952,-181.504357142857,3.55257142857143
"2140",213.9,24.5035100990099,-181.488056179775,3.551
"2141",214,24.5013508,-181.334963302752,3.551
"2142",214.1,24.4618504950495,-181.350319587629,3.551
"2143",214.2,24.4623447474748,-181.260234042553,3.55081914893617
"2144",214.3,24.475808019802,-181.167245614035,3.55020175438596
"2145",214.4,24.4679559,-181.263035714286,3.551
"2146",214.5,24.4491447,-181.11875,3.55075
"2147",214.6,24.4583803,-181.072121212121,3.55
"2148",214.7,24.4609089,-181.041137254902,3.54974509803922
"2149",214.8,24.433895050505,-181.072514285714,3.54945714285714
"2150",214.9,24.4528234,-181.090958762887,3.551
"2151",215,24.4681778,-181.023918367347,3.551
"2152",215.1,24.4583582,-181.0148,3.551
"2153",215.2,24.4615574,-180.908285714286,3.55077142857143
"2154",215.3,24.4575190909091,-180.756963302752,3.55017431192661
"2155",215.4,24.4422833,-180.777555555556,3.55088888888889
"2156",215.5,24.4664148,-180.82170212766,3.55021276595745
"2157",215.6,24.5011402970297,-180.804866666667,3.55075238095238
"2158",215.7,24.4980364,-180.8211875,3.55021875
"2159",215.8,24.4869476,-180.75475,3.551
"2160",215.9,24.4907875757576,-180.8335,3.551
"2161",216,24.5046347,-180.796333333333,3.551
"2162",216.1,24.5199236,-180.656626262626,3.55082828282828
"2163",216.2,24.5308576,-180.660838709677,3.5501935483871
"2164",216.3,24.5273364356436,-180.67725,3.551
"2165",216.4,24.52442,-180.607,3.551
"2166",216.5,24.5011672727273,-180.623181818182,3.55079338842975
"2167",216.6,24.5041802,-180.502125,3.55004166666667
"2168",216.7,24.5134155,-180.528172043011,3.551
"2169",216.8,24.5225686,-180.494775280899,3.551
"2170",216.9,24.5324036,-180.336188118812,3.551
"2171",217,24.5161446,-180.355229357798,3.551
"2172",217.1,24.50678,-180.299885714286,3.551
"2173",217.2,24.4884939393939,-180.441074468085,3.551
"2174",217.3,24.4899928,-180.324394230769,3.551
"2175",217.4,24.4957597,-180.254511363636,3.55085227272727
"2176",217.5,24.504706,-180.19325,3.54975
"2177",217.6,24.4847156,-180.157386554622,3.54921008403361
"2178",217.7,24.4794224242424,-180.0320625,3.5500625
"2179",217.8,24.5002215841584,-180.055727272727,3.551
"2180",217.9,24.4834702,-180.083673469388,3.551
"2181",218,24.4716196039604,-179.941696969697,3.551
"2182",218.1,24.4805378,-179.874,3.55075
"2183",218.2,24.4962142424242,-179.951226415094,3.5502358490566
"2184",218.3,24.4932147,-179.955442307692,3.551
"2185",218.4,24.4984115,-180.004869565217,3.55067391304348
"2186",218.5,24.4898573,-179.89687,3.549
"2187",218.6,24.4755887,-179.933475728155,3.54944660194175
"2188",218.7,24.4658285858586,-179.8506,3.551
"2189",218.8,24.4596004950495,-179.728583333333,3.551
"2190",218.9,24.4829250505051,-179.66228,3.551
"2191",219,24.4839488,-179.70736,3.55124
"2192",219.1,24.4843412,-179.7022,3.55152
"2193",219.2,24.4798356,-179.61648,3.55024
"2194",219.3,24.4594927722772,-179.69496,3.55076
"2195",219.4,24.4487424242424,-179.696303030303,3.55
"2196",219.5,24.4478223762376,-179.667470588235,3.55024509803922
"2197",219.6,24.4489078,-179.609636363636,3.55123232323232
"2198",219.7,24.4270795,-179.64168,3.55176
"2199",219.8,24.441565,-179.58832,3.551
"2200",219.9,24.4645323232323,-179.575380952381,3.551
"2201",220,24.450880990099,-179.543634920635,3.551
"2202",220.1,24.43119,-179.4445625,3.55
"2203",220.2,24.4323234653465,-179.436144230769,3.55010576923077
"2204",220.3,24.429102,-179.40925,3.55108333333333
"2205",220.4,24.4408021212121,-179.396191919192,3.55130303030303
"2206",220.5,24.4390941584158,-179.449235294118,3.54947058823529
"2207",220.6,24.4443851515151,-179.424096153846,3.551
"2208",220.7,24.4536224752475,-179.367574468085,3.551
"2209",220.8,24.4345463636364,-179.305461538462,3.551
"2210",220.9,24.4278488,-179.187841121495,3.55081308411215
"2211",221,24.4320304950495,-179.108764044944,3.55
"2212",221.1,24.434812020202,-179.37264,3.54976
"2213",221.2,24.4436377227723,-179.331272727273,3.54948484848485
"2214",221.3,24.4497838383838,-179.35805982906,3.55121367521368
"2215",221.4,24.4436204,-179.362066666667,3.55191111111111
"2216",221.5,24.4316016,-179.249234042553,3.5508085106383
"2217",221.6,24.4383755555556,-179.2184,3.55024
"2218",221.7,24.45947,-179.17012,3.551
"2219",221.8,24.4856382828283,-179.28512,3.551
"2220",221.9,24.4807272277228,-179.252247524752,3.551
"2221",222,24.4543102,-179.26552,3.55123
"2222",222.1,24.4762735353535,-179.31247,3.55177
"2223",222.2,24.5030487128713,-179.16403,3.551
"2224",222.3,24.5133361616162,-179.184282828283,3.55123232323232
"2225",222.4,24.5258496,-179.104242424242,3.552
"2226",222.5,24.5117124,-179.111422018349,3.55177064220184
"2227",222.6,24.5272522222222,-179.034230769231,3.551
"2228",222.7,24.5345344554455,-178.9665625,3.551
"2229",222.8,24.5122733333333,-178.992238636364,3.55085227272727
"2230",222.9,24.5150485,-179.110991150442,3.55022123893805
"2231",223,24.5231175,-179.101636363636,3.551
"2232",223.1,24.5432585,-178.98864,3.551
"2233",223.2,24.5453217821782,-178.945693069307,3.551
"2234",223.3,24.5351844444444,-178.875043103448,3.55119827586207
"2235",223.4,24.5389973529412,-178.764308510638,3.55192553191489
"2236",223.5,24.5301716161616,-178.790977777778,3.551
"2237",223.6,24.5381416,-178.789454545455,3.551
"2238",223.7,24.5541676,-178.815445544554,3.551
"2239",223.8,24.5313936,-178.750363636364,3.551
"2240",223.9,24.5168936633663,-178.633486238532,3.55077981651376
"2241",224,24.5309702020202,-178.644861111111,3.55013888888889
"2242",224.1,24.5346018811881,-178.553978723404,3.551
"2243",224.2,24.5140866,-178.574819148936,3.55086170212766
"2244",224.3,24.5049517171717,-178.471554455446,3.55
"2245",224.4,24.5133756,-178.455126315789,3.54981052631579
"2246",224.5,24.51161,-178.424191919192,3.54946464646465
"2247",224.6,24.5267015841584,-178.39372,3.551
"2248",224.7,24.51926,-178.384526315789,3.551
"2249",224.8,24.507756,-178.478166666667,3.551
"2250",224.9,24.5276125,-178.424577777778,3.55131111111111
"2251",225,24.513721,-178.393168316832,3.55228712871287
"2252",225.1,24.520144,-178.34576635514,3.55
"2253",225.2,24.5070309090909,-178.308548387097,3.55068817204301
"2254",225.3,24.4956402,-178.229939393939,3.55353535353535
"2255",225.4,24.5027377227723,-178.18944,3.55176
"2256",225.5,24.5077315,-178.16104,3.551
"2257",225.6,24.5193022772277,-178.1734,3.551
"2258",225.7,24.5062811111111,-178.15648,3.551
"2259",225.8,24.5181323762376,-178.117871794872,3.55079487179487
"2260",225.9,24.5244448,-178.033715789474,3.55007368421053
"2261",226,24.518988,-177.983448979592,3.55087755102041
"2262",226.1,24.5156212,-177.828844444444,3.55
"2263",226.2,24.51191,-177.834653465347,3.55071287128713
"2264",226.3,24.5103897029703,-177.863898989899,3.55207070707071
"2265",226.4,24.5191466666667,-177.899230769231,3.54941025641026
"2266",226.5,24.5358795,-177.925032608696,3.551
"2267",226.6,24.5183385,-177.79845,3.551
"2268",226.7,24.5101790909091,-177.7798125,3.551
"2269",226.8,24.5121606930693,-177.86335106383,3.55079787234043
"2270",226.9,24.4989709090909,-177.927920792079,3.54975247524752
"2271",227,24.4991758,-177.935366336634,3.54947524752475
"2272",227.1,24.5095496039604,-177.852140350877,3.551
"2273",227.2,24.5013509090909,-177.726467391304,3.55090217391304
"2274",227.3,24.4913790196078,-177.695935483871,3.55
"2275",227.4,24.4993055555556,-177.84432,3.55024
"2276",227.5,24.5167655,-177.777732673267,3.551
"2277",227.6,24.5166795,-177.803881818182,3.55079090909091
"2278",227.7,24.5042685,-177.7136,3.55014444444444
"2279",227.8,24.5039365,-177.663682539683,3.551
"2280",227.9,24.4964227272727,-177.714476190476,3.551
"2281",228,24.4855101960784,-177.5896,3.55
"2282",228.1,24.4719711111111,-177.487736842105,3.55
"2283",228.2,24.4539895,-177.469377358491,3.55
"2284",228.3,24.463496,-177.367880434783,3.5501847826087
"2285",228.4,24.480924,-177.516188118812,3.551
"2286",228.5,24.464113,-177.442757575758,3.551
"2287",228.6,24.45466,-177.394475247525,3.551
"2288",228.7,24.4651142,-177.37296,3.55076
"2289",228.8,24.4564316,-177.2966,3.55048
"2290",228.9,24.4365972,-177.30136,3.55176
"2291",229,24.418686,-177.177821782178,3.55076237623762
"2292",229.1,24.4203256,-177.840666666666,3.55018699186992
"2294",229.3,24.430393,-183.272545454545,3.55029545454545
"2295",229.4,24.4575992,-183.122702970297,3.55175247524752
"2296",229.5,24.4546155445545,-183.08312173913,3.55079130434783
"2297",229.6,24.444601,-183.13475,3.55010714285714
"2298",229.7,24.4499113861386,-182.827633663366,3.551
"2299",229.8,24.4513344444444,-182.7254,3.55077142857143
"2300",229.9,24.4558185,-182.7452,3.5504
"2301",230,24.4570005,-182.603876106195,3.55178761061947
"2302",230.1,24.441799,-182.5225,3.550875
"2303",230.2,24.452315,-182.588759615385,3.55088461538462
"2304",230.3,24.459154,-182.42955,3.55343
"2305",230.4,24.4490818181818,-182.339677083333,3.551
"2306",230.5,24.4682114,-182.16175,3.551
"2307",230.6,24.4904308,-182.200515151515,3.55076767676768
"2308",230.7,24.4740474,-182.2482,3.55024
"2309",230.8,24.491166,-182.170515151515,3.551
"2310",230.9,24.507587,-182.02825,3.55075
"2311",231,24.4911773267327,-181.864193277311,3.55021008403361
"2312",231.1,24.4729009090909,-181.980658536585,3.551
"2313",231.2,24.4655278217822,-181.86567961165,3.551
"2314",231.3,24.4908495,-181.80109375,3.551
"2315",231.4,24.524626,-181.683125,3.551
"2316",231.5,24.524243,-181.695168539326,3.55085393258427
"2317",231.6,24.5103990909091,-181.678672897196,3.55022429906542
"2318",231.7,24.494869009901,-181.59562,3.551
"2319",231.8,24.5076245454545,-181.556868686869,3.55082828282828
"2320",231.9,24.5272747524752,-181.411290322581,3.55038709677419
"2321",232,24.5179885,-181.352045454545,3.55177272727273
"2322",232.1,24.5053981818182,-181.343333333333,3.5505
"2323",232.2,24.4878691089109,-181.265,3.54821186440678
"2324",232.3,24.4881345454545,-181.264915662651,3.5491686746988
"2325",232.4,24.5019256,-181.271513043478,3.551
"2326",232.5,24.508787,-181.279905172414,3.551
"2327",232.6,24.5106958585859,-181.056629310345,3.551
"2328",232.7,24.512476039604,-181.091542857143,3.55077142857143
"2329",232.8,24.5162884848485,-181.0302,3.5506
"2330",232.9,24.5086281,-180.964430656934,3.5526496350365
"2331",233,24.5080698,-180.787058394161,3.5511897810219
"2332",233.1,24.515153,-180.73656,3.54976
"2333",233.2,24.501772970297,-180.53884,3.54924
"2334",233.3,24.5056465656566,-180.600405940594,3.55023762376238
"2335",233.4,24.5119076237624,-180.642175,3.55080833333333
"2336",233.5,24.508655,-180.6616,3.5500375
"2337",233.6,24.5182825742574,-180.620676767677,3.55076767676768
"2338",233.7,24.493956,-180.686333333333,3.55022222222222
"2339",233.8,24.4791518181818,-180.647608695652,3.551
"2340",233.9,24.493610990099,-180.482205607477,3.55077570093458
"2341",234,24.5218009090909,-180.377265957447,3.55
"2342",234.1,24.5432646,-180.285555555556,3.55023232323232
"2343",234.2,24.5249238,-180.215148514851,3.551
"2344",234.3,24.5057463636364,-180.22808,3.551
"2345",234.4,24.5162476237624,-180.29809,3.55077
"2346",234.5,24.5394017171717,-180.2832,3.5502
"2347",234.6,24.5352263366337,-180.278608695652,3.55091304347826
"2348",234.7,24.5256498989899,-180.291758241758,3.55
"2349",234.8,24.5365709,-180.215,3.5502380952381
"2350",234.9,24.5246017821782,-180.135,3.55061904761905
"2351",235,24.5070868686869,-179.931989010989,3.54932967032967
"2352",235.1,24.4886932352941,-179.92788,3.55124
"2353",235.2,24.5017390909091,-179.855606060606,3.55175757575758
"2354",235.3,24.535324,-179.72297029703,3.551
"2355",235.4,24.5353206,-179.75408,3.551
"2356",235.5,24.5207907070707,-179.82856,3.55076
"2357",235.6,24.5165453465347,-179.800704918033,3.55019672131148
"2358",235.7,24.5114337373737,-179.624825,3.551
"2359",235.8,24.5294846534653,-179.533659793814,3.55077319587629
"2360",235.9,24.5384474,-179.587920353982,3.55022123893805
"2361",236,24.5286882,-179.402849056604,3.55088679245283
"2362",236.1,24.5254966,-179.526714285714,3.54985714285714
"2363",236.2,24.5161264646465,-179.48142,3.54866
"2364",236.3,24.5236622772277,-179.329932773109,3.55081512605042
"2365",236.4,24.523685959596,-179.3132,3.55003157894737
"2366",236.5,24.5171937,-179.348023529412,3.551
"2367",236.6,24.5134943,-179.33291,3.551
"2368",236.7,24.5170333333333,-179.326252525253,3.551
"2369",236.8,24.5277099009901,-179.254108910891,3.55123762376238
"2370",236.9,24.5351818181818,-179.220841584158,3.55177227722772
"2371",237,24.5514688,-179.160326530612,3.55032653061224
"2372",237.1,24.5555334653465,-179.087465346535,3.54871287128713
"2373",237.2,24.5509015151515,-179.05647,3.551
"2374",237.3,24.5676135294118,-178.94,3.551
"2375",237.4,24.5635643434343,-179.0812,3.55076
"2376",237.5,24.4962112871287,-179.026564356436,3.55
"2377",237.6,24.4606058,-178.951637168142,3.55020353982301
"2378",237.7,24.4690978787879,-178.894886363636,3.55065909090909
"2379",237.8,24.4455291089109,-178.737551020408,3.54867346938776
"2380",237.9,24.4467991919192,-178.750442477876,3.551
"2381",238,24.4600658415842,-178.809896907217,3.55088659793814
"2382",238.1,24.4316655555556,-178.828577319588,3.55
"2383",238.2,24.442551010101,-178.676602150538,3.55018279569892
"2384",238.3,24.4559794117647,-178.677663366337,3.551
"2385",238.4,24.4636631313131,-178.544101010101,3.551
"2386",238.5,24.4828646534653,-178.582815533981,3.551
"2387",238.6,24.4743815151515,-178.556608247423,3.551
"2388",238.7,24.4555609,-178.55972,3.55124
"2389",238.8,24.4274401,-178.42832,3.55176
"2390",238.9,24.4136705050505,-178.390237623762,3.55076237623762
"2391",239,24.4326647058824,-178.468464646465,3.54953535353535
"2392",239.1,24.4496665656566,-178.435306930693,3.54847524752475
"2393",239.2,24.4702832,-178.315636363636,3.55023232323232
"2394",239.3,24.478061,-178.30504,3.551
"2395",239.4,24.4827412,-178.34988,3.551
"2396",239.5,24.4944642,-178.34044,3.551
"2397",239.6,24.473887979798,-178.38592,3.55124
"2398",239.7,24.4612217647059,-178.308931034483,3.55220689655172
"2399",239.8,24.4501353535354,-178.204123809524,3.55284761904762
"2400",239.9,24.4531222,-178.143779069767,3.55110465116279
"2401",240,24.4814716831683,-178.109663366337,3.55349504950495
"2402",240.1,24.5082733333333,-178.104769230769,3.551
"2403",240.2,24.5031141584158,-178.079421052632,3.55087368421053
"2404",240.3,24.4962619191919,-178.040161290323,3.55
"2405",240.4,24.4770518,-178.095198019802,3.55023762376238
"2406",240.5,24.4574738,-178.07702,3.55077
"2407",240.6,24.4485442,-178.039808080808,3.55046464646465
"2408",240.7,24.4656848,-177.98252,3.55152
"2409",240.8,24.5036948484848,-177.994069306931,3.55
"2410",240.9,24.476122,-178.02059,3.55
"2411",241,24.4580544,-177.93542,3.55023
"2412",241.1,24.4528824,-177.834794871795,3.551
"2413",241.2,24.4464587128713,-177.880951219512,3.55092682926829
"2414",241.3,24.4639709090909,-177.829088495575,3.55021238938053
"2415",241.4,24.466384950495,-177.739715789474,3.551
"2416",241.5,24.4684533,-177.802805825243,3.55084466019417
"2417",241.6,24.4583361,-177.835741573034,3.55014606741573
"2418",241.7,24.4479596,-177.615188679245,3.55032075471698
"2419",241.8,24.4618854,-177.485818181818,3.54836363636364
"2420",241.9,24.4604536633663,-177.482257731959,3.55039175257732
"2421",242,24.460184040404,-177.440828571429,3.55179047619048
"2422",242.1,24.4639879,-177.37534375,3.55082291666667
"2423",242.2,24.4557987128713,-177.564642857143,3.55
"2424",242.3,24.4420518367347,-177.443245283019,3.55
"2425",242.4,24.4244514851485,-177.456913978495,3.55
"2426",242.5,24.4424348484848,-177.374411764706,3.55
"2427",242.6,24.4522844,-177.32,3.55022222222222
"2428",242.7,24.4187956,-177.251626262626,3.551
"2429",242.8,24.4072396,-177.249631578947,3.55078947368421
"2430",242.9,24.4349935643564,-177.225535353535,3.54989898989899
"2431",243,24.439706969697,-177.25308045977,3.54912643678161
"2432",243.1,24.4105438613861,-177.215306930693,3.55
"2433",243.2,24.4015201010101,-177.21435,3.55
"2434",243.3,24.38755,-177.2886,3.5502
"2435",243.4,24.4064336,-177.117952380952,3.55090476190476
"2436",243.5,24.4269028,-176.95064,3.55
"2437",243.6,24.3994784158416,-177.05136,3.55048
"2438",243.7,24.4109544444444,-177.016942857143,3.55177142857143
"2439",243.8,24.4170494059406,-176.946683168317,3.55137623762376
"2440",243.9,24.3964269,-177.006326315789,3.55262105263158
"2441",244,24.3818001,-176.94627,3.55077
"2442",244.1,24.3991789,-176.970108910891,3.55022772277228
"2443",244.2,24.4383368686869,-176.929068965517,3.55081034482759
"2444",244.3,24.4676412871287,-176.950428571429,3.55007142857143
"2445",244.4,24.4778404040404,-176.920475728155,3.55078640776699
"2446",244.5,24.4611344,-177.009457142857,3.54981904761905
"2447",244.6,24.4541584,-176.920230769231,3.54915384615385
"2448",244.7,24.455066,-176.891733944954,3.54978899082569
"2449",244.8,24.473822,-176.801153846154,3.54930769230769
"2450",244.9,24.4732112121212,-176.786514851485,3.551
"2451",245,24.4734932,-176.725851851852,3.5507962962963
"2452",245.1,24.4654183168317,-176.707553191489,3.55
"2453",245.2,24.4601012,-176.748298969072,3.55
"2454",245.3,24.4793514851485,-176.578203252032,3.55018699186992
"2456",245.5,24.4826084,-176.615927835052,3.55
"2457",245.6,24.4862588,-176.478037878788,3.55017424242424
"2458",245.7,24.4839416,-176.365159090909,3.55093181818182
"2459",245.8,24.4657528,-176.474848484848,3.55276767676768
"2460",245.9,24.469526969697,-176.355046728972,3.55177570093458
"2461",246,24.4775889108911,-176.325094736842,3.55082105263158
"2462",246.1,24.4701888,-176.302888888889,3.55022222222222
"2463",246.2,24.4761756,-176.32322,3.55077
"2464",246.3,24.4857956,-176.329673267327,3.55
"2465",246.4,24.488746,-176.292377358491,3.55062264150943
"2466",246.5,24.4994912,-176.219898989899,3.55283838383838
"2467",246.6,24.5121878787879,-176.281691489362,3.55181914893617
"2468",246.7,24.4992807,-176.218922330097,3.551
"2469",246.8,24.4964117821782,-176.1776,3.5508
"2470",246.9,24.5033388,-176.217632653061,3.55
"2471",247,24.5075276,-176.152888888889,3.55
"2472",247.1,24.5141132,-176.18413,3.55023
"2473",247.2,24.5046372727273,-176.21421,3.55077
"2474",247.3,24.5065978,-176.2308,3.55
"2475",247.4,24.5141587,-176.213717647059,3.55009411764706
"2476",247.5,24.4997994059406,-176.186230769231,3.55122115384615
"2477",247.6,24.4823,-176.1084,3.5516
"2478",247.7,24.5062936,-176.140117647059,3.55
"2479",247.8,24.5183352,-176.085444444444,3.55044444444444
"2480",247.9,24.5038088,-175.99458,3.55154
"2481",248,24.5040708,-176.055675925926,3.55
"2482",248.1,24.493096,-175.887195652174,3.55
"2483",248.2,24.4924684,-176.017838383838,3.55
"2484",248.3,24.5038748484848,-176.071227722772,3.55
"2485",248.4,24.4947767,-175.963722222222,3.54978703703704
"2486",248.5,24.4807934,-175.802181818182,3.54945454545454
"2487",248.6,24.4913306,-175.869212121212,3.55183838383838
"2488",248.7,24.5116936,-175.81904,3.55117
"2489",248.8,24.5224291,-175.713096774194,3.55163440860215
"2490",248.9,24.5290166666667,-175.56744,3.55
"2491",249,24.5214787128713,-175.628585365854,3.55
"2492",249.1,24.5174942,-175.860371794872,3.55
"2493",249.2,24.5004505940594,-175.741737373737,3.55
"2494",249.3,24.4851692,-175.759125,3.55
"2495",249.4,24.4934596969697,-175.7388125,3.55
"2496",249.5,24.4859415,-175.569168539326,3.54995505617978
"2497",249.6,24.4925905,-175.507532608696,3.54916304347826
"2498",249.7,24.5011086,-175.51449,3.55092
"2499",249.8,24.5066766,-175.568695238095,3.55312380952381
"2500",249.9,24.4954974,-175.561526315789,3.55
"2501",250,24.4933118,-175.431454545455,3.55
"2502",250.1,24.5113542,-175.392181818182,3.55
"2503",250.2,24.5178191,-175.43025,3.55025
"2504",250.3,24.5267635,-175.513603960396,3.55075247524752
"2505",250.4,24.4965992,-175.440303030303,3.55024242424242
"2506",250.5,24.4414392,-175.315373831776,3.55076635514019
"2507",250.6,24.4175553535354,-175.342375,3.550375
"2508",250.7,24.4187,-175.368632653061,3.55132653061224
"2509",250.8,24.42189,-175.31636,3.54924
"2510",250.9,24.43279,-175.33584,3.55
"2511",251,24.424485,-175.42088,3.55
"2512",251.1,24.4188556565657,-175.37236,3.55
"2513",251.2,24.434745,-175.25288,3.55
"2514",251.3,24.4475062626263,-175.28312,3.55024
"2515",251.4,24.4627116831683,-175.361764705882,3.55147058823529
"2516",251.5,24.4510927,-175.367,3.55255102040816
"2517",251.6,24.4296756,-175.2314,3.55076
"2518",251.7,24.4241699009901,-175.142610619469,3.55
"2519",251.8,24.4171612121212,-175.07228,3.55
"2520",251.9,24.403699,-175.130967741936,3.55
"2521",252,24.4022887,-175.23506,3.55
"2522",252.1,24.4221903,-175.126818181818,3.55
"2523",252.2,24.4263804,-174.966617021277,3.54979787234043
"2524",252.3,24.4184219191919,-175.072557522124,3.54944247787611
"2525",252.4,24.438445,-175.148714285714,3.55086813186813
"2526",252.5,24.44444,-175.040515463918,3.55021649484536
"2527",252.6,24.433845,-174.93847706422,3.55077981651376
"2528",252.7,24.439265,-175.071526315789,3.55
"2529",252.8,24.4470094949495,-174.941412371134,3.55
"2530",252.9,24.4538741584158,-174.92207,3.55
"2531",253,24.469275,-174.849909090909,3.55
"2532",253.1,24.4702352475248,-174.77772,3.55024
"2533",253.2,24.4466616,-174.59572,3.551
"2534",253.3,24.431573030303,-174.688482758621,3.55079310344828
"2535",253.4,24.4060571287129,-174.737674418605,3.55009302325581
"2536",253.5,24.4211691919192,-174.660168224299,3.55058878504673
"2537",253.6,24.443325,-174.593,3.549
"2538",253.7,24.438735,-174.556419354839,3.54916129032258
"2539",253.8,24.433545,-174.560333333333,3.55
"2540",253.9,24.4104556435644,-174.628666666667,3.55021296296296
"2541",254,24.4253552525253,-174.640870967742,3.55083870967742
"2542",254.1,24.4404,-174.55172,3.55022
"2543",254.2,24.43013,-174.544102803738,3.55058878504673
"2544",254.3,24.435885,-174.572773195876,3.54915463917526
"2545",254.4,24.453285,-174.478747572816,3.55
"2546",254.5,24.495393030303,-174.42345,3.55015
"2547",254.6,24.4999151485149,-174.542741935484,3.55083870967742
"2548",254.7,24.4710411111111,-174.52245631068,3.55
"2549",254.8,24.4903009,-174.442708333333,3.55
"2550",254.9,24.5026659,-174.245756756757,3.55
"2551",255,24.524756969697,-174.254213483146,3.55
"2552",255.1,24.5400219607843,-174.36913,3.55
"2553",255.2,24.5056376767677,-174.43274,3.55023
"2554",255.3,24.5029413861386,-174.311026315789,3.55079824561404
"2555",255.4,24.51564,-174.299103448276,3.55
"2556",255.5,24.50739,-174.12742,3.54934
"2557",255.6,24.49408,-174.252346534653,3.54787128712871
"2558",255.7,24.4861852525253,-174.244056603774,3.55080188679245
"2559",255.8,24.496763960396,-174.227096774194,3.55
"2560",255.9,24.4937290909091,-174.258554455446,3.55
"2561",256,24.479315,-174.247060606061,3.55021212121212
"2562",256.1,24.48878,-174.26534,3.55078
"2563",256.2,24.501946969697,-174.21575,3.55
"2564",256.3,24.5155302970297,-174.203375,3.55
"2565",256.4,24.5227165656566,-174.24648,3.55
"2566",256.5,24.5352256,-174.136038461538,3.54957692307692
"2567",256.6,24.5477917,-174.194494736842,3.54837894736842
"2568",256.7,24.5234093939394,-174.115444444444,3.55
"2569",256.8,24.5064888235294,-174.037793478261,3.55
"2570",256.9,24.5033441414141,-174.150037735849,3.55
"2571",257,24.514372970297,-174.251957446808,3.55
"2572",257.1,24.535095,-174.25005,3.55023
"2573",257.2,24.5301058585859,-174.108149606299,3.551
"2574",257.3,24.5150668316832,-174.043582677165,3.551
"2575",257.4,24.5061792929293,-174.010915254237,3.55061016949153
"2576",257.5,24.497371980198,-173.96612195122,3.54924390243902
"2577",257.6,24.5150346464646,-174.026956896552,3.55240517241379
"2578",257.7,24.519025,-173.960377777778,3.55
"2579",257.8,24.5006425,-173.989115789474,3.55
"2580",257.9,24.4878902255639,-173.7938,3.55
"2581",258,24.4898346534653,-173.863128712871,3.55021782178218
"2582",258.1,24.5016286868687,-173.842606060606,3.55057575757576
"2583",258.2,24.510255,-173.78592,3.54922
"2584",258.3,24.4956893939394,-173.815555555556,3.55
"2585",258.4,24.4876718181818,-173.776831858407,3.55020353982301
"2586",258.5,24.4884686138614,-173.626873563219,3.551
"2587",258.6,24.477336969697,-173.766564356436,3.55077227722772
"2588",258.7,24.4780047524753,-173.66076146789,3.55
"2589",258.8,24.4643756716418,-173.693733333333,3.55
"2590",258.9,24.4733710526316,-173.485069306931,3.55
"2591",259,24.486616039604,-173.54932,3.55022
"2592",259.1,24.4988917171717,-173.582222222222,3.551
"2593",259.2,24.48935,-173.419709090909,3.551
"2594",259.3,24.486225,-173.447285714286,3.55085714285714
"2595",259.4,24.5043263,-173.343444444444,3.54955555555556
"2596",259.5,24.4943685148515,-173.332548076923,3.54844230769231
"2597",259.6,24.49424,-173.349099009901,3.55
"2598",259.7,24.49448,-173.389,3.55
"2599",259.8,24.4914474747475,-173.368670103093,3.55
"2600",259.9,24.4940546,-173.4407,3.55022
"2601",260,24.4960943,-173.454018691589,3.55079439252336
"2602",260.1,24.4934309,-173.387074468085,3.54984042553192
"2603",260.2,24.4687969,-173.349757575758,3.549
"2604",260.3,24.4738557575758,-173.444326923077,3.54963461538461
"2605",260.4,24.499724,-173.361907216495,3.55144329896907
"2606",260.5,24.5085424,-173.30396969697,3.54921212121212
"2607",260.6,24.4942592,-173.215431372549,3.55
"2608",260.7,24.4804704950495,-173.191639175258,3.55
"2609",260.8,24.4875472727273,-173.35324,3.55
"2610",260.9,24.4921368316832,-173.187519607843,3.55
"2611",261,24.4916695,-173.185932038835,3.55020388349515
"2612",261.1,24.4968331,-173.2259375,3.5515625
"2613",261.2,24.4920304,-173.2358,3.55356
"2614",261.3,24.4923394,-173.096086206897,3.55181034482759
"2615",261.4,24.4808659405941,-173.198181818182,3.551
"2616",261.5,24.48396,-173.158578947368,3.55081052631579
"2617",261.6,24.52279,-173.04712,3.55
"2618",261.7,24.551315,-173.077356435644,3.55
"2619",261.8,24.5318685858586,-173.073,3.55
"2620",261.9,24.5063123,-173.091435643564,3.55022772277228
"2621",262,24.5058474,-173.06318,3.551
"2622",262.1,24.509847,-173.082474576271,3.551
"2623",262.2,24.5058472727273,-173.099373737374,3.551
"2624",262.3,24.4935924,-173.043890243902,3.55106097560976
"2625",262.4,24.5010276,-173.137380530973,3.55179646017699
"2626",262.5,24.5123716,-173.062431818182,3.55088636363636
"2627",262.6,24.5090948,-172.8542,3.55
"2628",262.7,24.5102952525253,-172.857222222222,3.55
"2629",262.8,24.4909601980198,-172.97424,3.55
"2630",262.9,24.4593938613861,-172.96868,3.55023
"2631",263,24.4545007,-172.958683168317,3.55077227722772
"2632",263.1,24.4512814851485,-172.880555555556,3.55
"2633",263.2,24.45102,-172.84072,3.55023
"2634",263.3,24.4546958585859,-172.75877,3.55031
"2635",263.4,24.4672993,-172.806487603306,3.54838016528926
"2636",263.5,24.4708358,-172.686518987342,3.55
"2637",263.6,24.4756204,-172.77559,3.55
"2638",263.7,24.4643139,-172.83308490566,3.55
"2639",263.8,24.448665,-172.701909090909,3.55017171717172
"2640",263.9,24.4573527272727,-172.8564375,3.5508125
"2641",264,24.465044,-172.855223300971,3.54957281553398
"2642",264.1,24.4597016,-172.743041237113,3.54839175257732
"2643",264.2,24.4528808,-172.662711538462,3.54978846153846
"2644",264.3,24.4555336,-172.69225,3.549375
"2645",264.4,24.4654232,-172.73966,3.55078
"2646",264.5,24.465095959596,-172.72842,3.55
"2647",264.6,24.4544130693069,-172.554245283019,3.55
"2648",264.7,24.4485568,-172.622333333333,3.55
"2649",264.8,24.4559758415842,-172.740712871287,3.54977227722772
"2650",264.9,24.4641775,-172.761277310924,3.549
"2651",265,24.4875657575758,-172.617404494382,3.54896629213483
"2652",265.1,24.501206,-172.606630434783,3.54845652173913
"2653",265.2,24.4830012,-172.511111111111,3.55144444444444
"2654",265.3,24.4927916,-172.606633928571,3.55238392857143
"2655",265.4,24.5108176,-172.59475,3.55
"2656",265.5,24.5127688,-172.667376237624,3.55
"2657",265.6,24.506258019802,-172.592259259259,3.55
"2658",265.7,24.497533030303,-172.547,3.55
"2659",265.8,24.4807752,-172.671269230769,3.55021153846154
"2660",265.9,24.4859932,-172.562529411765,3.55082352941176
"2661",266,24.5133952,-172.567680851064,3.55051063829787
"2662",266.1,24.5313408,-172.404925925926,3.55238888888889
"2663",266.2,24.5255042424242,-172.526769230769,3.55015384615385
"2664",266.3,24.5102894059406,-172.524353535354,3.55076767676768
"2665",266.4,24.5085144444444,-172.338176470588,3.55
"2666",266.5,24.4954004,-172.269142857143,3.55
"2667",266.6,24.5045427,-172.233428571429,3.55
"2668",266.7,24.5233148484849,-172.322193548387,3.55
"2669",266.8,24.5200164705882,-172.280440677966,3.55018644067797
"2670",266.9,24.5104181818182,-172.228352941176,3.551
"2671",267,24.4975681188119,-172.197878787879,3.551
"2672",267.1,24.4906856,-172.200608695652,3.55117391304348
"2673",267.2,24.483646,-172.15862195122,3.55175609756098
"2674",267.3,24.4723187128713,-172.215162162162,3.54841441441441
"2675",267.4,24.4629287878788,-172.267831460674,3.55
"2676",267.5,24.4572456,-172.210366336634,3.55
"2677",267.6,24.4579252,-172.196777777778,3.55
"2678",267.7,24.4562472,-172.158794392523,3.55021495327103
"2679",267.8,24.4541768,-172.229252631579,3.55083157894737
"2680",267.9,24.4588543434343,-172.108357142857,3.55021428571429
"2681",268,24.4682471,-172.11777,3.551
"2682",268.1,24.5102833,-172.17652,3.55077
"2683",268.2,24.5437013,-172.098415841584,3.55022772277228
"2684",268.3,24.5529656,-172.050444444444,3.55077777777778
"2685",268.4,24.5590072727273,-172.083346534653,3.55
"2686",268.5,24.5716659405941,-171.957882352941,3.55
"2687",268.6,24.5572996,-171.88437037037,3.55
"2688",268.7,24.5336194059406,-172.019698113208,3.55020754716981
"2689",268.8,24.5639376,-171.9,3.55084
"2690",268.9,24.5594662626263,-171.893808510638,3.55
"2691",269,24.5527172277228,-171.918271186441,3.55018644067797
"2692",269.1,24.5580941414142,-171.717121951219,3.5510487804878
"2693",269.2,24.5597926732673,-171.86304,3.55156
"2694",269.3,24.5723682828283,-171.85434,3.55
"2695",269.4,24.5434494,-171.736777777778,3.55
"2696",269.5,24.5442300990099,-171.75082,3.55
"2697",269.6,24.5766448484848,-171.77193220339,3.55
"2698",269.7,24.5733203960396,-171.759936170213,3.55
"2699",269.8,24.5570646464647,-171.901442307692,3.55010576923077
"2700",269.9,24.556145,-171.751916666667,3.55091666666667
"2701",270,24.55331,-171.71539,3.54977
"2702",270.1,24.5565408080808,-171.63714,3.54992
"2703",270.2,24.5464948514851,-171.6464,3.55231
"2704",270.3,24.5377793939394,-171.594108910891,3.55
"2705",270.4,24.5390192,-171.5262,3.55
"2706",270.5,24.5369684,-171.694058823529,3.55
"2707",270.6,24.5388436363636,-171.544066666667,3.55003333333333
"2708",270.7,24.5431133333333,-171.654142857143,3.55085714285714
"2709",270.8,24.5731242424242,-171.580557692308,3.55
"2710",270.9,24.5852035643564,-171.484691588785,3.54983177570093
"2711",271,24.5565435,-171.502033333333,3.54924444444444
"2712",271.1,24.5217708,-171.5373,3.55037
"2713",271.2,24.5095493069307,-171.530785714286,3.54842857142857
"2714",271.3,24.5073636363636,-171.415561403509,3.55
"2715",271.4,24.5285826732673,-171.401765306122,3.55
"2716",271.5,24.5413982828283,-171.439733333333,3.55
"2717",271.6,24.5279489,-171.425631067961,3.55
"2718",271.7,24.5238455,-171.3483125,3.550375
"2719",271.8,24.5328616161616,-171.32023364486,3.55179439252336
"2720",271.9,24.535542970297,-171.242163461538,3.55085576923077
"2721",272,24.5323483838384,-171.257444444444,3.55012222222222
"2722",272.1,24.5348556,-171.310636363636,3.551
"2723",272.2,24.5445902,-171.422692307692,3.55078846153846
"2724",272.3,24.5494309090909,-171.3171875,3.55
"2725",272.4,24.5409051960784,-171.204823529412,3.55
"2726",272.5,24.532895050505,-171.242363636364,3.55020202020202
"2727",272.6,24.5138278,-171.131606060606,3.551
"2728",272.7,24.4909924,-171.069831683168,3.55078217821782
"2729",272.8,24.491031,-171.099515151515,3.55042424242424
"2730",272.9,24.5179866,-171.152803921569,3.55156862745098
"2731",273,24.5381090909091,-171.086673469388,3.55040816326531
"2732",273.1,24.5510004901961,-171.115811881188,3.55156435643564
"2733",273.2,24.5611401010101,-171.1133125,3.55
"2734",273.3,24.558258,-170.896136363636,3.55
"2735",273.4,24.5588030693069,-171.105052631579,3.55
"2736",273.5,24.5495503,-171.088405405405,3.55
"2737",273.6,24.5497301,-171.037054054054,3.55
"2738",273.7,24.553228989899,-171.08364,3.54922
"2739",273.8,24.5342208910891,-171.072504672897,3.55
"2740",273.9,24.5234654545455,-171.123677419355,3.55
"2741",274,24.5322682,-171.03912,3.55044
"2742",274.1,24.5291972,-171.11664,3.55156
"2743",274.2,24.5195154545455,-171.080132075472,3.55
"2744",274.3,24.5150828712871,-170.924352380952,3.55
"2745",274.4,24.5062827272727,-171.032,3.55
"2746",274.5,24.527402,-170.99945,3.55
"2747",274.6,24.5381693069307,-170.91879,3.55063
"2748",274.7,24.5438298,-171.09553,3.55279
"2749",274.8,24.5369799009901,-171.126,3.5516
"2750",274.9,24.5370915151515,-170.971178947368,3.55016842105263
"2751",275,24.5550148514852,-171.031111111111,3.55061111111111
"2752",275.1,24.5579265,-170.890836956522,3.54914130434783
"2753",275.2,24.5421878,-170.6842,3.55
"2754",275.3,24.5245901,-170.753589473684,3.55
"2755",275.4,24.5183124242424,-170.73968,3.55
"2756",275.5,24.5135274257426,-170.828393939394,3.54978787878788
"2757",275.6,24.5064924242424,-170.832844827586,3.54956896551724
"2758",275.7,24.507822,-170.795642857143,3.55185714285714
"2759",275.8,24.4994952,-170.801247619048,3.55
"2760",275.9,24.5178536363636,-170.925652631579,3.55
"2761",276,24.5509434653465,-170.83204,3.55022
"2762",276.1,24.5361063636364,-170.727150943396,3.55079245283019
"2763",276.2,24.530493,-170.827475247525,3.55
"2764",276.3,24.5354978217822,-170.805,3.55
"2765",276.4,24.5372306,-170.69199009901,3.55
"2766",276.5,24.5502136,-170.749181818182,3.55
"2767",276.6,24.55963,-170.720117647059,3.55
"2768",276.7,24.560715,-170.650242424242,3.55040404040404
"2769",276.8,24.556880990099,-170.565727272727,3.55136363636364
"2770",276.9,24.568715,-170.510176470588,3.54921568627451
"2771",277,24.5811321782178,-170.625396396396,3.55
"2772",277.1,24.5789887878788,-170.692022727273,3.55
"2773",277.2,24.5725713861386,-170.655939393939,3.55
"2774",277.3,24.5524795,-170.734880597015,3.55
"2775",277.4,24.5649146,-170.520701492537,3.55
"2776",277.5,24.5921006930693,-170.6865,3.55058
"2777",277.6,24.5819009090909,-170.678272727273,3.549
"2778",277.7,24.5777568316832,-170.523,3.54943564356436
"2779",277.8,24.5896391836735,-170.594575757576,3.55057575757576
"2780",277.9,24.5883364,-170.5483,3.549
"2781",278,24.572159,-170.4886,3.54922
"2782",278.1,24.5966714,-170.477611650485,3.55
"2783",278.2,24.6249598,-170.368432989691,3.55
"2784",278.3,24.6167427272727,-170.42104950495,3.55
"2785",278.4,24.591028,-170.373363636364,3.54978787878788
"2786",278.5,24.571637,-170.44202970297,3.54943564356436
"2787",278.6,24.532014,-170.42,3.5511875
"2788",278.7,24.520295049505,-170.4196,3.5517
"2789",278.8,24.5359662,-170.349408163265,3.54938775510204
"2790",278.9,24.5161868,-170.55837,3.55079
"2791",279,24.5099516,-170.553644859813,3.55
"2792",279.1,24.5315144,-170.518559139785,3.55
"2793",279.2,24.5253116,-170.3912,3.55
"2794",279.3,24.5345006,-170.474947368421,3.55
"2795",279.4,24.531672,-170.587305882353,3.55
"2796",279.5,24.5094563636364,-170.433821052632,3.55017894736842
"2797",279.6,24.487936,-170.41144,3.55078
"2798",279.7,24.4933632673267,-170.31564,3.55
"2799",279.8,24.5123044,-170.25272,3.54978
"2800",279.9,24.5105874,-170.281148148148,3.5492037037037
"2801",280,24.5153509090909,-170.315625,3.55
"2802",280.1,24.5103265,-170.301375,3.55
"2803",280.2,24.5025995,-170.167923076923,3.55
"2804",280.3,24.516819,-170.150125,3.5501875
"2805",280.4,24.5244255,-170.149660194175,3.551
"2806",280.5,24.5017065,-170.119510416667,3.55040625
"2807",280.6,24.5008444444444,-170.071534653465,3.54822772277228
"2808",280.7,24.5313016,-170.031444444444,3.549
"2809",280.8,24.5540316,-169.969939393939,3.54946464646465
"2810",280.9,24.5487583168317,-169.975764705882,3.55076470588235
"2811",281,24.54536,-169.869888888889,3.55
"2812",281.1,24.552679,-169.94343,3.55
"2813",281.2,24.5367556435644,-169.921,3.55
"2814",281.3,24.5409490909091,-169.987237623762,3.55
"2815",281.4,24.5701642574257,-169.937243243243,3.55
"2816",281.5,24.5646208,-169.895720430108,3.55
"2817",281.6,24.5571956,-169.824468085106,3.55
"2818",281.7,24.5559306,-169.825150943396,3.55
"2819",281.8,24.5736054545454,-169.857189473684,3.55017894736842
"2820",281.9,24.577256,-169.7986,3.55078
"2821",282,24.5515235,-169.787,3.55
"2822",282.1,24.536894,-169.8562,3.55
"2823",282.2,24.56919,-170.061923664122,3.55
"2824",282.3,24.5779022222222,-170.038259541985,3.55
"2825",282.4,24.5414007920792,-169.988842105263,3.54931578947368
"2826",282.5,24.5465633333333,-169.863222222222,3.55081481481481
"2827",282.6,24.5803943564356,-169.792230769231,3.55
"2828",282.7,24.5936275,-169.737336,3.549832
"2829",282.8,24.5622423762377,-169.938936,3.549032
"2830",282.9,24.5253622,-169.875388349515,3.55
"2831",283,24.502252,-169.828982300885,3.55
"2832",283.1,24.4904732,-169.790294117647,3.55
"2833",283.2,24.4905154,-169.684,3.55
"2834",283.3,24.4745872727273,-169.7476,3.55
"2835",283.4,24.4733,-169.838555555556,3.55022222222222
"2836",283.5,24.4576933333333,-169.863283185841,3.55079646017699
"2837",283.6,24.4392451485148,-169.748444444444,3.55011111111111
"2838",283.7,24.460549,-169.783673469388,3.55079591836735
"2839",283.8,24.4660645,-169.851555555556,3.55
"2840",283.9,24.45326,-169.765570093458,3.55
"2841",284,24.4575966666667,-169.7775,3.55
"2842",284.1,24.4780996,-169.828505154639,3.55
"2843",284.2,24.4816956,-169.742669902913,3.55
"2844",284.3,24.4740204,-169.648298969072,3.54958762886598
"2845",284.4,24.4574072,-169.614447619048,3.54887619047619
"2846",284.5,24.4621147474748,-169.703484210526,3.55143157894737
"2847",284.6,24.4876102970297,-169.610303921569,3.549
"2848",284.7,24.5002561616162,-169.561558823529,3.54879411764706
"2849",284.8,24.4937494059406,-169.486364583333,3.54839583333333
"2850",284.9,24.4912548,-169.43266,3.55
"2851",285,24.5051124,-169.488433962264,3.55
"2852",285.1,24.5025902970297,-169.569382978723,3.55
"2853",285.2,24.4986811111111,-169.56335,3.55
"2854",285.3,24.5002610891089,-169.55496039604,3.55
"2855",285.4,24.4815135,-169.415666666667,3.55022222222222
"2856",285.5,24.4855205,-169.417725,3.55061666666667
"2857",285.6,24.4964045,-169.332694117647,3.54907058823529
"2858",285.7,24.4790288888889,-169.462515789474,3.55081052631579
"2859",285.8,24.4539792079208,-169.479475247525,3.55
"2860",285.9,24.4503888888889,-169.50422,3.55
"2861",286,24.4569152,-169.479555555556,3.55
"2862",286.1,24.4625316,-169.503342857143,3.55
"2863",286.2,24.462257979798,-169.423411764706,3.55
"2864",286.3,24.474534950495,-169.42085106383,3.55
"2865",286.4,24.4736190909091,-169.30668,3.55066
"2866",286.5,24.4849605940594,-169.30794,3.55234
"2867",286.6,24.4981376,-169.3455,3.55022
"2868",286.7,24.5020132,-169.38631372549,3.55078431372549
"2869",286.8,24.4826972277228,-169.334857142857,3.55
"2870",286.9,24.4580144444444,-169.379444444444,3.55
"2871",287,24.4595854455446,-169.35839,3.55
"2872",287.1,24.4768411111111,-169.353,3.55
"2873",287.2,24.5033452,-169.352555555556,3.55
"2874",287.3,24.4924864,-169.34249,3.55023
"2875",287.4,24.501688989899,-169.33355,3.551
"2876",287.5,24.5035973529412,-169.381262711864,3.551
"2877",287.6,24.4786844444444,-169.303815217391,3.55083695652174
"2878",287.7,24.4905392,-169.244428571429,3.54828571428571
"2879",287.8,24.4825304,-169.348439252336,3.55
"2880",287.9,24.4823462626263,-169.408081632653,3.55
"2881",288,24.5049541584158,-169.225,3.55
"2882",288.1,24.518386969697,-169.196290322581,3.55
"2883",288.2,24.5069958,-169.2874,3.5502
"2884",288.3,24.486976,-169.024733333333,3.55073333333333
"2885",288.4,24.4787263636364,-169.190326732673,3.549
"2886",288.5,24.4820672277228,-169.207327272727,3.54919090909091
"2887",288.6,24.4948339393939,-169.123739130435,3.55
"2888",288.7,24.4948047524752,-169.2223,3.55
"2889",288.8,24.5049552,-169.12972815534,3.55
"2890",288.9,24.5152583,-169.188357894737,3.55
"2891",289,24.525800990099,-169.194484848485,3.55
"2892",289.1,24.5144987878788,-169.17305982906,3.54981196581197
"2893",289.2,24.5271964705882,-169.159722891566,3.549
"2894",289.3,24.5554533333333,-169.015739495798,3.54936974789916
"2895",289.4,24.5493888,-169.01362195122,3.55096341463415
"2896",289.5,24.5449328,-168.895757575758,3.55021212121212
"2897",289.6,24.5514224,-168.9796,3.55078
"2898",289.7,24.5536004,-168.983673076923,3.55
"2899",289.8,24.5588251515152,-169.029164948454,3.55
"2900",289.9,24.5569254455446,-168.92632,3.55
"2901",290,24.5599847474748,-169.02798,3.54979
"2902",290.1,24.5594207,-169.106752293578,3.549
"2903",290.2,24.5623346,-168.982352941176,3.54923529411765
"2904",290.3,24.5544245454546,-168.993131313131,3.55079797979798
"2905",290.4,24.5390384313725,-168.947155555556,3.54936666666667
"2906",290.5,24.5431436363636,-169.02324,3.552
"2907",290.6,24.5438195,-168.87354,3.55158
"2908",290.7,24.5541852475248,-168.78849,3.55
"2909",290.8,24.5595716,-168.82358490566,3.55
"2910",290.9,24.5473112,-168.760721153846,3.55
"2911",291,24.5519382828283,-168.853180851064,3.55
"2912",291.1,24.5350728,-168.817683673469,3.54982653061224
"2913",291.2,24.5067422,-168.712082474227,3.54919587628866
"2914",291.3,24.4761631,-168.84364,3.55022
"2915",291.4,24.4649275247525,-168.816920353982,3.551
"2916",291.5,24.4666618181818,-168.812855670103,3.55090721649485
"2917",291.6,24.4869942,-168.657571428571,3.55
"2918",291.7,24.4892347,-168.670731182796,3.55
"2919",291.8,24.4821423,-168.634212121212,3.55
"2920",291.9,24.4931632,-168.605079207921,3.55
"2921",292,24.4806672727273,-168.57632038835,3.55
"2922",292.1,24.4710394059406,-168.553886597938,3.55
"2923",292.2,24.4864309090909,-168.685801886792,3.5503962264151
"2924",292.3,24.4634416,-168.580806451613,3.55167741935484
"2925",292.4,24.4699984,-168.52662962963,3.54959259259259
"2926",292.5,24.4667902,-168.699673913043,3.54830434782609
"2927",292.6,24.4625806930693,-168.658685714286,3.55
"2928",292.7,24.4792709,-168.646063157895,3.55
"2929",292.8,24.4655495,-168.73626,3.55
"2930",292.9,24.4661818,-168.609490196078,3.55
"2931",293,24.4734367,-168.739514018692,3.55
"2932",293.1,24.4779474257426,-168.642714285714,3.54971428571429
"2933",293.2,24.4830004,-168.661529411765,3.54843137254902
"2934",293.3,24.5083956,-168.54652173913,3.55
"2935",293.4,24.548602,-168.681819277108,3.54993975903614
"2936",293.5,24.5473886868687,-168.66382,3.54922
"2937",293.6,24.5553306,-168.627682242991,3.55
"2938",293.7,24.5821294,-168.690558823529,3.55
"2939",293.8,24.5768057,-168.646981132075,3.55
"2940",293.9,24.5814297,-168.558588888889,3.55
"2941",294,24.5835627272727,-168.533578947368,3.55
"2942",294.1,24.5724916,-168.55066,3.55022
"2943",294.2,24.5806252,-168.55604950495,3.55078217821782
"2944",294.3,24.5825248514851,-168.57267,3.54979
"2945",294.4,24.5853698,-168.53415,3.549
"2946",294.5,24.5745706060606,-168.34071,3.54921
"2947",294.6,24.5690562,-168.43627,3.55
"2948",294.7,24.58051,-168.368,3.55
"2949",294.8,24.6025544,-168.448965517241,3.55
"2950",294.9,24.5911704,-168.367,3.5498125
"2951",295,24.5762374,-168.477379310345,3.54910344827586
"2952",295.1,24.5649844,-168.427787610619,3.55
"2953",295.2,24.5506394,-168.461862068966,3.55
"2954",295.3,24.5637853465347,-168.470376237624,3.55
"2955",295.4,24.5439893,-168.414272,3.549832
"2956",295.5,24.5359179,-168.277472,3.549032
"2957",295.6,24.552093,-168.3648,3.55
"2958",295.7,24.5501545454545,-168.142534653465,3.55
"2959",295.8,24.5452077227723,-168.360193548387,3.55
"2960",295.9,24.544576969697,-168.5105,3.55
"2961",296,24.5527802,-168.416229357798,3.54979816513761
"2962",296.1,24.5323314,-168.413456521739,3.54885869565217
"2963",296.2,24.5327460606061,-168.30892,3.54842
"2964",296.3,24.5648393069307,-168.28129,3.55063
"2965",296.4,24.5879481818182,-168.30824,3.55237
"2966",296.5,24.5733226732673,-168.261448598131,3.55
"2967",296.6,24.5568956,-168.222725490196,3.55
"2968",296.7,24.5502624,-168.073615384615,3.55
"2969",296.8,24.55873,-168.239727272727,3.55
"2970",296.9,24.5520745454545,-168.189576923077,3.55021153846154
"2971",297,24.5474356435644,-168.271474226804,3.55081443298969
"2972",297.1,24.5429903,-168.05579,3.55
"2973",297.2,24.5395173,-167.93312,3.54979
"2974",297.3,24.5187509,-168.072652173913,3.5493652173913
"2975",297.4,24.5175987878788,-168.085505494506,3.55093406593407
"2976",297.5,24.5131774257426,-168.046161290323,3.55
"2977",297.6,24.5086378787879,-168.095857142857,3.55
"2978",297.7,24.522773,-168.054427083333,3.55
"2979",297.8,24.5332235820896,-167.950090909091,3.55
"2980",297.9,24.5198563157895,-168.04275,3.54978846153846
"2981",298,24.4995476237624,-167.976020618557,3.54937113402062
"2982",298.1,24.4797942424242,-168.129848484848,3.55078787878788
"2983",298.2,24.4852743564356,-167.945188679245,3.55020754716981
"2984",298.3,24.4951978787879,-167.928433962264,3.55054716981132
"2985",298.4,24.5070439393939,-167.964340909091,3.54822727272727
"2986",298.5,24.5217469306931,-167.98796,3.55
"2987",298.6,24.5127967676768,-167.959722772277,3.55
"2988",298.7,24.5027324,-168.075,3.55
"2989",298.8,24.5317576,-168.02047368421,3.55
"2990",298.9,24.5467882,-167.999939393939,3.55
"2991",299,24.540397029703,-167.964118811881,3.55021782178218
"2992",299.1,24.5478947474747,-167.96106,3.55121
"2993",299.2,24.5539015841584,-168.0025859375,3.551671875
"2994",299.3,24.5348394,-167.8768046875,3.550109375
"2995",299.4,24.5279704,-167.993157894737,3.55
"2996",299.5,24.516539,-167.834336842105,3.55
"2997",299.6,24.5021694949495,-167.878194444444,3.55
"2998",299.7,24.4982479207921,-168.018690721649,3.55
"2999",299.8,24.4713068686869,-167.789170212766,3.54982978723404
"3000",299.9,24.4756138,-167.759059405941,3.54921782178218
"3001",300,24.4995924,-167.794363636364,3.54978787878788
"3002",300.1,24.494865959596,-167.8334,3.54922
"3003",300.2,24.4784799009901,-167.8605,3.55022
"3004",300.3,24.4915865656566,-167.787396039604,3.55078217821782
"3005",300.4,24.4949101980198,-167.850393939394,3.55
"3006",300.5,24.4723585,-167.762267326733,3.55
"3007",300.6,24.4636982,-167.783026315789,3.55
"3008",300.7,24.4943977227723,-167.807484536082,3.55
"3009",300.8,24.4832485858586,-167.637393939394,3.55
"3010",300.9,24.4706774509804,-167.870153061224,3.55
"3011",301,24.4706193939394,-167.660884210526,3.54986315789474
"3012",301.1,24.4738762,-167.750882352941,3.54917647058824
"3013",301.2,24.4944212,-167.609,3.54969230769231
"3014",301.3,24.4886998989899,-167.595733333333,3.54826666666667
"3015",301.4,24.4763177227723,-167.705060869565,3.55
"3016",301.5,24.5158560606061,-167.615611764706,3.55
"3017",301.6,24.5298001,-167.513349514563,3.55
"3018",301.7,24.5142879,-167.538625,3.55
"3019",301.8,24.4926194,-167.626194444444,3.55
"3020",301.9,24.4832059405941,-167.695953488372,3.55008139534884
"3021",302,24.4853658585859,-167.57995,3.55058
"3022",302.1,24.5020652475247,-167.635817307692,3.54940384615385
"3023",302.2,24.5093158,-167.563541666667,3.55064583333333
"3024",302.3,24.4959535353535,-167.568470588235,3.54920588235294
"3025",302.4,24.4952638,-167.543,3.55
"3026",302.5,24.5027095959596,-167.630278846154,3.55
"3027",302.6,24.5017202970297,-167.651446601942,3.55
"3028",302.7,24.5132319191919,-167.595709677419,3.54984946236559
"3029",302.8,24.523886,-167.607305555556,3.549
"3030",302.9,24.509552970297,-167.58504040404,3.54913131313131
"3031",303,24.4973895959596,-167.521606060606,3.55014141414141
"3032",303.1,24.5006123529412,-167.413127659574,3.55084042553192
"3033",303.2,24.4946167676768,-167.4022,3.55
"3034",303.3,24.504376,-167.41653,3.55
"3035",303.4,24.5233921,-167.414982758621,3.55
"3036",303.5,24.5046457575757,-167.427107142857,3.55
"3037",303.6,24.476673960396,-167.327636363636,3.55
"3038",303.7,24.4854487878788,-167.31566,3.55
"3039",303.8,24.5134155445545,-167.352675213675,3.54962393162393
"3040",303.9,24.5449334343434,-167.34019047619,3.54805952380952
"3041",304,24.561968,-167.38445,3.54921
"3042",304.1,24.556336,-167.234121212121,3.55042424242424
"3043",304.2,24.560992,-167.380215686275,3.55156862745098
"3044",304.3,24.5649445544554,-167.212111111111,3.55
"3045",304.4,24.5481356565657,-167.190752212389,3.55
"3046",304.5,24.5583165346535,-167.244866666667,3.55
"3047",304.6,24.5620484,-167.19325,3.5498125
"3048",304.7,24.5385308,-167.202138613861,3.549
"3049",304.8,24.5424166336634,-167.103545454545,3.54984848484848
"3050",304.9,24.5570694949495,-167.257685714286,3.55237142857143
"3051",305,24.5720457425743,-167.237905263158,3.54964210526316
"3052",305.1,24.5667301010101,-167.341257425743,3.54843564356436
"3053",305.2,24.5675552,-167.318878787879,3.55
"3054",305.3,24.579829,-167.246366336634,3.55
"3055",305.4,24.5997951515152,-167.203333333333,3.55
"3056",305.5,24.6029473267327,-167.20364,3.55
"3057",305.6,24.589576969697,-167.18874,3.55
"3058",305.7,24.571854,-167.233376237624,3.55
"3059",305.8,24.565016,-167.194148514851,3.55
"3060",305.9,24.5722345454545,-167.150818181818,3.55
"3061",306,24.5871544117647,-167.171305343511,3.54983969465649
"3062",306.1,24.6050402020202,-167.234664122137,3.54907633587786
"3063",306.2,24.640396,-167.083181818182,3.54920202020202
"3064",306.3,24.630314,-167.153042372881,3.55
"3065",306.4,24.6318275757576,-167.148170731707,3.55
"3066",306.5,24.6063645544554,-167.25842,3.54979
"3067",306.6,24.5731715151515,-167.223946902655,3.54937168141593
"3068",306.7,24.5821507,-167.064712643678,3.551
"3069",306.8,24.5875791089109,-167.035158415842,3.55058415841584
"3070",306.9,24.60419,-167.01361682243,3.54918691588785
"3071",307,24.6120197029703,-167.171304347826,3.55
"3072",307.1,24.5989207070707,-167.030861386139,3.55
"3073",307.2,24.6003648514851,-167.149121212121,3.55
"3074",307.3,24.5990624242424,-167.172881188119,3.55
"3075",307.4,24.589326,-167.077991150442,3.54982300884956
"3076",307.5,24.571884,-167.06611627907,3.54908139534884
"3077",307.6,24.581672,-167.071079207921,3.55020792079208
"3078",307.7,24.60713,-166.989485436893,3.55119417475728
"3079",307.8,24.6090506060606,-166.970434343434,3.55165656565657
"3080",307.9,24.6100094,-167.039428571429,3.54944897959184
"3081",308,24.6008289,-166.94901010101,3.54760606060606
"3082",308.1,24.6262153,-167.07845,3.55
"3083",308.2,24.6457964356436,-166.970538461538,3.55
"3084",308.3,24.651204,-167.019854166667,3.55
"3085",308.4,24.637454,-166.980743589744,3.54982051282051
"3086",308.5,24.62876,-166.97813253012,3.54904819277108
"3087",308.6,24.6561,-167.05096460177,3.54981415929204
"3088",308.7,24.6391546534653,-167.077606741573,3.549
"3089",308.8,24.6283217,-166.882303030303,3.54919191919192
"3090",308.9,24.636426,-166.959,3.5498
"3091",309,24.6218948484848,-166.913605504587,3.54918348623853
"3092",309.1,24.612186,-166.948619565217,3.55
"3093",309.2,24.620726,-166.974070707071,3.55
"3094",309.3,24.648384,-166.9334,3.55
"3095",309.4,24.665432,-167.019695652174,3.55
"3096",309.5,24.6773854545455,-166.926705882353,3.55005882352941
"3097",309.6,24.6998175,-166.8878,3.5504
"3098",309.7,24.7105737,-166.806717171717,3.54840404040404
"3099",309.8,24.6904486,-166.81348,3.54979
"3100",309.9,24.6838671287129,-166.9263,3.54921
"3101",310,24.651844,-166.803213592233,3.55
"3102",310.1,24.6220806060606,-166.86014,3.55
"3103",310.2,24.613234,-166.877690721649,3.55
"3104",310.3,24.6245078,-166.699764705882,3.55
"3105",310.4,24.6352142,-166.739195121951,3.55
"3106",310.5,24.5929774,-166.815282828283,3.54979797979798
"3107",310.6,24.5852755,-166.62759,3.54921
"3108",310.7,24.5983482,-166.688128712871,3.55
"3109",310.8,24.6163471,-166.657896551724,3.55
"3110",310.9,24.6128304950495,-166.554247058824,3.54995294117647
"3111",311,24.610184,-166.716495145631,3.54918446601942
"3112",311.1,24.612952,-166.751484210526,3.55
"3113",311.2,24.6389854545455,-166.59104,3.55
"3114",311.3,24.6389968,-166.613118811881,3.55
"3115",311.4,24.6370523,-166.632213114754,3.55
"3116",311.5,24.6200791,-166.668278688525,3.55
"3117",311.6,24.6084788,-166.419476635514,3.549
"3118",311.7,24.615035,-166.462718446602,3.549
"3119",311.8,24.6207635353535,-166.567912087912,3.549
"3120",311.9,24.6084587128713,-166.527058823529,3.54919607843137
"3121",312,24.6052578787879,-166.394755102041,3.55
"3122",312.1,24.6249145544555,-166.409178217822,3.55
"3123",312.2,24.6423778,-166.447676190476,3.55
"3124",312.3,24.6439207,-166.552795698925,3.54984946236559
"3125",312.4,24.6470597029703,-166.4111,3.54919090909091
"3126",312.5,24.6411027272727,-166.514988888889,3.55
"3127",312.6,24.6495773267327,-166.539079207921,3.55
"3128",312.7,24.649846,-166.4608,3.5498
"3129",312.8,24.65255,-166.425615384615,3.54957692307692
"3130",312.9,24.642378,-166.37375257732,3.55167010309278
"3131",313,24.6437590909091,-166.34245,3.55
"3132",313.1,24.6658735,-166.391606060606,3.55
"3133",313.2,24.6485304,-166.41,3.55
"3134",313.3,24.62674,-166.396909090909,3.55
"3135",313.4,24.6041549,-166.38347,3.54979
"3136",313.5,24.5874276767677,-166.447831683168,3.54941584158416
"3137",313.6,24.575894,-166.362919191919,3.55079797979798
"3138",313.7,24.5850486,-166.344194690265,3.54981415929204
"3139",313.8,24.593633960396,-166.403454545455,3.54918181818182
"3140",313.9,24.6118198,-166.391131313131,3.55079797979798
"3141",314,24.6095784848485,-166.293060606061,3.55
"3142",314.1,24.5845626,-166.312544554455,3.55
"3143",314.2,24.5805258,-166.323280373832,3.55
"3144",314.3,24.5927384,-166.498428571429,3.54985714285714
"3145",314.4,24.597246,-166.359968421053,3.549
"3146",314.5,24.5992762,-166.335435643564,3.54920792079208
"3147",314.6,24.5934643564356,-166.278115044248,3.55
"3148",314.7,24.5853193939394,-166.196609195402,3.55
"3149",314.8,24.6216520792079,-166.3918,3.5502
"3150",314.9,24.6229174,-166.4258,3.5508
"3151",315,24.6151596,-166.28794949495,3.55
"3152",315.1,24.6408546,-166.26905,3.55
"3153",315.2,24.6178931313131,-166.269181818182,3.55
"3154",315.3,24.6097605940594,-166.238415730337,3.54975280898876
"3155",315.4,24.6285697979798,-166.14698019802,3.54821782178218
"3156",315.5,24.6367076,-166.202515151515,3.54921212121212
"3157",315.6,24.6447012,-166.260762376238,3.55
"3158",315.7,24.6355633333333,-166.31749,3.54958
"3159",315.8,24.63334,-166.341366972477,3.54838532110092
"3160",315.9,24.6417325252525,-166.21984,3.55
"3161",316,24.6582605940594,-166.26432967033,3.55
"3162",316.1,24.6660742,-166.26496969697,3.55
"3163",316.2,24.6495688,-166.342156862745,3.55
"3164",316.3,24.6402959405941,-166.134909090909,3.54981818181818
"3165",316.4,24.6495572727273,-166.242567010309,3.549
"3166",316.5,24.6626601960784,-166.203362745098,3.549
"3167",316.6,24.663073030303,-166.183921348315,3.54912359550562
"3168",316.7,24.6531777,-166.075114285714,3.55
"3169",316.8,24.6462495,-166.080628571429,3.55
"3170",316.9,24.655613030303,-166.134652173913,3.55
"3171",317,24.6873036633663,-166.050836734694,3.55
"3172",317.1,24.7043918181818,-166.037770642202,3.55
"3173",317.2,24.6970936,-166.106630434783,3.54985869565217
"3174",317.3,24.6697934,-166.097044247788,3.54918584070796
"3175",317.4,24.6668490909091,-166.186876190476,3.55
"3176",317.5,24.6448026732673,-166.055882352941,3.5500705882353
"3177",317.6,24.62517,-166.152907216495,3.55162886597938
"3178",317.7,24.6254552475248,-166.122757575758,3.55
"3179",317.8,24.6286404,-166.157475247525,3.55
"3180",317.9,24.6341797979798,-166.153247524752,3.55
"3181",318,24.6399473267327,-166.127696969697,3.55
"3182",318.1,24.6454634343434,-166.016891891892,3.55
"3183",318.2,24.6141559,-166.056827956989,3.54989247311828
"3184",318.3,24.621484,-166.053229166667,3.54882291666667
"3185",318.4,24.6409173,-165.946696969697,3.54842424242424
"3186",318.5,24.6423376237624,-165.888287128713,3.55
"3187",318.6,24.6504371717172,-165.940163793103,3.55018103448276
"3188",318.7,24.6551706930693,-165.961590361446,3.55093975903614
"3189",318.8,24.6496466,-166.00794,3.55
"3190",318.9,24.675130990099,-166.017137254902,3.55
"3191",319,24.6615632,-165.973595959596,3.55
"3192",319.1,24.63889,-165.993848484848,3.55
"3193",319.2,24.632809009901,-166.0656,3.5498
"3194",319.3,24.6489054545454,-166.027066666667,3.549
"3195",319.4,24.6621502970297,-165.999217821782,3.54856435643564
"3196",319.5,24.6588724242424,-165.912148760331,3.54769421487603
"3198",319.7,24.6221458,-165.826462365591,3.54830107526882
"3199",319.8,24.6007250505051,-165.830727272727,3.55
"3200",319.9,24.5979623762376,-165.78598019802,3.55
"3201",320,24.5942367676768,-165.829860655738,3.54982786885246
"3202",320.1,24.6000615,-165.833959016393,3.54900819672131
"3203",320.2,24.6148823762376,-165.73448,3.55
"3204",320.3,24.6123428282828,-165.78552,3.55
"3205",320.4,24.5823676237624,-165.707233009709,3.55
"3206",320.5,24.581746969697,-165.6765625,3.55
"3207",320.6,24.6123877,-165.705037037037,3.54938888888889
"3208",320.7,24.6217068,-165.734623655914,3.54745161290323
"3209",320.8,24.6005562,-165.63647,3.55
"3210",320.9,24.5921981188119,-165.68488,3.55
"3211",321,24.5885992929293,-165.553514018692,3.54980373831776
"3212",321.1,24.5900583168317,-165.576474226804,3.54914432989691
"3213",321.2,24.567678,-165.619679245283,3.55016037735849
"3214",321.3,24.5858974,-165.69204494382,3.551
"3215",321.4,24.612162,-165.62164,3.55078
"3216",321.5,24.6092195959596,-165.7205,3.54978
"3217",321.6,24.6032417821782,-165.613517241379,3.54918965517241
"3218",321.7,24.5961595959596,-165.567928571429,3.55
"3219",321.8,24.5916807920792,-165.50508,3.54978
"3220",321.9,24.597105,-165.53558,3.54922
"3221",322,24.6330186868687,-165.59136,3.55
"3222",322.1,24.6222931683168,-165.55378,3.54978
"3223",322.2,24.5999526262626,-165.6041,3.54878
"3224",322.3,24.5919654545455,-165.646346534653,3.548
"3225",322.4,24.6051198019802,-165.618545454545,3.54821212121212
"3226",322.5,24.6065209090909,-165.5339,3.54922
"3227",322.6,24.6109350980392,-165.587950495049,3.55
"3228",322.7,24.6194514141414,-165.662573913044,3.55
"3229",322.8,24.6252173267327,-165.686352941176,3.55
"3230",322.9,24.624419,-165.63888,3.55
"3231",323,24.6250113131313,-165.73832,3.55
"3232",323.1,24.6029692079208,-165.71604,3.54979
"3233",323.2,24.600932020202,-165.66852293578,3.54957798165138
"3234",323.3,24.5997068316832,-165.694230769231,3.55173626373626
"3235",323.4,24.5963372727273,-165.542118811881,3.55
"3236",323.5,24.6081845,-165.632181818182,3.55
"3237",323.6,24.6245848,-165.62563,3.54979
"3238",323.7,24.6196918,-165.609079207921,3.54920792079208
"3239",323.8,24.616941,-165.5448,3.55
"3240",323.9,24.6406464,-165.549982300885,3.54982300884956
"3241",324,24.6479183,-165.445306818182,3.54907954545455
"3242",324.1,24.6465922,-165.592161616162,3.55
"3243",324.2,24.6562858,-165.4238,3.5506
"3244",324.3,24.649874,-165.45196969697,3.55239393939394
"3245",324.4,24.6441543,-165.410475247525,3.54979207920792
"3246",324.5,24.639017,-165.3444,3.549
"3247",324.6,24.6443045454545,-165.487,3.5492
"3248",324.7,24.657282,-165.3356,3.55
"3249",324.8,24.6774071287129,-165.43901010101,3.55
"3250",324.9,24.679248,-165.511211009174,3.54980733944954
"3251",325,24.6753730693069,-165.464945054945,3.54926373626374
"3252",325.1,24.6734906,-165.48068,3.55058
"3253",325.2,24.6786291919192,-165.5416,3.5494
"3254",325.3,24.6835058,-165.430666666667,3.55083333333333
"3255",325.4,24.6683385,-165.371652173913,3.55
"3256",325.5,24.6468417,-165.41294047619,3.55
"3257",325.6,24.658371,-165.47395049505,3.55
"3258",325.7,24.6599227272727,-165.390414141414,3.54979797979798
"3259",325.8,24.6914004,-165.323490909091,3.549
"3260",325.9,24.7092152,-165.366472527473,3.549
"3261",326,24.7127028,-165.429961538461,3.54938461538462
"3262",326.1,24.7064124,-165.214495049505,3.55068316831683
"3263",326.2,24.6943252,-165.18065,3.549
"3264",326.3,24.6893717821782,-165.2576,3.5493
"3265",326.4,24.6655009090909,-165.179052631579,3.55068421052632
"3266",326.5,24.6808072277228,-165.2914,3.5492
"3267",326.6,24.6678497,-165.331035714286,3.55
"3268",326.7,24.6814561386139,-165.422533333333,3.55
"3269",326.8,24.693786,-165.491660377358,3.55
"3270",326.9,24.6856263636364,-165.415032258064,3.55
"3271",327,24.6942147,-165.51036036036,3.54982882882883
"3272",327.1,24.6874859,-165.536333333333,3.549
"3273",327.2,24.6796459,-165.419565217391,3.54886956521739
"3274",327.3,24.6903741,-165.3416,3.548
"3275",327.4,24.6855027272727,-165.3192,3.5482
"3276",327.5,24.6725452475248,-165.356323232323,3.54920202020202
"3277",327.6,24.6687181818182,-165.326189189189,3.55
"3278",327.7,24.6650584,-165.324640449438,3.55
"3279",327.8,24.64877,-165.3164,3.55
"3280",327.9,24.6195696,-165.345666666667,3.54983333333333
"3281",328,24.6127383168317,-165.271878787879,3.54940404040404
"3282",328.1,24.61897,-165.237805555556,3.55080555555556
"3283",328.2,24.6168116,-165.269670103093,3.55
"3284",328.3,24.6203704,-165.138842105263,3.55016842105263
"3285",328.4,24.6339092,-165.300792079208,3.55058415841584
"3286",328.5,24.620576,-165.267070707071,3.54920202020202
"3287",328.6,24.5925823232323,-165.220792079208,3.54979207920792
"3288",328.7,24.6073544554455,-165.509166666667,3.54916666666667
"3290",328.9,24.6223446534653,-165.442764705882,3.55
"3291",329,24.6280784,-165.392,3.54983620689655
"3292",329.1,24.6426809090909,-165.287662650602,3.549
"3293",329.2,24.6552371287129,-165.089876106195,3.54917699115044
"3294",329.3,24.6482481818182,-165.092471264368,3.55008045977011
"3295",329.4,24.6604892,-165.2094,3.5508
"3296",329.5,24.656274,-165.0904,3.55
"3297",329.6,24.6243390909091,-165.0364,3.5498
"3298",329.7,24.606482970297,-165.054282828283,3.54920202020202
"3299",329.8,24.626518989899,-164.94412,3.55
"3300",329.9,24.667997,-164.987693069307,3.54958415841584
"3301",330,24.683236,-164.944652173913,3.54834782608696
"3302",330.1,24.6748565,-164.988235294118,3.54988235294118
"3303",330.2,24.6880321782178,-165.0582,3.5484
"3304",330.3,24.709205959596,-164.910353535354,3.54959595959596
"3305",330.4,24.7107634313725,-165.06113,3.54821
"3306",330.5,24.7284663636364,-165.082831683168,3.54920792079208
"3307",330.6,24.7209226732673,-165.021757575758,3.55
"3308",330.7,24.7008588,-165.10962,3.54979
"3309",330.8,24.68068,-165.162128712871,3.54920792079208
"3310",330.9,24.685561980198,-164.9944,3.5502
"3311",331,24.6903827272727,-164.9916,3.5512
"3312",331.1,24.6905476237624,-164.956,3.5512
"3313",331.2,24.6865,-164.842280701754,3.54852631578947
"3314",331.3,24.6924882828283,-164.946762376238,3.551
"3315",331.4,24.6932926732673,-164.942235294118,3.55088235294118
"3316",331.5,24.6854997979798,-164.9248,3.5492
"3317",331.6,24.6655893069307,-164.927,3.5498
"3318",331.7,24.6698480808081,-165.002434343434,3.54920202020202
"3319",331.8,24.7077035,-164.912673267327,3.54979207920792
"3320",331.9,24.7174191089109,-164.842018348624,3.54918348623853
"3321",332,24.6797841414141,-164.936063157895,3.54988421052632
"3322",332.1,24.6421640594059,-164.892642201835,3.549
"3323",332.2,24.6423477777778,-164.809206896552,3.54891954022988
"3324",332.3,24.6285445,-164.7664,3.5484
"3325",332.4,24.6283045,-164.850350877193,3.55
"3326",332.5,24.6196456565657,-164.803023529412,3.55
"3327",332.6,24.6543170588235,-164.802358490566,3.54980188679245
"3328",332.7,24.6463372727273,-164.90545,3.54915
"3329",332.8,24.6216614851485,-164.902473684211,3.55
"3330",332.9,24.6407492,-164.8482,3.5504
"3331",333,24.6490903030303,-164.755605504587,3.5514495412844
"3332",333.1,24.6471872277228,-164.774725274725,3.54912087912088
"3333",333.2,24.6538607070707,-164.691,3.5496
"3334",333.3,24.654001,-164.675,3.54820202020202
"3335",333.4,24.659653,-164.770128,3.549168
"3336",333.5,24.6684888888889,-164.846928,3.549968
"3337",333.6,24.6657922772277,-164.888931034483,3.5491724137931
"3338",333.7,24.6382412121212,-164.852238095238,3.55
"3339",333.8,24.6271685148515,-164.7818,3.55
"3340",333.9,24.6297194949495,-164.718171717172,3.54959595959596
"3341",334,24.6305234,-164.713339622642,3.548
"3342",334.1,24.6692900990099,-164.747382352941,3.54814705882353
"3343",334.2,24.6692207070707,-164.772684782609,3.549
"3344",334.3,24.6728658823529,-164.6688,3.549
"3345",334.4,24.6733767676768,-164.79441,3.549
"3346",334.5,24.6737262376238,-164.730663636364,3.549
"3347",334.6,24.6421212,-164.716894736842,3.54911578947368
"3348",334.7,24.6194152,-164.70232631579,3.55
"3349",334.8,24.6100628,-164.88900990099,3.55
"3350",334.9,24.6250847474747,-164.718461538462,3.55
"3351",335,24.6318852475248,-164.744103092783,3.54983505154639
"3352",335.1,24.6468261616162,-164.701333333333,3.549
"3353",335.2,24.659126,-164.732464285714,3.54911904761905
"3354",335.3,24.6781635,-164.662673267327,3.55058415841584
"3355",335.4,24.6693465,-164.6792,3.549
"3356",335.5,24.6777045,-164.4898,3.5492
"3357",335.6,24.6901193939394,-164.5482,3.55
"3358",335.7,24.6685716,-164.559383838384,3.55
"3359",335.8,24.6761091089109,-164.561666666667,3.55016666666667
"3360",335.9,24.6904715,-164.602936507937,3.55096031746032
"3361",336,24.693447,-164.581461538462,3.54919230769231
"3362",336.1,24.686362020202,-164.657070707071,3.54983838383838
"3363",336.2,24.7200665346535,-164.751395833333,3.54917708333333
"3364",336.3,24.7026417171717,-164.7188,3.5498
"3365",336.4,24.664214,-164.684273684211,3.549
"3366",336.5,24.6552218811881,-164.72471,3.549
"3367",336.6,24.6341993939394,-164.665777777778,3.54919444444444
"3368",336.7,24.6379578217822,-164.574793478261,3.54985869565217
"3369",336.8,24.668172,-164.551842105263,3.549
"3370",336.9,24.6653175,-164.651090225564,3.549
"3371",337,24.6769435,-164.639,3.5488
"3372",337.1,24.6920534343434,-164.594304347826,3.54852173913043
"3373",337.2,24.6750286138614,-164.571470588235,3.55088235294118
"3374",337.3,24.6516415151515,-164.555166666667,3.54916666666667
"3376",337.5,24.6242664,-164.534632653061,3.549
"3377",337.6,24.6112822,-164.562521276596,3.549
"3378",337.7,24.604599,-164.493891089109,3.54920792079208
"3379",337.8,24.6059066666667,-164.5352,3.5502
"3380",337.9,24.6212854455446,-164.509660377359,3.55062264150943
"3381",338,24.6409414,-164.528343434343,3.54914141414141
"3382",338.1,24.6467938,-164.514368421053,3.54952631578947
"3383",338.2,24.6527816831683,-164.607220183486,3.54736697247706
"3384",338.3,24.6175505050505,-164.542681318681,3.549
"3385",338.4,24.6154517647059,-164.5566,3.549
"3386",338.5,24.6235163636364,-164.467,3.549
"3387",338.6,24.629134,-164.56219047619,3.54904761904762
"3388",338.7,24.6290175,-164.5596,3.5502
"3389",338.8,24.6333083168317,-164.582484848485,3.551
"3390",338.9,24.6459064,-164.464243243243,3.55062162162162
"3391",339,24.6532509090909,-164.483777777778,3.54922222222222
"3392",339.1,24.614771,-164.431272727273,3.55081818181818
"3393",339.2,24.624561,-164.458510638298,3.54989361702128
"3394",339.3,24.6315571717172,-164.503166666667,3.549
"3395",339.4,24.6283606,-164.5692,3.549
"3396",339.5,24.6327566666667,-164.514615384615,3.54917094017094
"3397",339.6,24.6375247524752,-164.438912087912,3.54996703296703
"3398",339.7,24.6582926,-164.398428571429,3.54912244897959
"3399",339.8,24.6662694,-164.3488125,3.5495625
"3400",339.9,24.681879,-164.422909090909,3.54754545454545
"3401",340,24.6659374,-164.450859813084,3.55
"3402",340.1,24.6709948,-164.483764705882,3.54988235294118
"3403",340.2,24.6873266666667,-164.504666666667,3.549
"3404",340.3,24.6596041,-164.354484848485,3.549
"3405",340.4,24.6441766336634,-164.42941,3.54921
"3406",340.5,24.6569444,-164.31131,3.55
"3407",340.6,24.6799023762376,-164.37485,3.54979
"3408",340.7,24.6774086868687,-164.28316,3.54879
"3409",340.8,24.66067,-164.277073770492,3.54817213114754
"3410",340.9,24.6622342,-164.263139344262,3.54899180327869
"3411",341,24.674543,-164.29,3.549
"3412",341.1,24.6639122,-164.257536585366,3.54901219512195
"3413",341.2,24.6473833333333,-164.304070707071,3.54980808080808
"3414",341.3,24.6430603,-164.309280701754,3.549
"3415",341.4,24.6269832,-164.273461538462,3.54906593406593
"3416",341.5,24.6412337,-164.2646875,3.54984375
"3417",341.6,24.6353296,-164.198888888889,3.549
"3418",341.7,24.630055,-164.258148148148,3.549
"3419",341.8,24.6457038,-164.203896907216,3.549
"3420",341.9,24.653484,-164.1761875,3.549
"3421",342,24.6634342,-164.12752,3.549
"3422",342.1,24.6632244554455,-164.174888888889,3.549
"3423",342.2,24.6720094,-164.0336,3.549
"3424",342.3,24.6880104,-164.1106,3.549
"3425",342.4,24.6785486,-164.025928571429,3.549
"3426",342.5,24.67175,-164.238,3.54890909090909
"3427",342.6,24.6434975,-164.09,3.5486
"3428",342.7,24.6687391,-164.0276,3.5504
"3429",342.8,24.6756420792079,-164.0744,3.5482
"3430",342.9,24.6768538,-164.133137614679,3.54881651376147
"3431",343,24.6700333333333,-164.240217391304,3.54811956521739
"3432",343.1,24.6612362,-164.18125,3.549
"3433",343.2,24.6794189,-164.07015625,3.549
"3434",343.3,24.6999233,-164.049752293578,3.549
"3435",343.4,24.7167173,-164.077918367347,3.549
"3436",343.5,24.7108861,-164.078903225806,3.54925806451613
"3437",343.6,24.7163085,-164.022739130435,3.55066956521739
"3438",343.7,24.7526704,-163.978362637363,3.549
"3439",343.8,24.7633675,-163.914150537634,3.549
"3440",343.9,24.783317,-163.877490196078,3.54919607843137
"3441",344,24.7664015,-163.916857142857,3.54985714285714
"3442",344.1,24.7701569,-164.010507936508,3.54906349206349
"3443",344.2,24.7660909090909,-163.826555555556,3.549
"3444",344.3,24.7511596039604,-163.912238938053,3.549
"3445",344.4,24.7663805,-163.743215909091,3.549
"3446",344.5,24.7722055445545,-163.87357,3.54919
"3447",344.6,24.7563408,-163.85035,3.54981
"3448",344.7,24.7468733333333,-163.752515151515,3.54919191919192
"3449",344.8,24.7492073,-163.8006,3.5502
"3450",344.9,24.7485884,-163.793821428571,3.55082142857143
"3451",345,24.7455171,-163.772596491228,3.5499298245614
"3452",345.1,24.734654,-163.805052631579,3.54905263157895
"3453",345.2,24.7212765656566,-163.623985074627,3.549
"3454",345.3,24.7099823762376,-163.834432835821,3.549
"3455",345.4,24.7168313131313,-163.923325581395,3.549
"3456",345.5,24.7171152,-163.803647058824,3.54802941176471
"3457",345.6,24.7122068,-163.858496183206,3.54874045801527
"3458",345.7,24.6884356,-163.789453608247,3.55
"3459",345.8,24.6874911881188,-163.6586,3.5498
"3460",345.9,24.7072213131313,-163.71796,3.54916
"3461",346,24.7328036633663,-163.66276,3.54996
"3462",346.1,24.7279749,-163.661072164948,3.549
"3463",346.2,24.6967517,-163.736950495049,3.549
"3464",346.3,24.7046157,-163.780222222222,3.549
"3465",346.4,24.7302360606061,-163.85120754717,3.54918867924528
"3466",346.5,24.7274351485148,-163.720212765957,3.55014893617021
"3467",346.6,24.7011797979798,-163.6322,3.5506
"3468",346.7,24.6956720792079,-163.6554,3.5488
"3469",346.8,24.7326528,-163.722504950495,3.54839603960396
"3470",346.9,24.7312233333333,-163.759080808081,3.54980808080808
"3471",347,24.7442377227723,-163.7306,3.549
"3472",347.1,24.7598986868687,-163.6398,3.549
"3473",347.2,24.7564348,-163.618748031496,3.549
"3474",347.3,24.7374248,-163.697488188976,3.549
"3475",347.4,24.7425572,-163.669544554455,3.54910891089109
"3476",347.5,24.750886039604,-163.673897959184,3.54989795918367
"3477",347.6,24.7338793939394,-163.66521978022,3.549
"3478",347.7,24.7579071287129,-163.6296,3.549
"3479",347.8,24.7598082828283,-163.693515789474,3.549
"3480",347.9,24.7205408,-163.678336633663,3.549
"3481",348,24.7102796,-163.613730769231,3.549
"3482",348.1,24.7165782828283,-163.712578947368,3.549
"3483",348.2,24.7199226470588,-163.72880733945,3.549
"3484",348.3,24.7052193939394,-163.643125,3.548875
"3485",348.4,24.6974831683168,-163.674504950495,3.54831683168317
"3486",348.5,24.720157,-163.711224489796,3.54984693877551
"3487",348.6,24.7191266666667,-163.61987,3.549
"3488",348.7,24.7105265346535,-163.532606060606,3.54934343434343
"3489",348.8,24.7396883838384,-163.50976,3.55046
"3490",348.9,24.7274716,-163.672917431193,3.54816513761468
"3491",349,24.6993796,-163.538612903226,3.549
"3492",349.1,24.7183558585859,-163.577680412371,3.549
"3493",349.2,24.7225487128713,-163.61134,3.549
"3494",349.3,24.7291606060606,-163.46213,3.549
"3495",349.4,24.744696039604,-163.568762376238,3.54881188118812
"3496",349.5,24.7218737373737,-163.561705882353,3.54870588235294
"3497",349.6,24.7095771,-163.455174757282,3.55168932038835
"3498",349.7,24.7343472277228,-163.465755319149,3.55013829787234
"3499",349.8,24.7630041414141,-163.434108910891,3.55062376237624
"3500",349.9,24.7955138235294,-163.34,3.549
"3501",350,24.8228385858586,-163.394831325301,3.549
"3502",350.1,24.8321368,-163.623471698113,3.549
"3503",350.2,24.795382,-163.597237623762,3.549
"3504",350.3,24.7850684,-163.634872340426,3.54912765957447
"3505",350.4,24.7792272,-163.520321428571,3.55
"3506",350.5,24.7952193939394,-163.552820224719,3.55
"3507",350.6,24.8088002970297,-163.33437755102,3.55017346938775
"3508",350.7,24.8045476,-163.3828,3.55024
"3509",350.8,24.7892816,-163.48434939759,3.54722891566265
"3510",350.9,24.8036216,-163.537509433962,3.549
"3511",351,24.8123307070707,-163.496,3.549
"3512",351.1,24.7932406930693,-163.403909090909,3.549
"3513",351.2,24.7861091919192,-163.414449541284,3.549
"3514",351.3,24.8017654,-163.436086956522,3.54910869565217
"3515",351.4,24.8373233663366,-163.374090909091,3.54927272727273
"3516",351.5,24.8322781818182,-163.406475728155,3.54655339805825
"3517",351.6,24.8227322772277,-163.325767676768,3.54916161616162
"3518",351.7,24.8198371717172,-163.32994949495,3.55017171717172
"3519",351.8,24.821451,-163.415048780488,3.55070731707317
"3520",351.9,24.7739115,-163.326430894309,3.54908130081301
"3521",352,24.7352827272727,-163.201793814433,3.549
"3522",352.1,24.7221560784314,-163.284103092783,3.549
"3523",352.2,24.7277292929293,-163.332918699187,3.549
"3524",352.3,24.727999009901,-163.427227642276,3.549
"3525",352.4,24.7108284,-163.279465346535,3.55016831683168
"3526",352.5,24.7232912,-163.308626262626,3.54740404040404
"3527",352.6,24.7182452,-163.196127272727,3.549
"3528",352.7,24.7177611111111,-163.350380434783,3.549
"3529",352.8,24.7377606930693,-163.418858490566,3.549
"3530",352.9,24.7382986868687,-163.528281553398,3.549
"3531",353,24.7506658,-163.375444444444,3.549
"3532",353.1,24.7211079,-163.4078,3.5492
"3533",353.2,24.7201087878788,-163.361,3.5498
"3534",353.3,24.7233161386139,-163.18601010101,3.549
"3535",353.4,24.7093957575758,-163.065743589744,3.549
"3536",353.5,24.7258031683168,-163.220175824176,3.54895604395604
"3537",353.6,24.7299507,-163.233431372549,3.54812745098039
"3538",353.7,24.7307092,-163.296307692308,3.549
"3539",353.8,24.7527506930693,-163.275717171717,3.549
"3540",353.9,24.7462341414141,-163.285,3.549
"3541",354,24.7357742574257,-163.415707070707,3.549
"3542",354.1,24.7120036363636,-163.29517,3.549
"3543",354.2,24.7022095,-163.291945945946,3.54918918918919
"3544",354.3,24.6921887,-163.340838709677,3.54978494623656
"3545",354.4,24.6899284,-163.229273584906,3.54816037735849
"3546",354.5,24.674246039604,-163.292758241758,3.549
"3547",354.6,24.7255813131313,-163.217,3.549
"3548",354.7,24.7068696,-163.274009708738,3.549
"3549",354.8,24.6953846534653,-163.374854368932,3.549
"3550",354.9,24.6979992,-163.218,3.549
"3551",355,24.7143348,-163.350166666667,3.549
"3552",355.1,24.7080492,-163.248962962963,3.549
"3553",355.2,24.712564,-163.324608695652,3.549
"3554",355.3,24.7111218181818,-163.3096,3.5492
"3555",355.4,24.7045586,-163.3176,3.5498
"3556",355.5,24.721896,-163.2148,3.5488
"3557",355.6,24.7244422,-163.145232323232,3.54860606060606
"3558",355.7,24.7084185,-163.086619469027,3.55062831858407
"3559",355.8,24.7341251515151,-163.110988505747,3.549
"3560",355.9,24.704482,-163.029747572816,3.549
"3561",356,24.7005353465347,-163.075216494845,3.549
"3562",356.1,24.7101557,-163.17035,3.549
"3563",356.2,24.7575577227723,-163.264940594059,3.54879207920792
"3564",356.3,24.7879017171717,-163.208245283019,3.54875471698113
"3565",356.4,24.7759965346535,-163.182172043011,3.55154838709677
"3566",356.5,24.7716572,-163.28319,3.549
"3567",356.6,24.7564976,-163.211495412844,3.549
"3568",356.7,24.7812248,-163.108173913043,3.549
"3569",356.8,24.8062232,-163.114585858586,3.549
"3570",356.9,24.807312,-163.225,3.549
"3571",357,24.8194036363636,-163.074090909091,3.54920202020202
"3572",357.1,24.8165865,-163.155326732673,3.54979207920792
"3573",357.2,24.8293529,-163.309,3.5488
"3574",357.3,24.8420536,-163.199181818182,3.54818181818182
"3575",357.4,24.8314156,-163.050888888889,3.54911111111111
"3576",357.5,24.8176788,-163.071494949495,3.54919191919192
"3577",357.6,24.824476969697,-163.018058823529,3.54661764705882
"3578",357.7,24.8183552475248,-162.978396039604,3.549
"3579",357.8,24.763211,-163.010373831776,3.549
"3580",357.9,24.7780032,-163.029703296703,3.549
"3581",358,24.8074225,-163.051727272727,3.549
"3582",358.1,24.7872572727273,-163.212666666667,3.549
"3583",358.2,24.775568,-163.105230769231,3.549
"3584",358.3,24.776581,-163.088309278351,3.54916494845361
"3585",358.4,24.7609168316832,-163.023797979798,3.54980808080808
"3586",358.5,24.7679295,-163.024900900901,3.54954054054054
"3587",358.6,24.7533792,-162.9397,3.5517
"3588",358.7,24.752329,-162.962292929293,3.549
"3589",358.8,24.7642301980198,-163.01002970297,3.549
"3590",358.9,24.7443052,-163.084181818182,3.549
"3591",359,24.7444312,-163.085603960396,3.54939603960396
"3592",359.1,24.7575056,-162.975,3.55083333333333
"3593",359.2,24.7592024242424,-162.83523255814,3.54994186046512
"3594",359.3,24.7574736363636,-162.853585858586,3.549
"3595",359.4,24.729159,-162.933811881188,3.54880198019802
"3596",359.5,24.736822,-163.006737373737,3.54838383838384
"3597",359.6,24.744827,-162.97795049505,3.54980198019802
"3598",359.7,24.756998,-162.906833333333,3.549
"3599",359.8,24.7497960606061,-162.858472527473,3.549
"3600",359.9,24.7193482178218,-162.906764705882,3.549
"3601",360,24.701908,-162.955,3.549
"3602",360.1,24.7198991089109,-162.9862,3.5496
"3603",360.2,24.7359327,-162.831396039604,3.55160396039604
"3604",360.3,24.7085786,-162.976564356436,3.54981188118812
"3605",360.4,24.6968796,-162.904884297521,3.54914876033058
"3606",360.5,24.7104077,-162.948685950413,3.54997520661157
"3607",360.6,24.7232177,-162.996809090909,3.54982727272727
"3608",360.7,24.6881457,-162.8711,3.549
"3609",360.8,24.6788712,-163.002009174312,3.549
"3610",360.9,24.6875567,-163.013604166667,3.54910416666667
"3611",361,24.6978333333333,-162.948957446808,3.54970212765957
"3612",361.1,24.7000801980198,-162.946937007874,3.54831496062992
"3613",361.2,24.7078478787879,-162.966622047244,3.54988976377953
"3614",361.3,24.699147,-162.956089108911,3.54819801980198
"3615",361.4,24.707415,-162.921727272727,3.54934545454545
"3616",361.5,24.72092,-162.919258064516,3.5508064516129
"3617",361.6,24.6975058823529,-162.812666666667,3.549
"3618",361.7,24.7220418181818,-162.787857142857,3.549
"3619",361.8,24.72376,-162.821375,3.549
"3620",361.9,24.71944,-162.819858585859,3.54919191919192
"3621",362,24.7269973737374,-162.7834,3.5496
"3622",362.1,24.7302166336634,-163.0276,3.5482
"3623",362.2,24.7138416161616,-162.8772,3.549
"3624",362.3,24.711003960396,-162.836730769231,3.549
"3625",362.4,24.688704,-162.934484536082,3.549
"3626",362.5,24.738711,-162.862343434343,3.549
"3627",362.6,24.7851410891089,-162.8666,3.549
"3628",362.7,24.7799093939394,-162.8524,3.549
"3629",362.8,24.796903,-162.781564356436,3.549
"3630",362.9,24.796843,-162.650215517241,3.549
"3631",363,24.803288,-162.731,3.54910714285714
"3632",363.1,24.774374,-162.674849056604,3.55164150943396
"3633",363.2,24.7705029292929,-162.684765306122,3.54973469387755
"3634",363.3,24.7631877227723,-162.793681818182,3.54813636363636
"3635",363.4,24.7659882828283,-162.670483870968,3.549
"3636",363.5,24.7525334,-162.77625,3.549
"3637",363.6,24.7757417,-162.814692307692,3.549
"3638",363.7,24.7670944444444,-162.681741935484,3.549
"3639",363.8,24.7664735294118,-162.775673267327,3.549
"3640",363.9,24.7462813131313,-162.842673469388,3.549
"3641",364,24.7642618811881,-162.818173553719,3.549
"3642",364.1,24.751996,-162.614041322314,3.549
"3643",364.2,24.7570592929293,-162.715078431373,3.5488137254902
"3644",364.3,24.7633818811881,-162.674676767677,3.54834343434343
"3645",364.4,24.7786356565657,-162.720346938776,3.54981632653061
"3646",364.5,24.7497693069307,-162.637950495049,3.549
"3647",364.6,24.7505757575758,-162.53099009901,3.549
"3648",364.7,24.7259578,-162.652666666667,3.549
"3649",364.8,24.7060164356436,-162.527222222222,3.549
"3650",364.9,24.7267175757576,-162.709745098039,3.54919607843137
"3651",365,24.7366021782178,-162.735918367347,3.55018367346939
"3652",365.1,24.7563614141414,-162.611287128713,3.55040594059406
"3653",365.2,24.7669256,-162.56194,3.54781
"3654",365.3,24.7590392,-162.501830357143,3.54733928571429
"3655",365.4,24.7622999,-162.505586206897,3.549
"3656",365.5,24.7590925742574,-162.576613861386,3.549
"3657",365.6,24.7516994949495,-162.614575757576,3.549
"3658",365.7,24.7419794,-162.464378640777,3.549
"3659",365.8,24.7404701,-162.507009174312,3.54915596330275
"3660",365.9,24.7309941,-162.56795505618,3.55
"3661",366,24.7556192,-162.528486956522,3.5498347826087
"3662",366.1,24.7772167676768,-162.532235294118,3.549
"3663",366.2,24.7571332673267,-162.45923,3.54862
"3664",366.3,24.7475013,-162.466858585859,3.54738383838384
"3665",366.4,24.7632791,-162.482386138614,3.549
"3666",366.5,24.7748798019802,-162.6367,3.549
"3667",366.6,24.7819105050505,-162.549321100917,3.549
"3668",366.7,24.7614671287129,-162.408565217391,3.549
"3669",366.8,24.7689284848485,-162.471636363636,3.54881818181818
"3670",366.9,24.7751761,-162.571076190476,3.54818095238095
"3671",367,24.7890174,-162.489133333333,3.549
"3672",367.1,24.7800836363636,-162.432818181818,3.549
"3673",367.2,24.7486095049505,-162.494555555556,3.549
"3674",367.3,24.7600074747475,-162.36812,3.549
"3675",367.4,24.7528912,-162.39372,3.549
"3676",367.5,24.7702692,-162.357833333333,3.549
"3677",367.6,24.7722945454545,-162.37620212766,3.549
"3678",367.7,24.7627594117647,-162.28059,3.549
"3679",367.8,24.7772134343434,-162.34427173913,3.54888043478261
"3680",367.9,24.7636446534653,-162.36157,3.54838
"3681",368,24.7254667,-162.350926605505,3.55
"3682",368.1,24.7342928,-162.301065217391,3.54989130434783
"3683",368.2,24.7586833,-162.404,3.549
"3684",368.3,24.7557063636364,-162.39654,3.549
"3685",368.4,24.7629896039604,-162.27474789916,3.549
"3687",368.6,24.7542082178218,-162.300956521739,3.54915652173913
"3688",368.7,24.7637847,-162.360403846154,3.54997115384615
"3689",368.8,24.7605643,-162.373865384615,3.54900961538462
"3690",368.9,24.7601598,-162.235756756757,3.549
"3691",369,24.7365266666667,-162.216444444444,3.54701851851852
"3692",369.1,24.7284524752475,-162.160888888889,3.54887037037037
"3693",369.2,24.7377447474748,-162.199514851485,3.549
"3694",369.3,24.74817,-162.28954,3.549
"3695",369.4,24.7659772277228,-162.19012,3.549
"3696",369.5,24.756998,-162.227,3.549
"3697",369.6,24.767464,-162.219142857143,3.549
"3698",369.7,24.7591463636364,-162.276042105263,3.549
"3699",369.8,24.726046,-162.366480392157,3.5491862745098
"3700",369.9,24.7331732,-162.261355140187,3.54968224299065
"3701",370,24.73591,-162.291630434783,3.54810869565217
"3702",370.1,24.7539182178218,-162.288770642202,3.549
"3703",370.2,24.7499292929293,-162.39103125,3.549
"3704",370.3,24.732942970297,-162.168178947368,3.549
"3705",370.4,24.7523359,-162.182090909091,3.549
"3706",370.5,24.7485202,-162.267825688073,3.549
"3707",370.6,24.7380507,-162.265888888889,3.549
"3708",370.7,24.7628299,-162.214425742574,3.54880198019802
"3709",370.8,24.7559035,-162.084606060606,3.54838383838384
"3710",370.9,24.7358945454545,-162.253019607843,3.54980392156863
"3711",371,24.7227008,-162.212727272727,3.549
"3712",371.1,24.7354536,-162.244171717172,3.549
"3713",371.2,24.7334852,-162.261035087719,3.549
"3714",371.3,24.741398,-162.135125,3.549
"3715",371.4,24.7357754545455,-162.082555555556,3.549
"3716",371.5,24.7278525,-162.123630434783,3.549
"3717",371.6,24.72922,-162.06808,3.549
"3718",371.7,24.7176032,-162.08811,3.549
"3719",371.8,24.7179537623762,-162.044,3.549
"3720",371.9,24.7233531313131,-161.99437037037,3.549
"3721",372,24.7152368,-162.128893617021,3.54912765957447
"3722",372.1,24.704524,-162.159979591837,3.55
"3723",372.2,24.68252,-162.255901960784,3.54980392156863
"3724",372.3,24.7033836,-162.163090909091,3.549
"3725",372.4,24.7143668,-162.01697,3.549
"3726",372.5,24.7266908,-162.01664,3.549
"3727",372.6,24.7170684,-162.15231,3.54919
"3728",372.7,24.732016,-162.166474747475,3.54980808080808
"3729",372.8,24.7444570588235,-162.054675675676,3.549
"3730",372.9,24.717169,-162.047857142857,3.549
"3731",373,24.722628,-162.153224489796,3.54911224489796
"3732",373.1,24.7589775757576,-162.001606382979,3.54986170212766
"3733",373.2,24.7590427,-162.12544,3.549
"3734",373.3,24.7775280808081,-162.08871,3.549
"3735",373.4,24.7809672,-161.984484848485,3.549
"3736",373.5,24.7553012,-161.911643564357,3.549
"3737",373.6,24.7614756,-162.112944954128,3.549
"3738",373.7,24.7716236363636,-162.000538461538,3.549
"3739",373.8,24.7914646,-162.02801,3.549
"3740",373.9,24.7861531,-162.041396039604,3.549
"3741",374,24.7697425742574,-161.852090909091,3.549
"3742",374.1,24.7807624,-161.980666666667,3.549
"3743",374.2,24.773654,-161.964689655172,3.549
"3744",374.3,24.7681484,-161.873795918367,3.549
"3745",374.4,24.807744,-161.80697029703,3.549
"3746",374.5,24.801096,-161.93895,3.549
"3747",374.6,24.7879784,-162.064121212121,3.54938383838384
"3748",374.7,24.789028,-161.899722772277,3.55080198019802
"3749",374.8,24.7815736,-161.92071559633,3.54982568807339
"3750",374.9,24.7811227272727,-161.875736263736,3.54878021978022
"3751",375,24.7456051,-161.9098,3.54738
"3752",375.1,24.7449545,-161.90662,3.549
"3753",375.2,24.7621884,-161.856097087379,3.549
"3754",375.3,24.7735233,-161.975072164948,3.549
"3755",375.4,24.7586964646465,-161.8628,3.549
"3756",375.5,24.7588383168317,-161.8657,3.54881
"3757",375.6,24.7586799,-161.80786,3.548
"3758",375.7,24.7432711881188,-161.781178217822,3.54781188118812
"3759",375.8,24.7435204,-161.687152542373,3.547
"3761",376,24.7593682,-161.63514,3.54818
"3762",376.1,24.7421409,-161.579266055046,3.549
"3763",376.2,24.7511297,-161.621340659341,3.549
"3764",376.3,24.7582159,-161.64588,3.549
"3765",376.4,24.7693313,-161.57236,3.549
"3766",376.5,24.7557785148515,-161.712727272727,3.54918181818182
"3767",376.6,24.7656881818182,-161.61363,3.55
"3768",376.7,24.7731602,-161.700455445545,3.55018811881188
"3769",376.8,24.7657951485149,-161.777105263158,3.55052631578947
"3770",376.9,24.7484188,-161.616534883721,3.54804651162791
"3771",377,24.7679148,-161.503454545455,3.549
"3772",377.1,24.7664918181818,-161.573291262136,3.549
"3773",377.2,24.7712317647059,-161.520731958763,3.549
"3774",377.3,24.752067244898,-161.647545454545,3.549
"3775",377.4,24.7426051,-161.629363636364,3.549
"3776",377.5,24.757703,-161.719080808081,3.549
"3777",377.6,24.7718429292929,-161.577183673469,3.54812244897959
"3778",377.7,24.7489426732673,-161.532741573034,3.54991011235955
"3779",377.8,24.7432284848485,-161.514519230769,3.54881730769231
"3780",377.9,24.7420396039604,-161.503608247423,3.54830927835052
"3781",378,24.7569756,-161.567306930693,3.54982178217822
"3782",378.1,24.7536785,-161.523116504854,3.549
"3783",378.2,24.78825,-161.582541666667,3.549
"3784",378.3,24.8450645454545,-161.74642,3.549
"3785",378.4,24.8222127,-161.598727272727,3.54918181818182
"3786",378.5,24.8432393,-161.61283,3.54981
"3787",378.6,24.8347093,-161.673378378378,3.54934234234234
"3788",378.7,24.8150984,-161.727977777778,3.55073333333333
"3789",378.8,24.819124949495,-161.588833333333,3.54816666666667
"3790",378.9,24.8035678,-161.66513592233,3.549
"3791",379,24.824033,-161.678291666667,3.549
"3792",379.1,24.8145512,-161.605795918367,3.549
"3793",379.2,24.7965088,-161.719589473684,3.549
"3794",379.3,24.8205926262626,-161.74482,3.549
"3795",379.4,24.8363520588235,-161.534,3.549
"3796",379.5,24.8197037373737,-161.69068,3.54919
"3797",379.6,24.8101052475248,-161.655207920792,3.54962376237624
"3798",379.7,24.8027747,-161.613636363636,3.548
"3799",379.8,24.8021754545455,-161.664911504425,3.548
"3800",379.9,24.8110985148515,-161.62175,3.54806818181818
"3801",380,24.8293272727273,-161.707636363636,3.549
"3802",380.1,24.7984433663366,-161.651171717172,3.549
"3803",380.2,24.8048657575758,-161.500534653465,3.549
"3804",380.3,24.7996452,-161.383254901961,3.549
"3805",380.4,24.8104064356436,-161.466680412371,3.549
"3806",380.5,24.8230009090909,-161.460666666667,3.54919607843137
"3807",380.6,24.8093012871287,-161.35708,3.55
"3808",380.7,24.8100606060606,-161.332229357798,3.54966972477064
"3809",380.8,24.806039,-161.3968,3.5481
"3810",380.9,24.7810276,-161.46752293578,3.549
"3811",381,24.7680276,-161.463617021277,3.549
"3812",381.1,24.7772738,-161.420222222222,3.549
"3813",381.2,24.7687618181818,-161.482020408163,3.549
"3814",381.3,24.7623825,-161.521490196078,3.549
"3815",381.4,24.777925,-161.573707865169,3.549
"3816",381.5,24.7743725,-161.57333,3.54881
"3817",381.6,24.7785903960396,-161.487066037736,3.54817924528302
"3818",381.7,24.7828091919192,-161.420381443299,3.54886597938144
"3819",381.8,24.8023924752475,-161.3315,3.54816666666667
"3820",381.9,24.7837016,-161.427454545455,3.549
"3821",382,24.7794746,-161.430888888889,3.549
"3822",382.1,24.7861068316832,-161.365454545455,3.549
"3823",382.2,24.8123813131313,-161.509444444444,3.549
"3824",382.3,24.7968458415842,-161.499956521739,3.549
"3825",382.4,24.8144348484848,-161.375315217391,3.54910869565217
"3826",382.5,24.842831,-161.575329787234,3.55072340425532
"3827",382.6,24.8444532,-161.379055555556,3.54864814814815
"3828",382.7,24.8387931313131,-161.372760869565,3.547
"3829",382.8,24.8450988118812,-161.31337,3.54738
"3830",382.9,24.8379406060606,-161.405921568627,3.549
"3831",383,24.82908,-161.381696969697,3.549
"3832",383.1,24.82768,-161.38988,3.549
"3833",383.2,24.8291254545455,-161.282727272727,3.549
"3834",383.3,24.8592992156863,-161.29082,3.549
"3835",383.4,24.8532971717172,-161.275878787879,3.549
"3836",383.5,24.8474438613861,-161.2882,3.5492
"3837",383.6,24.855709,-161.2752,3.55
"3838",383.7,24.8754506,-161.2058,3.5498
"3839",383.8,24.8775834,-161.189980392157,3.549
"3840",383.9,24.8741147474747,-161.332,3.549
"3841",384,24.876790990099,-161.245287128713,3.549
"3842",384.1,24.8485718181818,-161.332963636364,3.549
"3843",384.2,24.8378525,-161.121989690722,3.5490824742268
"3844",384.3,24.8570677227723,-161.216318681319,3.55
"3845",384.4,24.8468518,-161.158551401869,3.54981308411215
"3846",384.5,24.8404756,-161.094606382979,3.54913829787234
"3847",384.6,24.8318312121212,-161.15169,3.55
"3848",384.7,24.811658019802,-161.155358490566,3.54982075471698
"3849",384.8,24.8444165656565,-161.00047311828,3.549
"3850",384.9,24.8275925,-161.101663366337,3.549
"3851",385,24.8240475,-161.105883495146,3.549
"3852",385.1,24.8150075,-161.21606185567,3.549
"3853",385.2,24.8304425,-161.134747474747,3.549
"3854",385.3,24.8299966666667,-161.224144144144,3.54863963963964
"3855",385.4,24.8191688,-161.0608,3.5473
"3856",385.5,24.8228661386139,-161.055545454545,3.54961616161616
"3857",385.6,24.84679,-161.0534,3.5482
"3858",385.7,24.840909009901,-161.126166666667,3.549
"3860",385.9,24.8229102970297,-161.23939,3.549
"3861",386,24.8200976,-161.2898,3.549
"3862",386.1,24.8192472,-161.212392523364,3.549
"3863",386.2,24.7902033663366,-161.160193548387,3.54912903225806
"3864",386.3,24.8001658,-161.181642857143,3.55016964285714
"3865",386.4,24.8037182,-161.092576086957,3.55084782608696
"3866",386.5,24.8228364646465,-161.2225625,3.549
"3867",386.6,24.8116086,-161.199525252525,3.54919191919192
"3868",386.7,24.8131676767677,-161.070090909091,3.54981818181818
"3869",386.8,24.81623,-161.102111111111,3.549
"3870",386.9,24.8296525,-161.229181818182,3.549
"3871",387,24.822555,-161.166282608696,3.549
"3872",387.1,24.8101115151515,-161.274909090909,3.549
"3873",387.2,24.7970510891089,-161.174363636364,3.54861616161616
"3874",387.3,24.802645,-161.351513513514,3.54754054054054
"3875",387.4,24.8195855445545,-161.236736263736,3.5498021978022
"3876",387.5,24.8054464,-161.27442,3.54818
"3877",387.6,24.8103135353535,-161.19252,3.549
"3878",387.7,24.8234773267327,-161.118909090909,3.549
"3879",387.8,24.7892041414142,-161.111037383178,3.549
"3880",387.9,24.7829525,-161.14364516129,3.549
"3881",388,24.77951,-161.169519230769,3.549
"3882",388.1,24.7985825,-161.12953125,3.54884375
"3883",388.2,24.7945624752475,-161.067494949495,3.54838383838384
"3884",388.3,24.7993160606061,-161.153533980583,3.55019417475728
"3885",388.4,24.7932175,-161.127367346939,3.55082653061225
"3886",388.5,24.7910825,-161.11285,3.54962
"3887",388.6,24.76434,-161.193909090909,3.54819191919192
"3888",388.7,24.7570925,-161.1076,3.549
"3889",388.8,24.745305,-160.9938,3.549
"3890",388.9,24.7291575,-161.131336633663,3.549
"3891",389,24.7269275,-161.205089285714,3.549
"3892",389.1,24.7305275,-161.044715909091,3.54907954545455
"3893",389.2,24.756325,-161.04369,3.55019
"3894",389.3,24.7710185714286,-161.00552,3.55062
"3895",389.4,24.750011980198,-161.0006,3.54881
"3896",389.5,24.736314,-160.9653,3.548
"3897",389.6,24.7510979207921,-161.01307,3.54819
"3898",389.7,24.742045,-160.981525252525,3.549
"3899",389.8,24.7739825,-161.001475247525,3.549
"3900",389.9,24.7519133663366,-160.988495049505,3.549
"3901",390,24.7553481818182,-161.065454545455,3.54881818181818
"3902",390.1,24.7669425,-161.049887931035,3.54816379310345
"3903",390.2,24.7703325,-160.939361702128,3.549
"3904",390.3,24.792185,-161.008193548387,3.54890322580645
"3905",390.4,24.779695,-160.987773195876,3.54832989690722
"3906",390.5,24.7328924242424,-161.022565656566,3.54980808080808
"3907",390.6,24.7720472,-161.06897029703,3.549
"3908",390.7,24.7641296,-161.100393939394,3.549
"3909",390.8,24.7449421782178,-160.870504950495,3.549
"3910",390.9,24.75571,-160.977584158416,3.549
"3911",391,24.743256969697,-160.944909090909,3.549
"3912",391.1,24.7202698039216,-161.05477,3.549
"3913",391.2,24.7212141414141,-161.12238,3.549
"3914",391.3,24.709345,-161.07023,3.549
"3915",391.4,24.7337025,-160.862303030303,3.54861616161616
"3916",391.5,24.7585893939394,-160.957346534653,3.54719801980198
"3917",391.6,24.7659783168317,-160.958513043478,3.5481652173913
"3918",391.7,24.7551433333333,-160.852035294118,3.549
"3919",391.8,24.756587029703,-160.794303030303,3.549
"3920",391.9,24.780736969697,-160.826803738318,3.549
"3921",392,24.7567296,-160.932085106383,3.54913829787234
"3922",392.1,24.7914942574257,-160.964732673267,3.54981188118812
"3923",392.2,24.7686018181818,-160.95064,3.549
"3924",392.3,24.7570013861386,-160.96408,3.54882
"3925",392.4,24.7834884848485,-160.856909090909,3.548
"3926",392.5,24.756352,-160.904833333333,3.54816666666667
"3927",392.6,24.7503184,-160.893310344828,3.549
"3928",392.7,24.7436076767677,-160.827454545455,3.549
"3929",392.8,24.7597658415842,-160.940444444444,3.549
"3930",392.9,24.766564949495,-160.883326732673,3.54880198019802
"3931",393,24.7794957,-160.84606,3.54819
"3932",393.1,24.771874,-160.87199,3.54919
"3933",393.2,24.7840333333333,-160.74299009901,3.54981188118812
"3934",393.3,24.8019770588235,-160.79688,3.54882
"3935",393.4,24.7987295959596,-160.728981818182,3.54767272727273
"3936",393.5,24.8221744554455,-160.733644444444,3.54626666666667
"3937",393.6,24.8270564,-160.738150943396,3.549
"3938",393.7,24.8101176,-160.783379310345,3.549
"3939",393.8,24.7829207843137,-160.828206896552,3.549
"3940",393.9,24.7697264646465,-160.803384615385,3.549
"3941",394,24.825655,-160.734101010101,3.54883838383838
"3942",394.1,24.793225,-160.659767676768,3.548
"3943",394.2,24.76912,-160.650636363636,3.548
"3944",394.3,24.7546936363636,-160.655366336634,3.54781188118812
"3945",394.4,24.7675223232323,-160.644486486486,3.54748648648649
"3946",394.5,24.7734033663366,-160.641966292135,3.54992134831461
"3947",394.6,24.774154,-160.613727272727,3.549
"3948",394.7,24.7703808,-160.726227722772,3.549
"3949",394.8,24.7691476,-160.621,3.54882857142857
"3950",394.9,24.8133297979798,-160.65604040404,3.54813131313131
"3951",395,24.8371369306931,-160.7016875,3.54914583333333
"3952",395.1,24.8141124242424,-160.7225,3.55
"3953",395.2,24.8430895049505,-160.661612903226,3.54989247311828
"3954",395.3,24.8480868,-160.67466,3.54849
"3955",395.4,24.8269996,-160.67997,3.54651
"3956",395.5,24.8205644,-160.694080808081,3.549
"3957",395.6,24.8208368686869,-160.589310344828,3.549
"3958",395.7,24.8366192079208,-160.539739130435,3.549
"3959",395.8,24.8161129292929,-160.46187755102,3.549
"3960",395.9,24.7975037,-160.661389473684,3.54887368421053
"3961",396,24.7768273267327,-160.579261682243,3.54784112149533
"3962",396.1,24.8046173737374,-160.545903225806,3.54710752688172
"3963",396.2,24.7781826732673,-160.63294,3.54851
"3964",396.3,24.7633477777778,-160.535867346939,3.551
"3965",396.4,24.7948171,-160.527396039604,3.55062376237624
"3966",396.5,24.7649135,-160.49748,3.549
"3967",396.6,24.7878224,-160.619545454545,3.549
"3968",396.7,24.8082947,-160.64439,3.549
"3969",396.8,24.7984533333333,-160.55959,3.549
"3970",396.9,24.7915976,-160.593539215686,3.5488137254902
"3971",397,24.8059334,-160.53926,3.54817
"3972",397.1,24.7661756,-160.595242424242,3.549
"3973",397.2,24.7763159405941,-160.537727272727,3.54881818181818
"3974",397.3,24.7548766666667,-160.49066,3.54819
"3975",397.4,24.7852012871287,-160.550354545455,3.549
"3976",397.5,24.7749731,-160.397461538462,3.549
"3977",397.6,24.7847793,-160.430090909091,3.549
"3978",397.7,24.7926871287129,-160.43424,3.549
"3979",397.8,24.7866234343434,-160.464738317757,3.549
"3980",397.9,24.7923372277228,-160.590489361702,3.549
"3981",398,24.7794418181818,-160.396862385321,3.549
"3982",398.1,24.790662,-160.470615384615,3.549
"3983",398.2,24.7764965,-160.457090909091,3.549
"3984",398.3,24.7881944444444,-160.440584158416,3.549
"3985",398.4,24.7961705882353,-160.384818181818,3.549
"3986",398.5,24.8132903030303,-160.392371428571,3.549
"3987",398.6,24.8115757,-160.472031578947,3.549
"3988",398.7,24.8135424,-160.489227272727,3.549
"3989",398.8,24.8041248,-160.5359,3.549
"3990",398.9,24.7913119,-160.479983193277,3.54868067226891
"3992",399.1,24.8109264705882,-160.352909090909,3.549
"3993",399.2,24.8183645454545,-160.358037735849,3.549
"3994",399.3,24.8057274,-160.458425531915,3.549
"3995",399.4,24.8122924,-160.475534653465,3.549
"3996",399.5,24.8188366,-160.495,3.549
"3997",399.6,24.8329877,-160.539545454546,3.549
"3998",399.7,24.8506977777778,-160.382287128713,3.549
"3999",399.8,24.8424505882353,-160.446532258065,3.54885483870968
"4000",399.9,24.8326352,-160.532822580645,3.54804838709677
"4001",400,24.8393004,-160.325444444444,3.55065656565657
"4002",400.1,24.8591965346535,-160.290272727273,3.54881818181818
"4003",400.2,24.8212893939394,-160.31082,3.54781
"4004",400.3,24.8423252,-160.34417,3.54738
"4005",400.4,24.8385461616162,-160.231539130435,3.549
"4006",400.5,24.8445551,-160.302302325581,3.549
"4007",400.6,24.8468199,-160.276823529412,3.549
"4008",400.7,24.8610822,-160.390927835052,3.54883505154639
"4009",400.8,24.845865049505,-160.27046,3.54838
"4010",400.9,24.8538031313131,-160.285725663717,3.54966371681416
"4011",401,24.8198811,-160.227,3.54806896551724
"4012",401.1,24.8137237,-160.24146,3.54919
"4013",401.2,24.7762433,-160.16368,3.54981
"4014",401.3,24.7571495,-160.10902,3.549
"4015",401.4,24.7668922222222,-160.304306306306,3.549
"4016",401.5,24.7805358,-160.231821782178,3.549
"4017",401.6,24.7674724752475,-160.164121495327,3.549
"4019",401.8,24.7489105,-160.258914893617,3.548
"4020",401.9,24.7866022222222,-160.157732673267,3.54853465346535
"4021",402,24.8090354,-160.17964,3.55066
"4022",402.1,24.7915494,-160.080034482759,3.54914655172414
"4023",402.2,24.7722752,-160.023583333333,3.54997619047619
"4024",402.3,24.7694035643564,-160.145672566372,3.54815044247788
"4025",402.4,24.7482888888889,-160.092218390805,3.549
"4026",402.5,24.7515245544555,-160.085887755102,3.549
"4027",402.6,24.7525222222222,-160.12787,3.54881
"4028",402.7,24.765787,-160.087171171171,3.54817117117117
"4029",402.8,24.762533,-160.0072,3.54891111111111
"4030",402.9,24.7659098,-160.06656,3.54836
"4031",403,24.7900734,-159.84208,3.54964
"4032",403.1,24.7789848484849,-159.997519230769,3.54834615384615
"4033",403.2,24.7949938,-160.128567010309,3.54985567010309
"4034",403.3,24.8198392,-160.130121212121,3.549
"4035",403.4,24.8322401,-160.14082,3.549
"4036",403.5,24.846590990099,-160.072,3.54882
"4037",403.6,24.8673894,-159.974096153846,3.54817307692308
"4038",403.7,24.8557518,-160.083896907216,3.54914432989691
"4039",403.8,24.8627354,-160.022785714286,3.54947959183673
"4040",403.9,24.8615974,-160.020897435897,3.54732478632479
"4041",404,24.8862676237624,-160.039595238095,3.549
"4042",404.1,24.8794725,-159.998727272727,3.54863636363636
"4043",404.2,24.8606378,-160.10535,3.54738
"4044",404.3,24.8589366666667,-160.21126,3.549
"4045",404.4,24.869947,-160.10307,3.549
"4046",404.5,24.8834402,-160.108,3.549
"4047",404.6,24.8584748,-159.95113,3.549
"4048",404.7,24.8906352,-159.97015,3.549
"4049",404.8,24.8916639393939,-159.942015873016,3.54884920634921
"4050",404.9,24.9018481,-159.857888888889,3.54805555555556
"4051",405,24.8959127,-159.944305263158,3.54913684210526
"4052",405.1,24.8708892,-159.872272727273,3.54981818181818
"4053",405.2,24.8862378217822,-160.002128440367,3.54882568807339
"4054",405.3,24.8762134,-159.92952173913,3.54810869565217
"4055",405.4,24.8912256,-160.081818181818,3.549
"4056",405.5,24.9047328,-159.978077586207,3.549
"4057",405.6,24.895875,-160.00211627907,3.549
"4058",405.7,24.8785752,-159.950520408163,3.549
"4059",405.8,24.8848136,-159.93932,3.54862
"4060",405.9,24.9210138,-159.855107843137,3.54737254901961
"4061",406,24.8971772727273,-159.767419047619,3.5491619047619
"4062",406.1,24.8976942,-159.890789473684,3.54974736842105
"4063",406.2,24.9291662376238,-159.823829059829,3.5481452991453
"4065",406.4,24.8975022,-159.91296039604,3.54818811881188
"4066",406.5,24.8959548,-159.88314,3.549
"4067",406.6,24.8870724242424,-159.954283018868,3.549
"4068",406.7,24.8735878,-159.806806451613,3.549
"4069",406.8,24.8670076,-159.79162,3.54881
"4070",406.9,24.8642646,-159.782475247525,3.54818811881188
"4071",407,24.8798744,-159.75936,3.54846
"4072",407.1,24.9032296969697,-159.7867,3.54654
"4073",407.2,24.8855411881188,-159.715363636364,3.54881818181818
"4074",407.3,24.8537834343434,-159.70857,3.54819
"4075",407.4,24.8467647524752,-159.741287128713,3.54881188118812
"4076",407.5,24.8295839,-159.855145454545,3.54816363636364
"4077",407.6,24.831291,-159.762957446809,3.54891489361702
"4078",407.7,24.805738019802,-159.6984375,3.54814583333333
"4079",407.8,24.7905648484848,-159.68318,3.54882
"4080",407.9,24.7876283168317,-159.61046,3.54782
"4081",408,24.7863738,-159.658680672269,3.54745378151261
"4082",408.1,24.7807704,-159.712462184874,3.54997478991597
"4083",408.2,24.7575314,-159.647265306122,3.54817346938776
"4084",408.3,24.7874139393939,-159.66195049505,3.549
"4085",408.4,24.7925991,-159.74282,3.54882
"4086",408.5,24.8116951,-159.64452,3.54818
"4087",408.6,24.8048845,-159.587660714286,3.54867857142857
"4088",408.7,24.8110963,-159.666011235955,3.54706741573034
"4089",408.8,24.8085667676768,-159.746,3.548
"4090",408.9,24.808618,-159.671685185185,3.54835185185185
"4091",409,24.793518,-159.700893617021,3.54976595744681
"4092",409.1,24.831157029703,-159.68812244898,3.54817346938776
"4093",409.2,24.8019812,-159.701306930693,3.549
"4094",409.3,24.7936289,-159.708181818182,3.549
"4095",409.4,24.7758744554455,-159.74698019802,3.549
"4096",409.5,24.8004393939394,-159.627107142857,3.549
"4097",409.6,24.8021258,-159.568724137931,3.549
"4098",409.7,24.8126239,-159.61501,3.54881
"4099",409.8,24.8208528,-159.59249,3.54819
"4100",409.9,24.8402157,-159.584088235294,3.54862745098039
"4101",410,24.8021584848485,-159.655230769231,3.54732692307692
"4102",410.1,24.8026288118812,-159.677535353535,3.549
"4103",410.2,24.8078436,-159.642909090909,3.549
"4104",410.3,24.7755444,-159.60778125,3.549
"4105",410.4,24.8208913,-159.613594059406,3.549
"4106",410.5,24.8602308080808,-159.72818,3.549
"4107",410.6,24.8688866336634,-159.694545454545,3.549
"4108",410.7,24.8644727272727,-159.693747572816,3.549
"4109",410.8,24.863184,-159.578448979592,3.54834693877551
"4110",410.9,24.843516,-159.677455445545,3.54517821782178
"4111",411,24.8354323232323,-159.711222222222,3.5464358974359
"4113",411.2,24.8080819191919,-159.696509433962,3.54815094339623
"4114",411.3,24.8008720792079,-159.605107526882,3.549
"4115",411.4,24.802528,-159.535078947368,3.549
"4116",411.5,24.82162,-159.602956521739,3.54903260869565
"4117",411.6,24.845089009901,-159.575821052632,3.54976842105263
"4118",411.7,24.8182904040404,-159.591472727273,3.548
"4119",411.8,24.7739284313726,-159.510515463918,3.5480618556701
"4120",411.9,24.7738436363636,-159.488841121495,3.549
"4121",412,24.7702374,-159.498953488372,3.549
"4122",412.1,24.7626687,-159.539304761905,3.549
"4123",412.2,24.7842813131313,-159.543663157895,3.54888421052632
"4124",412.3,24.769452970297,-159.555230769231,3.548
"4125",412.4,24.776276969697,-159.530361702128,3.548
"4126",412.5,24.799868,-159.675705882353,3.54817647058824
"4127",412.6,24.79679,-159.59252,3.54884
"4128",412.7,24.8026187878788,-159.541232323232,3.548
"4129",412.8,24.8076818811881,-159.705847457627,3.54785593220339
"4130",412.9,24.8320255555556,-159.59906779661,3.54700847457627
"4131",413,24.7986838613861,-159.571545454545,3.54887878787879
"4132",413.1,24.778598,-159.485663551402,3.5481214953271
"4133",413.2,24.787756,-159.562314606742,3.549
"4134",413.3,24.7541772277228,-159.450734513274,3.54884955752212
"4135",413.4,24.7728145454546,-159.422379310345,3.548
"4136",413.5,24.771264,-159.464880733945,3.5483119266055
"4137",413.6,24.767682,-159.5256,3.54973333333333
"4138",413.7,24.79797,-159.397069306931,3.547
"4139",413.8,24.81651,-159.49605,3.54734
"4140",413.9,24.8178966666667,-159.540712962963,3.549
"4141",414,24.8370517647059,-159.491989010989,3.549
"4142",414.1,24.8575967676768,-159.50586,3.549
"4143",414.2,24.832712,-159.51864,3.54882
"4144",414.3,24.843798,-159.484262295082,3.54814754098361
"4145",414.4,24.8566770707071,-159.530163934426,3.54896721311475
"4146",414.5,24.8920043564357,-159.5126,3.54982
"4147",414.6,24.8775814141414,-159.477065420561,3.549
"4148",414.7,24.8625529,-159.437777777778,3.54877777777778
"4149",414.8,24.8354392,-159.55408,3.54712
"4150",414.9,24.8098055,-159.5448,3.548
"4151",415,24.8170913,-159.561787037037,3.54815740740741
"4152",415.1,24.8189245454545,-159.498711538462,3.549
"4153",415.2,24.8164188235294,-159.745931818182,3.549
"4154",415.3,24.8269307070707,-159.682513274336,3.54884955752212
"4155",415.4,24.829074,-159.61576744186,3.548
"4156",415.5,24.8189272277228,-159.681237623762,3.548
"4157",415.6,24.8522883838384,-159.620818181818,3.548
"4158",415.7,24.8273994117647,-159.5811,3.54836
"4159",415.8,24.827414040404,-159.52691588785,3.54983177570093
"4160",415.9,24.830482,-159.47895049505,3.54889108910891
"4161",416,24.821996,-159.4413,3.548
"4162",416.1,24.813468,-159.3382,3.5481
"4163",416.2,24.795968,-159.437762886598,3.5488969072165
"4164",416.3,24.8029637373737,-159.43309375,3.54813541666667
"4165",416.4,24.8079109,-159.460494949495,3.54865656565657
"4166",416.5,24.7945685,-159.39204,3.54736
"4167",416.6,24.7867497,-159.3595,3.549
"4168",416.7,24.7888876,-159.487157894737,3.54889473684211
"4169",416.8,24.8127412,-159.444598130841,3.54814018691589
"4170",416.9,24.8080550495049,-159.424301075269,3.549
"4171",417,24.7896,-159.301989795918,3.549
"4172",417.1,24.829866,-159.316090909091,3.54882828282828
"4173",417.2,24.8232903960396,-159.3463,3.54818
"4174",417.3,24.8286985858586,-159.398955752212,3.5486814159292
"4175",417.4,24.83032,-159.309229885057,3.547
"4176",417.5,24.8360536363636,-159.300828571429,3.54717142857143
"4177",417.6,24.8315674257426,-159.260808510638,3.54813829787234
"4178",417.7,24.817204949495,-159.366524752475,3.549
"4179",417.8,24.8644491,-159.326090909091,3.54881818181818
"4180",417.9,24.8662011881188,-159.379480392157,3.548
"4181",418,24.821824,-159.416518867925,3.54816037735849
"4182",418.1,24.793966,-159.32464893617,3.5488829787234
"4183",418.2,24.7656846464646,-159.341936363636,3.548
"4184",418.3,24.7809958415842,-159.434561797753,3.54807865168539
"4185",418.4,24.786652,-159.26684,3.549
"4186",418.5,24.787242,-159.356,3.549
"4187",418.6,24.81292,-159.242630434783,3.54889130434783
"4188",418.7,24.7902756565657,-159.326940594059,3.54817821782178
"4189",418.8,24.8001036363636,-159.42437,3.549
"4190",418.9,24.7855422,-159.23905050505,3.54882828282828
"4191",419,24.7886312,-159.30938,3.54818
"4192",419.1,24.7846204950495,-159.346243243243,3.549
"4193",419.2,24.7865538,-159.359427083333,3.549
"4194",419.3,24.7910441,-159.317276595745,3.549
"4195",419.4,24.7891741,-159.360378378378,3.54915315315315
"4196",419.5,24.7801303,-159.441164835165,3.54993406593407
"4197",419.6,24.7750001980198,-159.171360824742,3.549
"4198",419.7,24.790156,-159.299338461538,3.54886153846154
"4199",419.8,24.79646,-159.240107692308,3.54809230769231
"4200",419.9,24.8016056565657,-159.419138613861,3.549
"4201",420,24.8215954,-159.48174,3.54883
"4202",420.1,24.8561215,-159.347565656566,3.548
"4203",420.2,24.8913842,-159.39752,3.548
"4204",420.3,24.8679409,-159.308090909091,3.548
"4205",420.4,24.8414824,-159.240745283019,3.548
"4206",420.5,24.8452836363636,-159.306810526316,3.54813684210526
"4207",420.6,24.8397026,-159.22504,3.549
"4208",420.7,24.8628586,-159.2665,3.54882
"4209",420.8,24.852581980198,-159.186718446602,3.548
"4210",420.9,24.8313792,-159.291980769231,3.54814423076923
"4211",421,24.843865,-159.266752688172,3.54888172043011
"4212",421.1,24.8462858,-159.1635,3.548
"4213",421.2,24.9097356,-159.15254,3.548
"4214",421.3,24.9062725,-159.148545454546,3.54854545454545
"4215",421.4,24.8761029,-158.953623762376,3.55062376237624
"4216",421.5,24.8801731,-159.040206896552,3.54868965517241
"4217",421.6,24.8844211,-159.074282352941,3.54702352941176
"4218",421.7,24.8866845454545,-159.099186915888,3.548
"4219",421.8,24.9332698019802,-159.161164948454,3.548
"4220",421.9,24.9029273,-159.094485714286,3.548
"4221",422,24.8929274,-159.102714285714,3.54808791208791
"4222",422.1,24.914467,-159.089408163265,3.54882653061224
"4223",422.2,24.8911327272727,-159.135425742574,3.548
"4224",422.3,24.8792667326733,-159.11748,3.548
"4225",422.4,24.8928954545455,-159.10528,3.548
"4226",422.5,24.9116342,-159.11064,3.54836
"4227",422.6,24.8855082,-159.152482758621,3.54968965517241
"4228",422.7,24.9049552525253,-159.165261904762,3.548
"4229",422.8,24.8831618811881,-159.123,3.548
"4230",422.9,24.8873584848485,-159.069737864078,3.548
"4231",423,24.9081208910891,-159.065080808081,3.548
"4232",423.1,24.9004686,-159.042640350877,3.548
"4233",423.2,24.8759322,-159.143714285714,3.54803571428571
"4234",423.3,24.8915125742574,-158.96148,3.549
"4235",423.4,24.8668181818182,-158.814421568627,3.549
"4236",423.5,24.871419009901,-158.93775,3.549
"4237",423.6,24.8823754,-159.05138,3.54883
"4238",423.7,24.8570106,-158.882747474747,3.548
"4239",423.8,24.8445979,-158.82678,3.548
"4240",423.9,24.8235618181818,-158.902117647059,3.54817647058823
"4241",424,24.8033658,-158.969438016529,3.54886776859504
"4242",424.1,24.8114848,-158.890925619835,3.54804132231405
"4243",424.2,24.8313812,-158.94855,3.54817
"4244",424.3,24.8291056,-158.926158415842,3.54883168316832
"4245",424.4,24.8278196969697,-158.781918367347,3.548
"4246",424.5,24.8207873267327,-158.894346534653,3.54782178217822
"4247",424.6,24.8419301010101,-158.797516949153,3.54728813559322
"4248",424.7,24.823652970297,-159.059381355932,3.54898305084746
"4249",424.8,24.8505024,-158.958344086021,3.548
"4250",424.9,24.847609,-158.926380952381,3.548
"4251",425,24.8311427722772,-158.898421052632,3.548
"4252",425.1,24.8106072727273,-158.771242424242,3.54834343434343
"4253",425.2,24.8085922,-158.815578947368,3.54984210526316
"4254",425.3,24.830966,-158.842604651163,3.549
"4255",425.4,24.8053926,-158.88484,3.54918
"4256",425.5,24.7838124,-158.867326732673,3.54964356435644
"4257",425.6,24.7903965656566,-158.996327433628,3.548
"4258",425.7,24.7910729411765,-158.859344827586,3.548
"4259",425.8,24.8056672727273,-158.918523809524,3.548
"4260",425.9,24.797869,-158.970319148936,3.54812765957447
"4261",426,24.81921,-158.938769230769,3.54884615384615
"4262",426.1,24.809346969697,-158.867654761905,3.548
"4263",426.2,24.83195,-158.995785046729,3.54815887850467
"4264",426.3,24.8412904040404,-158.9379375,3.549
"4265",426.4,24.8359446,-158.847010309278,3.54885567010309
"4266",426.5,24.8181066,-158.77561,3.548
"4267",426.6,24.8548434343434,-158.79802020202,3.548
"4268",426.7,24.8440584158416,-158.787090909091,3.548
"4269",426.8,24.8436048484848,-158.848821782178,3.548
"4270",426.9,24.8168859405941,-158.84948,3.548
"4271",427,24.8226878,-158.80258,3.548
"4272",427.1,24.8363312,-158.81684,3.54818
"4273",427.2,24.7979553465346,-158.7498,3.549
"4274",427.3,24.8362841414141,-158.686871287129,3.549
"4275",427.4,24.8020049019608,-158.717252525253,3.549
"4276",427.5,24.7802690909091,-158.65188,3.54882
"4277",427.6,24.7990492,-158.771767857143,3.548
"4278",427.7,24.7912186,-158.686,3.548
"4279",427.8,24.819191010101,-158.657185185185,3.548
"4280",427.9,24.8053523762376,-158.591516483516,3.548
"4281",428,24.7702986868687,-158.79638,3.54817
"4282",428.1,24.7762489,-158.78794,3.549
"4283",428.2,24.8081437,-158.669297029703,3.54883168316832
"4284",428.3,24.7792329292929,-158.58316,3.548
"4285",428.4,24.7696805940594,-158.66176,3.54832
"4286",428.5,24.7552766666667,-158.62516,3.54968
"4287",428.6,24.7938781188119,-158.608070707071,3.548
"4288",428.7,24.7728812,-158.641601769911,3.548
"4289",428.8,24.7682868686869,-158.743790697674,3.548
"4290",428.9,24.7609251485149,-158.779155339806,3.54817475728155
"4291",429,24.7818403030303,-158.6751,3.54885
"4292",429.1,24.768189009901,-158.683163265306,3.54784693877551
"4293",429.2,24.7363551515151,-158.73458,3.54717
"4294",429.3,24.7563552,-158.640267326733,3.54766336633663
"4295",429.4,24.7947667326733,-158.6958,3.54632
"4296",429.5,24.8294646,-158.729404040404,3.54816161616162
"4297",429.6,24.8366263366337,-158.76105785124,3.54885950413223
"4298",429.7,24.8100539393939,-158.690809917355,3.54803305785124
"4299",429.8,24.7978728712871,-158.649797979798,3.548
"4300",429.9,24.8016416161616,-158.550146788991,3.5483119266055
"4301",430,24.7866263,-158.587913043478,3.54982608695652
"4302",430.1,24.7833632,-158.69136,3.54848
"4303",430.2,24.8081861616162,-158.681858585859,3.551
"4304",430.3,24.7963945544554,-158.63198,3.55066
"4305",430.4,24.7972906060606,-158.56899,3.54883
"4306",430.5,24.7953296,-158.693861386139,3.548
"4307",430.6,24.784216,-158.706707070707,3.548
"4308",430.7,24.7898692,-158.70782,3.548
"4309",430.8,24.8008361386139,-158.753351351351,3.54815315315315
"4310",430.9,24.7941246464646,-158.785127659575,3.54893617021277
"4311",431,24.7692477227723,-158.668615384615,3.54811538461538
"4312",431.1,24.7758297,-158.759725274725,3.549
"4313",431.2,24.8174654,-158.646069306931,3.54849504950495
"4314",431.3,24.8007186138614,-158.752878787879,3.54664646464646
"4315",431.4,24.7973195959596,-158.698882882883,3.54969369369369
"4316",431.5,24.7868167326733,-158.747865168539,3.548
"4317",431.6,24.7849883838384,-158.72509,3.548
"4318",431.7,24.7912337,-158.63558,3.548
"4319",431.8,24.7920252,-158.687308411215,3.548
"4320",431.9,24.7890962626263,-158.629829787234,3.548
"4321",432,24.7799337623762,-158.576867256637,3.54842477876106
"4322",432.1,24.79064,-158.564965517241,3.55089655172414
"4323",432.2,24.8328224,-158.4488,3.54768
"4324",432.3,24.8303032,-158.591897959184,3.54616326530612
"4325",432.4,24.8202260606061,-158.660892857143,3.54716071428571
"4326",432.5,24.79922,-158.674736842105,3.548
"4327",432.6,24.8001558585859,-158.639133333333,3.548
"4328",432.7,24.7862976,-158.4991875,3.548
"4329",432.8,24.8039844,-158.569978723404,3.548
"4330",432.9,24.7940048,-158.66116,3.548
"4331",433,24.8129228,-158.758585858586,3.548
"4332",433.1,24.8002468,-158.60872,3.548
"4333",433.2,24.7874992,-158.614166666667,3.548
"4334",433.3,24.777994,-158.573317757009,3.54814018691589
"4335",433.4,24.7860556,-158.556494505494,3.54891208791209
"4336",433.5,24.8263020792079,-158.490942857143,3.548
"4337",433.6,24.8297889,-158.4895,3.548
"4338",433.7,24.8652889,-158.409326530612,3.548
"4339",433.8,24.8694451515152,-158.41154,3.54836
"4340",433.9,24.860242,-158.433588235294,3.54982352941176
"4341",434,24.81934,-158.5106,3.549
"4342",434.1,24.8563884,-158.44487826087,3.54872173913044
"4343",434.2,24.8404764,-158.505619047619,3.5470119047619
"4344",434.3,24.8306052,-158.473831683168,3.548
"4345",434.4,24.8324354545455,-158.463368932039,3.548
"4346",434.5,24.8378785,-158.412591836735,3.548
"4347",434.6,24.831916,-158.409029411765,3.548
"4348",434.7,24.8489218811881,-158.336443298969,3.54813402061856
"4349",434.8,24.8063768,-158.400162393162,3.54886324786325
"4350",434.9,24.7932772,-158.457427350427,3.54800854700855
"4351",435,24.803496,-158.422821782178,3.54716831683168
"4352",435.1,24.8175616,-158.500836734694,3.548
"4353",435.2,24.7928269306931,-158.486571428571,3.548
"4354",435.3,24.7688676,-158.411968253968,3.548
"4355",435.4,24.8043888,-158.43655,3.548
"4356",435.5,24.8277488888889,-158.53795,3.548
"4357",435.6,24.8167392,-158.5313,3.548
"4358",435.7,24.8256552,-158.348522222222,3.548
"4359",435.8,24.8210728,-158.484951456311,3.548
"4360",435.9,24.816504,-158.402783505155,3.54814432989691
"4361",436,24.7980972,-158.297702970297,3.549
"4362",436.1,24.8217766666667,-158.405431192661,3.549
"4363",436.2,24.7951855,-158.437752688172,3.549
"4364",436.3,24.7901245,-158.434298969072,3.54885567010309
"4365",436.4,24.7758104950495,-158.35101,3.548
"4366",436.5,24.777384,-158.32747,3.548
"4367",436.6,24.7966121212121,-158.389871287129,3.548
"4368",436.7,24.7872775,-158.323060606061,3.54783838383838
"4369",436.8,24.8092325,-158.305930693069,3.54750495049505
"4370",436.9,24.783053,-158.281138613861,3.54984158415842
"4371",437,24.795037,-158.31862244898,3.54915306122449
"4372",437.1,24.795805,-158.23905,3.54966
"4373",437.2,24.7914782178218,-158.25458,3.548
"4374",437.3,24.7936587878788,-158.07652,3.548
"4375",437.4,24.7965111881188,-158.154,3.548
"4376",437.5,24.8042076,-158.29596969697,3.548
"4377",437.6,24.8241365346535,-158.21804,3.54816
"4378",437.7,24.8027659,-158.20288,3.54868
"4379",437.8,24.8128618181818,-158.255428571429,3.54716326530612
"4380",437.9,24.7987754455446,-158.227900990099,3.548
"4381",438,24.8125336363636,-158.19778,3.548
"4382",438.1,24.8191848,-158.157306930693,3.54816831683168
"4383",438.2,24.8259856,-158.246585858586,3.54883838383838
"4384",438.3,24.808416969697,-158.337623931624,3.548
"4386",438.5,24.8040448484848,-158.352727272727,3.548
"4387",438.6,24.8171955,-158.46594,3.54813
"4388",438.7,24.811505,-158.402125,3.549
"4389",438.8,24.799464,-158.326641304348,3.54909782608696
"4390",438.9,24.7870097029703,-158.296386792453,3.54983962264151
"4391",439,24.7700442424242,-158.421378947368,3.54888421052632
"4392",439.1,24.7769640594059,-158.268230769231,3.54784615384615
"4393",439.2,24.791244,-158.406914285714,3.54711428571429
"4394",439.3,24.7854636,-158.323787037037,3.548
"4395",439.4,24.8054644,-158.363601851852,3.548
"4396",439.5,24.8018827272727,-158.405125,3.548
"4397",439.6,24.8023867326733,-158.519131313131,3.548
"4398",439.7,24.8003133333333,-158.50188,3.54817
"4399",439.8,24.8228720792079,-158.37115,3.54917
"4400",439.9,24.8454196,-158.301158878505,3.54984112149533
"4401",440,24.8788839393939,-158.384142857143,3.54879591836735
"4402",440.1,24.8723063366337,-158.322875,3.547125
"4403",440.2,24.9019290909091,-158.361846153846,3.548
"4404",440.3,24.8572575,-158.291125,3.548
"4405",440.4,24.8474265,-158.410754716981,3.548
"4406",440.5,24.877113030303,-158.370388349515,3.548
"4407",440.6,24.8882543564356,-158.373764044944,3.54792134831461
"4408",440.7,24.8859314141414,-158.372425742574,3.54717821782178
"4409",440.8,24.9188248514851,-158.367342857143,3.548
"4410",440.9,24.9182978787879,-158.311897959184,3.548
"4411",441,24.8766064,-158.33368627451,3.54813725490196
"4412",441.1,24.8758056435644,-158.254421052632,3.54887368421053
"4413",441.2,24.8754376767677,-158.27021,3.548
"4414",441.3,24.8732623529412,-158.178811881188,3.548
"4415",441.4,24.8593072727273,-158.128606060606,3.548
"4416",441.5,24.8708082178218,-158.34385,3.548
"4417",441.6,24.8494816,-158.250183486239,3.54784403669725
"4418",441.7,24.8602945454545,-158.165692307692,3.54708791208791
"4419",441.8,24.8698568316832,-158.1305,3.548
"4420",441.9,24.8547218181818,-158.182285714286,3.548
"4421",442,24.8694885148515,-158.19478,3.54783
"4422",442.1,24.8830187878788,-158.167038095238,3.5471619047619
"4423",442.2,24.8353785,-158.277189473684,3.548
"4424",442.3,24.8372665,-158.065819047619,3.548
"4425",442.4,24.8573076767677,-158.060058823529,3.548
"4426",442.5,24.8355643564356,-158.218631578947,3.548
"4427",442.6,24.825901010101,-158.235363636364,3.54784848484849
"4428",442.7,24.8441292,-158.285909090909,3.54716161616162
"4429",442.8,24.8292821782178,-158.20627,3.548
"4430",442.9,24.8329757575758,-158.13064,3.54817
"4431",443,24.8351033333333,-158.034438596491,3.54885087719298
"4432",443.1,24.8531251515152,-158.000862068966,3.548
"4433",443.2,24.876149,-158.118212121212,3.548
"4434",443.3,24.8564025,-158.163475247525,3.548
"4435",443.4,24.8753015151515,-158.1398,3.548
"4436",443.5,24.8766121782178,-158.09028,3.548
"4437",443.6,24.8859764646465,-158.136798165138,3.54829357798165
"4438",443.7,24.9134240594059,-158.115923076923,3.54992307692308
"4439",443.8,24.8636915,-158.020777777778,3.54883838383838
"4440",443.9,24.8667755555556,-158.04819,3.54766
"4441",444,24.9038304950495,-158.1064,3.54634
"4442",444.1,24.9191855555556,-157.97332,3.548
"4443",444.2,24.898911980198,-158.056911504425,3.548
"4444",444.3,24.9121185858586,-158.082272727273,3.548
"4445",444.4,24.9345366,-158.15132,3.548
"4446",444.5,24.9142606,-158.144652173913,3.548
"4447",444.6,24.9065309090909,-158.09275,3.5480119047619
"4448",444.7,24.8955775247525,-158.07404,3.54866
"4449",444.8,24.9003556565657,-158.071571428571,3.54728571428571
"4450",444.9,24.8978761,-157.998462184874,3.54896638655462
"4451",445,24.9115211881188,-157.952414141414,3.54716161616162
"4452",445.1,24.9007022,-157.936442477876,3.548
"4453",445.2,24.9212876237624,-157.920850574713,3.548
"4454",445.3,24.926701010101,-157.916217391304,3.548
"4455",445.4,24.9322788118812,-158.028717647059,3.54797647058824
"4456",445.5,24.930286,-158.064454545455,3.54734343434343
"4457",445.6,24.949133,-157.91599009901,3.54864356435644
"4458",445.7,24.915745,-158.004166666667,3.54716666666667
"4459",445.8,24.9288944444444,-157.91196969697,3.54739393939394
"4460",445.9,24.9311678217822,-157.905666666667,3.54478431372549
"4461",446,24.9416722222222,-157.957,3.54885714285714
"4462",446.1,24.9360856,-157.9114,3.548
"4463",446.2,24.9574564,-157.856636363636,3.548
"4464",446.3,24.9459338,-157.82839,3.548
"4465",446.4,24.9419636,-157.846445544554,3.548
"4466",446.5,24.9574432323232,-158.011571428571,3.54783673469388
"4467",446.6,24.9510855445545,-157.72734,3.54754
"4468",446.7,24.9188662,-157.82594,3.54964
"4469",446.8,24.9432706,-157.846113043478,3.54768695652174
"4470",446.9,24.9339934653465,-157.806,3.54606976744186
"4471",447,24.9324758585859,-157.725198275862,3.548
"4472",447.1,24.9181462376238,-157.738633333333,3.548
"4473",447.2,24.9161008080808,-157.765548387097,3.548
"4474",447.3,24.9240146,-157.579769911504,3.5481592920354
"4475",447.4,24.9541688,-157.761092783505,3.549
"4476",447.5,24.9984644,-157.806929292929,3.54891919191919
"4477",447.6,24.9618163366337,-157.694058823529,3.54791176470588
"4478",447.7,24.9518702020202,-157.812433333333,3.54715555555556
"4479",447.8,24.961274,-157.63963,3.549
"4480",447.9,24.9441736,-157.761227722772,3.54883168316832
"4481",448,24.9226056,-157.815339449541,3.548
"4482",448.1,24.9411846,-157.942538461538,3.548
"4483",448.2,24.966894949495,-157.83204,3.548
"4484",448.3,24.9687449,-157.785484848485,3.548
"4485",448.4,24.9184341,-157.793891089109,3.54816831683168
"4486",448.5,24.9551112,-157.838676767677,3.54867676767677
"4487",448.6,24.9503043,-157.880108910891,3.54716831683168
"4488",448.7,24.9515232,-157.6902,3.54832
"4489",448.8,24.9623304,-157.742222222222,3.54951515151515
"4490",448.9,24.9492192079208,-157.793436363636,3.54715454545455
"4491",449,24.929104040404,-157.683926315789,3.548
"4492",449.1,24.92642,-157.853,3.548
"4493",449.2,24.9543356,-157.803764705882,3.548
"4494",449.3,24.9209889108911,-157.78895049505,3.548
"4495",449.4,24.8877835,-157.759797979798,3.54832323232323
"4496",449.5,24.8865157575758,-157.727396039604,3.54983168316832
"4497",449.6,24.9164576,-157.671,3.54884
"4498",449.7,24.9070414,-157.6556,3.54848
"4499",449.8,24.926316,-157.69156,3.55036
"4500",449.9,24.9082526,-157.72696969697,3.54716161616162
"4501",450,24.9196119191919,-157.731326732673,3.548
"4502",450.1,24.9273149,-157.728323232323,3.548
"4503",450.2,24.9216485,-157.706424528302,3.548
"4504",450.3,24.9063511,-157.595872340425,3.5478829787234
"4505",450.4,24.931963,-157.67498,3.54734
"4506",450.5,24.9231731,-157.600076923077,3.549
"4507",450.6,24.8982323762376,-157.673364583333,3.549
"4508",450.7,24.9083768686869,-157.71247,3.54934
"4509",450.8,24.9159771,-157.70092,3.55049
"4510",450.9,24.9048723,-157.681990291262,3.548
"4511",451,24.9015588,-157.687951456311,3.548
"4512",451.1,24.9245764,-157.704884210526,3.548
"4513",451.2,24.900043030303,-157.767151515152,3.548
"4514",451.3,24.9314235643564,-157.658142857143,3.548
"4515",451.4,24.9365691,-157.653100840336,3.548
"4516",451.5,24.926834950495,-157.7511875,3.54872916666667
"4517",451.6,24.903211,-157.65722,3.54717
"4518",451.7,24.8911676767677,-157.62526,3.54783
"4519",451.8,24.8860051485149,-157.623212962963,3.54715740740741
"4520",451.9,24.9032488888889,-157.704193548387,3.548
"4521",452,24.890986,-157.66856,3.548
"4522",452.1,24.8898114,-157.743212121212,3.548
"4523",452.2,24.9084596969697,-157.658364485981,3.548
"4524",452.3,24.8916412871287,-157.824893617021,3.548
"4525",452.4,24.8903003030303,-157.726424242424,3.54783838383838
"4526",452.5,24.9124141584158,-157.629237623762,3.54733663366337
"4527",452.6,24.905043030303,-157.51716,3.54868
"4528",452.7,24.890028,-157.64188,3.54716
"4529",452.8,24.8963336842105,-157.70036,3.548
"4530",452.9,24.8967021052632,-157.49772,3.548
"4531",453,24.8865402941176,-157.553104,3.548
"4532",453.1,24.9048108080808,-157.547504,3.548
"4533",453.2,24.9134658415842,-157.664706521739,3.548
"4534",453.3,24.898705050505,-157.62503,3.54883
"4535",453.4,24.9308327272727,-157.6383,3.548
"4536",453.5,24.887962970297,-157.4912,3.548
"4537",453.6,24.9034226262626,-157.600354545455,3.54769090909091
"4538",453.7,24.9010401,-157.479538461538,3.54615384615385
"4539",453.8,24.913558,-157.58552,3.548
"4540",453.9,24.9271160606061,-157.584831683168,3.548
"4541",454,24.9316985148515,-157.512848484849,3.548
"4542",454.1,24.8950287878788,-157.64736,3.548
"4543",454.2,24.913978,-157.49072,3.54784
"4544",454.3,24.901327518797,-157.54992,3.54732
"4545",454.4,24.904365112782,-157.463561403509,3.54871929824561
"4546",454.5,24.8895393069307,-157.516894117647,3.54702352941176
"4547",454.6,24.8826423232323,-157.580930693069,3.54783168316832
"4548",454.7,24.8561745,-157.677813084112,3.54714953271028
"4549",454.8,24.8898706060606,-157.469193548387,3.548
"4550",454.9,24.8502844,-157.459792079208,3.548
"4551",455,24.9049704,-157.535071428571,3.548
"4552",455.1,24.8747888888889,-157.454297029703,3.548
"4553",455.2,24.8588858415842,-157.45088,3.54784
"4554",455.3,24.8819948,-157.541509090909,3.54714545454545
"4555",455.4,24.8575646534653,-157.599,3.54813333333333
"4556",455.5,24.8594108,-157.385505050505,3.54951515151515
"4557",455.6,24.8898448484848,-157.425356435644,3.54716831683168
"4558",455.7,24.9112934653465,-157.35828,3.548
"4559",455.8,24.95446,-157.38216,3.548
"4560",455.9,24.9559998019802,-157.357405940594,3.548
"4561",456,24.979883030303,-157.335424242424,3.548
"4562",456.1,24.9497672,-157.38548,3.548
"4563",456.2,24.9737208,-157.536595959596,3.548
"4564",456.3,24.9590244,-157.341138613861,3.548
"4565",456.4,24.9907228712871,-157.40332,3.54784
"4566",456.5,24.9823784848485,-157.380131313131,3.54732323232323
"4567",456.6,24.986558,-157.461594059406,3.54883168316832
"4568",456.7,24.9903336633663,-157.44356,3.548
"4569",456.8,24.9891881818182,-157.561363636364,3.548
"4570",456.9,24.9686515841584,-157.641247524752,3.548
"4571",457,24.9781903030303,-157.493474747475,3.548
"4572",457.1,24.9655786138614,-157.421,3.54817
"4573",457.2,24.967897,-157.551485148515,3.54883168316832
"4574",457.3,24.9324945454545,-157.38512,3.54816
"4575",457.4,24.9503738613861,-157.449646464646,3.549
"4576",457.5,24.9507445454545,-157.531417391304,3.54855652173913
"4577",457.6,24.9349343564357,-157.503534883721,3.54604651162791
"4578",457.7,24.9116218181818,-157.443230769231,3.548
"4579",457.8,24.8546616,-157.45125,3.548
"4580",457.9,24.8744915841584,-157.46,3.548
"4581",458,24.8850481818182,-157.478909090909,3.548
"4582",458.1,24.8989321782178,-157.597090909091,3.548
"4583",458.2,24.9097081818182,-157.510195876289,3.54826804123711
"4584",458.3,24.8813444,-157.484151515152,3.54983838383838
"4585",458.4,24.8572548,-157.365227722772,3.54866336633663
"4586",458.5,24.8804222222222,-157.31152,3.54748
"4587",458.6,24.8735703960396,-157.31204,3.54968
"4588",458.7,24.88541,-157.30976,3.548
"4589",458.8,24.8890447,-157.21901010101,3.548
"4590",458.9,24.9151356,-157.2501,3.548
"4591",459,24.8722387878788,-157.30611,3.548
"4592",459.1,24.8554658823529,-157.44899,3.54817
"4593",459.2,24.8616266666667,-157.40891,3.54866
"4594",459.3,24.8254126732673,-157.412133333333,3.547
"4595",459.4,24.8480144,-157.318252631579,3.547
"4596",459.5,24.8487133333333,-157.24635,3.54717
"4597",459.6,24.8538726732673,-157.3124,3.548
"4598",459.7,24.8054288888889,-157.4069,3.548
"4599",459.8,24.834457029703,-157.372515789474,3.548
"4600",459.9,24.8164088888889,-157.304515789474,3.548
"4601",460,24.8256996,-157.386773584906,3.548
"4602",460.1,24.8378711,-157.340089108911,3.54789108910891
"4603",460.2,24.825848989899,-157.424,3.54728846153846
"4604",460.3,24.8507618811881,-157.288133333333,3.54993333333333
"4605",460.4,24.8022261616162,-157.348114285714,3.54884761904762
"4606",460.5,24.8183397029703,-157.283852631579,3.548
"4607",460.6,24.8143539,-157.302786324786,3.548
"4608",460.7,24.8546213,-157.332700854701,3.548
"4609",460.8,24.8225314851485,-157.338296296296,3.548
"4610",460.9,24.8398666666667,-157.367595744681,3.548
"4611",461,24.834205,-157.346747663551,3.548
"4612",461.1,24.8399651515152,-157.466260869565,3.54808695652174
"4613",461.2,24.8153308,-157.385,3.54867676767677
"4614",461.3,24.8248816,-157.376282051282,3.5472905982906
"4616",461.5,24.8675579207921,-157.374772277228,3.548
"4617",461.6,24.8206744444445,-157.3955,3.548
"4618",461.7,24.8487269,-157.36131,3.548
"4619",461.8,24.8649806,-157.40108,3.548
"4620",461.9,24.9050693,-157.400699029126,3.54816504854369
"4621",462,24.9184107,-157.300714285714,3.54914285714286
"4622",462.1,24.9343392929293,-157.33348,3.54952
"4623",462.2,24.915004,-157.41872,3.54732
"4624",462.3,24.9411402970297,-157.40384,3.54884
"4625",462.4,24.9218182,-157.36772,3.54816
"4626",462.5,24.9194806,-157.399,3.54884
"4627",462.6,24.923135959596,-157.351656565657,3.548
"4628",462.7,24.92867,-157.224118181818,3.548
"4629",462.8,24.942083,-157.270384615385,3.548
"4630",462.9,24.916294,-157.243,3.54784
"4631",463,24.9148204950495,-157.318757575758,3.54732323232323
"4632",463.1,24.9012284848485,-157.270108910891,3.54849504950495
"4633",463.2,24.9072007920792,-157.23508,3.54632
"4634",463.3,24.8868134,-157.204864864865,3.548
"4635",463.4,24.9196643,-157.212833333333,3.54794444444444
"4636",463.5,24.9255986,-157.24345,3.54715
"4637",463.6,24.9074649,-157.124454545455,3.548
"4638",463.7,24.9159067,-157.038142857143,3.548
"4639",463.8,24.8952496969697,-157.176590909091,3.548
"4640",463.9,24.888208,-157.15232,3.548
"4641",464,24.893829,-157.07784,3.54784
"4642",464.1,24.867825,-157.13228,3.54716
"4643",464.2,24.865868,-157.21848,3.54816
"4644",464.3,24.85581,-157.289475247525,3.549
"4645",464.4,24.876172,-157.2049,3.54885
"4646",464.5,24.892861,-157.210575757576,3.548
"4647",464.6,24.877044,-157.300445544554,3.548
"4648",464.7,24.8771238613861,-157.24105,3.548
"4649",464.8,24.8571136,-157.171,3.548
"4650",464.9,24.8746834653465,-157.22704950495,3.548
"4651",465,24.9214255555556,-157.259676767677,3.548
"4652",465.1,24.9264316,-157.271189189189,3.54813513513513
"4653",465.2,24.8873346,-157.195956521739,3.54891304347826
"4654",465.3,24.8825545,-157.08525,3.546875
"4655",465.4,24.8724407,-157.2162,3.54632
"4656",465.5,24.8485804040404,-157.10392,3.548
"4657",465.6,24.849586,-157.2076,3.548
"4658",465.7,24.836237,-157.2676,3.548
"4659",465.8,24.82742,-157.320066666667,3.548
"4660",465.9,24.872789,-157.27908,3.548
"4661",466,24.83436,-157.341785046729,3.548
"4662",466.1,24.903383,-157.268032258064,3.548
"4663",466.2,24.910582,-157.175275862069,3.548
"4665",466.4,24.890037,-157.041679245283,3.54715094339623
"4666",466.5,24.897156,-157.063789473684,3.548
"4667",466.6,24.923544,-157.044601941748,3.548
"4668",466.7,24.9502,-157.145587628866,3.548
"4669",466.8,24.9038404,-157.153575757576,3.54815151515152
"4670",466.9,24.9010742574257,-157.066980392157,3.5488431372549
"4671",467,24.918193,-157.111714285714,3.54814285714286
"4672",467.1,24.9378828712871,-157.02037037037,3.549
"4673",467.2,24.9251996969697,-156.98932038835,3.549
"4674",467.3,24.93586,-157.000346534653,3.5489504950495
"4675",467.4,24.951045,-156.924166666667,3.548
"4676",467.5,24.933608,-157.231215053763,3.548
"4677",467.6,24.922842,-157.246694444445,3.548
"4678",467.7,24.946945,-157.074206521739,3.548
"4679",467.8,24.9243845454546,-157.18045,3.54785
"4680",467.9,24.9546730693069,-157.129294117647,3.54714705882353
"4681",468,24.9635072727273,-157.028402061856,3.54786597938144
"4682",468.1,24.9246179,-157.11852,3.54716
"4683",468.2,24.897333,-157.125,3.54769230769231
"4684",468.3,24.9122008,-157.073350515464,3.54624742268041
"4685",468.4,24.8998896039604,-157.15385,3.548
"4686",468.5,24.88295,-157.041433628319,3.548
"4687",468.6,24.8767879207921,-157.089954022989,3.548
"4688",468.7,24.880339,-157.0763,3.548
"4689",468.8,24.8909662376238,-156.99785,3.5477
"4690",468.9,24.8760387,-156.9353,3.5463
"4691",469,24.8627486868687,-156.961151515151,3.548
"4692",469.1,24.884574,-156.902514851485,3.548
"4693",469.2,24.87472,-156.895363636364,3.548
"4694",469.3,24.864133,-156.941415841584,3.548
"4695",469.4,24.870355,-156.847545454545,3.548
"4696",469.5,24.8472509090909,-156.867653465347,3.548
"4697",469.6,24.8718051,-156.977848484848,3.548
"4698",469.7,24.8937984,-156.912920792079,3.548
"4699",469.8,24.8816869,-156.849848484849,3.54815151515152
"4700",469.9,24.8615631,-156.75268,3.54868
"4701",470,24.8939169,-156.830586206897,3.54713793103448
"4703",470.2,24.8403254545455,-156.8822,3.54632
"4704",470.3,24.9318619,-156.902953271028,3.548
"4705",470.4,24.9489296,-156.824957446809,3.548
"4706",470.5,24.9362229,-156.9725,3.548
"4707",470.6,24.9660757,-156.825666666667,3.548
"4708",470.7,24.9675146464646,-156.98268,3.54816
"4709",470.8,24.9808147524752,-156.92208,3.54868
"4710",470.9,24.9883544,-157.130257425743,3.54715841584158
"4711",471,25.008980990099,-156.93735,3.548
"4712",471.1,25.021881,-156.878787878788,3.54815151515152
"4713",471.2,24.9879245454546,-156.95904,3.54884
"4714",471.3,24.9895546534653,-156.83296,3.548
"4715",471.4,24.9533836363636,-156.85948,3.548
"4716",471.5,24.9808138,-156.871821782178,3.548
"4717",471.6,24.996266,-156.938567307692,3.548
"4718",471.7,24.9965156565657,-157.028936842105,3.548
"4719",471.8,25.0020866336634,-157.053980392157,3.5478431372549
"4720",471.9,24.9989908080808,-156.996571428571,3.54714285714286
"4721",472,24.9852343564356,-156.82664,3.54784
"4722",472.1,24.9932773737374,-156.900619047619,3.54745714285714
"4723",472.2,24.9967588,-156.92985840708,3.54980530973451
"4724",472.3,24.9928454455446,-156.810389380531,3.54803539823009
"4725",472.4,25.0123864646465,-156.839564356436,3.548
"4726",472.5,24.9175039215686,-156.88512,3.548
"4727",472.6,24.8713,-156.951714285714,3.548
"4728",472.7,24.8815692079208,-156.92834375,3.54822916666667
"4729",472.8,24.891271,-156.84555,3.54955
"4730",472.9,24.8891072727273,-156.858681818182,3.54713636363636
"4731",473,24.8698341584158,-156.953215053763,3.54789247311828
"4732",473.1,24.9038772727273,-156.875556701031,3.54637113402062
"4733",473.2,24.8588596,-156.90565,3.54885
"4734",473.3,24.8779193,-156.82485,3.548
"4735",473.4,24.8671355555556,-156.881393939394,3.548
"4736",473.5,24.8779217821782,-156.827386138614,3.548
"4737",473.6,24.879567979798,-156.86796969697,3.54784848484849
"4738",473.7,24.9005952,-156.928346534653,3.54715841584158
"4739",473.8,24.8632096,-156.882848484848,3.54784848484849
"4740",473.9,24.856028,-156.81,3.54716
"4741",474,24.9123118811881,-156.7292,3.54768
"4742",474.1,24.9027017171717,-156.75768,3.54616
"4743",474.2,24.9380596,-156.80204,3.54716
"4744",474.3,24.9013864,-156.728683168317,3.548
"4745",474.4,24.8979476,-156.811516129032,3.548
"4746",474.5,24.8637996,-156.808290322581,3.548
"4747",474.6,24.8544550505051,-156.827722772277,3.548
"4748",474.7,24.8457094117647,-156.87215,3.54785
"4749",474.8,24.844955959596,-156.765409090909,3.54713636363636
"4750",474.9,24.8563461386139,-156.735111111111,3.54794444444444
"4751",475,24.8331266,-156.81675,3.54715
"4752",475.1,24.8882229,-156.78685,3.548
"4753",475.2,24.8677632673267,-156.7782,3.548
"4754",475.3,24.8503718181818,-156.747125,3.548
"4755",475.4,24.8551444,-156.834590909091,3.548
"4756",475.5,24.874415,-156.9086,3.548
"4757",475.6,24.8431178,-156.89775,3.54815
"4758",475.7,24.8579672,-156.795787878788,3.54854545454545
"4759",475.8,24.8220915151515,-156.6906,3.54648
"4760",475.9,24.8254568316832,-156.766955752212,3.549
"4761",476,24.8486393939394,-156.798482758621,3.54903448275862
"4762",476.1,24.855864,-156.815603960396,3.54968316831683
"4763",476.2,24.831158,-156.709939393939,3.548
"4764",476.3,24.8493664,-156.808549019608,3.548
"4765",476.4,24.8527067326733,-156.641050505051,3.54785858585859
"4766",476.5,24.8638535353535,-156.768542372881,3.54712711864407
"4767",476.6,24.8852992,-156.685491525424,3.54797457627119
"4768",476.7,24.8824248,-156.7948,3.54768
"4769",476.8,24.8725532,-156.628424242424,3.54632323232323
"4770",476.9,24.880148,-156.721666666667,3.54783333333333
"4771",477,24.9194363636364,-156.719696969697,3.54715151515152
"4772",477.1,24.883089009901,-156.77368,3.548
"4773",477.2,24.8954788,-156.761171717172,3.548
"4774",477.3,24.9460424,-156.709166666667,3.548
"4775",477.4,24.9160431683168,-156.733616071429,3.548
"4776",477.5,24.9032039393939,-156.752806818182,3.548
"4777",477.6,24.8956385148515,-156.636727272727,3.548
"4778",477.7,24.9023794949495,-156.65376,3.54816
"4779",477.8,24.8867184,-156.66588,3.54884
"4780",477.9,24.8711136,-156.683509803922,3.54752941176471
"4781",478,24.9207680808081,-156.677202020202,3.54542424242424
"4782",478.1,24.9130840594059,-156.540939393939,3.548
"4783",478.2,24.8893687878788,-156.46972,3.548
"4784",478.3,24.8913228,-156.58032,3.548
"4785",478.4,24.8979054,-156.651206896552,3.548
"4786",478.5,24.8952706060606,-156.69,3.548
"4787",478.6,24.8850617647059,-156.630740740741,3.54892592592593
"4788",478.7,24.8794427272727,-156.68132,3.54716
"4789",478.8,24.8796508910891,-156.593666666667,3.54816161616162
"4790",478.9,24.8655504,-156.564075471698,3.54851886792453
"4791",479,24.8495448,-156.544989361702,3.54623404255319
"4792",479.1,24.8753043564356,-156.47394,3.548
"4793",479.2,24.8496388888889,-156.48178,3.548
"4794",479.3,24.8471408910891,-156.59878,3.548
"4795",479.4,24.8393360606061,-156.60575,3.54784259259259
"4796",479.5,24.8496808,-156.486483870968,3.547
"4797",479.6,24.8391032,-156.43948,3.54684
"4798",479.7,24.8475024,-156.466232323232,3.54616161616162
"4799",479.8,24.8462613861386,-156.48113,3.54683
"4800",479.9,24.837233,-156.506673267327,3.54633663366337
"4801",480,24.8544781,-156.64968,3.548
"4802",480.1,24.8620425252525,-156.4946,3.548
"4803",480.2,24.8399824,-156.42932,3.548
"4804",480.3,24.848508,-156.3062,3.548
"4805",480.4,24.840496,-156.508927927928,3.54785585585586
"4806",480.5,24.8454516,-156.369,3.54705555555556
"4807",480.6,24.8412764,-156.430151515151,3.54784848484849
"4808",480.7,24.8133443434343,-156.47884,3.547
"4809",480.8,24.8477711,-156.4312,3.54668
"4810",480.9,24.913109,-156.40056,3.54548
"4811",481,24.9047355445545,-156.378336633663,3.548
"4812",481.1,24.9067564,-156.437151515151,3.548
"4813",481.2,24.9159356,-156.573924528302,3.548
"4814",481.3,24.9067096,-156.547276595745,3.548
"4815",481.4,24.8881208,-156.49589380531,3.548
"4816",481.5,24.9011712,-156.38224137931,3.54803448275862
"4817",481.6,24.9092848,-156.582725490196,3.549
"4818",481.7,24.895758,-156.42523364486,3.5488691588785
"4819",481.8,24.9166843434343,-156.450692307692,3.548
"4820",481.9,24.9168448,-156.331854368932,3.548
"4821",482,24.940073,-156.296350515464,3.548
"4822",482.1,24.9300655,-156.32376,3.548
"4823",482.2,24.9202055,-156.374965517241,3.548
"4825",482.4,24.90733,-156.6106,3.5483
"4826",482.5,24.9066141584158,-156.47255,3.5497
"4827",482.6,24.8974353,-156.277938053097,3.548
"4828",482.7,24.9380843564357,-156.462389473684,3.54797894736842
"4829",482.8,24.9506928,-156.249923076923,3.54715384615385
"4830",482.9,24.9131988,-156.277594059406,3.54884158415842
"4831",483,24.8946716,-156.314545454545,3.548
"4832",483.1,24.9095696,-156.395460674157,3.548
"4833",483.2,24.874318,-156.40704,3.548
"4834",483.3,24.883734,-156.364739130435,3.54813913043478
"4835",483.4,24.8481128,-156.522755813953,3.54901162790698
"4836",483.5,24.849612,-156.419121212121,3.54939393939394
"4837",483.6,24.8643125252525,-156.438652173913,3.54641739130435
"4838",483.7,24.8918771,-156.485173913043,3.54897826086956
"4839",483.8,24.9040535,-156.40634375,3.54709375
"4840",483.9,24.8963198,-156.378693877551,3.548
"4841",484,24.8914392,-156.453,3.548
"4842",484.1,24.872876969697,-156.5584,3.548
"4843",484.2,24.8526207920792,-156.398285714286,3.548
"4844",484.3,24.8666008,-156.45385106383,3.54789361702128
"4845",484.4,24.8655466,-156.29052,3.54748
"4846",484.5,24.8754426,-156.457287128713,3.54968316831683
"4847",484.6,24.9045884848485,-156.257363636364,3.54815151515152
"4848",484.7,24.8968897029703,-156.340547169811,3.54915094339623
"4849",484.8,24.8940381818182,-156.299914893617,3.54978723404255
"4850",484.9,24.8912289108911,-156.340099009901,3.548
"4851",485,24.9122898,-156.277971698113,3.548
"4852",485.1,24.942906,-156.482161290323,3.548
"4853",485.2,24.9441876237624,-156.51188,3.548
"4854",485.3,24.9446211111111,-156.45776,3.54816
"4855",485.4,24.9255392,-156.42644,3.54852
"4856",485.5,24.9097966,-156.40792,3.54632
"4857",485.6,24.910301,-156.2654,3.54816
"4858",485.7,24.8897275,-156.231254237288,3.54872881355932
"4859",485.8,24.9107248484848,-156.201593220339,3.54703389830509
"4860",485.9,24.9078654,-156.330575757576,3.548
"4861",486,24.8818904,-156.39876,3.548
"4862",486.1,24.9246744,-156.24304,3.548
"4863",486.2,24.941986,-156.263435643564,3.548
"4864",486.3,24.9525853535354,-156.294205882353,3.54814705882353
"4865",486.4,24.9324700980392,-156.328571428571,3.549
"4866",486.5,24.9058118181818,-156.275303030303,3.54884848484848
"4867",486.6,24.9153210891089,-156.240663865546,3.54813445378151
"4868",486.7,24.9468586,-156.18856302521,3.54897478991597
"4869",486.8,24.9502023,-156.33285,3.548
"4870",486.9,24.9287979207921,-156.3021,3.548
"4871",487,24.9496712121212,-156.2365,3.548
"4872",487.1,24.9498530693069,-156.285653225806,3.548
"4873",487.2,24.9518387878788,-156.330008064516,3.548
"4874",487.3,24.9551341,-156.268606060606,3.547
"4875",487.4,24.9469721,-156.31104,3.54748
"4876",487.5,24.9698718181818,-156.21064,3.54952
"4877",487.6,24.9326266336634,-156.142234782609,3.54741739130435
"4878",487.7,24.9490821212121,-156.088576470588,3.54996470588235
"4879",487.8,24.9439192,-156.12372,3.54716
"4880",487.9,24.9311584,-156.0764,3.548
"4881",488,24.9378994949495,-156.204297029703,3.548
"4882",488.1,24.9144102941176,-156.27085,3.548
"4883",488.2,24.9035096969697,-156.336939393939,3.54815151515152
"4884",488.3,24.9142188,-156.307069565217,3.54913913043478
"4885",488.4,24.9251014,-156.158606382979,3.54996808510638
"4886",488.5,24.9355867676768,-156.126538461538,3.54715384615385
"4887",488.6,24.9130184158416,-156.181475247525,3.54868316831683
"4888",488.7,24.9164309090909,-156.171272727273,3.54715151515152
"4889",488.8,24.9097484158416,-156.0808,3.548
"4890",488.9,24.8948434,-156.020237623762,3.548
"4891",489,24.9378274,-156.232227272727,3.548
"4892",489.1,24.9454137623762,-156.221,3.548
"4893",489.2,24.9275927272727,-156.203891089109,3.54784158415842
"4894",489.3,24.9158287128713,-156.12155,3.547
"4895",489.4,24.9016066666667,-156.165,3.547
"4896",489.5,24.9339032,-156.151099009901,3.54715841584158
"4897",489.6,24.9338862,-156.211,3.548
"4898",489.7,24.9304932323232,-156.12165,3.548
"4899",489.8,24.9538912871287,-156.08545,3.548
"4900",489.9,24.9424573737374,-156.0344,3.548
"4901",490,24.9119875,-156.1202,3.548
"4902",490.1,24.922371,-156.16365,3.548
"4903",490.2,24.9348085,-156.25145,3.548
"4904",490.3,24.9622087128713,-156.1087,3.548
"4905",490.4,24.966625050505,-156.0578,3.54785
"4906",490.5,24.9978096039604,-156.07985,3.5476
"4907",490.6,25.0126762,-156.125333333333,3.55054545454546
"4908",490.7,25.048797,-156.01184,3.548
"4909",490.8,24.9970046534653,-156.050128205128,3.548
"4910",490.9,24.9828815151515,-156.03217948718,3.548
"4911",491,24.974253960396,-156.11176,3.548
"4912",491.1,24.9671687878788,-156.019485148515,3.54784158415842
"4913",491.2,24.9646444,-156.02435,3.54715
"4914",491.3,24.9800952,-155.95672972973,3.54772972972973
"4915",491.4,24.973523,-156.016978947368,3.54608421052632
"4916",491.5,24.9971416,-155.970329787234,3.5481914893617
"4917",491.6,24.9775537373737,-155.948857142857,3.54971428571429
"4918",491.7,24.9914889108911,-155.872787234043,3.548
"4919",491.8,24.9923735353535,-155.996085714286,3.548
"4920",491.9,24.970672,-155.981157894737,3.548
"4921",492,25.0044824752475,-155.9132,3.54784
"4922",492.1,24.9672764646465,-155.936900990099,3.54731683168317
"4923",492.2,24.9737676237624,-155.884128712871,3.54885148514852
"4924",492.3,25.0255447474747,-155.99996969697,3.54785858585859
"4925",492.4,25.001252,-155.94395,3.54715
"4926",492.5,25.020312,-156.0087,3.548
"4927",492.6,24.977025,-155.97615,3.548
"4928",492.7,24.9790261386139,-155.72675,3.548
"4929",492.8,24.9885195959596,-155.8791,3.548
"4930",492.9,24.9705515,-156.02165,3.54785
"4931",493,24.9476077227723,-155.9019,3.54715
"4932",493.1,24.9891404,-155.95345,3.548
"4933",493.2,24.9725818,-156.011318181818,3.54772727272727
"4934",493.3,24.9869502020202,-155.925222222222,3.54611111111111
"4935",493.4,24.97429,-155.8423,3.5474
"4936",493.5,24.9811515,-155.924247524752,3.54444554455446
"4937",493.6,24.9793935,-155.888857142857,3.54714285714286
"4938",493.7,24.954941,-155.853803921569,3.548
"4939",493.8,24.9728231313131,-155.936343434343,3.548
"4940",493.9,24.999588019802,-155.983651785714,3.548
"4941",494,24.9736970707071,-155.958068965517,3.54796551724138
"4942",494.1,25.0079836,-155.8488,3.547
"4943",494.2,24.9839582178218,-155.858333333333,3.547
"4944",494.3,24.9865155,-155.893,3.54691304347826
"4945",494.4,25.004469009901,-155.94252,3.54616
"4946",494.5,25.0023237373737,-155.970869565217,3.54713913043478
"4947",494.6,24.9822846534654,-155.903258823529,3.548
"4948",494.7,24.9596074,-156.00884,3.548
"4949",494.8,24.9839302,-156.030336633663,3.548
"4950",494.9,24.9753616,-156.094454545455,3.548
"4951",495,24.9537071717172,-155.80772,3.54784
"4952",495.1,24.9616385148515,-155.918514851485,3.54715841584158
"4953",495.2,24.972531010101,-155.9541,3.548
"4954",495.3,24.950907,-155.788090909091,3.54769696969697
"4955",495.4,24.9546705,-155.85036,3.54632
"4956",495.5,24.965722,-155.91208,3.548
"4957",495.6,25.0197845,-155.91996,3.548
"4958",495.7,25.018301010101,-155.905742574257,3.548
"4959",495.8,25.0300336,-155.923333333333,3.548
"4960",495.9,25.0640349504951,-155.937683168317,3.548
"4961",496,25.034449,-155.76572972973,3.54772972972973
"4962",496.1,25.0150255,-155.767227272727,3.54595454545455
"4963",496.2,25.01789,-155.827871287129,3.54531683168317
"4964",496.3,24.9612372,-155.7891,3.5467
"4965",496.4,24.9823228,-155.7855,3.54545
"4966",496.5,24.9587048,-155.7784,3.548
"4967",496.6,24.9604554455446,-155.7227,3.548
"4968",496.7,24.8929125,-155.908945945946,3.548
"4969",496.8,24.896418,-155.913247191011,3.54795505617978
"4970",496.9,24.8923915,-155.877212121212,3.547
"4971",497,24.9041015,-155.882490566038,3.54715094339623
"4972",497.1,24.9003505,-155.865263157895,3.54789473684211
"4973",497.2,24.9191865,-155.7802,3.54715
"4974",497.3,24.8958035,-155.740853448276,3.548
"4975",497.4,24.877515959596,-155.886543103448,3.548
"4976",497.5,24.8872256,-155.88264,3.548
"4977",497.6,24.884972,-155.747465346535,3.548
"4978",497.7,24.8782264,-155.899486725664,3.548
"4979",497.8,24.906366,-155.871540229885,3.54797701149425
"4980",497.9,24.8731244,-155.952454545455,3.547
"4981",498,24.8909481818182,-155.999,3.54716
"4982",498.1,24.868682970297,-155.790900990099,3.54815841584158
"4983",498.2,24.8447192,-155.795356435644,3.54870297029703
"4984",498.3,24.8399485148515,-155.77028,3.54686
"4985",498.4,24.854399,-155.808919191919,3.54628282828283
"4986",498.5,24.8731912121212,-155.782263157895,3.548
"4987",498.6,24.8680094059406,-155.850279069767,3.548
"4988",498.7,24.9059398989899,-155.872366336634,3.54785148514852
"4989",498.8,24.8939084,-155.87938,3.54714
"4990",498.9,24.8763864,-155.97468,3.54786
"4991",499,24.8477536,-155.91946,3.547
"4992",499.1,24.9034486138614,-155.78044,3.54714
"4993",499.2,24.8637943434343,-155.77952,3.54828
"4994",499.3,24.8822752,-155.79276,3.54958
"4995",499.4,24.8858368,-155.792495495496,3.54712612612613
"4996",499.5,24.8744684,-155.889247706422,3.548
"4997",499.6,24.8870556,-155.997504587156,3.548
"4998",499.7,24.8644339393939,-155.91144,3.548
"4999",499.8,24.8478730693069,-155.983393939394,3.54785858585859
"5000",499.9,24.8641832,-155.918307692308,3.54688461538462
"5001",500,24.87905,-155.913692307692,3.54611538461538
"5002",500.1,24.9026032,-155.8086,3.5463
"5003",500.2,24.8660133333333,-155.80295,3.5477
"5004",500.3,24.8780902,-155.85535,3.5463
"5005",500.4,24.8354223,-155.86835,3.548
"5006",500.5,24.8751373267327,-155.72355,3.548
"5007",500.6,24.854366,-155.79075,3.548
"5008",500.7,24.9240284,-155.629089108911,3.54785148514852
"5009",500.8,24.9350492079208,-155.74762,3.547
"5010",500.9,24.927822020202,-155.70654,3.54714
"5011",501,24.9395288,-155.559882352941,3.54823529411765
"5012",501.1,24.9590572,-155.673327731092,3.54991596638655
"5013",501.2,24.9450852,-155.55772,3.546
"5014",501.3,24.959302,-155.586855670103,3.54624742268041
"5015",501.4,24.9571272727273,-155.61099009901,3.548
"5016",501.5,24.9620549,-155.679090909091,3.548
"5017",501.6,24.9417721,-155.730643564356,3.548
"5018",501.7,24.9615682,-155.814919191919,3.54785858585859
"5019",501.8,24.9782729,-155.6176,3.5473
"5020",501.9,24.9653565656566,-155.669297297297,3.5485945945946
"5021",502,24.965637254902,-155.645446808511,3.54612765957447
"5022",502.1,24.9573593939394,-155.4853,3.549
"5023",502.2,24.9456712871287,-155.400263157895,3.54878947368421
"5024",502.3,24.93152,-155.636102803738,3.547
"5025",502.4,24.9292336363636,-155.565085106383,3.547
"5026",502.5,24.9663569306931,-155.669393939394,3.54714141414141
"5027",502.6,24.9850051515152,-155.76135,3.54785
"5028",502.7,24.9854727722772,-155.708504950495,3.54714851485148
"5029",502.8,24.9938287878788,-155.839383838384,3.54814141414141
"5030",502.9,24.9896765,-155.77104950495,3.54885148514852
"5031",503,24.9780440594059,-155.705113043478,3.548
"5032",503.1,24.9930754545455,-155.641634782609,3.548
"5033",503.2,24.9705681188119,-155.60523853211,3.54712844036697
"5034",503.3,24.9790551515151,-155.541555555556,3.54794444444444
"5035",503.4,25.0124076,-155.605198019802,3.547
"5036",503.5,25.0283874,-155.7357,3.54714
"5037",503.6,25.0137317171717,-155.80976,3.54786
"5038",503.7,24.9992964705882,-155.71168,3.547
"5039",503.8,25.0107733333333,-155.721292929293,3.54714141414141
"5040",503.9,25.0150882,-155.69855,3.548
"5041",504,25.0090505,-155.58882300885,3.54786725663717
"5042",504.1,24.9960638383838,-155.553681818182,3.547
"5043",504.2,25.002398019802,-155.484696969697,3.54714141414141
"5044",504.3,24.9830432323232,-155.42725,3.548
"5045",504.4,24.983163960396,-155.533910891089,3.548
"5046",504.5,24.9611804,-155.5836,3.548
"5047",504.6,24.9467066,-155.577849557522,3.548
"5048",504.7,24.9730654455446,-155.598372093023,3.54798837209302
"5049",504.8,24.9902572727273,-155.61603960396,3.54729702970297
"5050",504.9,24.9649733663366,-155.548868686869,3.54885858585859
"5051",505,24.9600990909091,-155.613188118812,3.548
"5052",505.1,24.9367194,-155.538110091743,3.54774311926605
"5053",505.2,24.9553709,-155.565395604396,3.54610989010989
"5054",505.3,24.9269581818182,-155.5445,3.54788333333333
"5055",505.4,24.9577976237624,-155.4695,3.54705
"5056",505.5,24.9638843434343,-155.448875,3.547875
"5057",505.6,24.9460266,-155.497734693878,3.54702040816327
"5058",505.7,24.9473652,-155.5336,3.54796
"5059",505.8,24.9565367676768,-155.538977777778,3.54708888888889
"5060",505.9,24.9837385294118,-155.336373737374,3.54885858585859
"5061",506,24.9610252525252,-155.297069306931,3.548
"5062",506.1,24.9644114851485,-155.356868686869,3.54814141414141
"5063",506.2,24.946294,-155.26455,3.54885
"5064",506.3,24.9661,-155.2821,3.548
"5065",506.4,24.9540521,-155.42375,3.548
"5066",506.5,24.9380714141414,-155.56,3.54785
"5067",506.6,24.9914074257426,-155.43875,3.547
"5068",506.7,24.9874161616162,-155.424189655172,3.547
"5069",506.8,24.9749324,-155.412120689655,3.547
"5070",506.9,25.0139964356436,-155.203141414141,3.547
"5071",507,24.9913671,-155.36395,3.5473
"5072",507.1,24.9619471,-155.298448598131,3.54871962616822
"5073",507.2,24.9761488888889,-155.235677419355,3.547
"5074",507.3,24.989935,-155.151789473684,3.54713157894737
"5075",507.4,24.996237,-155.321442307692,3.54799038461538
"5076",507.5,25.021448,-155.265673076923,3.54702884615385
"5077",507.6,25.0053582178218,-155.232842105263,3.547
"5078",507.7,24.9909074747475,-155.18702,3.54686
"5079",507.8,24.9852251485149,-155.261767676768,3.54628282828283
"5080",507.9,25.0312672727273,-155.203118811881,3.54785148514852
"5081",508,25.0044174,-155.067525252525,3.547
"5082",508.1,24.9971174,-155.184736842105,3.547
"5083",508.2,25.02344,-155.21591954023,3.547
"5084",508.3,24.9958527722772,-155.206313131313,3.547
"5085",508.4,24.982991,-155.181367924528,3.54714150943396
"5086",508.5,25.004496,-155.136727272727,3.548
"5087",508.6,24.992820990099,-155.220145833333,3.548
"5088",508.7,24.9968394949495,-155.254757575758,3.54771717171717
"5089",508.8,24.9538585148515,-155.138056603774,3.54628301886792
"5090",508.9,24.9904287878788,-155.119818181818,3.54781818181818
"5091",509,24.966269,-155.293416666667,3.54620833333333
"5092",509.1,24.9298528,-155.24518,3.548
"5093",509.2,24.9269026262626,-155.18708,3.54786
"5094",509.3,24.9529111764706,-155.17476,3.54714
"5095",509.4,24.9241296969697,-155.23818,3.548
"5096",509.5,24.9196392,-155.175176470588,3.548
"5097",509.6,24.9669528,-155.112151260504,3.548
"5098",509.7,24.9154018,-155.14702970297,3.54885148514852
"5099",509.8,24.9043046,-155.28787037037,3.548
"5100",509.9,24.917136969697,-155.193065217391,3.54813043478261
"5101",510,24.9105923529412,-155.20604,3.54958
"5102",510.1,24.9473087878788,-155.26474,3.54714
"5103",510.2,24.9384758,-155.15294,3.54786
"5104",510.3,24.9354772,-155.044882352941,3.547
"5105",510.4,24.9572152,-155.066145631068,3.547
"5106",510.5,24.9588066,-155.083585106383,3.54709574468085
"5107",510.6,24.9847752525252,-155.0434,3.548
"5108",510.7,24.966082970297,-155.15945,3.54755
"5109",510.8,24.9645338,-155.156,3.54545
"5110",510.9,24.9935474,-155.1301,3.5477
"5111",511,24.9495402,-155.17465,3.5463
"5112",511.1,24.9424658,-155.1721,3.54785
"5113",511.2,24.9350488,-155.1935,3.54715
"5114",511.3,24.945581010101,-155.11305,3.54785
"5115",511.4,24.9541941,-154.925178217822,3.54714851485148
"5116",511.5,24.9626704950495,-155.08954,3.548
"5117",511.6,24.9639082,-155.1217,3.54814
"5118",511.7,24.9622248,-155.018,3.54886
"5119",511.8,24.9834462,-155.16114,3.54786
"5120",511.9,24.9495206060606,-155.236087719298,3.54687719298246
"5121",512,24.9581493,-155.151,3.546
"5123",512.2,24.9643951485149,-155.068816513761,3.548
"5124",512.3,24.9320992,-155.270152173913,3.548
"5125",512.4,24.9231004,-155.187,3.548
"5126",512.5,24.9363756,-155.1705,3.548
"5127",512.6,24.9238218,-155.0905,3.5477
"5128",512.7,24.9531168,-155.179837837838,3.54613513513513
"5129",512.8,24.9435966,-155.261056179775,3.54695505617978
"5130",512.9,24.9540622,-155.22915,3.5463
"5131",513,24.9576316,-155.165,3.548
"5132",513.1,24.9316656565656,-155.184727272727,3.54784848484848
"5133",513.2,24.9348155,-155.203801980198,3.54715841584158
"5134",513.3,24.9828056,-155.21485,3.54785
"5135",513.4,25.0114753,-155.17755,3.54715
"5136",513.5,24.9866698989899,-155.2474,3.5477
"5137",513.6,24.98268,-155.151606060606,3.54615151515152
"5138",513.7,24.9916211764706,-155.03708,3.54716
"5139",513.8,25.0036193939394,-155.14644,3.54832
"5140",513.9,25.0121697029703,-155.096440366973,3.54955963302752
"5141",514,25.0001292,-155.012076923077,3.547
"5142",514.1,24.9913272727273,-155.10132,3.547
"5143",514.2,25.0130396039604,-155.172,3.54714285714286
"5144",514.3,25.0208547474748,-155.080516853933,3.54795505617978
"5145",514.4,25.0017933,-155.06565,3.54715
"5146",514.5,25.0133018,-155.14995,3.54785
"5147",514.6,24.9964514,-155.08685,3.5473
"5148",514.7,25.0381834653465,-155.037594059406,3.54870297029703
"5149",514.8,25.0187568686869,-154.965464646465,3.54671717171717
"5150",514.9,25.0079834653465,-155.026567567568,3.54527027027027
"5151",515,25.0211078,-155.006911111111,3.547
"5152",515.1,25.0019172,-154.937101010101,3.547
"5153",515.2,24.9987956,-155.045055555556,3.547
"5154",515.3,25.0066195959596,-155.036615384615,3.547
"5155",515.4,24.9905267326733,-155.060350877193,3.547
"5156",515.5,24.9766482828283,-154.937581395349,3.54704651162791
"5157",515.6,24.9505225,-154.870376237624,3.54868316831683
"5158",515.7,25.0029115151515,-155.0566,3.54715
"5159",515.8,24.97076,-155.070316831683,3.548
"5160",515.9,24.9709262626263,-155.043733333333,3.54786666666667
"5161",516,24.9493,-155.123785046729,3.547
"5162",516.1,24.9259732673267,-155.162431818182,3.547
"5163",516.2,24.9213048,-155.061866666667,3.54713333333333
"5164",516.3,24.9015095,-155.129653465347,3.54791089108911
"5165",516.4,24.9264520792079,-155.160787234043,3.54717021276596
"5166",516.5,24.9145367676768,-155.083111111111,3.54885858585859
"5167",516.6,24.9138218811881,-155.000514851485,3.548
"5168",516.7,24.9506384,-154.95906,3.54758
"5169",516.8,24.953056,-155.25812,3.54528
"5170",516.9,24.9380568,-155.077585858586,3.547
"5171",517,24.949608989899,-155.0254,3.547
"5172",517.1,24.9581106930693,-155.22198019802,3.547
"5173",517.2,24.9644272727273,-155.01926,3.54714
"5174",517.3,24.9374135,-155.092,3.547875
"5175",517.4,24.9056181818182,-154.948908045977,3.54702298850575
"5176",517.5,24.9258,-155.087524752475,3.548
"5177",517.6,24.89647,-154.947818181818,3.54771717171717
"5178",517.7,24.91947,-155.0533,3.54615
"5179",517.8,24.9006170588235,-155.04327027027,3.547
"5180",517.9,24.9169882,-155.082617977528,3.547
"5181",518,24.9127665656566,-155.191909090909,3.54713636363636
"5182",518.1,24.9232669306931,-155.124651376147,3.54795412844037
"5183",518.2,24.909463030303,-155.057678899083,3.54703669724771
"5184",518.3,24.9098848484849,-155.05525,3.548
"5185",518.4,24.9104,-155.029920792079,3.54785148514852
"5186",518.5,24.91491,-155.09546,3.547
"5187",518.6,24.915796969697,-155.03516,3.54686
"5188",518.7,24.8871,-154.98602,3.54628
"5189",518.8,24.8965509803921,-154.981947826087,3.54787826086957
"5190",518.9,24.9328812121212,-154.995860869565,3.54700869565217
"5191",519,24.9314878,-155.027576086957,3.547
"5192",519.1,24.9280803030303,-155.168178217822,3.547
"5193",519.2,24.92405,-155.22652,3.54714
"5194",519.3,24.8916224242424,-155.12254,3.548
"5195",519.4,24.94638,-154.92988,3.54814
"5196",519.5,24.90989,-155.01097979798,3.54885858585859
"5198",519.7,24.9318821782178,-155.1606,3.54785
"5200",519.9,24.9626731683168,-155.123811965812,3.547
"5201",520,24.95199,-155.00694,3.54714
"5202",520.1,24.9532,-154.972407407407,3.548
"5203",520.2,24.94002,-154.907608695652,3.548
"5204",520.3,24.9370356565657,-154.9209,3.54786
"5205",520.4,24.94747,-155.02794949495,3.547
"5206",520.5,24.9430091919192,-154.959336633663,3.54714851485148
"5207",520.6,24.92809,-154.87778,3.548
"5208",520.7,24.93776,-154.87788,3.54786
"5209",520.8,24.96394,-154.999050847458,3.547
"5210",520.9,24.95258,-154.992271186441,3.547
"5211",521,24.9720595959596,-154.969574074074,3.547
"5212",521.1,24.9611,-154.919326086957,3.547
"5213",521.2,24.9905552525253,-155.002881355932,3.5468813559322
"5214",521.3,24.94803,-154.952033898305,3.54603389830508
"5215",521.4,24.99692,-154.911048780488,3.548
"5216",521.5,24.9992,-154.825682926829,3.548
"5217",521.6,24.97523,-154.729706521739,3.54692391304348
"5218",521.7,24.9960876767677,-154.87185,3.54615
"5219",521.8,24.97132,-154.810297297297,3.547
"5220",521.9,25.02704,-154.863966292135,3.54704494382023
"5221",522,24.99066,-154.9973,3.54785
"5222",522.1,25.01057,-154.89495,3.547
"5224",522.3,24.997022970297,-154.9539,3.547
"5225",522.4,24.99532,-154.847699115044,3.547
"5226",522.5,25.0101,-154.898295454545,3.54702272727273
"5227",522.6,24.97699,-154.927686868687,3.54785858585859
"5228",522.7,24.9922856565656,-155.013719626168,3.547
"5229",522.8,25.01172,-154.910021505376,3.547
"5230",522.9,25.029792020202,-154.82155,3.547
"5231",523,24.98659,-154.9057,3.547
"5232",523.1,24.98722,-154.8235,3.54713636363636
"5233",523.2,24.98723,-154.858111111111,3.54794444444444
"5234",523.3,24.98208,-154.9635,3.54685
"5236",523.5,24.9780974,-154.84495,3.5466
"5237",523.6,24.9685889000001,-154.97824,3.54964
"5238",523.7,25.0328297,-154.99984,3.54724
"5239",523.8,25.0328053465347,-154.955616161616,3.547
"5241",524,25.056122,-154.953460869565,3.547
"5242",524.1,25.0504536633663,-154.854842105263,3.54709473684211
"5243",524.2,25.05782,-154.82232,3.54814
"5244",524.3,25.03281,-154.9469,3.54886
"5246",524.5,25.0267253465346,-154.740455445545,3.54641584158416
"5248",524.7,25.0546505,-154.888801980198,3.547
"5249",524.8,25.0753710891089,-154.84556,3.547
"5250",524.9,25.06348,-154.777415841584,3.547
"5251",525,25.00879,-154.861353535354,3.54713131313131
"5253",525.2,25.0321598,-154.74996969697,3.54871717171717
"5254",525.3,25.0812537,-154.827900990099,3.547
"5255",525.4,25.0425897,-154.69352,3.54728
"5256",525.5,25.0009910891089,-154.730879310345,3.54887931034483
"5257",525.6,25.0021,-154.580017241379,3.54801724137931
"5259",525.8,25.0593943,-154.657121212121,3.547
"5260",525.9,25.0455669,-154.832722772277,3.547
"5261",526,25.0064625,-154.77406,3.54714
"5262",526.1,24.9878713,-154.699838383838,3.54785858585859
"5263",526.2,24.9851949,-154.8639,3.54715
"5264",526.3,25.0016282,-154.776310344828,3.548
"5265",526.4,25.011963,-154.838379310345,3.548
"5266",526.5,24.9746458415842,-154.8268,3.54613333333333
"5267",526.6,24.97523,-154.817909090909,3.547
"5268",526.7,24.99173,-154.682882352941,3.547
"5270",526.9,25.0009357,-154.832617647059,3.547
"5271",527,24.9978182,-154.797787878788,3.547
"5272",527.1,25.025274,-154.8911,3.54686
"5273",527.2,25.016328,-154.89252,3.54614
"5274",527.3,24.9736007,-154.814080808081,3.54685858585859
"5275",527.4,24.9777098989899,-154.79285,3.54615
"5276",527.5,24.9861094,-154.93,3.547
"5277",527.6,25.0133166,-154.83197979798,3.547
"5278",527.7,24.9788314851485,-154.7593,3.547
"5279",527.8,24.95382,-154.756396039604,3.547
"5280",527.9,24.969421,-154.719286956522,3.547
"5281",528,24.9461298,-154.642765217391,3.547
"5282",528.1,24.9824554,-154.69045,3.5463
"5283",528.2,24.9544905,-154.74985,3.54785
"5284",528.3,24.9749479,-154.7731,3.54715
"5285",528.4,24.937149,-154.715428571429,3.548
"5286",528.5,24.9401623,-154.692631578947,3.54789473684211
"5287",528.6,24.9543873737374,-154.608724770642,3.547
"5288",528.7,24.9678846534653,-154.788076923077,3.547
"5289",528.8,24.9699635,-154.693564356436,3.547
"5290",528.9,25.0055184,-154.723191919192,3.547
"5291",529,24.9629611,-154.75455,3.5473
"5292",529.1,24.979858989899,-154.608871287129,3.54929702970297
"5293",529.2,24.9759314851485,-154.565117647059,3.55045098039216
"5294",529.3,24.979988989899,-154.549204081633,3.547
"5295",529.4,24.9344822772277,-154.549972477064,3.547
"5296",529.5,24.966559,-154.450291666667,3.547
"5297",529.6,24.9459582828283,-154.499659574468,3.547
"5298",529.7,24.9741763366337,-154.59195,3.547
"5299",529.8,24.9726074747475,-154.694455445545,3.547
"5300",529.9,24.9827174,-154.64926,3.54714
"5301",530,25.0111004,-154.72352173913,3.54787826086957
"5302",530.1,25.0628112,-154.584391304348,3.54700869565217
"5303",530.2,25.0268664356436,-154.595387096774,3.547
"5304",530.3,25.0395201010101,-154.53735,3.5473
"5305",530.4,25.035386039604,-154.426,3.54872972972973
"5306",530.5,25.0242881,-154.431063829787,3.547
"5307",530.6,25.0233033,-154.549791666667,3.547
"5308",530.7,25.0421777,-154.57966,3.547
"5309",530.8,25.0165553535353,-154.522368932039,3.5471359223301
"5310",530.9,25.0500962376238,-154.601112244898,3.54788775510204
"5311",531,25.0352329292929,-154.591785714286,3.54686734693878
"5312",531.1,25.0522364,-154.513861386139,3.54614851485149
"5313",531.2,25.0541354,-154.46736,3.54742
"5314",531.3,25.0122407070707,-154.57526,3.54958
"5315",531.4,25.0360193069307,-154.57684,3.547
"5316",531.5,25.067154040404,-154.541522522523,3.547
"5317",531.6,25.0715140594059,-154.561865168539,3.547
"5318",531.7,25.0176382089552,-154.64795959596,3.547
"5319",531.8,25.0236930597015,-154.655663366337,3.547
"5320",531.9,25.0205627722772,-154.578495049505,3.54713861386139
"5322",532.1,24.97422,-154.547282828283,3.547
"5323",532.2,24.9747834343434,-154.544588235294,3.54674789915966
"5324",532.3,25.0295446,-154.515176470588,3.54506722689076
"5325",532.4,25.0076494,-154.562181818182,3.547
"5326",532.5,25.027903030303,-154.670480392157,3.547
"5327",532.6,25.0139679411765,-154.679153061224,3.547
"5328",532.7,25.0294445454545,-154.474276190476,3.547
"5329",532.8,25.0327266,-154.637978723404,3.54717021276596
"5330",532.9,25.0277756,-154.611475247525,3.54886138613861
"5331",533,25.0329444444444,-154.51812,3.548
"5332",533.1,25.0085722772277,-154.539242990654,3.54775700934579
"5333",533.2,24.9978038383838,-154.538446808511,3.5461914893617
"5334",533.3,25.0093682178218,-154.52812,3.54876
"5335",533.4,24.9691518,-154.720939393939,3.547
"5336",533.5,24.9704836363636,-154.671444444444,3.547
"5337",533.6,24.9835916831683,-154.628709401709,3.547
"5338",533.7,24.994134949495,-154.5576875,3.54703125
"5339",533.8,24.9954067326733,-154.557308510638,3.54814893617021
"5340",533.9,24.9817874747475,-154.654594059406,3.54974257425742
"5341",534,24.9915593,-154.522641509434,3.54777358490566
"5342",534.1,24.982800990099,-154.468456521739,3.54606521739131
"5343",534.2,25.0040967676768,-154.523029126214,3.5471359223301
"5344",534.3,25.022085,-154.550463917526,3.54788659793814
"5345",534.4,25.0449551515151,-154.50982,3.547
"5346",534.5,25.0700742,-154.492831683168,3.547
"5347",534.6,25.0280484,-154.585218487395,3.54710924369748
"5348",534.7,25.0475687878788,-154.586899159664,3.54794957983193
"5349",534.8,25.047226039604,-154.483454545454,3.54687878787879
"5350",534.9,25.0373287878788,-154.64895959596,3.54626262626263
"5351",535,25.0079161,-154.497772277228,3.548
"5352",535.1,25.0313952,-154.35898989899,3.54813131313131
"5353",535.2,25.0413381818182,-154.47534,3.54872
"5354",535.3,25.0222982178218,-154.461058823529,3.547
"5355",535.4,25.0050184848485,-154.474979591837,3.547
"5356",535.5,25.0277133663366,-154.503207920792,3.547
"5357",535.6,25.0266066,-154.638396396396,3.547
"5358",535.7,24.9746674999999,-154.659977777778,3.547
"5359",535.8,25.0447865346535,-154.48312244898,3.547
"5360",535.9,25.0455646464647,-154.472745098039,3.547
"5361",536,25.0265516831683,-154.415165048544,3.54711650485437
"5362",536.1,25.0629448484848,-154.509410526316,3.54818947368421
"5363",536.2,25.0351193,-154.451702970297,3.54958415841584
"5364",536.3,25.0370012,-154.420237623762,3.547
"5365",536.4,25.0265884848485,-154.39268,3.547
"5366",536.5,25.0645309803922,-154.415,3.547
"5367",536.6,25.0622128282828,-154.329575757576,3.547
"5368",536.7,25.0552225742574,-154.34837254902,3.547
"5369",536.8,25.0440383838384,-154.397204081633,3.54724489795918
"5370",536.9,25.0361988,-154.365378640777,3.54872815533981
"5371",537,25.0359212,-154.334053097345,3.54690265486726
"5372",537.1,25.0282354545455,-154.316353982301,3.54601769911504
"5373",537.2,25.0283791089109,-154.325361702128,3.54517021276596
"5374",537.3,25.0043160606061,-154.187405940594,3.547
"5375",537.4,25.0036392,-154.30735,3.547
"5376",537.5,25.013868,-154.301859649123,3.54711403508772
"5377",537.6,25.0235252,-154.293087719298,3.54799122807018
"5378",537.7,25.0202234653465,-154.315460784314,3.54721568627451
"5379",537.8,25.0192636363636,-154.310485714286,3.54925714285714
"5380",537.9,25.0385554455445,-154.301483516484,3.55173626373626
"5381",538,24.9990751,-154.228346534653,3.54625742574257
"5382",538.1,24.9961938,-154.245060606061,3.548
"5383",538.2,24.9922798019802,-154.209484848485,3.54786868686869
"5384",538.3,25.0082008080808,-154.25018,3.547
"5385",538.4,25.0053393069307,-154.215683168317,3.547
"5386",538.5,25.037226969697,-154.338919191919,3.54713131313131
"5387",538.6,25.0327574,-154.334300813008,3.54788617886179
"5388",538.7,25.0491119,-154.257878048781,3.54707317073171
"5389",538.8,25.0264351515152,-154.41042,3.54714
"5390",538.9,25.0227001980198,-154.322702970297,3.54786138613861
"5391",539,25.0138709090909,-154.28599,3.54726
"5392",539.1,25.0255328,-154.199018518518,3.54875925925926
"5393",539.2,25.0138588,-154.058489130435,3.547
"5394",539.3,25.0352328282828,-154.15166,3.547
"5395",539.4,24.9870970588235,-154.151810810811,3.547
"5396",539.5,25.0288384848485,-154.267702127659,3.547
"5397",539.6,25.0321004,-154.126273684211,3.547
"5398",539.7,25.0420735643564,-154.224157407407,3.54687962962963
"5399",539.8,25.0330697,-154.125010869565,3.54616304347826
"5400",539.9,25.020787,-154.176482142857,3.54888392857143
"5401",540,25.0010281818182,-154.303229885057,3.548
"5402",540.1,25.0233723762376,-154.39195049505,3.54786138613861
"5403",540.2,25.0155509090909,-154.27625,3.547
"5404",540.3,25.0104864,-154.2266,3.547
"5405",540.4,24.9804,-154.330551724138,3.547
"5406",540.5,24.9811347,-154.327103448276,3.547
"5407",540.6,25.0045285,-154.089315789474,3.54709473684211
"5408",540.7,24.9943603030303,-154.126683168317,3.54772277227723
"5409",540.8,25.041986,-154.16502020202,3.54626262626263
"5410",540.9,25.0178184,-154.178963302752,3.54774311926605
"5411",541,25.0273244,-154.143979381443,3.546
"5412",541.1,25.0201864,-154.253234042553,3.54608510638298
"5413",541.2,25.019094,-154.22442,3.547
"5414",541.3,25.015526969697,-154.09245045045,3.547
"5415",541.4,24.9563485,-154.0596,3.54703333333333
"5416",541.5,24.9451425,-154.200247524752,3.54787128712871
"5417",541.6,24.9784693069307,-154.07364,3.54676
"5418",541.7,24.9800632000001,-154.20292,3.54524
"5419",541.8,24.918354,-154.026818181818,3.54712121212121
"5420",541.9,24.9443136,-153.940162162162,3.54788288288288
"5421",542,24.9367412,-154.061707865169,3.547
"5422",542.1,24.9252567326733,-154.04224,3.547
"5423",542.2,24.915013,-154.003815533981,3.547
"5424",542.3,24.9551365,-154.052443298969,3.547
"5425",542.4,24.9630016,-154.070537037037,3.547
"5426",542.5,24.9501345454546,-154.113572815534,3.54709708737864
"5427",542.6,24.9820012,-154.160471910112,3.54897752808989
"5428",542.7,24.9880484000001,-154.010151515152,3.54813131313131
"5429",542.8,24.9247944,-154.02792,3.54872
"5430",542.9,24.9174656,-154.0262,3.547
"5431",543,24.9358226262626,-154.123221052632,3.547
"5432",543.1,24.9589689108911,-153.9806,3.547
"5433",543.2,24.9719808080808,-153.975962264151,3.547
"5434",543.3,24.9364435643564,-154.006425531915,3.547
"5435",543.4,24.9657992,-154.04803960396,3.547
"5436",543.5,24.9819432,-154.01581,3.547
"5437",543.6,24.9787891089109,-154.05047,3.547
"5438",543.7,24.9946472727272,-154.05621,3.547
"5439",543.8,25.0290538613861,-153.99232,3.547
"5440",543.9,25.0195872727273,-154.04475,3.547
"5441",544,25.016002,-154.032191919192,3.547
"5442",544.1,25.0081688,-154.094247524752,3.547
"5443",544.2,24.9915234343434,-154.09615,3.547
"5444",544.3,24.9864270588235,-154.0414,3.547
"5445",544.4,25.0240133333333,-153.938838383838,3.547
"5446",544.5,25.0184948,-153.95464,3.54714
"5447",544.6,25.0293616,-153.96706,3.548
"5448",544.7,25.0275834343434,-153.897821782178,3.54786138613861
"5449",544.8,25.0116122772277,-153.866321100917,3.547
"5450",544.9,24.9850181818182,-154.0078,3.54704444444444
"5451",545,24.961268,-153.97948,3.54786
"5452",545.1,25.007608,-153.97688,3.547
"5453",545.2,25.0162573737374,-154.0504,3.547
"5454",545.3,25.0356598019802,-154.01936,3.547
"5455",545.4,25.019041010101,-154.02376,3.54714
"5456",545.5,25.0147215841584,-153.940828282828,3.54785858585859
"5457",545.6,24.9923295,-154.034330275229,3.5471376146789
"5458",545.7,25.023014,-153.974395604396,3.54793406593407
"5459",545.8,25.0104702970297,-153.906590909091,3.54686363636364
"5460",545.9,25.0090082828283,-153.984696969697,3.5460505050505
"5461",546,25.0092161386139,-154.071484848485,3.547
"5462",546.1,24.9828024,-154.0495,3.547
"5463",546.2,24.9995808,-154.064901785714,3.547
"5464",546.3,24.9806544,-154.019366071429,3.547
"5465",546.4,24.9853539393939,-154.009080808081,3.54685858585859
"5466",546.5,24.951764950495,-154.109910891089,3.54614851485149
"5467",546.6,24.9485242424242,-153.979383838384,3.54714141414141
"5468",546.7,24.9617235,-153.9489,3.5477
"5469",546.8,24.9846595,-154.0875,3.546
"5470",546.9,24.9786741414141,-153.979079207921,3.54614851485149
"5471",547,24.9777330693069,-153.992272727273,3.547
"5472",547.1,24.9879617171717,-154.018861386139,3.547
"5473",547.2,24.9790284158416,-154.115224299065,3.547
"5474",547.3,24.965271,-154.037677419355,3.547
"5475",547.4,24.9698815,-154.04782,3.54686
"5476",547.5,24.9858259405941,-154.041181818182,3.54642424242424
"5477",547.6,25.0047391919192,-153.9474,3.5487
"5478",547.7,25.0422214851485,-154.01475,3.547
"5479",547.8,25.0675922222222,-153.9547,3.54685
"5480",547.9,25.03087,-154.03975,3.54615
"5481",548,25.026787,-153.8744,3.547
"5482",548.1,25.0208965,-153.967059405941,3.547
"5483",548.2,25.0118147524752,-153.942191919192,3.547
"5484",548.3,25.0246815151515,-153.998384615385,3.54712820512821
"5485",548.4,25.0242835,-154.000948717949,3.54798290598291
"5486",548.5,25.0550325,-154.0273,3.5477
"5487",548.6,25.025688,-153.93545,3.5463
"5488",548.7,25.0516095,-153.886134615385,3.54785576923077
"5489",548.8,25.0441954545455,-153.887690721649,3.54711340206186
"5490",548.9,25.0668286,-153.92545631068,3.5478640776699
"5491",549,25.0806584,-153.830845360825,3.547
"5492",549.1,25.0293882,-153.807919191919,3.547
"5493",549.2,25.0536564,-153.77385,3.547
"5494",549.3,25.0164893939394,-153.805,3.54685
"5495",549.4,25.0447025742574,-153.886435643564,3.546
"5496",549.5,25.0296564,-153.851740740741,3.54638888888889
"5497",549.6,25.0533534,-153.7564375,3.548875
"5498",549.7,25.0678268316832,-153.7814375,3.547
"5499",549.8,25.0012185858586,-153.92978,3.547
"5500",549.9,25.0048076470588,-153.89066,3.547
"5501",550,24.9838491919192,-154.008424242424,3.547
"5502",550.1,24.9700375,-153.8515,3.547
"5503",550.2,24.978704,-153.9497,3.547
"5504",550.3,24.9773726262626,-154.148871794872,3.547
"5505",550.4,24.9610228712871,-154.014683760684,3.547
"5506",550.5,24.9511226262626,-153.98826,3.54628
"5507",550.6,24.9458532,-153.98914,3.54786
"5508",550.7,24.9502626,-153.940623762376,3.54713861386139
"5509",550.8,24.9866194,-153.90893,3.54787
"5510",550.9,24.987337,-153.933111111111,3.547
"5511",551,25.00643,-153.785801980198,3.547
"5512",551.1,25.0104928431372,-154.04071,3.547
"5513",551.2,24.9937377777778,-153.945616161616,3.54713131313131
"5514",551.3,24.9859882,-154.08802,3.54772
"5515",551.4,24.9748165346535,-154.109752475248,3.546
"5516",551.5,24.984245,-154.005217821782,3.54625742574257
"5517",551.6,24.981664,-153.915606060606,3.54775757575758
"5518",551.7,24.9972651515152,-153.767315315315,3.54623423423423
"5519",551.8,25.0233878217822,-153.930659793814,3.5479793814433
"5520",551.9,24.9993795959596,-154.046347826087,3.547
"5521",552,24.9721496,-153.86205050505,3.547
"5522",552.1,24.9857021782178,-153.86788,3.547
"5523",552.2,25.0026505,-153.865033898305,3.5468813559322
"5524",552.3,24.9682943564356,-153.893847457627,3.54603389830508
"5525",552.4,24.955372020202,-153.87498,3.54814
"5526",552.5,24.9838295,-153.818008695652,3.54875652173913
"5527",552.6,24.981285,-153.982356521739,3.54701739130435
"5528",552.7,24.9643025,-153.792396226415,3.5461320754717
"5529",552.8,24.94091,-153.8758,3.547
"5530",552.9,24.9681761616162,-153.780393939394,3.547
"5531",553,24.9629402,-153.957217821782,3.547
"5532",553.1,24.963823,-153.94695,3.547
"5533",553.2,24.9523094,-153.790595959596,3.547
"5534",553.3,24.9420512,-153.812504273504,3.54676068376068
"5535",553.4,24.9652287878788,-153.751820512821,3.54505128205128
"5536",553.5,24.9604549504951,-153.816807692308,3.54711538461539
"5537",553.6,24.9671312,-153.693421052632,3.54791578947368
"5538",553.7,24.9620934,-153.79579,3.547
"5539",553.8,24.9428255445545,-153.85591,3.547
"5540",553.9,24.9603860606061,-153.79112,3.547
"5541",554,24.9792667326733,-153.88184,3.547
"5542",554.1,24.9792298989899,-153.776509259259,3.547
"5543",554.2,24.988848,-153.849186813187,3.547
"5544",554.3,24.9964352,-153.90372,3.547
"5545",554.4,25.0143042424242,-153.910155339806,3.547
"5546",554.5,25.0023981372549,-153.959226086957,3.547
"5547",554.6,25.019875959596,-153.934008695652,3.547
"5548",554.7,25.0010922,-153.760355555555,3.547
"5549",554.8,24.9872298,-153.91844,3.547
"5550",554.9,24.9782426,-153.795841584158,3.547
"5551",555,24.9792014,-153.8544,3.547
"5552",555.1,24.970102,-153.8396,3.547
"5553",555.2,24.9872836,-153.848888888889,3.54711111111111
"5554",555.3,24.994297,-153.786495726496,3.54796581196581
"5555",555.4,24.9734842,-153.8959,3.54626
"5556",555.5,25.014475,-153.67348,3.54774
"5557",555.6,24.985948,-153.77091,3.546
"5558",555.7,24.9937462,-153.84489,3.54613
"5559",555.8,25.0219321212121,-153.74989,3.547
"5560",555.9,25.0010204,-153.94569,3.547
"5561",556,24.9749275247525,-153.77546,3.547
"5562",556.1,25.0143244,-153.723175438596,3.54711403508772
"5563",556.2,25.0020041584158,-153.709140350877,3.54799122807017
"5564",556.3,25.017492,-153.786923809524,3.54724761904762
"5565",556.4,24.9866433333333,-153.661021052632,3.54883157894737
"5566",556.5,25.0040882,-153.67819,3.54674
"5567",556.6,24.975977,-153.65861,3.54526
"5568",556.7,25.0205578,-153.744542372881,3.547
"5569",556.8,24.9988676,-153.756406779661,3.547
"5570",556.9,25.0099975757576,-153.900208333333,3.547
"5571",557,25.0042656,-153.812431372549,3.547
"5572",557.1,25.0429603,-153.792571428571,3.547
"5573",557.2,24.9775282,-153.808392156863,3.54727450980392
"5574",557.3,25.0061625,-153.780489795918,3.54875510204082
"5575",557.4,25.0010269,-153.69124137931,3.547
"5576",557.5,25.0090267,-153.642965517241,3.547
"5577",557.6,24.9955969,-153.817049019608,3.54525490196079
"5578",557.7,24.9932492079208,-153.789326530612,3.547
"5579",557.8,25.0052132,-153.78192,3.547
"5580",557.9,25.0359192,-153.778297029703,3.547
"5581",558,25.0499232,-153.841333333333,3.547
"5582",558.1,25.0500663636364,-153.761353535353,3.547
"5583",558.2,25.0348628,-153.57608,3.54686
"5584",558.3,25.040747,-153.70846,3.54614
"5585",558.4,25.0583466336634,-153.62406,3.54686
"5586",558.5,25.0801064,-153.66778,3.54614
"5587",558.6,25.0628990909091,-153.548765765766,3.547
"5588",558.7,25.043637,-153.750382022472,3.547
"5589",558.8,25.0297271,-153.626220183486,3.547
"5590",558.9,25.03851,-153.677494505494,3.547
"5591",559,25.0033676,-153.60672,3.547
"5592",559.1,25.0445024242424,-153.6396,3.54714
"5593",559.2,25.0612611881188,-153.595623762376,3.54758415841584
"5594",559.3,25.0337612121212,-153.65262,3.54526
"5595",559.4,25.0095624,-153.697445378151,3.54710924369748
"5596",559.5,25.0259436,-153.547025210084,3.54794957983193
"5597",559.6,25.0434556,-153.565785714286,3.54522448979592
"5598",559.7,25.0297465346535,-153.48747,3.547
"5599",559.8,25.0406305050505,-153.5053,3.547
"5600",559.9,25.0408207920792,-153.513351648352,3.547
"5601",560,25.060212,-153.487040816327,3.547
"5602",560.1,25.0441878217822,-153.64752,3.54686
"5603",560.2,25.0220176,-153.64214,3.54614
"5604",560.3,25.0295857575758,-153.515247524753,3.54713861386139
"5605",560.4,24.9824372277228,-153.525757575758,3.54786868686869
"5606",560.5,25.0172436363636,-153.55842,3.547
"5607",560.6,25.0291341,-153.62152,3.547
"5608",560.7,24.982656,-153.46901980198,3.547
"5609",560.8,25.0136024242424,-153.522101010101,3.547
"5610",560.9,25.0297453465346,-153.691912280702,3.547
"5612",561.1,25.0127188,-153.61462,3.546
"5613",561.2,25.0560756,-153.588772277228,3.54627722772277
"5614",561.3,25.042398,-153.52706,3.548
"5615",561.4,25.0335054455445,-153.580016806723,3.54767226890756
"5616",561.5,25.0147394949495,-153.572453781513,3.5451512605042
"5617",561.6,25.0171654455446,-153.612349514563,3.547
"5618",561.7,25.0269525,-153.607298969072,3.547
"5619",561.8,25.0269726,-153.69908,3.547
"5620",561.9,25.0544415,-153.548653465347,3.547
"5621",562,25.0450390909091,-153.612909090909,3.54712121212121
"5622",562.1,25.024106,-153.58797,3.54787
"5623",562.2,25.0043028,-153.48687,3.547
"5624",562.3,25.0232621782178,-153.57521,3.54674
"5625",562.4,25.028005,-153.594601769911,3.54534513274336
"5627",562.6,25.0586199009901,-153.526565217391,3.547
"5628",562.7,25.0808749494949,-153.4263,3.547
"5629",562.8,25.0823848,-153.50098,3.547
"5630",562.9,25.0542624,-153.712712871287,3.547
"5631",563,25.0298684848485,-153.65292,3.547
"5632",563.1,25.0670164356436,-153.644383838384,3.54686868686869
"5633",563.2,25.0529953535353,-153.6639,3.54614
"5634",563.3,25.0794973267327,-153.5699,3.54672
"5635",563.4,25.052006969697,-153.6049,3.54528
"5636",563.5,25.0623443,-153.628355932203,3.547
"5637",563.6,25.0499149504951,-153.580898305085,3.547
"5638",563.7,25.0917582828283,-153.62372,3.547
"5639",563.8,25.0321591176471,-153.49706,3.547
"5640",563.9,25.0451339393939,-153.531425742574,3.547
"5641",564,25.0717407920792,-153.58935,3.54674
"5642",564.1,25.0561664,-153.580404040404,3.54513131313131
"5643",564.2,25.0706220792079,-153.54196039604,3.54627722772277
"5644",564.3,25.0597476237624,-153.504474747475,3.54786868686869
"5645",564.4,25.0820448484848,-153.601625,3.547
"5646",564.5,25.1062198,-153.698943820225,3.547
"5647",564.6,25.064639,-153.46796969697,3.547
"5648",564.7,25.1014987878788,-153.41768,3.547
"5649",564.8,25.117465050505,-153.548788461538,3.547
"5650",564.9,25.1259927272727,-153.512979166667,3.547
"5651",565,25.1524118811881,-153.63828,3.54714
"5652",565.1,25.170778989899,-153.50372,3.54786
"5653",565.2,25.1500552,-153.4681,3.547
"5654",565.3,25.1014351485149,-153.52666,3.54672
"5655",565.4,25.1234312121212,-153.54202,3.54528
"5656",565.5,25.1295794117647,-153.53152,3.547
"5657",565.6,25.1150084848485,-153.48496,3.547
"5658",565.7,25.1402,-153.39198019802,3.547
"5659",565.8,25.1306944,-153.532447368421,3.547
"5660",565.9,25.1141996969697,-153.466657894737,3.547
"5661",566,25.1444403960396,-153.491903846154,3.54780769230769
"5662",566.1,25.1205458585859,-153.265412844037,3.54605504587156
"5663",566.2,25.1537035643564,-153.422293577982,3.54697247706422
"5664",566.3,25.1414944,-153.426030612245,3.54422448979592
"5665",566.4,25.0955247474747,-153.43791,3.54613
"5666",566.5,25.0967432673267,-153.378272727273,3.547
"5667",566.6,25.1536958585859,-153.51452,3.547
"5668",566.7,25.177689009901,-153.47888,3.547
"5669",566.8,25.186383939394,-153.43642,3.54714
"5670",566.9,25.1758112,-153.474442477876,3.54775221238938
"5671",567,25.182622,-153.421909090909,3.54601136363636
"5672",567.1,25.1624709090909,-153.475875,3.546875
"5673",567.2,25.1640493069307,-153.31667368421,3.5459052631579
"5674",567.3,25.1721790909091,-153.48524,3.54528
"5675",567.4,25.154766039604,-153.52184,3.547
"5676",567.5,25.1438872,-153.401294117647,3.547
"5677",567.6,25.1629143,-153.427020408163,3.547
"5678",567.7,25.1621027722772,-153.453712871287,3.547
"5679",567.8,25.1694434343434,-153.393373737374,3.547
"5680",567.9,25.1625195049505,-153.382237623762,3.54686138613861
"5681",568,25.1438276,-153.41164,3.54626
"5682",568.1,25.1376656,-153.360274336283,3.548
"5684",568.3,25.15867,-153.258404040404,3.5479494949495
"5685",568.4,25.1406252475248,-153.271744680851,3.547
"5686",568.5,25.1325003030303,-153.34904,3.547
"5687",568.6,25.120775,-153.295939393939,3.547
"5688",568.7,25.0500519,-153.309931372549,3.547
"5689",568.8,25.0526436363636,-153.476222222222,3.54688888888889
"5690",568.9,25.008383960396,-153.240534653465,3.54588118811881
"5691",569,25.0272809090909,-153.364453703704,3.54530555555556
"5692",569.1,25.054883,-153.246239130435,3.54790217391304
"5693",569.2,25.0747279207921,-153.288777777778,3.54511111111111
"5694",569.3,25.0264154545455,-153.3314,3.54612
"5695",569.4,25.0274935294118,-153.303909090909,3.547
"5696",569.5,25.0484057575757,-153.295663793103,3.547
"5697",569.6,25.0096924,-153.293077586207,3.547
"5698",569.7,24.9879578,-153.306445544555,3.54687128712871
"5699",569.8,24.9795295,-153.236454545455,3.54612121212121
"5700",569.9,25.0118528,-153.24908,3.547
"5701",570,25.0296227272727,-153.263764705882,3.547
"5702",570.1,25.0214797029703,-153.269647058824,3.547
"5703",570.2,24.9816306,-153.22115,3.547
"5704",570.3,24.9996917,-153.113641509434,3.547
"5705",570.4,25.0072247,-153.253176470588,3.547
"5706",570.5,25.0319990909091,-153.331892473118,3.547
"5707",570.6,24.9922395049505,-153.244464285714,3.547
"5709",570.8,24.992775,-153.263333333333,3.547
"5710",570.9,25.035485,-153.255366336634,3.54687128712871
"5711",571,25.064693,-153.140591304348,3.546
"5712",571.1,25.059648,-153.178852173913,3.546
"5713",571.2,25.0161838383838,-153.334831683168,3.547
"5714",571.3,25.036305049505,-153.176666666667,3.547
"5715",571.4,25.042032,-153.16198019802,3.547
"5716",571.5,25.042152,-153.132484848485,3.547
"5717",571.6,25.0340153465347,-153.165254901961,3.547
"5718",571.7,25.0420239,-153.186777777778,3.547
"5719",571.8,25.0612293069307,-153.330807692308,3.547
"5720",571.9,25.0561947474747,-153.210041237113,3.5469175257732
"5721",572,25.0616793,-153.074111111111,3.546
"5722",572.1,25.0475033,-153.06732,3.54624
"5723",572.2,25.0336645,-153.17152,3.54788
"5724",572.3,25.0195577,-153.07192,3.547
"5725",572.4,25.0227509090909,-153.20724,3.547
"5726",572.5,25.014088,-153.423,3.547
"5727",572.6,25.018999,-153.2252,3.547
"5728",572.7,25.01649,-153.256653465347,3.54687128712871
"5729",572.8,25.056817,-153.248545454545,3.54587878787879
"5730",572.9,25.081197979798,-153.336495049505,3.54512871287129
"5731",573,25.0665087128713,-153.21104,3.54612
"5732",573.1,25.065757,-153.169081081081,3.547
"5733",573.2,25.089104,-153.244034090909,3.547
"5734",573.3,25.076490990099,-153.21892,3.547
"5735",573.4,25.0957514,-153.03763,3.547
"5736",573.5,25.0906854,-153.09838,3.547
"5737",573.6,25.1132349,-153.194309734513,3.547
"5739",573.8,25.061066,-153.05305,3.54626
"5740",573.9,25.04396,-153.111705882353,3.54787254901961
"5741",574,25.0856076237624,-153.022,3.54677777777778
"5742",574.1,25.0663618,-153.13852,3.54524
"5743",574.2,25.0881027272727,-153.11504,3.547
"5744",574.3,25.0766923762376,-153.129405940594,3.547
"5745",574.4,25.06562,-153.120444444444,3.547
"5746",574.5,25.060579,-153.099413793104,3.547
"5747",574.6,25.076199,-153.227862068966,3.547
"5748",574.7,25.0448939393939,-153.136851485149,3.54651485148515
"5749",574.8,25.0686342574257,-153.097401869159,3.54966355140187
"5750",574.9,25.0435327272727,-153.055784946237,3.54694623655914
"5751",575,25.0317211,-152.96376,3.54624
"5752",575.1,25.0298413,-152.98948,3.54788
"5753",575.2,25.0144478,-153.193444444444,3.547
"5754",575.3,25.0147140594059,-153.208565217391,3.547
"5755",575.4,25.0233371717172,-153.08184,3.547
"5756",575.5,25.0155168316832,-152.88324,3.547
"5757",575.6,25.021227,-152.987606060606,3.54687878787879
"5758",575.7,25.0042472277228,-152.95038,3.54626
"5759",575.8,25.0051784,-153.05155,3.54774
"5760",575.9,25.0284854545455,-153.00475,3.54611206896552
"5761",576,25.0514499009901,-153.07975,3.54697413793104
"5762",576.1,25.0200490909091,-153.106079207921,3.54787128712871
"5763",576.2,24.981279,-153.05616,3.547
"5764",576.3,25.008617,-152.986181818182,3.547
"5765",576.4,25.0010292929293,-153.0046,3.547
"5766",576.5,25.0066942574257,-153.030623762376,3.54687128712871
"5767",576.6,25.0050371717172,-153.067376237624,3.54623762376238
"5768",576.7,24.9891124,-152.913738738739,3.5479009009009
"5770",576.9,25.0102258,-152.97261,3.547
"5771",577,24.9993945544555,-153.15141,3.547
"5772",577.1,24.9604803030303,-153.17396,3.547
"5773",577.2,24.9395218811881,-153.018742574257,3.547
"5774",577.3,24.976338,-153.193363636364,3.547
"5775",577.4,24.970403,-153.190654205607,3.547
"5776",577.5,24.972373,-153.15064516129,3.54693548387097
"5777",577.6,24.9741661616162,-153.140525862069,3.54611206896552
"5778",577.7,24.9193106930693,-153.213801724138,3.54697413793103
"5779",577.8,24.9632284848485,-153.06468,3.54876
"5780",577.9,24.9510782178218,-152.949427184466,3.547
"5781",578,24.948902,-152.9845,3.547
"5782",578.1,25.0044503030303,-152.979565656566,3.547
"5783",578.2,25.0083261386139,-152.85534,3.547
"5784",578.3,24.9946501010101,-152.88046,3.54686
"5785",578.4,25.0015010891089,-152.87688,3.546
"5786",578.5,25.0214837373737,-152.92432173913,3.546
"5787",578.6,25.0253486,-153.005191304348,3.546
"5788",578.7,24.9774278,-152.98697,3.54526
"5789",578.8,24.9659388888889,-152.959212121212,3.54713131313131
"5790",578.9,24.997110990099,-152.932792079208,3.54772277227723
"5791",579,25.0154544444444,-152.82219,3.54613
"5792",579.1,25.0488424,-152.95893,3.547
"5793",579.2,25.0423275247525,-152.96686,3.547
"5794",579.3,25.02229,-153.226480392157,3.547
"5795",579.4,25.006784117647,-153.09093877551,3.547
"5796",579.5,25.0419718181818,-153.11232,3.54726
"5797",579.6,25.0120576237624,-152.98200862069,3.54877586206897
"5798",579.7,25.050236,-152.889767241379,3.54705172413793
"5799",579.8,25.0265971717172,-152.93619,3.54711
"5800",579.9,25.0099624752475,-152.788714285714,3.54788775510204
"5801",580,25.0321160606061,-152.839,3.547
"5802",580.1,25.0262536633663,-152.916714285714,3.547
"5803",580.2,25.030194,-152.8493,3.547
"5804",580.3,25.041418,-152.9083,3.54686
"5805",580.4,25.031931,-153.02727826087,3.54612173913043
"5806",580.5,25.0389934343434,-152.986408695652,3.54699130434783
"5807",580.6,25.0389822772277,-152.909516483516,3.547
"5808",580.7,25.044522244898,-152.885177570093,3.5471308411215
"5809",580.8,25.054284,-152.888680851064,3.54807446808511
"5810",580.9,25.0311897029703,-152.82473,3.54874
"5811",581,25.0523888888889,-152.7807,3.547
"5812",581.1,25.04854,-152.972393939394,3.547
"5813",581.2,25.0467884848485,-153.112762376238,3.547
"5814",581.3,25.078209,-152.9052,3.547
"5815",581.4,25.0274361,-152.9608,3.547
"5816",581.5,25.037705,-153.098652631579,3.547
"5817",581.6,25.0568227,-152.98712,3.547
"5818",581.7,25.0347677777778,-152.927616071429,3.54711607142857
"5819",581.8,25.0326038613861,-152.976838709677,3.548
"5820",581.9,25.0353385,-152.879787234043,3.54791489361702
"5821",582,25.0375455,-152.984306930693,3.547
"5822",582.1,25.0388661,-152.977168316832,3.547
"5823",582.2,25.0372281,-152.957510204082,3.547
"5824",582.3,25.0037644,-152.95064957265,3.547
"5825",582.4,25.0473322222222,-152.926717948718,3.547
"5826",582.5,25.0639684,-153.061043010753,3.547
"5827",582.6,25.0328688,-153.053333333333,3.54713725490196
"5828",582.7,25.0229248,-153.1432,3.54777142857143
"5829",582.8,25.0105144,-153.040913978495,3.54615053763441
"5830",582.9,25.0525072727273,-152.999118811881,3.54786138613861
"5831",583,25.0571825742574,-152.97422,3.547
"5832",583.1,25.0383492,-152.97732,3.547
"5833",583.2,25.0149776,-153.01727,3.547
"5834",583.3,25.0042085148515,-152.91148,3.547
"5835",583.4,25.0015204,-152.93088,3.54739
"5836",583.5,25.0586869306931,-153.05904,3.54948
"5837",583.6,25.0693678787879,-152.89915,3.546
"5838",583.7,25.0584362,-152.943033898305,3.54622033898305
"5839",583.8,25.0402295,-152.912525423729,3.54791525423729
"5840",583.9,25.075822,-152.92718018018,3.547
"5841",584,25.0639307,-152.8682,3.547
"5842",584.1,25.0526166666667,-152.73524,3.547
"5843",584.2,25.0484888,-152.795875,3.547
"5844",584.3,25.0232736,-152.9158125,3.54709375
"5845",584.4,25.0307776,-152.79605,3.54774
"5846",584.5,25.0460312,-152.789201834862,3.54611926605505
"5847",584.6,25.0521642424242,-152.836186813187,3.54695604395604
"5848",584.7,25.0570555445545,-152.865808080808,3.54626262626262
"5849",584.8,25.0596824,-152.8798,3.54786
"5850",584.9,25.06632,-152.809981818182,3.547
"5851",585,25.0989388,-152.801417582418,3.547
"5852",585.1,25.0357604,-152.78507,3.547
"5853",585.2,25.0009688,-152.89092,3.547
"5854",585.3,25.0409781818182,-152.77544,3.547
"5855",585.4,25.0226496,-152.691784482759,3.54722413793103
"5856",585.5,25.0157753465347,-152.797818965517,3.54894827586207
"5857",585.6,25.0698936,-152.812297029703,3.54687128712871
"5858",585.7,25.07122,-152.71104,3.54624
"5859",585.8,25.0780205050505,-152.75808,3.54788
"5860",585.9,25.0772636,-152.818574257426,3.547
"5861",586,25.0484641,-152.716317073171,3.547
"5862",586.1,25.0652126,-152.691926829268,3.547
"5863",586.2,25.0394288888889,-152.85511235955,3.547
"5864",586.3,25.0904132,-152.827696969697,3.547
"5865",586.4,25.0835039393939,-152.763394495413,3.54711926605505
"5866",586.5,25.1045404,-152.635098901099,3.54791208791209
"5867",586.6,25.0519859,-152.8226,3.546
"5868",586.7,25.0540886,-152.74695049505,3.546
"5869",586.8,25.0465754,-152.7234,3.54612
"5870",586.9,25.0375289,-152.844834862385,3.54688990825688
"5871",587,25.0470822,-152.793824742268,3.54603092783505
"5872",587.1,25.0309764,-152.744425531915,3.547
"5873",587.2,25.0215675247525,-152.600301886792,3.547
"5874",587.3,25.015126,-152.906617021277,3.54674468085107
"5875",587.4,25.0173395049505,-152.779631578947,3.54352631578947
"5876",587.5,25.033859,-152.868228070175,3.54791228070176
"5877",587.6,25.0357455555555,-152.80564,3.547
"5878",587.7,25.0235548,-152.75072,3.547
"5879",587.8,25.0298388,-152.71664,3.547
"5880",587.9,25.046232,-152.91032,3.547
"5881",588,25.022502,-152.883,3.547
"5882",588.1,25.0429045454545,-152.782696969697,3.547
"5883",588.2,25.0413326,-152.84143,3.547
"5884",588.3,25.0366103,-152.777643564356,3.54712871287129
"5885",588.4,25.0320384,-152.86616,3.54776
"5886",588.5,25.0541524,-152.83056,3.54624
"5887",588.6,25.0285301,-152.77528,3.54776
"5888",588.7,25.023344,-152.775641025641,3.54610256410256
"5889",588.8,25.0232694,-152.82264957265,3.54695726495727
"5890",588.9,25.0119949,-152.72853,3.547
"5891",589,25.0102423,-152.71876,3.547
"5892",589.1,25.0155104,-152.7666,3.54687
"5893",589.2,25.0322859,-152.768636363636,3.54611818181818
"5894",589.3,24.9817596969697,-152.65278021978,3.547
"5895",589.4,25.0241705940594,-152.61688,3.54688
"5896",589.5,25.0176265,-152.62272,3.546
"5897",589.6,25.0027936633663,-152.693333333333,3.54612121212121
"5898",589.7,24.9985808,-152.84085,3.547
"5899",589.8,25.0153016,-152.810376237624,3.547
"5900",589.9,25.0155249504951,-152.907683168317,3.547
"5901",590,25.00562,-152.76041,3.547
"5902",590.1,24.974122,-152.778571428571,3.547
"5903",590.2,24.9736196,-152.726267326733,3.547
"5904",590.3,25.0031652,-152.86725,3.54689285714286
"5906",590.5,24.9964745454546,-152.83005940594,3.54588118811881
"5907",590.6,25.0134007920792,-152.61119,3.54522
"5908",590.7,25.0045054545455,-152.647551020408,3.547
"5909",590.8,24.9673298,-152.73126,3.547
"5910",590.9,24.9568762,-152.7434,3.54687
"5911",591,24.9382052525253,-152.802574257426,3.54612871287129
"5912",591.1,24.9499723529412,-152.738964285714,3.54710714285714
"5914",591.3,24.974308019802,-152.717424242424,3.54687878787879
"5915",591.4,24.9935756,-152.652274509804,3.54612745098039
"5916",591.5,24.9872081818182,-152.487,3.547
"5917",591.6,24.997827029703,-152.531880733945,3.547
"5918",591.7,24.9850996969697,-152.640714285714,3.547
"5919",591.8,24.9621922,-152.783752475247,3.547
"5920",591.9,24.9707277,-152.813401785714,3.54690178571429
"5921",592,25.000423030303,-152.762508928571,3.54600892857143
"5922",592.1,24.9745255445545,-152.754444444444,3.54611111111111
"5923",592.2,24.9975995959596,-152.642513513514,3.54716216216216
"5924",592.3,24.9935868,-152.613459459459,3.54851351351351
"5925",592.4,24.9876306,-152.706454545455,3.54875757575758
"5926",592.5,24.9898004,-152.474875,3.547
"5927",592.6,24.9921727722772,-152.604773195876,3.547
"5928",592.7,25.0140451515152,-152.601628571428,3.547
"5929",592.8,25.0053507920792,-152.729765957447,3.547
"5930",592.9,25.0174125252525,-152.549921568627,3.547
"5931",593,25.0097988,-152.687888888889,3.547
"5932",593.1,25.0114416,-152.597178217822,3.54688118811881
"5933",593.2,25.0272313131313,-152.630540816327,3.54588775510204
"5934",593.3,25.0109941176471,-152.539207920792,3.54512871287129
"5935",593.4,25.0047718181818,-152.589178571429,3.54621428571428
"5937",593.6,25.0080999,-152.66336,3.547
"5938",593.7,24.9948782,-152.681357142857,3.547
"5940",593.9,25.0158890909091,-152.526237623762,3.547
"5941",594,25.028810990099,-152.524155339806,3.5468932038835
"5942",594.1,25.0431451515151,-152.493777777778,3.54624242424243
"5943",594.2,25.0080431,-152.507969072165,3.54872164948454
"5944",594.3,25.0098795,-152.444151515152,3.54612121212121
"5945",594.4,24.9832901010101,-152.430539215686,3.54674509803922
"5946",594.5,24.9931382178218,-152.578111111111,3.54522222222222
"5947",594.6,25.0046368686869,-152.565787878788,3.547
"5948",594.7,24.9845202,-152.48596039604,3.547
"5949",594.8,25.0089226,-152.594606060606,3.54687878787879
"5950",594.9,25.0084039393939,-152.599772277228,3.54612871287129
"5951",595,25.0217379411765,-152.58688,3.54688
"5952",595.1,25.0171913131313,-152.46756,3.54588
"5953",595.2,25.0393481188119,-152.567356435644,3.54523762376238
"5954",595.3,25.049825,-152.575444444444,3.547
"5955",595.4,25.0541949,-152.60256,3.54688
"5956",595.5,25.0368243,-152.48512,3.54612
"5957",595.6,25.0558380808081,-152.520545454545,3.547
"5958",595.7,25.0479698039216,-152.622142857143,3.547
"5959",595.8,25.0115266666666,-152.579021505376,3.547
"5960",595.9,25.0367713,-152.549222222222,3.547
"5961",596,25.0213155445545,-152.658128712871,3.54711881188119
"5962",596.1,25.0164833333333,-152.631555555556,3.548
"5963",596.2,25.018655940594,-152.673544554456,3.548
"5964",596.3,25.040866969697,-152.41822,3.54756
"5965",596.4,25.0030498,-152.425,3.54433333333333
"5966",596.5,25.0258862,-152.476762376238,3.547
"5967",596.6,25.049794040404,-152.564111111111,3.547
"5968",596.7,24.9863466,-152.56812,3.547
"5969",596.8,24.9981305050505,-152.586757575758,3.547
"5970",596.9,25.017721,-152.563137254902,3.54687254901961
"5971",597,25.013089,-152.5977,3.54589
"5972",597.1,25.035172,-152.476222222222,3.54522222222222
"5973",597.2,25.0560971287129,-152.444060606061,3.54675757575758
"5974",597.3,25.0244417171717,-152.5616,3.54513
"5975",597.4,25.0334714705882,-152.650168316832,3.54612871287129
"5976",597.5,25.0568883838384,-152.538008849558,3.547
"5977",597.6,25.0468672,-152.496415929204,3.547
"5978",597.7,25.0039571287129,-152.467710280374,3.547
"5979",597.8,25.0258401,-152.416451612903,3.547
"5980",597.9,25.0256618,-152.530770642202,3.547
"5981",598,25.0343127272727,-152.538469387755,3.5469387755102
"5982",598.1,25.049235049505,-152.572849462366,3.54516129032258
"5983",598.2,25.030035959596,-152.3794,3.54789090909091
"5984",598.3,25.0187512,-152.543835051546,3.5469793814433
"5985",598.4,25.0202202,-152.449446601942,3.54604854368932
"5986",598.5,25.0504665656566,-152.607637362637,3.547
"5987",598.6,25.0803372277227,-152.298813084112,3.547
"5988",598.7,25.0505525252525,-152.469580645161,3.54695698924731
"5989",598.8,25.0557665,-152.58938,3.546
"5990",598.9,25.0552892079208,-152.375614678899,3.546
"5991",599,25.0255066,-152.390044444444,3.54602222222222
"5992",599.1,25.019035049505,-152.401461538462,3.547
"5993",599.2,25.0620647474747,-152.467666666667,3.54691666666667
"5994",599.3,25.0641554,-152.395411764706,3.54611764705882
"5995",599.4,25.0154404,-152.354545454546,3.547
"5996",599.5,24.9966294,-152.14,3.547
"5997",599.6,25.0207534,-152.23453125,3.547
"5998",599.7,25.0287886868687,-152.3144,3.546
"5999",599.8,25.0135313861386,-152.39424,3.546
"6000",599.9,24.9914904,-152.513623762376,3.54611881188119
"6001",600,25.0310452,-152.417466019417,3.5471067961165
"6002",600.1,25.0236812,-152.485453608247,3.54783505154639
"6003",600.2,25.0056704040404,-152.282444444444,3.54588888888889
"6004",600.3,24.9993215841584,-152.37424,3.54524
"6005",600.4,24.9917737373737,-152.220198019802,3.547
"6006",600.5,24.9863225,-152.37803,3.54689
"6007",600.6,25.0157905,-152.434111111111,3.54611111111111
"6008",600.7,25.0150045,-152.361099009901,3.54688118811881
